axis_name,axis_value,stage,baseline_ari,dataset_iteration,true_k,metric_name,k,metric_value,is_optimal,is_correct,metric_ari
n_total,1000,start,0.8782283147760306,0,5,accuracy_generalizability,3,0.8683757470631567,True,False,0.6201439357578185
n_total,1000,start,0.8782283147760306,0,5,accuracy_generalizability,4,0.8460699403485391,False,False,0.7790217259681161
n_total,1000,start,0.8782283147760306,0,5,accuracy_generalizability,5,0.7523349095636716,False,True,0.7848986545223469
n_total,1000,start,0.8782283147760306,0,5,accuracy_generalizability,6,0.6451452099361787,False,False,0.8184622268863674
n_total,1000,start,0.8782283147760306,0,5,accuracy_generalizability,7,0.5768065915555853,False,False,0.8220281731539779
n_total,1000,start,0.8782283147760306,0,5,ari_generalizability,3,0.6520230572536515,False,False,0.6201439357578185
n_total,1000,start,0.8782283147760306,0,5,ari_generalizability,4,0.6698831541631823,True,False,0.7790217259681161
n_total,1000,start,0.8782283147760306,0,5,ari_generalizability,5,0.5814486977109559,False,True,0.7848986545223469
n_total,1000,start,0.8782283147760306,0,5,ari_generalizability,6,0.4666689802649245,False,False,0.8184622268863674
n_total,1000,start,0.8782283147760306,0,5,ari_generalizability,7,0.39262258665906996,False,False,0.8220281731539779
n_total,1000,start,0.8782283147760306,0,5,ari_generalizability_1se,3,0.6520230572536515,False,False,0.6201439357578185
n_total,1000,start,0.8782283147760306,0,5,ari_generalizability_1se,4,0.6698831541631823,True,False,0.7790217259681161
n_total,1000,start,0.8782283147760306,0,5,ari_generalizability_1se,5,0.5814486977109559,False,True,0.7848986545223469
n_total,1000,start,0.8782283147760306,0,5,ari_generalizability_1se,6,0.4666689802649245,False,False,0.8184622268863674
n_total,1000,start,0.8782283147760306,0,5,ari_generalizability_1se,7,0.39262258665906996,False,False,0.8220281731539779
n_total,1000,start,0.8782283147760306,0,5,ari_generalizability_quant,3,0.6520230572536515,False,False,0.6201439357578185
n_total,1000,start,0.8782283147760306,0,5,ari_generalizability_quant,4,0.6698831541631823,False,False,0.7790217259681161
n_total,1000,start,0.8782283147760306,0,5,ari_generalizability_quant,5,0.5814486977109559,True,True,0.7848986545223469
n_total,1000,start,0.8782283147760306,0,5,ari_generalizability_quant,6,0.4666689802649245,False,False,0.8184622268863674
n_total,1000,start,0.8782283147760306,0,5,ari_generalizability_quant,7,0.39262258665906996,False,False,0.8220281731539779
n_total,1000,start,0.8782283147760306,0,5,ari_stability,3,0.8750958974400902,False,False,0.6738771005959252
n_total,1000,start,0.8782283147760306,0,5,ari_stability,4,0.8876210182220968,True,False,0.8112759125407427
n_total,1000,start,0.8782283147760306,0,5,ari_stability,5,0.8453307595706703,False,True,0.8698666790428738
n_total,1000,start,0.8782283147760306,0,5,ari_stability,6,0.6842131769033329,False,False,0.8840581500136432
n_total,1000,start,0.8782283147760306,0,5,ari_stability,7,0.5588067066961757,False,False,0.881957846692858
n_total,1000,start,0.8782283147760306,0,5,ari_stability_1se,3,0.8750958974400902,False,False,0.6738771005959252
n_total,1000,start,0.8782283147760306,0,5,ari_stability_1se,4,0.8876210182220968,True,False,0.8112759125407427
n_total,1000,start,0.8782283147760306,0,5,ari_stability_1se,5,0.8453307595706703,False,True,0.8698666790428738
n_total,1000,start,0.8782283147760306,0,5,ari_stability_1se,6,0.6842131769033329,False,False,0.8840581500136432
n_total,1000,start,0.8782283147760306,0,5,ari_stability_1se,7,0.5588067066961757,False,False,0.881957846692858
n_total,1000,start,0.8782283147760306,0,5,ari_stability_quant,3,0.8750958974400902,False,False,0.6738771005959252
n_total,1000,start,0.8782283147760306,0,5,ari_stability_quant,4,0.8876210182220968,False,False,0.8112759125407427
n_total,1000,start,0.8782283147760306,0,5,ari_stability_quant,5,0.8453307595706703,True,True,0.8698666790428738
n_total,1000,start,0.8782283147760306,0,5,ari_stability_quant,6,0.6842131769033329,False,False,0.8840581500136432
n_total,1000,start,0.8782283147760306,0,5,ari_stability_quant,7,0.5588067066961757,False,False,0.881957846692858
n_total,1000,start,0.8782283147760306,0,5,consensus_ce_stability,3,0.8736583736607247,False,False,0.6738771005959252
n_total,1000,start,0.8782283147760306,0,5,consensus_ce_stability,4,0.9012336600304782,True,False,0.8112759125407427
n_total,1000,start,0.8782283147760306,0,5,consensus_ce_stability,5,0.8731974457170455,False,True,0.8698666790428738
n_total,1000,start,0.8782283147760306,0,5,consensus_ce_stability,6,0.8023161966378546,False,False,0.8840581500136432
n_total,1000,start,0.8782283147760306,0,5,consensus_ce_stability,7,0.758297411542463,False,False,0.881957846692858
n_total,1000,start,0.8782283147760306,0,5,consensus_gini_stability,3,0.8895490233599406,False,False,0.6738771005959252
n_total,1000,start,0.8782283147760306,0,5,consensus_gini_stability,4,0.9158887443462792,True,False,0.8112759125407427
n_total,1000,start,0.8782283147760306,0,5,consensus_gini_stability,5,0.8954997782339054,False,True,0.8698666790428738
n_total,1000,start,0.8782283147760306,0,5,consensus_gini_stability,6,0.8253554622898721,False,False,0.8840581500136432
n_total,1000,start,0.8782283147760306,0,5,consensus_gini_stability,7,0.7819139235536106,False,False,0.881957846692858
n_total,1000,start,0.8782283147760306,0,5,consensus_pac_stability,3,0.8259079079079079,False,False,0.6738771005959252
n_total,1000,start,0.8782283147760306,0,5,consensus_pac_stability,4,0.8649349349349349,True,False,0.8112759125407427
n_total,1000,start,0.8782283147760306,0,5,consensus_pac_stability,5,0.821973973973974,False,True,0.8698666790428738
n_total,1000,start,0.8782283147760306,0,5,consensus_pac_stability,6,0.7452852852852853,False,False,0.8840581500136432
n_total,1000,start,0.8782283147760306,0,5,consensus_pac_stability,7,0.6964964964964965,False,False,0.881957846692858
n_total,1000,start,0.8782283147760306,0,5,silhouette,3,0.059627565235954805,False,False,0.6716238615720191
n_total,1000,start,0.8782283147760306,0,5,silhouette,4,0.062202429104155084,False,False,0.808301403182417
n_total,1000,start,0.8782283147760306,0,5,silhouette,5,0.06473693919085491,True,True,0.8782283147760306
n_total,1000,start,0.8782283147760306,0,5,silhouette,6,0.05325450836644128,False,False,0.7093445660199615
n_total,1000,start,0.8782283147760306,0,5,silhouette,7,0.045246587682967396,False,False,0.6220872875381752
n_total,1000,start,0.8782283147760306,0,5,gap,3,1.3319703830496419,False,False,0.6716238615720191
n_total,1000,start,0.8782283147760306,0,5,gap,4,1.3505787161963276,False,False,0.808301403182417
n_total,1000,start,0.8782283147760306,0,5,gap,5,1.3620182250182271,False,True,0.8782283147760306
n_total,1000,start,0.8782283147760306,0,5,gap,6,1.3685335311500388,False,False,0.7093445660199615
n_total,1000,start,0.8782283147760306,0,5,gap,7,1.373405744181314,True,False,0.6220872875381752
n_total,1000,start,0.8782283147760306,0,5,davies_bouldin,3,0.2136528089778785,False,False,0.6716238615720191
n_total,1000,start,0.8782283147760306,0,5,davies_bouldin,4,0.22051908516432775,False,False,0.808301403182417
n_total,1000,start,0.8782283147760306,0,5,davies_bouldin,5,0.2413710968337858,True,True,0.8782283147760306
n_total,1000,start,0.8782283147760306,0,5,davies_bouldin,6,0.21783189672194792,False,False,0.7093445660199615
n_total,1000,start,0.8782283147760306,0,5,davies_bouldin,7,0.2094858927087698,False,False,0.6220872875381752
n_total,1000,start,0.8782283147760306,0,5,calinski_harabasz,3,53.87478559901335,True,False,0.6716238615720191
n_total,1000,start,0.8782283147760306,0,5,calinski_harabasz,4,47.2961022738277,False,False,0.808301403182417
n_total,1000,start,0.8782283147760306,0,5,calinski_harabasz,5,41.73759705862009,False,True,0.8782283147760306
n_total,1000,start,0.8782283147760306,0,5,calinski_harabasz,6,36.86773129106491,False,False,0.7093445660199615
n_total,1000,start,0.8782283147760306,0,5,calinski_harabasz,7,33.164040680476994,False,False,0.6220872875381752
n_total,1000,start,0.8070880574368507,1,5,accuracy_generalizability,3,0.6931093662493133,True,False,0.5381610744239601
n_total,1000,start,0.8070880574368507,1,5,accuracy_generalizability,4,0.6331501316755878,False,False,0.6448993841764568
n_total,1000,start,0.8070880574368507,1,5,accuracy_generalizability,5,0.5830064787224997,False,True,0.715645606029259
n_total,1000,start,0.8070880574368507,1,5,accuracy_generalizability,6,0.6099449445508299,False,False,0.7557822663849209
n_total,1000,start,0.8070880574368507,1,5,accuracy_generalizability,7,0.5782247987290146,False,False,0.5366171118298712
n_total,1000,start,0.8070880574368507,1,5,ari_generalizability,3,0.4217568249648269,True,False,0.5381610744239601
n_total,1000,start,0.8070880574368507,1,5,ari_generalizability,4,0.37598609015106527,False,False,0.6448993841764568
n_total,1000,start,0.8070880574368507,1,5,ari_generalizability,5,0.3381347859039565,False,True,0.715645606029259
n_total,1000,start,0.8070880574368507,1,5,ari_generalizability,6,0.35004245518655175,False,False,0.7557822663849209
n_total,1000,start,0.8070880574368507,1,5,ari_generalizability,7,0.34411488634939813,False,False,0.5366171118298712
n_total,1000,start,0.8070880574368507,1,5,ari_generalizability_1se,3,0.4217568249648269,True,False,0.5381610744239601
n_total,1000,start,0.8070880574368507,1,5,ari_generalizability_1se,4,0.37598609015106527,False,False,0.6448993841764568
n_total,1000,start,0.8070880574368507,1,5,ari_generalizability_1se,5,0.3381347859039565,False,True,0.715645606029259
n_total,1000,start,0.8070880574368507,1,5,ari_generalizability_1se,6,0.35004245518655175,False,False,0.7557822663849209
n_total,1000,start,0.8070880574368507,1,5,ari_generalizability_1se,7,0.34411488634939813,False,False,0.5366171118298712
n_total,1000,start,0.8070880574368507,1,5,ari_generalizability_quant,3,0.4217568249648269,False,False,0.5381610744239601
n_total,1000,start,0.8070880574368507,1,5,ari_generalizability_quant,4,0.37598609015106527,False,False,0.6448993841764568
n_total,1000,start,0.8070880574368507,1,5,ari_generalizability_quant,5,0.3381347859039565,False,True,0.715645606029259
n_total,1000,start,0.8070880574368507,1,5,ari_generalizability_quant,6,0.35004245518655175,False,False,0.7557822663849209
n_total,1000,start,0.8070880574368507,1,5,ari_generalizability_quant,7,0.34411488634939813,True,False,0.5366171118298712
n_total,1000,start,0.8070880574368507,1,5,ari_stability,3,0.6441827788662917,True,False,0.5338793703443456
n_total,1000,start,0.8070880574368507,1,5,ari_stability,4,0.5784587791823783,False,False,0.6534045142492064
n_total,1000,start,0.8070880574368507,1,5,ari_stability,5,0.572519061323878,False,True,0.7128396524290529
n_total,1000,start,0.8070880574368507,1,5,ari_stability,6,0.5898483662391946,False,False,0.5536300501164079
n_total,1000,start,0.8070880574368507,1,5,ari_stability,7,0.5526769162053992,False,False,0.478426952174483
n_total,1000,start,0.8070880574368507,1,5,ari_stability_1se,3,0.6441827788662917,True,False,0.5338793703443456
n_total,1000,start,0.8070880574368507,1,5,ari_stability_1se,4,0.5784587791823783,False,False,0.6534045142492064
n_total,1000,start,0.8070880574368507,1,5,ari_stability_1se,5,0.572519061323878,False,True,0.7128396524290529
n_total,1000,start,0.8070880574368507,1,5,ari_stability_1se,6,0.5898483662391946,False,False,0.5536300501164079
n_total,1000,start,0.8070880574368507,1,5,ari_stability_1se,7,0.5526769162053992,False,False,0.478426952174483
n_total,1000,start,0.8070880574368507,1,5,ari_stability_quant,3,0.6441827788662917,False,False,0.5338793703443456
n_total,1000,start,0.8070880574368507,1,5,ari_stability_quant,4,0.5784587791823783,False,False,0.6534045142492064
n_total,1000,start,0.8070880574368507,1,5,ari_stability_quant,5,0.572519061323878,False,True,0.7128396524290529
n_total,1000,start,0.8070880574368507,1,5,ari_stability_quant,6,0.5898483662391946,False,False,0.5536300501164079
n_total,1000,start,0.8070880574368507,1,5,ari_stability_quant,7,0.5526769162053992,True,False,0.478426952174483
n_total,1000,start,0.8070880574368507,1,5,consensus_ce_stability,3,0.6238612027835568,False,False,0.5338793703443456
n_total,1000,start,0.8070880574368507,1,5,consensus_ce_stability,4,0.6323560680007745,False,False,0.6534045142492064
n_total,1000,start,0.8070880574368507,1,5,consensus_ce_stability,5,0.69268561979378,False,True,0.7128396524290529
n_total,1000,start,0.8070880574368507,1,5,consensus_ce_stability,6,0.7442380233171599,False,False,0.5536300501164079
n_total,1000,start,0.8070880574368507,1,5,consensus_ce_stability,7,0.7618363514159984,True,False,0.478426952174483
n_total,1000,start,0.8070880574368507,1,5,consensus_gini_stability,3,0.6590675655163771,False,False,0.5338793703443456
n_total,1000,start,0.8070880574368507,1,5,consensus_gini_stability,4,0.6771913967182652,False,False,0.6534045142492064
n_total,1000,start,0.8070880574368507,1,5,consensus_gini_stability,5,0.7286625438425005,False,True,0.7128396524290529
n_total,1000,start,0.8070880574368507,1,5,consensus_gini_stability,6,0.7704089754126018,False,False,0.5536300501164079
n_total,1000,start,0.8070880574368507,1,5,consensus_gini_stability,7,0.788215275262537,True,False,0.478426952174483
n_total,1000,start,0.8070880574368507,1,5,consensus_pac_stability,3,0.5107487487487488,False,False,0.5338793703443456
n_total,1000,start,0.8070880574368507,1,5,consensus_pac_stability,4,0.4973093093093093,False,False,0.6534045142492064
n_total,1000,start,0.8070880574368507,1,5,consensus_pac_stability,5,0.5908408408408408,False,True,0.7128396524290529
n_total,1000,start,0.8070880574368507,1,5,consensus_pac_stability,6,0.6706846846846847,False,False,0.5536300501164079
n_total,1000,start,0.8070880574368507,1,5,consensus_pac_stability,7,0.6871891891891893,True,False,0.478426952174483
n_total,1000,start,0.8070880574368507,1,5,silhouette,3,0.054184923856832566,False,False,0.5775980666717864
n_total,1000,start,0.8070880574368507,1,5,silhouette,4,0.053952274481566434,False,False,0.6148514595201509
n_total,1000,start,0.8070880574368507,1,5,silhouette,5,0.05999482350431343,True,True,0.8070880574368507
n_total,1000,start,0.8070880574368507,1,5,silhouette,6,0.04931776618487852,False,False,0.5718934258649119
n_total,1000,start,0.8070880574368507,1,5,silhouette,7,0.046474549937183744,False,False,0.49144257744334807
n_total,1000,start,0.8070880574368507,1,5,gap,3,1.3085621710510829,False,False,0.5775980666717864
n_total,1000,start,0.8070880574368507,1,5,gap,4,1.3244778218463935,False,False,0.6148514595201509
n_total,1000,start,0.8070880574368507,1,5,gap,5,1.3394057724063106,False,True,0.8070880574368507
n_total,1000,start,0.8070880574368507,1,5,gap,6,1.351783169911526,False,False,0.5718934258649119
n_total,1000,start,0.8070880574368507,1,5,gap,7,1.3582475663265594,True,False,0.49144257744334807
n_total,1000,start,0.8070880574368507,1,5,davies_bouldin,3,0.2031522378262657,False,False,0.5775980666717864
n_total,1000,start,0.8070880574368507,1,5,davies_bouldin,4,0.22002842225031943,False,False,0.6148514595201509
n_total,1000,start,0.8070880574368507,1,5,davies_bouldin,5,0.23989594805202288,True,True,0.8070880574368507
n_total,1000,start,0.8070880574368507,1,5,davies_bouldin,6,0.22438014399627468,False,False,0.5718934258649119
n_total,1000,start,0.8070880574368507,1,5,davies_bouldin,7,0.22828852154067283,False,False,0.49144257744334807
n_total,1000,start,0.8070880574368507,1,5,calinski_harabasz,3,48.5135607928248,True,False,0.5775980666717864
n_total,1000,start,0.8070880574368507,1,5,calinski_harabasz,4,42.81817923470716,False,False,0.6148514595201509
n_total,1000,start,0.8070880574368507,1,5,calinski_harabasz,5,39.15469032521879,False,True,0.8070880574368507
n_total,1000,start,0.8070880574368507,1,5,calinski_harabasz,6,36.15037192730311,False,False,0.5718934258649119
n_total,1000,start,0.8070880574368507,1,5,calinski_harabasz,7,33.0028975601491,False,False,0.49144257744334807
n_total,1000,start,0.8141714494626612,2,5,accuracy_generalizability,3,0.7907990718458124,True,False,0.5606435358371326
n_total,1000,start,0.8141714494626612,2,5,accuracy_generalizability,4,0.7887747529567904,False,False,0.7131886762167655
n_total,1000,start,0.8141714494626612,2,5,accuracy_generalizability,5,0.6767009099334247,False,True,0.7449996956549322
n_total,1000,start,0.8141714494626612,2,5,accuracy_generalizability,6,0.642516534388345,False,False,0.7534430750141053
n_total,1000,start,0.8141714494626612,2,5,accuracy_generalizability,7,0.5870271675838407,False,False,0.7722756697665356
n_total,1000,start,0.8141714494626612,2,5,ari_generalizability,3,0.5173534692995545,False,False,0.5606435358371326
n_total,1000,start,0.8141714494626612,2,5,ari_generalizability,4,0.5582006595630147,True,False,0.7131886762167655
n_total,1000,start,0.8141714494626612,2,5,ari_generalizability,5,0.4489915220461959,False,True,0.7449996956549322
n_total,1000,start,0.8141714494626612,2,5,ari_generalizability,6,0.4057262547860874,False,False,0.7534430750141053
n_total,1000,start,0.8141714494626612,2,5,ari_generalizability,7,0.3752380468468182,False,False,0.7722756697665356
n_total,1000,start,0.8141714494626612,2,5,ari_generalizability_1se,3,0.5173534692995545,False,False,0.5606435358371326
n_total,1000,start,0.8141714494626612,2,5,ari_generalizability_1se,4,0.5582006595630147,True,False,0.7131886762167655
n_total,1000,start,0.8141714494626612,2,5,ari_generalizability_1se,5,0.4489915220461959,False,True,0.7449996956549322
n_total,1000,start,0.8141714494626612,2,5,ari_generalizability_1se,6,0.4057262547860874,False,False,0.7534430750141053
n_total,1000,start,0.8141714494626612,2,5,ari_generalizability_1se,7,0.3752380468468182,False,False,0.7722756697665356
n_total,1000,start,0.8141714494626612,2,5,ari_generalizability_quant,3,0.5173534692995545,False,False,0.5606435358371326
n_total,1000,start,0.8141714494626612,2,5,ari_generalizability_quant,4,0.5582006595630147,False,False,0.7131886762167655
n_total,1000,start,0.8141714494626612,2,5,ari_generalizability_quant,5,0.4489915220461959,False,True,0.7449996956549322
n_total,1000,start,0.8141714494626612,2,5,ari_generalizability_quant,6,0.4057262547860874,True,False,0.7534430750141053
n_total,1000,start,0.8141714494626612,2,5,ari_generalizability_quant,7,0.3752380468468182,False,False,0.7722756697665356
n_total,1000,start,0.8141714494626612,2,5,ari_stability,3,0.7844318525284305,False,False,0.5643419254761346
n_total,1000,start,0.8141714494626612,2,5,ari_stability,4,0.8309429278094381,True,False,0.7634554462217797
n_total,1000,start,0.8141714494626612,2,5,ari_stability,5,0.7442027946599401,False,True,0.8150370153879914
n_total,1000,start,0.8141714494626612,2,5,ari_stability,6,0.655556355369159,False,False,0.6391057717709122
n_total,1000,start,0.8141714494626612,2,5,ari_stability,7,0.5994383690513223,False,False,0.560641814823143
n_total,1000,start,0.8141714494626612,2,5,ari_stability_1se,3,0.7844318525284305,False,False,0.5643419254761346
n_total,1000,start,0.8141714494626612,2,5,ari_stability_1se,4,0.8309429278094381,True,False,0.7634554462217797
n_total,1000,start,0.8141714494626612,2,5,ari_stability_1se,5,0.7442027946599401,False,True,0.8150370153879914
n_total,1000,start,0.8141714494626612,2,5,ari_stability_1se,6,0.655556355369159,False,False,0.6391057717709122
n_total,1000,start,0.8141714494626612,2,5,ari_stability_1se,7,0.5994383690513223,False,False,0.560641814823143
n_total,1000,start,0.8141714494626612,2,5,ari_stability_quant,3,0.7844318525284305,False,False,0.5643419254761346
n_total,1000,start,0.8141714494626612,2,5,ari_stability_quant,4,0.8309429278094381,False,False,0.7634554462217797
n_total,1000,start,0.8141714494626612,2,5,ari_stability_quant,5,0.7442027946599401,True,True,0.8150370153879914
n_total,1000,start,0.8141714494626612,2,5,ari_stability_quant,6,0.655556355369159,False,False,0.6391057717709122
n_total,1000,start,0.8141714494626612,2,5,ari_stability_quant,7,0.5994383690513223,False,False,0.560641814823143
n_total,1000,start,0.8141714494626612,2,5,consensus_ce_stability,3,0.7688450211840178,False,False,0.5643419254761346
n_total,1000,start,0.8141714494626612,2,5,consensus_ce_stability,4,0.8551228843198474,True,False,0.7634554462217797
n_total,1000,start,0.8141714494626612,2,5,consensus_ce_stability,5,0.787961487202375,False,True,0.8150370153879914
n_total,1000,start,0.8141714494626612,2,5,consensus_ce_stability,6,0.7891555907244999,False,False,0.6391057717709122
n_total,1000,start,0.8141714494626612,2,5,consensus_ce_stability,7,0.7784334628011356,False,False,0.560641814823143
n_total,1000,start,0.8141714494626612,2,5,consensus_gini_stability,3,0.798556646982569,False,False,0.5643419254761346
n_total,1000,start,0.8141714494626612,2,5,consensus_gini_stability,4,0.8753831397738511,True,False,0.7634554462217797
n_total,1000,start,0.8141714494626612,2,5,consensus_gini_stability,5,0.8176237675380317,False,True,0.8150370153879914
n_total,1000,start,0.8141714494626612,2,5,consensus_gini_stability,6,0.8102880382685582,False,False,0.6391057717709122
n_total,1000,start,0.8141714494626612,2,5,consensus_gini_stability,7,0.8039883366424965,False,False,0.560641814823143
n_total,1000,start,0.8141714494626612,2,5,consensus_pac_stability,3,0.6991251251251251,False,False,0.5643419254761346
n_total,1000,start,0.8141714494626612,2,5,consensus_pac_stability,4,0.8008908908908909,True,False,0.7634554462217797
n_total,1000,start,0.8141714494626612,2,5,consensus_pac_stability,5,0.7016776776776776,False,True,0.8150370153879914
n_total,1000,start,0.8141714494626612,2,5,consensus_pac_stability,6,0.7329969969969969,False,False,0.6391057717709122
n_total,1000,start,0.8141714494626612,2,5,consensus_pac_stability,7,0.7096636636636637,False,False,0.560641814823143
n_total,1000,start,0.8141714494626612,2,5,silhouette,3,0.05520624395690269,False,False,0.5670738869498364
n_total,1000,start,0.8141714494626612,2,5,silhouette,4,0.059673417948376994,False,False,0.7723894162225364
n_total,1000,start,0.8141714494626612,2,5,silhouette,5,0.06252490212834742,True,True,0.8141714494626612
n_total,1000,start,0.8141714494626612,2,5,silhouette,6,0.051349570585033866,False,False,0.623954330017683
n_total,1000,start,0.8141714494626612,2,5,silhouette,7,0.048993266120523286,False,False,0.5600622285266588
n_total,1000,start,0.8141714494626612,2,5,gap,3,1.3217788197172151,False,False,0.5670738869498364
n_total,1000,start,0.8141714494626612,2,5,gap,4,1.3418054485024786,False,False,0.7723894162225364
n_total,1000,start,0.8141714494626612,2,5,gap,5,1.3551434366594215,False,True,0.8141714494626612
n_total,1000,start,0.8141714494626612,2,5,gap,6,1.3650562961956219,False,False,0.623954330017683
n_total,1000,start,0.8141714494626612,2,5,gap,7,1.372247292008284,True,False,0.5600622285266588
n_total,1000,start,0.8141714494626612,2,5,davies_bouldin,3,0.21774641516287654,False,False,0.5670738869498364
n_total,1000,start,0.8141714494626612,2,5,davies_bouldin,4,0.2224532563380615,False,False,0.7723894162225364
n_total,1000,start,0.8141714494626612,2,5,davies_bouldin,5,0.2382591596415597,True,True,0.8141714494626612
n_total,1000,start,0.8141714494626612,2,5,davies_bouldin,6,0.22366056792089048,False,False,0.623954330017683
n_total,1000,start,0.8141714494626612,2,5,davies_bouldin,7,0.22929938364215688,False,False,0.5600622285266588
n_total,1000,start,0.8141714494626612,2,5,calinski_harabasz,3,51.008204178873584,True,False,0.5670738869498364
n_total,1000,start,0.8141714494626612,2,5,calinski_harabasz,4,45.90375105839241,False,False,0.7723894162225364
n_total,1000,start,0.8141714494626612,2,5,calinski_harabasz,5,41.049041794735025,False,True,0.8141714494626612
n_total,1000,start,0.8141714494626612,2,5,calinski_harabasz,6,37.227905734246235,False,False,0.623954330017683
n_total,1000,start,0.8141714494626612,2,5,calinski_harabasz,7,33.913219942394534,False,False,0.5600622285266588
n_total,1000,start,0.9164345902678753,3,5,accuracy_generalizability,3,0.8894746251664248,True,False,0.5040483808847753
n_total,1000,start,0.9164345902678753,3,5,accuracy_generalizability,4,0.8285558856865421,False,False,0.7115436610177399
n_total,1000,start,0.9164345902678753,3,5,accuracy_generalizability,5,0.7698768066779652,False,True,0.7572775631324545
n_total,1000,start,0.9164345902678753,3,5,accuracy_generalizability,6,0.6538504955707669,False,False,0.7912370346627854
n_total,1000,start,0.9164345902678753,3,5,accuracy_generalizability,7,0.6034383339549285,False,False,0.8232419513842946
n_total,1000,start,0.9164345902678753,3,5,ari_generalizability,3,0.6927842180147208,True,False,0.5040483808847753
n_total,1000,start,0.9164345902678753,3,5,ari_generalizability,4,0.6370580743637366,False,False,0.7115436610177399
n_total,1000,start,0.9164345902678753,3,5,ari_generalizability,5,0.594481681462164,False,True,0.7572775631324545
n_total,1000,start,0.9164345902678753,3,5,ari_generalizability,6,0.47472316433248685,False,False,0.7912370346627854
n_total,1000,start,0.9164345902678753,3,5,ari_generalizability,7,0.41315662428648287,False,False,0.8232419513842946
n_total,1000,start,0.9164345902678753,3,5,ari_generalizability_1se,3,0.6927842180147208,True,False,0.5040483808847753
n_total,1000,start,0.9164345902678753,3,5,ari_generalizability_1se,4,0.6370580743637366,False,False,0.7115436610177399
n_total,1000,start,0.9164345902678753,3,5,ari_generalizability_1se,5,0.594481681462164,False,True,0.7572775631324545
n_total,1000,start,0.9164345902678753,3,5,ari_generalizability_1se,6,0.47472316433248685,False,False,0.7912370346627854
n_total,1000,start,0.9164345902678753,3,5,ari_generalizability_1se,7,0.41315662428648287,False,False,0.8232419513842946
n_total,1000,start,0.9164345902678753,3,5,ari_generalizability_quant,3,0.6927842180147208,False,False,0.5040483808847753
n_total,1000,start,0.9164345902678753,3,5,ari_generalizability_quant,4,0.6370580743637366,True,False,0.7115436610177399
n_total,1000,start,0.9164345902678753,3,5,ari_generalizability_quant,5,0.594481681462164,False,True,0.7572775631324545
n_total,1000,start,0.9164345902678753,3,5,ari_generalizability_quant,6,0.47472316433248685,False,False,0.7912370346627854
n_total,1000,start,0.9164345902678753,3,5,ari_generalizability_quant,7,0.41315662428648287,False,False,0.8232419513842946
n_total,1000,start,0.9164345902678753,3,5,ari_stability,3,0.9226829408522303,True,False,0.5790537661044697
n_total,1000,start,0.9164345902678753,3,5,ari_stability,4,0.8814346457637221,False,False,0.7867390587517413
n_total,1000,start,0.9164345902678753,3,5,ari_stability,5,0.8435812058611738,False,True,0.910859935252505
n_total,1000,start,0.9164345902678753,3,5,ari_stability,6,0.6814942168455191,False,False,0.8893105038936318
n_total,1000,start,0.9164345902678753,3,5,ari_stability,7,0.6136329461553869,False,False,0.7909243376653843
n_total,1000,start,0.9164345902678753,3,5,ari_stability_1se,3,0.9226829408522303,True,False,0.5790537661044697
n_total,1000,start,0.9164345902678753,3,5,ari_stability_1se,4,0.8814346457637221,False,False,0.7867390587517413
n_total,1000,start,0.9164345902678753,3,5,ari_stability_1se,5,0.8435812058611738,False,True,0.910859935252505
n_total,1000,start,0.9164345902678753,3,5,ari_stability_1se,6,0.6814942168455191,False,False,0.8893105038936318
n_total,1000,start,0.9164345902678753,3,5,ari_stability_1se,7,0.6136329461553869,False,False,0.7909243376653843
n_total,1000,start,0.9164345902678753,3,5,ari_stability_quant,3,0.9226829408522303,False,False,0.5790537661044697
n_total,1000,start,0.9164345902678753,3,5,ari_stability_quant,4,0.8814346457637221,True,False,0.7867390587517413
n_total,1000,start,0.9164345902678753,3,5,ari_stability_quant,5,0.8435812058611738,False,True,0.910859935252505
n_total,1000,start,0.9164345902678753,3,5,ari_stability_quant,6,0.6814942168455191,False,False,0.8893105038936318
n_total,1000,start,0.9164345902678753,3,5,ari_stability_quant,7,0.6136329461553869,False,False,0.7909243376653843
n_total,1000,start,0.9164345902678753,3,5,consensus_ce_stability,3,0.9224869918005499,True,False,0.5790537661044697
n_total,1000,start,0.9164345902678753,3,5,consensus_ce_stability,4,0.8809177734325203,False,False,0.7867390587517413
n_total,1000,start,0.9164345902678753,3,5,consensus_ce_stability,5,0.8810662045654171,False,True,0.910859935252505
n_total,1000,start,0.9164345902678753,3,5,consensus_ce_stability,6,0.8033664511126523,False,False,0.8893105038936318
n_total,1000,start,0.9164345902678753,3,5,consensus_ce_stability,7,0.7842238982270014,False,False,0.7909243376653843
n_total,1000,start,0.9164345902678753,3,5,consensus_gini_stability,3,0.9327818677863802,True,False,0.5790537661044697
n_total,1000,start,0.9164345902678753,3,5,consensus_gini_stability,4,0.8988267437581267,False,False,0.7867390587517413
n_total,1000,start,0.9164345902678753,3,5,consensus_gini_stability,5,0.9013341235434118,False,True,0.910859935252505
n_total,1000,start,0.9164345902678753,3,5,consensus_gini_stability,6,0.8272285272025653,False,False,0.8893105038936318
n_total,1000,start,0.9164345902678753,3,5,consensus_gini_stability,7,0.8081245954221594,False,False,0.7909243376653843
n_total,1000,start,0.9164345902678753,3,5,consensus_pac_stability,3,0.8972112112112112,True,False,0.5790537661044697
n_total,1000,start,0.9164345902678753,3,5,consensus_pac_stability,4,0.8332092092092092,False,False,0.7867390587517413
n_total,1000,start,0.9164345902678753,3,5,consensus_pac_stability,5,0.8305165165165165,False,True,0.910859935252505
n_total,1000,start,0.9164345902678753,3,5,consensus_pac_stability,6,0.7401401401401402,False,False,0.8893105038936318
n_total,1000,start,0.9164345902678753,3,5,consensus_pac_stability,7,0.7216436436436436,False,False,0.7909243376653843
n_total,1000,start,0.9164345902678753,3,5,silhouette,3,0.05840865245224395,False,False,0.5761479213000514
n_total,1000,start,0.9164345902678753,3,5,silhouette,4,0.0608036189648258,False,False,0.7963798851356968
n_total,1000,start,0.9164345902678753,3,5,silhouette,5,0.06391443032092205,True,True,0.9164345902678753
n_total,1000,start,0.9164345902678753,3,5,silhouette,6,0.056071039691016955,False,False,0.7830389530424497
n_total,1000,start,0.9164345902678753,3,5,silhouette,7,0.046722609971506644,False,False,0.6697347337561281
n_total,1000,start,0.9164345902678753,3,5,gap,3,1.328174929721687,False,False,0.5761479213000514
n_total,1000,start,0.9164345902678753,3,5,gap,4,1.3456016051001622,False,False,0.7963798851356968
n_total,1000,start,0.9164345902678753,3,5,gap,5,1.3587620731171324,False,True,0.9164345902678753
n_total,1000,start,0.9164345902678753,3,5,gap,6,1.3655027132596764,False,False,0.7830389530424497
n_total,1000,start,0.9164345902678753,3,5,gap,7,1.3711482445572098,True,False,0.6697347337561281
n_total,1000,start,0.9164345902678753,3,5,davies_bouldin,3,0.2156720102183828,False,False,0.5761479213000514
n_total,1000,start,0.9164345902678753,3,5,davies_bouldin,4,0.21717580977176448,False,False,0.7963798851356968
n_total,1000,start,0.9164345902678753,3,5,davies_bouldin,5,0.2339274804558807,True,True,0.9164345902678753
n_total,1000,start,0.9164345902678753,3,5,davies_bouldin,6,0.22171219651504015,False,False,0.7830389530424497
n_total,1000,start,0.9164345902678753,3,5,davies_bouldin,7,0.20850696304444913,False,False,0.6697347337561281
n_total,1000,start,0.9164345902678753,3,5,calinski_harabasz,3,54.80681626856533,True,False,0.5761479213000514
n_total,1000,start,0.9164345902678753,3,5,calinski_harabasz,4,47.37739740427689,False,False,0.7963798851356968
n_total,1000,start,0.9164345902678753,3,5,calinski_harabasz,5,42.13010885237401,False,True,0.9164345902678753
n_total,1000,start,0.9164345902678753,3,5,calinski_harabasz,6,37.218261652695226,False,False,0.7830389530424497
n_total,1000,start,0.9164345902678753,3,5,calinski_harabasz,7,33.58275240142083,False,False,0.6697347337561281
n_total,1000,start,0.8173654056214043,4,5,accuracy_generalizability,3,0.6848574948033275,False,False,0.45535664143555
n_total,1000,start,0.8173654056214043,4,5,accuracy_generalizability,4,0.6951792895751512,False,False,0.5941143030857221
n_total,1000,start,0.8173654056214043,4,5,accuracy_generalizability,5,0.7473029019179003,True,True,0.6986830556992598
n_total,1000,start,0.8173654056214043,4,5,accuracy_generalizability,6,0.6463911403567988,False,False,0.7063720353366604
n_total,1000,start,0.8173654056214043,4,5,accuracy_generalizability,7,0.5617210478772025,False,False,0.7546151370428433
n_total,1000,start,0.8173654056214043,4,5,ari_generalizability,3,0.35773302632880843,False,False,0.45535664143555
n_total,1000,start,0.8173654056214043,4,5,ari_generalizability,4,0.43418419384774337,False,False,0.5941143030857221
n_total,1000,start,0.8173654056214043,4,5,ari_generalizability,5,0.49389527326822014,True,True,0.6986830556992598
n_total,1000,start,0.8173654056214043,4,5,ari_generalizability,6,0.4074632887113274,False,False,0.7063720353366604
n_total,1000,start,0.8173654056214043,4,5,ari_generalizability,7,0.3380684049560749,False,False,0.7546151370428433
n_total,1000,start,0.8173654056214043,4,5,ari_generalizability_1se,3,0.35773302632880843,False,False,0.45535664143555
n_total,1000,start,0.8173654056214043,4,5,ari_generalizability_1se,4,0.43418419384774337,False,False,0.5941143030857221
n_total,1000,start,0.8173654056214043,4,5,ari_generalizability_1se,5,0.49389527326822014,True,True,0.6986830556992598
n_total,1000,start,0.8173654056214043,4,5,ari_generalizability_1se,6,0.4074632887113274,False,False,0.7063720353366604
n_total,1000,start,0.8173654056214043,4,5,ari_generalizability_1se,7,0.3380684049560749,False,False,0.7546151370428433
n_total,1000,start,0.8173654056214043,4,5,ari_generalizability_quant,3,0.35773302632880843,False,False,0.45535664143555
n_total,1000,start,0.8173654056214043,4,5,ari_generalizability_quant,4,0.43418419384774337,False,False,0.5941143030857221
n_total,1000,start,0.8173654056214043,4,5,ari_generalizability_quant,5,0.49389527326822014,False,True,0.6986830556992598
n_total,1000,start,0.8173654056214043,4,5,ari_generalizability_quant,6,0.4074632887113274,False,False,0.7063720353366604
n_total,1000,start,0.8173654056214043,4,5,ari_generalizability_quant,7,0.3380684049560749,True,False,0.7546151370428433
n_total,1000,start,0.8173654056214043,4,5,ari_stability,3,0.5726477614732852,False,False,0.43584931597308046
n_total,1000,start,0.8173654056214043,4,5,ari_stability,4,0.6715496252850446,False,False,0.6252572996102514
n_total,1000,start,0.8173654056214043,4,5,ari_stability,5,0.8402350628241149,True,True,0.7699147696223237
n_total,1000,start,0.8173654056214043,4,5,ari_stability,6,0.6437482944900285,False,False,0.7933130256994437
n_total,1000,start,0.8173654056214043,4,5,ari_stability,7,0.5274591757063177,False,False,0.7648147067788502
n_total,1000,start,0.8173654056214043,4,5,ari_stability_1se,3,0.5726477614732852,False,False,0.43584931597308046
n_total,1000,start,0.8173654056214043,4,5,ari_stability_1se,4,0.6715496252850446,False,False,0.6252572996102514
n_total,1000,start,0.8173654056214043,4,5,ari_stability_1se,5,0.8402350628241149,True,True,0.7699147696223237
n_total,1000,start,0.8173654056214043,4,5,ari_stability_1se,6,0.6437482944900285,False,False,0.7933130256994437
n_total,1000,start,0.8173654056214043,4,5,ari_stability_1se,7,0.5274591757063177,False,False,0.7648147067788502
n_total,1000,start,0.8173654056214043,4,5,ari_stability_quant,3,0.5726477614732852,False,False,0.43584931597308046
n_total,1000,start,0.8173654056214043,4,5,ari_stability_quant,4,0.6715496252850446,False,False,0.6252572996102514
n_total,1000,start,0.8173654056214043,4,5,ari_stability_quant,5,0.8402350628241149,True,True,0.7699147696223237
n_total,1000,start,0.8173654056214043,4,5,ari_stability_quant,6,0.6437482944900285,False,False,0.7933130256994437
n_total,1000,start,0.8173654056214043,4,5,ari_stability_quant,7,0.5274591757063177,False,False,0.7648147067788502
n_total,1000,start,0.8173654056214043,4,5,consensus_ce_stability,3,0.5989307937722345,False,False,0.43584931597308046
n_total,1000,start,0.8173654056214043,4,5,consensus_ce_stability,4,0.719721011957434,False,False,0.6252572996102514
n_total,1000,start,0.8173654056214043,4,5,consensus_ce_stability,5,0.8769056956540006,True,True,0.7699147696223237
n_total,1000,start,0.8173654056214043,4,5,consensus_ce_stability,6,0.7884552964951115,False,False,0.7933130256994437
n_total,1000,start,0.8173654056214043,4,5,consensus_ce_stability,7,0.7432227419977944,False,False,0.7648147067788502
n_total,1000,start,0.8173654056214043,4,5,consensus_gini_stability,3,0.633521892808353,False,False,0.43584931597308046
n_total,1000,start,0.8173654056214043,4,5,consensus_gini_stability,4,0.7553434883589425,False,False,0.6252572996102514
n_total,1000,start,0.8173654056214043,4,5,consensus_gini_stability,5,0.8923288850556391,True,True,0.7699147696223237
n_total,1000,start,0.8173654056214043,4,5,consensus_gini_stability,6,0.8098902802216883,False,False,0.7933130256994437
n_total,1000,start,0.8173654056214043,4,5,consensus_gini_stability,7,0.7697342141089913,False,False,0.7648147067788502
n_total,1000,start,0.8173654056214043,4,5,consensus_pac_stability,3,0.4915875875875876,False,False,0.43584931597308046
n_total,1000,start,0.8173654056214043,4,5,consensus_pac_stability,4,0.6144464464464465,False,False,0.6252572996102514
n_total,1000,start,0.8173654056214043,4,5,consensus_pac_stability,5,0.8376616616616617,True,True,0.7699147696223237
n_total,1000,start,0.8173654056214043,4,5,consensus_pac_stability,6,0.7333773773773774,False,False,0.7933130256994437
n_total,1000,start,0.8173654056214043,4,5,consensus_pac_stability,7,0.6726606606606607,False,False,0.7648147067788502
n_total,1000,start,0.8173654056214043,4,5,silhouette,3,0.0498045704487847,False,False,0.4704947201216892
n_total,1000,start,0.8173654056214043,4,5,silhouette,4,0.05315695400991545,False,False,0.6335046935777904
n_total,1000,start,0.8173654056214043,4,5,silhouette,5,0.06139671439716919,True,True,0.8173654056214043
n_total,1000,start,0.8173654056214043,4,5,silhouette,6,0.05079569447259035,False,False,0.6375261244900496
n_total,1000,start,0.8173654056214043,4,5,silhouette,7,0.045916888584372186,False,False,0.5395232592115807
n_total,1000,start,0.8173654056214043,4,5,gap,3,1.29225455237534,False,False,0.4704947201216892
n_total,1000,start,0.8173654056214043,4,5,gap,4,1.3117123080099304,False,False,0.6335046935777904
n_total,1000,start,0.8173654056214043,4,5,gap,5,1.3315144077383056,False,True,0.8173654056214043
n_total,1000,start,0.8173654056214043,4,5,gap,6,1.3390771390472054,False,False,0.6375261244900496
n_total,1000,start,0.8173654056214043,4,5,gap,7,1.345921503985739,True,False,0.5395232592115807
n_total,1000,start,0.8173654056214043,4,5,davies_bouldin,3,0.20462292637673923,False,False,0.4704947201216892
n_total,1000,start,0.8173654056214043,4,5,davies_bouldin,4,0.22192468568782267,False,False,0.6335046935777904
n_total,1000,start,0.8173654056214043,4,5,davies_bouldin,5,0.24284968524495232,True,True,0.8173654056214043
n_total,1000,start,0.8173654056214043,4,5,davies_bouldin,6,0.2218227672265693,False,False,0.6375261244900496
n_total,1000,start,0.8173654056214043,4,5,davies_bouldin,7,0.21940786120476805,False,False,0.5395232592115807
n_total,1000,start,0.8173654056214043,4,5,calinski_harabasz,3,48.53496323568468,True,False,0.4704947201216892
n_total,1000,start,0.8173654056214043,4,5,calinski_harabasz,4,43.90220780940349,False,False,0.6335046935777904
n_total,1000,start,0.8173654056214043,4,5,calinski_harabasz,5,41.45557915792105,False,True,0.8173654056214043
n_total,1000,start,0.8173654056214043,4,5,calinski_harabasz,6,37.021103129947804,False,False,0.6375261244900496
n_total,1000,start,0.8173654056214043,4,5,calinski_harabasz,7,33.59727508707013,False,False,0.5395232592115807
n_total,1000,start,0.8912353982096596,5,5,accuracy_generalizability,3,0.8532826613841604,True,False,0.6011583330054162
n_total,1000,start,0.8912353982096596,5,5,accuracy_generalizability,4,0.7652826256947867,False,False,0.7316046446336577
n_total,1000,start,0.8912353982096596,5,5,accuracy_generalizability,5,0.6216331809493479,False,True,0.7453062697705873
n_total,1000,start,0.8912353982096596,5,5,accuracy_generalizability,6,0.6462488030783077,False,False,0.8363077057950234
n_total,1000,start,0.8912353982096596,5,5,accuracy_generalizability,7,0.6034474159813302,False,False,0.8186764233917407
n_total,1000,start,0.8912353982096596,5,5,ari_generalizability,3,0.6558338408584052,True,False,0.6011583330054162
n_total,1000,start,0.8912353982096596,5,5,ari_generalizability,4,0.5675329510902233,False,False,0.7316046446336577
n_total,1000,start,0.8912353982096596,5,5,ari_generalizability,5,0.41039655086616605,False,True,0.7453062697705873
n_total,1000,start,0.8912353982096596,5,5,ari_generalizability,6,0.3995742605669377,False,False,0.8363077057950234
n_total,1000,start,0.8912353982096596,5,5,ari_generalizability,7,0.380023316338002,False,False,0.8186764233917407
n_total,1000,start,0.8912353982096596,5,5,ari_generalizability_1se,3,0.6558338408584052,True,False,0.6011583330054162
n_total,1000,start,0.8912353982096596,5,5,ari_generalizability_1se,4,0.5675329510902233,False,False,0.7316046446336577
n_total,1000,start,0.8912353982096596,5,5,ari_generalizability_1se,5,0.41039655086616605,False,True,0.7453062697705873
n_total,1000,start,0.8912353982096596,5,5,ari_generalizability_1se,6,0.3995742605669377,False,False,0.8363077057950234
n_total,1000,start,0.8912353982096596,5,5,ari_generalizability_1se,7,0.380023316338002,False,False,0.8186764233917407
n_total,1000,start,0.8912353982096596,5,5,ari_generalizability_quant,3,0.6558338408584052,False,False,0.6011583330054162
n_total,1000,start,0.8912353982096596,5,5,ari_generalizability_quant,4,0.5675329510902233,True,False,0.7316046446336577
n_total,1000,start,0.8912353982096596,5,5,ari_generalizability_quant,5,0.41039655086616605,False,True,0.7453062697705873
n_total,1000,start,0.8912353982096596,5,5,ari_generalizability_quant,6,0.3995742605669377,False,False,0.8363077057950234
n_total,1000,start,0.8912353982096596,5,5,ari_generalizability_quant,7,0.380023316338002,False,False,0.8186764233917407
n_total,1000,start,0.8912353982096596,5,5,ari_stability,3,0.8893328237195369,True,False,0.6787717618148296
n_total,1000,start,0.8912353982096596,5,5,ari_stability,4,0.8053199313615573,False,False,0.8106255737313185
n_total,1000,start,0.8912353982096596,5,5,ari_stability,5,0.6196372940601993,False,True,0.8859399976472002
n_total,1000,start,0.8912353982096596,5,5,ari_stability,6,0.628964964062012,False,False,0.8797538781985902
n_total,1000,start,0.8912353982096596,5,5,ari_stability,7,0.5746822253536661,False,False,0.5345586372259453
n_total,1000,start,0.8912353982096596,5,5,ari_stability_1se,3,0.8893328237195369,True,False,0.6787717618148296
n_total,1000,start,0.8912353982096596,5,5,ari_stability_1se,4,0.8053199313615573,False,False,0.8106255737313185
n_total,1000,start,0.8912353982096596,5,5,ari_stability_1se,5,0.6196372940601993,False,True,0.8859399976472002
n_total,1000,start,0.8912353982096596,5,5,ari_stability_1se,6,0.628964964062012,False,False,0.8797538781985902
n_total,1000,start,0.8912353982096596,5,5,ari_stability_1se,7,0.5746822253536661,False,False,0.5345586372259453
n_total,1000,start,0.8912353982096596,5,5,ari_stability_quant,3,0.8893328237195369,False,False,0.6787717618148296
n_total,1000,start,0.8912353982096596,5,5,ari_stability_quant,4,0.8053199313615573,True,False,0.8106255737313185
n_total,1000,start,0.8912353982096596,5,5,ari_stability_quant,5,0.6196372940601993,False,True,0.8859399976472002
n_total,1000,start,0.8912353982096596,5,5,ari_stability_quant,6,0.628964964062012,False,False,0.8797538781985902
n_total,1000,start,0.8912353982096596,5,5,ari_stability_quant,7,0.5746822253536661,False,False,0.5345586372259453
n_total,1000,start,0.8912353982096596,5,5,consensus_ce_stability,3,0.8744590148822605,True,False,0.6787717618148296
n_total,1000,start,0.8912353982096596,5,5,consensus_ce_stability,4,0.8310451809637995,False,False,0.8106255737313185
n_total,1000,start,0.8912353982096596,5,5,consensus_ce_stability,5,0.7260241153265177,False,True,0.8859399976472002
n_total,1000,start,0.8912353982096596,5,5,consensus_ce_stability,6,0.7712050863258846,False,False,0.8797538781985902
n_total,1000,start,0.8912353982096596,5,5,consensus_ce_stability,7,0.773592611350716,False,False,0.5345586372259453
n_total,1000,start,0.8912353982096596,5,5,consensus_gini_stability,3,0.8937138899582349,True,False,0.6787717618148296
n_total,1000,start,0.8912353982096596,5,5,consensus_gini_stability,4,0.8511095020281242,False,False,0.8106255737313185
n_total,1000,start,0.8912353982096596,5,5,consensus_gini_stability,5,0.7515055762122215,False,True,0.8859399976472002
n_total,1000,start,0.8912353982096596,5,5,consensus_gini_stability,6,0.7921158230190661,False,False,0.8797538781985902
n_total,1000,start,0.8912353982096596,5,5,consensus_gini_stability,7,0.7963039561233342,False,False,0.5345586372259453
n_total,1000,start,0.8912353982096596,5,5,consensus_pac_stability,3,0.8302502502502502,True,False,0.6787717618148296
n_total,1000,start,0.8912353982096596,5,5,consensus_pac_stability,4,0.7879459459459459,False,False,0.8106255737313185
n_total,1000,start,0.8912353982096596,5,5,consensus_pac_stability,5,0.6496316316316316,False,True,0.8859399976472002
n_total,1000,start,0.8912353982096596,5,5,consensus_pac_stability,6,0.7171731731731732,False,False,0.8797538781985902
n_total,1000,start,0.8912353982096596,5,5,consensus_pac_stability,7,0.7106206206206207,False,False,0.5345586372259453
n_total,1000,start,0.8912353982096596,5,5,silhouette,3,0.0633553773349254,False,False,0.6797970794999735
n_total,1000,start,0.8912353982096596,5,5,silhouette,4,0.06526741417335682,False,False,0.8355277780296074
n_total,1000,start,0.8912353982096596,5,5,silhouette,5,0.06803857268668953,True,True,0.8912353982096596
n_total,1000,start,0.8912353982096596,5,5,silhouette,6,0.05154829890036264,False,False,0.6313019519685348
n_total,1000,start,0.8912353982096596,5,5,silhouette,7,0.04676345322248694,False,False,0.5319302107642857
n_total,1000,start,0.8912353982096596,5,5,gap,3,1.2842448251519318,False,False,0.6797970794999735
n_total,1000,start,0.8912353982096596,5,5,gap,4,1.2994226446993107,False,False,0.8355277780296074
n_total,1000,start,0.8912353982096596,5,5,gap,5,1.312542449315151,False,True,0.8912353982096596
n_total,1000,start,0.8912353982096596,5,5,gap,6,1.3246011658027186,False,False,0.6313019519685348
n_total,1000,start,0.8912353982096596,5,5,gap,7,1.3306737882832262,True,False,0.5319302107642857
n_total,1000,start,0.8912353982096596,5,5,davies_bouldin,3,0.21990587363469263,False,False,0.6797970794999735
n_total,1000,start,0.8912353982096596,5,5,davies_bouldin,4,0.2226279440319501,False,False,0.8355277780296074
n_total,1000,start,0.8912353982096596,5,5,davies_bouldin,5,0.2422422871587496,True,True,0.8912353982096596
n_total,1000,start,0.8912353982096596,5,5,davies_bouldin,6,0.22075903916479664,False,False,0.6313019519685348
n_total,1000,start,0.8912353982096596,5,5,davies_bouldin,7,0.22451396102651752,False,False,0.5319302107642857
n_total,1000,start,0.8912353982096596,5,5,calinski_harabasz,3,55.00512963301268,True,False,0.6797970794999735
n_total,1000,start,0.8912353982096596,5,5,calinski_harabasz,4,46.738578453173034,False,False,0.8355277780296074
n_total,1000,start,0.8912353982096596,5,5,calinski_harabasz,5,41.659831052645316,False,True,0.8912353982096596
n_total,1000,start,0.8912353982096596,5,5,calinski_harabasz,6,38.080930375774955,False,False,0.6313019519685348
n_total,1000,start,0.8912353982096596,5,5,calinski_harabasz,7,34.43976780397179,False,False,0.5319302107642857
n_total,1000,start,0.8696879778699665,6,5,accuracy_generalizability,3,0.7925180547654052,False,False,0.4402485037468412
n_total,1000,start,0.8696879778699665,6,5,accuracy_generalizability,4,0.7189575432016154,False,False,0.5716339178914198
n_total,1000,start,0.8696879778699665,6,5,accuracy_generalizability,5,0.8474225205423203,True,True,0.7604897536419538
n_total,1000,start,0.8696879778699665,6,5,accuracy_generalizability,6,0.737165607934433,False,False,0.760313174456631
n_total,1000,start,0.8696879778699665,6,5,accuracy_generalizability,7,0.6430615161556564,False,False,0.775052798455539
n_total,1000,start,0.8696879778699665,6,5,ari_generalizability,3,0.4944975995366947,False,False,0.4402485037468412
n_total,1000,start,0.8696879778699665,6,5,ari_generalizability,4,0.48761874177267217,False,False,0.5716339178914198
n_total,1000,start,0.8696879778699665,6,5,ari_generalizability,5,0.6598431888222313,True,True,0.7604897536419538
n_total,1000,start,0.8696879778699665,6,5,ari_generalizability,6,0.5405039590503506,False,False,0.760313174456631
n_total,1000,start,0.8696879778699665,6,5,ari_generalizability,7,0.4604456101541502,False,False,0.775052798455539
n_total,1000,start,0.8696879778699665,6,5,ari_generalizability_1se,3,0.4944975995366947,False,False,0.4402485037468412
n_total,1000,start,0.8696879778699665,6,5,ari_generalizability_1se,4,0.48761874177267217,False,False,0.5716339178914198
n_total,1000,start,0.8696879778699665,6,5,ari_generalizability_1se,5,0.6598431888222313,True,True,0.7604897536419538
n_total,1000,start,0.8696879778699665,6,5,ari_generalizability_1se,6,0.5405039590503506,False,False,0.760313174456631
n_total,1000,start,0.8696879778699665,6,5,ari_generalizability_1se,7,0.4604456101541502,False,False,0.775052798455539
n_total,1000,start,0.8696879778699665,6,5,ari_generalizability_quant,3,0.4944975995366947,False,False,0.4402485037468412
n_total,1000,start,0.8696879778699665,6,5,ari_generalizability_quant,4,0.48761874177267217,False,False,0.5716339178914198
n_total,1000,start,0.8696879778699665,6,5,ari_generalizability_quant,5,0.6598431888222313,True,True,0.7604897536419538
n_total,1000,start,0.8696879778699665,6,5,ari_generalizability_quant,6,0.5405039590503506,False,False,0.760313174456631
n_total,1000,start,0.8696879778699665,6,5,ari_generalizability_quant,7,0.4604456101541502,False,False,0.775052798455539
n_total,1000,start,0.8696879778699665,6,5,ari_stability,3,0.7827732407688643,False,False,0.49379882108597445
n_total,1000,start,0.8696879778699665,6,5,ari_stability,4,0.763749456112766,False,False,0.6570846353578059
n_total,1000,start,0.8696879778699665,6,5,ari_stability,5,0.9028320779802209,True,True,0.8614354426879456
n_total,1000,start,0.8696879778699665,6,5,ari_stability,6,0.7650988751609518,False,False,0.7163021658208023
n_total,1000,start,0.8696879778699665,6,5,ari_stability,7,0.6203263168231967,False,False,0.7126831277038624
n_total,1000,start,0.8696879778699665,6,5,ari_stability_1se,3,0.7827732407688643,False,False,0.49379882108597445
n_total,1000,start,0.8696879778699665,6,5,ari_stability_1se,4,0.763749456112766,False,False,0.6570846353578059
n_total,1000,start,0.8696879778699665,6,5,ari_stability_1se,5,0.9028320779802209,True,True,0.8614354426879456
n_total,1000,start,0.8696879778699665,6,5,ari_stability_1se,6,0.7650988751609518,False,False,0.7163021658208023
n_total,1000,start,0.8696879778699665,6,5,ari_stability_1se,7,0.6203263168231967,False,False,0.7126831277038624
n_total,1000,start,0.8696879778699665,6,5,ari_stability_quant,3,0.7827732407688643,False,False,0.49379882108597445
n_total,1000,start,0.8696879778699665,6,5,ari_stability_quant,4,0.763749456112766,False,False,0.6570846353578059
n_total,1000,start,0.8696879778699665,6,5,ari_stability_quant,5,0.9028320779802209,True,True,0.8614354426879456
n_total,1000,start,0.8696879778699665,6,5,ari_stability_quant,6,0.7650988751609518,False,False,0.7163021658208023
n_total,1000,start,0.8696879778699665,6,5,ari_stability_quant,7,0.6203263168231967,False,False,0.7126831277038624
n_total,1000,start,0.8696879778699665,6,5,consensus_ce_stability,3,0.7830123789632626,False,False,0.49379882108597445
n_total,1000,start,0.8696879778699665,6,5,consensus_ce_stability,4,0.7834297861715974,False,False,0.6570846353578059
n_total,1000,start,0.8696879778699665,6,5,consensus_ce_stability,5,0.9278825751189516,True,True,0.8614354426879456
n_total,1000,start,0.8696879778699665,6,5,consensus_ce_stability,6,0.8575139940253176,False,False,0.7163021658208023
n_total,1000,start,0.8696879778699665,6,5,consensus_ce_stability,7,0.7843593012157772,False,False,0.7126831277038624
n_total,1000,start,0.8696879778699665,6,5,consensus_gini_stability,3,0.8118592419609402,False,False,0.49379882108597445
n_total,1000,start,0.8696879778699665,6,5,consensus_gini_stability,4,0.8151783829394224,False,False,0.6570846353578059
n_total,1000,start,0.8696879778699665,6,5,consensus_gini_stability,5,0.9368440074791268,True,True,0.8614354426879456
n_total,1000,start,0.8696879778699665,6,5,consensus_gini_stability,6,0.8736344617673667,False,False,0.7163021658208023
n_total,1000,start,0.8696879778699665,6,5,consensus_gini_stability,7,0.8108816352596883,False,False,0.7126831277038624
n_total,1000,start,0.8696879778699665,6,5,consensus_pac_stability,3,0.710012012012012,False,False,0.49379882108597445
n_total,1000,start,0.8696879778699665,6,5,consensus_pac_stability,4,0.6986946946946947,False,False,0.6570846353578059
n_total,1000,start,0.8696879778699665,6,5,consensus_pac_stability,5,0.9029029029029029,True,True,0.8614354426879456
n_total,1000,start,0.8696879778699665,6,5,consensus_pac_stability,6,0.8143283283283284,False,False,0.7163021658208023
n_total,1000,start,0.8696879778699665,6,5,consensus_pac_stability,7,0.7118558558558559,False,False,0.7126831277038624
n_total,1000,start,0.8696879778699665,6,5,silhouette,3,0.05397320156446122,False,False,0.4933641222482013
n_total,1000,start,0.8696879778699665,6,5,silhouette,4,0.05941253872281107,False,False,0.647195551268731
n_total,1000,start,0.8696879778699665,6,5,silhouette,5,0.06427233899641432,True,True,0.8696879778699665
n_total,1000,start,0.8696879778699665,6,5,silhouette,6,0.05441855238891243,False,False,0.7251720829978481
n_total,1000,start,0.8696879778699665,6,5,silhouette,7,0.04915314994671577,False,False,0.6189340016795298
n_total,1000,start,0.8696879778699665,6,5,gap,3,1.30917158003186,False,False,0.4933641222482013
n_total,1000,start,0.8696879778699665,6,5,gap,4,1.3297972924032013,False,False,0.647195551268731
n_total,1000,start,0.8696879778699665,6,5,gap,5,1.3515189683333855,False,True,0.8696879778699665
n_total,1000,start,0.8696879778699665,6,5,gap,6,1.3583079560504263,False,False,0.7251720829978481
n_total,1000,start,0.8696879778699665,6,5,gap,7,1.3610626692485308,True,False,0.6189340016795298
n_total,1000,start,0.8696879778699665,6,5,davies_bouldin,3,0.20717752452970942,False,False,0.4933641222482013
n_total,1000,start,0.8696879778699665,6,5,davies_bouldin,4,0.2302432947335161,False,False,0.647195551268731
n_total,1000,start,0.8696879778699665,6,5,davies_bouldin,5,0.2411711378697368,True,True,0.8696879778699665
n_total,1000,start,0.8696879778699665,6,5,davies_bouldin,6,0.22517895619005035,False,False,0.7251720829978481
n_total,1000,start,0.8696879778699665,6,5,davies_bouldin,7,0.21921621480038664,False,False,0.6189340016795298
n_total,1000,start,0.8696879778699665,6,5,calinski_harabasz,3,51.669929154134955,True,False,0.4933641222482013
n_total,1000,start,0.8696879778699665,6,5,calinski_harabasz,4,46.57963928555244,False,False,0.647195551268731
n_total,1000,start,0.8696879778699665,6,5,calinski_harabasz,5,44.02644095696861,False,True,0.8696879778699665
n_total,1000,start,0.8696879778699665,6,5,calinski_harabasz,6,38.87707812545668,False,False,0.7251720829978481
n_total,1000,start,0.8696879778699665,6,5,calinski_harabasz,7,34.508511332154534,False,False,0.6189340016795298
n_total,1000,start,0.8696391580899199,7,5,accuracy_generalizability,3,0.7956387019107322,True,False,0.6493306508859856
n_total,1000,start,0.8696391580899199,7,5,accuracy_generalizability,4,0.7906781935269587,False,False,0.7128191279380619
n_total,1000,start,0.8696391580899199,7,5,accuracy_generalizability,5,0.7430963185763285,False,True,0.7557730805539162
n_total,1000,start,0.8696391580899199,7,5,accuracy_generalizability,6,0.7138098303906386,False,False,0.8278474662529253
n_total,1000,start,0.8696391580899199,7,5,accuracy_generalizability,7,0.6337038507947332,False,False,0.8282442334857126
n_total,1000,start,0.8696391580899199,7,5,ari_generalizability,3,0.5632978486262827,False,False,0.6493306508859856
n_total,1000,start,0.8696391580899199,7,5,ari_generalizability,4,0.6029996556263335,True,False,0.7128191279380619
n_total,1000,start,0.8696391580899199,7,5,ari_generalizability,5,0.5494113767819605,False,True,0.7557730805539162
n_total,1000,start,0.8696391580899199,7,5,ari_generalizability,6,0.49082118866541274,False,False,0.8278474662529253
n_total,1000,start,0.8696391580899199,7,5,ari_generalizability,7,0.4328381861332858,False,False,0.8282442334857126
n_total,1000,start,0.8696391580899199,7,5,ari_generalizability_1se,3,0.5632978486262827,False,False,0.6493306508859856
n_total,1000,start,0.8696391580899199,7,5,ari_generalizability_1se,4,0.6029996556263335,True,False,0.7128191279380619
n_total,1000,start,0.8696391580899199,7,5,ari_generalizability_1se,5,0.5494113767819605,False,True,0.7557730805539162
n_total,1000,start,0.8696391580899199,7,5,ari_generalizability_1se,6,0.49082118866541274,False,False,0.8278474662529253
n_total,1000,start,0.8696391580899199,7,5,ari_generalizability_1se,7,0.4328381861332858,False,False,0.8282442334857126
n_total,1000,start,0.8696391580899199,7,5,ari_generalizability_quant,3,0.5632978486262827,False,False,0.6493306508859856
n_total,1000,start,0.8696391580899199,7,5,ari_generalizability_quant,4,0.6029996556263335,False,False,0.7128191279380619
n_total,1000,start,0.8696391580899199,7,5,ari_generalizability_quant,5,0.5494113767819605,True,True,0.7557730805539162
n_total,1000,start,0.8696391580899199,7,5,ari_generalizability_quant,6,0.49082118866541274,False,False,0.8278474662529253
n_total,1000,start,0.8696391580899199,7,5,ari_generalizability_quant,7,0.4328381861332858,False,False,0.8282442334857126
n_total,1000,start,0.8696391580899199,7,5,ari_stability,3,0.7819466483456472,False,False,0.6610147735449339
n_total,1000,start,0.8696391580899199,7,5,ari_stability,4,0.8392563339472602,False,False,0.7971318105721926
n_total,1000,start,0.8696391580899199,7,5,ari_stability,5,0.8750516019181279,True,True,0.8707040750119629
n_total,1000,start,0.8696391580899199,7,5,ari_stability,6,0.7338807377484576,False,False,0.6667822318116254
n_total,1000,start,0.8696391580899199,7,5,ari_stability,7,0.6441152028315673,False,False,0.5803874421469022
n_total,1000,start,0.8696391580899199,7,5,ari_stability_1se,3,0.7819466483456472,False,False,0.6610147735449339
n_total,1000,start,0.8696391580899199,7,5,ari_stability_1se,4,0.8392563339472602,False,False,0.7971318105721926
n_total,1000,start,0.8696391580899199,7,5,ari_stability_1se,5,0.8750516019181279,True,True,0.8707040750119629
n_total,1000,start,0.8696391580899199,7,5,ari_stability_1se,6,0.7338807377484576,False,False,0.6667822318116254
n_total,1000,start,0.8696391580899199,7,5,ari_stability_1se,7,0.6441152028315673,False,False,0.5803874421469022
n_total,1000,start,0.8696391580899199,7,5,ari_stability_quant,3,0.7819466483456472,False,False,0.6610147735449339
n_total,1000,start,0.8696391580899199,7,5,ari_stability_quant,4,0.8392563339472602,False,False,0.7971318105721926
n_total,1000,start,0.8696391580899199,7,5,ari_stability_quant,5,0.8750516019181279,False,True,0.8707040750119629
n_total,1000,start,0.8696391580899199,7,5,ari_stability_quant,6,0.7338807377484576,False,False,0.6667822318116254
n_total,1000,start,0.8696391580899199,7,5,ari_stability_quant,7,0.6441152028315673,True,False,0.5803874421469022
n_total,1000,start,0.8696391580899199,7,5,consensus_ce_stability,3,0.7847846503913632,False,False,0.6610147735449339
n_total,1000,start,0.8696391580899199,7,5,consensus_ce_stability,4,0.8581363577716934,False,False,0.7971318105721926
n_total,1000,start,0.8696391580899199,7,5,consensus_ce_stability,5,0.8854858782101833,True,True,0.8707040750119629
n_total,1000,start,0.8696391580899199,7,5,consensus_ce_stability,6,0.8293776270063524,False,False,0.6667822318116254
n_total,1000,start,0.8696391580899199,7,5,consensus_ce_stability,7,0.8035975426855423,False,False,0.5803874421469022
n_total,1000,start,0.8696391580899199,7,5,consensus_gini_stability,3,0.8144058498303818,False,False,0.6610147735449339
n_total,1000,start,0.8696391580899199,7,5,consensus_gini_stability,4,0.8729789803828087,False,False,0.7971318105721926
n_total,1000,start,0.8696391580899199,7,5,consensus_gini_stability,5,0.9075697554601632,True,True,0.8707040750119629
n_total,1000,start,0.8696391580899199,7,5,consensus_gini_stability,6,0.8452847805872029,False,False,0.6667822318116254
n_total,1000,start,0.8696391580899199,7,5,consensus_gini_stability,7,0.8248335497093062,False,False,0.5803874421469022
n_total,1000,start,0.8696391580899199,7,5,consensus_pac_stability,3,0.6925865865865866,False,False,0.6610147735449339
n_total,1000,start,0.8696391580899199,7,5,consensus_pac_stability,4,0.8212132132132133,False,False,0.7971318105721926
n_total,1000,start,0.8696391580899199,7,5,consensus_pac_stability,5,0.8298678678678679,True,True,0.8707040750119629
n_total,1000,start,0.8696391580899199,7,5,consensus_pac_stability,6,0.782946946946947,False,False,0.6667822318116254
n_total,1000,start,0.8696391580899199,7,5,consensus_pac_stability,7,0.7447407407407407,False,False,0.5803874421469022
n_total,1000,start,0.8696391580899199,7,5,silhouette,3,0.05796109681393317,False,False,0.6470167067214346
n_total,1000,start,0.8696391580899199,7,5,silhouette,4,0.06225645859274236,False,False,0.7863395068260105
n_total,1000,start,0.8696391580899199,7,5,silhouette,5,0.06493215208681093,True,True,0.8696391580899199
n_total,1000,start,0.8696391580899199,7,5,silhouette,6,0.05321027115140066,False,False,0.6612156416768451
n_total,1000,start,0.8696391580899199,7,5,silhouette,7,0.04895386848563491,False,False,0.5565528294831752
n_total,1000,start,0.8696391580899199,7,5,gap,3,1.314581096204554,False,False,0.6470167067214346
n_total,1000,start,0.8696391580899199,7,5,gap,4,1.3334828795528146,False,False,0.7863395068260105
n_total,1000,start,0.8696391580899199,7,5,gap,5,1.34936346535879,False,True,0.8696391580899199
n_total,1000,start,0.8696391580899199,7,5,gap,6,1.3588622224517657,False,False,0.6612156416768451
n_total,1000,start,0.8696391580899199,7,5,gap,7,1.363376109693709,True,False,0.5565528294831752
n_total,1000,start,0.8696391580899199,7,5,davies_bouldin,3,0.20745941424642636,False,False,0.6470167067214346
n_total,1000,start,0.8696391580899199,7,5,davies_bouldin,4,0.2265800098366862,False,False,0.7863395068260105
n_total,1000,start,0.8696391580899199,7,5,davies_bouldin,5,0.2451348260156179,True,True,0.8696391580899199
n_total,1000,start,0.8696391580899199,7,5,davies_bouldin,6,0.2247393477407475,False,False,0.6612156416768451
n_total,1000,start,0.8696391580899199,7,5,davies_bouldin,7,0.22764522159432143,False,False,0.5565528294831752
n_total,1000,start,0.8696391580899199,7,5,calinski_harabasz,3,52.23018101096975,True,False,0.6470167067214346
n_total,1000,start,0.8696391580899199,7,5,calinski_harabasz,4,46.352113743762864,False,False,0.7863395068260105
n_total,1000,start,0.8696391580899199,7,5,calinski_harabasz,5,42.21481010912188,False,True,0.8696391580899199
n_total,1000,start,0.8696391580899199,7,5,calinski_harabasz,6,38.04065808521246,False,False,0.6612156416768451
n_total,1000,start,0.8696391580899199,7,5,calinski_harabasz,7,34.18082642028093,False,False,0.5565528294831752
n_total,1000,start,0.9485887769366828,8,5,accuracy_generalizability,3,0.7753660548723111,False,False,0.6386914259742662
n_total,1000,start,0.9485887769366828,8,5,accuracy_generalizability,4,0.8288489250156186,True,False,0.8113240141168746
n_total,1000,start,0.9485887769366828,8,5,accuracy_generalizability,5,0.7200196728502966,False,True,0.8154500135580963
n_total,1000,start,0.9485887769366828,8,5,accuracy_generalizability,6,0.6926772264635395,False,False,0.8667551555917954
n_total,1000,start,0.9485887769366828,8,5,accuracy_generalizability,7,0.6126271365186242,False,False,0.8720336274856016
n_total,1000,start,0.9485887769366828,8,5,ari_generalizability,3,0.5319729740203097,False,False,0.6386914259742662
n_total,1000,start,0.9485887769366828,8,5,ari_generalizability,4,0.6451428692935126,True,False,0.8113240141168746
n_total,1000,start,0.9485887769366828,8,5,ari_generalizability,5,0.531091952930137,False,True,0.8154500135580963
n_total,1000,start,0.9485887769366828,8,5,ari_generalizability,6,0.4796562265573588,False,False,0.8667551555917954
n_total,1000,start,0.9485887769366828,8,5,ari_generalizability,7,0.41736114669491103,False,False,0.8720336274856016
n_total,1000,start,0.9485887769366828,8,5,ari_generalizability_1se,3,0.5319729740203097,False,False,0.6386914259742662
n_total,1000,start,0.9485887769366828,8,5,ari_generalizability_1se,4,0.6451428692935126,True,False,0.8113240141168746
n_total,1000,start,0.9485887769366828,8,5,ari_generalizability_1se,5,0.531091952930137,False,True,0.8154500135580963
n_total,1000,start,0.9485887769366828,8,5,ari_generalizability_1se,6,0.4796562265573588,False,False,0.8667551555917954
n_total,1000,start,0.9485887769366828,8,5,ari_generalizability_1se,7,0.41736114669491103,False,False,0.8720336274856016
n_total,1000,start,0.9485887769366828,8,5,ari_generalizability_quant,3,0.5319729740203097,False,False,0.6386914259742662
n_total,1000,start,0.9485887769366828,8,5,ari_generalizability_quant,4,0.6451428692935126,False,False,0.8113240141168746
n_total,1000,start,0.9485887769366828,8,5,ari_generalizability_quant,5,0.531091952930137,False,True,0.8154500135580963
n_total,1000,start,0.9485887769366828,8,5,ari_generalizability_quant,6,0.4796562265573588,True,False,0.8667551555917954
n_total,1000,start,0.9485887769366828,8,5,ari_generalizability_quant,7,0.41736114669491103,False,False,0.8720336274856016
n_total,1000,start,0.9485887769366828,8,5,ari_stability,3,0.7334321233977614,False,False,0.656223890532882
n_total,1000,start,0.9485887769366828,8,5,ari_stability,4,0.9081318351221642,True,False,0.86146849613447
n_total,1000,start,0.9485887769366828,8,5,ari_stability,5,0.8689466639675085,False,True,0.9284501703197954
n_total,1000,start,0.9485887769366828,8,5,ari_stability,6,0.7216844343330712,False,False,0.9352207600607766
n_total,1000,start,0.9485887769366828,8,5,ari_stability,7,0.6405824097364894,False,False,0.7177205992964114
n_total,1000,start,0.9485887769366828,8,5,ari_stability_1se,3,0.7334321233977614,False,False,0.656223890532882
n_total,1000,start,0.9485887769366828,8,5,ari_stability_1se,4,0.9081318351221642,True,False,0.86146849613447
n_total,1000,start,0.9485887769366828,8,5,ari_stability_1se,5,0.8689466639675085,False,True,0.9284501703197954
n_total,1000,start,0.9485887769366828,8,5,ari_stability_1se,6,0.7216844343330712,False,False,0.9352207600607766
n_total,1000,start,0.9485887769366828,8,5,ari_stability_1se,7,0.6405824097364894,False,False,0.7177205992964114
n_total,1000,start,0.9485887769366828,8,5,ari_stability_quant,3,0.7334321233977614,False,False,0.656223890532882
n_total,1000,start,0.9485887769366828,8,5,ari_stability_quant,4,0.9081318351221642,False,False,0.86146849613447
n_total,1000,start,0.9485887769366828,8,5,ari_stability_quant,5,0.8689466639675085,True,True,0.9284501703197954
n_total,1000,start,0.9485887769366828,8,5,ari_stability_quant,6,0.7216844343330712,False,False,0.9352207600607766
n_total,1000,start,0.9485887769366828,8,5,ari_stability_quant,7,0.6405824097364894,False,False,0.7177205992964114
n_total,1000,start,0.9485887769366828,8,5,consensus_ce_stability,3,0.7377244390115916,False,False,0.656223890532882
n_total,1000,start,0.9485887769366828,8,5,consensus_ce_stability,4,0.9178329157143462,True,False,0.86146849613447
n_total,1000,start,0.9485887769366828,8,5,consensus_ce_stability,5,0.8864140758149633,False,True,0.9284501703197954
n_total,1000,start,0.9485887769366828,8,5,consensus_ce_stability,6,0.830647826784101,False,False,0.9352207600607766
n_total,1000,start,0.9485887769366828,8,5,consensus_ce_stability,7,0.7954422520134188,False,False,0.7177205992964114
n_total,1000,start,0.9485887769366828,8,5,consensus_gini_stability,3,0.7575229030299889,False,False,0.656223890532882
n_total,1000,start,0.9485887769366828,8,5,consensus_gini_stability,4,0.9291600237311002,True,False,0.86146849613447
n_total,1000,start,0.9485887769366828,8,5,consensus_gini_stability,5,0.9087289613965082,False,True,0.9284501703197954
n_total,1000,start,0.9485887769366828,8,5,consensus_gini_stability,6,0.8469969852583215,False,False,0.9352207600607766
n_total,1000,start,0.9485887769366828,8,5,consensus_gini_stability,7,0.8183379688830525,False,False,0.7177205992964114
n_total,1000,start,0.9485887769366828,8,5,consensus_pac_stability,3,0.6796556556556557,False,False,0.656223890532882
n_total,1000,start,0.9485887769366828,8,5,consensus_pac_stability,4,0.89397997997998,True,False,0.86146849613447
n_total,1000,start,0.9485887769366828,8,5,consensus_pac_stability,5,0.8349189189189189,False,True,0.9284501703197954
n_total,1000,start,0.9485887769366828,8,5,consensus_pac_stability,6,0.7820520520520521,False,False,0.9352207600607766
n_total,1000,start,0.9485887769366828,8,5,consensus_pac_stability,7,0.7315075075075075,False,False,0.7177205992964114
n_total,1000,start,0.9485887769366828,8,5,silhouette,3,0.055701873608676046,False,False,0.6490194067653022
n_total,1000,start,0.9485887769366828,8,5,silhouette,4,0.06282152347695748,False,False,0.8609239505700719
n_total,1000,start,0.9485887769366828,8,5,silhouette,5,0.06642365436504832,True,True,0.9485887769366828
n_total,1000,start,0.9485887769366828,8,5,silhouette,6,0.0526641791103237,False,False,0.7235763917100216
n_total,1000,start,0.9485887769366828,8,5,silhouette,7,0.0496262702324985,False,False,0.6346382171586042
n_total,1000,start,0.9485887769366828,8,5,gap,3,1.2871103917433846,False,False,0.6490194067653022
n_total,1000,start,0.9485887769366828,8,5,gap,4,1.3074600555002434,False,False,0.8609239505700719
n_total,1000,start,0.9485887769366828,8,5,gap,5,1.3223640335441793,False,True,0.9485887769366828
n_total,1000,start,0.9485887769366828,8,5,gap,6,1.3319076718545322,False,False,0.7235763917100216
n_total,1000,start,0.9485887769366828,8,5,gap,7,1.3382126857695713,True,False,0.6346382171586042
n_total,1000,start,0.9485887769366828,8,5,davies_bouldin,3,0.2156717502866013,False,False,0.6490194067653022
n_total,1000,start,0.9485887769366828,8,5,davies_bouldin,4,0.2160201243456247,False,False,0.8609239505700719
n_total,1000,start,0.9485887769366828,8,5,davies_bouldin,5,0.24215268090507763,True,True,0.9485887769366828
n_total,1000,start,0.9485887769366828,8,5,davies_bouldin,6,0.22326169258132558,False,False,0.7235763917100216
n_total,1000,start,0.9485887769366828,8,5,davies_bouldin,7,0.22938476322049647,False,False,0.6346382171586042
n_total,1000,start,0.9485887769366828,8,5,calinski_harabasz,3,49.40323544116149,True,False,0.6490194067653022
n_total,1000,start,0.9485887769366828,8,5,calinski_harabasz,4,44.8392933096889,False,False,0.8609239505700719
n_total,1000,start,0.9485887769366828,8,5,calinski_harabasz,5,40.516618891540425,False,True,0.9485887769366828
n_total,1000,start,0.9485887769366828,8,5,calinski_harabasz,6,36.70869151418878,False,False,0.7235763917100216
n_total,1000,start,0.9485887769366828,8,5,calinski_harabasz,7,33.364757999354325,False,False,0.6346382171586042
n_total,1000,start,0.8061935489281316,9,5,accuracy_generalizability,3,0.7295482596724082,False,False,0.5575914735074758
n_total,1000,start,0.8061935489281316,9,5,accuracy_generalizability,4,0.7862111937475297,True,False,0.6527861521178921
n_total,1000,start,0.8061935489281316,9,5,accuracy_generalizability,5,0.6562673298605561,False,True,0.6962709001785174
n_total,1000,start,0.8061935489281316,9,5,accuracy_generalizability,6,0.6400970187692716,False,False,0.7488280140153306
n_total,1000,start,0.8061935489281316,9,5,accuracy_generalizability,7,0.5803374564882428,False,False,0.5751898983425843
n_total,1000,start,0.8061935489281316,9,5,ari_generalizability,3,0.463948061606333,False,False,0.5575914735074758
n_total,1000,start,0.8061935489281316,9,5,ari_generalizability,4,0.5578740396111636,True,False,0.6527861521178921
n_total,1000,start,0.8061935489281316,9,5,ari_generalizability,5,0.4411522311807194,False,True,0.6962709001785174
n_total,1000,start,0.8061935489281316,9,5,ari_generalizability,6,0.3990988224115894,False,False,0.7488280140153306
n_total,1000,start,0.8061935489281316,9,5,ari_generalizability,7,0.36223328666319804,False,False,0.5751898983425843
n_total,1000,start,0.8061935489281316,9,5,ari_generalizability_1se,3,0.463948061606333,False,False,0.5575914735074758
n_total,1000,start,0.8061935489281316,9,5,ari_generalizability_1se,4,0.5578740396111636,True,False,0.6527861521178921
n_total,1000,start,0.8061935489281316,9,5,ari_generalizability_1se,5,0.4411522311807194,False,True,0.6962709001785174
n_total,1000,start,0.8061935489281316,9,5,ari_generalizability_1se,6,0.3990988224115894,False,False,0.7488280140153306
n_total,1000,start,0.8061935489281316,9,5,ari_generalizability_1se,7,0.36223328666319804,False,False,0.5751898983425843
n_total,1000,start,0.8061935489281316,9,5,ari_generalizability_quant,3,0.463948061606333,False,False,0.5575914735074758
n_total,1000,start,0.8061935489281316,9,5,ari_generalizability_quant,4,0.5578740396111636,False,False,0.6527861521178921
n_total,1000,start,0.8061935489281316,9,5,ari_generalizability_quant,5,0.4411522311807194,True,True,0.6962709001785174
n_total,1000,start,0.8061935489281316,9,5,ari_generalizability_quant,6,0.3990988224115894,False,False,0.7488280140153306
n_total,1000,start,0.8061935489281316,9,5,ari_generalizability_quant,7,0.36223328666319804,False,False,0.5751898983425843
n_total,1000,start,0.8061935489281316,9,5,ari_stability,3,0.6239372196537363,False,False,0.5978147810798186
n_total,1000,start,0.8061935489281316,9,5,ari_stability,4,0.8136678358077114,True,False,0.6919876535318823
n_total,1000,start,0.8061935489281316,9,5,ari_stability,5,0.7069176754802199,False,True,0.7900711431965152
n_total,1000,start,0.8061935489281316,9,5,ari_stability,6,0.6601565304186814,False,False,0.6034485539335772
n_total,1000,start,0.8061935489281316,9,5,ari_stability,7,0.5756051158264804,False,False,0.6117663404675646
n_total,1000,start,0.8061935489281316,9,5,ari_stability_1se,3,0.6239372196537363,False,False,0.5978147810798186
n_total,1000,start,0.8061935489281316,9,5,ari_stability_1se,4,0.8136678358077114,True,False,0.6919876535318823
n_total,1000,start,0.8061935489281316,9,5,ari_stability_1se,5,0.7069176754802199,False,True,0.7900711431965152
n_total,1000,start,0.8061935489281316,9,5,ari_stability_1se,6,0.6601565304186814,False,False,0.6034485539335772
n_total,1000,start,0.8061935489281316,9,5,ari_stability_1se,7,0.5756051158264804,False,False,0.6117663404675646
n_total,1000,start,0.8061935489281316,9,5,ari_stability_quant,3,0.6239372196537363,False,False,0.5978147810798186
n_total,1000,start,0.8061935489281316,9,5,ari_stability_quant,4,0.8136678358077114,False,False,0.6919876535318823
n_total,1000,start,0.8061935489281316,9,5,ari_stability_quant,5,0.7069176754802199,True,True,0.7900711431965152
n_total,1000,start,0.8061935489281316,9,5,ari_stability_quant,6,0.6601565304186814,False,False,0.6034485539335772
n_total,1000,start,0.8061935489281316,9,5,ari_stability_quant,7,0.5756051158264804,False,False,0.6117663404675646
n_total,1000,start,0.8061935489281316,9,5,consensus_ce_stability,3,0.6612955268303142,False,False,0.5978147810798186
n_total,1000,start,0.8061935489281316,9,5,consensus_ce_stability,4,0.8386710749872162,True,False,0.6919876535318823
n_total,1000,start,0.8061935489281316,9,5,consensus_ce_stability,5,0.7666765980313431,False,True,0.7900711431965152
n_total,1000,start,0.8061935489281316,9,5,consensus_ce_stability,6,0.7868403151271661,False,False,0.6034485539335772
n_total,1000,start,0.8061935489281316,9,5,consensus_ce_stability,7,0.7603485191475707,False,False,0.6117663404675646
n_total,1000,start,0.8061935489281316,9,5,consensus_gini_stability,3,0.6938753077355344,False,False,0.5978147810798186
n_total,1000,start,0.8061935489281316,9,5,consensus_gini_stability,4,0.8581112546733153,True,False,0.6919876535318823
n_total,1000,start,0.8061935489281316,9,5,consensus_gini_stability,5,0.7941531796993733,False,True,0.7900711431965152
n_total,1000,start,0.8061935489281316,9,5,consensus_gini_stability,6,0.8096713681734133,False,False,0.6034485539335772
n_total,1000,start,0.8061935489281316,9,5,consensus_gini_stability,7,0.7883358902096718,False,False,0.6117663404675646
n_total,1000,start,0.8061935489281316,9,5,consensus_pac_stability,3,0.5605625625625625,False,False,0.5978147810798186
n_total,1000,start,0.8061935489281316,9,5,consensus_pac_stability,4,0.784986986986987,True,False,0.6919876535318823
n_total,1000,start,0.8061935489281316,9,5,consensus_pac_stability,5,0.6881581581581582,False,True,0.7900711431965152
n_total,1000,start,0.8061935489281316,9,5,consensus_pac_stability,6,0.7223643643643644,False,False,0.6034485539335772
n_total,1000,start,0.8061935489281316,9,5,consensus_pac_stability,7,0.6854694694694694,False,False,0.6117663404675646
n_total,1000,start,0.8061935489281316,9,5,silhouette,3,0.05587671970427593,False,False,0.6180811983588406
n_total,1000,start,0.8061935489281316,9,5,silhouette,4,0.058372986403583134,False,False,0.7055729967689487
n_total,1000,start,0.8061935489281316,9,5,silhouette,5,0.06154662898848459,True,True,0.8061935489281316
n_total,1000,start,0.8061935489281316,9,5,silhouette,6,0.05020063250035267,False,False,0.6339721501803608
n_total,1000,start,0.8061935489281316,9,5,silhouette,7,0.044986367827581246,False,False,0.5327600739873409
n_total,1000,start,0.8061935489281316,9,5,gap,3,1.3068188633302036,False,False,0.6180811983588406
n_total,1000,start,0.8061935489281316,9,5,gap,4,1.3259349276126073,False,False,0.7055729967689487
n_total,1000,start,0.8061935489281316,9,5,gap,5,1.3379762308829264,False,True,0.8061935489281316
n_total,1000,start,0.8061935489281316,9,5,gap,6,1.3492393496393422,False,False,0.6339721501803608
n_total,1000,start,0.8061935489281316,9,5,gap,7,1.3535724261585766,True,False,0.5327600739873409
n_total,1000,start,0.8061935489281316,9,5,davies_bouldin,3,0.20720851418964487,False,False,0.6180811983588406
n_total,1000,start,0.8061935489281316,9,5,davies_bouldin,4,0.22159755891662716,False,False,0.7055729967689487
n_total,1000,start,0.8061935489281316,9,5,davies_bouldin,5,0.2373536440330134,True,True,0.8061935489281316
n_total,1000,start,0.8061935489281316,9,5,davies_bouldin,6,0.2225879752956122,False,False,0.6339721501803608
n_total,1000,start,0.8061935489281316,9,5,davies_bouldin,7,0.22437666592121028,False,False,0.5327600739873409
n_total,1000,start,0.8061935489281316,9,5,calinski_harabasz,3,51.44692877523028,True,False,0.6180811983588406
n_total,1000,start,0.8061935489281316,9,5,calinski_harabasz,4,45.7603120094592,False,False,0.7055729967689487
n_total,1000,start,0.8061935489281316,9,5,calinski_harabasz,5,40.56807765437564,False,True,0.8061935489281316
n_total,1000,start,0.8061935489281316,9,5,calinski_harabasz,6,36.93927061406726,False,False,0.6339721501803608
n_total,1000,start,0.8061935489281316,9,5,calinski_harabasz,7,33.13394843733904,False,False,0.5327600739873409
n_total,1000,start,0.8068950147483076,10,5,accuracy_generalizability,3,0.7541594875388989,False,False,0.49934020248832317
n_total,1000,start,0.8068950147483076,10,5,accuracy_generalizability,4,0.8456015529490667,True,False,0.7014966427263337
n_total,1000,start,0.8068950147483076,10,5,accuracy_generalizability,5,0.7542701523617243,False,True,0.7289843814185144
n_total,1000,start,0.8068950147483076,10,5,accuracy_generalizability,6,0.6452409329329809,False,False,0.7432758278803328
n_total,1000,start,0.8068950147483076,10,5,accuracy_generalizability,7,0.5522727585332763,False,False,0.7553108947928687
n_total,1000,start,0.8068950147483076,10,5,ari_generalizability,3,0.43917810543212765,False,False,0.49934020248832317
n_total,1000,start,0.8068950147483076,10,5,ari_generalizability,4,0.6418622708156987,True,False,0.7014966427263337
n_total,1000,start,0.8068950147483076,10,5,ari_generalizability,5,0.5525765763097084,False,True,0.7289843814185144
n_total,1000,start,0.8068950147483076,10,5,ari_generalizability,6,0.45379323973669794,False,False,0.7432758278803328
n_total,1000,start,0.8068950147483076,10,5,ari_generalizability,7,0.3629404818208543,False,False,0.7553108947928687
n_total,1000,start,0.8068950147483076,10,5,ari_generalizability_1se,3,0.43917810543212765,False,False,0.49934020248832317
n_total,1000,start,0.8068950147483076,10,5,ari_generalizability_1se,4,0.6418622708156987,True,False,0.7014966427263337
n_total,1000,start,0.8068950147483076,10,5,ari_generalizability_1se,5,0.5525765763097084,False,True,0.7289843814185144
n_total,1000,start,0.8068950147483076,10,5,ari_generalizability_1se,6,0.45379323973669794,False,False,0.7432758278803328
n_total,1000,start,0.8068950147483076,10,5,ari_generalizability_1se,7,0.3629404818208543,False,False,0.7553108947928687
n_total,1000,start,0.8068950147483076,10,5,ari_generalizability_quant,3,0.43917810543212765,False,False,0.49934020248832317
n_total,1000,start,0.8068950147483076,10,5,ari_generalizability_quant,4,0.6418622708156987,True,False,0.7014966427263337
n_total,1000,start,0.8068950147483076,10,5,ari_generalizability_quant,5,0.5525765763097084,False,True,0.7289843814185144
n_total,1000,start,0.8068950147483076,10,5,ari_generalizability_quant,6,0.45379323973669794,False,False,0.7432758278803328
n_total,1000,start,0.8068950147483076,10,5,ari_generalizability_quant,7,0.3629404818208543,False,False,0.7553108947928687
n_total,1000,start,0.8068950147483076,10,5,ari_stability,3,0.7012464292691923,False,False,0.5889540522567913
n_total,1000,start,0.8068950147483076,10,5,ari_stability,4,0.8735881030126058,True,False,0.7502759346462051
n_total,1000,start,0.8068950147483076,10,5,ari_stability,5,0.8271845502339384,False,True,0.8040437609987553
n_total,1000,start,0.8068950147483076,10,5,ari_stability,6,0.6469926147500255,False,False,0.8085142691555739
n_total,1000,start,0.8068950147483076,10,5,ari_stability,7,0.5497208082761008,False,False,0.8022826034699473
n_total,1000,start,0.8068950147483076,10,5,ari_stability_1se,3,0.7012464292691923,False,False,0.5889540522567913
n_total,1000,start,0.8068950147483076,10,5,ari_stability_1se,4,0.8735881030126058,True,False,0.7502759346462051
n_total,1000,start,0.8068950147483076,10,5,ari_stability_1se,5,0.8271845502339384,False,True,0.8040437609987553
n_total,1000,start,0.8068950147483076,10,5,ari_stability_1se,6,0.6469926147500255,False,False,0.8085142691555739
n_total,1000,start,0.8068950147483076,10,5,ari_stability_1se,7,0.5497208082761008,False,False,0.8022826034699473
n_total,1000,start,0.8068950147483076,10,5,ari_stability_quant,3,0.7012464292691923,False,False,0.5889540522567913
n_total,1000,start,0.8068950147483076,10,5,ari_stability_quant,4,0.8735881030126058,False,False,0.7502759346462051
n_total,1000,start,0.8068950147483076,10,5,ari_stability_quant,5,0.8271845502339384,True,True,0.8040437609987553
n_total,1000,start,0.8068950147483076,10,5,ari_stability_quant,6,0.6469926147500255,False,False,0.8085142691555739
n_total,1000,start,0.8068950147483076,10,5,ari_stability_quant,7,0.5497208082761008,False,False,0.8022826034699473
n_total,1000,start,0.8068950147483076,10,5,consensus_ce_stability,3,0.7004318213890892,False,False,0.5889540522567913
n_total,1000,start,0.8068950147483076,10,5,consensus_ce_stability,4,0.9011496221909734,True,False,0.7502759346462051
n_total,1000,start,0.8068950147483076,10,5,consensus_ce_stability,5,0.8686066074189893,False,True,0.8040437609987553
n_total,1000,start,0.8068950147483076,10,5,consensus_ce_stability,6,0.7750458151657219,False,False,0.8085142691555739
n_total,1000,start,0.8068950147483076,10,5,consensus_ce_stability,7,0.7444352717272984,False,False,0.8022826034699473
n_total,1000,start,0.8068950147483076,10,5,consensus_gini_stability,3,0.7275371828881853,False,False,0.5889540522567913
n_total,1000,start,0.8068950147483076,10,5,consensus_gini_stability,4,0.9135928683894772,True,False,0.7502759346462051
n_total,1000,start,0.8068950147483076,10,5,consensus_gini_stability,5,0.8878716510099117,False,True,0.8040437609987553
n_total,1000,start,0.8068950147483076,10,5,consensus_gini_stability,6,0.8031132427341493,False,False,0.8085142691555739
n_total,1000,start,0.8068950147483076,10,5,consensus_gini_stability,7,0.7706407746711988,False,False,0.8022826034699473
n_total,1000,start,0.8068950147483076,10,5,consensus_pac_stability,3,0.6315035035035035,False,False,0.5889540522567913
n_total,1000,start,0.8068950147483076,10,5,consensus_pac_stability,4,0.8654094094094094,True,False,0.7502759346462051
n_total,1000,start,0.8068950147483076,10,5,consensus_pac_stability,5,0.8205945945945946,False,True,0.8040437609987553
n_total,1000,start,0.8068950147483076,10,5,consensus_pac_stability,6,0.6979819819819819,False,False,0.8085142691555739
n_total,1000,start,0.8068950147483076,10,5,consensus_pac_stability,7,0.6762302302302302,False,False,0.8022826034699473
n_total,1000,start,0.8068950147483076,10,5,silhouette,3,0.053127457143487315,False,False,0.5815987812733638
n_total,1000,start,0.8068950147483076,10,5,silhouette,4,0.05884651454778163,True,False,0.7596312560849953
n_total,1000,start,0.8068950147483076,10,5,silhouette,5,0.058507812489641126,False,True,0.8068950147483076
n_total,1000,start,0.8068950147483076,10,5,silhouette,6,0.053698423830382154,False,False,0.7398684910309699
n_total,1000,start,0.8068950147483076,10,5,silhouette,7,0.04634233124476179,False,False,0.5883013862805913
n_total,1000,start,0.8068950147483076,10,5,gap,3,1.2688381739274615,False,False,0.5815987812733638
n_total,1000,start,0.8068950147483076,10,5,gap,4,1.293095353973607,False,False,0.7596312560849953
n_total,1000,start,0.8068950147483076,10,5,gap,5,1.3046272663479765,False,True,0.8068950147483076
n_total,1000,start,0.8068950147483076,10,5,gap,6,1.3094916897692936,False,False,0.7398684910309699
n_total,1000,start,0.8068950147483076,10,5,gap,7,1.314838399453329,True,False,0.5883013862805913
n_total,1000,start,0.8068950147483076,10,5,davies_bouldin,3,0.21058481755307992,False,False,0.5815987812733638
n_total,1000,start,0.8068950147483076,10,5,davies_bouldin,4,0.22515203396373978,False,False,0.7596312560849953
n_total,1000,start,0.8068950147483076,10,5,davies_bouldin,5,0.23710744193102062,True,True,0.8068950147483076
n_total,1000,start,0.8068950147483076,10,5,davies_bouldin,6,0.22699931405057674,False,False,0.7398684910309699
n_total,1000,start,0.8068950147483076,10,5,davies_bouldin,7,0.218484199257174,False,False,0.5883013862805913
n_total,1000,start,0.8068950147483076,10,5,calinski_harabasz,3,48.86682402120268,True,False,0.5815987812733638
n_total,1000,start,0.8068950147483076,10,5,calinski_harabasz,4,46.001035565823386,False,False,0.7596312560849953
n_total,1000,start,0.8068950147483076,10,5,calinski_harabasz,5,40.72828767999867,False,True,0.8068950147483076
n_total,1000,start,0.8068950147483076,10,5,calinski_harabasz,6,35.785722564328964,False,False,0.7398684910309699
n_total,1000,start,0.8068950147483076,10,5,calinski_harabasz,7,32.36772094143358,False,False,0.5883013862805913
n_total,1000,start,0.6548074228832524,11,5,accuracy_generalizability,3,0.8030239187596746,True,False,0.6548947634468784
n_total,1000,start,0.6548074228832524,11,5,accuracy_generalizability,4,0.6737849447454463,False,False,0.712594869468201
n_total,1000,start,0.6548074228832524,11,5,accuracy_generalizability,5,0.5802363040389473,False,True,0.7280280336820607
n_total,1000,start,0.6548074228832524,11,5,accuracy_generalizability,6,0.5742666670918977,False,False,0.7749484711279414
n_total,1000,start,0.6548074228832524,11,5,accuracy_generalizability,7,0.5530631444455898,False,False,0.7708297823508672
n_total,1000,start,0.6548074228832524,11,5,ari_generalizability,3,0.5543851727268545,True,False,0.6548947634468784
n_total,1000,start,0.6548074228832524,11,5,ari_generalizability,4,0.43451201061866856,False,False,0.712594869468201
n_total,1000,start,0.6548074228832524,11,5,ari_generalizability,5,0.32067909355501056,False,True,0.7280280336820607
n_total,1000,start,0.6548074228832524,11,5,ari_generalizability,6,0.30554383672604235,False,False,0.7749484711279414
n_total,1000,start,0.6548074228832524,11,5,ari_generalizability,7,0.30176467643105764,False,False,0.7708297823508672
n_total,1000,start,0.6548074228832524,11,5,ari_generalizability_1se,3,0.5543851727268545,True,False,0.6548947634468784
n_total,1000,start,0.6548074228832524,11,5,ari_generalizability_1se,4,0.43451201061866856,False,False,0.712594869468201
n_total,1000,start,0.6548074228832524,11,5,ari_generalizability_1se,5,0.32067909355501056,False,True,0.7280280336820607
n_total,1000,start,0.6548074228832524,11,5,ari_generalizability_1se,6,0.30554383672604235,False,False,0.7749484711279414
n_total,1000,start,0.6548074228832524,11,5,ari_generalizability_1se,7,0.30176467643105764,False,False,0.7708297823508672
n_total,1000,start,0.6548074228832524,11,5,ari_generalizability_quant,3,0.5543851727268545,False,False,0.6548947634468784
n_total,1000,start,0.6548074228832524,11,5,ari_generalizability_quant,4,0.43451201061866856,True,False,0.712594869468201
n_total,1000,start,0.6548074228832524,11,5,ari_generalizability_quant,5,0.32067909355501056,False,True,0.7280280336820607
n_total,1000,start,0.6548074228832524,11,5,ari_generalizability_quant,6,0.30554383672604235,False,False,0.7749484711279414
n_total,1000,start,0.6548074228832524,11,5,ari_generalizability_quant,7,0.30176467643105764,False,False,0.7708297823508672
n_total,1000,start,0.6548074228832524,11,5,ari_stability,3,0.8016807485799824,True,False,0.5528356445834698
n_total,1000,start,0.6548074228832524,11,5,ari_stability,4,0.7004747854798391,False,False,0.62171090904513
n_total,1000,start,0.6548074228832524,11,5,ari_stability,5,0.5121158046785704,False,True,0.712146114587865
n_total,1000,start,0.6548074228832524,11,5,ari_stability,6,0.5101466498027116,False,False,0.7909289561326028
n_total,1000,start,0.6548074228832524,11,5,ari_stability,7,0.48658010023870735,False,False,0.5739777962396856
n_total,1000,start,0.6548074228832524,11,5,ari_stability_1se,3,0.8016807485799824,True,False,0.5528356445834698
n_total,1000,start,0.6548074228832524,11,5,ari_stability_1se,4,0.7004747854798391,False,False,0.62171090904513
n_total,1000,start,0.6548074228832524,11,5,ari_stability_1se,5,0.5121158046785704,False,True,0.712146114587865
n_total,1000,start,0.6548074228832524,11,5,ari_stability_1se,6,0.5101466498027116,False,False,0.7909289561326028
n_total,1000,start,0.6548074228832524,11,5,ari_stability_1se,7,0.48658010023870735,False,False,0.5739777962396856
n_total,1000,start,0.6548074228832524,11,5,ari_stability_quant,3,0.8016807485799824,False,False,0.5528356445834698
n_total,1000,start,0.6548074228832524,11,5,ari_stability_quant,4,0.7004747854798391,True,False,0.62171090904513
n_total,1000,start,0.6548074228832524,11,5,ari_stability_quant,5,0.5121158046785704,False,True,0.712146114587865
n_total,1000,start,0.6548074228832524,11,5,ari_stability_quant,6,0.5101466498027116,False,False,0.7909289561326028
n_total,1000,start,0.6548074228832524,11,5,ari_stability_quant,7,0.48658010023870735,False,False,0.5739777962396856
n_total,1000,start,0.6548074228832524,11,5,consensus_ce_stability,3,0.7952026274358912,True,False,0.5528356445834698
n_total,1000,start,0.6548074228832524,11,5,consensus_ce_stability,4,0.7218240964905248,False,False,0.62171090904513
n_total,1000,start,0.6548074228832524,11,5,consensus_ce_stability,5,0.6499840673277085,False,True,0.712146114587865
n_total,1000,start,0.6548074228832524,11,5,consensus_ce_stability,6,0.6940256259462804,False,False,0.7909289561326028
n_total,1000,start,0.6548074228832524,11,5,consensus_ce_stability,7,0.7268358410916449,False,False,0.5739777962396856
n_total,1000,start,0.6548074228832524,11,5,consensus_gini_stability,3,0.8214120434666407,True,False,0.5528356445834698
n_total,1000,start,0.6548074228832524,11,5,consensus_gini_stability,4,0.7571252502413058,False,False,0.62171090904513
n_total,1000,start,0.6548074228832524,11,5,consensus_gini_stability,5,0.6804870802716099,False,True,0.712146114587865
n_total,1000,start,0.6548074228832524,11,5,consensus_gini_stability,6,0.7220801135369989,False,False,0.7909289561326028
n_total,1000,start,0.6548074228832524,11,5,consensus_gini_stability,7,0.7542950901853901,False,False,0.5739777962396856
n_total,1000,start,0.6548074228832524,11,5,consensus_pac_stability,3,0.7253173173173173,True,False,0.5528356445834698
n_total,1000,start,0.6548074228832524,11,5,consensus_pac_stability,4,0.622976976976977,False,False,0.62171090904513
n_total,1000,start,0.6548074228832524,11,5,consensus_pac_stability,5,0.5573373373373374,False,True,0.712146114587865
n_total,1000,start,0.6548074228832524,11,5,consensus_pac_stability,6,0.6183263263263263,False,False,0.7909289561326028
n_total,1000,start,0.6548074228832524,11,5,consensus_pac_stability,7,0.6477557557557558,False,False,0.5739777962396856
n_total,1000,start,0.6548074228832524,11,5,silhouette,3,0.05562269321844578,False,False,0.5383497983070831
n_total,1000,start,0.6548074228832524,11,5,silhouette,4,0.05617318197923209,False,False,0.6292054639338047
n_total,1000,start,0.6548074228832524,11,5,silhouette,5,0.057597076964435105,True,True,0.6548074228832524
n_total,1000,start,0.6548074228832524,11,5,silhouette,6,0.047763835389123696,False,False,0.5231077637039747
n_total,1000,start,0.6548074228832524,11,5,silhouette,7,0.045373373627137364,False,False,0.42056764927889784
n_total,1000,start,0.6548074228832524,11,5,gap,3,1.295149155018084,False,False,0.5383497983070831
n_total,1000,start,0.6548074228832524,11,5,gap,4,1.30907369854547,False,False,0.6292054639338047
n_total,1000,start,0.6548074228832524,11,5,gap,5,1.320027062330782,False,True,0.6548074228832524
n_total,1000,start,0.6548074228832524,11,5,gap,6,1.3334497960862972,False,False,0.5231077637039747
n_total,1000,start,0.6548074228832524,11,5,gap,7,1.3400569301566385,True,False,0.42056764927889784
n_total,1000,start,0.6548074228832524,11,5,davies_bouldin,3,0.21404948739407326,False,False,0.5383497983070831
n_total,1000,start,0.6548074228832524,11,5,davies_bouldin,4,0.2198123960596959,False,False,0.6292054639338047
n_total,1000,start,0.6548074228832524,11,5,davies_bouldin,5,0.23493570690413698,True,True,0.6548074228832524
n_total,1000,start,0.6548074228832524,11,5,davies_bouldin,6,0.21972949399198732,False,False,0.5231077637039747
n_total,1000,start,0.6548074228832524,11,5,davies_bouldin,7,0.22324111865054985,False,False,0.42056764927889784
n_total,1000,start,0.6548074228832524,11,5,calinski_harabasz,3,50.117696446176055,True,False,0.5383497983070831
n_total,1000,start,0.6548074228832524,11,5,calinski_harabasz,4,42.89924705420299,False,False,0.6292054639338047
n_total,1000,start,0.6548074228832524,11,5,calinski_harabasz,5,38.13139919862554,False,True,0.6548074228832524
n_total,1000,start,0.6548074228832524,11,5,calinski_harabasz,6,35.43011812875802,False,False,0.5231077637039747
n_total,1000,start,0.6548074228832524,11,5,calinski_harabasz,7,32.321552902699075,False,False,0.42056764927889784
n_total,1000,start,0.8944542056185254,12,5,accuracy_generalizability,3,0.7812662632361979,True,False,0.6972113174077772
n_total,1000,start,0.8944542056185254,12,5,accuracy_generalizability,4,0.7319597780088108,False,False,0.7308231041581179
n_total,1000,start,0.8944542056185254,12,5,accuracy_generalizability,5,0.6041221170252075,False,True,0.7670473480207967
n_total,1000,start,0.8944542056185254,12,5,accuracy_generalizability,6,0.6495792345783373,False,False,0.8273034239968016
n_total,1000,start,0.8944542056185254,12,5,accuracy_generalizability,7,0.6237402715525593,False,False,0.8735355876665039
n_total,1000,start,0.8944542056185254,12,5,ari_generalizability,3,0.5552923578317839,True,False,0.6972113174077772
n_total,1000,start,0.8944542056185254,12,5,ari_generalizability,4,0.5138007362980367,False,False,0.7308231041581179
n_total,1000,start,0.8944542056185254,12,5,ari_generalizability,5,0.3690210327883446,False,True,0.7670473480207967
n_total,1000,start,0.8944542056185254,12,5,ari_generalizability,6,0.375808219177452,False,False,0.8273034239968016
n_total,1000,start,0.8944542056185254,12,5,ari_generalizability,7,0.38525728958761774,False,False,0.8735355876665039
n_total,1000,start,0.8944542056185254,12,5,ari_generalizability_1se,3,0.5552923578317839,True,False,0.6972113174077772
n_total,1000,start,0.8944542056185254,12,5,ari_generalizability_1se,4,0.5138007362980367,False,False,0.7308231041581179
n_total,1000,start,0.8944542056185254,12,5,ari_generalizability_1se,5,0.3690210327883446,False,True,0.7670473480207967
n_total,1000,start,0.8944542056185254,12,5,ari_generalizability_1se,6,0.375808219177452,False,False,0.8273034239968016
n_total,1000,start,0.8944542056185254,12,5,ari_generalizability_1se,7,0.38525728958761774,False,False,0.8735355876665039
n_total,1000,start,0.8944542056185254,12,5,ari_generalizability_quant,3,0.5552923578317839,False,False,0.6972113174077772
n_total,1000,start,0.8944542056185254,12,5,ari_generalizability_quant,4,0.5138007362980367,True,False,0.7308231041581179
n_total,1000,start,0.8944542056185254,12,5,ari_generalizability_quant,5,0.3690210327883446,False,True,0.7670473480207967
n_total,1000,start,0.8944542056185254,12,5,ari_generalizability_quant,6,0.375808219177452,False,False,0.8273034239968016
n_total,1000,start,0.8944542056185254,12,5,ari_generalizability_quant,7,0.38525728958761774,False,False,0.8735355876665039
n_total,1000,start,0.8944542056185254,12,5,ari_stability,3,0.7631946269015494,False,False,0.6831335167896032
n_total,1000,start,0.8944542056185254,12,5,ari_stability,4,0.8242053866069754,True,False,0.8306842814353468
n_total,1000,start,0.8944542056185254,12,5,ari_stability,5,0.6134121705312434,False,True,0.8432686626053778
n_total,1000,start,0.8944542056185254,12,5,ari_stability,6,0.6208127916459523,False,False,0.5999090202962954
n_total,1000,start,0.8944542056185254,12,5,ari_stability,7,0.5906007963688572,False,False,0.49533820100918124
n_total,1000,start,0.8944542056185254,12,5,ari_stability_1se,3,0.7631946269015494,False,False,0.6831335167896032
n_total,1000,start,0.8944542056185254,12,5,ari_stability_1se,4,0.8242053866069754,True,False,0.8306842814353468
n_total,1000,start,0.8944542056185254,12,5,ari_stability_1se,5,0.6134121705312434,False,True,0.8432686626053778
n_total,1000,start,0.8944542056185254,12,5,ari_stability_1se,6,0.6208127916459523,False,False,0.5999090202962954
n_total,1000,start,0.8944542056185254,12,5,ari_stability_1se,7,0.5906007963688572,False,False,0.49533820100918124
n_total,1000,start,0.8944542056185254,12,5,ari_stability_quant,3,0.7631946269015494,False,False,0.6831335167896032
n_total,1000,start,0.8944542056185254,12,5,ari_stability_quant,4,0.8242053866069754,False,False,0.8306842814353468
n_total,1000,start,0.8944542056185254,12,5,ari_stability_quant,5,0.6134121705312434,False,True,0.8432686626053778
n_total,1000,start,0.8944542056185254,12,5,ari_stability_quant,6,0.6208127916459523,False,False,0.5999090202962954
n_total,1000,start,0.8944542056185254,12,5,ari_stability_quant,7,0.5906007963688572,True,False,0.49533820100918124
n_total,1000,start,0.8944542056185254,12,5,consensus_ce_stability,3,0.7562493737754007,False,False,0.6831335167896032
n_total,1000,start,0.8944542056185254,12,5,consensus_ce_stability,4,0.8144938554304637,True,False,0.8306842814353468
n_total,1000,start,0.8944542056185254,12,5,consensus_ce_stability,5,0.7027411615716996,False,True,0.8432686626053778
n_total,1000,start,0.8944542056185254,12,5,consensus_ce_stability,6,0.759064622608272,False,False,0.5999090202962954
n_total,1000,start,0.8944542056185254,12,5,consensus_ce_stability,7,0.7769303138590888,False,False,0.49533820100918124
n_total,1000,start,0.8944542056185254,12,5,consensus_gini_stability,3,0.7815995010703459,False,False,0.6831335167896032
n_total,1000,start,0.8944542056185254,12,5,consensus_gini_stability,4,0.849599820177758,True,False,0.8306842814353468
n_total,1000,start,0.8944542056185254,12,5,consensus_gini_stability,5,0.7272340107093901,False,True,0.8432686626053778
n_total,1000,start,0.8944542056185254,12,5,consensus_gini_stability,6,0.7773187210557876,False,False,0.5999090202962954
n_total,1000,start,0.8944542056185254,12,5,consensus_gini_stability,7,0.7973402722863676,False,False,0.49533820100918124
n_total,1000,start,0.8944542056185254,12,5,consensus_pac_stability,3,0.6860140140140141,False,False,0.6831335167896032
n_total,1000,start,0.8944542056185254,12,5,consensus_pac_stability,4,0.7391171171171171,True,False,0.8306842814353468
n_total,1000,start,0.8944542056185254,12,5,consensus_pac_stability,5,0.6331691691691692,False,True,0.8432686626053778
n_total,1000,start,0.8944542056185254,12,5,consensus_pac_stability,6,0.7063083083083084,False,False,0.5999090202962954
n_total,1000,start,0.8944542056185254,12,5,consensus_pac_stability,7,0.7156676676676677,False,False,0.49533820100918124
n_total,1000,start,0.8944542056185254,12,5,silhouette,3,0.06208699880019891,False,False,0.7570483115907597
n_total,1000,start,0.8944542056185254,12,5,silhouette,4,0.0654868662266095,False,False,0.8233312097236668
n_total,1000,start,0.8944542056185254,12,5,silhouette,5,0.07065046669003144,True,True,0.8944542056185254
n_total,1000,start,0.8944542056185254,12,5,silhouette,6,0.05455836858981312,False,False,0.5952722894866985
n_total,1000,start,0.8944542056185254,12,5,silhouette,7,0.04955679241687231,False,False,0.48988297584042495
n_total,1000,start,0.8944542056185254,12,5,gap,3,1.3259209184540044,False,False,0.7570483115907597
n_total,1000,start,0.8944542056185254,12,5,gap,4,1.3441106564165572,False,False,0.8233312097236668
n_total,1000,start,0.8944542056185254,12,5,gap,5,1.359506921873388,False,True,0.8944542056185254
n_total,1000,start,0.8944542056185254,12,5,gap,6,1.3728733418619878,False,False,0.5952722894866985
n_total,1000,start,0.8944542056185254,12,5,gap,7,1.3813671488122115,True,False,0.48988297584042495
n_total,1000,start,0.8944542056185254,12,5,davies_bouldin,3,0.21533705863375222,False,False,0.7570483115907597
n_total,1000,start,0.8944542056185254,12,5,davies_bouldin,4,0.2361840023392387,False,False,0.8233312097236668
n_total,1000,start,0.8944542056185254,12,5,davies_bouldin,5,0.2542696737779851,True,True,0.8944542056185254
n_total,1000,start,0.8944542056185254,12,5,davies_bouldin,6,0.22763266929624124,False,False,0.5952722894866985
n_total,1000,start,0.8944542056185254,12,5,davies_bouldin,7,0.22999729929861987,False,False,0.48988297584042495
n_total,1000,start,0.8944542056185254,12,5,calinski_harabasz,3,51.65606572342039,True,False,0.7570483115907597
n_total,1000,start,0.8944542056185254,12,5,calinski_harabasz,4,45.69065609162726,False,False,0.8233312097236668
n_total,1000,start,0.8944542056185254,12,5,calinski_harabasz,5,41.5400998033393,False,True,0.8944542056185254
n_total,1000,start,0.8944542056185254,12,5,calinski_harabasz,6,38.49964836657271,False,False,0.5952722894866985
n_total,1000,start,0.8944542056185254,12,5,calinski_harabasz,7,35.179299522750895,False,False,0.48988297584042495
n_total,1000,start,0.757574142547905,13,5,accuracy_generalizability,3,0.8567046064314071,True,False,0.568299905454667
n_total,1000,start,0.757574142547905,13,5,accuracy_generalizability,4,0.7586203818175925,False,False,0.6490654039160297
n_total,1000,start,0.757574142547905,13,5,accuracy_generalizability,5,0.6385788068373651,False,True,0.7455742437840028
n_total,1000,start,0.757574142547905,13,5,accuracy_generalizability,6,0.6455616577118211,False,False,0.5728755292031793
n_total,1000,start,0.757574142547905,13,5,accuracy_generalizability,7,0.5613998732373795,False,False,0.5814150964741709
n_total,1000,start,0.757574142547905,13,5,ari_generalizability,3,0.6261094022772773,True,False,0.568299905454667
n_total,1000,start,0.757574142547905,13,5,ari_generalizability,4,0.5572271937978408,False,False,0.6490654039160297
n_total,1000,start,0.757574142547905,13,5,ari_generalizability,5,0.4471179289205419,False,True,0.7455742437840028
n_total,1000,start,0.757574142547905,13,5,ari_generalizability,6,0.42304050530154713,False,False,0.5728755292031793
n_total,1000,start,0.757574142547905,13,5,ari_generalizability,7,0.35543658156854463,False,False,0.5814150964741709
n_total,1000,start,0.757574142547905,13,5,ari_generalizability_1se,3,0.6261094022772773,True,False,0.568299905454667
n_total,1000,start,0.757574142547905,13,5,ari_generalizability_1se,4,0.5572271937978408,False,False,0.6490654039160297
n_total,1000,start,0.757574142547905,13,5,ari_generalizability_1se,5,0.4471179289205419,False,True,0.7455742437840028
n_total,1000,start,0.757574142547905,13,5,ari_generalizability_1se,6,0.42304050530154713,False,False,0.5728755292031793
n_total,1000,start,0.757574142547905,13,5,ari_generalizability_1se,7,0.35543658156854463,False,False,0.5814150964741709
n_total,1000,start,0.757574142547905,13,5,ari_generalizability_quant,3,0.6261094022772773,False,False,0.568299905454667
n_total,1000,start,0.757574142547905,13,5,ari_generalizability_quant,4,0.5572271937978408,True,False,0.6490654039160297
n_total,1000,start,0.757574142547905,13,5,ari_generalizability_quant,5,0.4471179289205419,False,True,0.7455742437840028
n_total,1000,start,0.757574142547905,13,5,ari_generalizability_quant,6,0.42304050530154713,False,False,0.5728755292031793
n_total,1000,start,0.757574142547905,13,5,ari_generalizability_quant,7,0.35543658156854463,False,False,0.5814150964741709
n_total,1000,start,0.757574142547905,13,5,ari_stability,3,0.8483714496927942,True,False,0.6609480378136351
n_total,1000,start,0.757574142547905,13,5,ari_stability,4,0.7835669520961642,False,False,0.7262217554117347
n_total,1000,start,0.757574142547905,13,5,ari_stability,5,0.6568016179004716,False,True,0.7820395990119099
n_total,1000,start,0.757574142547905,13,5,ari_stability,6,0.6742500772202713,False,False,0.6253359192527165
n_total,1000,start,0.757574142547905,13,5,ari_stability,7,0.5504071755231248,False,False,0.6264026697755568
n_total,1000,start,0.757574142547905,13,5,ari_stability_1se,3,0.8483714496927942,True,False,0.6609480378136351
n_total,1000,start,0.757574142547905,13,5,ari_stability_1se,4,0.7835669520961642,False,False,0.7262217554117347
n_total,1000,start,0.757574142547905,13,5,ari_stability_1se,5,0.6568016179004716,False,True,0.7820395990119099
n_total,1000,start,0.757574142547905,13,5,ari_stability_1se,6,0.6742500772202713,False,False,0.6253359192527165
n_total,1000,start,0.757574142547905,13,5,ari_stability_1se,7,0.5504071755231248,False,False,0.6264026697755568
n_total,1000,start,0.757574142547905,13,5,ari_stability_quant,3,0.8483714496927942,False,False,0.6609480378136351
n_total,1000,start,0.757574142547905,13,5,ari_stability_quant,4,0.7835669520961642,False,False,0.7262217554117347
n_total,1000,start,0.757574142547905,13,5,ari_stability_quant,5,0.6568016179004716,False,True,0.7820395990119099
n_total,1000,start,0.757574142547905,13,5,ari_stability_quant,6,0.6742500772202713,True,False,0.6253359192527165
n_total,1000,start,0.757574142547905,13,5,ari_stability_quant,7,0.5504071755231248,False,False,0.6264026697755568
n_total,1000,start,0.757574142547905,13,5,consensus_ce_stability,3,0.8504863048799047,True,False,0.6609480378136351
n_total,1000,start,0.757574142547905,13,5,consensus_ce_stability,4,0.8060461261281243,False,False,0.7262217554117347
n_total,1000,start,0.757574142547905,13,5,consensus_ce_stability,5,0.7719065637238243,False,True,0.7820395990119099
n_total,1000,start,0.757574142547905,13,5,consensus_ce_stability,6,0.7931030181539303,False,False,0.6253359192527165
n_total,1000,start,0.757574142547905,13,5,consensus_ce_stability,7,0.7540833273951726,False,False,0.6264026697755568
n_total,1000,start,0.757574142547905,13,5,consensus_gini_stability,3,0.8690871412984804,True,False,0.6609480378136351
n_total,1000,start,0.757574142547905,13,5,consensus_gini_stability,4,0.8306373680736685,False,False,0.7262217554117347
n_total,1000,start,0.757574142547905,13,5,consensus_gini_stability,5,0.7979168369402254,False,True,0.7820395990119099
n_total,1000,start,0.757574142547905,13,5,consensus_gini_stability,6,0.8190641260392788,False,False,0.6253359192527165
n_total,1000,start,0.757574142547905,13,5,consensus_gini_stability,7,0.7810758653257815,False,False,0.6264026697755568
n_total,1000,start,0.757574142547905,13,5,consensus_pac_stability,3,0.7933613613613614,True,False,0.6609480378136351
n_total,1000,start,0.757574142547905,13,5,consensus_pac_stability,4,0.7403363363363363,False,False,0.7262217554117347
n_total,1000,start,0.757574142547905,13,5,consensus_pac_stability,5,0.6974234234234234,False,True,0.7820395990119099
n_total,1000,start,0.757574142547905,13,5,consensus_pac_stability,6,0.7230950950950952,False,False,0.6253359192527165
n_total,1000,start,0.757574142547905,13,5,consensus_pac_stability,7,0.6802022022022022,False,False,0.6264026697755568
n_total,1000,start,0.757574142547905,13,5,silhouette,3,0.06002919404365894,True,False,0.6648899029564798
n_total,1000,start,0.757574142547905,13,5,silhouette,4,0.05914018043320635,False,False,0.7160107693899498
n_total,1000,start,0.757574142547905,13,5,silhouette,5,0.057916300214567264,False,True,0.757574142547905
n_total,1000,start,0.757574142547905,13,5,silhouette,6,0.05043639937684117,False,False,0.6388724153957899
n_total,1000,start,0.757574142547905,13,5,silhouette,7,0.043961725687045004,False,False,0.527477252136323
n_total,1000,start,0.757574142547905,13,5,gap,3,1.2741837237181066,False,False,0.6648899029564798
n_total,1000,start,0.757574142547905,13,5,gap,4,1.2881343285900861,False,False,0.7160107693899498
n_total,1000,start,0.757574142547905,13,5,gap,5,1.2995204247818233,False,True,0.757574142547905
n_total,1000,start,0.757574142547905,13,5,gap,6,1.3099961231621844,False,False,0.6388724153957899
n_total,1000,start,0.757574142547905,13,5,gap,7,1.314031159209474,True,False,0.527477252136323
n_total,1000,start,0.757574142547905,13,5,davies_bouldin,3,0.2144182569658703,False,False,0.6648899029564798
n_total,1000,start,0.757574142547905,13,5,davies_bouldin,4,0.22109988877389578,False,False,0.7160107693899498
n_total,1000,start,0.757574142547905,13,5,davies_bouldin,5,0.2281369514402712,True,True,0.757574142547905
n_total,1000,start,0.757574142547905,13,5,davies_bouldin,6,0.22031194195702844,False,False,0.6388724153957899
n_total,1000,start,0.757574142547905,13,5,davies_bouldin,7,0.20720848394095703,False,False,0.527477252136323
n_total,1000,start,0.757574142547905,13,5,calinski_harabasz,3,54.65381113014981,True,False,0.6648899029564798
n_total,1000,start,0.757574142547905,13,5,calinski_harabasz,4,46.25547245704312,False,False,0.7160107693899498
n_total,1000,start,0.757574142547905,13,5,calinski_harabasz,5,40.727733626819585,False,True,0.757574142547905
n_total,1000,start,0.757574142547905,13,5,calinski_harabasz,6,36.971805945741174,False,False,0.6388724153957899
n_total,1000,start,0.757574142547905,13,5,calinski_harabasz,7,33.125493862040955,False,False,0.527477252136323
n_total,1000,start,0.4034843418526071,14,5,accuracy_generalizability,3,0.7843323179690953,True,False,0.6927518334612757
n_total,1000,start,0.4034843418526071,14,5,accuracy_generalizability,4,0.6596709250123067,False,False,0.7243155208538005
n_total,1000,start,0.4034843418526071,14,5,accuracy_generalizability,5,0.5635275851507769,False,True,0.7326781435073559
n_total,1000,start,0.4034843418526071,14,5,accuracy_generalizability,6,0.5170114665576926,False,False,0.806695399357556
n_total,1000,start,0.4034843418526071,14,5,accuracy_generalizability,7,0.5007716300764756,False,False,0.8313658138905534
n_total,1000,start,0.4034843418526071,14,5,ari_generalizability,3,0.5370678974135151,True,False,0.6927518334612757
n_total,1000,start,0.4034843418526071,14,5,ari_generalizability,4,0.40447623499918756,False,False,0.7243155208538005
n_total,1000,start,0.4034843418526071,14,5,ari_generalizability,5,0.28030545656643613,False,True,0.7326781435073559
n_total,1000,start,0.4034843418526071,14,5,ari_generalizability,6,0.2580845032906595,False,False,0.806695399357556
n_total,1000,start,0.4034843418526071,14,5,ari_generalizability,7,0.2544343484528286,False,False,0.8313658138905534
n_total,1000,start,0.4034843418526071,14,5,ari_generalizability_1se,3,0.5370678974135151,True,False,0.6927518334612757
n_total,1000,start,0.4034843418526071,14,5,ari_generalizability_1se,4,0.40447623499918756,False,False,0.7243155208538005
n_total,1000,start,0.4034843418526071,14,5,ari_generalizability_1se,5,0.28030545656643613,False,True,0.7326781435073559
n_total,1000,start,0.4034843418526071,14,5,ari_generalizability_1se,6,0.2580845032906595,False,False,0.806695399357556
n_total,1000,start,0.4034843418526071,14,5,ari_generalizability_1se,7,0.2544343484528286,False,False,0.8313658138905534
n_total,1000,start,0.4034843418526071,14,5,ari_generalizability_quant,3,0.5370678974135151,True,False,0.6927518334612757
n_total,1000,start,0.4034843418526071,14,5,ari_generalizability_quant,4,0.40447623499918756,False,False,0.7243155208538005
n_total,1000,start,0.4034843418526071,14,5,ari_generalizability_quant,5,0.28030545656643613,False,True,0.7326781435073559
n_total,1000,start,0.4034843418526071,14,5,ari_generalizability_quant,6,0.2580845032906595,False,False,0.806695399357556
n_total,1000,start,0.4034843418526071,14,5,ari_generalizability_quant,7,0.2544343484528286,False,False,0.8313658138905534
n_total,1000,start,0.4034843418526071,14,5,ari_stability,3,0.7429400360216947,True,False,0.6495584552613305
n_total,1000,start,0.4034843418526071,14,5,ari_stability,4,0.6376145065703859,False,False,0.6820859049013985
n_total,1000,start,0.4034843418526071,14,5,ari_stability,5,0.46520363739926507,False,True,0.4567151316458828
n_total,1000,start,0.4034843418526071,14,5,ari_stability,6,0.4455887719948184,False,False,0.8116141027297709
n_total,1000,start,0.4034843418526071,14,5,ari_stability,7,0.42391572679459566,False,False,0.5724810690852037
n_total,1000,start,0.4034843418526071,14,5,ari_stability_1se,3,0.7429400360216947,True,False,0.6495584552613305
n_total,1000,start,0.4034843418526071,14,5,ari_stability_1se,4,0.6376145065703859,False,False,0.6820859049013985
n_total,1000,start,0.4034843418526071,14,5,ari_stability_1se,5,0.46520363739926507,False,True,0.4567151316458828
n_total,1000,start,0.4034843418526071,14,5,ari_stability_1se,6,0.4455887719948184,False,False,0.8116141027297709
n_total,1000,start,0.4034843418526071,14,5,ari_stability_1se,7,0.42391572679459566,False,False,0.5724810690852037
n_total,1000,start,0.4034843418526071,14,5,ari_stability_quant,3,0.7429400360216947,False,False,0.6495584552613305
n_total,1000,start,0.4034843418526071,14,5,ari_stability_quant,4,0.6376145065703859,True,False,0.6820859049013985
n_total,1000,start,0.4034843418526071,14,5,ari_stability_quant,5,0.46520363739926507,False,True,0.4567151316458828
n_total,1000,start,0.4034843418526071,14,5,ari_stability_quant,6,0.4455887719948184,False,False,0.8116141027297709
n_total,1000,start,0.4034843418526071,14,5,ari_stability_quant,7,0.42391572679459566,False,False,0.5724810690852037
n_total,1000,start,0.4034843418526071,14,5,consensus_ce_stability,3,0.7608042465436454,True,False,0.6495584552613305
n_total,1000,start,0.4034843418526071,14,5,consensus_ce_stability,4,0.6826760363162439,False,False,0.6820859049013985
n_total,1000,start,0.4034843418526071,14,5,consensus_ce_stability,5,0.6130021113219501,False,True,0.4567151316458828
n_total,1000,start,0.4034843418526071,14,5,consensus_ce_stability,6,0.650180545565358,False,False,0.8116141027297709
n_total,1000,start,0.4034843418526071,14,5,consensus_ce_stability,7,0.6817456571603532,False,False,0.5724810690852037
n_total,1000,start,0.4034843418526071,14,5,consensus_gini_stability,3,0.7887761196420062,True,False,0.6495584552613305
n_total,1000,start,0.4034843418526071,14,5,consensus_gini_stability,4,0.7223233151521936,False,False,0.6820859049013985
n_total,1000,start,0.4034843418526071,14,5,consensus_gini_stability,5,0.6473098976879113,False,True,0.4567151316458828
n_total,1000,start,0.4034843418526071,14,5,consensus_gini_stability,6,0.6829661097643939,False,False,0.8116141027297709
n_total,1000,start,0.4034843418526071,14,5,consensus_gini_stability,7,0.7170822164673486,False,False,0.5724810690852037
n_total,1000,start,0.4034843418526071,14,5,consensus_pac_stability,3,0.6826666666666666,True,False,0.6495584552613305
n_total,1000,start,0.4034843418526071,14,5,consensus_pac_stability,4,0.5751291291291292,False,False,0.6820859049013985
n_total,1000,start,0.4034843418526071,14,5,consensus_pac_stability,5,0.5133653653653654,False,True,0.4567151316458828
n_total,1000,start,0.4034843418526071,14,5,consensus_pac_stability,6,0.5586346346346347,False,False,0.8116141027297709
n_total,1000,start,0.4034843418526071,14,5,consensus_pac_stability,7,0.5831271271271271,False,False,0.5724810690852037
n_total,1000,start,0.4034843418526071,14,5,silhouette,3,0.05353470439753286,True,False,0.6514479970355219
n_total,1000,start,0.4034843418526071,14,5,silhouette,4,0.04944032021027128,False,False,0.5914247505398202
n_total,1000,start,0.4034843418526071,14,5,silhouette,5,0.0398134695447968,False,True,0.4034843418526071
n_total,1000,start,0.4034843418526071,14,5,silhouette,6,0.04416312411920079,False,False,0.5468894502649911
n_total,1000,start,0.4034843418526071,14,5,silhouette,7,0.042025857654256114,False,False,0.4444253920903309
n_total,1000,start,0.4034843418526071,14,5,gap,3,1.3217874659613233,False,False,0.6514479970355219
n_total,1000,start,0.4034843418526071,14,5,gap,4,1.3335238565822092,False,False,0.5914247505398202
n_total,1000,start,0.4034843418526071,14,5,gap,5,1.3440681654188253,False,True,0.4034843418526071
n_total,1000,start,0.4034843418526071,14,5,gap,6,1.3545958586766425,False,False,0.5468894502649911
n_total,1000,start,0.4034843418526071,14,5,gap,7,1.36156228517709,True,False,0.4444253920903309
n_total,1000,start,0.4034843418526071,14,5,davies_bouldin,3,0.2072611379794446,False,False,0.6514479970355219
n_total,1000,start,0.4034843418526071,14,5,davies_bouldin,4,0.2174827441330109,False,False,0.5914247505398202
n_total,1000,start,0.4034843418526071,14,5,davies_bouldin,5,0.20634695068995113,False,True,0.4034843418526071
n_total,1000,start,0.4034843418526071,14,5,davies_bouldin,6,0.21350972263829737,False,False,0.5468894502649911
n_total,1000,start,0.4034843418526071,14,5,davies_bouldin,7,0.21952499848253648,True,False,0.4444253920903309
n_total,1000,start,0.4034843418526071,14,5,calinski_harabasz,3,46.995697896421106,True,False,0.6514479970355219
n_total,1000,start,0.4034843418526071,14,5,calinski_harabasz,4,40.15626652021768,False,False,0.5914247505398202
n_total,1000,start,0.4034843418526071,14,5,calinski_harabasz,5,35.837433392619786,False,True,0.4034843418526071
n_total,1000,start,0.4034843418526071,14,5,calinski_harabasz,6,33.20812891832764,False,False,0.5468894502649911
n_total,1000,start,0.4034843418526071,14,5,calinski_harabasz,7,30.48800969787988,False,False,0.4444253920903309
n_total,1000,start,0.8640874059678212,15,5,accuracy_generalizability,3,0.790386389073832,True,False,0.5427618916646104
n_total,1000,start,0.8640874059678212,15,5,accuracy_generalizability,4,0.7891105750865663,False,False,0.6976933671599528
n_total,1000,start,0.8640874059678212,15,5,accuracy_generalizability,5,0.7502949892819706,False,True,0.7662000946426778
n_total,1000,start,0.8640874059678212,15,5,accuracy_generalizability,6,0.6888098671828957,False,False,0.7975829479642039
n_total,1000,start,0.8640874059678212,15,5,accuracy_generalizability,7,0.6084191089668634,False,False,0.7867538191253203
n_total,1000,start,0.8640874059678212,15,5,ari_generalizability,3,0.5108693893549432,False,False,0.5427618916646104
n_total,1000,start,0.8640874059678212,15,5,ari_generalizability,4,0.56893593112081,True,False,0.6976933671599528
n_total,1000,start,0.8640874059678212,15,5,ari_generalizability,5,0.5398470077425648,False,True,0.7662000946426778
n_total,1000,start,0.8640874059678212,15,5,ari_generalizability,6,0.46729145490789165,False,False,0.7975829479642039
n_total,1000,start,0.8640874059678212,15,5,ari_generalizability,7,0.41457495832865965,False,False,0.7867538191253203
n_total,1000,start,0.8640874059678212,15,5,ari_generalizability_1se,3,0.5108693893549432,False,False,0.5427618916646104
n_total,1000,start,0.8640874059678212,15,5,ari_generalizability_1se,4,0.56893593112081,True,False,0.6976933671599528
n_total,1000,start,0.8640874059678212,15,5,ari_generalizability_1se,5,0.5398470077425648,False,True,0.7662000946426778
n_total,1000,start,0.8640874059678212,15,5,ari_generalizability_1se,6,0.46729145490789165,False,False,0.7975829479642039
n_total,1000,start,0.8640874059678212,15,5,ari_generalizability_1se,7,0.41457495832865965,False,False,0.7867538191253203
n_total,1000,start,0.8640874059678212,15,5,ari_generalizability_quant,3,0.5108693893549432,False,False,0.5427618916646104
n_total,1000,start,0.8640874059678212,15,5,ari_generalizability_quant,4,0.56893593112081,False,False,0.6976933671599528
n_total,1000,start,0.8640874059678212,15,5,ari_generalizability_quant,5,0.5398470077425648,True,True,0.7662000946426778
n_total,1000,start,0.8640874059678212,15,5,ari_generalizability_quant,6,0.46729145490789165,False,False,0.7975829479642039
n_total,1000,start,0.8640874059678212,15,5,ari_generalizability_quant,7,0.41457495832865965,False,False,0.7867538191253203
n_total,1000,start,0.8640874059678212,15,5,ari_stability,3,0.75302994441254,False,False,0.588353641860224
n_total,1000,start,0.8640874059678212,15,5,ari_stability,4,0.8089307434805717,False,False,0.7039922724432593
n_total,1000,start,0.8640874059678212,15,5,ari_stability,5,0.8648125687265643,True,True,0.8454340766519332
n_total,1000,start,0.8640874059678212,15,5,ari_stability,6,0.6946320408158215,False,False,0.867914971983414
n_total,1000,start,0.8640874059678212,15,5,ari_stability,7,0.5982839639796746,False,False,0.8498120020201154
n_total,1000,start,0.8640874059678212,15,5,ari_stability_1se,3,0.75302994441254,False,False,0.588353641860224
n_total,1000,start,0.8640874059678212,15,5,ari_stability_1se,4,0.8089307434805717,False,False,0.7039922724432593
n_total,1000,start,0.8640874059678212,15,5,ari_stability_1se,5,0.8648125687265643,True,True,0.8454340766519332
n_total,1000,start,0.8640874059678212,15,5,ari_stability_1se,6,0.6946320408158215,False,False,0.867914971983414
n_total,1000,start,0.8640874059678212,15,5,ari_stability_1se,7,0.5982839639796746,False,False,0.8498120020201154
n_total,1000,start,0.8640874059678212,15,5,ari_stability_quant,3,0.75302994441254,False,False,0.588353641860224
n_total,1000,start,0.8640874059678212,15,5,ari_stability_quant,4,0.8089307434805717,False,False,0.7039922724432593
n_total,1000,start,0.8640874059678212,15,5,ari_stability_quant,5,0.8648125687265643,False,True,0.8454340766519332
n_total,1000,start,0.8640874059678212,15,5,ari_stability_quant,6,0.6946320408158215,False,False,0.867914971983414
n_total,1000,start,0.8640874059678212,15,5,ari_stability_quant,7,0.5982839639796746,True,False,0.8498120020201154
n_total,1000,start,0.8640874059678212,15,5,consensus_ce_stability,3,0.7672674514918121,False,False,0.588353641860224
n_total,1000,start,0.8640874059678212,15,5,consensus_ce_stability,4,0.8311554620336474,False,False,0.7039922724432593
n_total,1000,start,0.8640874059678212,15,5,consensus_ce_stability,5,0.8787062127660458,True,True,0.8454340766519332
n_total,1000,start,0.8640874059678212,15,5,consensus_ce_stability,6,0.8144029786297271,False,False,0.867914971983414
n_total,1000,start,0.8640874059678212,15,5,consensus_ce_stability,7,0.7754275971429729,False,False,0.8498120020201154
n_total,1000,start,0.8640874059678212,15,5,consensus_gini_stability,3,0.7884614999378564,False,False,0.588353641860224
n_total,1000,start,0.8640874059678212,15,5,consensus_gini_stability,4,0.8539759871944097,False,False,0.7039922724432593
n_total,1000,start,0.8640874059678212,15,5,consensus_gini_stability,5,0.9023197632821182,True,True,0.8454340766519332
n_total,1000,start,0.8640874059678212,15,5,consensus_gini_stability,6,0.8309629140544538,False,False,0.867914971983414
n_total,1000,start,0.8640874059678212,15,5,consensus_gini_stability,7,0.7999190943936348,False,False,0.8498120020201154
n_total,1000,start,0.8640874059678212,15,5,consensus_pac_stability,3,0.7056636636636637,False,False,0.588353641860224
n_total,1000,start,0.8640874059678212,15,5,consensus_pac_stability,4,0.7735015015015015,False,False,0.7039922724432593
n_total,1000,start,0.8640874059678212,15,5,consensus_pac_stability,5,0.829067067067067,True,True,0.8454340766519332
n_total,1000,start,0.8640874059678212,15,5,consensus_pac_stability,6,0.7685205205205206,False,False,0.867914971983414
n_total,1000,start,0.8640874059678212,15,5,consensus_pac_stability,7,0.7098318318318318,False,False,0.8498120020201154
n_total,1000,start,0.8640874059678212,15,5,silhouette,3,0.05433389248646168,False,False,0.5643394691596081
n_total,1000,start,0.8640874059678212,15,5,silhouette,4,0.05779330742312602,False,False,0.7143837091080025
n_total,1000,start,0.8640874059678212,15,5,silhouette,5,0.06325839967941851,True,True,0.8640874059678212
n_total,1000,start,0.8640874059678212,15,5,silhouette,6,0.05341857935050419,False,False,0.6626546037602992
n_total,1000,start,0.8640874059678212,15,5,silhouette,7,0.050271859771756376,False,False,0.579254577228559
n_total,1000,start,0.8640874059678212,15,5,gap,3,1.3139868776041368,False,False,0.5643394691596081
n_total,1000,start,0.8640874059678212,15,5,gap,4,1.3328101985559488,False,False,0.7143837091080025
n_total,1000,start,0.8640874059678212,15,5,gap,5,1.349820719181956,False,True,0.8640874059678212
n_total,1000,start,0.8640874059678212,15,5,gap,6,1.358402033998276,False,False,0.6626546037602992
n_total,1000,start,0.8640874059678212,15,5,gap,7,1.3633977484767783,True,False,0.579254577228559
n_total,1000,start,0.8640874059678212,15,5,davies_bouldin,3,0.2093036541267308,False,False,0.5643394691596081
n_total,1000,start,0.8640874059678212,15,5,davies_bouldin,4,0.2237164573102917,False,False,0.7143837091080025
n_total,1000,start,0.8640874059678212,15,5,davies_bouldin,5,0.24248274232591296,True,True,0.8640874059678212
n_total,1000,start,0.8640874059678212,15,5,davies_bouldin,6,0.22348968615195236,False,False,0.6626546037602992
n_total,1000,start,0.8640874059678212,15,5,davies_bouldin,7,0.22766161203175364,False,False,0.579254577228559
n_total,1000,start,0.8640874059678212,15,5,calinski_harabasz,3,50.74714027128631,True,False,0.5643394691596081
n_total,1000,start,0.8640874059678212,15,5,calinski_harabasz,4,45.335316567050114,False,False,0.7143837091080025
n_total,1000,start,0.8640874059678212,15,5,calinski_harabasz,5,41.637231671107784,False,True,0.8640874059678212
n_total,1000,start,0.8640874059678212,15,5,calinski_harabasz,6,37.333015964494194,False,False,0.6626546037602992
n_total,1000,start,0.8640874059678212,15,5,calinski_harabasz,7,33.646593554616366,False,False,0.579254577228559
n_total,1000,start,0.8195342600839398,16,5,accuracy_generalizability,3,0.7630099634996397,True,False,0.6285698938916062
n_total,1000,start,0.8195342600839398,16,5,accuracy_generalizability,4,0.758104138149257,False,False,0.6657067586700951
n_total,1000,start,0.8195342600839398,16,5,accuracy_generalizability,5,0.7046301476818314,False,True,0.7153081272261895
n_total,1000,start,0.8195342600839398,16,5,accuracy_generalizability,6,0.6911975939508865,False,False,0.7890851921913046
n_total,1000,start,0.8195342600839398,16,5,accuracy_generalizability,7,0.6245974745547296,False,False,0.8195985603032108
n_total,1000,start,0.8195342600839398,16,5,ari_generalizability,3,0.5101610621057947,False,False,0.6285698938916062
n_total,1000,start,0.8195342600839398,16,5,ari_generalizability,4,0.5501994841470061,True,False,0.6657067586700951
n_total,1000,start,0.8195342600839398,16,5,ari_generalizability,5,0.4894673452903288,False,True,0.7153081272261895
n_total,1000,start,0.8195342600839398,16,5,ari_generalizability,6,0.4417254886511842,False,False,0.7890851921913046
n_total,1000,start,0.8195342600839398,16,5,ari_generalizability,7,0.40723340996127044,False,False,0.8195985603032108
n_total,1000,start,0.8195342600839398,16,5,ari_generalizability_1se,3,0.5101610621057947,False,False,0.6285698938916062
n_total,1000,start,0.8195342600839398,16,5,ari_generalizability_1se,4,0.5501994841470061,True,False,0.6657067586700951
n_total,1000,start,0.8195342600839398,16,5,ari_generalizability_1se,5,0.4894673452903288,False,True,0.7153081272261895
n_total,1000,start,0.8195342600839398,16,5,ari_generalizability_1se,6,0.4417254886511842,False,False,0.7890851921913046
n_total,1000,start,0.8195342600839398,16,5,ari_generalizability_1se,7,0.40723340996127044,False,False,0.8195985603032108
n_total,1000,start,0.8195342600839398,16,5,ari_generalizability_quant,3,0.5101610621057947,False,False,0.6285698938916062
n_total,1000,start,0.8195342600839398,16,5,ari_generalizability_quant,4,0.5501994841470061,False,False,0.6657067586700951
n_total,1000,start,0.8195342600839398,16,5,ari_generalizability_quant,5,0.4894673452903288,False,True,0.7153081272261895
n_total,1000,start,0.8195342600839398,16,5,ari_generalizability_quant,6,0.4417254886511842,True,False,0.7890851921913046
n_total,1000,start,0.8195342600839398,16,5,ari_generalizability_quant,7,0.40723340996127044,False,False,0.8195985603032108
n_total,1000,start,0.8195342600839398,16,5,ari_stability,3,0.7252774765244675,False,False,0.6039795720979312
n_total,1000,start,0.8195342600839398,16,5,ari_stability,4,0.8005521680108145,True,False,0.7088196945993841
n_total,1000,start,0.8195342600839398,16,5,ari_stability,5,0.7772458349973407,False,True,0.7966917609548237
n_total,1000,start,0.8195342600839398,16,5,ari_stability,6,0.699015056468241,False,False,0.6130324002029756
n_total,1000,start,0.8195342600839398,16,5,ari_stability,7,0.621372698928137,False,False,0.5252425606956972
n_total,1000,start,0.8195342600839398,16,5,ari_stability_1se,3,0.7252774765244675,False,False,0.6039795720979312
n_total,1000,start,0.8195342600839398,16,5,ari_stability_1se,4,0.8005521680108145,True,False,0.7088196945993841
n_total,1000,start,0.8195342600839398,16,5,ari_stability_1se,5,0.7772458349973407,False,True,0.7966917609548237
n_total,1000,start,0.8195342600839398,16,5,ari_stability_1se,6,0.699015056468241,False,False,0.6130324002029756
n_total,1000,start,0.8195342600839398,16,5,ari_stability_1se,7,0.621372698928137,False,False,0.5252425606956972
n_total,1000,start,0.8195342600839398,16,5,ari_stability_quant,3,0.7252774765244675,False,False,0.6039795720979312
n_total,1000,start,0.8195342600839398,16,5,ari_stability_quant,4,0.8005521680108145,False,False,0.7088196945993841
n_total,1000,start,0.8195342600839398,16,5,ari_stability_quant,5,0.7772458349973407,False,True,0.7966917609548237
n_total,1000,start,0.8195342600839398,16,5,ari_stability_quant,6,0.699015056468241,True,False,0.6130324002029756
n_total,1000,start,0.8195342600839398,16,5,ari_stability_quant,7,0.621372698928137,False,False,0.5252425606956972
n_total,1000,start,0.8195342600839398,16,5,consensus_ce_stability,3,0.7311127489809603,False,False,0.6039795720979312
n_total,1000,start,0.8195342600839398,16,5,consensus_ce_stability,4,0.8255206576355625,True,False,0.7088196945993841
n_total,1000,start,0.8195342600839398,16,5,consensus_ce_stability,5,0.8106537890144586,False,True,0.7966917609548237
n_total,1000,start,0.8195342600839398,16,5,consensus_ce_stability,6,0.8152104899180155,False,False,0.6130324002029756
n_total,1000,start,0.8195342600839398,16,5,consensus_ce_stability,7,0.7959773298805249,False,False,0.5252425606956972
n_total,1000,start,0.8195342600839398,16,5,consensus_gini_stability,3,0.7558471808201633,False,False,0.6039795720979312
n_total,1000,start,0.8195342600839398,16,5,consensus_gini_stability,4,0.8459784589518629,True,False,0.7088196945993841
n_total,1000,start,0.8195342600839398,16,5,consensus_gini_stability,5,0.8392874888704982,False,True,0.7966917609548237
n_total,1000,start,0.8195342600839398,16,5,consensus_gini_stability,6,0.8328631193153866,False,False,0.6130324002029756
n_total,1000,start,0.8195342600839398,16,5,consensus_gini_stability,7,0.8162803161183665,False,False,0.5252425606956972
n_total,1000,start,0.8195342600839398,16,5,consensus_pac_stability,3,0.6632132132132131,False,False,0.6039795720979312
n_total,1000,start,0.8195342600839398,16,5,consensus_pac_stability,4,0.7721821821821822,True,False,0.7088196945993841
n_total,1000,start,0.8195342600839398,16,5,consensus_pac_stability,5,0.7292332332332332,False,True,0.7966917609548237
n_total,1000,start,0.8195342600839398,16,5,consensus_pac_stability,6,0.7643323323323323,False,False,0.6130324002029756
n_total,1000,start,0.8195342600839398,16,5,consensus_pac_stability,7,0.7397577577577578,False,False,0.5252425606956972
n_total,1000,start,0.8195342600839398,16,5,silhouette,3,0.058083748321268946,False,False,0.6782773565811443
n_total,1000,start,0.8195342600839398,16,5,silhouette,4,0.060004022796675674,False,False,0.6768329898895111
n_total,1000,start,0.8195342600839398,16,5,silhouette,5,0.06491970393597725,True,True,0.8195342600839398
n_total,1000,start,0.8195342600839398,16,5,silhouette,6,0.051775439391405755,False,False,0.6069411441767867
n_total,1000,start,0.8195342600839398,16,5,silhouette,7,0.04840757700926956,False,False,0.544438296049473
n_total,1000,start,0.8195342600839398,16,5,gap,3,1.3249624935958764,False,False,0.6782773565811443
n_total,1000,start,0.8195342600839398,16,5,gap,4,1.343959286313364,False,False,0.6768329898895111
n_total,1000,start,0.8195342600839398,16,5,gap,5,1.3599020226672156,False,True,0.8195342600839398
n_total,1000,start,0.8195342600839398,16,5,gap,6,1.3713348012908178,False,False,0.6069411441767867
n_total,1000,start,0.8195342600839398,16,5,gap,7,1.3771301569375556,True,False,0.544438296049473
n_total,1000,start,0.8195342600839398,16,5,davies_bouldin,3,0.21168805385708647,False,False,0.6782773565811443
n_total,1000,start,0.8195342600839398,16,5,davies_bouldin,4,0.23031030612087236,False,False,0.6768329898895111
n_total,1000,start,0.8195342600839398,16,5,davies_bouldin,5,0.2484863302217815,True,True,0.8195342600839398
n_total,1000,start,0.8195342600839398,16,5,davies_bouldin,6,0.22583563208303908,False,False,0.6069411441767867
n_total,1000,start,0.8195342600839398,16,5,davies_bouldin,7,0.2263572743778909,False,False,0.544438296049473
n_total,1000,start,0.8195342600839398,16,5,calinski_harabasz,3,51.68662993639708,True,False,0.6782773565811443
n_total,1000,start,0.8195342600839398,16,5,calinski_harabasz,4,45.947183454872544,False,False,0.6768329898895111
n_total,1000,start,0.8195342600839398,16,5,calinski_harabasz,5,41.884482905086784,False,True,0.8195342600839398
n_total,1000,start,0.8195342600839398,16,5,calinski_harabasz,6,38.13790063736019,False,False,0.6069411441767867
n_total,1000,start,0.8195342600839398,16,5,calinski_harabasz,7,34.48043783988478,False,False,0.544438296049473
n_total,1000,start,0.49248375494156355,17,5,accuracy_generalizability,3,0.7647898778992955,True,False,0.6321175199385323
n_total,1000,start,0.49248375494156355,17,5,accuracy_generalizability,4,0.6047593835181198,False,False,0.7017838537624724
n_total,1000,start,0.49248375494156355,17,5,accuracy_generalizability,5,0.5794793137121899,False,True,0.7795773737626193
n_total,1000,start,0.49248375494156355,17,5,accuracy_generalizability,6,0.5914516999062636,False,False,0.808332821190667
n_total,1000,start,0.49248375494156355,17,5,accuracy_generalizability,7,0.5935550266550375,False,False,0.8599748225463356
n_total,1000,start,0.49248375494156355,17,5,ari_generalizability,3,0.5498277505768584,True,False,0.6321175199385323
n_total,1000,start,0.49248375494156355,17,5,ari_generalizability,4,0.3908295856153281,False,False,0.7017838537624724
n_total,1000,start,0.49248375494156355,17,5,ari_generalizability,5,0.3272014976907594,False,True,0.7795773737626193
n_total,1000,start,0.49248375494156355,17,5,ari_generalizability,6,0.3250118611440452,False,False,0.808332821190667
n_total,1000,start,0.49248375494156355,17,5,ari_generalizability,7,0.3406375601905417,False,False,0.8599748225463356
n_total,1000,start,0.49248375494156355,17,5,ari_generalizability_1se,3,0.5498277505768584,True,False,0.6321175199385323
n_total,1000,start,0.49248375494156355,17,5,ari_generalizability_1se,4,0.3908295856153281,False,False,0.7017838537624724
n_total,1000,start,0.49248375494156355,17,5,ari_generalizability_1se,5,0.3272014976907594,False,True,0.7795773737626193
n_total,1000,start,0.49248375494156355,17,5,ari_generalizability_1se,6,0.3250118611440452,False,False,0.808332821190667
n_total,1000,start,0.49248375494156355,17,5,ari_generalizability_1se,7,0.3406375601905417,False,False,0.8599748225463356
n_total,1000,start,0.49248375494156355,17,5,ari_generalizability_quant,3,0.5498277505768584,True,False,0.6321175199385323
n_total,1000,start,0.49248375494156355,17,5,ari_generalizability_quant,4,0.3908295856153281,False,False,0.7017838537624724
n_total,1000,start,0.49248375494156355,17,5,ari_generalizability_quant,5,0.3272014976907594,False,True,0.7795773737626193
n_total,1000,start,0.49248375494156355,17,5,ari_generalizability_quant,6,0.3250118611440452,False,False,0.808332821190667
n_total,1000,start,0.49248375494156355,17,5,ari_generalizability_quant,7,0.3406375601905417,False,False,0.8599748225463356
n_total,1000,start,0.49248375494156355,17,5,ari_stability,3,0.7526765376485512,True,False,0.6524962375865192
n_total,1000,start,0.49248375494156355,17,5,ari_stability,4,0.6565486155048471,False,False,0.7516311591988187
n_total,1000,start,0.49248375494156355,17,5,ari_stability,5,0.5243610536407582,False,True,0.8393321792910035
n_total,1000,start,0.49248375494156355,17,5,ari_stability,6,0.575270533319543,False,False,0.5753631531936869
n_total,1000,start,0.49248375494156355,17,5,ari_stability,7,0.5457097857734541,False,False,0.5570795392300091
n_total,1000,start,0.49248375494156355,17,5,ari_stability_1se,3,0.7526765376485512,True,False,0.6524962375865192
n_total,1000,start,0.49248375494156355,17,5,ari_stability_1se,4,0.6565486155048471,False,False,0.7516311591988187
n_total,1000,start,0.49248375494156355,17,5,ari_stability_1se,5,0.5243610536407582,False,True,0.8393321792910035
n_total,1000,start,0.49248375494156355,17,5,ari_stability_1se,6,0.575270533319543,False,False,0.5753631531936869
n_total,1000,start,0.49248375494156355,17,5,ari_stability_1se,7,0.5457097857734541,False,False,0.5570795392300091
n_total,1000,start,0.49248375494156355,17,5,ari_stability_quant,3,0.7526765376485512,False,False,0.6524962375865192
n_total,1000,start,0.49248375494156355,17,5,ari_stability_quant,4,0.6565486155048471,True,False,0.7516311591988187
n_total,1000,start,0.49248375494156355,17,5,ari_stability_quant,5,0.5243610536407582,False,True,0.8393321792910035
n_total,1000,start,0.49248375494156355,17,5,ari_stability_quant,6,0.575270533319543,False,False,0.5753631531936869
n_total,1000,start,0.49248375494156355,17,5,ari_stability_quant,7,0.5457097857734541,False,False,0.5570795392300091
n_total,1000,start,0.49248375494156355,17,5,consensus_ce_stability,3,0.7600403176794162,True,False,0.6524962375865192
n_total,1000,start,0.49248375494156355,17,5,consensus_ce_stability,4,0.6652863888600521,False,False,0.7516311591988187
n_total,1000,start,0.49248375494156355,17,5,consensus_ce_stability,5,0.6501658792366957,False,True,0.8393321792910035
n_total,1000,start,0.49248375494156355,17,5,consensus_ce_stability,6,0.718368664472174,False,False,0.5753631531936869
n_total,1000,start,0.49248375494156355,17,5,consensus_ce_stability,7,0.7589425286285532,False,False,0.5570795392300091
n_total,1000,start,0.49248375494156355,17,5,consensus_gini_stability,3,0.7839290553974202,True,False,0.6524962375865192
n_total,1000,start,0.49248375494156355,17,5,consensus_gini_stability,4,0.7064947837353607,False,False,0.7516311591988187
n_total,1000,start,0.49248375494156355,17,5,consensus_gini_stability,5,0.6805939015639884,False,True,0.8393321792910035
n_total,1000,start,0.49248375494156355,17,5,consensus_gini_stability,6,0.7427373284494138,False,False,0.5753631531936869
n_total,1000,start,0.49248375494156355,17,5,consensus_gini_stability,7,0.7797536845362176,False,False,0.5570795392300091
n_total,1000,start,0.49248375494156355,17,5,consensus_pac_stability,3,0.6895675675675675,False,False,0.6524962375865192
n_total,1000,start,0.49248375494156355,17,5,consensus_pac_stability,4,0.5332512512512513,False,False,0.7516311591988187
n_total,1000,start,0.49248375494156355,17,5,consensus_pac_stability,5,0.5633893893893893,False,True,0.8393321792910035
n_total,1000,start,0.49248375494156355,17,5,consensus_pac_stability,6,0.6539499499499499,False,False,0.5753631531936869
n_total,1000,start,0.49248375494156355,17,5,consensus_pac_stability,7,0.6960740740740741,True,False,0.5570795392300091
n_total,1000,start,0.49248375494156355,17,5,silhouette,3,0.0634937435436665,True,False,0.6931242570276661
n_total,1000,start,0.49248375494156355,17,5,silhouette,4,0.05916334646894156,False,False,0.689167343095937
n_total,1000,start,0.49248375494156355,17,5,silhouette,5,0.044240925886803964,False,True,0.49248375494156355
n_total,1000,start,0.49248375494156355,17,5,silhouette,6,0.05178195062588254,False,False,0.575671207670657
n_total,1000,start,0.49248375494156355,17,5,silhouette,7,0.049006229692038134,False,False,0.45691426885164416
n_total,1000,start,0.49248375494156355,17,5,gap,3,1.34575151007874,False,False,0.6931242570276661
n_total,1000,start,0.49248375494156355,17,5,gap,4,1.358889009698574,False,False,0.689167343095937
n_total,1000,start,0.49248375494156355,17,5,gap,5,1.3710048177085934,False,True,0.49248375494156355
n_total,1000,start,0.49248375494156355,17,5,gap,6,1.3872682804022194,False,False,0.575671207670657
n_total,1000,start,0.49248375494156355,17,5,gap,7,1.3961039962546362,True,False,0.45691426885164416
n_total,1000,start,0.49248375494156355,17,5,davies_bouldin,3,0.20888593415188345,False,False,0.6931242570276661
n_total,1000,start,0.49248375494156355,17,5,davies_bouldin,4,0.2236148802188067,False,False,0.689167343095937
n_total,1000,start,0.49248375494156355,17,5,davies_bouldin,5,0.20713553959039926,False,True,0.49248375494156355
n_total,1000,start,0.49248375494156355,17,5,davies_bouldin,6,0.22116221550624166,False,False,0.575671207670657
n_total,1000,start,0.49248375494156355,17,5,davies_bouldin,7,0.22521044647669644,True,False,0.45691426885164416
n_total,1000,start,0.49248375494156355,17,5,calinski_harabasz,3,53.25639155398003,True,False,0.6931242570276661
n_total,1000,start,0.49248375494156355,17,5,calinski_harabasz,4,45.0411315085814,False,False,0.689167343095937
n_total,1000,start,0.49248375494156355,17,5,calinski_harabasz,5,40.052199979398864,False,True,0.49248375494156355
n_total,1000,start,0.49248375494156355,17,5,calinski_harabasz,6,37.880597892259715,False,False,0.575671207670657
n_total,1000,start,0.49248375494156355,17,5,calinski_harabasz,7,34.918410400280074,False,False,0.45691426885164416
n_total,1000,start,0.5888539629376728,18,5,accuracy_generalizability,3,0.8463229828415385,True,False,0.7236367372483287
n_total,1000,start,0.5888539629376728,18,5,accuracy_generalizability,4,0.7049302886224977,False,False,0.7482426121642388
n_total,1000,start,0.5888539629376728,18,5,accuracy_generalizability,5,0.6296151595462044,False,True,0.8163453721540906
n_total,1000,start,0.5888539629376728,18,5,accuracy_generalizability,6,0.6316831656505529,False,False,0.8375009245672626
n_total,1000,start,0.5888539629376728,18,5,accuracy_generalizability,7,0.6162701694145467,False,False,0.5711358413284895
n_total,1000,start,0.5888539629376728,18,5,ari_generalizability,3,0.6399909955901643,True,False,0.7236367372483287
n_total,1000,start,0.5888539629376728,18,5,ari_generalizability,4,0.5023282413022476,False,False,0.7482426121642388
n_total,1000,start,0.5888539629376728,18,5,ari_generalizability,5,0.40343160900536645,False,True,0.8163453721540906
n_total,1000,start,0.5888539629376728,18,5,ari_generalizability,6,0.39082341512945445,False,False,0.8375009245672626
n_total,1000,start,0.5888539629376728,18,5,ari_generalizability,7,0.39390602269483177,False,False,0.5711358413284895
n_total,1000,start,0.5888539629376728,18,5,ari_generalizability_1se,3,0.6399909955901643,True,False,0.7236367372483287
n_total,1000,start,0.5888539629376728,18,5,ari_generalizability_1se,4,0.5023282413022476,False,False,0.7482426121642388
n_total,1000,start,0.5888539629376728,18,5,ari_generalizability_1se,5,0.40343160900536645,False,True,0.8163453721540906
n_total,1000,start,0.5888539629376728,18,5,ari_generalizability_1se,6,0.39082341512945445,False,False,0.8375009245672626
n_total,1000,start,0.5888539629376728,18,5,ari_generalizability_1se,7,0.39390602269483177,False,False,0.5711358413284895
n_total,1000,start,0.5888539629376728,18,5,ari_generalizability_quant,3,0.6399909955901643,True,False,0.7236367372483287
n_total,1000,start,0.5888539629376728,18,5,ari_generalizability_quant,4,0.5023282413022476,False,False,0.7482426121642388
n_total,1000,start,0.5888539629376728,18,5,ari_generalizability_quant,5,0.40343160900536645,False,True,0.8163453721540906
n_total,1000,start,0.5888539629376728,18,5,ari_generalizability_quant,6,0.39082341512945445,False,False,0.8375009245672626
n_total,1000,start,0.5888539629376728,18,5,ari_generalizability_quant,7,0.39390602269483177,False,False,0.5711358413284895
n_total,1000,start,0.5888539629376728,18,5,ari_stability,3,0.8569468978596625,True,False,0.7445446500342259
n_total,1000,start,0.5888539629376728,18,5,ari_stability,4,0.7905130338574442,False,False,0.845078262926931
n_total,1000,start,0.5888539629376728,18,5,ari_stability,5,0.6071512313214864,False,True,0.8573662496953846
n_total,1000,start,0.5888539629376728,18,5,ari_stability,6,0.6242917367239581,False,False,0.9232943353786501
n_total,1000,start,0.5888539629376728,18,5,ari_stability,7,0.6148749220939554,False,False,0.5507118640717391
n_total,1000,start,0.5888539629376728,18,5,ari_stability_1se,3,0.8569468978596625,True,False,0.7445446500342259
n_total,1000,start,0.5888539629376728,18,5,ari_stability_1se,4,0.7905130338574442,False,False,0.845078262926931
n_total,1000,start,0.5888539629376728,18,5,ari_stability_1se,5,0.6071512313214864,False,True,0.8573662496953846
n_total,1000,start,0.5888539629376728,18,5,ari_stability_1se,6,0.6242917367239581,False,False,0.9232943353786501
n_total,1000,start,0.5888539629376728,18,5,ari_stability_1se,7,0.6148749220939554,False,False,0.5507118640717391
n_total,1000,start,0.5888539629376728,18,5,ari_stability_quant,3,0.8569468978596625,False,False,0.7445446500342259
n_total,1000,start,0.5888539629376728,18,5,ari_stability_quant,4,0.7905130338574442,True,False,0.845078262926931
n_total,1000,start,0.5888539629376728,18,5,ari_stability_quant,5,0.6071512313214864,False,True,0.8573662496953846
n_total,1000,start,0.5888539629376728,18,5,ari_stability_quant,6,0.6242917367239581,False,False,0.9232943353786501
n_total,1000,start,0.5888539629376728,18,5,ari_stability_quant,7,0.6148749220939554,False,False,0.5507118640717391
n_total,1000,start,0.5888539629376728,18,5,consensus_ce_stability,3,0.8547849999299826,True,False,0.7445446500342259
n_total,1000,start,0.5888539629376728,18,5,consensus_ce_stability,4,0.7863079227739395,False,False,0.845078262926931
n_total,1000,start,0.5888539629376728,18,5,consensus_ce_stability,5,0.7105808476887354,False,True,0.8573662496953846
n_total,1000,start,0.5888539629376728,18,5,consensus_ce_stability,6,0.7541012615734932,False,False,0.9232943353786501
n_total,1000,start,0.5888539629376728,18,5,consensus_ce_stability,7,0.7837185232213151,False,False,0.5507118640717391
n_total,1000,start,0.5888539629376728,18,5,consensus_gini_stability,3,0.869409255362382,True,False,0.7445446500342259
n_total,1000,start,0.5888539629376728,18,5,consensus_gini_stability,4,0.8221727944697189,False,False,0.845078262926931
n_total,1000,start,0.5888539629376728,18,5,consensus_gini_stability,5,0.734639902429465,False,True,0.8573662496953846
n_total,1000,start,0.5888539629376728,18,5,consensus_gini_stability,6,0.7735887765868601,False,False,0.9232943353786501
n_total,1000,start,0.5888539629376728,18,5,consensus_gini_stability,7,0.8024378225015798,False,False,0.5507118640717391
n_total,1000,start,0.5888539629376728,18,5,consensus_pac_stability,3,0.8162982982982983,True,False,0.7445446500342259
n_total,1000,start,0.5888539629376728,18,5,consensus_pac_stability,4,0.6735175175175175,False,False,0.845078262926931
n_total,1000,start,0.5888539629376728,18,5,consensus_pac_stability,5,0.6425165165165165,False,True,0.8573662496953846
n_total,1000,start,0.5888539629376728,18,5,consensus_pac_stability,6,0.6999919919919919,False,False,0.9232943353786501
n_total,1000,start,0.5888539629376728,18,5,consensus_pac_stability,7,0.7262122122122122,False,False,0.5507118640717391
n_total,1000,start,0.5888539629376728,18,5,silhouette,3,0.06610210571568581,False,False,0.7413586532605555
n_total,1000,start,0.5888539629376728,18,5,silhouette,4,0.07032455697811642,True,False,0.8473634466049639
n_total,1000,start,0.5888539629376728,18,5,silhouette,5,0.04941793052610503,False,True,0.5888539629376728
n_total,1000,start,0.5888539629376728,18,5,silhouette,6,0.055374682873952585,False,False,0.6289607002056691
n_total,1000,start,0.5888539629376728,18,5,silhouette,7,0.05164356588806893,False,False,0.5159554221822875
n_total,1000,start,0.5888539629376728,18,5,gap,3,1.3096580222040188,False,False,0.7413586532605555
n_total,1000,start,0.5888539629376728,18,5,gap,4,1.3250289961023025,False,False,0.8473634466049639
n_total,1000,start,0.5888539629376728,18,5,gap,5,1.3360308789257118,False,True,0.5888539629376728
n_total,1000,start,0.5888539629376728,18,5,gap,6,1.352340567307662,False,False,0.6289607002056691
n_total,1000,start,0.5888539629376728,18,5,gap,7,1.360153748032051,True,False,0.5159554221822875
n_total,1000,start,0.5888539629376728,18,5,davies_bouldin,3,0.2178603678236549,False,False,0.7413586532605555
n_total,1000,start,0.5888539629376728,18,5,davies_bouldin,4,0.23892860102966937,True,False,0.8473634466049639
n_total,1000,start,0.5888539629376728,18,5,davies_bouldin,5,0.21255227847167807,False,True,0.5888539629376728
n_total,1000,start,0.5888539629376728,18,5,davies_bouldin,6,0.2255783345938585,False,False,0.6289607002056691
n_total,1000,start,0.5888539629376728,18,5,davies_bouldin,7,0.22908584375081908,False,False,0.5159554221822875
n_total,1000,start,0.5888539629376728,18,5,calinski_harabasz,3,56.37887561262814,True,False,0.7413586532605555
n_total,1000,start,0.5888539629376728,18,5,calinski_harabasz,4,47.90717274708056,False,False,0.8473634466049639
n_total,1000,start,0.5888539629376728,18,5,calinski_harabasz,5,42.01357375338124,False,True,0.5888539629376728
n_total,1000,start,0.5888539629376728,18,5,calinski_harabasz,6,39.409036532792875,False,False,0.6289607002056691
n_total,1000,start,0.5888539629376728,18,5,calinski_harabasz,7,35.93638098504954,False,False,0.5159554221822875
n_total,1000,start,0.9457788262135645,19,5,accuracy_generalizability,3,0.7403139746259728,False,False,0.5187588278714578
n_total,1000,start,0.9457788262135645,19,5,accuracy_generalizability,4,0.8090772117538124,False,False,0.6932004689451081
n_total,1000,start,0.9457788262135645,19,5,accuracy_generalizability,5,0.8706438415900648,True,True,0.8307345072041465
n_total,1000,start,0.9457788262135645,19,5,accuracy_generalizability,6,0.72821107652519,False,False,0.857099612610633
n_total,1000,start,0.9457788262135645,19,5,accuracy_generalizability,7,0.6380533533888358,False,False,0.8413422844922744
n_total,1000,start,0.9457788262135645,19,5,ari_generalizability,3,0.44226766914406956,False,False,0.5187588278714578
n_total,1000,start,0.9457788262135645,19,5,ari_generalizability,4,0.5853013316584922,False,False,0.6932004689451081
n_total,1000,start,0.9457788262135645,19,5,ari_generalizability,5,0.7103984430170419,True,True,0.8307345072041465
n_total,1000,start,0.9457788262135645,19,5,ari_generalizability,6,0.5710581316062191,False,False,0.857099612610633
n_total,1000,start,0.9457788262135645,19,5,ari_generalizability,7,0.48098594945704476,False,False,0.8413422844922744
n_total,1000,start,0.9457788262135645,19,5,ari_generalizability_1se,3,0.44226766914406956,False,False,0.5187588278714578
n_total,1000,start,0.9457788262135645,19,5,ari_generalizability_1se,4,0.5853013316584922,False,False,0.6932004689451081
n_total,1000,start,0.9457788262135645,19,5,ari_generalizability_1se,5,0.7103984430170419,True,True,0.8307345072041465
n_total,1000,start,0.9457788262135645,19,5,ari_generalizability_1se,6,0.5710581316062191,False,False,0.857099612610633
n_total,1000,start,0.9457788262135645,19,5,ari_generalizability_1se,7,0.48098594945704476,False,False,0.8413422844922744
n_total,1000,start,0.9457788262135645,19,5,ari_generalizability_quant,3,0.44226766914406956,False,False,0.5187588278714578
n_total,1000,start,0.9457788262135645,19,5,ari_generalizability_quant,4,0.5853013316584922,False,False,0.6932004689451081
n_total,1000,start,0.9457788262135645,19,5,ari_generalizability_quant,5,0.7103984430170419,True,True,0.8307345072041465
n_total,1000,start,0.9457788262135645,19,5,ari_generalizability_quant,6,0.5710581316062191,False,False,0.857099612610633
n_total,1000,start,0.9457788262135645,19,5,ari_generalizability_quant,7,0.48098594945704476,False,False,0.8413422844922744
n_total,1000,start,0.9457788262135645,19,5,ari_stability,3,0.7053484074540658,False,False,0.5623916480422673
n_total,1000,start,0.9457788262135645,19,5,ari_stability,4,0.8149091569922742,False,False,0.782733153064721
n_total,1000,start,0.9457788262135645,19,5,ari_stability,5,0.9303391542171462,True,True,0.9172573409602364
n_total,1000,start,0.9457788262135645,19,5,ari_stability,6,0.7389257040034808,False,False,0.8943673366518822
n_total,1000,start,0.9457788262135645,19,5,ari_stability,7,0.6185761646529131,False,False,0.8947119506306098
n_total,1000,start,0.9457788262135645,19,5,ari_stability_1se,3,0.7053484074540658,False,False,0.5623916480422673
n_total,1000,start,0.9457788262135645,19,5,ari_stability_1se,4,0.8149091569922742,False,False,0.782733153064721
n_total,1000,start,0.9457788262135645,19,5,ari_stability_1se,5,0.9303391542171462,True,True,0.9172573409602364
n_total,1000,start,0.9457788262135645,19,5,ari_stability_1se,6,0.7389257040034808,False,False,0.8943673366518822
n_total,1000,start,0.9457788262135645,19,5,ari_stability_1se,7,0.6185761646529131,False,False,0.8947119506306098
n_total,1000,start,0.9457788262135645,19,5,ari_stability_quant,3,0.7053484074540658,False,False,0.5623916480422673
n_total,1000,start,0.9457788262135645,19,5,ari_stability_quant,4,0.8149091569922742,False,False,0.782733153064721
n_total,1000,start,0.9457788262135645,19,5,ari_stability_quant,5,0.9303391542171462,True,True,0.9172573409602364
n_total,1000,start,0.9457788262135645,19,5,ari_stability_quant,6,0.7389257040034808,False,False,0.8943673366518822
n_total,1000,start,0.9457788262135645,19,5,ari_stability_quant,7,0.6185761646529131,False,False,0.8947119506306098
n_total,1000,start,0.9457788262135645,19,5,consensus_ce_stability,3,0.6939755365563085,False,False,0.5623916480422673
n_total,1000,start,0.9457788262135645,19,5,consensus_ce_stability,4,0.8319313004725154,False,False,0.782733153064721
n_total,1000,start,0.9457788262135645,19,5,consensus_ce_stability,5,0.9515882738628105,True,True,0.9172573409602364
n_total,1000,start,0.9457788262135645,19,5,consensus_ce_stability,6,0.8308875359276253,False,False,0.8943673366518822
n_total,1000,start,0.9457788262135645,19,5,consensus_ce_stability,7,0.7922891947103852,False,False,0.8947119506306098
n_total,1000,start,0.9457788262135645,19,5,consensus_gini_stability,3,0.7398266100206039,False,False,0.5623916480422673
n_total,1000,start,0.9457788262135645,19,5,consensus_gini_stability,4,0.8596767206695158,False,False,0.782733153064721
n_total,1000,start,0.9457788262135645,19,5,consensus_gini_stability,5,0.9571656345981376,True,True,0.9172573409602364
n_total,1000,start,0.9457788262135645,19,5,consensus_gini_stability,6,0.8528463873937833,False,False,0.8943673366518822
n_total,1000,start,0.9457788262135645,19,5,consensus_gini_stability,7,0.8130945856195483,False,False,0.8947119506306098
n_total,1000,start,0.9457788262135645,19,5,consensus_pac_stability,3,0.5695995995995996,False,False,0.5623916480422673
n_total,1000,start,0.9457788262135645,19,5,consensus_pac_stability,4,0.7466406406406406,False,False,0.782733153064721
n_total,1000,start,0.9457788262135645,19,5,consensus_pac_stability,5,0.939027027027027,True,True,0.9172573409602364
n_total,1000,start,0.9457788262135645,19,5,consensus_pac_stability,6,0.7677317317317317,False,False,0.8943673366518822
n_total,1000,start,0.9457788262135645,19,5,consensus_pac_stability,7,0.7368688688688689,False,False,0.8947119506306098
n_total,1000,start,0.9457788262135645,19,5,silhouette,3,0.05220393004490126,False,False,0.5374409064760948
n_total,1000,start,0.9457788262135645,19,5,silhouette,4,0.06061269392982165,False,False,0.7866492650123392
n_total,1000,start,0.9457788262135645,19,5,silhouette,5,0.06893836437593011,True,True,0.9457788262135645
n_total,1000,start,0.9457788262135645,19,5,silhouette,6,0.06144711514212373,False,False,0.7914961859703235
n_total,1000,start,0.9457788262135645,19,5,silhouette,7,0.05275987054234116,False,False,0.7109985162391373
n_total,1000,start,0.9457788262135645,19,5,gap,3,1.3276663583146373,False,False,0.5374409064760948
n_total,1000,start,0.9457788262135645,19,5,gap,4,1.3552478773456826,False,False,0.7866492650123392
n_total,1000,start,0.9457788262135645,19,5,gap,5,1.3788264420221967,False,True,0.9457788262135645
n_total,1000,start,0.9457788262135645,19,5,gap,6,1.3842919453022287,False,False,0.7914961859703235
n_total,1000,start,0.9457788262135645,19,5,gap,7,1.389093516295235,True,False,0.7109985162391373
n_total,1000,start,0.9457788262135645,19,5,davies_bouldin,3,0.2135913009899097,False,False,0.5374409064760948
n_total,1000,start,0.9457788262135645,19,5,davies_bouldin,4,0.22396682998525974,False,False,0.7866492650123392
n_total,1000,start,0.9457788262135645,19,5,davies_bouldin,5,0.2451172975229015,True,True,0.9457788262135645
n_total,1000,start,0.9457788262135645,19,5,davies_bouldin,6,0.2400186500679616,False,False,0.7914961859703235
n_total,1000,start,0.9457788262135645,19,5,davies_bouldin,7,0.21959283000938226,False,False,0.7109985162391373
n_total,1000,start,0.9457788262135645,19,5,calinski_harabasz,3,47.796353626580235,True,False,0.5374409064760948
n_total,1000,start,0.9457788262135645,19,5,calinski_harabasz,4,46.48406341208911,False,False,0.7866492650123392
n_total,1000,start,0.9457788262135645,19,5,calinski_harabasz,5,44.41763722266292,False,True,0.9457788262135645
n_total,1000,start,0.9457788262135645,19,5,calinski_harabasz,6,38.869289624342834,False,False,0.7914961859703235
n_total,1000,start,0.9457788262135645,19,5,calinski_harabasz,7,34.936755037999774,False,False,0.7109985162391373
n_total,5500,middle,0.8902412148452076,0,5,accuracy_generalizability,3,0.9037140843444047,False,False,0.5956965352805091
n_total,5500,middle,0.8902412148452076,0,5,accuracy_generalizability,4,0.9144201210643376,True,False,0.7870969263393784
n_total,5500,middle,0.8902412148452076,0,5,accuracy_generalizability,5,0.8847942885672638,False,True,0.7978757418347704
n_total,5500,middle,0.8902412148452076,0,5,accuracy_generalizability,6,0.6928383351428223,False,False,0.8267660519396505
n_total,5500,middle,0.8902412148452076,0,5,accuracy_generalizability,7,0.7037889016188862,False,False,0.7344778969634671
n_total,5500,middle,0.8902412148452076,0,5,ari_generalizability,3,0.7327199415829785,False,False,0.5956965352805091
n_total,5500,middle,0.8902412148452076,0,5,ari_generalizability,4,0.7928797239108349,True,False,0.7870969263393784
n_total,5500,middle,0.8902412148452076,0,5,ari_generalizability,5,0.7495017329017396,False,True,0.7978757418347704
n_total,5500,middle,0.8902412148452076,0,5,ari_generalizability,6,0.5592193209192098,False,False,0.8267660519396505
n_total,5500,middle,0.8902412148452076,0,5,ari_generalizability,7,0.5056302713433058,False,False,0.7344778969634671
n_total,5500,middle,0.8902412148452076,0,5,ari_generalizability_1se,3,0.7327199415829785,False,False,0.5956965352805091
n_total,5500,middle,0.8902412148452076,0,5,ari_generalizability_1se,4,0.7928797239108349,True,False,0.7870969263393784
n_total,5500,middle,0.8902412148452076,0,5,ari_generalizability_1se,5,0.7495017329017396,False,True,0.7978757418347704
n_total,5500,middle,0.8902412148452076,0,5,ari_generalizability_1se,6,0.5592193209192098,False,False,0.8267660519396505
n_total,5500,middle,0.8902412148452076,0,5,ari_generalizability_1se,7,0.5056302713433058,False,False,0.7344778969634671
n_total,5500,middle,0.8902412148452076,0,5,ari_generalizability_quant,3,0.7327199415829785,False,False,0.5956965352805091
n_total,5500,middle,0.8902412148452076,0,5,ari_generalizability_quant,4,0.7928797239108349,True,False,0.7870969263393784
n_total,5500,middle,0.8902412148452076,0,5,ari_generalizability_quant,5,0.7495017329017396,False,True,0.7978757418347704
n_total,5500,middle,0.8902412148452076,0,5,ari_generalizability_quant,6,0.5592193209192098,False,False,0.8267660519396505
n_total,5500,middle,0.8902412148452076,0,5,ari_generalizability_quant,7,0.5056302713433058,False,False,0.7344778969634671
n_total,5500,middle,0.8902412148452076,0,5,ari_stability,3,0.9280493708489784,False,False,0.6443333210098849
n_total,5500,middle,0.8902412148452076,0,5,ari_stability,4,0.9690342086989577,False,False,0.8278358345099677
n_total,5500,middle,0.8902412148452076,0,5,ari_stability,5,0.9741574455650672,True,True,0.8870131513614974
n_total,5500,middle,0.8902412148452076,0,5,ari_stability,6,0.7893089876260123,False,False,0.8870978416324151
n_total,5500,middle,0.8902412148452076,0,5,ari_stability,7,0.6996815431918552,False,False,0.7757763031934726
n_total,5500,middle,0.8902412148452076,0,5,ari_stability_1se,3,0.9280493708489784,False,False,0.6443333210098849
n_total,5500,middle,0.8902412148452076,0,5,ari_stability_1se,4,0.9690342086989577,False,False,0.8278358345099677
n_total,5500,middle,0.8902412148452076,0,5,ari_stability_1se,5,0.9741574455650672,True,True,0.8870131513614974
n_total,5500,middle,0.8902412148452076,0,5,ari_stability_1se,6,0.7893089876260123,False,False,0.8870978416324151
n_total,5500,middle,0.8902412148452076,0,5,ari_stability_1se,7,0.6996815431918552,False,False,0.7757763031934726
n_total,5500,middle,0.8902412148452076,0,5,ari_stability_quant,3,0.9280493708489784,False,False,0.6443333210098849
n_total,5500,middle,0.8902412148452076,0,5,ari_stability_quant,4,0.9690342086989577,False,False,0.8278358345099677
n_total,5500,middle,0.8902412148452076,0,5,ari_stability_quant,5,0.9741574455650672,True,True,0.8870131513614974
n_total,5500,middle,0.8902412148452076,0,5,ari_stability_quant,6,0.7893089876260123,False,False,0.8870978416324151
n_total,5500,middle,0.8902412148452076,0,5,ari_stability_quant,7,0.6996815431918552,False,False,0.7757763031934726
n_total,5500,middle,0.8902412148452076,0,5,consensus_ce_stability,3,0.9239474288301901,False,False,0.6443333210098849
n_total,5500,middle,0.8902412148452076,0,5,consensus_ce_stability,4,0.9720547685857552,False,False,0.8278358345099677
n_total,5500,middle,0.8902412148452076,0,5,consensus_ce_stability,5,0.9782296276020883,True,True,0.8870131513614974
n_total,5500,middle,0.8902412148452076,0,5,consensus_ce_stability,6,0.843251509988404,False,False,0.8870978416324151
n_total,5500,middle,0.8902412148452076,0,5,consensus_ce_stability,7,0.8322505784007701,False,False,0.7757763031934726
n_total,5500,middle,0.8902412148452076,0,5,consensus_gini_stability,3,0.9365885475024908,False,False,0.6443333210098849
n_total,5500,middle,0.8902412148452076,0,5,consensus_gini_stability,4,0.9753393641036905,False,False,0.8278358345099677
n_total,5500,middle,0.8902412148452076,0,5,consensus_gini_stability,5,0.9812777167663609,True,True,0.8870131513614974
n_total,5500,middle,0.8902412148452076,0,5,consensus_gini_stability,6,0.8580617157745636,False,False,0.8870978416324151
n_total,5500,middle,0.8902412148452076,0,5,consensus_gini_stability,7,0.8472497987484011,False,False,0.7757763031934726
n_total,5500,middle,0.8902412148452076,0,5,consensus_pac_stability,3,0.8937084759212419,False,False,0.6443333210098849
n_total,5500,middle,0.8902412148452076,0,5,consensus_pac_stability,4,0.9630126469275405,False,False,0.8278358345099677
n_total,5500,middle,0.8902412148452076,0,5,consensus_pac_stability,5,0.9696317016317016,True,True,0.8870131513614974
n_total,5500,middle,0.8902412148452076,0,5,consensus_pac_stability,6,0.7979929573972127,False,False,0.8870978416324151
n_total,5500,middle,0.8902412148452076,0,5,consensus_pac_stability,7,0.7850758980971747,False,False,0.7757763031934726
n_total,5500,middle,0.8902412148452076,0,5,silhouette,3,0.055786972140296834,False,False,0.6443021809629069
n_total,5500,middle,0.8902412148452076,0,5,silhouette,4,0.06090523591543603,False,False,0.8305833363273136
n_total,5500,middle,0.8902412148452076,0,5,silhouette,5,0.062366882017882166,True,True,0.8902412148452076
n_total,5500,middle,0.8902412148452076,0,5,silhouette,6,0.05415381356774802,False,False,0.7591921939642533
n_total,5500,middle,0.8902412148452076,0,5,silhouette,7,0.04390475889215803,False,False,0.619932383797766
n_total,5500,middle,0.8902412148452076,0,5,gap,3,1.5670531513575856,False,False,0.6443021809629069
n_total,5500,middle,0.8902412148452076,0,5,gap,4,1.5861540681480797,False,False,0.8305833363273136
n_total,5500,middle,0.8902412148452076,0,5,gap,5,1.599886090868587,False,True,0.8902412148452076
n_total,5500,middle,0.8902412148452076,0,5,gap,6,1.6072511055269487,False,False,0.7591921939642533
n_total,5500,middle,0.8902412148452076,0,5,gap,7,1.6146291883407375,True,False,0.619932383797766
n_total,5500,middle,0.8902412148452076,0,5,davies_bouldin,3,0.19943333668526697,False,False,0.6443021809629069
n_total,5500,middle,0.8902412148452076,0,5,davies_bouldin,4,0.21598946541608993,False,False,0.8305833363273136
n_total,5500,middle,0.8902412148452076,0,5,davies_bouldin,5,0.23217872100559353,True,True,0.8902412148452076
n_total,5500,middle,0.8902412148452076,0,5,davies_bouldin,6,0.2150384371203095,False,False,0.7591921939642533
n_total,5500,middle,0.8902412148452076,0,5,davies_bouldin,7,0.19986464340135895,False,False,0.619932383797766
n_total,5500,middle,0.8902412148452076,0,5,calinski_harabasz,3,287.3785829221164,True,False,0.6443021809629069
n_total,5500,middle,0.8902412148452076,0,5,calinski_harabasz,4,250.76062324371122,False,False,0.8305833363273136
n_total,5500,middle,0.8902412148452076,0,5,calinski_harabasz,5,221.03165311162616,False,True,0.8902412148452076
n_total,5500,middle,0.8902412148452076,0,5,calinski_harabasz,6,194.2890248133171,False,False,0.7591921939642533
n_total,5500,middle,0.8902412148452076,0,5,calinski_harabasz,7,176.0622863416597,False,False,0.619932383797766
n_total,5500,middle,0.5611102589184938,1,5,accuracy_generalizability,3,0.9268704813640742,True,False,0.7048556398106339
n_total,5500,middle,0.5611102589184938,1,5,accuracy_generalizability,4,0.8231921421611617,False,False,0.7786479674604859
n_total,5500,middle,0.5611102589184938,1,5,accuracy_generalizability,5,0.7054171067266809,False,True,0.7907532381932815
n_total,5500,middle,0.5611102589184938,1,5,accuracy_generalizability,6,0.7169317954978344,False,False,0.8412806827979806
n_total,5500,middle,0.5611102589184938,1,5,accuracy_generalizability,7,0.6625588858445013,False,False,0.6493793264540416
n_total,5500,middle,0.5611102589184938,1,5,ari_generalizability,3,0.7957532654515809,True,False,0.7048556398106339
n_total,5500,middle,0.5611102589184938,1,5,ari_generalizability,4,0.6713430972784878,False,False,0.7786479674604859
n_total,5500,middle,0.5611102589184938,1,5,ari_generalizability,5,0.5110066274539643,False,True,0.7907532381932815
n_total,5500,middle,0.5611102589184938,1,5,ari_generalizability,6,0.5227893235311576,False,False,0.8412806827979806
n_total,5500,middle,0.5611102589184938,1,5,ari_generalizability,7,0.5006818367015281,False,False,0.6493793264540416
n_total,5500,middle,0.5611102589184938,1,5,ari_generalizability_1se,3,0.7957532654515809,True,False,0.7048556398106339
n_total,5500,middle,0.5611102589184938,1,5,ari_generalizability_1se,4,0.6713430972784878,False,False,0.7786479674604859
n_total,5500,middle,0.5611102589184938,1,5,ari_generalizability_1se,5,0.5110066274539643,False,True,0.7907532381932815
n_total,5500,middle,0.5611102589184938,1,5,ari_generalizability_1se,6,0.5227893235311576,False,False,0.8412806827979806
n_total,5500,middle,0.5611102589184938,1,5,ari_generalizability_1se,7,0.5006818367015281,False,False,0.6493793264540416
n_total,5500,middle,0.5611102589184938,1,5,ari_generalizability_quant,3,0.7957532654515809,True,False,0.7048556398106339
n_total,5500,middle,0.5611102589184938,1,5,ari_generalizability_quant,4,0.6713430972784878,False,False,0.7786479674604859
n_total,5500,middle,0.5611102589184938,1,5,ari_generalizability_quant,5,0.5110066274539643,False,True,0.7907532381932815
n_total,5500,middle,0.5611102589184938,1,5,ari_generalizability_quant,6,0.5227893235311576,False,False,0.8412806827979806
n_total,5500,middle,0.5611102589184938,1,5,ari_generalizability_quant,7,0.5006818367015281,False,False,0.6493793264540416
n_total,5500,middle,0.5611102589184938,1,5,ari_stability,3,0.9605461668626043,True,False,0.7137173687251418
n_total,5500,middle,0.5611102589184938,1,5,ari_stability,4,0.8491184234624263,False,False,0.7573755078489472
n_total,5500,middle,0.5611102589184938,1,5,ari_stability,5,0.6926565472617107,False,True,0.5692027494399972
n_total,5500,middle,0.5611102589184938,1,5,ari_stability,6,0.7354677288743683,False,False,0.6259991599505178
n_total,5500,middle,0.5611102589184938,1,5,ari_stability,7,0.6984307044725029,False,False,0.5474195901242658
n_total,5500,middle,0.5611102589184938,1,5,ari_stability_1se,3,0.9605461668626043,True,False,0.7137173687251418
n_total,5500,middle,0.5611102589184938,1,5,ari_stability_1se,4,0.8491184234624263,False,False,0.7573755078489472
n_total,5500,middle,0.5611102589184938,1,5,ari_stability_1se,5,0.6926565472617107,False,True,0.5692027494399972
n_total,5500,middle,0.5611102589184938,1,5,ari_stability_1se,6,0.7354677288743683,False,False,0.6259991599505178
n_total,5500,middle,0.5611102589184938,1,5,ari_stability_1se,7,0.6984307044725029,False,False,0.5474195901242658
n_total,5500,middle,0.5611102589184938,1,5,ari_stability_quant,3,0.9605461668626043,True,False,0.7137173687251418
n_total,5500,middle,0.5611102589184938,1,5,ari_stability_quant,4,0.8491184234624263,False,False,0.7573755078489472
n_total,5500,middle,0.5611102589184938,1,5,ari_stability_quant,5,0.6926565472617107,False,True,0.5692027494399972
n_total,5500,middle,0.5611102589184938,1,5,ari_stability_quant,6,0.7354677288743683,False,False,0.6259991599505178
n_total,5500,middle,0.5611102589184938,1,5,ari_stability_quant,7,0.6984307044725029,False,False,0.5474195901242658
n_total,5500,middle,0.5611102589184938,1,5,consensus_ce_stability,3,0.9610511143448199,True,False,0.7137173687251418
n_total,5500,middle,0.5611102589184938,1,5,consensus_ce_stability,4,0.8789574754445038,False,False,0.7573755078489472
n_total,5500,middle,0.5611102589184938,1,5,consensus_ce_stability,5,0.7774660486092579,False,True,0.5692027494399972
n_total,5500,middle,0.5611102589184938,1,5,consensus_ce_stability,6,0.8246793865421715,False,False,0.6259991599505178
n_total,5500,middle,0.5611102589184938,1,5,consensus_ce_stability,7,0.8283228988202724,False,False,0.5474195901242658
n_total,5500,middle,0.5611102589184938,1,5,consensus_gini_stability,3,0.9656047339038174,True,False,0.7137173687251418
n_total,5500,middle,0.5611102589184938,1,5,consensus_gini_stability,4,0.8907733354447985,False,False,0.7573755078489472
n_total,5500,middle,0.5611102589184938,1,5,consensus_gini_stability,5,0.7985698587175261,False,True,0.5692027494399972
n_total,5500,middle,0.5611102589184938,1,5,consensus_gini_stability,6,0.8404614489552058,False,False,0.6259991599505178
n_total,5500,middle,0.5611102589184938,1,5,consensus_gini_stability,7,0.846616333028668,False,False,0.5474195901242658
n_total,5500,middle,0.5611102589184938,1,5,consensus_pac_stability,3,0.9486986394220437,True,False,0.7137173687251418
n_total,5500,middle,0.5611102589184938,1,5,consensus_pac_stability,4,0.8437827042933426,False,False,0.7573755078489472
n_total,5500,middle,0.5611102589184938,1,5,consensus_pac_stability,5,0.7102190480913886,False,True,0.5692027494399972
n_total,5500,middle,0.5611102589184938,1,5,consensus_pac_stability,6,0.7774296814296815,False,False,0.6259991599505178
n_total,5500,middle,0.5611102589184938,1,5,consensus_pac_stability,7,0.7784303923027327,False,False,0.5474195901242658
n_total,5500,middle,0.5611102589184938,1,5,silhouette,3,0.06040964972856744,True,False,0.7161212255717533
n_total,5500,middle,0.5611102589184938,1,5,silhouette,4,0.05824624506566821,False,False,0.7564252541193307
n_total,5500,middle,0.5611102589184938,1,5,silhouette,5,0.04481961982147315,False,True,0.5611102589184938
n_total,5500,middle,0.5611102589184938,1,5,silhouette,6,0.047363466820539525,False,False,0.6264833346715541
n_total,5500,middle,0.5611102589184938,1,5,silhouette,7,0.044352143663774234,False,False,0.5425525997495716
n_total,5500,middle,0.5611102589184938,1,5,gap,3,1.5619790529801953,False,False,0.7161212255717533
n_total,5500,middle,0.5611102589184938,1,5,gap,4,1.572144830528858,False,False,0.7564252541193307
n_total,5500,middle,0.5611102589184938,1,5,gap,5,1.5823300706526542,False,True,0.5611102589184938
n_total,5500,middle,0.5611102589184938,1,5,gap,6,1.5921752175134767,False,False,0.6264833346715541
n_total,5500,middle,0.5611102589184938,1,5,gap,7,1.598912197842468,True,False,0.5425525997495716
n_total,5500,middle,0.5611102589184938,1,5,davies_bouldin,3,0.21171326555047598,False,False,0.7161212255717533
n_total,5500,middle,0.5611102589184938,1,5,davies_bouldin,4,0.21319798825523,True,False,0.7564252541193307
n_total,5500,middle,0.5611102589184938,1,5,davies_bouldin,5,0.19761888554088444,False,True,0.5611102589184938
n_total,5500,middle,0.5611102589184938,1,5,davies_bouldin,6,0.2073768258022816,False,False,0.6264833346715541
n_total,5500,middle,0.5611102589184938,1,5,davies_bouldin,7,0.21193024541810485,False,False,0.5425525997495716
n_total,5500,middle,0.5611102589184938,1,5,calinski_harabasz,3,291.2321706719931,True,False,0.7161212255717533
n_total,5500,middle,0.5611102589184938,1,5,calinski_harabasz,4,235.79458259576634,False,False,0.7564252541193307
n_total,5500,middle,0.5611102589184938,1,5,calinski_harabasz,5,203.96900050321867,False,True,0.5611102589184938
n_total,5500,middle,0.5611102589184938,1,5,calinski_harabasz,6,183.96014634870676,False,False,0.6264833346715541
n_total,5500,middle,0.5611102589184938,1,5,calinski_harabasz,7,166.38420177547053,False,False,0.5425525997495716
n_total,5500,middle,0.786188711820594,2,5,accuracy_generalizability,3,0.8750441853326869,False,False,0.4795820097028674
n_total,5500,middle,0.786188711820594,2,5,accuracy_generalizability,4,0.880673232367618,True,False,0.6918368507568621
n_total,5500,middle,0.786188711820594,2,5,accuracy_generalizability,5,0.8666904414413812,False,True,0.7422900010882482
n_total,5500,middle,0.786188711820594,2,5,accuracy_generalizability,6,0.7595534155765917,False,False,0.6039692088386124
n_total,5500,middle,0.786188711820594,2,5,accuracy_generalizability,7,0.7249751916929421,False,False,0.5208882631507716
n_total,5500,middle,0.786188711820594,2,5,ari_generalizability,3,0.6683567322317535,False,False,0.4795820097028674
n_total,5500,middle,0.786188711820594,2,5,ari_generalizability,4,0.7227917508369113,True,False,0.6918368507568621
n_total,5500,middle,0.786188711820594,2,5,ari_generalizability,5,0.7109586902502751,False,True,0.7422900010882482
n_total,5500,middle,0.786188711820594,2,5,ari_generalizability,6,0.5895690348706193,False,False,0.6039692088386124
n_total,5500,middle,0.786188711820594,2,5,ari_generalizability,7,0.5184011828915611,False,False,0.5208882631507716
n_total,5500,middle,0.786188711820594,2,5,ari_generalizability_1se,3,0.6683567322317535,False,False,0.4795820097028674
n_total,5500,middle,0.786188711820594,2,5,ari_generalizability_1se,4,0.7227917508369113,True,False,0.6918368507568621
n_total,5500,middle,0.786188711820594,2,5,ari_generalizability_1se,5,0.7109586902502751,False,True,0.7422900010882482
n_total,5500,middle,0.786188711820594,2,5,ari_generalizability_1se,6,0.5895690348706193,False,False,0.6039692088386124
n_total,5500,middle,0.786188711820594,2,5,ari_generalizability_1se,7,0.5184011828915611,False,False,0.5208882631507716
n_total,5500,middle,0.786188711820594,2,5,ari_generalizability_quant,3,0.6683567322317535,False,False,0.4795820097028674
n_total,5500,middle,0.786188711820594,2,5,ari_generalizability_quant,4,0.7227917508369113,False,False,0.6918368507568621
n_total,5500,middle,0.786188711820594,2,5,ari_generalizability_quant,5,0.7109586902502751,True,True,0.7422900010882482
n_total,5500,middle,0.786188711820594,2,5,ari_generalizability_quant,6,0.5895690348706193,False,False,0.6039692088386124
n_total,5500,middle,0.786188711820594,2,5,ari_generalizability_quant,7,0.5184011828915611,False,False,0.5208882631507716
n_total,5500,middle,0.786188711820594,2,5,ari_stability,3,0.9151743851943351,False,False,0.484641345429117
n_total,5500,middle,0.786188711820594,2,5,ari_stability,4,0.9289128943127694,False,False,0.7008314494142291
n_total,5500,middle,0.786188711820594,2,5,ari_stability,5,0.9499915427706928,True,True,0.782385091621435
n_total,5500,middle,0.786188711820594,2,5,ari_stability,6,0.8395149592723605,False,False,0.6681018005061504
n_total,5500,middle,0.786188711820594,2,5,ari_stability,7,0.7533201608511682,False,False,0.5678167431570614
n_total,5500,middle,0.786188711820594,2,5,ari_stability_1se,3,0.9151743851943351,False,False,0.484641345429117
n_total,5500,middle,0.786188711820594,2,5,ari_stability_1se,4,0.9289128943127694,False,False,0.7008314494142291
n_total,5500,middle,0.786188711820594,2,5,ari_stability_1se,5,0.9499915427706928,True,True,0.782385091621435
n_total,5500,middle,0.786188711820594,2,5,ari_stability_1se,6,0.8395149592723605,False,False,0.6681018005061504
n_total,5500,middle,0.786188711820594,2,5,ari_stability_1se,7,0.7533201608511682,False,False,0.5678167431570614
n_total,5500,middle,0.786188711820594,2,5,ari_stability_quant,3,0.9151743851943351,False,False,0.484641345429117
n_total,5500,middle,0.786188711820594,2,5,ari_stability_quant,4,0.9289128943127694,False,False,0.7008314494142291
n_total,5500,middle,0.786188711820594,2,5,ari_stability_quant,5,0.9499915427706928,True,True,0.782385091621435
n_total,5500,middle,0.786188711820594,2,5,ari_stability_quant,6,0.8395149592723605,False,False,0.6681018005061504
n_total,5500,middle,0.786188711820594,2,5,ari_stability_quant,7,0.7533201608511682,False,False,0.5678167431570614
n_total,5500,middle,0.786188711820594,2,5,consensus_ce_stability,3,0.9096153129498438,False,False,0.484641345429117
n_total,5500,middle,0.786188711820594,2,5,consensus_ce_stability,4,0.9409060813113326,False,False,0.7008314494142291
n_total,5500,middle,0.786188711820594,2,5,consensus_ce_stability,5,0.9628845431366784,True,True,0.782385091621435
n_total,5500,middle,0.786188711820594,2,5,consensus_ce_stability,6,0.891918899429819,False,False,0.6681018005061504
n_total,5500,middle,0.786188711820594,2,5,consensus_ce_stability,7,0.8676658240718561,False,False,0.5678167431570614
n_total,5500,middle,0.786188711820594,2,5,consensus_gini_stability,3,0.924195168623887,False,False,0.484641345429117
n_total,5500,middle,0.786188711820594,2,5,consensus_gini_stability,4,0.9492067298825826,False,False,0.7008314494142291
n_total,5500,middle,0.786188711820594,2,5,consensus_gini_stability,5,0.9672017270144823,True,True,0.782385091621435
n_total,5500,middle,0.786188711820594,2,5,consensus_gini_stability,6,0.9058755505449312,False,False,0.6681018005061504
n_total,5500,middle,0.786188711820594,2,5,consensus_gini_stability,7,0.8826878209419119,False,False,0.5678167431570614
n_total,5500,middle,0.786188711820594,2,5,consensus_pac_stability,3,0.8907837127411595,False,False,0.484641345429117
n_total,5500,middle,0.786188711820594,2,5,consensus_pac_stability,4,0.9247699251103506,False,False,0.7008314494142291
n_total,5500,middle,0.786188711820594,2,5,consensus_pac_stability,5,0.9508203475011986,True,True,0.782385091621435
n_total,5500,middle,0.786188711820594,2,5,consensus_pac_stability,6,0.8540779976524657,False,False,0.6681018005061504
n_total,5500,middle,0.786188711820594,2,5,consensus_pac_stability,7,0.8227013837226603,False,False,0.5678167431570614
n_total,5500,middle,0.786188711820594,2,5,silhouette,3,0.05324649707530443,False,False,0.48928838656458834
n_total,5500,middle,0.786188711820594,2,5,silhouette,4,0.0558443908835254,False,False,0.705853495975311
n_total,5500,middle,0.786188711820594,2,5,silhouette,5,0.05916256355691094,True,True,0.786188711820594
n_total,5500,middle,0.786188711820594,2,5,silhouette,6,0.05119958376069729,False,False,0.6676463821753983
n_total,5500,middle,0.786188711820594,2,5,silhouette,7,0.043415874896592384,False,False,0.5695637588250527
n_total,5500,middle,0.786188711820594,2,5,gap,3,1.5256757526760651,False,False,0.48928838656458834
n_total,5500,middle,0.786188711820594,2,5,gap,4,1.547622742338767,False,False,0.705853495975311
n_total,5500,middle,0.786188711820594,2,5,gap,5,1.5653693204992916,False,True,0.786188711820594
n_total,5500,middle,0.786188711820594,2,5,gap,6,1.5717955903299625,False,False,0.6676463821753983
n_total,5500,middle,0.786188711820594,2,5,gap,7,1.5779071785834144,True,False,0.5695637588250527
n_total,5500,middle,0.786188711820594,2,5,davies_bouldin,3,0.206556484318218,False,False,0.48928838656458834
n_total,5500,middle,0.786188711820594,2,5,davies_bouldin,4,0.22082130472645467,False,False,0.705853495975311
n_total,5500,middle,0.786188711820594,2,5,davies_bouldin,5,0.23479650364191734,True,True,0.786188711820594
n_total,5500,middle,0.786188711820594,2,5,davies_bouldin,6,0.21827371328559195,False,False,0.6676463821753983
n_total,5500,middle,0.786188711820594,2,5,davies_bouldin,7,0.20388209468985957,False,False,0.5695637588250527
n_total,5500,middle,0.786188711820594,2,5,calinski_harabasz,3,274.7622662578376,True,False,0.48928838656458834
n_total,5500,middle,0.786188711820594,2,5,calinski_harabasz,4,248.05254472077522,False,False,0.705853495975311
n_total,5500,middle,0.786188711820594,2,5,calinski_harabasz,5,225.9757412546122,False,True,0.786188711820594
n_total,5500,middle,0.786188711820594,2,5,calinski_harabasz,6,197.39326686625452,False,False,0.6676463821753983
n_total,5500,middle,0.786188711820594,2,5,calinski_harabasz,7,177.34241539059292,False,False,0.5695637588250527
n_total,5500,middle,0.8350830254788807,3,5,accuracy_generalizability,3,0.9083214784358031,True,False,0.6746923605890134
n_total,5500,middle,0.8350830254788807,3,5,accuracy_generalizability,4,0.8517890998635971,False,False,0.7492962374539093
n_total,5500,middle,0.8350830254788807,3,5,accuracy_generalizability,5,0.7996593729256584,False,True,0.7815483807969633
n_total,5500,middle,0.8350830254788807,3,5,accuracy_generalizability,6,0.7205133787961879,False,False,0.7888213071217858
n_total,5500,middle,0.8350830254788807,3,5,accuracy_generalizability,7,0.6262378937967622,False,False,0.8177566287180023
n_total,5500,middle,0.8350830254788807,3,5,ari_generalizability,3,0.7513176105149436,True,False,0.6746923605890134
n_total,5500,middle,0.8350830254788807,3,5,ari_generalizability,4,0.6915389825721584,False,False,0.7492962374539093
n_total,5500,middle,0.8350830254788807,3,5,ari_generalizability,5,0.6325977925383721,False,True,0.7815483807969633
n_total,5500,middle,0.8350830254788807,3,5,ari_generalizability,6,0.5272452571665741,False,False,0.7888213071217858
n_total,5500,middle,0.8350830254788807,3,5,ari_generalizability,7,0.38845153736769383,False,False,0.8177566287180023
n_total,5500,middle,0.8350830254788807,3,5,ari_generalizability_1se,3,0.7513176105149436,True,False,0.6746923605890134
n_total,5500,middle,0.8350830254788807,3,5,ari_generalizability_1se,4,0.6915389825721584,False,False,0.7492962374539093
n_total,5500,middle,0.8350830254788807,3,5,ari_generalizability_1se,5,0.6325977925383721,False,True,0.7815483807969633
n_total,5500,middle,0.8350830254788807,3,5,ari_generalizability_1se,6,0.5272452571665741,False,False,0.7888213071217858
n_total,5500,middle,0.8350830254788807,3,5,ari_generalizability_1se,7,0.38845153736769383,False,False,0.8177566287180023
n_total,5500,middle,0.8350830254788807,3,5,ari_generalizability_quant,3,0.7513176105149436,True,False,0.6746923605890134
n_total,5500,middle,0.8350830254788807,3,5,ari_generalizability_quant,4,0.6915389825721584,False,False,0.7492962374539093
n_total,5500,middle,0.8350830254788807,3,5,ari_generalizability_quant,5,0.6325977925383721,False,True,0.7815483807969633
n_total,5500,middle,0.8350830254788807,3,5,ari_generalizability_quant,6,0.5272452571665741,False,False,0.7888213071217858
n_total,5500,middle,0.8350830254788807,3,5,ari_generalizability_quant,7,0.38845153736769383,False,False,0.8177566287180023
n_total,5500,middle,0.8350830254788807,3,5,ari_stability,3,0.9351578955386812,True,False,0.6656310649729472
n_total,5500,middle,0.8350830254788807,3,5,ari_stability,4,0.9306721812368473,False,False,0.753977408171753
n_total,5500,middle,0.8350830254788807,3,5,ari_stability,5,0.8903479360173577,False,True,0.8186814785655576
n_total,5500,middle,0.8350830254788807,3,5,ari_stability,6,0.7556152417995032,False,False,0.8497609979056328
n_total,5500,middle,0.8350830254788807,3,5,ari_stability,7,0.5998451479543324,False,False,0.7643171539075043
n_total,5500,middle,0.8350830254788807,3,5,ari_stability_1se,3,0.9351578955386812,True,False,0.6656310649729472
n_total,5500,middle,0.8350830254788807,3,5,ari_stability_1se,4,0.9306721812368473,False,False,0.753977408171753
n_total,5500,middle,0.8350830254788807,3,5,ari_stability_1se,5,0.8903479360173577,False,True,0.8186814785655576
n_total,5500,middle,0.8350830254788807,3,5,ari_stability_1se,6,0.7556152417995032,False,False,0.8497609979056328
n_total,5500,middle,0.8350830254788807,3,5,ari_stability_1se,7,0.5998451479543324,False,False,0.7643171539075043
n_total,5500,middle,0.8350830254788807,3,5,ari_stability_quant,3,0.9351578955386812,False,False,0.6656310649729472
n_total,5500,middle,0.8350830254788807,3,5,ari_stability_quant,4,0.9306721812368473,True,False,0.753977408171753
n_total,5500,middle,0.8350830254788807,3,5,ari_stability_quant,5,0.8903479360173577,False,True,0.8186814785655576
n_total,5500,middle,0.8350830254788807,3,5,ari_stability_quant,6,0.7556152417995032,False,False,0.8497609979056328
n_total,5500,middle,0.8350830254788807,3,5,ari_stability_quant,7,0.5998451479543324,False,False,0.7643171539075043
n_total,5500,middle,0.8350830254788807,3,5,consensus_ce_stability,3,0.9383232651616558,True,False,0.6656310649729472
n_total,5500,middle,0.8350830254788807,3,5,consensus_ce_stability,4,0.9361421498702184,False,False,0.753977408171753
n_total,5500,middle,0.8350830254788807,3,5,consensus_ce_stability,5,0.9048277273086774,False,True,0.8186814785655576
n_total,5500,middle,0.8350830254788807,3,5,consensus_ce_stability,6,0.838428009130353,False,False,0.8497609979056328
n_total,5500,middle,0.8350830254788807,3,5,consensus_ce_stability,7,0.7765140156215513,False,False,0.7643171539075043
n_total,5500,middle,0.8350830254788807,3,5,consensus_gini_stability,3,0.9454686898177321,True,False,0.6656310649729472
n_total,5500,middle,0.8350830254788807,3,5,consensus_gini_stability,4,0.9449817485177117,False,False,0.753977408171753
n_total,5500,middle,0.8350830254788807,3,5,consensus_gini_stability,5,0.9221226075737473,False,True,0.8186814785655576
n_total,5500,middle,0.8350830254788807,3,5,consensus_gini_stability,6,0.8517836181328488,False,False,0.8497609979056328
n_total,5500,middle,0.8350830254788807,3,5,consensus_gini_stability,7,0.7940307484566216,False,False,0.7643171539075043
n_total,5500,middle,0.8350830254788807,3,5,consensus_pac_stability,3,0.9188532129808725,False,False,0.6656310649729472
n_total,5500,middle,0.8350830254788807,3,5,consensus_pac_stability,4,0.9196325282282729,True,False,0.753977408171753
n_total,5500,middle,0.8350830254788807,3,5,consensus_pac_stability,5,0.8759536444642828,False,True,0.8186814785655576
n_total,5500,middle,0.8350830254788807,3,5,consensus_pac_stability,6,0.7967846054654566,False,False,0.8497609979056328
n_total,5500,middle,0.8350830254788807,3,5,consensus_pac_stability,7,0.7206074492883003,False,False,0.7643171539075043
n_total,5500,middle,0.8350830254788807,3,5,silhouette,3,0.05519862860571687,False,False,0.6615318779062572
n_total,5500,middle,0.8350830254788807,3,5,silhouette,4,0.05553125638148008,False,False,0.7714559010875004
n_total,5500,middle,0.8350830254788807,3,5,silhouette,5,0.057028315579999746,True,True,0.8350830254788807
n_total,5500,middle,0.8350830254788807,3,5,silhouette,6,0.04669526750273514,False,False,0.6657725726618613
n_total,5500,middle,0.8350830254788807,3,5,silhouette,7,0.03991572862451341,False,False,0.5511202939578204
n_total,5500,middle,0.8350830254788807,3,5,gap,3,1.5697855373896221,False,False,0.6615318779062572
n_total,5500,middle,0.8350830254788807,3,5,gap,4,1.5817453484493047,False,False,0.7714559010875004
n_total,5500,middle,0.8350830254788807,3,5,gap,5,1.5926891087400108,False,True,0.8350830254788807
n_total,5500,middle,0.8350830254788807,3,5,gap,6,1.6015319945078872,False,False,0.6657725726618613
n_total,5500,middle,0.8350830254788807,3,5,gap,7,1.6085223263203154,True,False,0.5511202939578204
n_total,5500,middle,0.8350830254788807,3,5,davies_bouldin,3,0.20087524384393557,False,False,0.6615318779062572
n_total,5500,middle,0.8350830254788807,3,5,davies_bouldin,4,0.21588215374400227,False,False,0.7714559010875004
n_total,5500,middle,0.8350830254788807,3,5,davies_bouldin,5,0.22829040852300697,True,True,0.8350830254788807
n_total,5500,middle,0.8350830254788807,3,5,davies_bouldin,6,0.20940460378473452,False,False,0.6657725726618613
n_total,5500,middle,0.8350830254788807,3,5,davies_bouldin,7,0.19848961270357307,False,False,0.5511202939578204
n_total,5500,middle,0.8350830254788807,3,5,calinski_harabasz,3,275.5945416546453,True,False,0.6615318779062572
n_total,5500,middle,0.8350830254788807,3,5,calinski_harabasz,4,227.9162207038024,False,False,0.7714559010875004
n_total,5500,middle,0.8350830254788807,3,5,calinski_harabasz,5,199.72298063690104,False,True,0.8350830254788807
n_total,5500,middle,0.8350830254788807,3,5,calinski_harabasz,6,179.02736780910772,False,False,0.6657725726618613
n_total,5500,middle,0.8350830254788807,3,5,calinski_harabasz,7,162.80553259788311,False,False,0.5511202939578204
n_total,5500,middle,0.8419228662366828,4,5,accuracy_generalizability,3,0.8350466837354913,False,False,0.6259329467955077
n_total,5500,middle,0.8419228662366828,4,5,accuracy_generalizability,4,0.8512859328597231,True,False,0.7192208594742523
n_total,5500,middle,0.8419228662366828,4,5,accuracy_generalizability,5,0.7685360215679866,False,True,0.7767417931413428
n_total,5500,middle,0.8419228662366828,4,5,accuracy_generalizability,6,0.7341920411520242,False,False,0.823538067873231
n_total,5500,middle,0.8419228662366828,4,5,accuracy_generalizability,7,0.7200080904104831,False,False,0.5044871733385147
n_total,5500,middle,0.8419228662366828,4,5,ari_generalizability,3,0.6208657656613099,False,False,0.6259329467955077
n_total,5500,middle,0.8419228662366828,4,5,ari_generalizability,4,0.6727258845316071,True,False,0.7192208594742523
n_total,5500,middle,0.8419228662366828,4,5,ari_generalizability,5,0.6017579865580771,False,True,0.7767417931413428
n_total,5500,middle,0.8419228662366828,4,5,ari_generalizability,6,0.5089886689327023,False,False,0.823538067873231
n_total,5500,middle,0.8419228662366828,4,5,ari_generalizability,7,0.518728229095305,False,False,0.5044871733385147
n_total,5500,middle,0.8419228662366828,4,5,ari_generalizability_1se,3,0.6208657656613099,False,False,0.6259329467955077
n_total,5500,middle,0.8419228662366828,4,5,ari_generalizability_1se,4,0.6727258845316071,True,False,0.7192208594742523
n_total,5500,middle,0.8419228662366828,4,5,ari_generalizability_1se,5,0.6017579865580771,False,True,0.7767417931413428
n_total,5500,middle,0.8419228662366828,4,5,ari_generalizability_1se,6,0.5089886689327023,False,False,0.823538067873231
n_total,5500,middle,0.8419228662366828,4,5,ari_generalizability_1se,7,0.518728229095305,False,False,0.5044871733385147
n_total,5500,middle,0.8419228662366828,4,5,ari_generalizability_quant,3,0.6208657656613099,False,False,0.6259329467955077
n_total,5500,middle,0.8419228662366828,4,5,ari_generalizability_quant,4,0.6727258845316071,True,False,0.7192208594742523
n_total,5500,middle,0.8419228662366828,4,5,ari_generalizability_quant,5,0.6017579865580771,False,True,0.7767417931413428
n_total,5500,middle,0.8419228662366828,4,5,ari_generalizability_quant,6,0.5089886689327023,False,False,0.823538067873231
n_total,5500,middle,0.8419228662366828,4,5,ari_generalizability_quant,7,0.518728229095305,False,False,0.5044871733385147
n_total,5500,middle,0.8419228662366828,4,5,ari_stability,3,0.8122915744523937,False,False,0.611375479706873
n_total,5500,middle,0.8419228662366828,4,5,ari_stability,4,0.9068747725218418,True,False,0.7259262496848147
n_total,5500,middle,0.8419228662366828,4,5,ari_stability,5,0.8625647646256724,False,True,0.8380628586628327
n_total,5500,middle,0.8419228662366828,4,5,ari_stability,6,0.7143357054564413,False,False,0.6173727974954701
n_total,5500,middle,0.8419228662366828,4,5,ari_stability,7,0.7547908791759244,False,False,0.512786246283696
n_total,5500,middle,0.8419228662366828,4,5,ari_stability_1se,3,0.8122915744523937,False,False,0.611375479706873
n_total,5500,middle,0.8419228662366828,4,5,ari_stability_1se,4,0.9068747725218418,True,False,0.7259262496848147
n_total,5500,middle,0.8419228662366828,4,5,ari_stability_1se,5,0.8625647646256724,False,True,0.8380628586628327
n_total,5500,middle,0.8419228662366828,4,5,ari_stability_1se,6,0.7143357054564413,False,False,0.6173727974954701
n_total,5500,middle,0.8419228662366828,4,5,ari_stability_1se,7,0.7547908791759244,False,False,0.512786246283696
n_total,5500,middle,0.8419228662366828,4,5,ari_stability_quant,3,0.8122915744523937,False,False,0.611375479706873
n_total,5500,middle,0.8419228662366828,4,5,ari_stability_quant,4,0.9068747725218418,False,False,0.7259262496848147
n_total,5500,middle,0.8419228662366828,4,5,ari_stability_quant,5,0.8625647646256724,True,True,0.8380628586628327
n_total,5500,middle,0.8419228662366828,4,5,ari_stability_quant,6,0.7143357054564413,False,False,0.6173727974954701
n_total,5500,middle,0.8419228662366828,4,5,ari_stability_quant,7,0.7547908791759244,False,False,0.512786246283696
n_total,5500,middle,0.8419228662366828,4,5,consensus_ce_stability,3,0.809309529541168,False,False,0.611375479706873
n_total,5500,middle,0.8419228662366828,4,5,consensus_ce_stability,4,0.9156731765525978,True,False,0.7259262496848147
n_total,5500,middle,0.8419228662366828,4,5,consensus_ce_stability,5,0.8714321987361808,False,True,0.8380628586628327
n_total,5500,middle,0.8419228662366828,4,5,consensus_ce_stability,6,0.8222960293279009,False,False,0.6173727974954701
n_total,5500,middle,0.8419228662366828,4,5,consensus_ce_stability,7,0.8692328793492475,False,False,0.512786246283696
n_total,5500,middle,0.8419228662366828,4,5,consensus_gini_stability,3,0.8261335265034379,False,False,0.611375479706873
n_total,5500,middle,0.8419228662366828,4,5,consensus_gini_stability,4,0.9250579229493289,True,False,0.7259262496848147
n_total,5500,middle,0.8419228662366828,4,5,consensus_gini_stability,5,0.8955850709103581,False,True,0.8380628586628327
n_total,5500,middle,0.8419228662366828,4,5,consensus_gini_stability,6,0.8367397107983198,False,False,0.6173727974954701
n_total,5500,middle,0.8419228662366828,4,5,consensus_gini_stability,7,0.8845337054194181,False,False,0.512786246283696
n_total,5500,middle,0.8419228662366828,4,5,consensus_pac_stability,3,0.7567320339235233,False,False,0.611375479706873
n_total,5500,middle,0.8419228662366828,4,5,consensus_pac_stability,4,0.8887823571227826,True,False,0.7259262496848147
n_total,5500,middle,0.8419228662366828,4,5,consensus_pac_stability,5,0.7915633586271884,False,True,0.8380628586628327
n_total,5500,middle,0.8419228662366828,4,5,consensus_pac_stability,6,0.7767461852568236,False,False,0.6173727974954701
n_total,5500,middle,0.8419228662366828,4,5,consensus_pac_stability,7,0.8252746119129097,False,False,0.512786246283696
n_total,5500,middle,0.8419228662366828,4,5,silhouette,3,0.05091978633251905,False,False,0.620189046602506
n_total,5500,middle,0.8419228662366828,4,5,silhouette,4,0.05265719749219612,False,False,0.7237059077154366
n_total,5500,middle,0.8419228662366828,4,5,silhouette,5,0.05542489840719087,True,True,0.8419228662366828
n_total,5500,middle,0.8419228662366828,4,5,silhouette,6,0.04532529109095187,False,False,0.6179515219039339
n_total,5500,middle,0.8419228662366828,4,5,silhouette,7,0.0429068084586031,False,False,0.5128677361590778
n_total,5500,middle,0.8419228662366828,4,5,gap,3,1.5520605296952557,False,False,0.620189046602506
n_total,5500,middle,0.8419228662366828,4,5,gap,4,1.568429864381475,False,False,0.7237059077154366
n_total,5500,middle,0.8419228662366828,4,5,gap,5,1.5813676606595646,False,True,0.8419228662366828
n_total,5500,middle,0.8419228662366828,4,5,gap,6,1.5923200066865721,False,False,0.6179515219039339
n_total,5500,middle,0.8419228662366828,4,5,gap,7,1.599715715217414,True,False,0.5128677361590778
n_total,5500,middle,0.8419228662366828,4,5,davies_bouldin,3,0.19941128621446175,False,False,0.620189046602506
n_total,5500,middle,0.8419228662366828,4,5,davies_bouldin,4,0.21513654193275544,False,False,0.7237059077154366
n_total,5500,middle,0.8419228662366828,4,5,davies_bouldin,5,0.22916505110877214,True,True,0.8419228662366828
n_total,5500,middle,0.8419228662366828,4,5,davies_bouldin,6,0.20989305735604905,False,False,0.6179515219039339
n_total,5500,middle,0.8419228662366828,4,5,davies_bouldin,7,0.21699510402231875,False,False,0.5128677361590778
n_total,5500,middle,0.8419228662366828,4,5,calinski_harabasz,3,251.35225336740498,True,False,0.620189046602506
n_total,5500,middle,0.8419228662366828,4,5,calinski_harabasz,4,220.0867714270745,False,False,0.7237059077154366
n_total,5500,middle,0.8419228662366828,4,5,calinski_harabasz,5,196.13027150083786,False,True,0.8419228662366828
n_total,5500,middle,0.8419228662366828,4,5,calinski_harabasz,6,178.59791067792034,False,False,0.6179515219039339
n_total,5500,middle,0.8419228662366828,4,5,calinski_harabasz,7,162.7327334312227,False,False,0.5128677361590778
n_total,5500,middle,0.7781294957795087,5,5,accuracy_generalizability,3,0.8583795306006048,False,False,0.49168875331694695
n_total,5500,middle,0.7781294957795087,5,5,accuracy_generalizability,4,0.8724087803898359,True,False,0.6799183885303492
n_total,5500,middle,0.7781294957795087,5,5,accuracy_generalizability,5,0.8610495407480527,False,True,0.7710651301952904
n_total,5500,middle,0.7781294957795087,5,5,accuracy_generalizability,6,0.7750412622112698,False,False,0.6235023691992878
n_total,5500,middle,0.7781294957795087,5,5,accuracy_generalizability,7,0.655284546064543,False,False,0.6305880754548349
n_total,5500,middle,0.7781294957795087,5,5,ari_generalizability,3,0.6268285378756819,False,False,0.49168875331694695
n_total,5500,middle,0.7781294957795087,5,5,ari_generalizability,4,0.6933542668888545,False,False,0.6799183885303492
n_total,5500,middle,0.7781294957795087,5,5,ari_generalizability,5,0.6949543061277261,True,True,0.7710651301952904
n_total,5500,middle,0.7781294957795087,5,5,ari_generalizability,6,0.5863593617133028,False,False,0.6235023691992878
n_total,5500,middle,0.7781294957795087,5,5,ari_generalizability,7,0.49039733909096095,False,False,0.6305880754548349
n_total,5500,middle,0.7781294957795087,5,5,ari_generalizability_1se,3,0.6268285378756819,False,False,0.49168875331694695
n_total,5500,middle,0.7781294957795087,5,5,ari_generalizability_1se,4,0.6933542668888545,False,False,0.6799183885303492
n_total,5500,middle,0.7781294957795087,5,5,ari_generalizability_1se,5,0.6949543061277261,True,True,0.7710651301952904
n_total,5500,middle,0.7781294957795087,5,5,ari_generalizability_1se,6,0.5863593617133028,False,False,0.6235023691992878
n_total,5500,middle,0.7781294957795087,5,5,ari_generalizability_1se,7,0.49039733909096095,False,False,0.6305880754548349
n_total,5500,middle,0.7781294957795087,5,5,ari_generalizability_quant,3,0.6268285378756819,False,False,0.49168875331694695
n_total,5500,middle,0.7781294957795087,5,5,ari_generalizability_quant,4,0.6933542668888545,False,False,0.6799183885303492
n_total,5500,middle,0.7781294957795087,5,5,ari_generalizability_quant,5,0.6949543061277261,True,True,0.7710651301952904
n_total,5500,middle,0.7781294957795087,5,5,ari_generalizability_quant,6,0.5863593617133028,False,False,0.6235023691992878
n_total,5500,middle,0.7781294957795087,5,5,ari_generalizability_quant,7,0.49039733909096095,False,False,0.6305880754548349
n_total,5500,middle,0.7781294957795087,5,5,ari_stability,3,0.857312031949411,False,False,0.487838458874556
n_total,5500,middle,0.7781294957795087,5,5,ari_stability,4,0.9148797756891491,False,False,0.6745064879147703
n_total,5500,middle,0.7781294957795087,5,5,ari_stability,5,0.9404169926200012,True,True,0.7772877704527567
n_total,5500,middle,0.7781294957795087,5,5,ari_stability,6,0.8125280016726255,False,False,0.6427720953955667
n_total,5500,middle,0.7781294957795087,5,5,ari_stability,7,0.6589676575407769,False,False,0.6475742792252915
n_total,5500,middle,0.7781294957795087,5,5,ari_stability_1se,3,0.857312031949411,False,False,0.487838458874556
n_total,5500,middle,0.7781294957795087,5,5,ari_stability_1se,4,0.9148797756891491,False,False,0.6745064879147703
n_total,5500,middle,0.7781294957795087,5,5,ari_stability_1se,5,0.9404169926200012,True,True,0.7772877704527567
n_total,5500,middle,0.7781294957795087,5,5,ari_stability_1se,6,0.8125280016726255,False,False,0.6427720953955667
n_total,5500,middle,0.7781294957795087,5,5,ari_stability_1se,7,0.6589676575407769,False,False,0.6475742792252915
n_total,5500,middle,0.7781294957795087,5,5,ari_stability_quant,3,0.857312031949411,False,False,0.487838458874556
n_total,5500,middle,0.7781294957795087,5,5,ari_stability_quant,4,0.9148797756891491,False,False,0.6745064879147703
n_total,5500,middle,0.7781294957795087,5,5,ari_stability_quant,5,0.9404169926200012,True,True,0.7772877704527567
n_total,5500,middle,0.7781294957795087,5,5,ari_stability_quant,6,0.8125280016726255,False,False,0.6427720953955667
n_total,5500,middle,0.7781294957795087,5,5,ari_stability_quant,7,0.6589676575407769,False,False,0.6475742792252915
n_total,5500,middle,0.7781294957795087,5,5,consensus_ce_stability,3,0.8651233422866053,False,False,0.487838458874556
n_total,5500,middle,0.7781294957795087,5,5,consensus_ce_stability,4,0.9308876219401371,False,False,0.6745064879147703
n_total,5500,middle,0.7781294957795087,5,5,consensus_ce_stability,5,0.9553476841337895,True,True,0.7772877704527567
n_total,5500,middle,0.7781294957795087,5,5,consensus_ce_stability,6,0.880897987955442,False,False,0.6427720953955667
n_total,5500,middle,0.7781294957795087,5,5,consensus_ce_stability,7,0.8042280433117526,False,False,0.6475742792252915
n_total,5500,middle,0.7781294957795087,5,5,consensus_gini_stability,3,0.8783043264000225,False,False,0.487838458874556
n_total,5500,middle,0.7781294957795087,5,5,consensus_gini_stability,4,0.9389418172580524,False,False,0.6745064879147703
n_total,5500,middle,0.7781294957795087,5,5,consensus_gini_stability,5,0.9607241403548641,True,True,0.7772877704527567
n_total,5500,middle,0.7781294957795087,5,5,consensus_gini_stability,6,0.8940778123448951,False,False,0.6427720953955667
n_total,5500,middle,0.7781294957795087,5,5,consensus_gini_stability,7,0.8259781171144011,False,False,0.6475742792252915
n_total,5500,middle,0.7781294957795087,5,5,consensus_pac_stability,3,0.8277618740597464,False,False,0.487838458874556
n_total,5500,middle,0.7781294957795087,5,5,consensus_pac_stability,4,0.9091512837044752,False,False,0.6745064879147703
n_total,5500,middle,0.7781294957795087,5,5,consensus_pac_stability,5,0.9403111309494289,True,True,0.7772877704527567
n_total,5500,middle,0.7781294957795087,5,5,consensus_pac_stability,6,0.8409014531567723,False,False,0.6427720953955667
n_total,5500,middle,0.7781294957795087,5,5,consensus_pac_stability,7,0.7422898708856156,False,False,0.6475742792252915
n_total,5500,middle,0.7781294957795087,5,5,silhouette,3,0.04870239691911535,False,False,0.49132078378297533
n_total,5500,middle,0.7781294957795087,5,5,silhouette,4,0.05200822831098242,False,False,0.6714705934717119
n_total,5500,middle,0.7781294957795087,5,5,silhouette,5,0.05577513314990518,True,True,0.7781294957795087
n_total,5500,middle,0.7781294957795087,5,5,silhouette,6,0.047706961430586316,False,False,0.6354046380130534
n_total,5500,middle,0.7781294957795087,5,5,silhouette,7,0.0428843492212574,False,False,0.5289547413385927
n_total,5500,middle,0.7781294957795087,5,5,gap,3,1.5470522210123487,False,False,0.49132078378297533
n_total,5500,middle,0.7781294957795087,5,5,gap,4,1.5663642332763068,False,False,0.6714705934717119
n_total,5500,middle,0.7781294957795087,5,5,gap,5,1.5810488516436791,False,True,0.7781294957795087
n_total,5500,middle,0.7781294957795087,5,5,gap,6,1.589325880497901,False,False,0.6354046380130534
n_total,5500,middle,0.7781294957795087,5,5,gap,7,1.5939072883676388,True,False,0.5289547413385927
n_total,5500,middle,0.7781294957795087,5,5,davies_bouldin,3,0.20500327562172418,False,False,0.49132078378297533
n_total,5500,middle,0.7781294957795087,5,5,davies_bouldin,4,0.21328533909095987,False,False,0.6714705934717119
n_total,5500,middle,0.7781294957795087,5,5,davies_bouldin,5,0.23062954667557897,True,True,0.7781294957795087
n_total,5500,middle,0.7781294957795087,5,5,davies_bouldin,6,0.21574007556820562,False,False,0.6354046380130534
n_total,5500,middle,0.7781294957795087,5,5,davies_bouldin,7,0.21240979119181572,False,False,0.5289547413385927
n_total,5500,middle,0.7781294957795087,5,5,calinski_harabasz,3,252.2106016011436,True,False,0.49132078378297533
n_total,5500,middle,0.7781294957795087,5,5,calinski_harabasz,4,226.85806207540756,False,False,0.6714705934717119
n_total,5500,middle,0.7781294957795087,5,5,calinski_harabasz,5,203.9904636905548,False,True,0.7781294957795087
n_total,5500,middle,0.7781294957795087,5,5,calinski_harabasz,6,181.89758087808696,False,False,0.6354046380130534
n_total,5500,middle,0.7781294957795087,5,5,calinski_harabasz,7,162.47434861383888,False,False,0.5289547413385927
n_total,5500,middle,0.9062850051866032,6,5,accuracy_generalizability,3,0.8540678561036399,False,False,0.57625278499318
n_total,5500,middle,0.9062850051866032,6,5,accuracy_generalizability,4,0.9257267188384333,True,False,0.7489555694833712
n_total,5500,middle,0.9062850051866032,6,5,accuracy_generalizability,5,0.9150733697444265,False,True,0.855074806290069
n_total,5500,middle,0.9062850051866032,6,5,accuracy_generalizability,6,0.7987196693963547,False,False,0.8701526624815258
n_total,5500,middle,0.9062850051866032,6,5,accuracy_generalizability,7,0.7060440538569424,False,False,0.8529371526534114
n_total,5500,middle,0.9062850051866032,6,5,ari_generalizability,3,0.6565868849526453,False,False,0.57625278499318
n_total,5500,middle,0.9062850051866032,6,5,ari_generalizability,4,0.8123157089219067,True,False,0.7489555694833712
n_total,5500,middle,0.9062850051866032,6,5,ari_generalizability,5,0.803851488053819,False,True,0.855074806290069
n_total,5500,middle,0.9062850051866032,6,5,ari_generalizability,6,0.6624050538378994,False,False,0.8701526624815258
n_total,5500,middle,0.9062850051866032,6,5,ari_generalizability,7,0.5824089211277443,False,False,0.8529371526534114
n_total,5500,middle,0.9062850051866032,6,5,ari_generalizability_1se,3,0.6565868849526453,False,False,0.57625278499318
n_total,5500,middle,0.9062850051866032,6,5,ari_generalizability_1se,4,0.8123157089219067,True,False,0.7489555694833712
n_total,5500,middle,0.9062850051866032,6,5,ari_generalizability_1se,5,0.803851488053819,False,True,0.855074806290069
n_total,5500,middle,0.9062850051866032,6,5,ari_generalizability_1se,6,0.6624050538378994,False,False,0.8701526624815258
n_total,5500,middle,0.9062850051866032,6,5,ari_generalizability_1se,7,0.5824089211277443,False,False,0.8529371526534114
n_total,5500,middle,0.9062850051866032,6,5,ari_generalizability_quant,3,0.6565868849526453,False,False,0.57625278499318
n_total,5500,middle,0.9062850051866032,6,5,ari_generalizability_quant,4,0.8123157089219067,False,False,0.7489555694833712
n_total,5500,middle,0.9062850051866032,6,5,ari_generalizability_quant,5,0.803851488053819,True,True,0.855074806290069
n_total,5500,middle,0.9062850051866032,6,5,ari_generalizability_quant,6,0.6624050538378994,False,False,0.8701526624815258
n_total,5500,middle,0.9062850051866032,6,5,ari_generalizability_quant,7,0.5824089211277443,False,False,0.8529371526534114
n_total,5500,middle,0.9062850051866032,6,5,ari_stability,3,0.8439659730976088,False,False,0.5924268243307489
n_total,5500,middle,0.9062850051866032,6,5,ari_stability,4,0.972963903190834,False,False,0.8084196787788818
n_total,5500,middle,0.9062850051866032,6,5,ari_stability,5,0.975698393368137,True,True,0.9047299672661107
n_total,5500,middle,0.9062850051866032,6,5,ari_stability,6,0.8104846362753463,False,False,0.7585212703276675
n_total,5500,middle,0.9062850051866032,6,5,ari_stability,7,0.7299750551050483,False,False,0.7472517910989429
n_total,5500,middle,0.9062850051866032,6,5,ari_stability_1se,3,0.8439659730976088,False,False,0.5924268243307489
n_total,5500,middle,0.9062850051866032,6,5,ari_stability_1se,4,0.972963903190834,False,False,0.8084196787788818
n_total,5500,middle,0.9062850051866032,6,5,ari_stability_1se,5,0.975698393368137,True,True,0.9047299672661107
n_total,5500,middle,0.9062850051866032,6,5,ari_stability_1se,6,0.8104846362753463,False,False,0.7585212703276675
n_total,5500,middle,0.9062850051866032,6,5,ari_stability_1se,7,0.7299750551050483,False,False,0.7472517910989429
n_total,5500,middle,0.9062850051866032,6,5,ari_stability_quant,3,0.8439659730976088,False,False,0.5924268243307489
n_total,5500,middle,0.9062850051866032,6,5,ari_stability_quant,4,0.972963903190834,False,False,0.8084196787788818
n_total,5500,middle,0.9062850051866032,6,5,ari_stability_quant,5,0.975698393368137,True,True,0.9047299672661107
n_total,5500,middle,0.9062850051866032,6,5,ari_stability_quant,6,0.8104846362753463,False,False,0.7585212703276675
n_total,5500,middle,0.9062850051866032,6,5,ari_stability_quant,7,0.7299750551050483,False,False,0.7472517910989429
n_total,5500,middle,0.9062850051866032,6,5,consensus_ce_stability,3,0.8517337725921127,False,False,0.5924268243307489
n_total,5500,middle,0.9062850051866032,6,5,consensus_ce_stability,4,0.9781427455217393,False,False,0.8084196787788818
n_total,5500,middle,0.9062850051866032,6,5,consensus_ce_stability,5,0.982165662752756,True,True,0.9047299672661107
n_total,5500,middle,0.9062850051866032,6,5,consensus_ce_stability,6,0.891199401546227,False,False,0.7585212703276675
n_total,5500,middle,0.9062850051866032,6,5,consensus_ce_stability,7,0.8490011100340691,False,False,0.7472517910989429
n_total,5500,middle,0.9062850051866032,6,5,consensus_gini_stability,3,0.8758080054656874,False,False,0.5924268243307489
n_total,5500,middle,0.9062850051866032,6,5,consensus_gini_stability,4,0.9808341170500591,False,False,0.8084196787788818
n_total,5500,middle,0.9062850051866032,6,5,consensus_gini_stability,5,0.9844357301628625,True,True,0.9047299672661107
n_total,5500,middle,0.9062850051866032,6,5,consensus_gini_stability,6,0.9006557285441539,False,False,0.7585212703276675
n_total,5500,middle,0.9062850051866032,6,5,consensus_gini_stability,7,0.8650509679615881,False,False,0.7472517910989429
n_total,5500,middle,0.9062850051866032,6,5,consensus_pac_stability,3,0.7546166079783101,False,False,0.5924268243307489
n_total,5500,middle,0.9062850051866032,6,5,consensus_pac_stability,4,0.9711904643819538,False,False,0.8084196787788818
n_total,5500,middle,0.9062850051866032,6,5,consensus_pac_stability,5,0.9758360693679843,True,True,0.9047299672661107
n_total,5500,middle,0.9062850051866032,6,5,consensus_pac_stability,6,0.8615215328406818,False,False,0.7585212703276675
n_total,5500,middle,0.9062850051866032,6,5,consensus_pac_stability,7,0.8030381061019358,False,False,0.7472517910989429
n_total,5500,middle,0.9062850051866032,6,5,silhouette,3,0.05025645062523134,False,False,0.5939204867144762
n_total,5500,middle,0.9062850051866032,6,5,silhouette,4,0.05752720404567454,False,False,0.8103420814789278
n_total,5500,middle,0.9062850051866032,6,5,silhouette,5,0.06297677868697046,True,True,0.9062850051866032
n_total,5500,middle,0.9062850051866032,6,5,silhouette,6,0.05193744935106768,False,False,0.7525984144873705
n_total,5500,middle,0.9062850051866032,6,5,silhouette,7,0.04819016584091607,False,False,0.673364198056555
n_total,5500,middle,0.9062850051866032,6,5,gap,3,1.5283419752486314,False,False,0.5939204867144762
n_total,5500,middle,0.9062850051866032,6,5,gap,4,1.5519161106615726,False,False,0.8103420814789278
n_total,5500,middle,0.9062850051866032,6,5,gap,5,1.5718630054795337,False,True,0.9062850051866032
n_total,5500,middle,0.9062850051866032,6,5,gap,6,1.5785200405157678,False,False,0.7525984144873705
n_total,5500,middle,0.9062850051866032,6,5,gap,7,1.582701117209897,True,False,0.673364198056555
n_total,5500,middle,0.9062850051866032,6,5,davies_bouldin,3,0.19953841859046667,False,False,0.5939204867144762
n_total,5500,middle,0.9062850051866032,6,5,davies_bouldin,4,0.2174958968404279,False,False,0.8103420814789278
n_total,5500,middle,0.9062850051866032,6,5,davies_bouldin,5,0.2361415234026728,True,True,0.9062850051866032
n_total,5500,middle,0.9062850051866032,6,5,davies_bouldin,6,0.2139564086522818,False,False,0.7525984144873705
n_total,5500,middle,0.9062850051866032,6,5,davies_bouldin,7,0.21844506230331706,False,False,0.673364198056555
n_total,5500,middle,0.9062850051866032,6,5,calinski_harabasz,3,247.7782492776445,True,False,0.5939204867144762
n_total,5500,middle,0.9062850051866032,6,5,calinski_harabasz,4,232.71260685487113,False,False,0.8103420814789278
n_total,5500,middle,0.9062850051866032,6,5,calinski_harabasz,5,217.6806805440356,False,True,0.9062850051866032
n_total,5500,middle,0.9062850051866032,6,5,calinski_harabasz,6,191.04044115708538,False,False,0.7525984144873705
n_total,5500,middle,0.9062850051866032,6,5,calinski_harabasz,7,169.5453169215097,False,False,0.673364198056555
n_total,5500,middle,0.7153834291080423,7,5,accuracy_generalizability,3,0.881525663032908,True,False,0.48913608554302657
n_total,5500,middle,0.7153834291080423,7,5,accuracy_generalizability,4,0.8303421308899657,False,False,0.6883822912913605
n_total,5500,middle,0.7153834291080423,7,5,accuracy_generalizability,5,0.8613753558967338,False,True,0.7281278269000938
n_total,5500,middle,0.7153834291080423,7,5,accuracy_generalizability,6,0.7439294936072449,False,False,0.7382051435758997
n_total,5500,middle,0.7153834291080423,7,5,accuracy_generalizability,7,0.6762234766790535,False,False,0.5777957143843055
n_total,5500,middle,0.7153834291080423,7,5,ari_generalizability,3,0.6864055935091177,False,False,0.48913608554302657
n_total,5500,middle,0.7153834291080423,7,5,ari_generalizability,4,0.6378614168211422,False,False,0.6883822912913605
n_total,5500,middle,0.7153834291080423,7,5,ari_generalizability,5,0.6954020960856575,True,True,0.7281278269000938
n_total,5500,middle,0.7153834291080423,7,5,ari_generalizability,6,0.5504698313388369,False,False,0.7382051435758997
n_total,5500,middle,0.7153834291080423,7,5,ari_generalizability,7,0.5156416808154813,False,False,0.5777957143843055
n_total,5500,middle,0.7153834291080423,7,5,ari_generalizability_1se,3,0.6864055935091177,False,False,0.48913608554302657
n_total,5500,middle,0.7153834291080423,7,5,ari_generalizability_1se,4,0.6378614168211422,False,False,0.6883822912913605
n_total,5500,middle,0.7153834291080423,7,5,ari_generalizability_1se,5,0.6954020960856575,True,True,0.7281278269000938
n_total,5500,middle,0.7153834291080423,7,5,ari_generalizability_1se,6,0.5504698313388369,False,False,0.7382051435758997
n_total,5500,middle,0.7153834291080423,7,5,ari_generalizability_1se,7,0.5156416808154813,False,False,0.5777957143843055
n_total,5500,middle,0.7153834291080423,7,5,ari_generalizability_quant,3,0.6864055935091177,False,False,0.48913608554302657
n_total,5500,middle,0.7153834291080423,7,5,ari_generalizability_quant,4,0.6378614168211422,False,False,0.6883822912913605
n_total,5500,middle,0.7153834291080423,7,5,ari_generalizability_quant,5,0.6954020960856575,True,True,0.7281278269000938
n_total,5500,middle,0.7153834291080423,7,5,ari_generalizability_quant,6,0.5504698313388369,False,False,0.7382051435758997
n_total,5500,middle,0.7153834291080423,7,5,ari_generalizability_quant,7,0.5156416808154813,False,False,0.5777957143843055
n_total,5500,middle,0.7153834291080423,7,5,ari_stability,3,0.9173159922058173,False,False,0.5194284291325559
n_total,5500,middle,0.7153834291080423,7,5,ari_stability,4,0.8618982370638184,False,False,0.698728257684814
n_total,5500,middle,0.7153834291080423,7,5,ari_stability,5,0.9412334044330156,True,True,0.7122884030404871
n_total,5500,middle,0.7153834291080423,7,5,ari_stability,6,0.7668577896367207,False,False,0.5954301472561191
n_total,5500,middle,0.7153834291080423,7,5,ari_stability,7,0.6860110933143744,False,False,0.5919223782418663
n_total,5500,middle,0.7153834291080423,7,5,ari_stability_1se,3,0.9173159922058173,False,False,0.5194284291325559
n_total,5500,middle,0.7153834291080423,7,5,ari_stability_1se,4,0.8618982370638184,False,False,0.698728257684814
n_total,5500,middle,0.7153834291080423,7,5,ari_stability_1se,5,0.9412334044330156,True,True,0.7122884030404871
n_total,5500,middle,0.7153834291080423,7,5,ari_stability_1se,6,0.7668577896367207,False,False,0.5954301472561191
n_total,5500,middle,0.7153834291080423,7,5,ari_stability_1se,7,0.6860110933143744,False,False,0.5919223782418663
n_total,5500,middle,0.7153834291080423,7,5,ari_stability_quant,3,0.9173159922058173,False,False,0.5194284291325559
n_total,5500,middle,0.7153834291080423,7,5,ari_stability_quant,4,0.8618982370638184,False,False,0.698728257684814
n_total,5500,middle,0.7153834291080423,7,5,ari_stability_quant,5,0.9412334044330156,True,True,0.7122884030404871
n_total,5500,middle,0.7153834291080423,7,5,ari_stability_quant,6,0.7668577896367207,False,False,0.5954301472561191
n_total,5500,middle,0.7153834291080423,7,5,ari_stability_quant,7,0.6860110933143744,False,False,0.5919223782418663
n_total,5500,middle,0.7153834291080423,7,5,consensus_ce_stability,3,0.9167911272890448,False,False,0.5194284291325559
n_total,5500,middle,0.7153834291080423,7,5,consensus_ce_stability,4,0.8764968014435416,False,False,0.698728257684814
n_total,5500,middle,0.7153834291080423,7,5,consensus_ce_stability,5,0.9538342629250548,True,True,0.7122884030404871
n_total,5500,middle,0.7153834291080423,7,5,consensus_ce_stability,6,0.8569881886812571,False,False,0.5954301472561191
n_total,5500,middle,0.7153834291080423,7,5,consensus_ce_stability,7,0.8271792681298958,False,False,0.5919223782418663
n_total,5500,middle,0.7153834291080423,7,5,consensus_gini_stability,3,0.9295588304147178,False,False,0.5194284291325559
n_total,5500,middle,0.7153834291080423,7,5,consensus_gini_stability,4,0.8933322535695493,False,False,0.698728257684814
n_total,5500,middle,0.7153834291080423,7,5,consensus_gini_stability,5,0.9595157606823607,True,True,0.7122884030404871
n_total,5500,middle,0.7153834291080423,7,5,consensus_gini_stability,6,0.8710496206433803,False,False,0.5954301472561191
n_total,5500,middle,0.7153834291080423,7,5,consensus_gini_stability,7,0.8467198469239516,False,False,0.5919223782418663
n_total,5500,middle,0.7153834291080423,7,5,consensus_pac_stability,3,0.8848566846864719,False,False,0.5194284291325559
n_total,5500,middle,0.7153834291080423,7,5,consensus_pac_stability,4,0.8321381408189918,False,False,0.698728257684814
n_total,5500,middle,0.7153834291080423,7,5,consensus_pac_stability,5,0.9377349270115227,True,True,0.7122884030404871
n_total,5500,middle,0.7153834291080423,7,5,consensus_pac_stability,6,0.8133099241184347,False,False,0.5954301472561191
n_total,5500,middle,0.7153834291080423,7,5,consensus_pac_stability,7,0.7774181090776835,False,False,0.5919223782418663
n_total,5500,middle,0.7153834291080423,7,5,silhouette,3,0.050971600495642734,False,False,0.518227780726802
n_total,5500,middle,0.7153834291080423,7,5,silhouette,4,0.05353971402029118,False,False,0.6988339623524997
n_total,5500,middle,0.7153834291080423,7,5,silhouette,5,0.05441761412049535,True,True,0.7153834291080423
n_total,5500,middle,0.7153834291080423,7,5,silhouette,6,0.045722136597653014,False,False,0.5944121716388547
n_total,5500,middle,0.7153834291080423,7,5,silhouette,7,0.04318038005320869,False,False,0.5330068973282024
n_total,5500,middle,0.7153834291080423,7,5,gap,3,1.57218125527719,False,False,0.518227780726802
n_total,5500,middle,0.7153834291080423,7,5,gap,4,1.5892032596912475,False,False,0.6988339623524997
n_total,5500,middle,0.7153834291080423,7,5,gap,5,1.6055960357285741,False,True,0.7153834291080423
n_total,5500,middle,0.7153834291080423,7,5,gap,6,1.6128762967879204,False,False,0.5944121716388547
n_total,5500,middle,0.7153834291080423,7,5,gap,7,1.6171340862236327,True,False,0.5330068973282024
n_total,5500,middle,0.7153834291080423,7,5,davies_bouldin,3,0.20544975813673488,False,False,0.518227780726802
n_total,5500,middle,0.7153834291080423,7,5,davies_bouldin,4,0.21189380894083226,False,False,0.6988339623524997
n_total,5500,middle,0.7153834291080423,7,5,davies_bouldin,5,0.22881775038715788,True,True,0.7153834291080423
n_total,5500,middle,0.7153834291080423,7,5,davies_bouldin,6,0.21200510902123473,False,False,0.5944121716388547
n_total,5500,middle,0.7153834291080423,7,5,davies_bouldin,7,0.21628458335144776,False,False,0.5330068973282024
n_total,5500,middle,0.7153834291080423,7,5,calinski_harabasz,3,269.0047811487828,True,False,0.518227780726802
n_total,5500,middle,0.7153834291080423,7,5,calinski_harabasz,4,234.17093235192553,False,False,0.6988339623524997
n_total,5500,middle,0.7153834291080423,7,5,calinski_harabasz,5,212.80646419868512,False,True,0.7153834291080423
n_total,5500,middle,0.7153834291080423,7,5,calinski_harabasz,6,187.9193800496924,False,False,0.5944121716388547
n_total,5500,middle,0.7153834291080423,7,5,calinski_harabasz,7,167.3465242859279,False,False,0.5330068973282024
n_total,5500,middle,0.795822012044481,8,5,accuracy_generalizability,3,0.8004990067743473,False,False,0.5410668812169517
n_total,5500,middle,0.795822012044481,8,5,accuracy_generalizability,4,0.8799205554942598,True,False,0.6693010494765398
n_total,5500,middle,0.795822012044481,8,5,accuracy_generalizability,5,0.783788455679368,False,True,0.7435028909448129
n_total,5500,middle,0.795822012044481,8,5,accuracy_generalizability,6,0.7389032128877565,False,False,0.810858111755395
n_total,5500,middle,0.795822012044481,8,5,accuracy_generalizability,7,0.7001948519325238,False,False,0.515904578246662
n_total,5500,middle,0.795822012044481,8,5,ari_generalizability,3,0.5665799759512665,False,False,0.5410668812169517
n_total,5500,middle,0.795822012044481,8,5,ari_generalizability,4,0.7076926853225298,True,False,0.6693010494765398
n_total,5500,middle,0.795822012044481,8,5,ari_generalizability,5,0.6106462139110885,False,True,0.7435028909448129
n_total,5500,middle,0.795822012044481,8,5,ari_generalizability,6,0.521346277190536,False,False,0.810858111755395
n_total,5500,middle,0.795822012044481,8,5,ari_generalizability,7,0.5231133127249463,False,False,0.515904578246662
n_total,5500,middle,0.795822012044481,8,5,ari_generalizability_1se,3,0.5665799759512665,False,False,0.5410668812169517
n_total,5500,middle,0.795822012044481,8,5,ari_generalizability_1se,4,0.7076926853225298,True,False,0.6693010494765398
n_total,5500,middle,0.795822012044481,8,5,ari_generalizability_1se,5,0.6106462139110885,False,True,0.7435028909448129
n_total,5500,middle,0.795822012044481,8,5,ari_generalizability_1se,6,0.521346277190536,False,False,0.810858111755395
n_total,5500,middle,0.795822012044481,8,5,ari_generalizability_1se,7,0.5231133127249463,False,False,0.515904578246662
n_total,5500,middle,0.795822012044481,8,5,ari_generalizability_quant,3,0.5665799759512665,False,False,0.5410668812169517
n_total,5500,middle,0.795822012044481,8,5,ari_generalizability_quant,4,0.7076926853225298,True,False,0.6693010494765398
n_total,5500,middle,0.795822012044481,8,5,ari_generalizability_quant,5,0.6106462139110885,False,True,0.7435028909448129
n_total,5500,middle,0.795822012044481,8,5,ari_generalizability_quant,6,0.521346277190536,False,False,0.810858111755395
n_total,5500,middle,0.795822012044481,8,5,ari_generalizability_quant,7,0.5231133127249463,False,False,0.515904578246662
n_total,5500,middle,0.795822012044481,8,5,ari_stability,3,0.8344366336512943,False,False,0.5926334712421896
n_total,5500,middle,0.795822012044481,8,5,ari_stability,4,0.9534224562118914,True,False,0.7093426967834032
n_total,5500,middle,0.795822012044481,8,5,ari_stability,5,0.8949853263161631,False,True,0.7940650700428091
n_total,5500,middle,0.795822012044481,8,5,ari_stability,6,0.7209104789603686,False,False,0.6191871204864019
n_total,5500,middle,0.795822012044481,8,5,ari_stability,7,0.7031765712331002,False,False,0.5418920290190701
n_total,5500,middle,0.795822012044481,8,5,ari_stability_1se,3,0.8344366336512943,False,False,0.5926334712421896
n_total,5500,middle,0.795822012044481,8,5,ari_stability_1se,4,0.9534224562118914,True,False,0.7093426967834032
n_total,5500,middle,0.795822012044481,8,5,ari_stability_1se,5,0.8949853263161631,False,True,0.7940650700428091
n_total,5500,middle,0.795822012044481,8,5,ari_stability_1se,6,0.7209104789603686,False,False,0.6191871204864019
n_total,5500,middle,0.795822012044481,8,5,ari_stability_1se,7,0.7031765712331002,False,False,0.5418920290190701
n_total,5500,middle,0.795822012044481,8,5,ari_stability_quant,3,0.8344366336512943,False,False,0.5926334712421896
n_total,5500,middle,0.795822012044481,8,5,ari_stability_quant,4,0.9534224562118914,True,False,0.7093426967834032
n_total,5500,middle,0.795822012044481,8,5,ari_stability_quant,5,0.8949853263161631,False,True,0.7940650700428091
n_total,5500,middle,0.795822012044481,8,5,ari_stability_quant,6,0.7209104789603686,False,False,0.6191871204864019
n_total,5500,middle,0.795822012044481,8,5,ari_stability_quant,7,0.7031765712331002,False,False,0.5418920290190701
n_total,5500,middle,0.795822012044481,8,5,consensus_ce_stability,3,0.8125902656367366,False,False,0.5926334712421896
n_total,5500,middle,0.795822012044481,8,5,consensus_ce_stability,4,0.956962742270512,True,False,0.7093426967834032
n_total,5500,middle,0.795822012044481,8,5,consensus_ce_stability,5,0.9196021084912465,False,True,0.7940650700428091
n_total,5500,middle,0.795822012044481,8,5,consensus_ce_stability,6,0.8333114756212644,False,False,0.6191871204864019
n_total,5500,middle,0.795822012044481,8,5,consensus_ce_stability,7,0.8396320606028306,False,False,0.5418920290190701
n_total,5500,middle,0.795822012044481,8,5,consensus_gini_stability,3,0.8374196164959702,False,False,0.5926334712421896
n_total,5500,middle,0.795822012044481,8,5,consensus_gini_stability,4,0.962269686184872,True,False,0.7093426967834032
n_total,5500,middle,0.795822012044481,8,5,consensus_gini_stability,5,0.9371083711905475,False,True,0.7940650700428091
n_total,5500,middle,0.795822012044481,8,5,consensus_gini_stability,6,0.8471601601659184,False,False,0.6191871204864019
n_total,5500,middle,0.795822012044481,8,5,consensus_gini_stability,7,0.8551680989205306,False,False,0.5418920290190701
n_total,5500,middle,0.795822012044481,8,5,consensus_pac_stability,3,0.7272362908958654,False,False,0.5926334712421896
n_total,5500,middle,0.795822012044481,8,5,consensus_pac_stability,4,0.9420310469672172,True,False,0.7093426967834032
n_total,5500,middle,0.795822012044481,8,5,consensus_pac_stability,5,0.8828663062705616,False,True,0.7940650700428091
n_total,5500,middle,0.795822012044481,8,5,consensus_pac_stability,6,0.7892542445733935,False,False,0.6191871204864019
n_total,5500,middle,0.795822012044481,8,5,consensus_pac_stability,7,0.7926043412851924,False,False,0.5418920290190701
n_total,5500,middle,0.795822012044481,8,5,silhouette,3,0.05378710770358702,False,False,0.5883651056814763
n_total,5500,middle,0.795822012044481,8,5,silhouette,4,0.057060605650391824,False,False,0.7074769402331147
n_total,5500,middle,0.795822012044481,8,5,silhouette,5,0.05920812112299048,True,True,0.795822012044481
n_total,5500,middle,0.795822012044481,8,5,silhouette,6,0.0481366968380371,False,False,0.6172685679504312
n_total,5500,middle,0.795822012044481,8,5,silhouette,7,0.0453169012551986,False,False,0.5326058575777213
n_total,5500,middle,0.795822012044481,8,5,gap,3,1.5608457237932303,False,False,0.5883651056814763
n_total,5500,middle,0.795822012044481,8,5,gap,4,1.5807944749760932,False,False,0.7074769402331147
n_total,5500,middle,0.795822012044481,8,5,gap,5,1.592724551018211,False,True,0.795822012044481
n_total,5500,middle,0.795822012044481,8,5,gap,6,1.60297346732888,False,False,0.6172685679504312
n_total,5500,middle,0.795822012044481,8,5,gap,7,1.6095750702431566,True,False,0.5326058575777213
n_total,5500,middle,0.795822012044481,8,5,davies_bouldin,3,0.2004838547728698,False,False,0.5883651056814763
n_total,5500,middle,0.795822012044481,8,5,davies_bouldin,4,0.21491745060343984,False,False,0.7074769402331147
n_total,5500,middle,0.795822012044481,8,5,davies_bouldin,5,0.2255819557862763,True,True,0.795822012044481
n_total,5500,middle,0.795822012044481,8,5,davies_bouldin,6,0.20868744425273184,False,False,0.6172685679504312
n_total,5500,middle,0.795822012044481,8,5,davies_bouldin,7,0.21520176598514765,False,False,0.5326058575777213
n_total,5500,middle,0.795822012044481,8,5,calinski_harabasz,3,275.5569387833974,True,False,0.5883651056814763
n_total,5500,middle,0.795822012044481,8,5,calinski_harabasz,4,243.12271858742335,False,False,0.7074769402331147
n_total,5500,middle,0.795822012044481,8,5,calinski_harabasz,5,211.86270375704564,False,True,0.795822012044481
n_total,5500,middle,0.795822012044481,8,5,calinski_harabasz,6,190.81570243047375,False,False,0.6172685679504312
n_total,5500,middle,0.795822012044481,8,5,calinski_harabasz,7,172.27914943272384,False,False,0.5326058575777213
n_total,5500,middle,0.542679023933134,9,5,accuracy_generalizability,3,0.9008958459613436,True,False,0.6576952554507891
n_total,5500,middle,0.542679023933134,9,5,accuracy_generalizability,4,0.8041782325724095,False,False,0.7545572127787733
n_total,5500,middle,0.542679023933134,9,5,accuracy_generalizability,5,0.6553182524827781,False,True,0.7713507648564999
n_total,5500,middle,0.542679023933134,9,5,accuracy_generalizability,6,0.7246330608995235,False,False,0.5569413495299128
n_total,5500,middle,0.542679023933134,9,5,accuracy_generalizability,7,0.6682449242064773,False,False,0.5844161994916975
n_total,5500,middle,0.542679023933134,9,5,ari_generalizability,3,0.7380137350774953,True,False,0.6576952554507891
n_total,5500,middle,0.542679023933134,9,5,ari_generalizability,4,0.6103502791451595,False,False,0.7545572127787733
n_total,5500,middle,0.542679023933134,9,5,ari_generalizability,5,0.44786614549978404,False,True,0.7713507648564999
n_total,5500,middle,0.542679023933134,9,5,ari_generalizability,6,0.48067479254465895,False,False,0.5569413495299128
n_total,5500,middle,0.542679023933134,9,5,ari_generalizability,7,0.46507596215775343,False,False,0.5844161994916975
n_total,5500,middle,0.542679023933134,9,5,ari_generalizability_1se,3,0.7380137350774953,True,False,0.6576952554507891
n_total,5500,middle,0.542679023933134,9,5,ari_generalizability_1se,4,0.6103502791451595,False,False,0.7545572127787733
n_total,5500,middle,0.542679023933134,9,5,ari_generalizability_1se,5,0.44786614549978404,False,True,0.7713507648564999
n_total,5500,middle,0.542679023933134,9,5,ari_generalizability_1se,6,0.48067479254465895,False,False,0.5569413495299128
n_total,5500,middle,0.542679023933134,9,5,ari_generalizability_1se,7,0.46507596215775343,False,False,0.5844161994916975
n_total,5500,middle,0.542679023933134,9,5,ari_generalizability_quant,3,0.7380137350774953,True,False,0.6576952554507891
n_total,5500,middle,0.542679023933134,9,5,ari_generalizability_quant,4,0.6103502791451595,False,False,0.7545572127787733
n_total,5500,middle,0.542679023933134,9,5,ari_generalizability_quant,5,0.44786614549978404,False,True,0.7713507648564999
n_total,5500,middle,0.542679023933134,9,5,ari_generalizability_quant,6,0.48067479254465895,False,False,0.5569413495299128
n_total,5500,middle,0.542679023933134,9,5,ari_generalizability_quant,7,0.46507596215775343,False,False,0.5844161994916975
n_total,5500,middle,0.542679023933134,9,5,ari_stability,3,0.9367040746607205,True,False,0.6940666575014763
n_total,5500,middle,0.542679023933134,9,5,ari_stability,4,0.8565252246148648,False,False,0.7486820203587116
n_total,5500,middle,0.542679023933134,9,5,ari_stability,5,0.6301048619411921,False,True,0.7974369658604374
n_total,5500,middle,0.542679023933134,9,5,ari_stability,6,0.7188100120006838,False,False,0.6174401301295808
n_total,5500,middle,0.542679023933134,9,5,ari_stability,7,0.6726229645331862,False,False,0.543298432037557
n_total,5500,middle,0.542679023933134,9,5,ari_stability_1se,3,0.9367040746607205,True,False,0.6940666575014763
n_total,5500,middle,0.542679023933134,9,5,ari_stability_1se,4,0.8565252246148648,False,False,0.7486820203587116
n_total,5500,middle,0.542679023933134,9,5,ari_stability_1se,5,0.6301048619411921,False,True,0.7974369658604374
n_total,5500,middle,0.542679023933134,9,5,ari_stability_1se,6,0.7188100120006838,False,False,0.6174401301295808
n_total,5500,middle,0.542679023933134,9,5,ari_stability_1se,7,0.6726229645331862,False,False,0.543298432037557
n_total,5500,middle,0.542679023933134,9,5,ari_stability_quant,3,0.9367040746607205,True,False,0.6940666575014763
n_total,5500,middle,0.542679023933134,9,5,ari_stability_quant,4,0.8565252246148648,False,False,0.7486820203587116
n_total,5500,middle,0.542679023933134,9,5,ari_stability_quant,5,0.6301048619411921,False,True,0.7974369658604374
n_total,5500,middle,0.542679023933134,9,5,ari_stability_quant,6,0.7188100120006838,False,False,0.6174401301295808
n_total,5500,middle,0.542679023933134,9,5,ari_stability_quant,7,0.6726229645331862,False,False,0.543298432037557
n_total,5500,middle,0.542679023933134,9,5,consensus_ce_stability,3,0.9357971670531168,True,False,0.6940666575014763
n_total,5500,middle,0.542679023933134,9,5,consensus_ce_stability,4,0.8783765988063004,False,False,0.7486820203587116
n_total,5500,middle,0.542679023933134,9,5,consensus_ce_stability,5,0.7388459551330665,False,True,0.7974369658604374
n_total,5500,middle,0.542679023933134,9,5,consensus_ce_stability,6,0.8184167253063758,False,False,0.6174401301295808
n_total,5500,middle,0.542679023933134,9,5,consensus_ce_stability,7,0.8128193618779723,False,False,0.543298432037557
n_total,5500,middle,0.542679023933134,9,5,consensus_gini_stability,3,0.9429774455232602,True,False,0.6940666575014763
n_total,5500,middle,0.542679023933134,9,5,consensus_gini_stability,4,0.8957807840076258,False,False,0.7486820203587116
n_total,5500,middle,0.542679023933134,9,5,consensus_gini_stability,5,0.761542854708629,False,True,0.7974369658604374
n_total,5500,middle,0.542679023933134,9,5,consensus_gini_stability,6,0.8351869222379682,False,False,0.6174401301295808
n_total,5500,middle,0.542679023933134,9,5,consensus_gini_stability,7,0.8301963959561254,False,False,0.543298432037557
n_total,5500,middle,0.542679023933134,9,5,consensus_pac_stability,3,0.9164912628742417,True,False,0.6940666575014763
n_total,5500,middle,0.542679023933134,9,5,consensus_pac_stability,4,0.8313391195093323,False,False,0.7486820203587116
n_total,5500,middle,0.542679023933134,9,5,consensus_pac_stability,5,0.6717377374398651,False,True,0.7974369658604374
n_total,5500,middle,0.542679023933134,9,5,consensus_pac_stability,6,0.7672287523351353,False,False,0.6174401301295808
n_total,5500,middle,0.542679023933134,9,5,consensus_pac_stability,7,0.7602703301426705,False,False,0.543298432037557
n_total,5500,middle,0.542679023933134,9,5,silhouette,3,0.052945235337544104,True,False,0.6950925267656982
n_total,5500,middle,0.542679023933134,9,5,silhouette,4,0.052404103855542956,False,False,0.7424025517023921
n_total,5500,middle,0.542679023933134,9,5,silhouette,5,0.03986868710331622,False,True,0.542679023933134
n_total,5500,middle,0.542679023933134,9,5,silhouette,6,0.04490483856863043,False,False,0.6147521454210294
n_total,5500,middle,0.542679023933134,9,5,silhouette,7,0.04151204941116557,False,False,0.5140499652515128
n_total,5500,middle,0.542679023933134,9,5,gap,3,1.5671026669960266,False,False,0.6950925267656982
n_total,5500,middle,0.542679023933134,9,5,gap,4,1.5790636739001371,False,False,0.7424025517023921
n_total,5500,middle,0.542679023933134,9,5,gap,5,1.58984647235906,False,True,0.542679023933134
n_total,5500,middle,0.542679023933134,9,5,gap,6,1.6017294668644162,False,False,0.6147521454210294
n_total,5500,middle,0.542679023933134,9,5,gap,7,1.6089894335987474,True,False,0.5140499652515128
n_total,5500,middle,0.542679023933134,9,5,davies_bouldin,3,0.19887759459733798,False,False,0.6950925267656982
n_total,5500,middle,0.542679023933134,9,5,davies_bouldin,4,0.20935271091192248,False,False,0.7424025517023921
n_total,5500,middle,0.542679023933134,9,5,davies_bouldin,5,0.19606193622264012,False,True,0.542679023933134
n_total,5500,middle,0.542679023933134,9,5,davies_bouldin,6,0.2086227736641937,False,False,0.6147521454210294
n_total,5500,middle,0.542679023933134,9,5,davies_bouldin,7,0.21425137257331905,True,False,0.5140499652515128
n_total,5500,middle,0.542679023933134,9,5,calinski_harabasz,3,249.23745699462043,True,False,0.6950925267656982
n_total,5500,middle,0.542679023933134,9,5,calinski_harabasz,4,208.92141312594399,False,False,0.7424025517023921
n_total,5500,middle,0.542679023933134,9,5,calinski_harabasz,5,184.5710256973777,False,True,0.542679023933134
n_total,5500,middle,0.542679023933134,9,5,calinski_harabasz,6,170.54139499487601,False,False,0.6147521454210294
n_total,5500,middle,0.542679023933134,9,5,calinski_harabasz,7,155.62056458861503,False,False,0.5140499652515128
n_total,5500,middle,0.5453535327673286,10,5,accuracy_generalizability,3,0.8934201923183227,True,False,0.6827509938995017
n_total,5500,middle,0.5453535327673286,10,5,accuracy_generalizability,4,0.7927702727127527,False,False,0.766149398905208
n_total,5500,middle,0.5453535327673286,10,5,accuracy_generalizability,5,0.7177321820605207,False,True,0.7994197384192027
n_total,5500,middle,0.5453535327673286,10,5,accuracy_generalizability,6,0.7072725421694005,False,False,0.8226109690785536
n_total,5500,middle,0.5453535327673286,10,5,accuracy_generalizability,7,0.6759730359459802,False,False,0.6212019462718128
n_total,5500,middle,0.5453535327673286,10,5,ari_generalizability,3,0.7213862465026035,True,False,0.6827509938995017
n_total,5500,middle,0.5453535327673286,10,5,ari_generalizability,4,0.6229887182809695,False,False,0.766149398905208
n_total,5500,middle,0.5453535327673286,10,5,ari_generalizability,5,0.483542528556703,False,True,0.7994197384192027
n_total,5500,middle,0.5453535327673286,10,5,ari_generalizability,6,0.4730870213471476,False,False,0.8226109690785536
n_total,5500,middle,0.5453535327673286,10,5,ari_generalizability,7,0.46758589930834593,False,False,0.6212019462718128
n_total,5500,middle,0.5453535327673286,10,5,ari_generalizability_1se,3,0.7213862465026035,True,False,0.6827509938995017
n_total,5500,middle,0.5453535327673286,10,5,ari_generalizability_1se,4,0.6229887182809695,False,False,0.766149398905208
n_total,5500,middle,0.5453535327673286,10,5,ari_generalizability_1se,5,0.483542528556703,False,True,0.7994197384192027
n_total,5500,middle,0.5453535327673286,10,5,ari_generalizability_1se,6,0.4730870213471476,False,False,0.8226109690785536
n_total,5500,middle,0.5453535327673286,10,5,ari_generalizability_1se,7,0.46758589930834593,False,False,0.6212019462718128
n_total,5500,middle,0.5453535327673286,10,5,ari_generalizability_quant,3,0.7213862465026035,True,False,0.6827509938995017
n_total,5500,middle,0.5453535327673286,10,5,ari_generalizability_quant,4,0.6229887182809695,False,False,0.766149398905208
n_total,5500,middle,0.5453535327673286,10,5,ari_generalizability_quant,5,0.483542528556703,False,True,0.7994197384192027
n_total,5500,middle,0.5453535327673286,10,5,ari_generalizability_quant,6,0.4730870213471476,False,False,0.8226109690785536
n_total,5500,middle,0.5453535327673286,10,5,ari_generalizability_quant,7,0.46758589930834593,False,False,0.6212019462718128
n_total,5500,middle,0.5453535327673286,10,5,ari_stability,3,0.9134670834104596,True,False,0.6979073234008024
n_total,5500,middle,0.5453535327673286,10,5,ari_stability,4,0.8770504895409177,False,False,0.7984499180486082
n_total,5500,middle,0.5453535327673286,10,5,ari_stability,5,0.6635276037214309,False,True,0.5484585101610668
n_total,5500,middle,0.5453535327673286,10,5,ari_stability,6,0.686489343877424,False,False,0.6183964192692094
n_total,5500,middle,0.5453535327673286,10,5,ari_stability,7,0.667046144271816,False,False,0.5095804759927193
n_total,5500,middle,0.5453535327673286,10,5,ari_stability_1se,3,0.9134670834104596,True,False,0.6979073234008024
n_total,5500,middle,0.5453535327673286,10,5,ari_stability_1se,4,0.8770504895409177,False,False,0.7984499180486082
n_total,5500,middle,0.5453535327673286,10,5,ari_stability_1se,5,0.6635276037214309,False,True,0.5484585101610668
n_total,5500,middle,0.5453535327673286,10,5,ari_stability_1se,6,0.686489343877424,False,False,0.6183964192692094
n_total,5500,middle,0.5453535327673286,10,5,ari_stability_1se,7,0.667046144271816,False,False,0.5095804759927193
n_total,5500,middle,0.5453535327673286,10,5,ari_stability_quant,3,0.9134670834104596,False,False,0.6979073234008024
n_total,5500,middle,0.5453535327673286,10,5,ari_stability_quant,4,0.8770504895409177,True,False,0.7984499180486082
n_total,5500,middle,0.5453535327673286,10,5,ari_stability_quant,5,0.6635276037214309,False,True,0.5484585101610668
n_total,5500,middle,0.5453535327673286,10,5,ari_stability_quant,6,0.686489343877424,False,False,0.6183964192692094
n_total,5500,middle,0.5453535327673286,10,5,ari_stability_quant,7,0.667046144271816,False,False,0.5095804759927193
n_total,5500,middle,0.5453535327673286,10,5,consensus_ce_stability,3,0.9119298671384996,True,False,0.6979073234008024
n_total,5500,middle,0.5453535327673286,10,5,consensus_ce_stability,4,0.8791288054651116,False,False,0.7984499180486082
n_total,5500,middle,0.5453535327673286,10,5,consensus_ce_stability,5,0.7651220507645419,False,True,0.5484585101610668
n_total,5500,middle,0.5453535327673286,10,5,consensus_ce_stability,6,0.7929211984828753,False,False,0.6183964192692094
n_total,5500,middle,0.5453535327673286,10,5,consensus_ce_stability,7,0.8194368362261818,False,False,0.5095804759927193
n_total,5500,middle,0.5453535327673286,10,5,consensus_gini_stability,3,0.9228918839351662,True,False,0.6979073234008024
n_total,5500,middle,0.5453535327673286,10,5,consensus_gini_stability,4,0.9058131596005892,False,False,0.7984499180486082
n_total,5500,middle,0.5453535327673286,10,5,consensus_gini_stability,5,0.7853462423575596,False,True,0.5484585101610668
n_total,5500,middle,0.5453535327673286,10,5,consensus_gini_stability,6,0.8111196806755169,False,False,0.6183964192692094
n_total,5500,middle,0.5453535327673286,10,5,consensus_gini_stability,7,0.8366693212651923,False,False,0.5095804759927193
n_total,5500,middle,0.5453535327673286,10,5,consensus_pac_stability,3,0.8816816280646068,True,False,0.6979073234008024
n_total,5500,middle,0.5453535327673286,10,5,consensus_pac_stability,4,0.8146687827538891,False,False,0.7984499180486082
n_total,5500,middle,0.5453535327673286,10,5,consensus_pac_stability,5,0.7007788523533205,False,True,0.5484585101610668
n_total,5500,middle,0.5453535327673286,10,5,consensus_pac_stability,6,0.7384370712030286,False,False,0.6183964192692094
n_total,5500,middle,0.5453535327673286,10,5,consensus_pac_stability,7,0.7663764982062855,False,False,0.5095804759927193
n_total,5500,middle,0.5453535327673286,10,5,silhouette,3,0.056495949409165774,False,False,0.6964480872048044
n_total,5500,middle,0.5453535327673286,10,5,silhouette,4,0.05770021322578921,True,False,0.8018391803790939
n_total,5500,middle,0.5453535327673286,10,5,silhouette,5,0.04068561304904235,False,True,0.5453535327673286
n_total,5500,middle,0.5453535327673286,10,5,silhouette,6,0.04559442713367556,False,False,0.6098548605170436
n_total,5500,middle,0.5453535327673286,10,5,silhouette,7,0.04224145436163318,False,False,0.5011697146076568
n_total,5500,middle,0.5453535327673286,10,5,gap,3,1.577340964554196,False,False,0.6964480872048044
n_total,5500,middle,0.5453535327673286,10,5,gap,4,1.589036039327624,False,False,0.8018391803790939
n_total,5500,middle,0.5453535327673286,10,5,gap,5,1.6006907327552469,False,True,0.5453535327673286
n_total,5500,middle,0.5453535327673286,10,5,gap,6,1.6121068120919233,False,False,0.6098548605170436
n_total,5500,middle,0.5453535327673286,10,5,gap,7,1.620208012141827,True,False,0.5011697146076568
n_total,5500,middle,0.5453535327673286,10,5,davies_bouldin,3,0.19983937417311315,False,False,0.6964480872048044
n_total,5500,middle,0.5453535327673286,10,5,davies_bouldin,4,0.21376627131712303,True,False,0.8018391803790939
n_total,5500,middle,0.5453535327673286,10,5,davies_bouldin,5,0.19581734015329877,False,True,0.5453535327673286
n_total,5500,middle,0.5453535327673286,10,5,davies_bouldin,6,0.20756748084729812,False,False,0.6098548605170436
n_total,5500,middle,0.5453535327673286,10,5,davies_bouldin,7,0.21312313336782712,False,False,0.5011697146076568
n_total,5500,middle,0.5453535327673286,10,5,calinski_harabasz,3,264.0028241014281,True,False,0.6964480872048044
n_total,5500,middle,0.5453535327673286,10,5,calinski_harabasz,4,220.59628609748992,False,False,0.8018391803790939
n_total,5500,middle,0.5453535327673286,10,5,calinski_harabasz,5,194.89362829463371,False,True,0.5453535327673286
n_total,5500,middle,0.5453535327673286,10,5,calinski_harabasz,6,178.42894966632025,False,False,0.6098548605170436
n_total,5500,middle,0.5453535327673286,10,5,calinski_harabasz,7,163.25344866211896,False,False,0.5011697146076568
n_total,5500,middle,0.7544959712380548,11,5,accuracy_generalizability,3,0.9042620968734151,True,False,0.5193485917514067
n_total,5500,middle,0.7544959712380548,11,5,accuracy_generalizability,4,0.8618570148722923,False,False,0.6618115578281907
n_total,5500,middle,0.7544959712380548,11,5,accuracy_generalizability,5,0.8576526880528628,False,True,0.7379411786638186
n_total,5500,middle,0.7544959712380548,11,5,accuracy_generalizability,6,0.7532906162776989,False,False,0.7517439787664183
n_total,5500,middle,0.7544959712380548,11,5,accuracy_generalizability,7,0.6322760884650183,False,False,0.7549683456630238
n_total,5500,middle,0.7544959712380548,11,5,ari_generalizability,3,0.7264808766313802,True,False,0.5193485917514067
n_total,5500,middle,0.7544959712380548,11,5,ari_generalizability,4,0.68880321839934,False,False,0.6618115578281907
n_total,5500,middle,0.7544959712380548,11,5,ari_generalizability,5,0.6891525074279522,False,True,0.7379411786638186
n_total,5500,middle,0.7544959712380548,11,5,ari_generalizability,6,0.5682035189949428,False,False,0.7517439787664183
n_total,5500,middle,0.7544959712380548,11,5,ari_generalizability,7,0.4576521994355333,False,False,0.7549683456630238
n_total,5500,middle,0.7544959712380548,11,5,ari_generalizability_1se,3,0.7264808766313802,True,False,0.5193485917514067
n_total,5500,middle,0.7544959712380548,11,5,ari_generalizability_1se,4,0.68880321839934,False,False,0.6618115578281907
n_total,5500,middle,0.7544959712380548,11,5,ari_generalizability_1se,5,0.6891525074279522,False,True,0.7379411786638186
n_total,5500,middle,0.7544959712380548,11,5,ari_generalizability_1se,6,0.5682035189949428,False,False,0.7517439787664183
n_total,5500,middle,0.7544959712380548,11,5,ari_generalizability_1se,7,0.4576521994355333,False,False,0.7549683456630238
n_total,5500,middle,0.7544959712380548,11,5,ari_generalizability_quant,3,0.7264808766313802,False,False,0.5193485917514067
n_total,5500,middle,0.7544959712380548,11,5,ari_generalizability_quant,4,0.68880321839934,False,False,0.6618115578281907
n_total,5500,middle,0.7544959712380548,11,5,ari_generalizability_quant,5,0.6891525074279522,True,True,0.7379411786638186
n_total,5500,middle,0.7544959712380548,11,5,ari_generalizability_quant,6,0.5682035189949428,False,False,0.7517439787664183
n_total,5500,middle,0.7544959712380548,11,5,ari_generalizability_quant,7,0.4576521994355333,False,False,0.7549683456630238
n_total,5500,middle,0.7544959712380548,11,5,ari_stability,3,0.9380037747136033,False,False,0.5403137123525733
n_total,5500,middle,0.7544959712380548,11,5,ari_stability,4,0.9287154037198999,False,False,0.660675578368708
n_total,5500,middle,0.7544959712380548,11,5,ari_stability,5,0.9433099614132401,True,True,0.7500454254584888
n_total,5500,middle,0.7544959712380548,11,5,ari_stability,6,0.7662120558357249,False,False,0.6180638295858624
n_total,5500,middle,0.7544959712380548,11,5,ari_stability,7,0.6386221055893,False,False,0.6195950822230731
n_total,5500,middle,0.7544959712380548,11,5,ari_stability_1se,3,0.9380037747136033,False,False,0.5403137123525733
n_total,5500,middle,0.7544959712380548,11,5,ari_stability_1se,4,0.9287154037198999,False,False,0.660675578368708
n_total,5500,middle,0.7544959712380548,11,5,ari_stability_1se,5,0.9433099614132401,True,True,0.7500454254584888
n_total,5500,middle,0.7544959712380548,11,5,ari_stability_1se,6,0.7662120558357249,False,False,0.6180638295858624
n_total,5500,middle,0.7544959712380548,11,5,ari_stability_1se,7,0.6386221055893,False,False,0.6195950822230731
n_total,5500,middle,0.7544959712380548,11,5,ari_stability_quant,3,0.9380037747136033,False,False,0.5403137123525733
n_total,5500,middle,0.7544959712380548,11,5,ari_stability_quant,4,0.9287154037198999,False,False,0.660675578368708
n_total,5500,middle,0.7544959712380548,11,5,ari_stability_quant,5,0.9433099614132401,True,True,0.7500454254584888
n_total,5500,middle,0.7544959712380548,11,5,ari_stability_quant,6,0.7662120558357249,False,False,0.6180638295858624
n_total,5500,middle,0.7544959712380548,11,5,ari_stability_quant,7,0.6386221055893,False,False,0.6195950822230731
n_total,5500,middle,0.7544959712380548,11,5,consensus_ce_stability,3,0.940517327006964,False,False,0.5403137123525733
n_total,5500,middle,0.7544959712380548,11,5,consensus_ce_stability,4,0.9382115287471742,False,False,0.660675578368708
n_total,5500,middle,0.7544959712380548,11,5,consensus_ce_stability,5,0.9581981544502335,True,True,0.7500454254584888
n_total,5500,middle,0.7544959712380548,11,5,consensus_ce_stability,6,0.8575532052731257,False,False,0.6180638295858624
n_total,5500,middle,0.7544959712380548,11,5,consensus_ce_stability,7,0.803605874336619,False,False,0.6195950822230731
n_total,5500,middle,0.7544959712380548,11,5,consensus_gini_stability,3,0.9479585266764539,False,False,0.5403137123525733
n_total,5500,middle,0.7544959712380548,11,5,consensus_gini_stability,4,0.945448567571642,False,False,0.660675578368708
n_total,5500,middle,0.7544959712380548,11,5,consensus_gini_stability,5,0.9632461518281169,True,True,0.7500454254584888
n_total,5500,middle,0.7544959712380548,11,5,consensus_gini_stability,6,0.8714293768066158,False,False,0.6180638295858624
n_total,5500,middle,0.7544959712380548,11,5,consensus_gini_stability,7,0.8219760475412118,False,False,0.6195950822230731
n_total,5500,middle,0.7544959712380548,11,5,consensus_pac_stability,3,0.9201902494668452,False,False,0.5403137123525733
n_total,5500,middle,0.7544959712380548,11,5,consensus_pac_stability,4,0.9187531617318851,False,False,0.660675578368708
n_total,5500,middle,0.7544959712380548,11,5,consensus_pac_stability,5,0.9442543272330506,True,True,0.7500454254584888
n_total,5500,middle,0.7544959712380548,11,5,consensus_pac_stability,6,0.8147009208285804,False,False,0.6180638295858624
n_total,5500,middle,0.7544959712380548,11,5,consensus_pac_stability,7,0.7484971482418291,False,False,0.6195950822230731
n_total,5500,middle,0.7544959712380548,11,5,silhouette,3,0.05292976800246455,False,False,0.5446835581433996
n_total,5500,middle,0.7544959712380548,11,5,silhouette,4,0.054519294458325145,False,False,0.6584685721688495
n_total,5500,middle,0.7544959712380548,11,5,silhouette,5,0.05675285449707787,True,True,0.7544959712380548
n_total,5500,middle,0.7544959712380548,11,5,silhouette,6,0.04735958219753929,False,False,0.6183074553452126
n_total,5500,middle,0.7544959712380548,11,5,silhouette,7,0.04494147644128029,False,False,0.5366098516028635
n_total,5500,middle,0.7544959712380548,11,5,gap,3,1.5730545966091114,False,False,0.5446835581433996
n_total,5500,middle,0.7544959712380548,11,5,gap,4,1.5896310537087484,False,False,0.6584685721688495
n_total,5500,middle,0.7544959712380548,11,5,gap,5,1.6046605346678824,False,True,0.7544959712380548
n_total,5500,middle,0.7544959712380548,11,5,gap,6,1.6125564891020403,False,False,0.6183074553452126
n_total,5500,middle,0.7544959712380548,11,5,gap,7,1.6176086038923323,True,False,0.5366098516028635
n_total,5500,middle,0.7544959712380548,11,5,davies_bouldin,3,0.2055369210643866,False,False,0.5446835581433996
n_total,5500,middle,0.7544959712380548,11,5,davies_bouldin,4,0.21555658349538753,False,False,0.6584685721688495
n_total,5500,middle,0.7544959712380548,11,5,davies_bouldin,5,0.2324810132343954,True,True,0.7544959712380548
n_total,5500,middle,0.7544959712380548,11,5,davies_bouldin,6,0.21320711661296105,False,False,0.6183074553452126
n_total,5500,middle,0.7544959712380548,11,5,davies_bouldin,7,0.2190897057678691,False,False,0.5366098516028635
n_total,5500,middle,0.7544959712380548,11,5,calinski_harabasz,3,272.4870190001419,True,False,0.5446835581433996
n_total,5500,middle,0.7544959712380548,11,5,calinski_harabasz,4,235.5855627109224,False,False,0.6584685721688495
n_total,5500,middle,0.7544959712380548,11,5,calinski_harabasz,5,212.07161867186784,False,True,0.7544959712380548
n_total,5500,middle,0.7544959712380548,11,5,calinski_harabasz,6,188.03828079686113,False,False,0.6183074553452126
n_total,5500,middle,0.7544959712380548,11,5,calinski_harabasz,7,168.42387362141764,False,False,0.5366098516028635
n_total,5500,middle,0.8300244047819432,12,5,accuracy_generalizability,3,0.827962820617306,False,False,0.5156680208762916
n_total,5500,middle,0.8300244047819432,12,5,accuracy_generalizability,4,0.8677005695853877,False,False,0.6831365501890678
n_total,5500,middle,0.8300244047819432,12,5,accuracy_generalizability,5,0.8807440952386076,True,True,0.7873671940803728
n_total,5500,middle,0.8300244047819432,12,5,accuracy_generalizability,6,0.7608573817892607,False,False,0.8018854669028754
n_total,5500,middle,0.8300244047819432,12,5,accuracy_generalizability,7,0.6574948468325289,False,False,0.8047520590197214
n_total,5500,middle,0.8300244047819432,12,5,ari_generalizability,3,0.5715952559016513,False,False,0.5156680208762916
n_total,5500,middle,0.8300244047819432,12,5,ari_generalizability,4,0.6887119794166203,False,False,0.6831365501890678
n_total,5500,middle,0.8300244047819432,12,5,ari_generalizability,5,0.7366209386003751,True,True,0.7873671940803728
n_total,5500,middle,0.8300244047819432,12,5,ari_generalizability,6,0.6061544820930922,False,False,0.8018854669028754
n_total,5500,middle,0.8300244047819432,12,5,ari_generalizability,7,0.5060237297349743,False,False,0.8047520590197214
n_total,5500,middle,0.8300244047819432,12,5,ari_generalizability_1se,3,0.5715952559016513,False,False,0.5156680208762916
n_total,5500,middle,0.8300244047819432,12,5,ari_generalizability_1se,4,0.6887119794166203,False,False,0.6831365501890678
n_total,5500,middle,0.8300244047819432,12,5,ari_generalizability_1se,5,0.7366209386003751,True,True,0.7873671940803728
n_total,5500,middle,0.8300244047819432,12,5,ari_generalizability_1se,6,0.6061544820930922,False,False,0.8018854669028754
n_total,5500,middle,0.8300244047819432,12,5,ari_generalizability_1se,7,0.5060237297349743,False,False,0.8047520590197214
n_total,5500,middle,0.8300244047819432,12,5,ari_generalizability_quant,3,0.5715952559016513,False,False,0.5156680208762916
n_total,5500,middle,0.8300244047819432,12,5,ari_generalizability_quant,4,0.6887119794166203,False,False,0.6831365501890678
n_total,5500,middle,0.8300244047819432,12,5,ari_generalizability_quant,5,0.7366209386003751,True,True,0.7873671940803728
n_total,5500,middle,0.8300244047819432,12,5,ari_generalizability_quant,6,0.6061544820930922,False,False,0.8018854669028754
n_total,5500,middle,0.8300244047819432,12,5,ari_generalizability_quant,7,0.5060237297349743,False,False,0.8047520590197214
n_total,5500,middle,0.8300244047819432,12,5,ari_stability,3,0.7806007055776757,False,False,0.5387174786437147
n_total,5500,middle,0.8300244047819432,12,5,ari_stability,4,0.9082410554826044,False,False,0.7045966445715355
n_total,5500,middle,0.8300244047819432,12,5,ari_stability,5,0.9549647430097901,True,True,0.8283402748355726
n_total,5500,middle,0.8300244047819432,12,5,ari_stability,6,0.7928213245357498,False,False,0.7025213634595058
n_total,5500,middle,0.8300244047819432,12,5,ari_stability,7,0.6462379022018995,False,False,0.8239832567529729
n_total,5500,middle,0.8300244047819432,12,5,ari_stability_1se,3,0.7806007055776757,False,False,0.5387174786437147
n_total,5500,middle,0.8300244047819432,12,5,ari_stability_1se,4,0.9082410554826044,False,False,0.7045966445715355
n_total,5500,middle,0.8300244047819432,12,5,ari_stability_1se,5,0.9549647430097901,True,True,0.8283402748355726
n_total,5500,middle,0.8300244047819432,12,5,ari_stability_1se,6,0.7928213245357498,False,False,0.7025213634595058
n_total,5500,middle,0.8300244047819432,12,5,ari_stability_1se,7,0.6462379022018995,False,False,0.8239832567529729
n_total,5500,middle,0.8300244047819432,12,5,ari_stability_quant,3,0.7806007055776757,False,False,0.5387174786437147
n_total,5500,middle,0.8300244047819432,12,5,ari_stability_quant,4,0.9082410554826044,False,False,0.7045966445715355
n_total,5500,middle,0.8300244047819432,12,5,ari_stability_quant,5,0.9549647430097901,True,True,0.8283402748355726
n_total,5500,middle,0.8300244047819432,12,5,ari_stability_quant,6,0.7928213245357498,False,False,0.7025213634595058
n_total,5500,middle,0.8300244047819432,12,5,ari_stability_quant,7,0.6462379022018995,False,False,0.8239832567529729
n_total,5500,middle,0.8300244047819432,12,5,consensus_ce_stability,3,0.8134999142986014,False,False,0.5387174786437147
n_total,5500,middle,0.8300244047819432,12,5,consensus_ce_stability,4,0.9137321814010786,False,False,0.7045966445715355
n_total,5500,middle,0.8300244047819432,12,5,consensus_ce_stability,5,0.9667161467205396,True,True,0.8283402748355726
n_total,5500,middle,0.8300244047819432,12,5,consensus_ce_stability,6,0.8756291163654131,False,False,0.7025213634595058
n_total,5500,middle,0.8300244047819432,12,5,consensus_ce_stability,7,0.8138119662884392,False,False,0.8239832567529729
n_total,5500,middle,0.8300244047819432,12,5,consensus_gini_stability,3,0.8340097417709785,False,False,0.5387174786437147
n_total,5500,middle,0.8300244047819432,12,5,consensus_gini_stability,4,0.9248446390481943,False,False,0.7045966445715355
n_total,5500,middle,0.8300244047819432,12,5,consensus_gini_stability,5,0.9708041813988836,True,True,0.8283402748355726
n_total,5500,middle,0.8300244047819432,12,5,consensus_gini_stability,6,0.8867638839113232,False,False,0.7025213634595058
n_total,5500,middle,0.8300244047819432,12,5,consensus_gini_stability,7,0.8289686333102441,False,False,0.8239832567529729
n_total,5500,middle,0.8300244047819432,12,5,consensus_pac_stability,3,0.74817940451983,False,False,0.5387174786437147
n_total,5500,middle,0.8300244047819432,12,5,consensus_pac_stability,4,0.8773740018846402,False,False,0.7045966445715355
n_total,5500,middle,0.8300244047819432,12,5,consensus_pac_stability,5,0.9555035130354279,True,True,0.8283402748355726
n_total,5500,middle,0.8300244047819432,12,5,consensus_pac_stability,6,0.8411450676982593,False,False,0.7025213634595058
n_total,5500,middle,0.8300244047819432,12,5,consensus_pac_stability,7,0.769353634545124,False,False,0.8239832567529729
n_total,5500,middle,0.8300244047819432,12,5,silhouette,3,0.05480630942562606,False,False,0.5403876735932778
n_total,5500,middle,0.8300244047819432,12,5,silhouette,4,0.057442862883998455,False,False,0.7103457933907036
n_total,5500,middle,0.8300244047819432,12,5,silhouette,5,0.06122681739759161,True,True,0.8300244047819432
n_total,5500,middle,0.8300244047819432,12,5,silhouette,6,0.050186067668350716,False,False,0.694633271621008
n_total,5500,middle,0.8300244047819432,12,5,silhouette,7,0.046872713882831436,False,False,0.6272294191023997
n_total,5500,middle,0.8300244047819432,12,5,gap,3,1.5459564295555044,False,False,0.5403876735932778
n_total,5500,middle,0.8300244047819432,12,5,gap,4,1.5674062495833105,False,False,0.7103457933907036
n_total,5500,middle,0.8300244047819432,12,5,gap,5,1.5853379797318876,False,True,0.8300244047819432
n_total,5500,middle,0.8300244047819432,12,5,gap,6,1.5919146027662041,False,False,0.694633271621008
n_total,5500,middle,0.8300244047819432,12,5,gap,7,1.5961621228211857,True,False,0.6272294191023997
n_total,5500,middle,0.8300244047819432,12,5,davies_bouldin,3,0.20720484138358294,False,False,0.5403876735932778
n_total,5500,middle,0.8300244047819432,12,5,davies_bouldin,4,0.22692146207640335,False,False,0.7103457933907036
n_total,5500,middle,0.8300244047819432,12,5,davies_bouldin,5,0.2363240921173935,True,True,0.8300244047819432
n_total,5500,middle,0.8300244047819432,12,5,davies_bouldin,6,0.21344628644675542,False,False,0.694633271621008
n_total,5500,middle,0.8300244047819432,12,5,davies_bouldin,7,0.21840187644893178,False,False,0.6272294191023997
n_total,5500,middle,0.8300244047819432,12,5,calinski_harabasz,3,281.03556551413016,True,False,0.5403876735932778
n_total,5500,middle,0.8300244047819432,12,5,calinski_harabasz,4,251.2692831248223,False,False,0.7103457933907036
n_total,5500,middle,0.8300244047819432,12,5,calinski_harabasz,5,228.46412600912828,False,True,0.8300244047819432
n_total,5500,middle,0.8300244047819432,12,5,calinski_harabasz,6,199.777703970372,False,False,0.694633271621008
n_total,5500,middle,0.8300244047819432,12,5,calinski_harabasz,7,177.24023605589684,False,False,0.6272294191023997
n_total,5500,middle,0.4510141506611295,13,5,accuracy_generalizability,3,0.8438370811218566,True,False,0.6203217806341178
n_total,5500,middle,0.4510141506611295,13,5,accuracy_generalizability,4,0.6490502279332617,False,False,0.6469217016065255
n_total,5500,middle,0.4510141506611295,13,5,accuracy_generalizability,5,0.6485378179716166,False,True,0.7433246573563278
n_total,5500,middle,0.4510141506611295,13,5,accuracy_generalizability,6,0.7169337302733602,False,False,0.7859674109361865
n_total,5500,middle,0.4510141506611295,13,5,accuracy_generalizability,7,0.6949707027280695,False,False,0.41545394652711937
n_total,5500,middle,0.4510141506611295,13,5,ari_generalizability,3,0.6262556468425892,True,False,0.6203217806341178
n_total,5500,middle,0.4510141506611295,13,5,ari_generalizability,4,0.4440073258601636,False,False,0.6469217016065255
n_total,5500,middle,0.4510141506611295,13,5,ari_generalizability,5,0.42060849861787264,False,True,0.7433246573563278
n_total,5500,middle,0.4510141506611295,13,5,ari_generalizability,6,0.43683560797025217,False,False,0.7859674109361865
n_total,5500,middle,0.4510141506611295,13,5,ari_generalizability,7,0.45413852215528827,False,False,0.41545394652711937
n_total,5500,middle,0.4510141506611295,13,5,ari_generalizability_1se,3,0.6262556468425892,True,False,0.6203217806341178
n_total,5500,middle,0.4510141506611295,13,5,ari_generalizability_1se,4,0.4440073258601636,False,False,0.6469217016065255
n_total,5500,middle,0.4510141506611295,13,5,ari_generalizability_1se,5,0.42060849861787264,False,True,0.7433246573563278
n_total,5500,middle,0.4510141506611295,13,5,ari_generalizability_1se,6,0.43683560797025217,False,False,0.7859674109361865
n_total,5500,middle,0.4510141506611295,13,5,ari_generalizability_1se,7,0.45413852215528827,False,False,0.41545394652711937
n_total,5500,middle,0.4510141506611295,13,5,ari_generalizability_quant,3,0.6262556468425892,True,False,0.6203217806341178
n_total,5500,middle,0.4510141506611295,13,5,ari_generalizability_quant,4,0.4440073258601636,False,False,0.6469217016065255
n_total,5500,middle,0.4510141506611295,13,5,ari_generalizability_quant,5,0.42060849861787264,False,True,0.7433246573563278
n_total,5500,middle,0.4510141506611295,13,5,ari_generalizability_quant,6,0.43683560797025217,False,False,0.7859674109361865
n_total,5500,middle,0.4510141506611295,13,5,ari_generalizability_quant,7,0.45413852215528827,False,False,0.41545394652711937
n_total,5500,middle,0.4510141506611295,13,5,ari_stability,3,0.8776899211393479,True,False,0.5906842761766118
n_total,5500,middle,0.4510141506611295,13,5,ari_stability,4,0.6532474776574112,False,False,0.5820692157315495
n_total,5500,middle,0.4510141506611295,13,5,ari_stability,5,0.6545590051140141,False,True,0.7588399002594575
n_total,5500,middle,0.4510141506611295,13,5,ari_stability,6,0.689143719635322,False,False,0.5414804740337843
n_total,5500,middle,0.4510141506611295,13,5,ari_stability,7,0.679191106129832,False,False,0.428798296467561
n_total,5500,middle,0.4510141506611295,13,5,ari_stability_1se,3,0.8776899211393479,True,False,0.5906842761766118
n_total,5500,middle,0.4510141506611295,13,5,ari_stability_1se,4,0.6532474776574112,False,False,0.5820692157315495
n_total,5500,middle,0.4510141506611295,13,5,ari_stability_1se,5,0.6545590051140141,False,True,0.7588399002594575
n_total,5500,middle,0.4510141506611295,13,5,ari_stability_1se,6,0.689143719635322,False,False,0.5414804740337843
n_total,5500,middle,0.4510141506611295,13,5,ari_stability_1se,7,0.679191106129832,False,False,0.428798296467561
n_total,5500,middle,0.4510141506611295,13,5,ari_stability_quant,3,0.8776899211393479,True,False,0.5906842761766118
n_total,5500,middle,0.4510141506611295,13,5,ari_stability_quant,4,0.6532474776574112,False,False,0.5820692157315495
n_total,5500,middle,0.4510141506611295,13,5,ari_stability_quant,5,0.6545590051140141,False,True,0.7588399002594575
n_total,5500,middle,0.4510141506611295,13,5,ari_stability_quant,6,0.689143719635322,False,False,0.5414804740337843
n_total,5500,middle,0.4510141506611295,13,5,ari_stability_quant,7,0.679191106129832,False,False,0.428798296467561
n_total,5500,middle,0.4510141506611295,13,5,consensus_ce_stability,3,0.8815259781117503,True,False,0.5906842761766118
n_total,5500,middle,0.4510141506611295,13,5,consensus_ce_stability,4,0.6743305957187021,False,False,0.5820692157315495
n_total,5500,middle,0.4510141506611295,13,5,consensus_ce_stability,5,0.7192380838580734,False,True,0.7588399002594575
n_total,5500,middle,0.4510141506611295,13,5,consensus_ce_stability,6,0.7949999541690739,False,False,0.5414804740337843
n_total,5500,middle,0.4510141506611295,13,5,consensus_ce_stability,7,0.8246981825061765,False,False,0.428798296467561
n_total,5500,middle,0.4510141506611295,13,5,consensus_gini_stability,3,0.8966594285027052,True,False,0.5906842761766118
n_total,5500,middle,0.4510141506611295,13,5,consensus_gini_stability,4,0.7083075939131572,False,False,0.5820692157315495
n_total,5500,middle,0.4510141506611295,13,5,consensus_gini_stability,5,0.7490945100030078,False,True,0.7588399002594575
n_total,5500,middle,0.4510141506611295,13,5,consensus_gini_stability,6,0.8133553405517455,False,False,0.5414804740337843
n_total,5500,middle,0.4510141506611295,13,5,consensus_gini_stability,7,0.8441262932746159,False,False,0.428798296467561
n_total,5500,middle,0.4510141506611295,13,5,consensus_pac_stability,3,0.8472997073848137,True,False,0.5906842761766118
n_total,5500,middle,0.4510141506611295,13,5,consensus_pac_stability,4,0.572774752434327,False,False,0.5820692157315495
n_total,5500,middle,0.4510141506611295,13,5,consensus_pac_stability,5,0.6354859891881168,False,True,0.7588399002594575
n_total,5500,middle,0.4510141506611295,13,5,consensus_pac_stability,6,0.7373924515201111,False,False,0.5414804740337843
n_total,5500,middle,0.4510141506611295,13,5,consensus_pac_stability,7,0.7652572864487758,False,False,0.428798296467561
n_total,5500,middle,0.4510141506611295,13,5,silhouette,3,0.05238729115646999,False,False,0.5937712198721476
n_total,5500,middle,0.4510141506611295,13,5,silhouette,4,0.054236927847520155,True,False,0.7145512231281357
n_total,5500,middle,0.4510141506611295,13,5,silhouette,5,0.041205717878675635,False,True,0.4510141506611295
n_total,5500,middle,0.4510141506611295,13,5,silhouette,6,0.0459794731719522,False,False,0.5418959006879269
n_total,5500,middle,0.4510141506611295,13,5,silhouette,7,0.04287677828815793,False,False,0.42994051853773474
n_total,5500,middle,0.4510141506611295,13,5,gap,3,1.5695817711048932,False,False,0.5937712198721476
n_total,5500,middle,0.4510141506611295,13,5,gap,4,1.582837129523904,False,False,0.7145512231281357
n_total,5500,middle,0.4510141506611295,13,5,gap,5,1.5964127361538658,False,True,0.4510141506611295
n_total,5500,middle,0.4510141506611295,13,5,gap,6,1.6118418555273468,False,False,0.5418959006879269
n_total,5500,middle,0.4510141506611295,13,5,gap,7,1.6208360818975454,True,False,0.42994051853773474
n_total,5500,middle,0.4510141506611295,13,5,davies_bouldin,3,0.20128872280926996,False,False,0.5937712198721476
n_total,5500,middle,0.4510141506611295,13,5,davies_bouldin,4,0.21733299822757918,True,False,0.7145512231281357
n_total,5500,middle,0.4510141506611295,13,5,davies_bouldin,5,0.20363048082130514,False,True,0.4510141506611295
n_total,5500,middle,0.4510141506611295,13,5,davies_bouldin,6,0.2131590124717959,False,False,0.5418959006879269
n_total,5500,middle,0.4510141506611295,13,5,davies_bouldin,7,0.21710428539300855,False,False,0.42994051853773474
n_total,5500,middle,0.4510141506611295,13,5,calinski_harabasz,3,248.4458562468255,True,False,0.5937712198721476
n_total,5500,middle,0.4510141506611295,13,5,calinski_harabasz,4,212.24844251956853,False,False,0.7145512231281357
n_total,5500,middle,0.4510141506611295,13,5,calinski_harabasz,5,191.33938318339597,False,True,0.4510141506611295
n_total,5500,middle,0.4510141506611295,13,5,calinski_harabasz,6,180.57146906454372,False,False,0.5418959006879269
n_total,5500,middle,0.4510141506611295,13,5,calinski_harabasz,7,166.26390761434024,False,False,0.42994051853773474
n_total,5500,middle,0.9300049377077604,14,5,accuracy_generalizability,3,0.9200586905317082,True,False,0.6538340178854147
n_total,5500,middle,0.9300049377077604,14,5,accuracy_generalizability,4,0.8195612703160897,False,False,0.7464203461904974
n_total,5500,middle,0.9300049377077604,14,5,accuracy_generalizability,5,0.914673813439648,False,True,0.861396477561176
n_total,5500,middle,0.9300049377077604,14,5,accuracy_generalizability,6,0.7973570754882647,False,False,0.8902555570285257
n_total,5500,middle,0.9300049377077604,14,5,accuracy_generalizability,7,0.7416015652118199,False,False,0.7106375024408313
n_total,5500,middle,0.9300049377077604,14,5,ari_generalizability,3,0.7838891580905463,False,False,0.6538340178854147
n_total,5500,middle,0.9300049377077604,14,5,ari_generalizability,4,0.6938012598981657,False,False,0.7464203461904974
n_total,5500,middle,0.9300049377077604,14,5,ari_generalizability,5,0.8109218058233607,True,True,0.861396477561176
n_total,5500,middle,0.9300049377077604,14,5,ari_generalizability,6,0.6397853452608415,False,False,0.8902555570285257
n_total,5500,middle,0.9300049377077604,14,5,ari_generalizability,7,0.6199941676851858,False,False,0.7106375024408313
n_total,5500,middle,0.9300049377077604,14,5,ari_generalizability_1se,3,0.7838891580905463,False,False,0.6538340178854147
n_total,5500,middle,0.9300049377077604,14,5,ari_generalizability_1se,4,0.6938012598981657,False,False,0.7464203461904974
n_total,5500,middle,0.9300049377077604,14,5,ari_generalizability_1se,5,0.8109218058233607,True,True,0.861396477561176
n_total,5500,middle,0.9300049377077604,14,5,ari_generalizability_1se,6,0.6397853452608415,False,False,0.8902555570285257
n_total,5500,middle,0.9300049377077604,14,5,ari_generalizability_1se,7,0.6199941676851858,False,False,0.7106375024408313
n_total,5500,middle,0.9300049377077604,14,5,ari_generalizability_quant,3,0.7838891580905463,False,False,0.6538340178854147
n_total,5500,middle,0.9300049377077604,14,5,ari_generalizability_quant,4,0.6938012598981657,False,False,0.7464203461904974
n_total,5500,middle,0.9300049377077604,14,5,ari_generalizability_quant,5,0.8109218058233607,True,True,0.861396477561176
n_total,5500,middle,0.9300049377077604,14,5,ari_generalizability_quant,6,0.6397853452608415,False,False,0.8902555570285257
n_total,5500,middle,0.9300049377077604,14,5,ari_generalizability_quant,7,0.6199941676851858,False,False,0.7106375024408313
n_total,5500,middle,0.9300049377077604,14,5,ari_stability,3,0.9328757014926652,False,False,0.6557663822955976
n_total,5500,middle,0.9300049377077604,14,5,ari_stability,4,0.8704729819771145,False,False,0.7981006217923383
n_total,5500,middle,0.9300049377077604,14,5,ari_stability,5,0.9743014288723987,True,True,0.9303914818403726
n_total,5500,middle,0.9300049377077604,14,5,ari_stability,6,0.7931458236824731,False,False,0.7339688405648576
n_total,5500,middle,0.9300049377077604,14,5,ari_stability,7,0.768257079564155,False,False,0.6568516583318857
n_total,5500,middle,0.9300049377077604,14,5,ari_stability_1se,3,0.9328757014926652,False,False,0.6557663822955976
n_total,5500,middle,0.9300049377077604,14,5,ari_stability_1se,4,0.8704729819771145,False,False,0.7981006217923383
n_total,5500,middle,0.9300049377077604,14,5,ari_stability_1se,5,0.9743014288723987,True,True,0.9303914818403726
n_total,5500,middle,0.9300049377077604,14,5,ari_stability_1se,6,0.7931458236824731,False,False,0.7339688405648576
n_total,5500,middle,0.9300049377077604,14,5,ari_stability_1se,7,0.768257079564155,False,False,0.6568516583318857
n_total,5500,middle,0.9300049377077604,14,5,ari_stability_quant,3,0.9328757014926652,False,False,0.6557663822955976
n_total,5500,middle,0.9300049377077604,14,5,ari_stability_quant,4,0.8704729819771145,False,False,0.7981006217923383
n_total,5500,middle,0.9300049377077604,14,5,ari_stability_quant,5,0.9743014288723987,True,True,0.9303914818403726
n_total,5500,middle,0.9300049377077604,14,5,ari_stability_quant,6,0.7931458236824731,False,False,0.7339688405648576
n_total,5500,middle,0.9300049377077604,14,5,ari_stability_quant,7,0.768257079564155,False,False,0.6568516583318857
n_total,5500,middle,0.9300049377077604,14,5,consensus_ce_stability,3,0.9382305859806938,False,False,0.6557663822955976
n_total,5500,middle,0.9300049377077604,14,5,consensus_ce_stability,4,0.8730569816249861,False,False,0.7981006217923383
n_total,5500,middle,0.9300049377077604,14,5,consensus_ce_stability,5,0.9823201512961462,True,True,0.9303914818403726
n_total,5500,middle,0.9300049377077604,14,5,consensus_ce_stability,6,0.8757793945737615,False,False,0.7339688405648576
n_total,5500,middle,0.9300049377077604,14,5,consensus_ce_stability,7,0.879016658616419,False,False,0.6568516583318857
n_total,5500,middle,0.9300049377077604,14,5,consensus_gini_stability,3,0.9452281073370035,False,False,0.6557663822955976
n_total,5500,middle,0.9300049377077604,14,5,consensus_gini_stability,4,0.8850610697405786,False,False,0.7981006217923383
n_total,5500,middle,0.9300049377077604,14,5,consensus_gini_stability,5,0.9844459353147094,True,True,0.9303914818403726
n_total,5500,middle,0.9300049377077604,14,5,consensus_gini_stability,6,0.8857796200470062,False,False,0.7339688405648576
n_total,5500,middle,0.9300049377077604,14,5,consensus_gini_stability,7,0.8911565076989211,False,False,0.6568516583318857
n_total,5500,middle,0.9300049377077604,14,5,consensus_pac_stability,3,0.918418357056655,False,False,0.6557663822955976
n_total,5500,middle,0.9300049377077604,14,5,consensus_pac_stability,4,0.83303873431533,False,False,0.7981006217923383
n_total,5500,middle,0.9300049377077604,14,5,consensus_pac_stability,5,0.9763338788870703,True,True,0.9303914818403726
n_total,5500,middle,0.9300049377077604,14,5,consensus_pac_stability,6,0.8432781497462348,False,False,0.7339688405648576
n_total,5500,middle,0.9300049377077604,14,5,consensus_pac_stability,7,0.8451987634115293,False,False,0.6568516583318857
n_total,5500,middle,0.9300049377077604,14,5,silhouette,3,0.05965235073950868,False,False,0.6542138253479884
n_total,5500,middle,0.9300049377077604,14,5,silhouette,4,0.06166900034658154,False,False,0.7961263893812162
n_total,5500,middle,0.9300049377077604,14,5,silhouette,5,0.06651004150495354,True,True,0.9300049377077604
n_total,5500,middle,0.9300049377077604,14,5,silhouette,6,0.051391795652748866,False,False,0.7319278215519806
n_total,5500,middle,0.9300049377077604,14,5,silhouette,7,0.04536742779068345,False,False,0.6606115610511281
n_total,5500,middle,0.9300049377077604,14,5,gap,3,1.5810137837262221,False,False,0.6542138253479884
n_total,5500,middle,0.9300049377077604,14,5,gap,4,1.5969604279472858,False,False,0.7961263893812162
n_total,5500,middle,0.9300049377077604,14,5,gap,5,1.6152206089963865,False,True,0.9300049377077604
n_total,5500,middle,0.9300049377077604,14,5,gap,6,1.623621045966754,False,False,0.7319278215519806
n_total,5500,middle,0.9300049377077604,14,5,gap,7,1.6275407053462487,True,False,0.6606115610511281
n_total,5500,middle,0.9300049377077604,14,5,davies_bouldin,3,0.20723944538041325,False,False,0.6542138253479884
n_total,5500,middle,0.9300049377077604,14,5,davies_bouldin,4,0.22206015287433775,False,False,0.7961263893812162
n_total,5500,middle,0.9300049377077604,14,5,davies_bouldin,5,0.23362384703567704,True,True,0.9300049377077604
n_total,5500,middle,0.9300049377077604,14,5,davies_bouldin,6,0.20832226684350583,False,False,0.7319278215519806
n_total,5500,middle,0.9300049377077604,14,5,davies_bouldin,7,0.19991463164327258,False,False,0.6606115610511281
n_total,5500,middle,0.9300049377077604,14,5,calinski_harabasz,3,293.6604351980866,True,False,0.6542138253479884
n_total,5500,middle,0.9300049377077604,14,5,calinski_harabasz,4,247.93450345608744,False,False,0.7961263893812162
n_total,5500,middle,0.9300049377077604,14,5,calinski_harabasz,5,226.09200157098294,False,True,0.9300049377077604
n_total,5500,middle,0.9300049377077604,14,5,calinski_harabasz,6,199.79993607132292,False,False,0.7319278215519806
n_total,5500,middle,0.9300049377077604,14,5,calinski_harabasz,7,176.78775143091093,False,False,0.6606115610511281
n_total,5500,middle,0.8169389720093347,15,5,accuracy_generalizability,3,0.8434244964032236,False,False,0.5038053857618798
n_total,5500,middle,0.8169389720093347,15,5,accuracy_generalizability,4,0.803919364416749,False,False,0.6406949792016167
n_total,5500,middle,0.8169389720093347,15,5,accuracy_generalizability,5,0.8790959676673027,True,True,0.772919809415206
n_total,5500,middle,0.8169389720093347,15,5,accuracy_generalizability,6,0.7693994145898343,False,False,0.7688313240788394
n_total,5500,middle,0.8169389720093347,15,5,accuracy_generalizability,7,0.6700034726278984,False,False,0.7916181342036616
n_total,5500,middle,0.8169389720093347,15,5,ari_generalizability,3,0.5952010775803115,False,False,0.5038053857618798
n_total,5500,middle,0.8169389720093347,15,5,ari_generalizability,4,0.5856197012039559,False,False,0.6406949792016167
n_total,5500,middle,0.8169389720093347,15,5,ari_generalizability,5,0.7256411125443251,True,True,0.772919809415206
n_total,5500,middle,0.8169389720093347,15,5,ari_generalizability,6,0.6043237070441715,False,False,0.7688313240788394
n_total,5500,middle,0.8169389720093347,15,5,ari_generalizability,7,0.4848546038869952,False,False,0.7916181342036616
n_total,5500,middle,0.8169389720093347,15,5,ari_generalizability_1se,3,0.5952010775803115,False,False,0.5038053857618798
n_total,5500,middle,0.8169389720093347,15,5,ari_generalizability_1se,4,0.5856197012039559,False,False,0.6406949792016167
n_total,5500,middle,0.8169389720093347,15,5,ari_generalizability_1se,5,0.7256411125443251,True,True,0.772919809415206
n_total,5500,middle,0.8169389720093347,15,5,ari_generalizability_1se,6,0.6043237070441715,False,False,0.7688313240788394
n_total,5500,middle,0.8169389720093347,15,5,ari_generalizability_1se,7,0.4848546038869952,False,False,0.7916181342036616
n_total,5500,middle,0.8169389720093347,15,5,ari_generalizability_quant,3,0.5952010775803115,False,False,0.5038053857618798
n_total,5500,middle,0.8169389720093347,15,5,ari_generalizability_quant,4,0.5856197012039559,False,False,0.6406949792016167
n_total,5500,middle,0.8169389720093347,15,5,ari_generalizability_quant,5,0.7256411125443251,True,True,0.772919809415206
n_total,5500,middle,0.8169389720093347,15,5,ari_generalizability_quant,6,0.6043237070441715,False,False,0.7688313240788394
n_total,5500,middle,0.8169389720093347,15,5,ari_generalizability_quant,7,0.4848546038869952,False,False,0.7916181342036616
n_total,5500,middle,0.8169389720093347,15,5,ari_stability,3,0.8056877790088266,False,False,0.5096814470255312
n_total,5500,middle,0.8169389720093347,15,5,ari_stability,4,0.7999548856263456,False,False,0.681657719916429
n_total,5500,middle,0.8169389720093347,15,5,ari_stability,5,0.9546326795235293,True,True,0.8091441094977855
n_total,5500,middle,0.8169389720093347,15,5,ari_stability,6,0.7920108074088312,False,False,0.6846690228833103
n_total,5500,middle,0.8169389720093347,15,5,ari_stability,7,0.643213562196714,False,False,0.8272129866086937
n_total,5500,middle,0.8169389720093347,15,5,ari_stability_1se,3,0.8056877790088266,False,False,0.5096814470255312
n_total,5500,middle,0.8169389720093347,15,5,ari_stability_1se,4,0.7999548856263456,False,False,0.681657719916429
n_total,5500,middle,0.8169389720093347,15,5,ari_stability_1se,5,0.9546326795235293,True,True,0.8091441094977855
n_total,5500,middle,0.8169389720093347,15,5,ari_stability_1se,6,0.7920108074088312,False,False,0.6846690228833103
n_total,5500,middle,0.8169389720093347,15,5,ari_stability_1se,7,0.643213562196714,False,False,0.8272129866086937
n_total,5500,middle,0.8169389720093347,15,5,ari_stability_quant,3,0.8056877790088266,False,False,0.5096814470255312
n_total,5500,middle,0.8169389720093347,15,5,ari_stability_quant,4,0.7999548856263456,False,False,0.681657719916429
n_total,5500,middle,0.8169389720093347,15,5,ari_stability_quant,5,0.9546326795235293,True,True,0.8091441094977855
n_total,5500,middle,0.8169389720093347,15,5,ari_stability_quant,6,0.7920108074088312,False,False,0.6846690228833103
n_total,5500,middle,0.8169389720093347,15,5,ari_stability_quant,7,0.643213562196714,False,False,0.8272129866086937
n_total,5500,middle,0.8169389720093347,15,5,consensus_ce_stability,3,0.830309155275651,False,False,0.5096814470255312
n_total,5500,middle,0.8169389720093347,15,5,consensus_ce_stability,4,0.8394170617806249,False,False,0.681657719916429
n_total,5500,middle,0.8169389720093347,15,5,consensus_ce_stability,5,0.966830403546594,True,True,0.8091441094977855
n_total,5500,middle,0.8169389720093347,15,5,consensus_ce_stability,6,0.8741799554960413,False,False,0.6846690228833103
n_total,5500,middle,0.8169389720093347,15,5,consensus_ce_stability,7,0.8103944133671754,False,False,0.8272129866086937
n_total,5500,middle,0.8169389720093347,15,5,consensus_gini_stability,3,0.8503534015542222,False,False,0.5096814470255312
n_total,5500,middle,0.8169389720093347,15,5,consensus_gini_stability,4,0.8564195225710739,False,False,0.681657719916429
n_total,5500,middle,0.8169389720093347,15,5,consensus_gini_stability,5,0.9704732017175044,True,True,0.8091441094977855
n_total,5500,middle,0.8169389720093347,15,5,consensus_gini_stability,6,0.8857941754437049,False,False,0.6846690228833103
n_total,5500,middle,0.8169389720093347,15,5,consensus_gini_stability,7,0.8259618615325174,False,False,0.8272129866086937
n_total,5500,middle,0.8169389720093347,15,5,consensus_pac_stability,3,0.7731078377886889,False,False,0.5096814470255312
n_total,5500,middle,0.8169389720093347,15,5,consensus_pac_stability,4,0.78728145613252,False,False,0.681657719916429
n_total,5500,middle,0.8169389720093347,15,5,consensus_pac_stability,5,0.956514275322786,True,True,0.8091441094977855
n_total,5500,middle,0.8169389720093347,15,5,consensus_pac_stability,6,0.8386952999718957,False,False,0.6846690228833103
n_total,5500,middle,0.8169389720093347,15,5,consensus_pac_stability,7,0.7639003455173667,False,False,0.8272129866086937
n_total,5500,middle,0.8169389720093347,15,5,silhouette,3,0.04943005285359581,False,False,0.5091771784324238
n_total,5500,middle,0.8169389720093347,15,5,silhouette,4,0.05363511143820177,False,False,0.6716856801572745
n_total,5500,middle,0.8169389720093347,15,5,silhouette,5,0.05956214213876203,True,True,0.8169389720093347
n_total,5500,middle,0.8169389720093347,15,5,silhouette,6,0.05099419219161846,False,False,0.6810931151866971
n_total,5500,middle,0.8169389720093347,15,5,silhouette,7,0.042808338782076016,False,False,0.5901186636460986
n_total,5500,middle,0.8169389720093347,15,5,gap,3,1.5600988303197294,False,False,0.5091771784324238
n_total,5500,middle,0.8169389720093347,15,5,gap,4,1.5803304127023097,False,False,0.6716856801572745
n_total,5500,middle,0.8169389720093347,15,5,gap,5,1.6014251802980706,False,True,0.8169389720093347
n_total,5500,middle,0.8169389720093347,15,5,gap,6,1.6081742656650704,False,False,0.6810931151866971
n_total,5500,middle,0.8169389720093347,15,5,gap,7,1.6131557592176584,True,False,0.5901186636460986
n_total,5500,middle,0.8169389720093347,15,5,davies_bouldin,3,0.20199595801300782,False,False,0.5091771784324238
n_total,5500,middle,0.8169389720093347,15,5,davies_bouldin,4,0.20788682843280512,False,False,0.6716856801572745
n_total,5500,middle,0.8169389720093347,15,5,davies_bouldin,5,0.2327605812460871,True,True,0.8169389720093347
n_total,5500,middle,0.8169389720093347,15,5,davies_bouldin,6,0.21704264311796617,False,False,0.6810931151866971
n_total,5500,middle,0.8169389720093347,15,5,davies_bouldin,7,0.20201958088529925,False,False,0.5901186636460986
n_total,5500,middle,0.8169389720093347,15,5,calinski_harabasz,3,252.0360094649333,True,False,0.5091771784324238
n_total,5500,middle,0.8169389720093347,15,5,calinski_harabasz,4,228.7214570000385,False,False,0.6716856801572745
n_total,5500,middle,0.8169389720093347,15,5,calinski_harabasz,5,215.97288976507315,False,True,0.8169389720093347
n_total,5500,middle,0.8169389720093347,15,5,calinski_harabasz,6,189.48398265990042,False,False,0.6810931151866971
n_total,5500,middle,0.8169389720093347,15,5,calinski_harabasz,7,169.35435081357838,False,False,0.5901186636460986
n_total,5500,middle,0.8340586074550064,16,5,accuracy_generalizability,3,0.8429779846470579,False,False,0.5366099647449871
n_total,5500,middle,0.8340586074550064,16,5,accuracy_generalizability,4,0.8614157297590391,True,False,0.6921595973125838
n_total,5500,middle,0.8340586074550064,16,5,accuracy_generalizability,5,0.8409124639023033,False,True,0.7756131272828192
n_total,5500,middle,0.8340586074550064,16,5,accuracy_generalizability,6,0.7397990826470598,False,False,0.8109008417030051
n_total,5500,middle,0.8340586074550064,16,5,accuracy_generalizability,7,0.6985294411318888,False,False,0.6467445218457073
n_total,5500,middle,0.8340586074550064,16,5,ari_generalizability,3,0.6225834585331674,False,False,0.5366099647449871
n_total,5500,middle,0.8340586074550064,16,5,ari_generalizability,4,0.6952909496908508,True,False,0.6921595973125838
n_total,5500,middle,0.8340586074550064,16,5,ari_generalizability,5,0.6726449674797724,False,True,0.7756131272828192
n_total,5500,middle,0.8340586074550064,16,5,ari_generalizability,6,0.5295564243239285,False,False,0.8109008417030051
n_total,5500,middle,0.8340586074550064,16,5,ari_generalizability,7,0.5265816397169423,False,False,0.6467445218457073
n_total,5500,middle,0.8340586074550064,16,5,ari_generalizability_1se,3,0.6225834585331674,False,False,0.5366099647449871
n_total,5500,middle,0.8340586074550064,16,5,ari_generalizability_1se,4,0.6952909496908508,True,False,0.6921595973125838
n_total,5500,middle,0.8340586074550064,16,5,ari_generalizability_1se,5,0.6726449674797724,False,True,0.7756131272828192
n_total,5500,middle,0.8340586074550064,16,5,ari_generalizability_1se,6,0.5295564243239285,False,False,0.8109008417030051
n_total,5500,middle,0.8340586074550064,16,5,ari_generalizability_1se,7,0.5265816397169423,False,False,0.6467445218457073
n_total,5500,middle,0.8340586074550064,16,5,ari_generalizability_quant,3,0.6225834585331674,False,False,0.5366099647449871
n_total,5500,middle,0.8340586074550064,16,5,ari_generalizability_quant,4,0.6952909496908508,False,False,0.6921595973125838
n_total,5500,middle,0.8340586074550064,16,5,ari_generalizability_quant,5,0.6726449674797724,True,True,0.7756131272828192
n_total,5500,middle,0.8340586074550064,16,5,ari_generalizability_quant,6,0.5295564243239285,False,False,0.8109008417030051
n_total,5500,middle,0.8340586074550064,16,5,ari_generalizability_quant,7,0.5265816397169423,False,False,0.6467445218457073
n_total,5500,middle,0.8340586074550064,16,5,ari_stability,3,0.825100715526701,False,False,0.5647784299656697
n_total,5500,middle,0.8340586074550064,16,5,ari_stability,4,0.9475347918417615,True,False,0.7599800819860811
n_total,5500,middle,0.8340586074550064,16,5,ari_stability,5,0.9193691716198594,False,True,0.8343205602546995
n_total,5500,middle,0.8340586074550064,16,5,ari_stability,6,0.7384908025426369,False,False,0.6529858010509351
n_total,5500,middle,0.8340586074550064,16,5,ari_stability,7,0.7087963790365186,False,False,0.5652988218763252
n_total,5500,middle,0.8340586074550064,16,5,ari_stability_1se,3,0.825100715526701,False,False,0.5647784299656697
n_total,5500,middle,0.8340586074550064,16,5,ari_stability_1se,4,0.9475347918417615,True,False,0.7599800819860811
n_total,5500,middle,0.8340586074550064,16,5,ari_stability_1se,5,0.9193691716198594,False,True,0.8343205602546995
n_total,5500,middle,0.8340586074550064,16,5,ari_stability_1se,6,0.7384908025426369,False,False,0.6529858010509351
n_total,5500,middle,0.8340586074550064,16,5,ari_stability_1se,7,0.7087963790365186,False,False,0.5652988218763252
n_total,5500,middle,0.8340586074550064,16,5,ari_stability_quant,3,0.825100715526701,False,False,0.5647784299656697
n_total,5500,middle,0.8340586074550064,16,5,ari_stability_quant,4,0.9475347918417615,False,False,0.7599800819860811
n_total,5500,middle,0.8340586074550064,16,5,ari_stability_quant,5,0.9193691716198594,True,True,0.8343205602546995
n_total,5500,middle,0.8340586074550064,16,5,ari_stability_quant,6,0.7384908025426369,False,False,0.6529858010509351
n_total,5500,middle,0.8340586074550064,16,5,ari_stability_quant,7,0.7087963790365186,False,False,0.5652988218763252
n_total,5500,middle,0.8340586074550064,16,5,consensus_ce_stability,3,0.8263813772034602,False,False,0.5647784299656697
n_total,5500,middle,0.8340586074550064,16,5,consensus_ce_stability,4,0.9435283276989717,True,False,0.7599800819860811
n_total,5500,middle,0.8340586074550064,16,5,consensus_ce_stability,5,0.9324930609837911,False,True,0.8343205602546995
n_total,5500,middle,0.8340586074550064,16,5,consensus_ce_stability,6,0.8373780392231799,False,False,0.6529858010509351
n_total,5500,middle,0.8340586074550064,16,5,consensus_ce_stability,7,0.8422720830307303,False,False,0.5652988218763252
n_total,5500,middle,0.8340586074550064,16,5,consensus_gini_stability,3,0.8492800036918651,False,False,0.5647784299656697
n_total,5500,middle,0.8340586074550064,16,5,consensus_gini_stability,4,0.9553289227602605,True,False,0.7599800819860811
n_total,5500,middle,0.8340586074550064,16,5,consensus_gini_stability,5,0.947367657930581,False,True,0.8343205602546995
n_total,5500,middle,0.8340586074550064,16,5,consensus_gini_stability,6,0.8506892640376152,False,False,0.6529858010509351
n_total,5500,middle,0.8340586074550064,16,5,consensus_gini_stability,7,0.8572885702457699,False,False,0.5652988218763252
n_total,5500,middle,0.8340586074550064,16,5,consensus_pac_stability,3,0.7617574765659871,False,False,0.5647784299656697
n_total,5500,middle,0.8340586074550064,16,5,consensus_pac_stability,4,0.9320614987849031,True,False,0.7599800819860811
n_total,5500,middle,0.8340586074550064,16,5,consensus_pac_stability,5,0.9164870306997966,False,True,0.8343205602546995
n_total,5500,middle,0.8340586074550064,16,5,consensus_pac_stability,6,0.7942494007174858,False,False,0.6529858010509351
n_total,5500,middle,0.8340586074550064,16,5,consensus_pac_stability,7,0.7970911074740862,False,False,0.5652988218763252
n_total,5500,middle,0.8340586074550064,16,5,silhouette,3,0.04986488542504028,False,False,0.5578743141041689
n_total,5500,middle,0.8340586074550064,16,5,silhouette,4,0.053476118294681206,False,False,0.762000195649602
n_total,5500,middle,0.8340586074550064,16,5,silhouette,5,0.05531887792747634,True,True,0.8340586074550064
n_total,5500,middle,0.8340586074550064,16,5,silhouette,6,0.0452246704970206,False,False,0.6447191295048895
n_total,5500,middle,0.8340586074550064,16,5,silhouette,7,0.04225845980510585,False,False,0.5500637667149979
n_total,5500,middle,0.8340586074550064,16,5,gap,3,1.5660215818580134,False,False,0.5578743141041689
n_total,5500,middle,0.8340586074550064,16,5,gap,4,1.5823582367461224,False,False,0.762000195649602
n_total,5500,middle,0.8340586074550064,16,5,gap,5,1.5958190740221099,False,True,0.8340586074550064
n_total,5500,middle,0.8340586074550064,16,5,gap,6,1.6063149580383218,False,False,0.6447191295048895
n_total,5500,middle,0.8340586074550064,16,5,gap,7,1.6126464597722183,True,False,0.5500637667149979
n_total,5500,middle,0.8340586074550064,16,5,davies_bouldin,3,0.19636389080080052,False,False,0.5578743141041689
n_total,5500,middle,0.8340586074550064,16,5,davies_bouldin,4,0.21195577928717682,False,False,0.762000195649602
n_total,5500,middle,0.8340586074550064,16,5,davies_bouldin,5,0.2260673668620236,True,True,0.8340586074550064
n_total,5500,middle,0.8340586074550064,16,5,davies_bouldin,6,0.20801938904612136,False,False,0.6447191295048895
n_total,5500,middle,0.8340586074550064,16,5,davies_bouldin,7,0.2121327526661832,False,False,0.5500637667149979
n_total,5500,middle,0.8340586074550064,16,5,calinski_harabasz,3,246.94235914320572,True,False,0.5578743141041689
n_total,5500,middle,0.8340586074550064,16,5,calinski_harabasz,4,216.45072183668464,False,False,0.762000195649602
n_total,5500,middle,0.8340586074550064,16,5,calinski_harabasz,5,194.42895123574658,False,True,0.8340586074550064
n_total,5500,middle,0.8340586074550064,16,5,calinski_harabasz,6,176.62914865373946,False,False,0.6447191295048895
n_total,5500,middle,0.8340586074550064,16,5,calinski_harabasz,7,159.94619718733188,False,False,0.5500637667149979
n_total,5500,middle,0.8287886021354757,17,5,accuracy_generalizability,3,0.7623514518377286,False,False,0.5216844812182168
n_total,5500,middle,0.8287886021354757,17,5,accuracy_generalizability,4,0.8976333126149137,True,False,0.6529168428245596
n_total,5500,middle,0.8287886021354757,17,5,accuracy_generalizability,5,0.8848550332556289,False,True,0.757753774373674
n_total,5500,middle,0.8287886021354757,17,5,accuracy_generalizability,6,0.7855923692666147,False,False,0.6316031032665731
n_total,5500,middle,0.8287886021354757,17,5,accuracy_generalizability,7,0.6894234061061646,False,False,0.7538580722603685
n_total,5500,middle,0.8287886021354757,17,5,ari_generalizability,3,0.47239158687933624,False,False,0.5216844812182168
n_total,5500,middle,0.8287886021354757,17,5,ari_generalizability,4,0.7418740523116115,True,False,0.6529168428245596
n_total,5500,middle,0.8287886021354757,17,5,ari_generalizability,5,0.7335402247291678,False,True,0.757753774373674
n_total,5500,middle,0.8287886021354757,17,5,ari_generalizability,6,0.6050249010056212,False,False,0.6316031032665731
n_total,5500,middle,0.8287886021354757,17,5,ari_generalizability,7,0.54318555075891,False,False,0.7538580722603685
n_total,5500,middle,0.8287886021354757,17,5,ari_generalizability_1se,3,0.47239158687933624,False,False,0.5216844812182168
n_total,5500,middle,0.8287886021354757,17,5,ari_generalizability_1se,4,0.7418740523116115,True,False,0.6529168428245596
n_total,5500,middle,0.8287886021354757,17,5,ari_generalizability_1se,5,0.7335402247291678,False,True,0.757753774373674
n_total,5500,middle,0.8287886021354757,17,5,ari_generalizability_1se,6,0.6050249010056212,False,False,0.6316031032665731
n_total,5500,middle,0.8287886021354757,17,5,ari_generalizability_1se,7,0.54318555075891,False,False,0.7538580722603685
n_total,5500,middle,0.8287886021354757,17,5,ari_generalizability_quant,3,0.47239158687933624,False,False,0.5216844812182168
n_total,5500,middle,0.8287886021354757,17,5,ari_generalizability_quant,4,0.7418740523116115,False,False,0.6529168428245596
n_total,5500,middle,0.8287886021354757,17,5,ari_generalizability_quant,5,0.7335402247291678,True,True,0.757753774373674
n_total,5500,middle,0.8287886021354757,17,5,ari_generalizability_quant,6,0.6050249010056212,False,False,0.6316031032665731
n_total,5500,middle,0.8287886021354757,17,5,ari_generalizability_quant,7,0.54318555075891,False,False,0.7538580722603685
n_total,5500,middle,0.8287886021354757,17,5,ari_stability,3,0.7437011916013904,False,False,0.5563580031177823
n_total,5500,middle,0.8287886021354757,17,5,ari_stability,4,0.9579743493083711,False,False,0.7241848175994346
n_total,5500,middle,0.8287886021354757,17,5,ari_stability,5,0.9614701415314748,True,True,0.8309640090221538
n_total,5500,middle,0.8287886021354757,17,5,ari_stability,6,0.7966186558556155,False,False,0.678248485278407
n_total,5500,middle,0.8287886021354757,17,5,ari_stability,7,0.6788635856272467,False,False,0.6255828748891437
n_total,5500,middle,0.8287886021354757,17,5,ari_stability_1se,3,0.7437011916013904,False,False,0.5563580031177823
n_total,5500,middle,0.8287886021354757,17,5,ari_stability_1se,4,0.9579743493083711,False,False,0.7241848175994346
n_total,5500,middle,0.8287886021354757,17,5,ari_stability_1se,5,0.9614701415314748,True,True,0.8309640090221538
n_total,5500,middle,0.8287886021354757,17,5,ari_stability_1se,6,0.7966186558556155,False,False,0.678248485278407
n_total,5500,middle,0.8287886021354757,17,5,ari_stability_1se,7,0.6788635856272467,False,False,0.6255828748891437
n_total,5500,middle,0.8287886021354757,17,5,ari_stability_quant,3,0.7437011916013904,False,False,0.5563580031177823
n_total,5500,middle,0.8287886021354757,17,5,ari_stability_quant,4,0.9579743493083711,False,False,0.7241848175994346
n_total,5500,middle,0.8287886021354757,17,5,ari_stability_quant,5,0.9614701415314748,True,True,0.8309640090221538
n_total,5500,middle,0.8287886021354757,17,5,ari_stability_quant,6,0.7966186558556155,False,False,0.678248485278407
n_total,5500,middle,0.8287886021354757,17,5,ari_stability_quant,7,0.6788635856272467,False,False,0.6255828748891437
n_total,5500,middle,0.8287886021354757,17,5,consensus_ce_stability,3,0.738157714667349,False,False,0.5563580031177823
n_total,5500,middle,0.8287886021354757,17,5,consensus_ce_stability,4,0.964497635606876,False,False,0.7241848175994346
n_total,5500,middle,0.8287886021354757,17,5,consensus_ce_stability,5,0.9698220909203289,True,True,0.8309640090221538
n_total,5500,middle,0.8287886021354757,17,5,consensus_ce_stability,6,0.8746601165441154,False,False,0.678248485278407
n_total,5500,middle,0.8287886021354757,17,5,consensus_ce_stability,7,0.8314057012170637,False,False,0.6255828748891437
n_total,5500,middle,0.8287886021354757,17,5,consensus_gini_stability,3,0.7550430571912418,False,False,0.5563580031177823
n_total,5500,middle,0.8287886021354757,17,5,consensus_gini_stability,4,0.9686379313665465,False,False,0.7241848175994346
n_total,5500,middle,0.8287886021354757,17,5,consensus_gini_stability,5,0.9736974911741599,True,True,0.8309640090221538
n_total,5500,middle,0.8287886021354757,17,5,consensus_gini_stability,6,0.8871002656287994,False,False,0.678248485278407
n_total,5500,middle,0.8287886021354757,17,5,consensus_gini_stability,7,0.849601672405036,False,False,0.6255828748891437
n_total,5500,middle,0.8287886021354757,17,5,consensus_pac_stability,3,0.7016680718808379,False,False,0.5563580031177823
n_total,5500,middle,0.8287886021354757,17,5,consensus_pac_stability,4,0.952943047496239,False,False,0.7241848175994346
n_total,5500,middle,0.8287886021354757,17,5,consensus_pac_stability,5,0.9587545504141248,True,True,0.8309640090221538
n_total,5500,middle,0.8287886021354757,17,5,consensus_pac_stability,6,0.8365491907619567,False,False,0.678248485278407
n_total,5500,middle,0.8287886021354757,17,5,consensus_pac_stability,7,0.7781203193969152,False,False,0.6255828748891437
n_total,5500,middle,0.8287886021354757,17,5,silhouette,3,0.05007329241364075,False,False,0.5568020678207475
n_total,5500,middle,0.8287886021354757,17,5,silhouette,4,0.05734011467595139,False,False,0.7226846821644599
n_total,5500,middle,0.8287886021354757,17,5,silhouette,5,0.0597022361668204,True,True,0.8287886021354757
n_total,5500,middle,0.8287886021354757,17,5,silhouette,6,0.04914593105755588,False,False,0.6707988456361585
n_total,5500,middle,0.8287886021354757,17,5,silhouette,7,0.04568161335213224,False,False,0.6019278637863821
n_total,5500,middle,0.8287886021354757,17,5,gap,3,1.5387204759864854,False,False,0.5568020678207475
n_total,5500,middle,0.8287886021354757,17,5,gap,4,1.5649050487406129,False,False,0.7226846821644599
n_total,5500,middle,0.8287886021354757,17,5,gap,5,1.580421190891494,False,True,0.8287886021354757
n_total,5500,middle,0.8287886021354757,17,5,gap,6,1.58845189853049,False,False,0.6707988456361585
n_total,5500,middle,0.8287886021354757,17,5,gap,7,1.5928256990050667,True,False,0.6019278637863821
n_total,5500,middle,0.8287886021354757,17,5,davies_bouldin,3,0.20191071668703028,False,False,0.5568020678207475
n_total,5500,middle,0.8287886021354757,17,5,davies_bouldin,4,0.22500990769761156,False,False,0.7226846821644599
n_total,5500,middle,0.8287886021354757,17,5,davies_bouldin,5,0.23227914609674574,True,True,0.8287886021354757
n_total,5500,middle,0.8287886021354757,17,5,davies_bouldin,6,0.21238969707306574,False,False,0.6707988456361585
n_total,5500,middle,0.8287886021354757,17,5,davies_bouldin,7,0.21624623719536412,False,False,0.6019278637863821
n_total,5500,middle,0.8287886021354757,17,5,calinski_harabasz,3,252.4257084188835,True,False,0.5568020678207475
n_total,5500,middle,0.8287886021354757,17,5,calinski_harabasz,4,240.5372506920481,False,False,0.7226846821644599
n_total,5500,middle,0.8287886021354757,17,5,calinski_harabasz,5,215.84040990259413,False,True,0.8287886021354757
n_total,5500,middle,0.8287886021354757,17,5,calinski_harabasz,6,190.87228965287417,False,False,0.6707988456361585
n_total,5500,middle,0.8287886021354757,17,5,calinski_harabasz,7,169.71820367116572,False,False,0.6019278637863821
n_total,5500,middle,0.9071885264550003,18,5,accuracy_generalizability,3,0.9187028994884942,True,False,0.5589909541199275
n_total,5500,middle,0.9071885264550003,18,5,accuracy_generalizability,4,0.8951168809116915,False,False,0.7970191170761622
n_total,5500,middle,0.9071885264550003,18,5,accuracy_generalizability,5,0.9081252534566384,False,True,0.8484485052796163
n_total,5500,middle,0.9071885264550003,18,5,accuracy_generalizability,6,0.7906468897827521,False,False,0.853580753718355
n_total,5500,middle,0.9071885264550003,18,5,accuracy_generalizability,7,0.714949615953442,False,False,0.8637698014541408
n_total,5500,middle,0.9071885264550003,18,5,ari_generalizability,3,0.7672167296681803,False,False,0.5589909541199275
n_total,5500,middle,0.9071885264550003,18,5,ari_generalizability,4,0.7640451879799025,False,False,0.7970191170761622
n_total,5500,middle,0.9071885264550003,18,5,ari_generalizability,5,0.7996900748676161,True,True,0.8484485052796163
n_total,5500,middle,0.9071885264550003,18,5,ari_generalizability,6,0.6596007806391886,False,False,0.853580753718355
n_total,5500,middle,0.9071885264550003,18,5,ari_generalizability,7,0.5477526188126085,False,False,0.8637698014541408
n_total,5500,middle,0.9071885264550003,18,5,ari_generalizability_1se,3,0.7672167296681803,False,False,0.5589909541199275
n_total,5500,middle,0.9071885264550003,18,5,ari_generalizability_1se,4,0.7640451879799025,False,False,0.7970191170761622
n_total,5500,middle,0.9071885264550003,18,5,ari_generalizability_1se,5,0.7996900748676161,True,True,0.8484485052796163
n_total,5500,middle,0.9071885264550003,18,5,ari_generalizability_1se,6,0.6596007806391886,False,False,0.853580753718355
n_total,5500,middle,0.9071885264550003,18,5,ari_generalizability_1se,7,0.5477526188126085,False,False,0.8637698014541408
n_total,5500,middle,0.9071885264550003,18,5,ari_generalizability_quant,3,0.7672167296681803,False,False,0.5589909541199275
n_total,5500,middle,0.9071885264550003,18,5,ari_generalizability_quant,4,0.7640451879799025,False,False,0.7970191170761622
n_total,5500,middle,0.9071885264550003,18,5,ari_generalizability_quant,5,0.7996900748676161,True,True,0.8484485052796163
n_total,5500,middle,0.9071885264550003,18,5,ari_generalizability_quant,6,0.6596007806391886,False,False,0.853580753718355
n_total,5500,middle,0.9071885264550003,18,5,ari_generalizability_quant,7,0.5477526188126085,False,False,0.8637698014541408
n_total,5500,middle,0.9071885264550003,18,5,ari_stability,3,0.9615317093782402,False,False,0.5880096894755373
n_total,5500,middle,0.9071885264550003,18,5,ari_stability,4,0.9287772350610919,False,False,0.8078069056184204
n_total,5500,middle,0.9071885264550003,18,5,ari_stability,5,0.9744517522611801,True,True,0.9026021974492653
n_total,5500,middle,0.9071885264550003,18,5,ari_stability,6,0.8363646056306885,False,False,0.9045573230340135
n_total,5500,middle,0.9071885264550003,18,5,ari_stability,7,0.7066665060814654,False,False,0.8147581160328828
n_total,5500,middle,0.9071885264550003,18,5,ari_stability_1se,3,0.9615317093782402,False,False,0.5880096894755373
n_total,5500,middle,0.9071885264550003,18,5,ari_stability_1se,4,0.9287772350610919,False,False,0.8078069056184204
n_total,5500,middle,0.9071885264550003,18,5,ari_stability_1se,5,0.9744517522611801,True,True,0.9026021974492653
n_total,5500,middle,0.9071885264550003,18,5,ari_stability_1se,6,0.8363646056306885,False,False,0.9045573230340135
n_total,5500,middle,0.9071885264550003,18,5,ari_stability_1se,7,0.7066665060814654,False,False,0.8147581160328828
n_total,5500,middle,0.9071885264550003,18,5,ari_stability_quant,3,0.9615317093782402,False,False,0.5880096894755373
n_total,5500,middle,0.9071885264550003,18,5,ari_stability_quant,4,0.9287772350610919,False,False,0.8078069056184204
n_total,5500,middle,0.9071885264550003,18,5,ari_stability_quant,5,0.9744517522611801,True,True,0.9026021974492653
n_total,5500,middle,0.9071885264550003,18,5,ari_stability_quant,6,0.8363646056306885,False,False,0.9045573230340135
n_total,5500,middle,0.9071885264550003,18,5,ari_stability_quant,7,0.7066665060814654,False,False,0.8147581160328828
n_total,5500,middle,0.9071885264550003,18,5,consensus_ce_stability,3,0.9619291005300444,False,False,0.5880096894755373
n_total,5500,middle,0.9071885264550003,18,5,consensus_ce_stability,4,0.9335540416628729,False,False,0.8078069056184204
n_total,5500,middle,0.9071885264550003,18,5,consensus_ce_stability,5,0.9811862604918669,True,True,0.9026021974492653
n_total,5500,middle,0.9071885264550003,18,5,consensus_ce_stability,6,0.8963450873818362,False,False,0.9045573230340135
n_total,5500,middle,0.9071885264550003,18,5,consensus_ce_stability,7,0.8446407170116507,False,False,0.8147581160328828
n_total,5500,middle,0.9071885264550003,18,5,consensus_gini_stability,3,0.9668379472474841,False,False,0.5880096894755373
n_total,5500,middle,0.9071885264550003,18,5,consensus_gini_stability,4,0.9437978901267037,False,False,0.8078069056184204
n_total,5500,middle,0.9071885264550003,18,5,consensus_gini_stability,5,0.9835689046444446,True,True,0.9026021974492653
n_total,5500,middle,0.9071885264550003,18,5,consensus_gini_stability,6,0.9050288588858862,False,False,0.9045573230340135
n_total,5500,middle,0.9071885264550003,18,5,consensus_gini_stability,7,0.8578118392923568,False,False,0.8147581160328828
n_total,5500,middle,0.9071885264550003,18,5,consensus_pac_stability,3,0.9500814362942023,False,False,0.5880096894755373
n_total,5500,middle,0.9071885264550003,18,5,consensus_pac_stability,4,0.8980218552133445,False,False,0.8078069056184204
n_total,5500,middle,0.9071885264550003,18,5,consensus_pac_stability,5,0.9744553224553224,True,True,0.9026021974492653
n_total,5500,middle,0.9071885264550003,18,5,consensus_pac_stability,6,0.8695456033328374,False,False,0.9045573230340135
n_total,5500,middle,0.9071885264550003,18,5,consensus_pac_stability,7,0.8027652631056886,False,False,0.8147581160328828
n_total,5500,middle,0.9071885264550003,18,5,silhouette,3,0.058378083854305776,False,False,0.589899976992096
n_total,5500,middle,0.9071885264550003,18,5,silhouette,4,0.060707150792996364,False,False,0.8064409895942232
n_total,5500,middle,0.9071885264550003,18,5,silhouette,5,0.06382463190284195,True,True,0.9071885264550003
n_total,5500,middle,0.9071885264550003,18,5,silhouette,6,0.0517508319542952,False,False,0.7665391764930537
n_total,5500,middle,0.9071885264550003,18,5,silhouette,7,0.043569231917325264,False,False,0.6489002210239169
n_total,5500,middle,0.9071885264550003,18,5,gap,3,1.547357346225425,False,False,0.589899976992096
n_total,5500,middle,0.9071885264550003,18,5,gap,4,1.5631552380639047,False,False,0.8064409895942232
n_total,5500,middle,0.9071885264550003,18,5,gap,5,1.5775193881961158,False,True,0.9071885264550003
n_total,5500,middle,0.9071885264550003,18,5,gap,6,1.5834730590565176,False,False,0.7665391764930537
n_total,5500,middle,0.9071885264550003,18,5,gap,7,1.588771109427631,True,False,0.6489002210239169
n_total,5500,middle,0.9071885264550003,18,5,davies_bouldin,3,0.21393927271109162,False,False,0.589899976992096
n_total,5500,middle,0.9071885264550003,18,5,davies_bouldin,4,0.21029259644522288,False,False,0.8064409895942232
n_total,5500,middle,0.9071885264550003,18,5,davies_bouldin,5,0.230870871305891,True,True,0.9071885264550003
n_total,5500,middle,0.9071885264550003,18,5,davies_bouldin,6,0.20968375749065865,False,False,0.7665391764930537
n_total,5500,middle,0.9071885264550003,18,5,davies_bouldin,7,0.1979805383982236,False,False,0.6489002210239169
n_total,5500,middle,0.9071885264550003,18,5,calinski_harabasz,3,295.2215913227686,True,False,0.589899976992096
n_total,5500,middle,0.9071885264550003,18,5,calinski_harabasz,4,249.73116093501235,False,False,0.8064409895942232
n_total,5500,middle,0.9071885264550003,18,5,calinski_harabasz,5,221.94772118385268,False,True,0.9071885264550003
n_total,5500,middle,0.9071885264550003,18,5,calinski_harabasz,6,193.7568798945404,False,False,0.7665391764930537
n_total,5500,middle,0.9071885264550003,18,5,calinski_harabasz,7,173.59862495429286,False,False,0.6489002210239169
n_total,5500,middle,0.48980722334027227,19,5,accuracy_generalizability,3,0.8213076597165324,False,False,0.6557579068068442
n_total,5500,middle,0.48980722334027227,19,5,accuracy_generalizability,4,0.8357581178909513,True,False,0.6982563474528873
n_total,5500,middle,0.48980722334027227,19,5,accuracy_generalizability,5,0.6487436600761932,False,True,0.759456113346337
n_total,5500,middle,0.48980722334027227,19,5,accuracy_generalizability,6,0.6936490824462198,False,False,0.7982452350083153
n_total,5500,middle,0.48980722334027227,19,5,accuracy_generalizability,7,0.6649206421033702,False,False,0.6071529705363679
n_total,5500,middle,0.48980722334027227,19,5,ari_generalizability,3,0.5897734377805828,False,False,0.6557579068068442
n_total,5500,middle,0.48980722334027227,19,5,ari_generalizability,4,0.6264101823164566,True,False,0.6982563474528873
n_total,5500,middle,0.48980722334027227,19,5,ari_generalizability,5,0.4554100197536226,False,True,0.759456113346337
n_total,5500,middle,0.48980722334027227,19,5,ari_generalizability,6,0.46348966692138205,False,False,0.7982452350083153
n_total,5500,middle,0.48980722334027227,19,5,ari_generalizability,7,0.4729070306263791,False,False,0.6071529705363679
n_total,5500,middle,0.48980722334027227,19,5,ari_generalizability_1se,3,0.5897734377805828,False,False,0.6557579068068442
n_total,5500,middle,0.48980722334027227,19,5,ari_generalizability_1se,4,0.6264101823164566,True,False,0.6982563474528873
n_total,5500,middle,0.48980722334027227,19,5,ari_generalizability_1se,5,0.4554100197536226,False,True,0.759456113346337
n_total,5500,middle,0.48980722334027227,19,5,ari_generalizability_1se,6,0.46348966692138205,False,False,0.7982452350083153
n_total,5500,middle,0.48980722334027227,19,5,ari_generalizability_1se,7,0.4729070306263791,False,False,0.6071529705363679
n_total,5500,middle,0.48980722334027227,19,5,ari_generalizability_quant,3,0.5897734377805828,False,False,0.6557579068068442
n_total,5500,middle,0.48980722334027227,19,5,ari_generalizability_quant,4,0.6264101823164566,True,False,0.6982563474528873
n_total,5500,middle,0.48980722334027227,19,5,ari_generalizability_quant,5,0.4554100197536226,False,True,0.759456113346337
n_total,5500,middle,0.48980722334027227,19,5,ari_generalizability_quant,6,0.46348966692138205,False,False,0.7982452350083153
n_total,5500,middle,0.48980722334027227,19,5,ari_generalizability_quant,7,0.4729070306263791,False,False,0.6071529705363679
n_total,5500,middle,0.48980722334027227,19,5,ari_stability,3,0.7972653298905115,False,False,0.6659734512458132
n_total,5500,middle,0.48980722334027227,19,5,ari_stability,4,0.8865932869524933,True,False,0.6605715393183883
n_total,5500,middle,0.48980722334027227,19,5,ari_stability,5,0.7165943702069777,False,True,0.7641255858440877
n_total,5500,middle,0.48980722334027227,19,5,ari_stability,6,0.6936002724243602,False,False,0.5927274454523304
n_total,5500,middle,0.48980722334027227,19,5,ari_stability,7,0.6525161322426097,False,False,0.5261799076127586
n_total,5500,middle,0.48980722334027227,19,5,ari_stability_1se,3,0.7972653298905115,False,False,0.6659734512458132
n_total,5500,middle,0.48980722334027227,19,5,ari_stability_1se,4,0.8865932869524933,True,False,0.6605715393183883
n_total,5500,middle,0.48980722334027227,19,5,ari_stability_1se,5,0.7165943702069777,False,True,0.7641255858440877
n_total,5500,middle,0.48980722334027227,19,5,ari_stability_1se,6,0.6936002724243602,False,False,0.5927274454523304
n_total,5500,middle,0.48980722334027227,19,5,ari_stability_1se,7,0.6525161322426097,False,False,0.5261799076127586
n_total,5500,middle,0.48980722334027227,19,5,ari_stability_quant,3,0.7972653298905115,False,False,0.6659734512458132
n_total,5500,middle,0.48980722334027227,19,5,ari_stability_quant,4,0.8865932869524933,True,False,0.6605715393183883
n_total,5500,middle,0.48980722334027227,19,5,ari_stability_quant,5,0.7165943702069777,False,True,0.7641255858440877
n_total,5500,middle,0.48980722334027227,19,5,ari_stability_quant,6,0.6936002724243602,False,False,0.5927274454523304
n_total,5500,middle,0.48980722334027227,19,5,ari_stability_quant,7,0.6525161322426097,False,False,0.5261799076127586
n_total,5500,middle,0.48980722334027227,19,5,consensus_ce_stability,3,0.8049159365103598,False,False,0.6659734512458132
n_total,5500,middle,0.48980722334027227,19,5,consensus_ce_stability,4,0.9027611524646091,True,False,0.6605715393183883
n_total,5500,middle,0.48980722334027227,19,5,consensus_ce_stability,5,0.7817891493150207,False,True,0.7641255858440877
n_total,5500,middle,0.48980722334027227,19,5,consensus_ce_stability,6,0.8064027371116985,False,False,0.5927274454523304
n_total,5500,middle,0.48980722334027227,19,5,consensus_ce_stability,7,0.8129822031997042,False,False,0.5261799076127586
n_total,5500,middle,0.48980722334027227,19,5,consensus_gini_stability,3,0.8233273860076699,False,False,0.6659734512458132
n_total,5500,middle,0.48980722334027227,19,5,consensus_gini_stability,4,0.9139822780116921,True,False,0.6605715393183883
n_total,5500,middle,0.48980722334027227,19,5,consensus_gini_stability,5,0.8072131725078772,False,True,0.7641255858440877
n_total,5500,middle,0.48980722334027227,19,5,consensus_gini_stability,6,0.8225331156178819,False,False,0.5927274454523304
n_total,5500,middle,0.48980722334027227,19,5,consensus_gini_stability,7,0.8304398344276073,False,False,0.5261799076127586
n_total,5500,middle,0.48980722334027227,19,5,consensus_pac_stability,3,0.7508190910744102,False,False,0.6659734512458132
n_total,5500,middle,0.48980722334027227,19,5,consensus_pac_stability,4,0.8703431698325316,True,False,0.6605715393183883
n_total,5500,middle,0.48980722334027227,19,5,consensus_pac_stability,5,0.7044410719304337,False,True,0.7641255858440877
n_total,5500,middle,0.48980722334027227,19,5,consensus_pac_stability,6,0.7548308618095853,False,False,0.5927274454523304
n_total,5500,middle,0.48980722334027227,19,5,consensus_pac_stability,7,0.7598468481872738,False,False,0.5261799076127586
n_total,5500,middle,0.48980722334027227,19,5,silhouette,3,0.05074095695183655,True,False,0.6715419146907631
n_total,5500,middle,0.48980722334027227,19,5,silhouette,4,0.049132309857483465,False,False,0.6370831511494224
n_total,5500,middle,0.48980722334027227,19,5,silhouette,5,0.03908248108789183,False,True,0.48980722334027227
n_total,5500,middle,0.48980722334027227,19,5,silhouette,6,0.043139689114756886,False,False,0.5837576851868632
n_total,5500,middle,0.48980722334027227,19,5,silhouette,7,0.04063894042571656,False,False,0.5236532337302906
n_total,5500,middle,0.48980722334027227,19,5,gap,3,1.5402299187143225,False,False,0.6715419146907631
n_total,5500,middle,0.48980722334027227,19,5,gap,4,1.5558309326574502,False,False,0.6370831511494224
n_total,5500,middle,0.48980722334027227,19,5,gap,5,1.565816734009644,False,True,0.48980722334027227
n_total,5500,middle,0.48980722334027227,19,5,gap,6,1.5776227173833597,False,False,0.5837576851868632
n_total,5500,middle,0.48980722334027227,19,5,gap,7,1.5845494758995233,True,False,0.5236532337302906
n_total,5500,middle,0.48980722334027227,19,5,davies_bouldin,3,0.19458307467804856,False,False,0.6715419146907631
n_total,5500,middle,0.48980722334027227,19,5,davies_bouldin,4,0.2082972044915418,False,False,0.6370831511494224
n_total,5500,middle,0.48980722334027227,19,5,davies_bouldin,5,0.1980914658436333,False,True,0.48980722334027227
n_total,5500,middle,0.48980722334027227,19,5,davies_bouldin,6,0.20551490000880185,False,False,0.5837576851868632
n_total,5500,middle,0.48980722334027227,19,5,davies_bouldin,7,0.2111666542242335,True,False,0.5236532337302906
n_total,5500,middle,0.48980722334027227,19,5,calinski_harabasz,3,237.871550664563,True,False,0.6715419146907631
n_total,5500,middle,0.48980722334027227,19,5,calinski_harabasz,4,208.88546666850974,False,False,0.6370831511494224
n_total,5500,middle,0.48980722334027227,19,5,calinski_harabasz,5,183.0074151027136,False,True,0.48980722334027227
n_total,5500,middle,0.48980722334027227,19,5,calinski_harabasz,6,168.94123359061666,False,False,0.5837576851868632
n_total,5500,middle,0.48980722334027227,19,5,calinski_harabasz,7,154.10129291737414,False,False,0.5236532337302906
n_total,10000,end,0.7833558551568471,0,5,accuracy_generalizability,3,0.8816409135860719,True,False,0.41259729011075164
n_total,10000,end,0.7833558551568471,0,5,accuracy_generalizability,4,0.8636200124345885,False,False,0.6081551130522969
n_total,10000,end,0.7833558551568471,0,5,accuracy_generalizability,5,0.8724893975204095,False,True,0.7149362014074566
n_total,10000,end,0.7833558551568471,0,5,accuracy_generalizability,6,0.6606793621213309,False,False,0.7101631352403331
n_total,10000,end,0.7833558551568471,0,5,accuracy_generalizability,7,0.6817470501278556,False,False,0.6344988087498317
n_total,10000,end,0.7833558551568471,0,5,ari_generalizability,3,0.677072485684041,False,False,0.41259729011075164
n_total,10000,end,0.7833558551568471,0,5,ari_generalizability,4,0.6767219330277573,False,False,0.6081551130522969
n_total,10000,end,0.7833558551568471,0,5,ari_generalizability,5,0.7135442354147545,True,True,0.7149362014074566
n_total,10000,end,0.7833558551568471,0,5,ari_generalizability,6,0.5134483887281058,False,False,0.7101631352403331
n_total,10000,end,0.7833558551568471,0,5,ari_generalizability,7,0.47410888162367537,False,False,0.6344988087498317
n_total,10000,end,0.7833558551568471,0,5,ari_generalizability_1se,3,0.677072485684041,False,False,0.41259729011075164
n_total,10000,end,0.7833558551568471,0,5,ari_generalizability_1se,4,0.6767219330277573,False,False,0.6081551130522969
n_total,10000,end,0.7833558551568471,0,5,ari_generalizability_1se,5,0.7135442354147545,True,True,0.7149362014074566
n_total,10000,end,0.7833558551568471,0,5,ari_generalizability_1se,6,0.5134483887281058,False,False,0.7101631352403331
n_total,10000,end,0.7833558551568471,0,5,ari_generalizability_1se,7,0.47410888162367537,False,False,0.6344988087498317
n_total,10000,end,0.7833558551568471,0,5,ari_generalizability_quant,3,0.677072485684041,False,False,0.41259729011075164
n_total,10000,end,0.7833558551568471,0,5,ari_generalizability_quant,4,0.6767219330277573,False,False,0.6081551130522969
n_total,10000,end,0.7833558551568471,0,5,ari_generalizability_quant,5,0.7135442354147545,True,True,0.7149362014074566
n_total,10000,end,0.7833558551568471,0,5,ari_generalizability_quant,6,0.5134483887281058,False,False,0.7101631352403331
n_total,10000,end,0.7833558551568471,0,5,ari_generalizability_quant,7,0.47410888162367537,False,False,0.6344988087498317
n_total,10000,end,0.7833558551568471,0,5,ari_stability,3,0.9104499670897082,False,False,0.4379298960843363
n_total,10000,end,0.7833558551568471,0,5,ari_stability,4,0.9212154293250607,False,False,0.6509352833629218
n_total,10000,end,0.7833558551568471,0,5,ari_stability,5,0.9563172939284533,True,True,0.7795566070354158
n_total,10000,end,0.7833558551568471,0,5,ari_stability,6,0.7279993863695,False,False,0.7495053154572544
n_total,10000,end,0.7833558551568471,0,5,ari_stability,7,0.6691975175599625,False,False,0.6548439698145938
n_total,10000,end,0.7833558551568471,0,5,ari_stability_1se,3,0.9104499670897082,False,False,0.4379298960843363
n_total,10000,end,0.7833558551568471,0,5,ari_stability_1se,4,0.9212154293250607,False,False,0.6509352833629218
n_total,10000,end,0.7833558551568471,0,5,ari_stability_1se,5,0.9563172939284533,True,True,0.7795566070354158
n_total,10000,end,0.7833558551568471,0,5,ari_stability_1se,6,0.7279993863695,False,False,0.7495053154572544
n_total,10000,end,0.7833558551568471,0,5,ari_stability_1se,7,0.6691975175599625,False,False,0.6548439698145938
n_total,10000,end,0.7833558551568471,0,5,ari_stability_quant,3,0.9104499670897082,False,False,0.4379298960843363
n_total,10000,end,0.7833558551568471,0,5,ari_stability_quant,4,0.9212154293250607,False,False,0.6509352833629218
n_total,10000,end,0.7833558551568471,0,5,ari_stability_quant,5,0.9563172939284533,True,True,0.7795566070354158
n_total,10000,end,0.7833558551568471,0,5,ari_stability_quant,6,0.7279993863695,False,False,0.7495053154572544
n_total,10000,end,0.7833558551568471,0,5,ari_stability_quant,7,0.6691975175599625,False,False,0.6548439698145938
n_total,10000,end,0.7833558551568471,0,5,consensus_ce_stability,3,0.9126653647472762,False,False,0.4379298960843363
n_total,10000,end,0.7833558551568471,0,5,consensus_ce_stability,4,0.9353997782136315,False,False,0.6509352833629218
n_total,10000,end,0.7833558551568471,0,5,consensus_ce_stability,5,0.9666697912090025,True,True,0.7795566070354158
n_total,10000,end,0.7833558551568471,0,5,consensus_ce_stability,6,0.8247700426288173,False,False,0.7495053154572544
n_total,10000,end,0.7833558551568471,0,5,consensus_ce_stability,7,0.8245096053495776,False,False,0.6548439698145938
n_total,10000,end,0.7833558551568471,0,5,consensus_gini_stability,3,0.9230228787425973,False,False,0.4379298960843363
n_total,10000,end,0.7833558551568471,0,5,consensus_gini_stability,4,0.9442271172657718,False,False,0.6509352833629218
n_total,10000,end,0.7833558551568471,0,5,consensus_gini_stability,5,0.9706540956800269,True,True,0.7795566070354158
n_total,10000,end,0.7833558551568471,0,5,consensus_gini_stability,6,0.8400133404091266,False,False,0.7495053154572544
n_total,10000,end,0.7833558551568471,0,5,consensus_gini_stability,7,0.8409892963266898,False,False,0.6548439698145938
n_total,10000,end,0.7833558551568471,0,5,consensus_pac_stability,3,0.8843769776977698,False,False,0.4379298960843363
n_total,10000,end,0.7833558551568471,0,5,consensus_pac_stability,4,0.9135745174517451,False,False,0.6509352833629218
n_total,10000,end,0.7833558551568471,0,5,consensus_pac_stability,5,0.9556417641764177,True,True,0.7795566070354158
n_total,10000,end,0.7833558551568471,0,5,consensus_pac_stability,6,0.7806036003600361,False,False,0.7495053154572544
n_total,10000,end,0.7833558551568471,0,5,consensus_pac_stability,7,0.7745357335733574,False,False,0.6548439698145938
n_total,10000,end,0.7833558551568471,0,5,silhouette,3,0.045862797746436965,False,False,0.43730856686499964
n_total,10000,end,0.7833558551568471,0,5,silhouette,4,0.04836087938766203,False,False,0.6467464770327174
n_total,10000,end,0.7833558551568471,0,5,silhouette,5,0.05246491855293255,True,True,0.7833558551568471
n_total,10000,end,0.7833558551568471,0,5,silhouette,6,0.04559648294538234,False,False,0.6605830836268913
n_total,10000,end,0.7833558551568471,0,5,silhouette,7,0.04018870910546538,False,False,0.5483851911171598
n_total,10000,end,0.7833558551568471,0,5,gap,3,1.639870616277907,False,False,0.43730856686499964
n_total,10000,end,0.7833558551568471,0,5,gap,4,1.6539128491720376,False,False,0.6467464770327174
n_total,10000,end,0.7833558551568471,0,5,gap,5,1.6676789524603208,False,True,0.7833558551568471
n_total,10000,end,0.7833558551568471,0,5,gap,6,1.6741606725853373,False,False,0.6605830836268913
n_total,10000,end,0.7833558551568471,0,5,gap,7,1.6805018069670261,True,False,0.5483851911171598
n_total,10000,end,0.7833558551568471,0,5,davies_bouldin,3,0.20090673501692352,False,False,0.43730856686499964
n_total,10000,end,0.7833558551568471,0,5,davies_bouldin,4,0.20568538873940087,False,False,0.6467464770327174
n_total,10000,end,0.7833558551568471,0,5,davies_bouldin,5,0.22420273713039976,True,True,0.7833558551568471
n_total,10000,end,0.7833558551568471,0,5,davies_bouldin,6,0.21198167172720997,False,False,0.6605830836268913
n_total,10000,end,0.7833558551568471,0,5,davies_bouldin,7,0.2010479997670104,False,False,0.5483851911171598
n_total,10000,end,0.7833558551568471,0,5,calinski_harabasz,3,445.6377014064216,True,False,0.43730856686499964
n_total,10000,end,0.7833558551568471,0,5,calinski_harabasz,4,385.63938294700347,False,False,0.6467464770327174
n_total,10000,end,0.7833558551568471,0,5,calinski_harabasz,5,349.6413594687627,False,True,0.7833558551568471
n_total,10000,end,0.7833558551568471,0,5,calinski_harabasz,6,309.2027591605367,False,False,0.6605830836268913
n_total,10000,end,0.7833558551568471,0,5,calinski_harabasz,7,280.612219591044,False,False,0.5483851911171598
n_total,10000,end,0.7594148790369103,1,5,accuracy_generalizability,3,0.8770687497071762,False,False,0.4798562812345448
n_total,10000,end,0.7594148790369103,1,5,accuracy_generalizability,4,0.8864005511096504,True,False,0.6551650823126608
n_total,10000,end,0.7594148790369103,1,5,accuracy_generalizability,5,0.8717347043682913,False,True,0.7287987560638098
n_total,10000,end,0.7594148790369103,1,5,accuracy_generalizability,6,0.8045004772546159,False,False,0.600168964732335
n_total,10000,end,0.7594148790369103,1,5,accuracy_generalizability,7,0.6829475098880026,False,False,0.5996702710487611
n_total,10000,end,0.7594148790369103,1,5,ari_generalizability,3,0.671929964854491,False,False,0.4798562812345448
n_total,10000,end,0.7594148790369103,1,5,ari_generalizability,4,0.7232720064963057,True,False,0.6551650823126608
n_total,10000,end,0.7594148790369103,1,5,ari_generalizability,5,0.7120778153541345,False,True,0.7287987560638098
n_total,10000,end,0.7594148790369103,1,5,ari_generalizability,6,0.6164621465445239,False,False,0.600168964732335
n_total,10000,end,0.7594148790369103,1,5,ari_generalizability,7,0.509163682638383,False,False,0.5996702710487611
n_total,10000,end,0.7594148790369103,1,5,ari_generalizability_1se,3,0.671929964854491,False,False,0.4798562812345448
n_total,10000,end,0.7594148790369103,1,5,ari_generalizability_1se,4,0.7232720064963057,True,False,0.6551650823126608
n_total,10000,end,0.7594148790369103,1,5,ari_generalizability_1se,5,0.7120778153541345,False,True,0.7287987560638098
n_total,10000,end,0.7594148790369103,1,5,ari_generalizability_1se,6,0.6164621465445239,False,False,0.600168964732335
n_total,10000,end,0.7594148790369103,1,5,ari_generalizability_1se,7,0.509163682638383,False,False,0.5996702710487611
n_total,10000,end,0.7594148790369103,1,5,ari_generalizability_quant,3,0.671929964854491,False,False,0.4798562812345448
n_total,10000,end,0.7594148790369103,1,5,ari_generalizability_quant,4,0.7232720064963057,False,False,0.6551650823126608
n_total,10000,end,0.7594148790369103,1,5,ari_generalizability_quant,5,0.7120778153541345,True,True,0.7287987560638098
n_total,10000,end,0.7594148790369103,1,5,ari_generalizability_quant,6,0.6164621465445239,False,False,0.600168964732335
n_total,10000,end,0.7594148790369103,1,5,ari_generalizability_quant,7,0.509163682638383,False,False,0.5996702710487611
n_total,10000,end,0.7594148790369103,1,5,ari_stability,3,0.9007722377188655,False,False,0.526374231195177
n_total,10000,end,0.7594148790369103,1,5,ari_stability,4,0.9540071730627062,False,False,0.662330321065933
n_total,10000,end,0.7594148790369103,1,5,ari_stability,5,0.9586847462619957,True,True,0.7605656928364117
n_total,10000,end,0.7594148790369103,1,5,ari_stability,6,0.8480933500864026,False,False,0.6345580573811321
n_total,10000,end,0.7594148790369103,1,5,ari_stability,7,0.6867470674376677,False,False,0.6108410775685482
n_total,10000,end,0.7594148790369103,1,5,ari_stability_1se,3,0.9007722377188655,False,False,0.526374231195177
n_total,10000,end,0.7594148790369103,1,5,ari_stability_1se,4,0.9540071730627062,False,False,0.662330321065933
n_total,10000,end,0.7594148790369103,1,5,ari_stability_1se,5,0.9586847462619957,True,True,0.7605656928364117
n_total,10000,end,0.7594148790369103,1,5,ari_stability_1se,6,0.8480933500864026,False,False,0.6345580573811321
n_total,10000,end,0.7594148790369103,1,5,ari_stability_1se,7,0.6867470674376677,False,False,0.6108410775685482
n_total,10000,end,0.7594148790369103,1,5,ari_stability_quant,3,0.9007722377188655,False,False,0.526374231195177
n_total,10000,end,0.7594148790369103,1,5,ari_stability_quant,4,0.9540071730627062,False,False,0.662330321065933
n_total,10000,end,0.7594148790369103,1,5,ari_stability_quant,5,0.9586847462619957,True,True,0.7605656928364117
n_total,10000,end,0.7594148790369103,1,5,ari_stability_quant,6,0.8480933500864026,False,False,0.6345580573811321
n_total,10000,end,0.7594148790369103,1,5,ari_stability_quant,7,0.6867470674376677,False,False,0.6108410775685482
n_total,10000,end,0.7594148790369103,1,5,consensus_ce_stability,3,0.8973951472517414,False,False,0.526374231195177
n_total,10000,end,0.7594148790369103,1,5,consensus_ce_stability,4,0.9607749590726725,False,False,0.662330321065933
n_total,10000,end,0.7594148790369103,1,5,consensus_ce_stability,5,0.9684730278051886,True,True,0.7605656928364117
n_total,10000,end,0.7594148790369103,1,5,consensus_ce_stability,6,0.8991420873335839,False,False,0.6345580573811321
n_total,10000,end,0.7594148790369103,1,5,consensus_ce_stability,7,0.8255152498097883,False,False,0.6108410775685482
n_total,10000,end,0.7594148790369103,1,5,consensus_gini_stability,3,0.9141070762065834,False,False,0.526374231195177
n_total,10000,end,0.7594148790369103,1,5,consensus_gini_stability,4,0.9655769394206655,False,False,0.662330321065933
n_total,10000,end,0.7594148790369103,1,5,consensus_gini_stability,5,0.9722236025621988,True,True,0.7605656928364117
n_total,10000,end,0.7594148790369103,1,5,consensus_gini_stability,6,0.910730155146717,False,False,0.6345580573811321
n_total,10000,end,0.7594148790369103,1,5,consensus_gini_stability,7,0.8436133017633314,False,False,0.6108410775685482
n_total,10000,end,0.7594148790369103,1,5,consensus_pac_stability,3,0.8537809180918092,False,False,0.526374231195177
n_total,10000,end,0.7594148790369103,1,5,consensus_pac_stability,4,0.9477629762976297,False,False,0.662330321065933
n_total,10000,end,0.7594148790369103,1,5,consensus_pac_stability,5,0.9581416341634164,True,True,0.7605656928364117
n_total,10000,end,0.7594148790369103,1,5,consensus_pac_stability,6,0.8659149314931494,False,False,0.6345580573811321
n_total,10000,end,0.7594148790369103,1,5,consensus_pac_stability,7,0.7735966596659666,False,False,0.6108410775685482
n_total,10000,end,0.7594148790369103,1,5,silhouette,3,0.04903620762024509,False,False,0.5259414232760543
n_total,10000,end,0.7594148790369103,1,5,silhouette,4,0.051702437980209674,False,False,0.6630130056049942
n_total,10000,end,0.7594148790369103,1,5,silhouette,5,0.05501727449665231,True,True,0.7594148790369103
n_total,10000,end,0.7594148790369103,1,5,silhouette,6,0.04582753360516474,False,False,0.6331949926686986
n_total,10000,end,0.7594148790369103,1,5,silhouette,7,0.041410625613155685,False,False,0.5492219039729402
n_total,10000,end,0.7594148790369103,1,5,gap,3,1.643872136117686,False,False,0.5259414232760543
n_total,10000,end,0.7594148790369103,1,5,gap,4,1.6633903720169414,False,False,0.6630130056049942
n_total,10000,end,0.7594148790369103,1,5,gap,5,1.677261536933763,False,True,0.7594148790369103
n_total,10000,end,0.7594148790369103,1,5,gap,6,1.6855288206487167,False,False,0.6331949926686986
n_total,10000,end,0.7594148790369103,1,5,gap,7,1.690612830573162,True,False,0.5492219039729402
n_total,10000,end,0.7594148790369103,1,5,davies_bouldin,3,0.2041955677089512,False,False,0.5259414232760543
n_total,10000,end,0.7594148790369103,1,5,davies_bouldin,4,0.21260355168649872,False,False,0.6630130056049942
n_total,10000,end,0.7594148790369103,1,5,davies_bouldin,5,0.23200638860686718,True,True,0.7594148790369103
n_total,10000,end,0.7594148790369103,1,5,davies_bouldin,6,0.21446990460682883,False,False,0.6331949926686986
n_total,10000,end,0.7594148790369103,1,5,davies_bouldin,7,0.20450110190392273,False,False,0.5492219039729402
n_total,10000,end,0.7594148790369103,1,5,calinski_harabasz,3,455.28533514101633,True,False,0.5259414232760543
n_total,10000,end,0.7594148790369103,1,5,calinski_harabasz,4,411.92325605657845,False,False,0.6630130056049942
n_total,10000,end,0.7594148790369103,1,5,calinski_harabasz,5,368.18895085574167,False,True,0.7594148790369103
n_total,10000,end,0.7594148790369103,1,5,calinski_harabasz,6,327.56056182571376,False,False,0.6331949926686986
n_total,10000,end,0.7594148790369103,1,5,calinski_harabasz,7,293.5695354895903,False,False,0.5492219039729402
n_total,10000,end,0.7139141496601591,2,5,accuracy_generalizability,3,0.8762834946918779,True,False,0.5931935925211159
n_total,10000,end,0.7139141496601591,2,5,accuracy_generalizability,4,0.8147919004898008,False,False,0.6651245394417127
n_total,10000,end,0.7139141496601591,2,5,accuracy_generalizability,5,0.7784205959204874,False,True,0.7410269707838967
n_total,10000,end,0.7139141496601591,2,5,accuracy_generalizability,6,0.7599484491924174,False,False,0.5301884295434424
n_total,10000,end,0.7139141496601591,2,5,accuracy_generalizability,7,0.715388438437973,False,False,0.43963056446862897
n_total,10000,end,0.7139141496601591,2,5,ari_generalizability,3,0.6785897457450131,True,False,0.5931935925211159
n_total,10000,end,0.7139141496601591,2,5,ari_generalizability,4,0.6094743808828454,False,False,0.6651245394417127
n_total,10000,end,0.7139141496601591,2,5,ari_generalizability,5,0.5835035214172618,False,True,0.7410269707838967
n_total,10000,end,0.7139141496601591,2,5,ari_generalizability,6,0.5223992588388015,False,False,0.5301884295434424
n_total,10000,end,0.7139141496601591,2,5,ari_generalizability,7,0.5023351179411263,False,False,0.43963056446862897
n_total,10000,end,0.7139141496601591,2,5,ari_generalizability_1se,3,0.6785897457450131,True,False,0.5931935925211159
n_total,10000,end,0.7139141496601591,2,5,ari_generalizability_1se,4,0.6094743808828454,False,False,0.6651245394417127
n_total,10000,end,0.7139141496601591,2,5,ari_generalizability_1se,5,0.5835035214172618,False,True,0.7410269707838967
n_total,10000,end,0.7139141496601591,2,5,ari_generalizability_1se,6,0.5223992588388015,False,False,0.5301884295434424
n_total,10000,end,0.7139141496601591,2,5,ari_generalizability_1se,7,0.5023351179411263,False,False,0.43963056446862897
n_total,10000,end,0.7139141496601591,2,5,ari_generalizability_quant,3,0.6785897457450131,True,False,0.5931935925211159
n_total,10000,end,0.7139141496601591,2,5,ari_generalizability_quant,4,0.6094743808828454,False,False,0.6651245394417127
n_total,10000,end,0.7139141496601591,2,5,ari_generalizability_quant,5,0.5835035214172618,False,True,0.7410269707838967
n_total,10000,end,0.7139141496601591,2,5,ari_generalizability_quant,6,0.5223992588388015,False,False,0.5301884295434424
n_total,10000,end,0.7139141496601591,2,5,ari_generalizability_quant,7,0.5023351179411263,False,False,0.43963056446862897
n_total,10000,end,0.7139141496601591,2,5,ari_stability,3,0.8999212163392548,True,False,0.5770080215312783
n_total,10000,end,0.7139141496601591,2,5,ari_stability,4,0.8469497651491535,False,False,0.6020551999556939
n_total,10000,end,0.7139141496601591,2,5,ari_stability,5,0.8621891711276928,False,True,0.7100348054810295
n_total,10000,end,0.7139141496601591,2,5,ari_stability,6,0.7930216011947931,False,False,0.5341832017058509
n_total,10000,end,0.7139141496601591,2,5,ari_stability,7,0.7297234175341232,False,False,0.45572619313917684
n_total,10000,end,0.7139141496601591,2,5,ari_stability_1se,3,0.8999212163392548,True,False,0.5770080215312783
n_total,10000,end,0.7139141496601591,2,5,ari_stability_1se,4,0.8469497651491535,False,False,0.6020551999556939
n_total,10000,end,0.7139141496601591,2,5,ari_stability_1se,5,0.8621891711276928,False,True,0.7100348054810295
n_total,10000,end,0.7139141496601591,2,5,ari_stability_1se,6,0.7930216011947931,False,False,0.5341832017058509
n_total,10000,end,0.7139141496601591,2,5,ari_stability_1se,7,0.7297234175341232,False,False,0.45572619313917684
n_total,10000,end,0.7139141496601591,2,5,ari_stability_quant,3,0.8999212163392548,False,False,0.5770080215312783
n_total,10000,end,0.7139141496601591,2,5,ari_stability_quant,4,0.8469497651491535,False,False,0.6020551999556939
n_total,10000,end,0.7139141496601591,2,5,ari_stability_quant,5,0.8621891711276928,True,True,0.7100348054810295
n_total,10000,end,0.7139141496601591,2,5,ari_stability_quant,6,0.7930216011947931,False,False,0.5341832017058509
n_total,10000,end,0.7139141496601591,2,5,ari_stability_quant,7,0.7297234175341232,False,False,0.45572619313917684
n_total,10000,end,0.7139141496601591,2,5,consensus_ce_stability,3,0.9022187965985482,True,False,0.5770080215312783
n_total,10000,end,0.7139141496601591,2,5,consensus_ce_stability,4,0.8624634169849195,False,False,0.6020551999556939
n_total,10000,end,0.7139141496601591,2,5,consensus_ce_stability,5,0.8926031638267665,False,True,0.7100348054810295
n_total,10000,end,0.7139141496601591,2,5,consensus_ce_stability,6,0.8615084867730844,False,False,0.5341832017058509
n_total,10000,end,0.7139141496601591,2,5,consensus_ce_stability,7,0.8537044412496407,False,False,0.45572619313917684
n_total,10000,end,0.7139141496601591,2,5,consensus_gini_stability,3,0.9126621201819693,False,False,0.5770080215312783
n_total,10000,end,0.7139141496601591,2,5,consensus_gini_stability,4,0.8753927468686906,False,False,0.6020551999556939
n_total,10000,end,0.7139141496601591,2,5,consensus_gini_stability,5,0.9144406867874659,True,True,0.7100348054810295
n_total,10000,end,0.7139141496601591,2,5,consensus_gini_stability,6,0.8785673497099693,False,False,0.5341832017058509
n_total,10000,end,0.7139141496601591,2,5,consensus_gini_stability,7,0.8700691728428004,False,False,0.45572619313917684
n_total,10000,end,0.7139141496601591,2,5,consensus_pac_stability,3,0.8739468146814682,True,False,0.5770080215312783
n_total,10000,end,0.7139141496601591,2,5,consensus_pac_stability,4,0.8241831183118312,False,False,0.6020551999556939
n_total,10000,end,0.7139141496601591,2,5,consensus_pac_stability,5,0.8364752275227523,False,True,0.7100348054810295
n_total,10000,end,0.7139141496601591,2,5,consensus_pac_stability,6,0.8077202520252025,False,False,0.5341832017058509
n_total,10000,end,0.7139141496601591,2,5,consensus_pac_stability,7,0.8043560356035604,False,False,0.45572619313917684
n_total,10000,end,0.7139141496601591,2,5,silhouette,3,0.05019084611904035,False,False,0.5700177753299221
n_total,10000,end,0.7139141496601591,2,5,silhouette,4,0.04797629602467745,False,False,0.5771804424335321
n_total,10000,end,0.7139141496601591,2,5,silhouette,5,0.05134026746002647,True,True,0.7139141496601591
n_total,10000,end,0.7139141496601591,2,5,silhouette,6,0.04355870940225645,False,False,0.5323706992769223
n_total,10000,end,0.7139141496601591,2,5,silhouette,7,0.041088413994437245,False,False,0.45483918283904295
n_total,10000,end,0.7139141496601591,2,5,gap,3,1.6719646095345837,False,False,0.5700177753299221
n_total,10000,end,0.7139141496601591,2,5,gap,4,1.6853118255330664,False,False,0.5771804424335321
n_total,10000,end,0.7139141496601591,2,5,gap,5,1.6981736779365697,False,True,0.7139141496601591
n_total,10000,end,0.7139141496601591,2,5,gap,6,1.70955031099707,False,False,0.5323706992769223
n_total,10000,end,0.7139141496601591,2,5,gap,7,1.7168028685542183,True,False,0.45483918283904295
n_total,10000,end,0.7139141496601591,2,5,davies_bouldin,3,0.20147480083587335,False,False,0.5700177753299221
n_total,10000,end,0.7139141496601591,2,5,davies_bouldin,4,0.2094198366542518,False,False,0.5771804424335321
n_total,10000,end,0.7139141496601591,2,5,davies_bouldin,5,0.22396236348440787,True,True,0.7139141496601591
n_total,10000,end,0.7139141496601591,2,5,davies_bouldin,6,0.21101370201172026,False,False,0.5323706992769223
n_total,10000,end,0.7139141496601591,2,5,davies_bouldin,7,0.21620917059560968,False,False,0.45483918283904295
n_total,10000,end,0.7139141496601591,2,5,calinski_harabasz,3,447.9917066098081,True,False,0.5700177753299221
n_total,10000,end,0.7139141496601591,2,5,calinski_harabasz,4,384.8393718150182,False,False,0.5771804424335321
n_total,10000,end,0.7139141496601591,2,5,calinski_harabasz,5,345.69198743366906,False,True,0.7139141496601591
n_total,10000,end,0.7139141496601591,2,5,calinski_harabasz,6,316.85012272103853,False,False,0.5323706992769223
n_total,10000,end,0.7139141496601591,2,5,calinski_harabasz,7,288.69822343691624,False,False,0.45483918283904295
n_total,10000,end,0.7799861278870723,3,5,accuracy_generalizability,3,0.8939472956896461,True,False,0.602528668763037
n_total,10000,end,0.7799861278870723,3,5,accuracy_generalizability,4,0.8840888135098965,False,False,0.7496936731228031
n_total,10000,end,0.7799861278870723,3,5,accuracy_generalizability,5,0.8532781573979841,False,True,0.767247926775934
n_total,10000,end,0.7799861278870723,3,5,accuracy_generalizability,6,0.7151234653432561,False,False,0.7923108675584533
n_total,10000,end,0.7799861278870723,3,5,accuracy_generalizability,7,0.6384968353726104,False,False,0.6042446984164398
n_total,10000,end,0.7799861278870723,3,5,ari_generalizability,3,0.7130047597988161,False,False,0.602528668763037
n_total,10000,end,0.7799861278870723,3,5,ari_generalizability,4,0.7262378953311187,True,False,0.7496936731228031
n_total,10000,end,0.7799861278870723,3,5,ari_generalizability,5,0.6868184862600698,False,True,0.767247926775934
n_total,10000,end,0.7799861278870723,3,5,ari_generalizability,6,0.5128333234227755,False,False,0.7923108675584533
n_total,10000,end,0.7799861278870723,3,5,ari_generalizability,7,0.46255384757350293,False,False,0.6042446984164398
n_total,10000,end,0.7799861278870723,3,5,ari_generalizability_1se,3,0.7130047597988161,False,False,0.602528668763037
n_total,10000,end,0.7799861278870723,3,5,ari_generalizability_1se,4,0.7262378953311187,True,False,0.7496936731228031
n_total,10000,end,0.7799861278870723,3,5,ari_generalizability_1se,5,0.6868184862600698,False,True,0.767247926775934
n_total,10000,end,0.7799861278870723,3,5,ari_generalizability_1se,6,0.5128333234227755,False,False,0.7923108675584533
n_total,10000,end,0.7799861278870723,3,5,ari_generalizability_1se,7,0.46255384757350293,False,False,0.6042446984164398
n_total,10000,end,0.7799861278870723,3,5,ari_generalizability_quant,3,0.7130047597988161,False,False,0.602528668763037
n_total,10000,end,0.7799861278870723,3,5,ari_generalizability_quant,4,0.7262378953311187,True,False,0.7496936731228031
n_total,10000,end,0.7799861278870723,3,5,ari_generalizability_quant,5,0.6868184862600698,False,True,0.767247926775934
n_total,10000,end,0.7799861278870723,3,5,ari_generalizability_quant,6,0.5128333234227755,False,False,0.7923108675584533
n_total,10000,end,0.7799861278870723,3,5,ari_generalizability_quant,7,0.46255384757350293,False,False,0.6042446984164398
n_total,10000,end,0.7799861278870723,3,5,ari_stability,3,0.9271390398173588,False,False,0.6118279168882267
n_total,10000,end,0.7799861278870723,3,5,ari_stability,4,0.953828940094428,True,False,0.7467370963197874
n_total,10000,end,0.7799861278870723,3,5,ari_stability,5,0.9535357031751989,False,True,0.7801763883583617
n_total,10000,end,0.7799861278870723,3,5,ari_stability,6,0.7199397695003601,False,False,0.6142984994094923
n_total,10000,end,0.7799861278870723,3,5,ari_stability,7,0.6707879682604642,False,False,0.533474427587514
n_total,10000,end,0.7799861278870723,3,5,ari_stability_1se,3,0.9271390398173588,False,False,0.6118279168882267
n_total,10000,end,0.7799861278870723,3,5,ari_stability_1se,4,0.953828940094428,False,False,0.7467370963197874
n_total,10000,end,0.7799861278870723,3,5,ari_stability_1se,5,0.9535357031751989,True,True,0.7801763883583617
n_total,10000,end,0.7799861278870723,3,5,ari_stability_1se,6,0.7199397695003601,False,False,0.6142984994094923
n_total,10000,end,0.7799861278870723,3,5,ari_stability_1se,7,0.6707879682604642,False,False,0.533474427587514
n_total,10000,end,0.7799861278870723,3,5,ari_stability_quant,3,0.9271390398173588,False,False,0.6118279168882267
n_total,10000,end,0.7799861278870723,3,5,ari_stability_quant,4,0.953828940094428,False,False,0.7467370963197874
n_total,10000,end,0.7799861278870723,3,5,ari_stability_quant,5,0.9535357031751989,True,True,0.7801763883583617
n_total,10000,end,0.7799861278870723,3,5,ari_stability_quant,6,0.7199397695003601,False,False,0.6142984994094923
n_total,10000,end,0.7799861278870723,3,5,ari_stability_quant,7,0.6707879682604642,False,False,0.533474427587514
n_total,10000,end,0.7799861278870723,3,5,consensus_ce_stability,3,0.9288831835352387,False,False,0.6118279168882267
n_total,10000,end,0.7799861278870723,3,5,consensus_ce_stability,4,0.9580684043145049,False,False,0.7467370963197874
n_total,10000,end,0.7799861278870723,3,5,consensus_ce_stability,5,0.9610884394336124,True,True,0.7801763883583617
n_total,10000,end,0.7799861278870723,3,5,consensus_ce_stability,6,0.825187718964835,False,False,0.6142984994094923
n_total,10000,end,0.7799861278870723,3,5,consensus_ce_stability,7,0.8059887891552648,False,False,0.533474427587514
n_total,10000,end,0.7799861278870723,3,5,consensus_gini_stability,3,0.9375095250105853,False,False,0.6118279168882267
n_total,10000,end,0.7799861278870723,3,5,consensus_gini_stability,4,0.9630284998373602,False,False,0.7467370963197874
n_total,10000,end,0.7799861278870723,3,5,consensus_gini_stability,5,0.9656464672945911,True,True,0.7801763883583617
n_total,10000,end,0.7799861278870723,3,5,consensus_gini_stability,6,0.8381869261398766,False,False,0.6142984994094923
n_total,10000,end,0.7799861278870723,3,5,consensus_gini_stability,7,0.8266049927836435,False,False,0.533474427587514
n_total,10000,end,0.7799861278870723,3,5,consensus_pac_stability,3,0.906385598559856,False,False,0.6118279168882267
n_total,10000,end,0.7799861278870723,3,5,consensus_pac_stability,4,0.9446270827082708,False,False,0.7467370963197874
n_total,10000,end,0.7799861278870723,3,5,consensus_pac_stability,5,0.9482230823082308,True,True,0.7801763883583617
n_total,10000,end,0.7799861278870723,3,5,consensus_pac_stability,6,0.7838328632863286,False,False,0.6142984994094923
n_total,10000,end,0.7799861278870723,3,5,consensus_pac_stability,7,0.7399628762876287,False,False,0.533474427587514
n_total,10000,end,0.7799861278870723,3,5,silhouette,3,0.049350567110160004,False,False,0.6171937640096836
n_total,10000,end,0.7799861278870723,3,5,silhouette,4,0.05248071418432566,False,False,0.7444940388461305
n_total,10000,end,0.7799861278870723,3,5,silhouette,5,0.05346077233669719,True,True,0.7799861278870723
n_total,10000,end,0.7799861278870723,3,5,silhouette,6,0.0437518677098791,False,False,0.6114818432144112
n_total,10000,end,0.7799861278870723,3,5,silhouette,7,0.041149522468405864,False,False,0.5157754988601954
n_total,10000,end,0.7799861278870723,3,5,gap,3,1.658527711111958,False,False,0.6171937640096836
n_total,10000,end,0.7799861278870723,3,5,gap,4,1.6753327310215127,False,False,0.7444940388461305
n_total,10000,end,0.7799861278870723,3,5,gap,5,1.6881066409584342,False,True,0.7799861278870723
n_total,10000,end,0.7799861278870723,3,5,gap,6,1.6974119742101124,False,False,0.6114818432144112
n_total,10000,end,0.7799861278870723,3,5,gap,7,1.7036566617498963,True,False,0.5157754988601954
n_total,10000,end,0.7799861278870723,3,5,davies_bouldin,3,0.1935609287140533,False,False,0.6171937640096836
n_total,10000,end,0.7799861278870723,3,5,davies_bouldin,4,0.21123641228126644,False,False,0.7444940388461305
n_total,10000,end,0.7799861278870723,3,5,davies_bouldin,5,0.22723297120626698,True,True,0.7799861278870723
n_total,10000,end,0.7799861278870723,3,5,davies_bouldin,6,0.20916401391136782,False,False,0.6114818432144112
n_total,10000,end,0.7799861278870723,3,5,davies_bouldin,7,0.2152515587883532,False,False,0.5157754988601954
n_total,10000,end,0.7799861278870723,3,5,calinski_harabasz,3,444.83740485323943,True,False,0.6171937640096836
n_total,10000,end,0.7799861278870723,3,5,calinski_harabasz,4,391.01505375613436,False,False,0.7444940388461305
n_total,10000,end,0.7799861278870723,3,5,calinski_harabasz,5,348.7861274345049,False,True,0.7799861278870723
n_total,10000,end,0.7799861278870723,3,5,calinski_harabasz,6,314.2900632184656,False,False,0.6114818432144112
n_total,10000,end,0.7799861278870723,3,5,calinski_harabasz,7,284.4819172070958,False,False,0.5157754988601954
n_total,10000,end,0.8077393363674908,4,5,accuracy_generalizability,3,0.8838595063057972,True,False,0.3827479146706089
n_total,10000,end,0.8077393363674908,4,5,accuracy_generalizability,4,0.8838062195941817,False,False,0.6070015355839707
n_total,10000,end,0.8077393363674908,4,5,accuracy_generalizability,5,0.8833917355170352,False,True,0.7369922527263878
n_total,10000,end,0.8077393363674908,4,5,accuracy_generalizability,6,0.7563747968511503,False,False,0.7321635496773784
n_total,10000,end,0.8077393363674908,4,5,accuracy_generalizability,7,0.6535144091097541,False,False,0.74205118664959
n_total,10000,end,0.8077393363674908,4,5,ari_generalizability,3,0.6751161554905554,False,False,0.3827479146706089
n_total,10000,end,0.8077393363674908,4,5,ari_generalizability,4,0.7160662346489357,False,False,0.6070015355839707
n_total,10000,end,0.8077393363674908,4,5,ari_generalizability,5,0.7379427798097578,True,True,0.7369922527263878
n_total,10000,end,0.8077393363674908,4,5,ari_generalizability,6,0.5960766135603605,False,False,0.7321635496773784
n_total,10000,end,0.8077393363674908,4,5,ari_generalizability,7,0.4881635659633288,False,False,0.74205118664959
n_total,10000,end,0.8077393363674908,4,5,ari_generalizability_1se,3,0.6751161554905554,False,False,0.3827479146706089
n_total,10000,end,0.8077393363674908,4,5,ari_generalizability_1se,4,0.7160662346489357,False,False,0.6070015355839707
n_total,10000,end,0.8077393363674908,4,5,ari_generalizability_1se,5,0.7379427798097578,True,True,0.7369922527263878
n_total,10000,end,0.8077393363674908,4,5,ari_generalizability_1se,6,0.5960766135603605,False,False,0.7321635496773784
n_total,10000,end,0.8077393363674908,4,5,ari_generalizability_1se,7,0.4881635659633288,False,False,0.74205118664959
n_total,10000,end,0.8077393363674908,4,5,ari_generalizability_quant,3,0.6751161554905554,False,False,0.3827479146706089
n_total,10000,end,0.8077393363674908,4,5,ari_generalizability_quant,4,0.7160662346489357,False,False,0.6070015355839707
n_total,10000,end,0.8077393363674908,4,5,ari_generalizability_quant,5,0.7379427798097578,True,True,0.7369922527263878
n_total,10000,end,0.8077393363674908,4,5,ari_generalizability_quant,6,0.5960766135603605,False,False,0.7321635496773784
n_total,10000,end,0.8077393363674908,4,5,ari_generalizability_quant,7,0.4881635659633288,False,False,0.74205118664959
n_total,10000,end,0.8077393363674908,4,5,ari_stability,3,0.9236260517263915,False,False,0.4438669569253685
n_total,10000,end,0.8077393363674908,4,5,ari_stability,4,0.9375265971230197,False,False,0.6396637901650286
n_total,10000,end,0.8077393363674908,4,5,ari_stability,5,0.9633494451763391,True,True,0.8054482527904046
n_total,10000,end,0.8077393363674908,4,5,ari_stability,6,0.789398420379097,False,False,0.8053271910247621
n_total,10000,end,0.8077393363674908,4,5,ari_stability,7,0.6277780047126127,False,False,0.7932957410516175
n_total,10000,end,0.8077393363674908,4,5,ari_stability_1se,3,0.9236260517263915,False,False,0.4438669569253685
n_total,10000,end,0.8077393363674908,4,5,ari_stability_1se,4,0.9375265971230197,False,False,0.6396637901650286
n_total,10000,end,0.8077393363674908,4,5,ari_stability_1se,5,0.9633494451763391,True,True,0.8054482527904046
n_total,10000,end,0.8077393363674908,4,5,ari_stability_1se,6,0.789398420379097,False,False,0.8053271910247621
n_total,10000,end,0.8077393363674908,4,5,ari_stability_1se,7,0.6277780047126127,False,False,0.7932957410516175
n_total,10000,end,0.8077393363674908,4,5,ari_stability_quant,3,0.9236260517263915,False,False,0.4438669569253685
n_total,10000,end,0.8077393363674908,4,5,ari_stability_quant,4,0.9375265971230197,False,False,0.6396637901650286
n_total,10000,end,0.8077393363674908,4,5,ari_stability_quant,5,0.9633494451763391,True,True,0.8054482527904046
n_total,10000,end,0.8077393363674908,4,5,ari_stability_quant,6,0.789398420379097,False,False,0.8053271910247621
n_total,10000,end,0.8077393363674908,4,5,ari_stability_quant,7,0.6277780047126127,False,False,0.7932957410516175
n_total,10000,end,0.8077393363674908,4,5,consensus_ce_stability,3,0.9253274376988695,False,False,0.4438669569253685
n_total,10000,end,0.8077393363674908,4,5,consensus_ce_stability,4,0.9479629157032908,False,False,0.6396637901650286
n_total,10000,end,0.8077393363674908,4,5,consensus_ce_stability,5,0.9735382411917349,True,True,0.8054482527904046
n_total,10000,end,0.8077393363674908,4,5,consensus_ce_stability,6,0.867142721073854,False,False,0.8053271910247621
n_total,10000,end,0.8077393363674908,4,5,consensus_ce_stability,7,0.794337217917083,False,False,0.7932957410516175
n_total,10000,end,0.8077393363674908,4,5,consensus_gini_stability,3,0.9333047045728082,False,False,0.4438669569253685
n_total,10000,end,0.8077393363674908,4,5,consensus_gini_stability,4,0.9541656893801486,False,False,0.6396637901650286
n_total,10000,end,0.8077393363674908,4,5,consensus_gini_stability,5,0.9766431212095537,True,True,0.8054482527904046
n_total,10000,end,0.8077393363674908,4,5,consensus_gini_stability,6,0.8838968365954956,False,False,0.8053271910247621
n_total,10000,end,0.8077393363674908,4,5,consensus_gini_stability,7,0.8154012362479982,False,False,0.7932957410516175
n_total,10000,end,0.8077393363674908,4,5,consensus_pac_stability,3,0.903657505750575,False,False,0.4438669569253685
n_total,10000,end,0.8077393363674908,4,5,consensus_pac_stability,4,0.9301604960496049,False,False,0.6396637901650286
n_total,10000,end,0.8077393363674908,4,5,consensus_pac_stability,5,0.9650278227822783,True,True,0.8054482527904046
n_total,10000,end,0.8077393363674908,4,5,consensus_pac_stability,6,0.8225569156915692,False,False,0.8053271910247621
n_total,10000,end,0.8077393363674908,4,5,consensus_pac_stability,7,0.7337440744074408,False,False,0.7932957410516175
n_total,10000,end,0.8077393363674908,4,5,silhouette,3,0.045709621921820716,False,False,0.4378124014597016
n_total,10000,end,0.8077393363674908,4,5,silhouette,4,0.050801009440789205,False,False,0.6409973928505631
n_total,10000,end,0.8077393363674908,4,5,silhouette,5,0.05512205371381382,True,True,0.8077393363674908
n_total,10000,end,0.8077393363674908,4,5,silhouette,6,0.045639292533519664,False,False,0.6825193281268743
n_total,10000,end,0.8077393363674908,4,5,silhouette,7,0.040971641078718486,False,False,0.5981241614888065
n_total,10000,end,0.8077393363674908,4,5,gap,3,1.6350559799357818,False,False,0.4378124014597016
n_total,10000,end,0.8077393363674908,4,5,gap,4,1.6568259431885615,False,False,0.6409973928505631
n_total,10000,end,0.8077393363674908,4,5,gap,5,1.671684629070711,False,True,0.8077393363674908
n_total,10000,end,0.8077393363674908,4,5,gap,6,1.6770085786006241,False,False,0.6825193281268743
n_total,10000,end,0.8077393363674908,4,5,gap,7,1.6819439555282436,True,False,0.5981241614888065
n_total,10000,end,0.8077393363674908,4,5,davies_bouldin,3,0.20005224212243924,False,False,0.4378124014597016
n_total,10000,end,0.8077393363674908,4,5,davies_bouldin,4,0.21933069665608868,False,False,0.6409973928505631
n_total,10000,end,0.8077393363674908,4,5,davies_bouldin,5,0.22864688000514263,True,True,0.8077393363674908
n_total,10000,end,0.8077393363674908,4,5,davies_bouldin,6,0.20923802432216046,False,False,0.6825193281268743
n_total,10000,end,0.8077393363674908,4,5,davies_bouldin,7,0.20243778463444287,False,False,0.5981241614888065
n_total,10000,end,0.8077393363674908,4,5,calinski_harabasz,3,440.02363748223075,True,False,0.4378124014597016
n_total,10000,end,0.8077393363674908,4,5,calinski_harabasz,4,407.66199987506286,False,False,0.6409973928505631
n_total,10000,end,0.8077393363674908,4,5,calinski_harabasz,5,367.8023532196363,False,True,0.8077393363674908
n_total,10000,end,0.8077393363674908,4,5,calinski_harabasz,6,320.334224167669,False,False,0.6825193281268743
n_total,10000,end,0.8077393363674908,4,5,calinski_harabasz,7,286.91059381518215,False,False,0.5981241614888065
n_total,10000,end,0.40099652480951736,5,5,accuracy_generalizability,3,0.8349600291098205,True,False,0.6011206168539932
n_total,10000,end,0.40099652480951736,5,5,accuracy_generalizability,4,0.7445430095550377,False,False,0.632178682599253
n_total,10000,end,0.40099652480951736,5,5,accuracy_generalizability,5,0.7736916570409988,False,True,0.39154004721761704
n_total,10000,end,0.40099652480951736,5,5,accuracy_generalizability,6,0.7009927316492405,False,False,0.47188975102137976
n_total,10000,end,0.40099652480951736,5,5,accuracy_generalizability,7,0.6685553727698597,False,False,0.38445055651092336
n_total,10000,end,0.40099652480951736,5,5,ari_generalizability,3,0.6092910598086765,True,False,0.6011206168539932
n_total,10000,end,0.40099652480951736,5,5,ari_generalizability,4,0.5165558556778024,False,False,0.632178682599253
n_total,10000,end,0.40099652480951736,5,5,ari_generalizability,5,0.5083653314388201,False,True,0.39154004721761704
n_total,10000,end,0.40099652480951736,5,5,ari_generalizability,6,0.45219815885838827,False,False,0.47188975102137976
n_total,10000,end,0.40099652480951736,5,5,ari_generalizability,7,0.4202065053013536,False,False,0.38445055651092336
n_total,10000,end,0.40099652480951736,5,5,ari_generalizability_1se,3,0.6092910598086765,True,False,0.6011206168539932
n_total,10000,end,0.40099652480951736,5,5,ari_generalizability_1se,4,0.5165558556778024,False,False,0.632178682599253
n_total,10000,end,0.40099652480951736,5,5,ari_generalizability_1se,5,0.5083653314388201,False,True,0.39154004721761704
n_total,10000,end,0.40099652480951736,5,5,ari_generalizability_1se,6,0.45219815885838827,False,False,0.47188975102137976
n_total,10000,end,0.40099652480951736,5,5,ari_generalizability_1se,7,0.4202065053013536,False,False,0.38445055651092336
n_total,10000,end,0.40099652480951736,5,5,ari_generalizability_quant,3,0.6092910598086765,True,False,0.6011206168539932
n_total,10000,end,0.40099652480951736,5,5,ari_generalizability_quant,4,0.5165558556778024,False,False,0.632178682599253
n_total,10000,end,0.40099652480951736,5,5,ari_generalizability_quant,5,0.5083653314388201,False,True,0.39154004721761704
n_total,10000,end,0.40099652480951736,5,5,ari_generalizability_quant,6,0.45219815885838827,False,False,0.47188975102137976
n_total,10000,end,0.40099652480951736,5,5,ari_generalizability_quant,7,0.4202065053013536,False,False,0.38445055651092336
n_total,10000,end,0.40099652480951736,5,5,ari_stability,3,0.8663777702326365,True,False,0.4985419001593678
n_total,10000,end,0.40099652480951736,5,5,ari_stability,4,0.78220938125775,False,False,0.5462597461699424
n_total,10000,end,0.40099652480951736,5,5,ari_stability,5,0.8035670807310322,False,True,0.40273718759952953
n_total,10000,end,0.40099652480951736,5,5,ari_stability,6,0.6853744224149168,False,False,0.4829783254655833
n_total,10000,end,0.40099652480951736,5,5,ari_stability,7,0.6322269320384981,False,False,0.39860724298893074
n_total,10000,end,0.40099652480951736,5,5,ari_stability_1se,3,0.8663777702326365,True,False,0.4985419001593678
n_total,10000,end,0.40099652480951736,5,5,ari_stability_1se,4,0.78220938125775,False,False,0.5462597461699424
n_total,10000,end,0.40099652480951736,5,5,ari_stability_1se,5,0.8035670807310322,False,True,0.40273718759952953
n_total,10000,end,0.40099652480951736,5,5,ari_stability_1se,6,0.6853744224149168,False,False,0.4829783254655833
n_total,10000,end,0.40099652480951736,5,5,ari_stability_1se,7,0.6322269320384981,False,False,0.39860724298893074
n_total,10000,end,0.40099652480951736,5,5,ari_stability_quant,3,0.8663777702326365,False,False,0.4985419001593678
n_total,10000,end,0.40099652480951736,5,5,ari_stability_quant,4,0.78220938125775,False,False,0.5462597461699424
n_total,10000,end,0.40099652480951736,5,5,ari_stability_quant,5,0.8035670807310322,True,True,0.40273718759952953
n_total,10000,end,0.40099652480951736,5,5,ari_stability_quant,6,0.6853744224149168,False,False,0.4829783254655833
n_total,10000,end,0.40099652480951736,5,5,ari_stability_quant,7,0.6322269320384981,False,False,0.39860724298893074
n_total,10000,end,0.40099652480951736,5,5,consensus_ce_stability,3,0.861390432297941,False,False,0.4985419001593678
n_total,10000,end,0.40099652480951736,5,5,consensus_ce_stability,4,0.8095695945680602,False,False,0.5462597461699424
n_total,10000,end,0.40099652480951736,5,5,consensus_ce_stability,5,0.8655531485330689,True,True,0.40273718759952953
n_total,10000,end,0.40099652480951736,5,5,consensus_ce_stability,6,0.7992665722524162,False,False,0.4829783254655833
n_total,10000,end,0.40099652480951736,5,5,consensus_ce_stability,7,0.7946411852111461,False,False,0.39860724298893074
n_total,10000,end,0.40099652480951736,5,5,consensus_gini_stability,3,0.879815482903138,False,False,0.4985419001593678
n_total,10000,end,0.40099652480951736,5,5,consensus_gini_stability,4,0.8422942935857407,False,False,0.5462597461699424
n_total,10000,end,0.40099652480951736,5,5,consensus_gini_stability,5,0.8814451590360203,True,True,0.40273718759952953
n_total,10000,end,0.40099652480951736,5,5,consensus_gini_stability,6,0.8253701537747604,False,False,0.4829783254655833
n_total,10000,end,0.40099652480951736,5,5,consensus_gini_stability,7,0.8130497342160797,False,False,0.39860724298893074
n_total,10000,end,0.40099652480951736,5,5,consensus_pac_stability,3,0.8248954295429543,True,False,0.4985419001593678
n_total,10000,end,0.40099652480951736,5,5,consensus_pac_stability,4,0.7186287628762876,False,False,0.5462597461699424
n_total,10000,end,0.40099652480951736,5,5,consensus_pac_stability,5,0.8211295329532953,False,True,0.40273718759952953
n_total,10000,end,0.40099652480951736,5,5,consensus_pac_stability,6,0.7184983498349835,False,False,0.4829783254655833
n_total,10000,end,0.40099652480951736,5,5,consensus_pac_stability,7,0.7384011801180118,False,False,0.39860724298893074
n_total,10000,end,0.40099652480951736,5,5,silhouette,3,0.046824412268004434,False,False,0.4956594618728617
n_total,10000,end,0.40099652480951736,5,5,silhouette,4,0.047021824573421425,True,False,0.5431356891303349
n_total,10000,end,0.40099652480951736,5,5,silhouette,5,0.039102292994016144,False,True,0.40099652480951736
n_total,10000,end,0.40099652480951736,5,5,silhouette,6,0.04264238171145212,False,False,0.4841183708590241
n_total,10000,end,0.40099652480951736,5,5,silhouette,7,0.03970446406466723,False,False,0.3965340338216941
n_total,10000,end,0.40099652480951736,5,5,gap,3,1.6182907153545472,False,False,0.4956594618728617
n_total,10000,end,0.40099652480951736,5,5,gap,4,1.6320214417683445,False,False,0.5431356891303349
n_total,10000,end,0.40099652480951736,5,5,gap,5,1.6462773658989072,False,True,0.40099652480951736
n_total,10000,end,0.40099652480951736,5,5,gap,6,1.656758512012491,False,False,0.4841183708590241
n_total,10000,end,0.40099652480951736,5,5,gap,7,1.6661521960643668,True,False,0.3965340338216941
n_total,10000,end,0.40099652480951736,5,5,davies_bouldin,3,0.1979425428779934,False,False,0.4956594618728617
n_total,10000,end,0.40099652480951736,5,5,davies_bouldin,4,0.20999033628028435,False,False,0.5431356891303349
n_total,10000,end,0.40099652480951736,5,5,davies_bouldin,5,0.20161434989200686,False,True,0.40099652480951736
n_total,10000,end,0.40099652480951736,5,5,davies_bouldin,6,0.21031924477765102,False,False,0.4841183708590241
n_total,10000,end,0.40099652480951736,5,5,davies_bouldin,7,0.21503720635570941,True,False,0.3965340338216941
n_total,10000,end,0.40099652480951736,5,5,calinski_harabasz,3,426.4721409812685,True,False,0.4956594618728617
n_total,10000,end,0.40099652480951736,5,5,calinski_harabasz,4,368.166583765639,False,False,0.5431356891303349
n_total,10000,end,0.40099652480951736,5,5,calinski_harabasz,5,334.7110014590426,False,True,0.40099652480951736
n_total,10000,end,0.40099652480951736,5,5,calinski_harabasz,6,305.2657683167723,False,False,0.4841183708590241
n_total,10000,end,0.40099652480951736,5,5,calinski_harabasz,7,282.34195886874033,False,False,0.3965340338216941
n_total,10000,end,0.5103809050540812,6,5,accuracy_generalizability,3,0.9118747928811456,True,False,0.6375037855751311
n_total,10000,end,0.5103809050540812,6,5,accuracy_generalizability,4,0.8656292615424159,False,False,0.7348984433708688
n_total,10000,end,0.5103809050540812,6,5,accuracy_generalizability,5,0.7306682363874762,False,True,0.7291416806704349
n_total,10000,end,0.5103809050540812,6,5,accuracy_generalizability,6,0.7967623548579933,False,False,0.5826454445118489
n_total,10000,end,0.5103809050540812,6,5,accuracy_generalizability,7,0.7012525878390549,False,False,0.5897323747729318
n_total,10000,end,0.5103809050540812,6,5,ari_generalizability,3,0.7599417773830257,True,False,0.6375037855751311
n_total,10000,end,0.5103809050540812,6,5,ari_generalizability,4,0.7041127859849747,False,False,0.7348984433708688
n_total,10000,end,0.5103809050540812,6,5,ari_generalizability,5,0.5489900530313565,False,True,0.7291416806704349
n_total,10000,end,0.5103809050540812,6,5,ari_generalizability,6,0.5908319356111972,False,False,0.5826454445118489
n_total,10000,end,0.5103809050540812,6,5,ari_generalizability,7,0.5291336641912764,False,False,0.5897323747729318
n_total,10000,end,0.5103809050540812,6,5,ari_generalizability_1se,3,0.7599417773830257,True,False,0.6375037855751311
n_total,10000,end,0.5103809050540812,6,5,ari_generalizability_1se,4,0.7041127859849747,False,False,0.7348984433708688
n_total,10000,end,0.5103809050540812,6,5,ari_generalizability_1se,5,0.5489900530313565,False,True,0.7291416806704349
n_total,10000,end,0.5103809050540812,6,5,ari_generalizability_1se,6,0.5908319356111972,False,False,0.5826454445118489
n_total,10000,end,0.5103809050540812,6,5,ari_generalizability_1se,7,0.5291336641912764,False,False,0.5897323747729318
n_total,10000,end,0.5103809050540812,6,5,ari_generalizability_quant,3,0.7599417773830257,True,False,0.6375037855751311
n_total,10000,end,0.5103809050540812,6,5,ari_generalizability_quant,4,0.7041127859849747,False,False,0.7348984433708688
n_total,10000,end,0.5103809050540812,6,5,ari_generalizability_quant,5,0.5489900530313565,False,True,0.7291416806704349
n_total,10000,end,0.5103809050540812,6,5,ari_generalizability_quant,6,0.5908319356111972,False,False,0.5826454445118489
n_total,10000,end,0.5103809050540812,6,5,ari_generalizability_quant,7,0.5291336641912764,False,False,0.5897323747729318
n_total,10000,end,0.5103809050540812,6,5,ari_stability,3,0.9577985788076119,True,False,0.6628411405163147
n_total,10000,end,0.5103809050540812,6,5,ari_stability,4,0.9293431469943388,False,False,0.7129854241010791
n_total,10000,end,0.5103809050540812,6,5,ari_stability,5,0.7771597733708002,False,True,0.508951723683907
n_total,10000,end,0.5103809050540812,6,5,ari_stability,6,0.8578509866897857,False,False,0.6097285533029334
n_total,10000,end,0.5103809050540812,6,5,ari_stability,7,0.7117069865366876,False,False,0.5326672136837192
n_total,10000,end,0.5103809050540812,6,5,ari_stability_1se,3,0.9577985788076119,True,False,0.6628411405163147
n_total,10000,end,0.5103809050540812,6,5,ari_stability_1se,4,0.9293431469943388,False,False,0.7129854241010791
n_total,10000,end,0.5103809050540812,6,5,ari_stability_1se,5,0.7771597733708002,False,True,0.508951723683907
n_total,10000,end,0.5103809050540812,6,5,ari_stability_1se,6,0.8578509866897857,False,False,0.6097285533029334
n_total,10000,end,0.5103809050540812,6,5,ari_stability_1se,7,0.7117069865366876,False,False,0.5326672136837192
n_total,10000,end,0.5103809050540812,6,5,ari_stability_quant,3,0.9577985788076119,False,False,0.6628411405163147
n_total,10000,end,0.5103809050540812,6,5,ari_stability_quant,4,0.9293431469943388,True,False,0.7129854241010791
n_total,10000,end,0.5103809050540812,6,5,ari_stability_quant,5,0.7771597733708002,False,True,0.508951723683907
n_total,10000,end,0.5103809050540812,6,5,ari_stability_quant,6,0.8578509866897857,False,False,0.6097285533029334
n_total,10000,end,0.5103809050540812,6,5,ari_stability_quant,7,0.7117069865366876,False,False,0.5326672136837192
n_total,10000,end,0.5103809050540812,6,5,consensus_ce_stability,3,0.9594171042572436,True,False,0.6628411405163147
n_total,10000,end,0.5103809050540812,6,5,consensus_ce_stability,4,0.9368992508474865,False,False,0.7129854241010791
n_total,10000,end,0.5103809050540812,6,5,consensus_ce_stability,5,0.8297517485568214,False,True,0.508951723683907
n_total,10000,end,0.5103809050540812,6,5,consensus_ce_stability,6,0.9015293352547996,False,False,0.6097285533029334
n_total,10000,end,0.5103809050540812,6,5,consensus_ce_stability,7,0.841683203569152,False,False,0.5326672136837192
n_total,10000,end,0.5103809050540812,6,5,consensus_gini_stability,3,0.9646726556090623,True,False,0.6628411405163147
n_total,10000,end,0.5103809050540812,6,5,consensus_gini_stability,4,0.9441734374490738,False,False,0.7129854241010791
n_total,10000,end,0.5103809050540812,6,5,consensus_gini_stability,5,0.8468391825040009,False,True,0.508951723683907
n_total,10000,end,0.5103809050540812,6,5,consensus_gini_stability,6,0.9130407311994737,False,False,0.6097285533029334
n_total,10000,end,0.5103809050540812,6,5,consensus_gini_stability,7,0.8559120653190181,False,False,0.5326672136837192
n_total,10000,end,0.5103809050540812,6,5,consensus_pac_stability,3,0.9488212821282128,True,False,0.6628411405163147
n_total,10000,end,0.5103809050540812,6,5,consensus_pac_stability,4,0.915840804080408,False,False,0.7129854241010791
n_total,10000,end,0.5103809050540812,6,5,consensus_pac_stability,5,0.7746542454245424,False,True,0.508951723683907
n_total,10000,end,0.5103809050540812,6,5,consensus_pac_stability,6,0.873583598359836,False,False,0.6097285533029334
n_total,10000,end,0.5103809050540812,6,5,consensus_pac_stability,7,0.7981579757975797,False,False,0.5326672136837192
n_total,10000,end,0.5103809050540812,6,5,silhouette,3,0.05693603120957298,True,False,0.661619961433359
n_total,10000,end,0.5103809050540812,6,5,silhouette,4,0.054184248654252636,False,False,0.7051610259718182
n_total,10000,end,0.5103809050540812,6,5,silhouette,5,0.04129506769584351,False,True,0.5103809050540812
n_total,10000,end,0.5103809050540812,6,5,silhouette,6,0.04459491711685862,False,False,0.6117036684784286
n_total,10000,end,0.5103809050540812,6,5,silhouette,7,0.04126445877230629,False,False,0.5245914143825922
n_total,10000,end,0.5103809050540812,6,5,gap,3,1.6381432954708863,False,False,0.661619961433359
n_total,10000,end,0.5103809050540812,6,5,gap,4,1.651636777137849,False,False,0.7051610259718182
n_total,10000,end,0.5103809050540812,6,5,gap,5,1.6624445208412197,False,True,0.5103809050540812
n_total,10000,end,0.5103809050540812,6,5,gap,6,1.6736665249173264,False,False,0.6117036684784286
n_total,10000,end,0.5103809050540812,6,5,gap,7,1.6798696674375115,True,False,0.5245914143825922
n_total,10000,end,0.5103809050540812,6,5,davies_bouldin,3,0.20075927823926573,False,False,0.661619961433359
n_total,10000,end,0.5103809050540812,6,5,davies_bouldin,4,0.20932659571583334,False,False,0.7051610259718182
n_total,10000,end,0.5103809050540812,6,5,davies_bouldin,5,0.1965512889699046,False,True,0.5103809050540812
n_total,10000,end,0.5103809050540812,6,5,davies_bouldin,6,0.20620187590226696,False,False,0.6117036684784286
n_total,10000,end,0.5103809050540812,6,5,davies_bouldin,7,0.20976130080278588,True,False,0.5245914143825922
n_total,10000,end,0.5103809050540812,6,5,calinski_harabasz,3,510.607971957225,True,False,0.661619961433359
n_total,10000,end,0.5103809050540812,6,5,calinski_harabasz,4,424.311756801746,False,False,0.7051610259718182
n_total,10000,end,0.5103809050540812,6,5,calinski_harabasz,5,368.3394792139339,False,True,0.5103809050540812
n_total,10000,end,0.5103809050540812,6,5,calinski_harabasz,6,334.51390143308373,False,False,0.6117036684784286
n_total,10000,end,0.5103809050540812,6,5,calinski_harabasz,7,301.44111070489976,False,False,0.5245914143825922
n_total,10000,end,0.4790450035413965,7,5,accuracy_generalizability,3,0.7329382019914518,False,False,0.555065883651255
n_total,10000,end,0.4790450035413965,7,5,accuracy_generalizability,4,0.8695122984839263,True,False,0.6828542265313127
n_total,10000,end,0.4790450035413965,7,5,accuracy_generalizability,5,0.7223941897405879,False,True,0.699305422220522
n_total,10000,end,0.4790450035413965,7,5,accuracy_generalizability,6,0.7304243194407207,False,False,0.7578374119547421
n_total,10000,end,0.4790450035413965,7,5,accuracy_generalizability,7,0.682428549566574,False,False,0.4541183419998785
n_total,10000,end,0.4790450035413965,7,5,ari_generalizability,3,0.48996037054312475,False,False,0.555065883651255
n_total,10000,end,0.4790450035413965,7,5,ari_generalizability,4,0.6865303182847646,True,False,0.6828542265313127
n_total,10000,end,0.4790450035413965,7,5,ari_generalizability,5,0.489634217452483,False,True,0.699305422220522
n_total,10000,end,0.4790450035413965,7,5,ari_generalizability,6,0.4852547927033192,False,False,0.7578374119547421
n_total,10000,end,0.4790450035413965,7,5,ari_generalizability,7,0.4780210695030259,False,False,0.4541183419998785
n_total,10000,end,0.4790450035413965,7,5,ari_generalizability_1se,3,0.48996037054312475,False,False,0.555065883651255
n_total,10000,end,0.4790450035413965,7,5,ari_generalizability_1se,4,0.6865303182847646,True,False,0.6828542265313127
n_total,10000,end,0.4790450035413965,7,5,ari_generalizability_1se,5,0.489634217452483,False,True,0.699305422220522
n_total,10000,end,0.4790450035413965,7,5,ari_generalizability_1se,6,0.4852547927033192,False,False,0.7578374119547421
n_total,10000,end,0.4790450035413965,7,5,ari_generalizability_1se,7,0.4780210695030259,False,False,0.4541183419998785
n_total,10000,end,0.4790450035413965,7,5,ari_generalizability_quant,3,0.48996037054312475,False,False,0.555065883651255
n_total,10000,end,0.4790450035413965,7,5,ari_generalizability_quant,4,0.6865303182847646,True,False,0.6828542265313127
n_total,10000,end,0.4790450035413965,7,5,ari_generalizability_quant,5,0.489634217452483,False,True,0.699305422220522
n_total,10000,end,0.4790450035413965,7,5,ari_generalizability_quant,6,0.4852547927033192,False,False,0.7578374119547421
n_total,10000,end,0.4790450035413965,7,5,ari_generalizability_quant,7,0.4780210695030259,False,False,0.4541183419998785
n_total,10000,end,0.4790450035413965,7,5,ari_stability,3,0.6575507811258211,False,False,0.550241151761448
n_total,10000,end,0.4790450035413965,7,5,ari_stability,4,0.9451427210990269,True,False,0.6691321811380566
n_total,10000,end,0.4790450035413965,7,5,ari_stability,5,0.7126338306164155,False,True,0.48202071131456287
n_total,10000,end,0.4790450035413965,7,5,ari_stability,6,0.7366094058643675,False,False,0.5340540089420387
n_total,10000,end,0.4790450035413965,7,5,ari_stability,7,0.6587564144406994,False,False,0.4674287648072595
n_total,10000,end,0.4790450035413965,7,5,ari_stability_1se,3,0.6575507811258211,False,False,0.550241151761448
n_total,10000,end,0.4790450035413965,7,5,ari_stability_1se,4,0.9451427210990269,True,False,0.6691321811380566
n_total,10000,end,0.4790450035413965,7,5,ari_stability_1se,5,0.7126338306164155,False,True,0.48202071131456287
n_total,10000,end,0.4790450035413965,7,5,ari_stability_1se,6,0.7366094058643675,False,False,0.5340540089420387
n_total,10000,end,0.4790450035413965,7,5,ari_stability_1se,7,0.6587564144406994,False,False,0.4674287648072595
n_total,10000,end,0.4790450035413965,7,5,ari_stability_quant,3,0.6575507811258211,False,False,0.550241151761448
n_total,10000,end,0.4790450035413965,7,5,ari_stability_quant,4,0.9451427210990269,True,False,0.6691321811380566
n_total,10000,end,0.4790450035413965,7,5,ari_stability_quant,5,0.7126338306164155,False,True,0.48202071131456287
n_total,10000,end,0.4790450035413965,7,5,ari_stability_quant,6,0.7366094058643675,False,False,0.5340540089420387
n_total,10000,end,0.4790450035413965,7,5,ari_stability_quant,7,0.6587564144406994,False,False,0.4674287648072595
n_total,10000,end,0.4790450035413965,7,5,consensus_ce_stability,3,0.6974000807117692,False,False,0.550241151761448
n_total,10000,end,0.4790450035413965,7,5,consensus_ce_stability,4,0.9497895216605572,True,False,0.6691321811380566
n_total,10000,end,0.4790450035413965,7,5,consensus_ce_stability,5,0.7956468348696202,False,True,0.48202071131456287
n_total,10000,end,0.4790450035413965,7,5,consensus_ce_stability,6,0.8308758721960811,False,False,0.5340540089420387
n_total,10000,end,0.4790450035413965,7,5,consensus_ce_stability,7,0.819219560660047,False,False,0.4674287648072595
n_total,10000,end,0.4790450035413965,7,5,consensus_gini_stability,3,0.7179148786961674,False,False,0.550241151761448
n_total,10000,end,0.4790450035413965,7,5,consensus_gini_stability,4,0.9558335843174469,True,False,0.6691321811380566
n_total,10000,end,0.4790450035413965,7,5,consensus_gini_stability,5,0.8182185660633177,False,True,0.48202071131456287
n_total,10000,end,0.4790450035413965,7,5,consensus_gini_stability,6,0.8485098955909407,False,False,0.5340540089420387
n_total,10000,end,0.4790450035413965,7,5,consensus_gini_stability,7,0.8364766937661973,False,False,0.4674287648072595
n_total,10000,end,0.4790450035413965,7,5,consensus_pac_stability,3,0.6337420542054206,False,False,0.550241151761448
n_total,10000,end,0.4790450035413965,7,5,consensus_pac_stability,4,0.9333397939793979,True,False,0.6691321811380566
n_total,10000,end,0.4790450035413965,7,5,consensus_pac_stability,5,0.724215601560156,False,True,0.48202071131456287
n_total,10000,end,0.4790450035413965,7,5,consensus_pac_stability,6,0.7756108810881088,False,False,0.5340540089420387
n_total,10000,end,0.4790450035413965,7,5,consensus_pac_stability,7,0.7660871687168717,False,False,0.4674287648072595
n_total,10000,end,0.4790450035413965,7,5,silhouette,3,0.04963988729722431,False,False,0.516340625238566
n_total,10000,end,0.4790450035413965,7,5,silhouette,4,0.054276130774558805,True,False,0.669045003142144
n_total,10000,end,0.4790450035413965,7,5,silhouette,5,0.04143050218286577,False,True,0.4790450035413965
n_total,10000,end,0.4790450035413965,7,5,silhouette,6,0.04400945418270608,False,False,0.5383328029130507
n_total,10000,end,0.4790450035413965,7,5,silhouette,7,0.04102411543649857,False,False,0.4566074603438424
n_total,10000,end,0.4790450035413965,7,5,gap,3,1.642885186857466,False,False,0.516340625238566
n_total,10000,end,0.4790450035413965,7,5,gap,4,1.6613494942332885,False,False,0.669045003142144
n_total,10000,end,0.4790450035413965,7,5,gap,5,1.672484192272993,False,True,0.4790450035413965
n_total,10000,end,0.4790450035413965,7,5,gap,6,1.68315534505561,False,False,0.5383328029130507
n_total,10000,end,0.4790450035413965,7,5,gap,7,1.69038924896034,True,False,0.4566074603438424
n_total,10000,end,0.4790450035413965,7,5,davies_bouldin,3,0.19858090028747877,False,False,0.516340625238566
n_total,10000,end,0.4790450035413965,7,5,davies_bouldin,4,0.2180512990594702,True,False,0.669045003142144
n_total,10000,end,0.4790450035413965,7,5,davies_bouldin,5,0.2020692868912662,False,True,0.4790450035413965
n_total,10000,end,0.4790450035413965,7,5,davies_bouldin,6,0.2080716613720137,False,False,0.5383328029130507
n_total,10000,end,0.4790450035413965,7,5,davies_bouldin,7,0.21404780489340422,False,False,0.4566074603438424
n_total,10000,end,0.4790450035413965,7,5,calinski_harabasz,3,454.7479931742205,True,False,0.516340625238566
n_total,10000,end,0.4790450035413965,7,5,calinski_harabasz,4,407.58552601541334,False,False,0.669045003142144
n_total,10000,end,0.4790450035413965,7,5,calinski_harabasz,5,356.64158748662226,False,True,0.4790450035413965
n_total,10000,end,0.4790450035413965,7,5,calinski_harabasz,6,323.74747945795514,False,False,0.5383328029130507
n_total,10000,end,0.4790450035413965,7,5,calinski_harabasz,7,294.27069288231,False,False,0.4566074603438424
n_total,10000,end,0.7954791181810592,8,5,accuracy_generalizability,3,0.748800147382385,False,False,0.4557520764613168
n_total,10000,end,0.7954791181810592,8,5,accuracy_generalizability,4,0.8949375558574655,True,False,0.6765563319752513
n_total,10000,end,0.7954791181810592,8,5,accuracy_generalizability,5,0.8851566243353153,False,True,0.8124165592998845
n_total,10000,end,0.7954791181810592,8,5,accuracy_generalizability,6,0.7577254867628284,False,False,0.8273901601004731
n_total,10000,end,0.7954791181810592,8,5,accuracy_generalizability,7,0.7305939224047424,False,False,0.6917090757750425
n_total,10000,end,0.7954791181810592,8,5,ari_generalizability,3,0.4642656489766875,False,False,0.4557520764613168
n_total,10000,end,0.7954791181810592,8,5,ari_generalizability,4,0.7402732002855703,False,False,0.6765563319752513
n_total,10000,end,0.7954791181810592,8,5,ari_generalizability,5,0.7449682036259209,True,True,0.8124165592998845
n_total,10000,end,0.7954791181810592,8,5,ari_generalizability,6,0.5873710030480583,False,False,0.8273901601004731
n_total,10000,end,0.7954791181810592,8,5,ari_generalizability,7,0.5780547830147921,False,False,0.6917090757750425
n_total,10000,end,0.7954791181810592,8,5,ari_generalizability_1se,3,0.4642656489766875,False,False,0.4557520764613168
n_total,10000,end,0.7954791181810592,8,5,ari_generalizability_1se,4,0.7402732002855703,False,False,0.6765563319752513
n_total,10000,end,0.7954791181810592,8,5,ari_generalizability_1se,5,0.7449682036259209,True,True,0.8124165592998845
n_total,10000,end,0.7954791181810592,8,5,ari_generalizability_1se,6,0.5873710030480583,False,False,0.8273901601004731
n_total,10000,end,0.7954791181810592,8,5,ari_generalizability_1se,7,0.5780547830147921,False,False,0.6917090757750425
n_total,10000,end,0.7954791181810592,8,5,ari_generalizability_quant,3,0.4642656489766875,False,False,0.4557520764613168
n_total,10000,end,0.7954791181810592,8,5,ari_generalizability_quant,4,0.7402732002855703,False,False,0.6765563319752513
n_total,10000,end,0.7954791181810592,8,5,ari_generalizability_quant,5,0.7449682036259209,True,True,0.8124165592998845
n_total,10000,end,0.7954791181810592,8,5,ari_generalizability_quant,6,0.5873710030480583,False,False,0.8273901601004731
n_total,10000,end,0.7954791181810592,8,5,ari_generalizability_quant,7,0.5780547830147921,False,False,0.6917090757750425
n_total,10000,end,0.7954791181810592,8,5,ari_stability,3,0.6828592409243331,False,False,0.5066302701117088
n_total,10000,end,0.7954791181810592,8,5,ari_stability,4,0.9542611254139193,False,False,0.6824838966117893
n_total,10000,end,0.7954791181810592,8,5,ari_stability,5,0.957128317619794,True,True,0.7986489495134296
n_total,10000,end,0.7954791181810592,8,5,ari_stability,6,0.7562587121120964,False,False,0.8161404341365315
n_total,10000,end,0.7954791181810592,8,5,ari_stability,7,0.7579096065025152,False,False,0.5813426577935147
n_total,10000,end,0.7954791181810592,8,5,ari_stability_1se,3,0.6828592409243331,False,False,0.5066302701117088
n_total,10000,end,0.7954791181810592,8,5,ari_stability_1se,4,0.9542611254139193,False,False,0.6824838966117893
n_total,10000,end,0.7954791181810592,8,5,ari_stability_1se,5,0.957128317619794,True,True,0.7986489495134296
n_total,10000,end,0.7954791181810592,8,5,ari_stability_1se,6,0.7562587121120964,False,False,0.8161404341365315
n_total,10000,end,0.7954791181810592,8,5,ari_stability_1se,7,0.7579096065025152,False,False,0.5813426577935147
n_total,10000,end,0.7954791181810592,8,5,ari_stability_quant,3,0.6828592409243331,False,False,0.5066302701117088
n_total,10000,end,0.7954791181810592,8,5,ari_stability_quant,4,0.9542611254139193,False,False,0.6824838966117893
n_total,10000,end,0.7954791181810592,8,5,ari_stability_quant,5,0.957128317619794,True,True,0.7986489495134296
n_total,10000,end,0.7954791181810592,8,5,ari_stability_quant,6,0.7562587121120964,False,False,0.8161404341365315
n_total,10000,end,0.7954791181810592,8,5,ari_stability_quant,7,0.7579096065025152,False,False,0.5813426577935147
n_total,10000,end,0.7954791181810592,8,5,consensus_ce_stability,3,0.7230345099313711,False,False,0.5066302701117088
n_total,10000,end,0.7954791181810592,8,5,consensus_ce_stability,4,0.9607575791750244,False,False,0.6824838966117893
n_total,10000,end,0.7954791181810592,8,5,consensus_ce_stability,5,0.9675791574071085,True,True,0.7986489495134296
n_total,10000,end,0.7954791181810592,8,5,consensus_ce_stability,6,0.8535831892312952,False,False,0.8161404341365315
n_total,10000,end,0.7954791181810592,8,5,consensus_ce_stability,7,0.8668168290876375,False,False,0.5813426577935147
n_total,10000,end,0.7954791181810592,8,5,consensus_gini_stability,3,0.7401157788196912,False,False,0.5066302701117088
n_total,10000,end,0.7954791181810592,8,5,consensus_gini_stability,4,0.9654035272201723,False,False,0.6824838966117893
n_total,10000,end,0.7954791181810592,8,5,consensus_gini_stability,5,0.9712911766409498,True,True,0.7986489495134296
n_total,10000,end,0.7954791181810592,8,5,consensus_gini_stability,6,0.8649320271369628,False,False,0.8161404341365315
n_total,10000,end,0.7954791181810592,8,5,consensus_gini_stability,7,0.8810438301652206,False,False,0.5813426577935147
n_total,10000,end,0.7954791181810592,8,5,consensus_pac_stability,3,0.6775848984898489,False,False,0.5066302701117088
n_total,10000,end,0.7954791181810592,8,5,consensus_pac_stability,4,0.9471003700370038,False,False,0.6824838966117893
n_total,10000,end,0.7954791181810592,8,5,consensus_pac_stability,5,0.9571765376537654,True,True,0.7986489495134296
n_total,10000,end,0.7954791181810592,8,5,consensus_pac_stability,6,0.8176868686868687,False,False,0.8161404341365315
n_total,10000,end,0.7954791181810592,8,5,consensus_pac_stability,7,0.8250732073207321,False,False,0.5813426577935147
n_total,10000,end,0.7954791181810592,8,5,silhouette,3,0.04665884882677907,False,False,0.499876201330908
n_total,10000,end,0.7954791181810592,8,5,silhouette,4,0.052568701010105724,False,False,0.6829146049512875
n_total,10000,end,0.7954791181810592,8,5,silhouette,5,0.05473355609259372,True,True,0.7954791181810592
n_total,10000,end,0.7954791181810592,8,5,silhouette,6,0.045227661651248426,False,False,0.6538453453891536
n_total,10000,end,0.7954791181810592,8,5,silhouette,7,0.04229986634042807,False,False,0.5725980704965521
n_total,10000,end,0.7954791181810592,8,5,gap,3,1.6353222423746807,False,False,0.499876201330908
n_total,10000,end,0.7954791181810592,8,5,gap,4,1.6573274552811093,False,False,0.6829146049512875
n_total,10000,end,0.7954791181810592,8,5,gap,5,1.6722305771347408,False,True,0.7954791181810592
n_total,10000,end,0.7954791181810592,8,5,gap,6,1.679561128467821,False,False,0.6538453453891536
n_total,10000,end,0.7954791181810592,8,5,gap,7,1.6848308040626243,True,False,0.5725980704965521
n_total,10000,end,0.7954791181810592,8,5,davies_bouldin,3,0.19967887765902764,False,False,0.499876201330908
n_total,10000,end,0.7954791181810592,8,5,davies_bouldin,4,0.2160149904863885,False,False,0.6829146049512875
n_total,10000,end,0.7954791181810592,8,5,davies_bouldin,5,0.22719191172048586,True,True,0.7954791181810592
n_total,10000,end,0.7954791181810592,8,5,davies_bouldin,6,0.20957228393359262,False,False,0.6538453453891536
n_total,10000,end,0.7954791181810592,8,5,davies_bouldin,7,0.21427626472066985,False,False,0.5725980704965521
n_total,10000,end,0.7954791181810592,8,5,calinski_harabasz,3,436.77929762949924,True,False,0.499876201330908
n_total,10000,end,0.7954791181810592,8,5,calinski_harabasz,4,405.6600416171335,False,False,0.6829146049512875
n_total,10000,end,0.7954791181810592,8,5,calinski_harabasz,5,366.34152036316834,False,True,0.7954791181810592
n_total,10000,end,0.7954791181810592,8,5,calinski_harabasz,6,324.1166758629398,False,False,0.6538453453891536
n_total,10000,end,0.7954791181810592,8,5,calinski_harabasz,7,290.58880180363303,False,False,0.5725980704965521
n_total,10000,end,0.8547086803704224,9,5,accuracy_generalizability,3,0.919183447049335,True,False,0.6113452843334933
n_total,10000,end,0.8547086803704224,9,5,accuracy_generalizability,4,0.8991260561059645,False,False,0.7463006244539481
n_total,10000,end,0.8547086803704224,9,5,accuracy_generalizability,5,0.7873743398776942,False,True,0.7619750628598465
n_total,10000,end,0.8547086803704224,9,5,accuracy_generalizability,6,0.6858153737884377,False,False,0.7769071347814944
n_total,10000,end,0.8547086803704224,9,5,accuracy_generalizability,7,0.7163122065083933,False,False,0.6692688103804185
n_total,10000,end,0.8547086803704224,9,5,ari_generalizability,3,0.7710675400867345,True,False,0.6113452843334933
n_total,10000,end,0.8547086803704224,9,5,ari_generalizability,4,0.7603743807131406,False,False,0.7463006244539481
n_total,10000,end,0.8547086803704224,9,5,ari_generalizability,5,0.6547139519157438,False,True,0.7619750628598465
n_total,10000,end,0.8547086803704224,9,5,ari_generalizability,6,0.5398004917466128,False,False,0.7769071347814944
n_total,10000,end,0.8547086803704224,9,5,ari_generalizability,7,0.49827542243724027,False,False,0.6692688103804185
n_total,10000,end,0.8547086803704224,9,5,ari_generalizability_1se,3,0.7710675400867345,True,False,0.6113452843334933
n_total,10000,end,0.8547086803704224,9,5,ari_generalizability_1se,4,0.7603743807131406,False,False,0.7463006244539481
n_total,10000,end,0.8547086803704224,9,5,ari_generalizability_1se,5,0.6547139519157438,False,True,0.7619750628598465
n_total,10000,end,0.8547086803704224,9,5,ari_generalizability_1se,6,0.5398004917466128,False,False,0.7769071347814944
n_total,10000,end,0.8547086803704224,9,5,ari_generalizability_1se,7,0.49827542243724027,False,False,0.6692688103804185
n_total,10000,end,0.8547086803704224,9,5,ari_generalizability_quant,3,0.7710675400867345,False,False,0.6113452843334933
n_total,10000,end,0.8547086803704224,9,5,ari_generalizability_quant,4,0.7603743807131406,True,False,0.7463006244539481
n_total,10000,end,0.8547086803704224,9,5,ari_generalizability_quant,5,0.6547139519157438,False,True,0.7619750628598465
n_total,10000,end,0.8547086803704224,9,5,ari_generalizability_quant,6,0.5398004917466128,False,False,0.7769071347814944
n_total,10000,end,0.8547086803704224,9,5,ari_generalizability_quant,7,0.49827542243724027,False,False,0.6692688103804185
n_total,10000,end,0.8547086803704224,9,5,ari_stability,3,0.9548963458322806,False,False,0.6311404924004126
n_total,10000,end,0.8547086803704224,9,5,ari_stability,4,0.9617027875637776,True,False,0.7609697041968496
n_total,10000,end,0.8547086803704224,9,5,ari_stability,5,0.9137300128614589,False,True,0.8528254670330904
n_total,10000,end,0.8547086803704224,9,5,ari_stability,6,0.7484781823157819,False,False,0.8391333405352933
n_total,10000,end,0.8547086803704224,9,5,ari_stability,7,0.7291097409258953,False,False,0.5795878259192873
n_total,10000,end,0.8547086803704224,9,5,ari_stability_1se,3,0.9548963458322806,False,False,0.6311404924004126
n_total,10000,end,0.8547086803704224,9,5,ari_stability_1se,4,0.9617027875637776,True,False,0.7609697041968496
n_total,10000,end,0.8547086803704224,9,5,ari_stability_1se,5,0.9137300128614589,False,True,0.8528254670330904
n_total,10000,end,0.8547086803704224,9,5,ari_stability_1se,6,0.7484781823157819,False,False,0.8391333405352933
n_total,10000,end,0.8547086803704224,9,5,ari_stability_1se,7,0.7291097409258953,False,False,0.5795878259192873
n_total,10000,end,0.8547086803704224,9,5,ari_stability_quant,3,0.9548963458322806,False,False,0.6311404924004126
n_total,10000,end,0.8547086803704224,9,5,ari_stability_quant,4,0.9617027875637776,True,False,0.7609697041968496
n_total,10000,end,0.8547086803704224,9,5,ari_stability_quant,5,0.9137300128614589,False,True,0.8528254670330904
n_total,10000,end,0.8547086803704224,9,5,ari_stability_quant,6,0.7484781823157819,False,False,0.8391333405352933
n_total,10000,end,0.8547086803704224,9,5,ari_stability_quant,7,0.7291097409258953,False,False,0.5795878259192873
n_total,10000,end,0.8547086803704224,9,5,consensus_ce_stability,3,0.9556582322705554,False,False,0.6311404924004126
n_total,10000,end,0.8547086803704224,9,5,consensus_ce_stability,4,0.967796612757222,True,False,0.7609697041968496
n_total,10000,end,0.8547086803704224,9,5,consensus_ce_stability,5,0.9320080708960562,False,True,0.8528254670330904
n_total,10000,end,0.8547086803704224,9,5,consensus_ce_stability,6,0.8295133323233768,False,False,0.8391333405352933
n_total,10000,end,0.8547086803704224,9,5,consensus_ce_stability,7,0.8495320426508377,False,False,0.5795878259192873
n_total,10000,end,0.8547086803704224,9,5,consensus_gini_stability,3,0.9609268032794808,False,False,0.6311404924004126
n_total,10000,end,0.8547086803704224,9,5,consensus_gini_stability,4,0.9715352595517929,True,False,0.7609697041968496
n_total,10000,end,0.8547086803704224,9,5,consensus_gini_stability,5,0.9480060738302025,False,True,0.8528254670330904
n_total,10000,end,0.8547086803704224,9,5,consensus_gini_stability,6,0.8461163582464425,False,False,0.8391333405352933
n_total,10000,end,0.8547086803704224,9,5,consensus_gini_stability,7,0.8658351586603609,False,False,0.5795878259192873
n_total,10000,end,0.8547086803704224,9,5,consensus_pac_stability,3,0.9405284728472847,False,False,0.6311404924004126
n_total,10000,end,0.8547086803704224,9,5,consensus_pac_stability,4,0.9573345334533453,True,False,0.7609697041968496
n_total,10000,end,0.8547086803704224,9,5,consensus_pac_stability,5,0.9005804580458046,False,True,0.8528254670330904
n_total,10000,end,0.8547086803704224,9,5,consensus_pac_stability,6,0.785990199019902,False,False,0.8391333405352933
n_total,10000,end,0.8547086803704224,9,5,consensus_pac_stability,7,0.8004490449044904,False,False,0.5795878259192873
n_total,10000,end,0.8547086803704224,9,5,silhouette,3,0.05369861090625239,False,False,0.6325056347279052
n_total,10000,end,0.8547086803704224,9,5,silhouette,4,0.055188705739490175,False,False,0.76065852981032
n_total,10000,end,0.8547086803704224,9,5,silhouette,5,0.057287490063362964,True,True,0.8547086803704224
n_total,10000,end,0.8547086803704224,9,5,silhouette,6,0.04828131978523253,False,False,0.7093667755139147
n_total,10000,end,0.8547086803704224,9,5,silhouette,7,0.041229352769947346,False,False,0.5738931772603901
n_total,10000,end,0.8547086803704224,9,5,gap,3,1.6612747943798851,False,False,0.6325056347279052
n_total,10000,end,0.8547086803704224,9,5,gap,4,1.6767479803101608,False,False,0.76065852981032
n_total,10000,end,0.8547086803704224,9,5,gap,5,1.6861912065542448,False,True,0.8547086803704224
n_total,10000,end,0.8547086803704224,9,5,gap,6,1.6939467027239452,False,False,0.7093667755139147
n_total,10000,end,0.8547086803704224,9,5,gap,7,1.7017411017249486,True,False,0.5738931772603901
n_total,10000,end,0.8547086803704224,9,5,davies_bouldin,3,0.20278656622790658,False,False,0.6325056347279052
n_total,10000,end,0.8547086803704224,9,5,davies_bouldin,4,0.20872156577663317,False,False,0.76065852981032
n_total,10000,end,0.8547086803704224,9,5,davies_bouldin,5,0.22297290205142417,True,True,0.8547086803704224
n_total,10000,end,0.8547086803704224,9,5,davies_bouldin,6,0.20830457312302297,False,False,0.7093667755139147
n_total,10000,end,0.8547086803704224,9,5,davies_bouldin,7,0.1978594329308672,False,False,0.5738931772603901
n_total,10000,end,0.8547086803704224,9,5,calinski_harabasz,3,494.1204906233149,True,False,0.6325056347279052
n_total,10000,end,0.8547086803704224,9,5,calinski_harabasz,4,422.13435251609343,False,False,0.76065852981032
n_total,10000,end,0.8547086803704224,9,5,calinski_harabasz,5,363.2114477828792,False,True,0.8547086803704224
n_total,10000,end,0.8547086803704224,9,5,calinski_harabasz,6,322.1861151356242,False,False,0.7093667755139147
n_total,10000,end,0.8547086803704224,9,5,calinski_harabasz,7,293.69737194351785,False,False,0.5738931772603901
n_total,10000,end,0.767217081394982,10,5,accuracy_generalizability,3,0.9041247766439281,True,False,0.509976524205226
n_total,10000,end,0.767217081394982,10,5,accuracy_generalizability,4,0.8758027480665536,False,False,0.651762861763113
n_total,10000,end,0.767217081394982,10,5,accuracy_generalizability,5,0.86877646200086,False,True,0.7121198777065834
n_total,10000,end,0.767217081394982,10,5,accuracy_generalizability,6,0.7175228279186143,False,False,0.7167093457586806
n_total,10000,end,0.767217081394982,10,5,accuracy_generalizability,7,0.6837636073555637,False,False,0.7148038418778533
n_total,10000,end,0.767217081394982,10,5,ari_generalizability,3,0.7327195259464564,True,False,0.509976524205226
n_total,10000,end,0.767217081394982,10,5,ari_generalizability,4,0.7111380650732176,False,False,0.651762861763113
n_total,10000,end,0.767217081394982,10,5,ari_generalizability,5,0.7176949327897911,False,True,0.7121198777065834
n_total,10000,end,0.767217081394982,10,5,ari_generalizability,6,0.5677832262680957,False,False,0.7167093457586806
n_total,10000,end,0.767217081394982,10,5,ari_generalizability,7,0.4936487268750291,False,False,0.7148038418778533
n_total,10000,end,0.767217081394982,10,5,ari_generalizability_1se,3,0.7327195259464564,True,False,0.509976524205226
n_total,10000,end,0.767217081394982,10,5,ari_generalizability_1se,4,0.7111380650732176,False,False,0.651762861763113
n_total,10000,end,0.767217081394982,10,5,ari_generalizability_1se,5,0.7176949327897911,False,True,0.7121198777065834
n_total,10000,end,0.767217081394982,10,5,ari_generalizability_1se,6,0.5677832262680957,False,False,0.7167093457586806
n_total,10000,end,0.767217081394982,10,5,ari_generalizability_1se,7,0.4936487268750291,False,False,0.7148038418778533
n_total,10000,end,0.767217081394982,10,5,ari_generalizability_quant,3,0.7327195259464564,False,False,0.509976524205226
n_total,10000,end,0.767217081394982,10,5,ari_generalizability_quant,4,0.7111380650732176,False,False,0.651762861763113
n_total,10000,end,0.767217081394982,10,5,ari_generalizability_quant,5,0.7176949327897911,True,True,0.7121198777065834
n_total,10000,end,0.767217081394982,10,5,ari_generalizability_quant,6,0.5677832262680957,False,False,0.7167093457586806
n_total,10000,end,0.767217081394982,10,5,ari_generalizability_quant,7,0.4936487268750291,False,False,0.7148038418778533
n_total,10000,end,0.767217081394982,10,5,ari_stability,3,0.9377944327115735,False,False,0.5314530427551766
n_total,10000,end,0.767217081394982,10,5,ari_stability,4,0.9261522758863033,False,False,0.6954745174841641
n_total,10000,end,0.767217081394982,10,5,ari_stability,5,0.9607104815719293,True,True,0.7695332397226909
n_total,10000,end,0.767217081394982,10,5,ari_stability,6,0.7627828669190453,False,False,0.7533143649201705
n_total,10000,end,0.767217081394982,10,5,ari_stability,7,0.6803477520334552,False,False,0.5723669883868662
n_total,10000,end,0.767217081394982,10,5,ari_stability_1se,3,0.9377944327115735,False,False,0.5314530427551766
n_total,10000,end,0.767217081394982,10,5,ari_stability_1se,4,0.9261522758863033,False,False,0.6954745174841641
n_total,10000,end,0.767217081394982,10,5,ari_stability_1se,5,0.9607104815719293,True,True,0.7695332397226909
n_total,10000,end,0.767217081394982,10,5,ari_stability_1se,6,0.7627828669190453,False,False,0.7533143649201705
n_total,10000,end,0.767217081394982,10,5,ari_stability_1se,7,0.6803477520334552,False,False,0.5723669883868662
n_total,10000,end,0.767217081394982,10,5,ari_stability_quant,3,0.9377944327115735,False,False,0.5314530427551766
n_total,10000,end,0.767217081394982,10,5,ari_stability_quant,4,0.9261522758863033,False,False,0.6954745174841641
n_total,10000,end,0.767217081394982,10,5,ari_stability_quant,5,0.9607104815719293,True,True,0.7695332397226909
n_total,10000,end,0.767217081394982,10,5,ari_stability_quant,6,0.7627828669190453,False,False,0.7533143649201705
n_total,10000,end,0.767217081394982,10,5,ari_stability_quant,7,0.6803477520334552,False,False,0.5723669883868662
n_total,10000,end,0.767217081394982,10,5,consensus_ce_stability,3,0.9404636965906661,False,False,0.5314530427551766
n_total,10000,end,0.767217081394982,10,5,consensus_ce_stability,4,0.9332143494685057,False,False,0.6954745174841641
n_total,10000,end,0.767217081394982,10,5,consensus_ce_stability,5,0.9706929521807731,True,True,0.7695332397226909
n_total,10000,end,0.767217081394982,10,5,consensus_ce_stability,6,0.8532387464443048,False,False,0.7533143649201705
n_total,10000,end,0.767217081394982,10,5,consensus_ce_stability,7,0.8294543429708771,False,False,0.5723669883868662
n_total,10000,end,0.767217081394982,10,5,consensus_gini_stability,3,0.9476983595768648,False,False,0.5314530427551766
n_total,10000,end,0.767217081394982,10,5,consensus_gini_stability,4,0.9423888049068222,False,False,0.6954745174841641
n_total,10000,end,0.767217081394982,10,5,consensus_gini_stability,5,0.9740725686284273,True,True,0.7695332397226909
n_total,10000,end,0.767217081394982,10,5,consensus_gini_stability,6,0.8697809165141948,False,False,0.7533143649201705
n_total,10000,end,0.767217081394982,10,5,consensus_gini_stability,7,0.8450776579226491,False,False,0.5723669883868662
n_total,10000,end,0.767217081394982,10,5,consensus_pac_stability,3,0.9192774877487748,False,False,0.5314530427551766
n_total,10000,end,0.767217081394982,10,5,consensus_pac_stability,4,0.9046304830483048,False,False,0.6954745174841641
n_total,10000,end,0.767217081394982,10,5,consensus_pac_stability,5,0.9617097909790979,True,True,0.7695332397226909
n_total,10000,end,0.767217081394982,10,5,consensus_pac_stability,6,0.8019364536453646,False,False,0.7533143649201705
n_total,10000,end,0.767217081394982,10,5,consensus_pac_stability,7,0.7804737273727372,False,False,0.5723669883868662
n_total,10000,end,0.767217081394982,10,5,silhouette,3,0.054931068380590975,False,False,0.5328713393201631
n_total,10000,end,0.767217081394982,10,5,silhouette,4,0.05686266861113163,False,False,0.6943370989330446
n_total,10000,end,0.767217081394982,10,5,silhouette,5,0.05887756718458427,True,True,0.767217081394982
n_total,10000,end,0.767217081394982,10,5,silhouette,6,0.05001659976677366,False,False,0.6599202314356107
n_total,10000,end,0.767217081394982,10,5,silhouette,7,0.042629379141490946,False,False,0.5644525039909076
n_total,10000,end,0.767217081394982,10,5,gap,3,1.6621841199413367,False,False,0.5328713393201631
n_total,10000,end,0.767217081394982,10,5,gap,4,1.6809090235978523,False,False,0.6943370989330446
n_total,10000,end,0.767217081394982,10,5,gap,5,1.6966180064523506,False,True,0.767217081394982
n_total,10000,end,0.767217081394982,10,5,gap,6,1.702761956169251,False,False,0.6599202314356107
n_total,10000,end,0.767217081394982,10,5,gap,7,1.7085597232745897,True,False,0.5644525039909076
n_total,10000,end,0.767217081394982,10,5,davies_bouldin,3,0.21731184152926558,False,False,0.5328713393201631
n_total,10000,end,0.767217081394982,10,5,davies_bouldin,4,0.2146740738531412,False,False,0.6943370989330446
n_total,10000,end,0.767217081394982,10,5,davies_bouldin,5,0.2351622022340003,True,True,0.767217081394982
n_total,10000,end,0.767217081394982,10,5,davies_bouldin,6,0.21625117202735425,False,False,0.6599202314356107
n_total,10000,end,0.767217081394982,10,5,davies_bouldin,7,0.2009871004434384,False,False,0.5644525039909076
n_total,10000,end,0.767217081394982,10,5,calinski_harabasz,3,522.9045471022539,True,False,0.5328713393201631
n_total,10000,end,0.767217081394982,10,5,calinski_harabasz,4,452.26944240827675,False,False,0.6943370989330446
n_total,10000,end,0.767217081394982,10,5,calinski_harabasz,5,404.04547333053347,False,True,0.767217081394982
n_total,10000,end,0.767217081394982,10,5,calinski_harabasz,6,351.6791891201142,False,False,0.6599202314356107
n_total,10000,end,0.767217081394982,10,5,calinski_harabasz,7,315.0061431289322,False,False,0.5644525039909076
n_total,10000,end,0.831614393483419,11,5,accuracy_generalizability,3,0.8758147090138378,False,False,0.4929002636605459
n_total,10000,end,0.831614393483419,11,5,accuracy_generalizability,4,0.8862061602519825,True,False,0.6752609680755867
n_total,10000,end,0.831614393483419,11,5,accuracy_generalizability,5,0.8811211824784394,False,True,0.7473511754202745
n_total,10000,end,0.831614393483419,11,5,accuracy_generalizability,6,0.7616874018860798,False,False,0.5927337771486487
n_total,10000,end,0.831614393483419,11,5,accuracy_generalizability,7,0.7130067364329883,False,False,0.5897884331737921
n_total,10000,end,0.831614393483419,11,5,ari_generalizability,3,0.6789460927279113,False,False,0.4929002636605459
n_total,10000,end,0.831614393483419,11,5,ari_generalizability,4,0.7290478953629114,True,False,0.6752609680755867
n_total,10000,end,0.831614393483419,11,5,ari_generalizability,5,0.7281201429409883,False,True,0.7473511754202745
n_total,10000,end,0.831614393483419,11,5,ari_generalizability,6,0.5559990651230552,False,False,0.5927337771486487
n_total,10000,end,0.831614393483419,11,5,ari_generalizability,7,0.5520311517406125,False,False,0.5897884331737921
n_total,10000,end,0.831614393483419,11,5,ari_generalizability_1se,3,0.6789460927279113,False,False,0.4929002636605459
n_total,10000,end,0.831614393483419,11,5,ari_generalizability_1se,4,0.7290478953629114,False,False,0.6752609680755867
n_total,10000,end,0.831614393483419,11,5,ari_generalizability_1se,5,0.7281201429409883,True,True,0.7473511754202745
n_total,10000,end,0.831614393483419,11,5,ari_generalizability_1se,6,0.5559990651230552,False,False,0.5927337771486487
n_total,10000,end,0.831614393483419,11,5,ari_generalizability_1se,7,0.5520311517406125,False,False,0.5897884331737921
n_total,10000,end,0.831614393483419,11,5,ari_generalizability_quant,3,0.6789460927279113,False,False,0.4929002636605459
n_total,10000,end,0.831614393483419,11,5,ari_generalizability_quant,4,0.7290478953629114,False,False,0.6752609680755867
n_total,10000,end,0.831614393483419,11,5,ari_generalizability_quant,5,0.7281201429409883,True,True,0.7473511754202745
n_total,10000,end,0.831614393483419,11,5,ari_generalizability_quant,6,0.5559990651230552,False,False,0.5927337771486487
n_total,10000,end,0.831614393483419,11,5,ari_generalizability_quant,7,0.5520311517406125,False,False,0.5897884331737921
n_total,10000,end,0.831614393483419,11,5,ari_stability,3,0.9083517355799325,False,False,0.5532940185407315
n_total,10000,end,0.831614393483419,11,5,ari_stability,4,0.9463614047277253,False,False,0.7200059196218069
n_total,10000,end,0.831614393483419,11,5,ari_stability,5,0.9673879097297275,True,True,0.8313497687935036
n_total,10000,end,0.831614393483419,11,5,ari_stability,6,0.7553851440727058,False,False,0.636850157681737
n_total,10000,end,0.831614393483419,11,5,ari_stability,7,0.7184022559852459,False,False,0.5627326740313711
n_total,10000,end,0.831614393483419,11,5,ari_stability_1se,3,0.9083517355799325,False,False,0.5532940185407315
n_total,10000,end,0.831614393483419,11,5,ari_stability_1se,4,0.9463614047277253,False,False,0.7200059196218069
n_total,10000,end,0.831614393483419,11,5,ari_stability_1se,5,0.9673879097297275,True,True,0.8313497687935036
n_total,10000,end,0.831614393483419,11,5,ari_stability_1se,6,0.7553851440727058,False,False,0.636850157681737
n_total,10000,end,0.831614393483419,11,5,ari_stability_1se,7,0.7184022559852459,False,False,0.5627326740313711
n_total,10000,end,0.831614393483419,11,5,ari_stability_quant,3,0.9083517355799325,False,False,0.5532940185407315
n_total,10000,end,0.831614393483419,11,5,ari_stability_quant,4,0.9463614047277253,False,False,0.7200059196218069
n_total,10000,end,0.831614393483419,11,5,ari_stability_quant,5,0.9673879097297275,True,True,0.8313497687935036
n_total,10000,end,0.831614393483419,11,5,ari_stability_quant,6,0.7553851440727058,False,False,0.636850157681737
n_total,10000,end,0.831614393483419,11,5,ari_stability_quant,7,0.7184022559852459,False,False,0.5627326740313711
n_total,10000,end,0.831614393483419,11,5,consensus_ce_stability,3,0.9033476504104303,False,False,0.5532940185407315
n_total,10000,end,0.831614393483419,11,5,consensus_ce_stability,4,0.9515455832865624,False,False,0.7200059196218069
n_total,10000,end,0.831614393483419,11,5,consensus_ce_stability,5,0.9763442662337449,True,True,0.8313497687935036
n_total,10000,end,0.831614393483419,11,5,consensus_ce_stability,6,0.8527987890519245,False,False,0.636850157681737
n_total,10000,end,0.831614393483419,11,5,consensus_ce_stability,7,0.8507340934237689,False,False,0.5627326740313711
n_total,10000,end,0.831614393483419,11,5,consensus_gini_stability,3,0.9168211099254447,False,False,0.5532940185407315
n_total,10000,end,0.831614393483419,11,5,consensus_gini_stability,4,0.9572171910293681,False,False,0.7200059196218069
n_total,10000,end,0.831614393483419,11,5,consensus_gini_stability,5,0.9791591054595074,True,True,0.8313497687935036
n_total,10000,end,0.831614393483419,11,5,consensus_gini_stability,6,0.8654093705061745,False,False,0.636850157681737
n_total,10000,end,0.831614393483419,11,5,consensus_gini_stability,7,0.8647497158480928,False,False,0.5627326740313711
n_total,10000,end,0.831614393483419,11,5,consensus_pac_stability,3,0.8698846684668466,False,False,0.5532940185407315
n_total,10000,end,0.831614393483419,11,5,consensus_pac_stability,4,0.9349069506950695,False,False,0.7200059196218069
n_total,10000,end,0.831614393483419,11,5,consensus_pac_stability,5,0.9689069106910692,True,True,0.8313497687935036
n_total,10000,end,0.831614393483419,11,5,consensus_pac_stability,6,0.8129922192219222,False,False,0.636850157681737
n_total,10000,end,0.831614393483419,11,5,consensus_pac_stability,7,0.8072100410041004,False,False,0.5627326740313711
n_total,10000,end,0.831614393483419,11,5,silhouette,3,0.054565496236614844,False,False,0.5569450465428771
n_total,10000,end,0.831614393483419,11,5,silhouette,4,0.05664068297154298,False,False,0.7223846983335555
n_total,10000,end,0.831614393483419,11,5,silhouette,5,0.0604391938474766,True,True,0.831614393483419
n_total,10000,end,0.831614393483419,11,5,silhouette,6,0.04769858952461615,False,False,0.6362219413676647
n_total,10000,end,0.831614393483419,11,5,silhouette,7,0.044450039600290744,False,False,0.5495768740382065
n_total,10000,end,0.831614393483419,11,5,gap,3,1.659350886156794,False,False,0.5569450465428771
n_total,10000,end,0.831614393483419,11,5,gap,4,1.6770016686981997,False,False,0.7223846983335555
n_total,10000,end,0.831614393483419,11,5,gap,5,1.6925922237418902,False,True,0.831614393483419
n_total,10000,end,0.831614393483419,11,5,gap,6,1.702286270602439,False,False,0.6362219413676647
n_total,10000,end,0.831614393483419,11,5,gap,7,1.7082147191609778,True,False,0.5495768740382065
n_total,10000,end,0.831614393483419,11,5,davies_bouldin,3,0.20328137390300627,False,False,0.5569450465428771
n_total,10000,end,0.831614393483419,11,5,davies_bouldin,4,0.21042480075386835,False,False,0.7223846983335555
n_total,10000,end,0.831614393483419,11,5,davies_bouldin,5,0.23454513628484308,True,True,0.831614393483419
n_total,10000,end,0.831614393483419,11,5,davies_bouldin,6,0.2138549316622553,False,False,0.6362219413676647
n_total,10000,end,0.831614393483419,11,5,davies_bouldin,7,0.21832395586691947,False,False,0.5495768740382065
n_total,10000,end,0.831614393483419,11,5,calinski_harabasz,3,490.3064211382089,True,False,0.5569450465428771
n_total,10000,end,0.831614393483419,11,5,calinski_harabasz,4,427.94638046833745,False,False,0.7223846983335555
n_total,10000,end,0.831614393483419,11,5,calinski_harabasz,5,386.1405561189661,False,True,0.831614393483419
n_total,10000,end,0.831614393483419,11,5,calinski_harabasz,6,345.9264615047393,False,False,0.6362219413676647
n_total,10000,end,0.831614393483419,11,5,calinski_harabasz,7,310.66415193050364,False,False,0.5495768740382065
n_total,10000,end,0.7941188709254308,12,5,accuracy_generalizability,3,0.8937690330454485,True,False,0.5505654810163013
n_total,10000,end,0.7941188709254308,12,5,accuracy_generalizability,4,0.8092583584064729,False,False,0.6758449548893753
n_total,10000,end,0.7941188709254308,12,5,accuracy_generalizability,5,0.8654623654436376,False,True,0.7402401975091789
n_total,10000,end,0.7941188709254308,12,5,accuracy_generalizability,6,0.7911769220452349,False,False,0.6017682902791615
n_total,10000,end,0.7941188709254308,12,5,accuracy_generalizability,7,0.7008429691270441,False,False,0.5224206581087882
n_total,10000,end,0.7941188709254308,12,5,ari_generalizability,3,0.7108711606965881,True,False,0.5505654810163013
n_total,10000,end,0.7941188709254308,12,5,ari_generalizability,4,0.646775752852598,False,False,0.6758449548893753
n_total,10000,end,0.7941188709254308,12,5,ari_generalizability,5,0.7034606355287303,False,True,0.7402401975091789
n_total,10000,end,0.7941188709254308,12,5,ari_generalizability,6,0.5989525353371112,False,False,0.6017682902791615
n_total,10000,end,0.7941188709254308,12,5,ari_generalizability,7,0.49098032953514353,False,False,0.5224206581087882
n_total,10000,end,0.7941188709254308,12,5,ari_generalizability_1se,3,0.7108711606965881,True,False,0.5505654810163013
n_total,10000,end,0.7941188709254308,12,5,ari_generalizability_1se,4,0.646775752852598,False,False,0.6758449548893753
n_total,10000,end,0.7941188709254308,12,5,ari_generalizability_1se,5,0.7034606355287303,False,True,0.7402401975091789
n_total,10000,end,0.7941188709254308,12,5,ari_generalizability_1se,6,0.5989525353371112,False,False,0.6017682902791615
n_total,10000,end,0.7941188709254308,12,5,ari_generalizability_1se,7,0.49098032953514353,False,False,0.5224206581087882
n_total,10000,end,0.7941188709254308,12,5,ari_generalizability_quant,3,0.7108711606965881,False,False,0.5505654810163013
n_total,10000,end,0.7941188709254308,12,5,ari_generalizability_quant,4,0.646775752852598,False,False,0.6758449548893753
n_total,10000,end,0.7941188709254308,12,5,ari_generalizability_quant,5,0.7034606355287303,True,True,0.7402401975091789
n_total,10000,end,0.7941188709254308,12,5,ari_generalizability_quant,6,0.5989525353371112,False,False,0.6017682902791615
n_total,10000,end,0.7941188709254308,12,5,ari_generalizability_quant,7,0.49098032953514353,False,False,0.5224206581087882
n_total,10000,end,0.7941188709254308,12,5,ari_stability,3,0.9229276267550577,False,False,0.5834132361144403
n_total,10000,end,0.7941188709254308,12,5,ari_stability,4,0.8726664226335533,False,False,0.7257252232649207
n_total,10000,end,0.7941188709254308,12,5,ari_stability,5,0.9569025206616206,True,True,0.7958030565507926
n_total,10000,end,0.7941188709254308,12,5,ari_stability,6,0.8544619631620156,False,False,0.643432453419617
n_total,10000,end,0.7941188709254308,12,5,ari_stability,7,0.7251527138965709,False,False,0.5538796725866603
n_total,10000,end,0.7941188709254308,12,5,ari_stability_1se,3,0.9229276267550577,False,False,0.5834132361144403
n_total,10000,end,0.7941188709254308,12,5,ari_stability_1se,4,0.8726664226335533,False,False,0.7257252232649207
n_total,10000,end,0.7941188709254308,12,5,ari_stability_1se,5,0.9569025206616206,True,True,0.7958030565507926
n_total,10000,end,0.7941188709254308,12,5,ari_stability_1se,6,0.8544619631620156,False,False,0.643432453419617
n_total,10000,end,0.7941188709254308,12,5,ari_stability_1se,7,0.7251527138965709,False,False,0.5538796725866603
n_total,10000,end,0.7941188709254308,12,5,ari_stability_quant,3,0.9229276267550577,False,False,0.5834132361144403
n_total,10000,end,0.7941188709254308,12,5,ari_stability_quant,4,0.8726664226335533,False,False,0.7257252232649207
n_total,10000,end,0.7941188709254308,12,5,ari_stability_quant,5,0.9569025206616206,True,True,0.7958030565507926
n_total,10000,end,0.7941188709254308,12,5,ari_stability_quant,6,0.8544619631620156,False,False,0.643432453419617
n_total,10000,end,0.7941188709254308,12,5,ari_stability_quant,7,0.7251527138965709,False,False,0.5538796725866603
n_total,10000,end,0.7941188709254308,12,5,consensus_ce_stability,3,0.9208224509865595,False,False,0.5834132361144403
n_total,10000,end,0.7941188709254308,12,5,consensus_ce_stability,4,0.8697255410486048,False,False,0.7257252232649207
n_total,10000,end,0.7941188709254308,12,5,consensus_ce_stability,5,0.9654669883695209,True,True,0.7958030565507926
n_total,10000,end,0.7941188709254308,12,5,consensus_ce_stability,6,0.9016590589065953,False,False,0.643432453419617
n_total,10000,end,0.7941188709254308,12,5,consensus_ce_stability,7,0.8454522340591655,False,False,0.5538796725866603
n_total,10000,end,0.7941188709254308,12,5,consensus_gini_stability,3,0.9301390776773185,False,False,0.5834132361144403
n_total,10000,end,0.7941188709254308,12,5,consensus_gini_stability,4,0.8882027821732122,False,False,0.7257252232649207
n_total,10000,end,0.7941188709254308,12,5,consensus_gini_stability,5,0.9695098761845524,True,True,0.7958030565507926
n_total,10000,end,0.7941188709254308,12,5,consensus_gini_stability,6,0.9131215156742716,False,False,0.643432453419617
n_total,10000,end,0.7941188709254308,12,5,consensus_gini_stability,7,0.8623606058541274,False,False,0.5538796725866603
n_total,10000,end,0.7941188709254308,12,5,consensus_pac_stability,3,0.8927603760376037,False,False,0.5834132361144403
n_total,10000,end,0.7941188709254308,12,5,consensus_pac_stability,4,0.8108147214721473,False,False,0.7257252232649207
n_total,10000,end,0.7941188709254308,12,5,consensus_pac_stability,5,0.9538674667466747,True,True,0.7958030565507926
n_total,10000,end,0.7941188709254308,12,5,consensus_pac_stability,6,0.8677008900890089,False,False,0.643432453419617
n_total,10000,end,0.7941188709254308,12,5,consensus_pac_stability,7,0.7946961696169617,False,False,0.5538796725866603
n_total,10000,end,0.7941188709254308,12,5,silhouette,3,0.05053997439611302,False,False,0.5831822295763663
n_total,10000,end,0.7941188709254308,12,5,silhouette,4,0.05177691848229023,False,False,0.7227244556573124
n_total,10000,end,0.7941188709254308,12,5,silhouette,5,0.05388149065973771,True,True,0.7941188709254308
n_total,10000,end,0.7941188709254308,12,5,silhouette,6,0.04604101864133739,False,False,0.6435080450822165
n_total,10000,end,0.7941188709254308,12,5,silhouette,7,0.04062470771400821,False,False,0.5494481505983099
n_total,10000,end,0.7941188709254308,12,5,gap,3,1.6589014523630325,False,False,0.5831822295763663
n_total,10000,end,0.7941188709254308,12,5,gap,4,1.6729277288463962,False,False,0.7227244556573124
n_total,10000,end,0.7941188709254308,12,5,gap,5,1.687600806030101,False,True,0.7941188709254308
n_total,10000,end,0.7941188709254308,12,5,gap,6,1.6959943794544543,False,False,0.6435080450822165
n_total,10000,end,0.7941188709254308,12,5,gap,7,1.7015287530297343,True,False,0.5494481505983099
n_total,10000,end,0.7941188709254308,12,5,davies_bouldin,3,0.20202629556659701,False,False,0.5831822295763663
n_total,10000,end,0.7941188709254308,12,5,davies_bouldin,4,0.21301276385636486,False,False,0.7227244556573124
n_total,10000,end,0.7941188709254308,12,5,davies_bouldin,5,0.22567823284379895,True,True,0.7941188709254308
n_total,10000,end,0.7941188709254308,12,5,davies_bouldin,6,0.20868327107174164,False,False,0.6435080450822165
n_total,10000,end,0.7941188709254308,12,5,davies_bouldin,7,0.1998937911912665,False,False,0.5494481505983099
n_total,10000,end,0.7941188709254308,12,5,calinski_harabasz,3,469.13651295256216,True,False,0.5831822295763663
n_total,10000,end,0.7941188709254308,12,5,calinski_harabasz,4,399.08130456362596,False,False,0.7227244556573124
n_total,10000,end,0.7941188709254308,12,5,calinski_harabasz,5,360.7564999707799,False,True,0.7941188709254308
n_total,10000,end,0.7941188709254308,12,5,calinski_harabasz,6,322.31757410012,False,False,0.6435080450822165
n_total,10000,end,0.7941188709254308,12,5,calinski_harabasz,7,290.27079577109663,False,False,0.5494481505983099
n_total,10000,end,0.8466694620224978,13,5,accuracy_generalizability,3,0.9227382055675012,True,False,0.5910958802147812
n_total,10000,end,0.8466694620224978,13,5,accuracy_generalizability,4,0.8900923361681345,False,False,0.7377038470571534
n_total,10000,end,0.8466694620224978,13,5,accuracy_generalizability,5,0.8676146940611449,False,True,0.8063912684184281
n_total,10000,end,0.8466694620224978,13,5,accuracy_generalizability,6,0.8201748384339141,False,False,0.6354681533358771
n_total,10000,end,0.8466694620224978,13,5,accuracy_generalizability,7,0.6729855811755712,False,False,0.6471018772822912
n_total,10000,end,0.8466694620224978,13,5,ari_generalizability,3,0.7799452498635508,True,False,0.5910958802147812
n_total,10000,end,0.8466694620224978,13,5,ari_generalizability,4,0.7486834209187456,False,False,0.7377038470571534
n_total,10000,end,0.8466694620224978,13,5,ari_generalizability,5,0.7259280196661589,False,True,0.8063912684184281
n_total,10000,end,0.8466694620224978,13,5,ari_generalizability,6,0.6415174156570697,False,False,0.6354681533358771
n_total,10000,end,0.8466694620224978,13,5,ari_generalizability,7,0.5191910846725665,False,False,0.6471018772822912
n_total,10000,end,0.8466694620224978,13,5,ari_generalizability_1se,3,0.7799452498635508,True,False,0.5910958802147812
n_total,10000,end,0.8466694620224978,13,5,ari_generalizability_1se,4,0.7486834209187456,False,False,0.7377038470571534
n_total,10000,end,0.8466694620224978,13,5,ari_generalizability_1se,5,0.7259280196661589,False,True,0.8063912684184281
n_total,10000,end,0.8466694620224978,13,5,ari_generalizability_1se,6,0.6415174156570697,False,False,0.6354681533358771
n_total,10000,end,0.8466694620224978,13,5,ari_generalizability_1se,7,0.5191910846725665,False,False,0.6471018772822912
n_total,10000,end,0.8466694620224978,13,5,ari_generalizability_quant,3,0.7799452498635508,True,False,0.5910958802147812
n_total,10000,end,0.8466694620224978,13,5,ari_generalizability_quant,4,0.7486834209187456,False,False,0.7377038470571534
n_total,10000,end,0.8466694620224978,13,5,ari_generalizability_quant,5,0.7259280196661589,False,True,0.8063912684184281
n_total,10000,end,0.8466694620224978,13,5,ari_generalizability_quant,6,0.6415174156570697,False,False,0.6354681533358771
n_total,10000,end,0.8466694620224978,13,5,ari_generalizability_quant,7,0.5191910846725665,False,False,0.6471018772822912
n_total,10000,end,0.8466694620224978,13,5,ari_stability,3,0.9584080585296445,True,False,0.6207553522161625
n_total,10000,end,0.8466694620224978,13,5,ari_stability,4,0.9561727412671172,False,False,0.7549814558412595
n_total,10000,end,0.8466694620224978,13,5,ari_stability,5,0.9432342145257379,False,True,0.8445671971093273
n_total,10000,end,0.8466694620224978,13,5,ari_stability,6,0.8735488869326091,False,False,0.6632236537717829
n_total,10000,end,0.8466694620224978,13,5,ari_stability,7,0.7113930223931811,False,False,0.6622657109681411
n_total,10000,end,0.8466694620224978,13,5,ari_stability_1se,3,0.9584080585296445,True,False,0.6207553522161625
n_total,10000,end,0.8466694620224978,13,5,ari_stability_1se,4,0.9561727412671172,False,False,0.7549814558412595
n_total,10000,end,0.8466694620224978,13,5,ari_stability_1se,5,0.9432342145257379,False,True,0.8445671971093273
n_total,10000,end,0.8466694620224978,13,5,ari_stability_1se,6,0.8735488869326091,False,False,0.6632236537717829
n_total,10000,end,0.8466694620224978,13,5,ari_stability_1se,7,0.7113930223931811,False,False,0.6622657109681411
n_total,10000,end,0.8466694620224978,13,5,ari_stability_quant,3,0.9584080585296445,False,False,0.6207553522161625
n_total,10000,end,0.8466694620224978,13,5,ari_stability_quant,4,0.9561727412671172,False,False,0.7549814558412595
n_total,10000,end,0.8466694620224978,13,5,ari_stability_quant,5,0.9432342145257379,True,True,0.8445671971093273
n_total,10000,end,0.8466694620224978,13,5,ari_stability_quant,6,0.8735488869326091,False,False,0.6632236537717829
n_total,10000,end,0.8466694620224978,13,5,ari_stability_quant,7,0.7113930223931811,False,False,0.6622657109681411
n_total,10000,end,0.8466694620224978,13,5,consensus_ce_stability,3,0.9605346315423722,False,False,0.6207553522161625
n_total,10000,end,0.8466694620224978,13,5,consensus_ce_stability,4,0.963319450041929,True,False,0.7549814558412595
n_total,10000,end,0.8466694620224978,13,5,consensus_ce_stability,5,0.9445235334660822,False,True,0.8445671971093273
n_total,10000,end,0.8466694620224978,13,5,consensus_ce_stability,6,0.9190334875242478,False,False,0.6632236537717829
n_total,10000,end,0.8466694620224978,13,5,consensus_ce_stability,7,0.8360210082964517,False,False,0.6622657109681411
n_total,10000,end,0.8466694620224978,13,5,consensus_gini_stability,3,0.9647688921460311,False,False,0.6207553522161625
n_total,10000,end,0.8466694620224978,13,5,consensus_gini_stability,4,0.9676641702541207,True,False,0.7549814558412595
n_total,10000,end,0.8466694620224978,13,5,consensus_gini_stability,5,0.9576559768919133,False,True,0.8445671971093273
n_total,10000,end,0.8466694620224978,13,5,consensus_gini_stability,6,0.9299474669753043,False,False,0.6632236537717829
n_total,10000,end,0.8466694620224978,13,5,consensus_gini_stability,7,0.8520556219157693,False,False,0.6622657109681411
n_total,10000,end,0.8466694620224978,13,5,consensus_pac_stability,3,0.9484290629062906,False,False,0.6207553522161625
n_total,10000,end,0.8466694620224978,13,5,consensus_pac_stability,4,0.9511534553455345,True,False,0.7549814558412595
n_total,10000,end,0.8466694620224978,13,5,consensus_pac_stability,5,0.9154806480648064,False,True,0.8445671971093273
n_total,10000,end,0.8466694620224978,13,5,consensus_pac_stability,6,0.8939009700970098,False,False,0.6632236537717829
n_total,10000,end,0.8466694620224978,13,5,consensus_pac_stability,7,0.7881484348434844,False,False,0.6622657109681411
n_total,10000,end,0.8466694620224978,13,5,silhouette,3,0.05535805967555059,False,False,0.6267185788727334
n_total,10000,end,0.8466694620224978,13,5,silhouette,4,0.05660940883922857,False,False,0.7534037999302937
n_total,10000,end,0.8466694620224978,13,5,silhouette,5,0.05994559081431861,True,True,0.8466694620224978
n_total,10000,end,0.8466694620224978,13,5,silhouette,6,0.04829299585496406,False,False,0.6635013917700942
n_total,10000,end,0.8466694620224978,13,5,silhouette,7,0.04466853119547139,False,False,0.5752271147730954
n_total,10000,end,0.8466694620224978,13,5,gap,3,1.6338373123047774,False,False,0.6267185788727334
n_total,10000,end,0.8466694620224978,13,5,gap,4,1.6494626213441386,False,False,0.7534037999302937
n_total,10000,end,0.8466694620224978,13,5,gap,5,1.6624774691590538,False,True,0.8466694620224978
n_total,10000,end,0.8466694620224978,13,5,gap,6,1.6721635077726553,False,False,0.6635013917700942
n_total,10000,end,0.8466694620224978,13,5,gap,7,1.6778664985570977,True,False,0.5752271147730954
n_total,10000,end,0.8466694620224978,13,5,davies_bouldin,3,0.210926227128682,False,False,0.6267185788727334
n_total,10000,end,0.8466694620224978,13,5,davies_bouldin,4,0.21971126972973473,False,False,0.7534037999302937
n_total,10000,end,0.8466694620224978,13,5,davies_bouldin,5,0.23149514141468686,True,True,0.8466694620224978
n_total,10000,end,0.8466694620224978,13,5,davies_bouldin,6,0.21309406571784503,False,False,0.6635013917700942
n_total,10000,end,0.8466694620224978,13,5,davies_bouldin,7,0.21778139505080282,False,False,0.5752271147730954
n_total,10000,end,0.8466694620224978,13,5,calinski_harabasz,3,503.1921820789479,True,False,0.6267185788727334
n_total,10000,end,0.8466694620224978,13,5,calinski_harabasz,4,427.54750379197566,False,False,0.7534037999302937
n_total,10000,end,0.8466694620224978,13,5,calinski_harabasz,5,378.22918407745993,False,True,0.8466694620224978
n_total,10000,end,0.8466694620224978,13,5,calinski_harabasz,6,339.245116045591,False,False,0.6635013917700942
n_total,10000,end,0.8466694620224978,13,5,calinski_harabasz,7,304.2485755701131,False,False,0.5752271147730954
n_total,10000,end,0.7958091067772491,14,5,accuracy_generalizability,3,0.8769209117293151,True,False,0.5384702869714079
n_total,10000,end,0.7958091067772491,14,5,accuracy_generalizability,4,0.8289656382395165,False,False,0.6912855807781141
n_total,10000,end,0.7958091067772491,14,5,accuracy_generalizability,5,0.8725419396869151,False,True,0.7735259232305237
n_total,10000,end,0.7958091067772491,14,5,accuracy_generalizability,6,0.7692141008552627,False,False,0.594982754688844
n_total,10000,end,0.7958091067772491,14,5,accuracy_generalizability,7,0.7338512450444216,False,False,0.5080761945106625
n_total,10000,end,0.7958091067772491,14,5,ari_generalizability,3,0.6820333016833954,False,False,0.5384702869714079
n_total,10000,end,0.7958091067772491,14,5,ari_generalizability,4,0.638932584439385,False,False,0.6912855807781141
n_total,10000,end,0.7958091067772491,14,5,ari_generalizability,5,0.7195521399329742,True,True,0.7735259232305237
n_total,10000,end,0.7958091067772491,14,5,ari_generalizability,6,0.561171532775251,False,False,0.594982754688844
n_total,10000,end,0.7958091067772491,14,5,ari_generalizability,7,0.5543935345297474,False,False,0.5080761945106625
n_total,10000,end,0.7958091067772491,14,5,ari_generalizability_1se,3,0.6820333016833954,False,False,0.5384702869714079
n_total,10000,end,0.7958091067772491,14,5,ari_generalizability_1se,4,0.638932584439385,False,False,0.6912855807781141
n_total,10000,end,0.7958091067772491,14,5,ari_generalizability_1se,5,0.7195521399329742,True,True,0.7735259232305237
n_total,10000,end,0.7958091067772491,14,5,ari_generalizability_1se,6,0.561171532775251,False,False,0.594982754688844
n_total,10000,end,0.7958091067772491,14,5,ari_generalizability_1se,7,0.5543935345297474,False,False,0.5080761945106625
n_total,10000,end,0.7958091067772491,14,5,ari_generalizability_quant,3,0.6820333016833954,False,False,0.5384702869714079
n_total,10000,end,0.7958091067772491,14,5,ari_generalizability_quant,4,0.638932584439385,False,False,0.6912855807781141
n_total,10000,end,0.7958091067772491,14,5,ari_generalizability_quant,5,0.7195521399329742,True,True,0.7735259232305237
n_total,10000,end,0.7958091067772491,14,5,ari_generalizability_quant,6,0.561171532775251,False,False,0.594982754688844
n_total,10000,end,0.7958091067772491,14,5,ari_generalizability_quant,7,0.5543935345297474,False,False,0.5080761945106625
n_total,10000,end,0.7958091067772491,14,5,ari_stability,3,0.9034323059522551,False,False,0.5045773441459126
n_total,10000,end,0.7958091067772491,14,5,ari_stability,4,0.8250272329491282,False,False,0.6638859984449209
n_total,10000,end,0.7958091067772491,14,5,ari_stability,5,0.9490642394139178,True,True,0.7938909484397998
n_total,10000,end,0.7958091067772491,14,5,ari_stability,6,0.7606373878873903,False,False,0.6140241459194539
n_total,10000,end,0.7958091067772491,14,5,ari_stability,7,0.7437804405267692,False,False,0.5263016032038482
n_total,10000,end,0.7958091067772491,14,5,ari_stability_1se,3,0.9034323059522551,False,False,0.5045773441459126
n_total,10000,end,0.7958091067772491,14,5,ari_stability_1se,4,0.8250272329491282,False,False,0.6638859984449209
n_total,10000,end,0.7958091067772491,14,5,ari_stability_1se,5,0.9490642394139178,True,True,0.7938909484397998
n_total,10000,end,0.7958091067772491,14,5,ari_stability_1se,6,0.7606373878873903,False,False,0.6140241459194539
n_total,10000,end,0.7958091067772491,14,5,ari_stability_1se,7,0.7437804405267692,False,False,0.5263016032038482
n_total,10000,end,0.7958091067772491,14,5,ari_stability_quant,3,0.9034323059522551,False,False,0.5045773441459126
n_total,10000,end,0.7958091067772491,14,5,ari_stability_quant,4,0.8250272329491282,False,False,0.6638859984449209
n_total,10000,end,0.7958091067772491,14,5,ari_stability_quant,5,0.9490642394139178,True,True,0.7938909484397998
n_total,10000,end,0.7958091067772491,14,5,ari_stability_quant,6,0.7606373878873903,False,False,0.6140241459194539
n_total,10000,end,0.7958091067772491,14,5,ari_stability_quant,7,0.7437804405267692,False,False,0.5263016032038482
n_total,10000,end,0.7958091067772491,14,5,consensus_ce_stability,3,0.9076852330730886,False,False,0.5045773441459126
n_total,10000,end,0.7958091067772491,14,5,consensus_ce_stability,4,0.8693619929522545,False,False,0.6638859984449209
n_total,10000,end,0.7958091067772491,14,5,consensus_ce_stability,5,0.9696167675845434,True,True,0.7938909484397998
n_total,10000,end,0.7958091067772491,14,5,consensus_ce_stability,6,0.8510388553033948,False,False,0.6140241459194539
n_total,10000,end,0.7958091067772491,14,5,consensus_ce_stability,7,0.8627440256635769,False,False,0.5263016032038482
n_total,10000,end,0.7958091067772491,14,5,consensus_gini_stability,3,0.9189290313973062,False,False,0.5045773441459126
n_total,10000,end,0.7958091067772491,14,5,consensus_gini_stability,4,0.8807434980880702,False,False,0.6638859984449209
n_total,10000,end,0.7958091067772491,14,5,consensus_gini_stability,5,0.9731402468014078,True,True,0.7938909484397998
n_total,10000,end,0.7958091067772491,14,5,consensus_gini_stability,6,0.86530771692332,False,False,0.6140241459194539
n_total,10000,end,0.7958091067772491,14,5,consensus_gini_stability,7,0.8774831442399457,False,False,0.5263016032038482
n_total,10000,end,0.7958091067772491,14,5,consensus_pac_stability,3,0.8775432943294329,False,False,0.5045773441459126
n_total,10000,end,0.7958091067772491,14,5,consensus_pac_stability,4,0.8342661666166616,False,False,0.6638859984449209
n_total,10000,end,0.7958091067772491,14,5,consensus_pac_stability,5,0.9601352135213521,True,True,0.7938909484397998
n_total,10000,end,0.7958091067772491,14,5,consensus_pac_stability,6,0.804751395139514,False,False,0.6140241459194539
n_total,10000,end,0.7958091067772491,14,5,consensus_pac_stability,7,0.8189378737873787,False,False,0.5263016032038482
n_total,10000,end,0.7958091067772491,14,5,silhouette,3,0.04963073233728065,False,False,0.5023743463283665
n_total,10000,end,0.7958091067772491,14,5,silhouette,4,0.05289200162090965,False,False,0.6651430705851091
n_total,10000,end,0.7958091067772491,14,5,silhouette,5,0.05719028318927045,True,True,0.7958091067772491
n_total,10000,end,0.7958091067772491,14,5,silhouette,6,0.04618322955602869,False,False,0.6134626700165068
n_total,10000,end,0.7958091067772491,14,5,silhouette,7,0.04337263455639141,False,False,0.5285240541755832
n_total,10000,end,0.7958091067772491,14,5,gap,3,1.6300791454969072,False,False,0.5023743463283665
n_total,10000,end,0.7958091067772491,14,5,gap,4,1.6463880247290952,False,False,0.6651430705851091
n_total,10000,end,0.7958091067772491,14,5,gap,5,1.661436838781789,False,True,0.7958091067772491
n_total,10000,end,0.7958091067772491,14,5,gap,6,1.6715837939859455,False,False,0.6134626700165068
n_total,10000,end,0.7958091067772491,14,5,gap,7,1.677981340928607,True,False,0.5285240541755832
n_total,10000,end,0.7958091067772491,14,5,davies_bouldin,3,0.19673180615521438,False,False,0.5023743463283665
n_total,10000,end,0.7958091067772491,14,5,davies_bouldin,4,0.20925184653592216,False,False,0.6651430705851091
n_total,10000,end,0.7958091067772491,14,5,davies_bouldin,5,0.22957161615876234,True,True,0.7958091067772491
n_total,10000,end,0.7958091067772491,14,5,davies_bouldin,6,0.2104014473330179,False,False,0.6134626700165068
n_total,10000,end,0.7958091067772491,14,5,davies_bouldin,7,0.21558623411662825,False,False,0.5285240541755832
n_total,10000,end,0.7958091067772491,14,5,calinski_harabasz,3,465.2624408312844,True,False,0.5023743463283665
n_total,10000,end,0.7958091067772491,14,5,calinski_harabasz,4,404.0632588426793,False,False,0.6651430705851091
n_total,10000,end,0.7958091067772491,14,5,calinski_harabasz,5,365.1485620442729,False,True,0.7958091067772491
n_total,10000,end,0.7958091067772491,14,5,calinski_harabasz,6,329.12449779815586,False,False,0.6134626700165068
n_total,10000,end,0.7958091067772491,14,5,calinski_harabasz,7,297.1258295809327,False,False,0.5285240541755832
n_total,10000,end,0.7611861811361824,15,5,accuracy_generalizability,3,0.9023811324392366,True,False,0.4850653082092599
n_total,10000,end,0.7611861811361824,15,5,accuracy_generalizability,4,0.8827582042893493,False,False,0.655143542854951
n_total,10000,end,0.7611861811361824,15,5,accuracy_generalizability,5,0.880216778418245,False,True,0.7635406633129217
n_total,10000,end,0.7611861811361824,15,5,accuracy_generalizability,6,0.7350607236219361,False,False,0.7589412234109878
n_total,10000,end,0.7611861811361824,15,5,accuracy_generalizability,7,0.6998573204821569,False,False,0.7555877959677312
n_total,10000,end,0.7611861811361824,15,5,ari_generalizability,3,0.721072663778234,False,False,0.4850653082092599
n_total,10000,end,0.7611861811361824,15,5,ari_generalizability,4,0.7169937358937957,False,False,0.655143542854951
n_total,10000,end,0.7611861811361824,15,5,ari_generalizability,5,0.7380405397955967,True,True,0.7635406633129217
n_total,10000,end,0.7611861811361824,15,5,ari_generalizability,6,0.588165328200318,False,False,0.7589412234109878
n_total,10000,end,0.7611861811361824,15,5,ari_generalizability,7,0.5153704156375076,False,False,0.7555877959677312
n_total,10000,end,0.7611861811361824,15,5,ari_generalizability_1se,3,0.721072663778234,False,False,0.4850653082092599
n_total,10000,end,0.7611861811361824,15,5,ari_generalizability_1se,4,0.7169937358937957,False,False,0.655143542854951
n_total,10000,end,0.7611861811361824,15,5,ari_generalizability_1se,5,0.7380405397955967,True,True,0.7635406633129217
n_total,10000,end,0.7611861811361824,15,5,ari_generalizability_1se,6,0.588165328200318,False,False,0.7589412234109878
n_total,10000,end,0.7611861811361824,15,5,ari_generalizability_1se,7,0.5153704156375076,False,False,0.7555877959677312
n_total,10000,end,0.7611861811361824,15,5,ari_generalizability_quant,3,0.721072663778234,False,False,0.4850653082092599
n_total,10000,end,0.7611861811361824,15,5,ari_generalizability_quant,4,0.7169937358937957,False,False,0.655143542854951
n_total,10000,end,0.7611861811361824,15,5,ari_generalizability_quant,5,0.7380405397955967,True,True,0.7635406633129217
n_total,10000,end,0.7611861811361824,15,5,ari_generalizability_quant,6,0.588165328200318,False,False,0.7589412234109878
n_total,10000,end,0.7611861811361824,15,5,ari_generalizability_quant,7,0.5153704156375076,False,False,0.7555877959677312
n_total,10000,end,0.7611861811361824,15,5,ari_stability,3,0.9486413266438579,False,False,0.5366349763714019
n_total,10000,end,0.7611861811361824,15,5,ari_stability,4,0.9221691638333125,False,False,0.6716434838177496
n_total,10000,end,0.7611861811361824,15,5,ari_stability,5,0.953123089587587,True,True,0.7621147441749477
n_total,10000,end,0.7611861811361824,15,5,ari_stability,6,0.7723746915666834,False,False,0.7655672369248758
n_total,10000,end,0.7611861811361824,15,5,ari_stability,7,0.7227732177321947,False,False,0.5671435014930212
n_total,10000,end,0.7611861811361824,15,5,ari_stability_1se,3,0.9486413266438579,False,False,0.5366349763714019
n_total,10000,end,0.7611861811361824,15,5,ari_stability_1se,4,0.9221691638333125,False,False,0.6716434838177496
n_total,10000,end,0.7611861811361824,15,5,ari_stability_1se,5,0.953123089587587,True,True,0.7621147441749477
n_total,10000,end,0.7611861811361824,15,5,ari_stability_1se,6,0.7723746915666834,False,False,0.7655672369248758
n_total,10000,end,0.7611861811361824,15,5,ari_stability_1se,7,0.7227732177321947,False,False,0.5671435014930212
n_total,10000,end,0.7611861811361824,15,5,ari_stability_quant,3,0.9486413266438579,False,False,0.5366349763714019
n_total,10000,end,0.7611861811361824,15,5,ari_stability_quant,4,0.9221691638333125,False,False,0.6716434838177496
n_total,10000,end,0.7611861811361824,15,5,ari_stability_quant,5,0.953123089587587,True,True,0.7621147441749477
n_total,10000,end,0.7611861811361824,15,5,ari_stability_quant,6,0.7723746915666834,False,False,0.7655672369248758
n_total,10000,end,0.7611861811361824,15,5,ari_stability_quant,7,0.7227732177321947,False,False,0.5671435014930212
n_total,10000,end,0.7611861811361824,15,5,consensus_ce_stability,3,0.9495568412185911,False,False,0.5366349763714019
n_total,10000,end,0.7611861811361824,15,5,consensus_ce_stability,4,0.9352688704451193,False,False,0.6716434838177496
n_total,10000,end,0.7611861811361824,15,5,consensus_ce_stability,5,0.9648277053286686,True,True,0.7621147441749477
n_total,10000,end,0.7611861811361824,15,5,consensus_ce_stability,6,0.8547174043961939,False,False,0.7655672369248758
n_total,10000,end,0.7611861811361824,15,5,consensus_ce_stability,7,0.8464925131058664,False,False,0.5671435014930212
n_total,10000,end,0.7611861811361824,15,5,consensus_gini_stability,3,0.9568762237003823,False,False,0.5366349763714019
n_total,10000,end,0.7611861811361824,15,5,consensus_gini_stability,4,0.9430635908794739,False,False,0.6716434838177496
n_total,10000,end,0.7611861811361824,15,5,consensus_gini_stability,5,0.9689291232661459,True,True,0.7621147441749477
n_total,10000,end,0.7611861811361824,15,5,consensus_gini_stability,6,0.8718811360707932,False,False,0.7655672369248758
n_total,10000,end,0.7611861811361824,15,5,consensus_gini_stability,7,0.8644908649747834,False,False,0.5671435014930212
n_total,10000,end,0.7611861811361824,15,5,consensus_pac_stability,3,0.932850905090509,False,False,0.5366349763714019
n_total,10000,end,0.7611861811361824,15,5,consensus_pac_stability,4,0.9119286528652866,False,False,0.6716434838177496
n_total,10000,end,0.7611861811361824,15,5,consensus_pac_stability,5,0.9539044704470447,True,True,0.7621147441749477
n_total,10000,end,0.7611861811361824,15,5,consensus_pac_stability,6,0.8030768476847685,False,False,0.7655672369248758
n_total,10000,end,0.7611861811361824,15,5,consensus_pac_stability,7,0.7978010201020103,False,False,0.5671435014930212
n_total,10000,end,0.7611861811361824,15,5,silhouette,3,0.048194930205667806,False,False,0.5360316134477939
n_total,10000,end,0.7611861811361824,15,5,silhouette,4,0.05133759916088802,False,False,0.6720424391924945
n_total,10000,end,0.7611861811361824,15,5,silhouette,5,0.05297084004508482,True,True,0.7611861811361824
n_total,10000,end,0.7611861811361824,15,5,silhouette,6,0.04640773036689755,False,False,0.6603508098441251
n_total,10000,end,0.7611861811361824,15,5,silhouette,7,0.040527997660800626,False,False,0.5612507578231548
n_total,10000,end,0.7611861811361824,15,5,gap,3,1.6611918824398302,False,False,0.5360316134477939
n_total,10000,end,0.7611861811361824,15,5,gap,4,1.6821096948076217,False,False,0.6720424391924945
n_total,10000,end,0.7611861811361824,15,5,gap,5,1.6982201638380232,False,True,0.7611861811361824
n_total,10000,end,0.7611861811361824,15,5,gap,6,1.7036015479096633,False,False,0.6603508098441251
n_total,10000,end,0.7611861811361824,15,5,gap,7,1.7089613449880083,True,False,0.5612507578231548
n_total,10000,end,0.7611861811361824,15,5,davies_bouldin,3,0.2000082588859885,False,False,0.5360316134477939
n_total,10000,end,0.7611861811361824,15,5,davies_bouldin,4,0.21236797188446002,False,False,0.6720424391924945
n_total,10000,end,0.7611861811361824,15,5,davies_bouldin,5,0.2275601644431625,True,True,0.7611861811361824
n_total,10000,end,0.7611861811361824,15,5,davies_bouldin,6,0.21574555490849667,False,False,0.6603508098441251
n_total,10000,end,0.7611861811361824,15,5,davies_bouldin,7,0.20073125996232574,False,False,0.5612507578231548
n_total,10000,end,0.7611861811361824,15,5,calinski_harabasz,3,444.28607825642285,True,False,0.5360316134477939
n_total,10000,end,0.7611861811361824,15,5,calinski_harabasz,4,407.20558517781063,False,False,0.6720424391924945
n_total,10000,end,0.7611861811361824,15,5,calinski_harabasz,5,370.86719142572036,False,True,0.7611861811361824
n_total,10000,end,0.7611861811361824,15,5,calinski_harabasz,6,323.41161977599734,False,False,0.6603508098441251
n_total,10000,end,0.7611861811361824,15,5,calinski_harabasz,7,290.68364880209356,False,False,0.5612507578231548
n_total,10000,end,0.7233639004571198,16,5,accuracy_generalizability,3,0.8741300787268068,False,False,0.38854440642871535
n_total,10000,end,0.7233639004571198,16,5,accuracy_generalizability,4,0.878132775971265,True,False,0.5697264501003284
n_total,10000,end,0.7233639004571198,16,5,accuracy_generalizability,5,0.8613827332843106,False,True,0.6587115480132933
n_total,10000,end,0.7233639004571198,16,5,accuracy_generalizability,6,0.7548404745948434,False,False,0.581654718772773
n_total,10000,end,0.7233639004571198,16,5,accuracy_generalizability,7,0.6817011462899529,False,False,0.6538192767238354
n_total,10000,end,0.7233639004571198,16,5,ari_generalizability,3,0.657675825435598,False,False,0.38854440642871535
n_total,10000,end,0.7233639004571198,16,5,ari_generalizability,4,0.7038608645304444,True,False,0.5697264501003284
n_total,10000,end,0.7233639004571198,16,5,ari_generalizability,5,0.6912294185511773,False,True,0.6587115480132933
n_total,10000,end,0.7233639004571198,16,5,ari_generalizability,6,0.5758346866692761,False,False,0.581654718772773
n_total,10000,end,0.7233639004571198,16,5,ari_generalizability,7,0.47845114852666126,False,False,0.6538192767238354
n_total,10000,end,0.7233639004571198,16,5,ari_generalizability_1se,3,0.657675825435598,False,False,0.38854440642871535
n_total,10000,end,0.7233639004571198,16,5,ari_generalizability_1se,4,0.7038608645304444,True,False,0.5697264501003284
n_total,10000,end,0.7233639004571198,16,5,ari_generalizability_1se,5,0.6912294185511773,False,True,0.6587115480132933
n_total,10000,end,0.7233639004571198,16,5,ari_generalizability_1se,6,0.5758346866692761,False,False,0.581654718772773
n_total,10000,end,0.7233639004571198,16,5,ari_generalizability_1se,7,0.47845114852666126,False,False,0.6538192767238354
n_total,10000,end,0.7233639004571198,16,5,ari_generalizability_quant,3,0.657675825435598,False,False,0.38854440642871535
n_total,10000,end,0.7233639004571198,16,5,ari_generalizability_quant,4,0.7038608645304444,False,False,0.5697264501003284
n_total,10000,end,0.7233639004571198,16,5,ari_generalizability_quant,5,0.6912294185511773,True,True,0.6587115480132933
n_total,10000,end,0.7233639004571198,16,5,ari_generalizability_quant,6,0.5758346866692761,False,False,0.581654718772773
n_total,10000,end,0.7233639004571198,16,5,ari_generalizability_quant,7,0.47845114852666126,False,False,0.6538192767238354
n_total,10000,end,0.7233639004571198,16,5,ari_stability,3,0.9022952343830158,False,False,0.42784066039852725
n_total,10000,end,0.7233639004571198,16,5,ari_stability,4,0.9409710494927661,False,False,0.6110162304394594
n_total,10000,end,0.7233639004571198,16,5,ari_stability,5,0.946642958514128,True,True,0.7229808270044223
n_total,10000,end,0.7233639004571198,16,5,ari_stability,6,0.8018690935769149,False,False,0.6257775902400645
n_total,10000,end,0.7233639004571198,16,5,ari_stability,7,0.6684055507612144,False,False,0.5339835689780458
n_total,10000,end,0.7233639004571198,16,5,ari_stability_1se,3,0.9022952343830158,False,False,0.42784066039852725
n_total,10000,end,0.7233639004571198,16,5,ari_stability_1se,4,0.9409710494927661,False,False,0.6110162304394594
n_total,10000,end,0.7233639004571198,16,5,ari_stability_1se,5,0.946642958514128,True,True,0.7229808270044223
n_total,10000,end,0.7233639004571198,16,5,ari_stability_1se,6,0.8018690935769149,False,False,0.6257775902400645
n_total,10000,end,0.7233639004571198,16,5,ari_stability_1se,7,0.6684055507612144,False,False,0.5339835689780458
n_total,10000,end,0.7233639004571198,16,5,ari_stability_quant,3,0.9022952343830158,False,False,0.42784066039852725
n_total,10000,end,0.7233639004571198,16,5,ari_stability_quant,4,0.9409710494927661,False,False,0.6110162304394594
n_total,10000,end,0.7233639004571198,16,5,ari_stability_quant,5,0.946642958514128,True,True,0.7229808270044223
n_total,10000,end,0.7233639004571198,16,5,ari_stability_quant,6,0.8018690935769149,False,False,0.6257775902400645
n_total,10000,end,0.7233639004571198,16,5,ari_stability_quant,7,0.6684055507612144,False,False,0.5339835689780458
n_total,10000,end,0.7233639004571198,16,5,consensus_ce_stability,3,0.9004460964265322,False,False,0.42784066039852725
n_total,10000,end,0.7233639004571198,16,5,consensus_ce_stability,4,0.9511549763785911,False,False,0.6110162304394594
n_total,10000,end,0.7233639004571198,16,5,consensus_ce_stability,5,0.9603766335950408,True,True,0.7229808270044223
n_total,10000,end,0.7233639004571198,16,5,consensus_ce_stability,6,0.8731754725702214,False,False,0.6257775902400645
n_total,10000,end,0.7233639004571198,16,5,consensus_ce_stability,7,0.8267732565938856,False,False,0.5339835689780458
n_total,10000,end,0.7233639004571198,16,5,consensus_gini_stability,3,0.9115335044441109,False,False,0.42784066039852725
n_total,10000,end,0.7233639004571198,16,5,consensus_gini_stability,4,0.9574713769160804,False,False,0.6110162304394594
n_total,10000,end,0.7233639004571198,16,5,consensus_gini_stability,5,0.9649109240581977,True,True,0.7229808270044223
n_total,10000,end,0.7233639004571198,16,5,consensus_gini_stability,6,0.8885152781100968,False,False,0.6257775902400645
n_total,10000,end,0.7233639004571198,16,5,consensus_gini_stability,7,0.8437079664636207,False,False,0.5339835689780458
n_total,10000,end,0.7233639004571198,16,5,consensus_pac_stability,3,0.8680391439143914,False,False,0.42784066039852725
n_total,10000,end,0.7233639004571198,16,5,consensus_pac_stability,4,0.9338902490249025,False,False,0.6110162304394594
n_total,10000,end,0.7233639004571198,16,5,consensus_pac_stability,5,0.9477108110811081,True,True,0.7229808270044223
n_total,10000,end,0.7233639004571198,16,5,consensus_pac_stability,6,0.8362608460846085,False,False,0.6257775902400645
n_total,10000,end,0.7233639004571198,16,5,consensus_pac_stability,7,0.7763558755875588,False,False,0.5339835689780458
n_total,10000,end,0.7233639004571198,16,5,silhouette,3,0.04914976661781243,False,False,0.4329097299954085
n_total,10000,end,0.7233639004571198,16,5,silhouette,4,0.05137904155526421,False,False,0.6118337783105
n_total,10000,end,0.7233639004571198,16,5,silhouette,5,0.05364227400580315,True,True,0.7233639004571198
n_total,10000,end,0.7233639004571198,16,5,silhouette,6,0.045886052470717115,False,False,0.6255646544201505
n_total,10000,end,0.7233639004571198,16,5,silhouette,7,0.04045256916453795,False,False,0.5347702108494986
n_total,10000,end,0.7233639004571198,16,5,gap,3,1.654217021076299,False,False,0.4329097299954085
n_total,10000,end,0.7233639004571198,16,5,gap,4,1.674361892567255,False,False,0.6118337783105
n_total,10000,end,0.7233639004571198,16,5,gap,5,1.6871547037698313,False,True,0.7233639004571198
n_total,10000,end,0.7233639004571198,16,5,gap,6,1.6936516197461167,False,False,0.6255646544201505
n_total,10000,end,0.7233639004571198,16,5,gap,7,1.6992687510086384,True,False,0.5347702108494986
n_total,10000,end,0.7233639004571198,16,5,davies_bouldin,3,0.20741793814565768,False,False,0.4329097299954085
n_total,10000,end,0.7233639004571198,16,5,davies_bouldin,4,0.21488116483354358,False,False,0.6118337783105
n_total,10000,end,0.7233639004571198,16,5,davies_bouldin,5,0.22569760668713254,True,True,0.7233639004571198
n_total,10000,end,0.7233639004571198,16,5,davies_bouldin,6,0.211967881211427,False,False,0.6255646544201505
n_total,10000,end,0.7233639004571198,16,5,davies_bouldin,7,0.2012497224676391,False,False,0.5347702108494986
n_total,10000,end,0.7233639004571198,16,5,calinski_harabasz,3,480.40269318859504,True,False,0.4329097299954085
n_total,10000,end,0.7233639004571198,16,5,calinski_harabasz,4,429.2258702241011,False,False,0.6118337783105
n_total,10000,end,0.7233639004571198,16,5,calinski_harabasz,5,378.66784974206195,False,True,0.7233639004571198
n_total,10000,end,0.7233639004571198,16,5,calinski_harabasz,6,332.06425909080406,False,False,0.6255646544201505
n_total,10000,end,0.7233639004571198,16,5,calinski_harabasz,7,298.2689426027634,False,False,0.5347702108494986
n_total,10000,end,0.5152326321774192,17,5,accuracy_generalizability,3,0.8888702146988018,True,False,0.6626317917820611
n_total,10000,end,0.5152326321774192,17,5,accuracy_generalizability,4,0.8815130494569455,False,False,0.7520181617372681
n_total,10000,end,0.5152326321774192,17,5,accuracy_generalizability,5,0.7697750141681005,False,True,0.8023149417775335
n_total,10000,end,0.5152326321774192,17,5,accuracy_generalizability,6,0.7657147691605177,False,False,0.8147544423921348
n_total,10000,end,0.5152326321774192,17,5,accuracy_generalizability,7,0.7481930607643084,False,False,0.47401468435425337
n_total,10000,end,0.5152326321774192,17,5,ari_generalizability,3,0.7190338181896422,False,False,0.6626317917820611
n_total,10000,end,0.5152326321774192,17,5,ari_generalizability,4,0.7248418793548379,True,False,0.7520181617372681
n_total,10000,end,0.5152326321774192,17,5,ari_generalizability,5,0.6080974685541487,False,True,0.8023149417775335
n_total,10000,end,0.5152326321774192,17,5,ari_generalizability,6,0.5403797931870807,False,False,0.8147544423921348
n_total,10000,end,0.5152326321774192,17,5,ari_generalizability,7,0.5431026749322403,False,False,0.47401468435425337
n_total,10000,end,0.5152326321774192,17,5,ari_generalizability_1se,3,0.7190338181896422,False,False,0.6626317917820611
n_total,10000,end,0.5152326321774192,17,5,ari_generalizability_1se,4,0.7248418793548379,True,False,0.7520181617372681
n_total,10000,end,0.5152326321774192,17,5,ari_generalizability_1se,5,0.6080974685541487,False,True,0.8023149417775335
n_total,10000,end,0.5152326321774192,17,5,ari_generalizability_1se,6,0.5403797931870807,False,False,0.8147544423921348
n_total,10000,end,0.5152326321774192,17,5,ari_generalizability_1se,7,0.5431026749322403,False,False,0.47401468435425337
n_total,10000,end,0.5152326321774192,17,5,ari_generalizability_quant,3,0.7190338181896422,False,False,0.6626317917820611
n_total,10000,end,0.5152326321774192,17,5,ari_generalizability_quant,4,0.7248418793548379,True,False,0.7520181617372681
n_total,10000,end,0.5152326321774192,17,5,ari_generalizability_quant,5,0.6080974685541487,False,True,0.8023149417775335
n_total,10000,end,0.5152326321774192,17,5,ari_generalizability_quant,6,0.5403797931870807,False,False,0.8147544423921348
n_total,10000,end,0.5152326321774192,17,5,ari_generalizability_quant,7,0.5431026749322403,False,False,0.47401468435425337
n_total,10000,end,0.5152326321774192,17,5,ari_stability,3,0.9161340959980953,False,False,0.6508222490173456
n_total,10000,end,0.5152326321774192,17,5,ari_stability,4,0.9473811921939689,True,False,0.7400056233104635
n_total,10000,end,0.5152326321774192,17,5,ari_stability,5,0.8150067422514253,False,True,0.7674869187306297
n_total,10000,end,0.5152326321774192,17,5,ari_stability,6,0.7890549420500182,False,False,0.5739853501224329
n_total,10000,end,0.5152326321774192,17,5,ari_stability,7,0.7605997630313877,False,False,0.4833854016946661
n_total,10000,end,0.5152326321774192,17,5,ari_stability_1se,3,0.9161340959980953,False,False,0.6508222490173456
n_total,10000,end,0.5152326321774192,17,5,ari_stability_1se,4,0.9473811921939689,True,False,0.7400056233104635
n_total,10000,end,0.5152326321774192,17,5,ari_stability_1se,5,0.8150067422514253,False,True,0.7674869187306297
n_total,10000,end,0.5152326321774192,17,5,ari_stability_1se,6,0.7890549420500182,False,False,0.5739853501224329
n_total,10000,end,0.5152326321774192,17,5,ari_stability_1se,7,0.7605997630313877,False,False,0.4833854016946661
n_total,10000,end,0.5152326321774192,17,5,ari_stability_quant,3,0.9161340959980953,False,False,0.6508222490173456
n_total,10000,end,0.5152326321774192,17,5,ari_stability_quant,4,0.9473811921939689,True,False,0.7400056233104635
n_total,10000,end,0.5152326321774192,17,5,ari_stability_quant,5,0.8150067422514253,False,True,0.7674869187306297
n_total,10000,end,0.5152326321774192,17,5,ari_stability_quant,6,0.7890549420500182,False,False,0.5739853501224329
n_total,10000,end,0.5152326321774192,17,5,ari_stability_quant,7,0.7605997630313877,False,False,0.4833854016946661
n_total,10000,end,0.5152326321774192,17,5,consensus_ce_stability,3,0.9087765327189016,False,False,0.6508222490173456
n_total,10000,end,0.5152326321774192,17,5,consensus_ce_stability,4,0.9530773654766723,True,False,0.7400056233104635
n_total,10000,end,0.5152326321774192,17,5,consensus_ce_stability,5,0.8579091028638822,False,True,0.7674869187306297
n_total,10000,end,0.5152326321774192,17,5,consensus_ce_stability,6,0.8623257316865722,False,False,0.5739853501224329
n_total,10000,end,0.5152326321774192,17,5,consensus_ce_stability,7,0.8745001311857995,False,False,0.4833854016946661
n_total,10000,end,0.5152326321774192,17,5,consensus_gini_stability,3,0.921576634717891,False,False,0.6508222490173456
n_total,10000,end,0.5152326321774192,17,5,consensus_gini_stability,4,0.959188937249881,True,False,0.7400056233104635
n_total,10000,end,0.5152326321774192,17,5,consensus_gini_stability,5,0.8797396622021297,False,True,0.7674869187306297
n_total,10000,end,0.5152326321774192,17,5,consensus_gini_stability,6,0.8794713181292575,False,False,0.5739853501224329
n_total,10000,end,0.5152326321774192,17,5,consensus_gini_stability,7,0.8883681503702202,False,False,0.4833854016946661
n_total,10000,end,0.5152326321774192,17,5,consensus_pac_stability,3,0.8844969696969697,False,False,0.6508222490173456
n_total,10000,end,0.5152326321774192,17,5,consensus_pac_stability,4,0.9373384138413842,True,False,0.7400056233104635
n_total,10000,end,0.5152326321774192,17,5,consensus_pac_stability,5,0.7892423242324232,False,True,0.7674869187306297
n_total,10000,end,0.5152326321774192,17,5,consensus_pac_stability,6,0.8069365536553655,False,False,0.5739853501224329
n_total,10000,end,0.5152326321774192,17,5,consensus_pac_stability,7,0.8336603860386038,False,False,0.4833854016946661
n_total,10000,end,0.5152326321774192,17,5,silhouette,3,0.05660475339207913,False,False,0.6502595926847741
n_total,10000,end,0.5152326321774192,17,5,silhouette,4,0.056749836237976,True,False,0.7424508922533282
n_total,10000,end,0.5152326321774192,17,5,silhouette,5,0.04086017003824891,False,True,0.5152326321774192
n_total,10000,end,0.5152326321774192,17,5,silhouette,6,0.044084737327898166,False,False,0.572806639714631
n_total,10000,end,0.5152326321774192,17,5,silhouette,7,0.04111696888092705,False,False,0.48298104746827814
n_total,10000,end,0.5152326321774192,17,5,gap,3,1.677998333860696,False,False,0.6502595926847741
n_total,10000,end,0.5152326321774192,17,5,gap,4,1.6932986167478,False,False,0.7424508922533282
n_total,10000,end,0.5152326321774192,17,5,gap,5,1.7040942916937958,False,True,0.5152326321774192
n_total,10000,end,0.5152326321774192,17,5,gap,6,1.7167221099705614,False,False,0.572806639714631
n_total,10000,end,0.5152326321774192,17,5,gap,7,1.7238552242612926,True,False,0.48298104746827814
n_total,10000,end,0.5152326321774192,17,5,davies_bouldin,3,0.19938829433329344,False,False,0.6502595926847741
n_total,10000,end,0.5152326321774192,17,5,davies_bouldin,4,0.2116044038877354,False,False,0.7424508922533282
n_total,10000,end,0.5152326321774192,17,5,davies_bouldin,5,0.19667715299286964,False,True,0.5152326321774192
n_total,10000,end,0.5152326321774192,17,5,davies_bouldin,6,0.20778759325690932,False,False,0.572806639714631
n_total,10000,end,0.5152326321774192,17,5,davies_bouldin,7,0.2125487329720049,True,False,0.48298104746827814
n_total,10000,end,0.5152326321774192,17,5,calinski_harabasz,3,498.9919458200593,True,False,0.6502595926847741
n_total,10000,end,0.5152326321774192,17,5,calinski_harabasz,4,423.7880052346705,False,False,0.7424508922533282
n_total,10000,end,0.5152326321774192,17,5,calinski_harabasz,5,368.2381951887999,False,True,0.5152326321774192
n_total,10000,end,0.5152326321774192,17,5,calinski_harabasz,6,337.8895445463866,False,False,0.572806639714631
n_total,10000,end,0.5152326321774192,17,5,calinski_harabasz,7,306.0948822278257,False,False,0.48298104746827814
n_total,10000,end,0.7742216368536058,18,5,accuracy_generalizability,3,0.8808602634425441,True,False,0.42442311698127927
n_total,10000,end,0.7742216368536058,18,5,accuracy_generalizability,4,0.8792796994823026,False,False,0.6105362503815346
n_total,10000,end,0.7742216368536058,18,5,accuracy_generalizability,5,0.8747896411647446,False,True,0.7279343410590304
n_total,10000,end,0.7742216368536058,18,5,accuracy_generalizability,6,0.7020857426903317,False,False,0.7271884417053023
n_total,10000,end,0.7742216368536058,18,5,accuracy_generalizability,7,0.7043716894727637,False,False,0.7206144793241566
n_total,10000,end,0.7742216368536058,18,5,ari_generalizability,3,0.6722501370229418,False,False,0.42442311698127927
n_total,10000,end,0.7742216368536058,18,5,ari_generalizability,4,0.7114443868165857,False,False,0.6105362503815346
n_total,10000,end,0.7742216368536058,18,5,ari_generalizability,5,0.7271485591643431,True,True,0.7279343410590304
n_total,10000,end,0.7742216368536058,18,5,ari_generalizability,6,0.5599380954632598,False,False,0.7271884417053023
n_total,10000,end,0.7742216368536058,18,5,ari_generalizability,7,0.5083413125810122,False,False,0.7206144793241566
n_total,10000,end,0.7742216368536058,18,5,ari_generalizability_1se,3,0.6722501370229418,False,False,0.42442311698127927
n_total,10000,end,0.7742216368536058,18,5,ari_generalizability_1se,4,0.7114443868165857,False,False,0.6105362503815346
n_total,10000,end,0.7742216368536058,18,5,ari_generalizability_1se,5,0.7271485591643431,True,True,0.7279343410590304
n_total,10000,end,0.7742216368536058,18,5,ari_generalizability_1se,6,0.5599380954632598,False,False,0.7271884417053023
n_total,10000,end,0.7742216368536058,18,5,ari_generalizability_1se,7,0.5083413125810122,False,False,0.7206144793241566
n_total,10000,end,0.7742216368536058,18,5,ari_generalizability_quant,3,0.6722501370229418,False,False,0.42442311698127927
n_total,10000,end,0.7742216368536058,18,5,ari_generalizability_quant,4,0.7114443868165857,False,False,0.6105362503815346
n_total,10000,end,0.7742216368536058,18,5,ari_generalizability_quant,5,0.7271485591643431,True,True,0.7279343410590304
n_total,10000,end,0.7742216368536058,18,5,ari_generalizability_quant,6,0.5599380954632598,False,False,0.7271884417053023
n_total,10000,end,0.7742216368536058,18,5,ari_generalizability_quant,7,0.5083413125810122,False,False,0.7206144793241566
n_total,10000,end,0.7742216368536058,18,5,ari_stability,3,0.9176744336960003,False,False,0.47409103297286975
n_total,10000,end,0.7742216368536058,18,5,ari_stability,4,0.942984307348589,False,False,0.6435771233789535
n_total,10000,end,0.7742216368536058,18,5,ari_stability,5,0.9604442546290823,True,True,0.7774610686099921
n_total,10000,end,0.7742216368536058,18,5,ari_stability,6,0.7798717054394345,False,False,0.7653897420416659
n_total,10000,end,0.7742216368536058,18,5,ari_stability,7,0.7038962384415965,False,False,0.570388776470899
n_total,10000,end,0.7742216368536058,18,5,ari_stability_1se,3,0.9176744336960003,False,False,0.47409103297286975
n_total,10000,end,0.7742216368536058,18,5,ari_stability_1se,4,0.942984307348589,False,False,0.6435771233789535
n_total,10000,end,0.7742216368536058,18,5,ari_stability_1se,5,0.9604442546290823,True,True,0.7774610686099921
n_total,10000,end,0.7742216368536058,18,5,ari_stability_1se,6,0.7798717054394345,False,False,0.7653897420416659
n_total,10000,end,0.7742216368536058,18,5,ari_stability_1se,7,0.7038962384415965,False,False,0.570388776470899
n_total,10000,end,0.7742216368536058,18,5,ari_stability_quant,3,0.9176744336960003,False,False,0.47409103297286975
n_total,10000,end,0.7742216368536058,18,5,ari_stability_quant,4,0.942984307348589,False,False,0.6435771233789535
n_total,10000,end,0.7742216368536058,18,5,ari_stability_quant,5,0.9604442546290823,True,True,0.7774610686099921
n_total,10000,end,0.7742216368536058,18,5,ari_stability_quant,6,0.7798717054394345,False,False,0.7653897420416659
n_total,10000,end,0.7742216368536058,18,5,ari_stability_quant,7,0.7038962384415965,False,False,0.570388776470899
n_total,10000,end,0.7742216368536058,18,5,consensus_ce_stability,3,0.9183396962212605,False,False,0.47409103297286975
n_total,10000,end,0.7742216368536058,18,5,consensus_ce_stability,4,0.9535797810492666,False,False,0.6435771233789535
n_total,10000,end,0.7742216368536058,18,5,consensus_ce_stability,5,0.9705247134723508,True,True,0.7774610686099921
n_total,10000,end,0.7742216368536058,18,5,consensus_ce_stability,6,0.8527884203260695,False,False,0.7653897420416659
n_total,10000,end,0.7742216368536058,18,5,consensus_ce_stability,7,0.8445998802977439,False,False,0.570388776470899
n_total,10000,end,0.7742216368536058,18,5,consensus_gini_stability,3,0.9274161257777792,False,False,0.47409103297286975
n_total,10000,end,0.7742216368536058,18,5,consensus_gini_stability,4,0.9589167338246481,False,False,0.6435771233789535
n_total,10000,end,0.7742216368536058,18,5,consensus_gini_stability,5,0.9739261319611556,True,True,0.7774610686099921
n_total,10000,end,0.7742216368536058,18,5,consensus_gini_stability,6,0.867362378214516,False,False,0.7653897420416659
n_total,10000,end,0.7742216368536058,18,5,consensus_gini_stability,7,0.8601233164375391,False,False,0.570388776470899
n_total,10000,end,0.7742216368536058,18,5,consensus_pac_stability,3,0.8923483348334833,False,False,0.47409103297286975
n_total,10000,end,0.7742216368536058,18,5,consensus_pac_stability,4,0.9392063606360637,False,False,0.6435771233789535
n_total,10000,end,0.7742216368536058,18,5,consensus_pac_stability,5,0.9610771677167717,True,True,0.7774610686099921
n_total,10000,end,0.7742216368536058,18,5,consensus_pac_stability,6,0.8086435643564356,False,False,0.7653897420416659
n_total,10000,end,0.7742216368536058,18,5,consensus_pac_stability,7,0.7963760376037604,False,False,0.570388776470899
n_total,10000,end,0.7742216368536058,18,5,silhouette,3,0.04942718886469049,False,False,0.4748189781059108
n_total,10000,end,0.7742216368536058,18,5,silhouette,4,0.053242043572837794,False,False,0.6504762729281374
n_total,10000,end,0.7742216368536058,18,5,silhouette,5,0.054880846749943,True,True,0.7742216368536058
n_total,10000,end,0.7742216368536058,18,5,silhouette,6,0.04714500840272251,False,False,0.6626184554662299
n_total,10000,end,0.7742216368536058,18,5,silhouette,7,0.04075170512986102,False,False,0.5656288427876421
n_total,10000,end,0.7742216368536058,18,5,gap,3,1.6427628125613367,False,False,0.4748189781059108
n_total,10000,end,0.7742216368536058,18,5,gap,4,1.6633213780807345,False,False,0.6504762729281374
n_total,10000,end,0.7742216368536058,18,5,gap,5,1.675519673586031,False,True,0.7742216368536058
n_total,10000,end,0.7742216368536058,18,5,gap,6,1.6813660039169385,False,False,0.6626184554662299
n_total,10000,end,0.7742216368536058,18,5,gap,7,1.6871304701106737,True,False,0.5656288427876421
n_total,10000,end,0.7742216368536058,18,5,davies_bouldin,3,0.2067884026511868,False,False,0.4748189781059108
n_total,10000,end,0.7742216368536058,18,5,davies_bouldin,4,0.2235055072445855,False,False,0.6504762729281374
n_total,10000,end,0.7742216368536058,18,5,davies_bouldin,5,0.2286473737266845,True,True,0.7742216368536058
n_total,10000,end,0.7742216368536058,18,5,davies_bouldin,6,0.2121016346516843,False,False,0.6626184554662299
n_total,10000,end,0.7742216368536058,18,5,davies_bouldin,7,0.19947584294058401,False,False,0.5656288427876421
n_total,10000,end,0.7742216368536058,18,5,calinski_harabasz,3,465.62261179478094,True,False,0.4748189781059108
n_total,10000,end,0.7742216368536058,18,5,calinski_harabasz,4,422.01908574491824,False,False,0.6504762729281374
n_total,10000,end,0.7742216368536058,18,5,calinski_harabasz,5,371.77334559767786,False,True,0.7742216368536058
n_total,10000,end,0.7742216368536058,18,5,calinski_harabasz,6,324.84601781847033,False,False,0.6626184554662299
n_total,10000,end,0.7742216368536058,18,5,calinski_harabasz,7,292.3232579941093,False,False,0.5656288427876421
n_total,10000,end,0.8303543083926779,19,5,accuracy_generalizability,3,0.9160380395781244,True,False,0.5650937247796572
n_total,10000,end,0.8303543083926779,19,5,accuracy_generalizability,4,0.8966930500314276,False,False,0.6964638883531462
n_total,10000,end,0.8303543083926779,19,5,accuracy_generalizability,5,0.8500557406698588,False,True,0.7441949339374647
n_total,10000,end,0.8303543083926779,19,5,accuracy_generalizability,6,0.7965629127554975,False,False,0.6088988556911702
n_total,10000,end,0.8303543083926779,19,5,accuracy_generalizability,7,0.7593965678517414,False,False,0.5180946214931219
n_total,10000,end,0.8303543083926779,19,5,ari_generalizability,3,0.7657040761931673,True,False,0.5650937247796572
n_total,10000,end,0.8303543083926779,19,5,ari_generalizability,4,0.7451673116345188,False,False,0.6964638883531462
n_total,10000,end,0.8303543083926779,19,5,ari_generalizability,5,0.7064021199307691,False,True,0.7441949339374647
n_total,10000,end,0.8303543083926779,19,5,ari_generalizability,6,0.6156561955787734,False,False,0.6088988556911702
n_total,10000,end,0.8303543083926779,19,5,ari_generalizability,7,0.5457315768416408,False,False,0.5180946214931219
n_total,10000,end,0.8303543083926779,19,5,ari_generalizability_1se,3,0.7657040761931673,True,False,0.5650937247796572
n_total,10000,end,0.8303543083926779,19,5,ari_generalizability_1se,4,0.7451673116345188,False,False,0.6964638883531462
n_total,10000,end,0.8303543083926779,19,5,ari_generalizability_1se,5,0.7064021199307691,False,True,0.7441949339374647
n_total,10000,end,0.8303543083926779,19,5,ari_generalizability_1se,6,0.6156561955787734,False,False,0.6088988556911702
n_total,10000,end,0.8303543083926779,19,5,ari_generalizability_1se,7,0.5457315768416408,False,False,0.5180946214931219
n_total,10000,end,0.8303543083926779,19,5,ari_generalizability_quant,3,0.7657040761931673,False,False,0.5650937247796572
n_total,10000,end,0.8303543083926779,19,5,ari_generalizability_quant,4,0.7451673116345188,True,False,0.6964638883531462
n_total,10000,end,0.8303543083926779,19,5,ari_generalizability_quant,5,0.7064021199307691,False,True,0.7441949339374647
n_total,10000,end,0.8303543083926779,19,5,ari_generalizability_quant,6,0.6156561955787734,False,False,0.6088988556911702
n_total,10000,end,0.8303543083926779,19,5,ari_generalizability_quant,7,0.5457315768416408,False,False,0.5180946214931219
n_total,10000,end,0.8303543083926779,19,5,ari_stability,3,0.9625626947747237,True,False,0.5959804723911625
n_total,10000,end,0.8303543083926779,19,5,ari_stability,4,0.9623277499571529,False,False,0.746453347693292
n_total,10000,end,0.8303543083926779,19,5,ari_stability,5,0.9547545604779593,False,True,0.8286301591140658
n_total,10000,end,0.8303543083926779,19,5,ari_stability,6,0.8624692316347727,False,False,0.6686465490645132
n_total,10000,end,0.8303543083926779,19,5,ari_stability,7,0.8167191167742716,False,False,0.5561417900388173
n_total,10000,end,0.8303543083926779,19,5,ari_stability_1se,3,0.9625626947747237,False,False,0.5959804723911625
n_total,10000,end,0.8303543083926779,19,5,ari_stability_1se,4,0.9623277499571529,True,False,0.746453347693292
n_total,10000,end,0.8303543083926779,19,5,ari_stability_1se,5,0.9547545604779593,False,True,0.8286301591140658
n_total,10000,end,0.8303543083926779,19,5,ari_stability_1se,6,0.8624692316347727,False,False,0.6686465490645132
n_total,10000,end,0.8303543083926779,19,5,ari_stability_1se,7,0.8167191167742716,False,False,0.5561417900388173
n_total,10000,end,0.8303543083926779,19,5,ari_stability_quant,3,0.9625626947747237,False,False,0.5959804723911625
n_total,10000,end,0.8303543083926779,19,5,ari_stability_quant,4,0.9623277499571529,False,False,0.746453347693292
n_total,10000,end,0.8303543083926779,19,5,ari_stability_quant,5,0.9547545604779593,True,True,0.8286301591140658
n_total,10000,end,0.8303543083926779,19,5,ari_stability_quant,6,0.8624692316347727,False,False,0.6686465490645132
n_total,10000,end,0.8303543083926779,19,5,ari_stability_quant,7,0.8167191167742716,False,False,0.5561417900388173
n_total,10000,end,0.8303543083926779,19,5,consensus_ce_stability,3,0.962059142511278,False,False,0.5959804723911625
n_total,10000,end,0.8303543083926779,19,5,consensus_ce_stability,4,0.9661016409492904,True,False,0.746453347693292
n_total,10000,end,0.8303543083926779,19,5,consensus_ce_stability,5,0.957579539349616,False,True,0.8286301591140658
n_total,10000,end,0.8303543083926779,19,5,consensus_ce_stability,6,0.9022569129618372,False,False,0.6686465490645132
n_total,10000,end,0.8303543083926779,19,5,consensus_ce_stability,7,0.8928753721701056,False,False,0.5561417900388173
n_total,10000,end,0.8303543083926779,19,5,consensus_gini_stability,3,0.9666832640306949,False,False,0.5959804723911625
n_total,10000,end,0.8303543083926779,19,5,consensus_gini_stability,4,0.970187766022476,True,False,0.746453347693292
n_total,10000,end,0.8303543083926779,19,5,consensus_gini_stability,5,0.9671460644685635,False,True,0.8286301591140658
n_total,10000,end,0.8303543083926779,19,5,consensus_gini_stability,6,0.9164775444096842,False,False,0.6686465490645132
n_total,10000,end,0.8303543083926779,19,5,consensus_gini_stability,7,0.9069165156480147,False,False,0.5561417900388173
n_total,10000,end,0.8303543083926779,19,5,consensus_pac_stability,3,0.949580598059806,False,False,0.5959804723911625
n_total,10000,end,0.8303543083926779,19,5,consensus_pac_stability,4,0.9549391139113912,True,False,0.746453347693292
n_total,10000,end,0.8303543083926779,19,5,consensus_pac_stability,5,0.9484650465046505,False,True,0.8286301591140658
n_total,10000,end,0.8303543083926779,19,5,consensus_pac_stability,6,0.8635068106810682,False,False,0.6686465490645132
n_total,10000,end,0.8303543083926779,19,5,consensus_pac_stability,7,0.855597299729973,False,False,0.5561417900388173
n_total,10000,end,0.8303543083926779,19,5,silhouette,3,0.05278593941893117,False,False,0.5946187308625763
n_total,10000,end,0.8303543083926779,19,5,silhouette,4,0.05570475698489163,False,False,0.7486548181050756
n_total,10000,end,0.8303543083926779,19,5,silhouette,5,0.05861673759015314,True,True,0.8303543083926779
n_total,10000,end,0.8303543083926779,19,5,silhouette,6,0.04909893521695504,False,False,0.6683391316594397
n_total,10000,end,0.8303543083926779,19,5,silhouette,7,0.04266782571783562,False,False,0.5537147036602744
n_total,10000,end,0.8303543083926779,19,5,gap,3,1.6256650453166976,False,False,0.5946187308625763
n_total,10000,end,0.8303543083926779,19,5,gap,4,1.6418950313452427,False,False,0.7486548181050756
n_total,10000,end,0.8303543083926779,19,5,gap,5,1.653860982830924,False,True,0.8303543083926779
n_total,10000,end,0.8303543083926779,19,5,gap,6,1.6625217419978533,False,False,0.6683391316594397
n_total,10000,end,0.8303543083926779,19,5,gap,7,1.669364280396831,True,False,0.5537147036602744
n_total,10000,end,0.8303543083926779,19,5,davies_bouldin,3,0.2123062619587428,False,False,0.5946187308625763
n_total,10000,end,0.8303543083926779,19,5,davies_bouldin,4,0.21787616007318297,False,False,0.7486548181050756
n_total,10000,end,0.8303543083926779,19,5,davies_bouldin,5,0.22862414012952628,True,True,0.8303543083926779
n_total,10000,end,0.8303543083926779,19,5,davies_bouldin,6,0.21260521018600725,False,False,0.6683391316594397
n_total,10000,end,0.8303543083926779,19,5,davies_bouldin,7,0.20136701041937924,False,False,0.5537147036602744
n_total,10000,end,0.8303543083926779,19,5,calinski_harabasz,3,494.1319290958672,True,False,0.5946187308625763
n_total,10000,end,0.8303543083926779,19,5,calinski_harabasz,4,424.54869178328676,False,False,0.7486548181050756
n_total,10000,end,0.8303543083926779,19,5,calinski_harabasz,5,372.9893452851679,False,True,0.8303543083926779
n_total,10000,end,0.8303543083926779,19,5,calinski_harabasz,6,332.3656517858668,False,False,0.6683391316594397
n_total,10000,end,0.8303543083926779,19,5,calinski_harabasz,7,300.8183460398168,False,False,0.5537147036602744
