axis_name,axis_value,stage,baseline_ari,dataset_iteration,true_k,metric_name,k,metric_value,is_optimal,is_correct,metric_ari
embed_dim,10,start,0.8236063980088845,0,5,accuracy_generalizability,3,0.7417533017772486,False,False,0.4734014401744169
embed_dim,10,start,0.8236063980088845,0,5,accuracy_generalizability,4,0.8053824614604438,False,False,0.6590452113148777
embed_dim,10,start,0.8236063980088845,0,5,accuracy_generalizability,5,0.938855242747232,True,True,1.0
embed_dim,10,start,0.8236063980088845,0,5,accuracy_generalizability,6,0.9239487003693815,False,False,0.859421764473693
embed_dim,10,start,0.8236063980088845,0,5,accuracy_generalizability,7,0.9112926991742014,False,False,0.7646383115413216
embed_dim,10,start,0.8236063980088845,0,5,ari_generalizability,3,0.4854513724848434,False,False,0.4734014401744169
embed_dim,10,start,0.8236063980088845,0,5,ari_generalizability,4,0.6494550075155017,False,False,0.6590452113148777
embed_dim,10,start,0.8236063980088845,0,5,ari_generalizability,5,0.9224666805242526,True,True,1.0
embed_dim,10,start,0.8236063980088845,0,5,ari_generalizability,6,0.8959397357571026,False,False,0.859421764473693
embed_dim,10,start,0.8236063980088845,0,5,ari_generalizability,7,0.8699792325712167,False,False,0.7646383115413216
embed_dim,10,start,0.8236063980088845,0,5,ari_generalizability_1se,3,0.4854513724848434,False,False,0.4734014401744169
embed_dim,10,start,0.8236063980088845,0,5,ari_generalizability_1se,4,0.6494550075155017,False,False,0.6590452113148777
embed_dim,10,start,0.8236063980088845,0,5,ari_generalizability_1se,5,0.9224666805242526,True,True,1.0
embed_dim,10,start,0.8236063980088845,0,5,ari_generalizability_1se,6,0.8959397357571026,False,False,0.859421764473693
embed_dim,10,start,0.8236063980088845,0,5,ari_generalizability_1se,7,0.8699792325712167,False,False,0.7646383115413216
embed_dim,10,start,0.8236063980088845,0,5,ari_generalizability_quant,3,0.4854513724848434,False,False,0.4734014401744169
embed_dim,10,start,0.8236063980088845,0,5,ari_generalizability_quant,4,0.6494550075155017,False,False,0.6590452113148777
embed_dim,10,start,0.8236063980088845,0,5,ari_generalizability_quant,5,0.9224666805242526,False,True,1.0
embed_dim,10,start,0.8236063980088845,0,5,ari_generalizability_quant,6,0.8959397357571026,False,False,0.859421764473693
embed_dim,10,start,0.8236063980088845,0,5,ari_generalizability_quant,7,0.8699792325712167,True,False,0.7646383115413216
embed_dim,10,start,0.8236063980088845,0,5,ari_stability,3,0.6364300174095879,False,False,0.4734014401744169
embed_dim,10,start,0.8236063980088845,0,5,ari_stability,4,0.7832244567227403,False,False,0.6590452113148777
embed_dim,10,start,0.8236063980088845,0,5,ari_stability,5,0.9855162768794853,True,True,1.0
embed_dim,10,start,0.8236063980088845,0,5,ari_stability,6,0.9270430789267516,False,False,0.8576749187626044
embed_dim,10,start,0.8236063980088845,0,5,ari_stability,7,0.8969464793899742,False,False,0.7644170041300191
embed_dim,10,start,0.8236063980088845,0,5,ari_stability_1se,3,0.6364300174095879,False,False,0.4734014401744169
embed_dim,10,start,0.8236063980088845,0,5,ari_stability_1se,4,0.7832244567227403,False,False,0.6590452113148777
embed_dim,10,start,0.8236063980088845,0,5,ari_stability_1se,5,0.9855162768794853,True,True,1.0
embed_dim,10,start,0.8236063980088845,0,5,ari_stability_1se,6,0.9270430789267516,False,False,0.8576749187626044
embed_dim,10,start,0.8236063980088845,0,5,ari_stability_1se,7,0.8969464793899742,False,False,0.7644170041300191
embed_dim,10,start,0.8236063980088845,0,5,ari_stability_quant,3,0.6364300174095879,False,False,0.4734014401744169
embed_dim,10,start,0.8236063980088845,0,5,ari_stability_quant,4,0.7832244567227403,False,False,0.6590452113148777
embed_dim,10,start,0.8236063980088845,0,5,ari_stability_quant,5,0.9855162768794853,True,True,1.0
embed_dim,10,start,0.8236063980088845,0,5,ari_stability_quant,6,0.9270430789267516,False,False,0.8576749187626044
embed_dim,10,start,0.8236063980088845,0,5,ari_stability_quant,7,0.8969464793899742,False,False,0.7644170041300191
embed_dim,10,start,0.8236063980088845,0,5,consensus_ce_stability,3,0.5596808994945691,False,False,0.4734014401744169
embed_dim,10,start,0.8236063980088845,0,5,consensus_ce_stability,4,0.789506673469673,False,False,0.6590452113148777
embed_dim,10,start,0.8236063980088845,0,5,consensus_ce_stability,5,0.9908234232599701,True,True,1.0
embed_dim,10,start,0.8236063980088845,0,5,consensus_ce_stability,6,0.9477892981958396,False,False,0.8576749187626044
embed_dim,10,start,0.8236063980088845,0,5,consensus_ce_stability,7,0.9435183372848897,False,False,0.7644170041300191
embed_dim,10,start,0.8236063980088845,0,5,consensus_gini_stability,3,0.6181256780419268,False,False,0.4734014401744169
embed_dim,10,start,0.8236063980088845,0,5,consensus_gini_stability,4,0.8074309587645291,False,False,0.6590452113148777
embed_dim,10,start,0.8236063980088845,0,5,consensus_gini_stability,5,0.9941091856717051,True,True,1.0
embed_dim,10,start,0.8236063980088845,0,5,consensus_gini_stability,6,0.9593207876713208,False,False,0.8576749187626044
embed_dim,10,start,0.8236063980088845,0,5,consensus_gini_stability,7,0.9538005305324203,False,False,0.7644170041300191
embed_dim,10,start,0.8236063980088845,0,5,consensus_pac_stability,3,0.321519235045586,False,False,0.4734014401744169
embed_dim,10,start,0.8236063980088845,0,5,consensus_pac_stability,4,0.7529472981987992,False,False,0.6590452113148777
embed_dim,10,start,0.8236063980088845,0,5,consensus_pac_stability,5,0.9944282855236825,True,True,1.0
embed_dim,10,start,0.8236063980088845,0,5,consensus_pac_stability,6,0.9163806982432733,False,False,0.8576749187626044
embed_dim,10,start,0.8236063980088845,0,5,consensus_pac_stability,7,0.9224932177006894,False,False,0.7644170041300191
embed_dim,10,start,0.8236063980088845,0,5,silhouette,3,0.18733952732568188,False,False,0.6214147352282148
embed_dim,10,start,0.8236063980088845,0,5,silhouette,4,0.19232530044674453,False,False,0.9443367654184425
embed_dim,10,start,0.8236063980088845,0,5,silhouette,5,0.25199079518557166,False,True,0.8236063980088845
embed_dim,10,start,0.8236063980088845,0,5,silhouette,6,0.2710522826501656,False,False,0.859421764473693
embed_dim,10,start,0.8236063980088845,0,5,silhouette,7,0.30604012706839306,True,False,0.7795585824375432
embed_dim,10,start,0.8236063980088845,0,5,gap,3,-0.0726261067407421,False,False,0.6214147352282148
embed_dim,10,start,0.8236063980088845,0,5,gap,4,-0.027893168677472602,False,False,0.9443367654184425
embed_dim,10,start,0.8236063980088845,0,5,gap,5,0.11833756238777582,False,True,0.8236063980088845
embed_dim,10,start,0.8236063980088845,0,5,gap,6,0.1885507665561601,False,False,0.859421764473693
embed_dim,10,start,0.8236063980088845,0,5,gap,7,0.28353828119752045,True,False,0.7795585824375432
embed_dim,10,start,0.8236063980088845,0,5,davies_bouldin,3,0.3217514566151361,False,False,0.6214147352282148
embed_dim,10,start,0.8236063980088845,0,5,davies_bouldin,4,0.3129100297452754,False,False,0.9443367654184425
embed_dim,10,start,0.8236063980088845,0,5,davies_bouldin,5,0.3600535376756135,False,True,0.8236063980088845
embed_dim,10,start,0.8236063980088845,0,5,davies_bouldin,6,0.3809507166172441,False,False,0.859421764473693
embed_dim,10,start,0.8236063980088845,0,5,davies_bouldin,7,0.40578389015531247,True,False,0.7795585824375432
embed_dim,10,start,0.8236063980088845,0,5,calinski_harabasz,3,242.8644314441109,False,False,0.6214147352282148
embed_dim,10,start,0.8236063980088845,0,5,calinski_harabasz,4,223.3035847405645,False,False,0.9443367654184425
embed_dim,10,start,0.8236063980088845,0,5,calinski_harabasz,5,278.3839870271358,False,True,0.8236063980088845
embed_dim,10,start,0.8236063980088845,0,5,calinski_harabasz,6,280.07708972661857,False,False,0.859421764473693
embed_dim,10,start,0.8236063980088845,0,5,calinski_harabasz,7,298.4662766722467,True,False,0.7795585824375432
embed_dim,10,start,0.6555473051561103,1,5,accuracy_generalizability,3,0.8781892461878518,False,False,0.7420326180070597
embed_dim,10,start,0.6555473051561103,1,5,accuracy_generalizability,4,0.7902850774449771,False,False,0.87350260075538
embed_dim,10,start,0.6555473051561103,1,5,accuracy_generalizability,5,0.7202903241149519,False,True,0.6121487868116856
embed_dim,10,start,0.6555473051561103,1,5,accuracy_generalizability,6,0.9195906638042294,True,False,0.5126153541559871
embed_dim,10,start,0.6555473051561103,1,5,accuracy_generalizability,7,0.8319985811653593,False,False,0.5097449207924721
embed_dim,10,start,0.6555473051561103,1,5,ari_generalizability,3,0.8221710515791806,False,False,0.7420326180070597
embed_dim,10,start,0.6555473051561103,1,5,ari_generalizability,4,0.7201884184508515,False,False,0.87350260075538
embed_dim,10,start,0.6555473051561103,1,5,ari_generalizability,5,0.6298550924020575,False,True,0.6121487868116856
embed_dim,10,start,0.6555473051561103,1,5,ari_generalizability,6,0.8567158406259263,True,False,0.5126153541559871
embed_dim,10,start,0.6555473051561103,1,5,ari_generalizability,7,0.7950573426538701,False,False,0.5097449207924721
embed_dim,10,start,0.6555473051561103,1,5,ari_generalizability_1se,3,0.8221710515791806,False,False,0.7420326180070597
embed_dim,10,start,0.6555473051561103,1,5,ari_generalizability_1se,4,0.7201884184508515,False,False,0.87350260075538
embed_dim,10,start,0.6555473051561103,1,5,ari_generalizability_1se,5,0.6298550924020575,False,True,0.6121487868116856
embed_dim,10,start,0.6555473051561103,1,5,ari_generalizability_1se,6,0.8567158406259263,True,False,0.5126153541559871
embed_dim,10,start,0.6555473051561103,1,5,ari_generalizability_1se,7,0.7950573426538701,False,False,0.5097449207924721
embed_dim,10,start,0.6555473051561103,1,5,ari_generalizability_quant,3,0.8221710515791806,False,False,0.7420326180070597
embed_dim,10,start,0.6555473051561103,1,5,ari_generalizability_quant,4,0.7201884184508515,False,False,0.87350260075538
embed_dim,10,start,0.6555473051561103,1,5,ari_generalizability_quant,5,0.6298550924020575,False,True,0.6121487868116856
embed_dim,10,start,0.6555473051561103,1,5,ari_generalizability_quant,6,0.8567158406259263,False,False,0.5126153541559871
embed_dim,10,start,0.6555473051561103,1,5,ari_generalizability_quant,7,0.7950573426538701,True,False,0.5097449207924721
embed_dim,10,start,0.6555473051561103,1,5,ari_stability,3,1.0,True,False,0.7420326180070597
embed_dim,10,start,0.6555473051561103,1,5,ari_stability,4,0.8156574728353112,False,False,0.8746444065557526
embed_dim,10,start,0.6555473051561103,1,5,ari_stability,5,0.8871779702411665,False,True,0.6133653761534685
embed_dim,10,start,0.6555473051561103,1,5,ari_stability,6,0.9293416747484139,False,False,0.5138578589855292
embed_dim,10,start,0.6555473051561103,1,5,ari_stability,7,0.862279480656381,False,False,0.49332114449929027
embed_dim,10,start,0.6555473051561103,1,5,ari_stability_1se,3,1.0,True,False,0.7420326180070597
embed_dim,10,start,0.6555473051561103,1,5,ari_stability_1se,4,0.8156574728353112,False,False,0.8746444065557526
embed_dim,10,start,0.6555473051561103,1,5,ari_stability_1se,5,0.8871779702411665,False,True,0.6133653761534685
embed_dim,10,start,0.6555473051561103,1,5,ari_stability_1se,6,0.9293416747484139,False,False,0.5138578589855292
embed_dim,10,start,0.6555473051561103,1,5,ari_stability_1se,7,0.862279480656381,False,False,0.49332114449929027
embed_dim,10,start,0.6555473051561103,1,5,ari_stability_quant,3,1.0,True,False,0.7420326180070597
embed_dim,10,start,0.6555473051561103,1,5,ari_stability_quant,4,0.8156574728353112,False,False,0.8746444065557526
embed_dim,10,start,0.6555473051561103,1,5,ari_stability_quant,5,0.8871779702411665,False,True,0.6133653761534685
embed_dim,10,start,0.6555473051561103,1,5,ari_stability_quant,6,0.9293416747484139,False,False,0.5138578589855292
embed_dim,10,start,0.6555473051561103,1,5,ari_stability_quant,7,0.862279480656381,False,False,0.49332114449929027
embed_dim,10,start,0.6555473051561103,1,5,consensus_ce_stability,3,0.9999999999586944,True,False,0.7420326180070597
embed_dim,10,start,0.6555473051561103,1,5,consensus_ce_stability,4,0.7996500312936752,False,False,0.8746444065557526
embed_dim,10,start,0.6555473051561103,1,5,consensus_ce_stability,5,0.8982497785219017,False,True,0.6133653761534685
embed_dim,10,start,0.6555473051561103,1,5,consensus_ce_stability,6,0.9429542276160694,False,False,0.5138578589855292
embed_dim,10,start,0.6555473051561103,1,5,consensus_ce_stability,7,0.913154382843563,False,False,0.49332114449929027
embed_dim,10,start,0.6555473051561103,1,5,consensus_gini_stability,3,1.0,True,False,0.7420326180070597
embed_dim,10,start,0.6555473051561103,1,5,consensus_gini_stability,4,0.808619549049253,False,False,0.8746444065557526
embed_dim,10,start,0.6555473051561103,1,5,consensus_gini_stability,5,0.9178235500795184,False,True,0.6133653761534685
embed_dim,10,start,0.6555473051561103,1,5,consensus_gini_stability,6,0.953914961214679,False,False,0.5138578589855292
embed_dim,10,start,0.6555473051561103,1,5,consensus_gini_stability,7,0.9234277826574092,False,False,0.49332114449929027
embed_dim,10,start,0.6555473051561103,1,5,consensus_pac_stability,3,1.0,True,False,0.7420326180070597
embed_dim,10,start,0.6555473051561103,1,5,consensus_pac_stability,4,0.7747609517456082,False,False,0.8746444065557526
embed_dim,10,start,0.6555473051561103,1,5,consensus_pac_stability,5,0.8457042472759617,False,True,0.6133653761534685
embed_dim,10,start,0.6555473051561103,1,5,consensus_pac_stability,6,0.910057371581054,False,False,0.5138578589855292
embed_dim,10,start,0.6555473051561103,1,5,consensus_pac_stability,7,0.8875614854347342,False,False,0.49332114449929027
embed_dim,10,start,0.6555473051561103,1,5,silhouette,3,0.276129236250464,False,False,0.828417061947475
embed_dim,10,start,0.6555473051561103,1,5,silhouette,4,0.1836180267140949,False,False,0.5999417023511611
embed_dim,10,start,0.6555473051561103,1,5,silhouette,5,0.2669658955761769,False,True,0.6555473051561103
embed_dim,10,start,0.6555473051561103,1,5,silhouette,6,0.3148298572809602,False,False,0.513662650237176
embed_dim,10,start,0.6555473051561103,1,5,silhouette,7,0.35962409455775296,True,False,0.5204369467396476
embed_dim,10,start,0.6555473051561103,1,5,gap,3,-0.03570151479886974,False,False,0.828417061947475
embed_dim,10,start,0.6555473051561103,1,5,gap,4,-0.12432275976176577,False,False,0.5999417023511611
embed_dim,10,start,0.6555473051561103,1,5,gap,5,0.10529429825180614,False,True,0.6555473051561103
embed_dim,10,start,0.6555473051561103,1,5,gap,6,0.17586273290504373,False,False,0.513662650237176
embed_dim,10,start,0.6555473051561103,1,5,gap,7,0.303663543848506,True,False,0.5204369467396476
embed_dim,10,start,0.6555473051561103,1,5,davies_bouldin,3,0.31339197303322736,False,False,0.828417061947475
embed_dim,10,start,0.6555473051561103,1,5,davies_bouldin,4,0.2863210396385776,False,False,0.5999417023511611
embed_dim,10,start,0.6555473051561103,1,5,davies_bouldin,5,0.3459387583017599,False,True,0.6555473051561103
embed_dim,10,start,0.6555473051561103,1,5,davies_bouldin,6,0.3647683197623715,False,False,0.513662650237176
embed_dim,10,start,0.6555473051561103,1,5,davies_bouldin,7,0.3992367818859455,True,False,0.5204369467396476
embed_dim,10,start,0.6555473051561103,1,5,calinski_harabasz,3,352.48024057820146,True,False,0.828417061947475
embed_dim,10,start,0.6555473051561103,1,5,calinski_harabasz,4,204.24346039384392,False,False,0.5999417023511611
embed_dim,10,start,0.6555473051561103,1,5,calinski_harabasz,5,315.32901239800066,False,True,0.6555473051561103
embed_dim,10,start,0.6555473051561103,1,5,calinski_harabasz,6,314.7750048404015,False,False,0.513662650237176
embed_dim,10,start,0.6555473051561103,1,5,calinski_harabasz,7,349.65220403544413,False,False,0.5204369467396476
embed_dim,10,start,1.0,2,5,accuracy_generalizability,3,0.9248748298005782,True,False,0.7253478004859565
embed_dim,10,start,1.0,2,5,accuracy_generalizability,4,0.8975208042676444,False,False,0.8866596762393003
embed_dim,10,start,1.0,2,5,accuracy_generalizability,5,0.8208482256933772,False,True,0.6656075372365823
embed_dim,10,start,1.0,2,5,accuracy_generalizability,6,0.8215448210829254,False,False,0.6182238558893731
embed_dim,10,start,1.0,2,5,accuracy_generalizability,7,0.7342884147633022,False,False,0.6452200137407631
embed_dim,10,start,1.0,2,5,ari_generalizability,3,0.8438649563605345,False,False,0.7253478004859565
embed_dim,10,start,1.0,2,5,ari_generalizability,4,0.8562033860050015,True,False,0.8866596762393003
embed_dim,10,start,1.0,2,5,ari_generalizability,5,0.7744984299516976,False,True,0.6656075372365823
embed_dim,10,start,1.0,2,5,ari_generalizability,6,0.7763996876247429,False,False,0.6182238558893731
embed_dim,10,start,1.0,2,5,ari_generalizability,7,0.6672879949611515,False,False,0.6452200137407631
embed_dim,10,start,1.0,2,5,ari_generalizability_1se,3,0.8438649563605345,False,False,0.7253478004859565
embed_dim,10,start,1.0,2,5,ari_generalizability_1se,4,0.8562033860050015,True,False,0.8866596762393003
embed_dim,10,start,1.0,2,5,ari_generalizability_1se,5,0.7744984299516976,False,True,0.6656075372365823
embed_dim,10,start,1.0,2,5,ari_generalizability_1se,6,0.7763996876247429,False,False,0.6182238558893731
embed_dim,10,start,1.0,2,5,ari_generalizability_1se,7,0.6672879949611515,False,False,0.6452200137407631
embed_dim,10,start,1.0,2,5,ari_generalizability_quant,3,0.8438649563605345,False,False,0.7253478004859565
embed_dim,10,start,1.0,2,5,ari_generalizability_quant,4,0.8562033860050015,False,False,0.8866596762393003
embed_dim,10,start,1.0,2,5,ari_generalizability_quant,5,0.7744984299516976,False,True,0.6656075372365823
embed_dim,10,start,1.0,2,5,ari_generalizability_quant,6,0.7763996876247429,False,False,0.6182238558893731
embed_dim,10,start,1.0,2,5,ari_generalizability_quant,7,0.6672879949611515,True,False,0.6452200137407631
embed_dim,10,start,1.0,2,5,ari_stability,3,0.7958350601671421,False,False,0.7285002514550426
embed_dim,10,start,1.0,2,5,ari_stability,4,0.9960640547327302,True,False,0.8902706707673655
embed_dim,10,start,1.0,2,5,ari_stability,5,0.7964887379206218,False,True,0.668336014621591
embed_dim,10,start,1.0,2,5,ari_stability,6,0.8035380173984129,False,False,0.6160078731903895
embed_dim,10,start,1.0,2,5,ari_stability,7,0.7932129870576594,False,False,0.646683314854025
embed_dim,10,start,1.0,2,5,ari_stability_1se,3,0.7958350601671421,False,False,0.7285002514550426
embed_dim,10,start,1.0,2,5,ari_stability_1se,4,0.9960640547327302,True,False,0.8902706707673655
embed_dim,10,start,1.0,2,5,ari_stability_1se,5,0.7964887379206218,False,True,0.668336014621591
embed_dim,10,start,1.0,2,5,ari_stability_1se,6,0.8035380173984129,False,False,0.6160078731903895
embed_dim,10,start,1.0,2,5,ari_stability_1se,7,0.7932129870576594,False,False,0.646683314854025
embed_dim,10,start,1.0,2,5,ari_stability_quant,3,0.7958350601671421,False,False,0.7285002514550426
embed_dim,10,start,1.0,2,5,ari_stability_quant,4,0.9960640547327302,True,False,0.8902706707673655
embed_dim,10,start,1.0,2,5,ari_stability_quant,5,0.7964887379206218,False,True,0.668336014621591
embed_dim,10,start,1.0,2,5,ari_stability_quant,6,0.8035380173984129,False,False,0.6160078731903895
embed_dim,10,start,1.0,2,5,ari_stability_quant,7,0.7932129870576594,False,False,0.646683314854025
embed_dim,10,start,1.0,2,5,consensus_ce_stability,3,0.7654863381211935,False,False,0.7285002514550426
embed_dim,10,start,1.0,2,5,consensus_ce_stability,4,0.993678723074643,True,False,0.8902706707673655
embed_dim,10,start,1.0,2,5,consensus_ce_stability,5,0.8609425273920012,False,True,0.668336014621591
embed_dim,10,start,1.0,2,5,consensus_ce_stability,6,0.8667076953684211,False,False,0.6160078731903895
embed_dim,10,start,1.0,2,5,consensus_ce_stability,7,0.8864123774026642,False,False,0.646683314854025
embed_dim,10,start,1.0,2,5,consensus_gini_stability,3,0.7936291161031486,False,False,0.7285002514550426
embed_dim,10,start,1.0,2,5,consensus_gini_stability,4,0.9962753266517945,True,False,0.8902706707673655
embed_dim,10,start,1.0,2,5,consensus_gini_stability,5,0.8756474866525226,False,True,0.668336014621591
embed_dim,10,start,1.0,2,5,consensus_gini_stability,6,0.8787791111862878,False,False,0.6160078731903895
embed_dim,10,start,1.0,2,5,consensus_gini_stability,7,0.8987599105583349,False,False,0.646683314854025
embed_dim,10,start,1.0,2,5,consensus_pac_stability,3,0.6805621525461418,False,False,0.7285002514550426
embed_dim,10,start,1.0,2,5,consensus_pac_stability,4,0.9992261507671781,True,False,0.8902706707673655
embed_dim,10,start,1.0,2,5,consensus_pac_stability,5,0.8231372025794974,False,True,0.668336014621591
embed_dim,10,start,1.0,2,5,consensus_pac_stability,6,0.8405728263286636,False,False,0.6160078731903895
embed_dim,10,start,1.0,2,5,consensus_pac_stability,7,0.8439315098954858,False,False,0.646683314854025
embed_dim,10,start,1.0,2,5,silhouette,3,0.1643411955222985,False,False,0.7961305552912165
embed_dim,10,start,1.0,2,5,silhouette,4,0.18618013813741346,False,False,0.8902706707673655
embed_dim,10,start,1.0,2,5,silhouette,5,0.20232233431473234,False,True,1.0
embed_dim,10,start,1.0,2,5,silhouette,6,0.23553875852866998,False,False,0.7683236992623671
embed_dim,10,start,1.0,2,5,silhouette,7,0.29595892016718306,True,False,0.6386302013065791
embed_dim,10,start,1.0,2,5,gap,3,0.01700076323177413,False,False,0.7961305552912165
embed_dim,10,start,1.0,2,5,gap,4,0.07022240403180113,False,False,0.8902706707673655
embed_dim,10,start,1.0,2,5,gap,5,0.09755280050406512,False,True,1.0
embed_dim,10,start,1.0,2,5,gap,6,0.18744220303450376,False,False,0.7683236992623671
embed_dim,10,start,1.0,2,5,gap,7,0.3646260608873906,True,False,0.6386302013065791
embed_dim,10,start,1.0,2,5,davies_bouldin,3,0.3076018720109315,False,False,0.7961305552912165
embed_dim,10,start,1.0,2,5,davies_bouldin,4,0.34235254096594847,False,False,0.8902706707673655
embed_dim,10,start,1.0,2,5,davies_bouldin,5,0.32682040707409654,False,True,1.0
embed_dim,10,start,1.0,2,5,davies_bouldin,6,0.351432655735944,False,False,0.7683236992623671
embed_dim,10,start,1.0,2,5,davies_bouldin,7,0.4200046382697973,True,False,0.6386302013065791
embed_dim,10,start,1.0,2,5,calinski_harabasz,3,235.9327220550903,False,False,0.7961305552912165
embed_dim,10,start,1.0,2,5,calinski_harabasz,4,224.00580338313947,False,False,0.8902706707673655
embed_dim,10,start,1.0,2,5,calinski_harabasz,5,205.05083522771363,False,True,1.0
embed_dim,10,start,1.0,2,5,calinski_harabasz,6,226.14440868406356,False,False,0.7683236992623671
embed_dim,10,start,1.0,2,5,calinski_harabasz,7,289.26741088598,True,False,0.6386302013065791
embed_dim,10,start,1.0,3,5,accuracy_generalizability,3,0.8280665593496273,False,False,0.5436396426310395
embed_dim,10,start,1.0,3,5,accuracy_generalizability,4,0.9120613261053434,True,False,0.8701215747549915
embed_dim,10,start,1.0,3,5,accuracy_generalizability,5,0.8047713966033094,False,True,1.0
embed_dim,10,start,1.0,3,5,accuracy_generalizability,6,0.7823888591144993,False,False,0.8948762785303316
embed_dim,10,start,1.0,3,5,accuracy_generalizability,7,0.8596107073455618,False,False,0.781187409723008
embed_dim,10,start,1.0,3,5,ari_generalizability,3,0.6884971831418444,False,False,0.5436396426310395
embed_dim,10,start,1.0,3,5,ari_generalizability,4,0.8550576729985075,True,False,0.8701215747549915
embed_dim,10,start,1.0,3,5,ari_generalizability,5,0.7800363179273079,False,True,1.0
embed_dim,10,start,1.0,3,5,ari_generalizability,6,0.7583850645695887,False,False,0.8948762785303316
embed_dim,10,start,1.0,3,5,ari_generalizability,7,0.8216003434978822,False,False,0.781187409723008
embed_dim,10,start,1.0,3,5,ari_generalizability_1se,3,0.6884971831418444,False,False,0.5436396426310395
embed_dim,10,start,1.0,3,5,ari_generalizability_1se,4,0.8550576729985075,True,False,0.8701215747549915
embed_dim,10,start,1.0,3,5,ari_generalizability_1se,5,0.7800363179273079,False,True,1.0
embed_dim,10,start,1.0,3,5,ari_generalizability_1se,6,0.7583850645695887,False,False,0.8948762785303316
embed_dim,10,start,1.0,3,5,ari_generalizability_1se,7,0.8216003434978822,False,False,0.781187409723008
embed_dim,10,start,1.0,3,5,ari_generalizability_quant,3,0.6884971831418444,False,False,0.5436396426310395
embed_dim,10,start,1.0,3,5,ari_generalizability_quant,4,0.8550576729985075,False,False,0.8701215747549915
embed_dim,10,start,1.0,3,5,ari_generalizability_quant,5,0.7800363179273079,False,True,1.0
embed_dim,10,start,1.0,3,5,ari_generalizability_quant,6,0.7583850645695887,False,False,0.8948762785303316
embed_dim,10,start,1.0,3,5,ari_generalizability_quant,7,0.8216003434978822,True,False,0.781187409723008
embed_dim,10,start,1.0,3,5,ari_stability,3,0.8475126089038162,False,False,0.5436396426310395
embed_dim,10,start,1.0,3,5,ari_stability,4,0.9239397820004203,False,False,0.8701215747549915
embed_dim,10,start,1.0,3,5,ari_stability,5,0.973872545792717,True,True,1.0
embed_dim,10,start,1.0,3,5,ari_stability,6,0.9230067151886721,False,False,0.8948762785303316
embed_dim,10,start,1.0,3,5,ari_stability,7,0.8896127464307472,False,False,0.7806548059629149
embed_dim,10,start,1.0,3,5,ari_stability_1se,3,0.8475126089038162,False,False,0.5436396426310395
embed_dim,10,start,1.0,3,5,ari_stability_1se,4,0.9239397820004203,False,False,0.8701215747549915
embed_dim,10,start,1.0,3,5,ari_stability_1se,5,0.973872545792717,True,True,1.0
embed_dim,10,start,1.0,3,5,ari_stability_1se,6,0.9230067151886721,False,False,0.8948762785303316
embed_dim,10,start,1.0,3,5,ari_stability_1se,7,0.8896127464307472,False,False,0.7806548059629149
embed_dim,10,start,1.0,3,5,ari_stability_quant,3,0.8475126089038162,False,False,0.5436396426310395
embed_dim,10,start,1.0,3,5,ari_stability_quant,4,0.9239397820004203,False,False,0.8701215747549915
embed_dim,10,start,1.0,3,5,ari_stability_quant,5,0.973872545792717,False,True,1.0
embed_dim,10,start,1.0,3,5,ari_stability_quant,6,0.9230067151886721,False,False,0.8948762785303316
embed_dim,10,start,1.0,3,5,ari_stability_quant,7,0.8896127464307472,True,False,0.7806548059629149
embed_dim,10,start,1.0,3,5,consensus_ce_stability,3,0.783093204532532,False,False,0.5436396426310395
embed_dim,10,start,1.0,3,5,consensus_ce_stability,4,0.9229185056831687,False,False,0.8701215747549915
embed_dim,10,start,1.0,3,5,consensus_ce_stability,5,0.9772296146430383,True,True,1.0
embed_dim,10,start,1.0,3,5,consensus_ce_stability,6,0.950649391273598,False,False,0.8948762785303316
embed_dim,10,start,1.0,3,5,consensus_ce_stability,7,0.9350569218823385,False,False,0.7806548059629149
embed_dim,10,start,1.0,3,5,consensus_gini_stability,3,0.8142822416174356,False,False,0.5436396426310395
embed_dim,10,start,1.0,3,5,consensus_gini_stability,4,0.9407796608514462,False,False,0.8701215747549915
embed_dim,10,start,1.0,3,5,consensus_gini_stability,5,0.9840448385821954,True,True,1.0
embed_dim,10,start,1.0,3,5,consensus_gini_stability,6,0.9600668969711887,False,False,0.8948762785303316
embed_dim,10,start,1.0,3,5,consensus_gini_stability,7,0.9439399406435186,False,False,0.7806548059629149
embed_dim,10,start,1.0,3,5,consensus_pac_stability,3,0.689307538358906,False,False,0.5436396426310395
embed_dim,10,start,1.0,3,5,consensus_pac_stability,4,0.8680088948187681,False,False,0.8701215747549915
embed_dim,10,start,1.0,3,5,consensus_pac_stability,5,0.9587307093617967,True,True,1.0
embed_dim,10,start,1.0,3,5,consensus_pac_stability,6,0.9355392483878141,False,False,0.8948762785303316
embed_dim,10,start,1.0,3,5,consensus_pac_stability,7,0.9162704024905493,False,False,0.7806548059629149
embed_dim,10,start,1.0,3,5,silhouette,3,0.14055495379830907,False,False,0.6676722870989172
embed_dim,10,start,1.0,3,5,silhouette,4,0.1787513068015306,False,False,0.8746182697489902
embed_dim,10,start,1.0,3,5,silhouette,5,0.22534883310468531,False,True,1.0
embed_dim,10,start,1.0,3,5,silhouette,6,0.2250980554777606,False,False,0.8953575224362706
embed_dim,10,start,1.0,3,5,silhouette,7,0.23386078114579725,True,False,0.8511968841367511
embed_dim,10,start,1.0,3,5,gap,3,0.20559604581875313,False,False,0.6676722870989172
embed_dim,10,start,1.0,3,5,gap,4,0.23303532834021823,False,False,0.8746182697489902
embed_dim,10,start,1.0,3,5,gap,5,0.3630764932437369,False,True,1.0
embed_dim,10,start,1.0,3,5,gap,6,0.38540103860685626,False,False,0.8953575224362706
embed_dim,10,start,1.0,3,5,gap,7,0.41077896730970487,True,False,0.8511968841367511
embed_dim,10,start,1.0,3,5,davies_bouldin,3,0.2868489906346053,False,False,0.6676722870989172
embed_dim,10,start,1.0,3,5,davies_bouldin,4,0.3028835606236147,False,False,0.8746182697489902
embed_dim,10,start,1.0,3,5,davies_bouldin,5,0.33711306908173294,False,True,1.0
embed_dim,10,start,1.0,3,5,davies_bouldin,6,0.351010541232943,False,False,0.8953575224362706
embed_dim,10,start,1.0,3,5,davies_bouldin,7,0.36995201088515334,True,False,0.8511968841367511
embed_dim,10,start,1.0,3,5,calinski_harabasz,3,204.0687853567605,False,False,0.6676722870989172
embed_dim,10,start,1.0,3,5,calinski_harabasz,4,189.21442809507252,False,False,0.8746182697489902
embed_dim,10,start,1.0,3,5,calinski_harabasz,5,235.65826351391337,True,True,1.0
embed_dim,10,start,1.0,3,5,calinski_harabasz,6,218.46705000485656,False,False,0.8953575224362706
embed_dim,10,start,1.0,3,5,calinski_harabasz,7,206.3391907899835,False,False,0.8511968841367511
embed_dim,10,start,1.0,4,5,accuracy_generalizability,3,0.8951567369811028,False,False,0.5467702334018513
embed_dim,10,start,1.0,4,5,accuracy_generalizability,4,0.9700243450740758,True,False,0.9145833357705023
embed_dim,10,start,1.0,4,5,accuracy_generalizability,5,0.8746202657073556,False,True,0.9980748139703954
embed_dim,10,start,1.0,4,5,accuracy_generalizability,6,0.7865220830518838,False,False,0.8177670642397328
embed_dim,10,start,1.0,4,5,accuracy_generalizability,7,0.783332310045786,False,False,0.8170424391800342
embed_dim,10,start,1.0,4,5,ari_generalizability,3,0.7683243319299008,False,False,0.5467702334018513
embed_dim,10,start,1.0,4,5,ari_generalizability,4,0.9340614223620974,True,False,0.9145833357705023
embed_dim,10,start,1.0,4,5,ari_generalizability,5,0.8463973852047372,False,True,0.9980748139703954
embed_dim,10,start,1.0,4,5,ari_generalizability,6,0.7434728617531134,False,False,0.8177670642397328
embed_dim,10,start,1.0,4,5,ari_generalizability,7,0.7315677834705467,False,False,0.8170424391800342
embed_dim,10,start,1.0,4,5,ari_generalizability_1se,3,0.7683243319299008,False,False,0.5467702334018513
embed_dim,10,start,1.0,4,5,ari_generalizability_1se,4,0.9340614223620974,True,False,0.9145833357705023
embed_dim,10,start,1.0,4,5,ari_generalizability_1se,5,0.8463973852047372,False,True,0.9980748139703954
embed_dim,10,start,1.0,4,5,ari_generalizability_1se,6,0.7434728617531134,False,False,0.8177670642397328
embed_dim,10,start,1.0,4,5,ari_generalizability_1se,7,0.7315677834705467,False,False,0.8170424391800342
embed_dim,10,start,1.0,4,5,ari_generalizability_quant,3,0.7683243319299008,False,False,0.5467702334018513
embed_dim,10,start,1.0,4,5,ari_generalizability_quant,4,0.9340614223620974,False,False,0.9145833357705023
embed_dim,10,start,1.0,4,5,ari_generalizability_quant,5,0.8463973852047372,False,True,0.9980748139703954
embed_dim,10,start,1.0,4,5,ari_generalizability_quant,6,0.7434728617531134,False,False,0.8177670642397328
embed_dim,10,start,1.0,4,5,ari_generalizability_quant,7,0.7315677834705467,True,False,0.8170424391800342
embed_dim,10,start,1.0,4,5,ari_stability,3,0.8746745089515173,False,False,0.5486539777132862
embed_dim,10,start,1.0,4,5,ari_stability,4,0.9207964783235433,False,False,0.9163940432112853
embed_dim,10,start,1.0,4,5,ari_stability,5,0.9982248497451277,True,True,1.0
embed_dim,10,start,1.0,4,5,ari_stability,6,0.8620788379137616,False,False,0.8165649725409384
embed_dim,10,start,1.0,4,5,ari_stability,7,0.8185920517811401,False,False,0.736421787523658
embed_dim,10,start,1.0,4,5,ari_stability_1se,3,0.8746745089515173,False,False,0.5486539777132862
embed_dim,10,start,1.0,4,5,ari_stability_1se,4,0.9207964783235433,False,False,0.9163940432112853
embed_dim,10,start,1.0,4,5,ari_stability_1se,5,0.9982248497451277,True,True,1.0
embed_dim,10,start,1.0,4,5,ari_stability_1se,6,0.8620788379137616,False,False,0.8165649725409384
embed_dim,10,start,1.0,4,5,ari_stability_1se,7,0.8185920517811401,False,False,0.736421787523658
embed_dim,10,start,1.0,4,5,ari_stability_quant,3,0.8746745089515173,False,False,0.5486539777132862
embed_dim,10,start,1.0,4,5,ari_stability_quant,4,0.9207964783235433,False,False,0.9163940432112853
embed_dim,10,start,1.0,4,5,ari_stability_quant,5,0.9982248497451277,True,True,1.0
embed_dim,10,start,1.0,4,5,ari_stability_quant,6,0.8620788379137616,False,False,0.8165649725409384
embed_dim,10,start,1.0,4,5,ari_stability_quant,7,0.8185920517811401,False,False,0.736421787523658
embed_dim,10,start,1.0,4,5,consensus_ce_stability,3,0.8309533258448473,False,False,0.5486539777132862
embed_dim,10,start,1.0,4,5,consensus_ce_stability,4,0.9441175029124667,False,False,0.9163940432112853
embed_dim,10,start,1.0,4,5,consensus_ce_stability,5,0.9956953711380684,True,True,1.0
embed_dim,10,start,1.0,4,5,consensus_ce_stability,6,0.9136614229521639,False,False,0.8165649725409384
embed_dim,10,start,1.0,4,5,consensus_ce_stability,7,0.8966351811865613,False,False,0.736421787523658
embed_dim,10,start,1.0,4,5,consensus_gini_stability,3,0.8699155354500094,False,False,0.5486539777132862
embed_dim,10,start,1.0,4,5,consensus_gini_stability,4,0.9584905031057146,False,False,0.9163940432112853
embed_dim,10,start,1.0,4,5,consensus_gini_stability,5,0.9974137516210907,True,True,1.0
embed_dim,10,start,1.0,4,5,consensus_gini_stability,6,0.9209562612849113,False,False,0.8165649725409384
embed_dim,10,start,1.0,4,5,consensus_gini_stability,7,0.9061693595703793,False,False,0.736421787523658
embed_dim,10,start,1.0,4,5,consensus_pac_stability,3,0.717979097175895,False,False,0.5486539777132862
embed_dim,10,start,1.0,4,5,consensus_pac_stability,4,0.8877322659550811,False,False,0.9163940432112853
embed_dim,10,start,1.0,4,5,consensus_pac_stability,5,0.9982503891483211,True,True,1.0
embed_dim,10,start,1.0,4,5,consensus_pac_stability,6,0.8917856348676896,False,False,0.8165649725409384
embed_dim,10,start,1.0,4,5,consensus_pac_stability,7,0.8762686235267957,False,False,0.736421787523658
embed_dim,10,start,1.0,4,5,silhouette,3,0.2076009337141964,False,False,0.5486539777132862
embed_dim,10,start,1.0,4,5,silhouette,4,0.26085203223184034,False,False,0.9163940432112853
embed_dim,10,start,1.0,4,5,silhouette,5,0.26730607571581255,False,True,1.0
embed_dim,10,start,1.0,4,5,silhouette,6,0.2476206695336907,False,False,0.9733924533258546
embed_dim,10,start,1.0,4,5,silhouette,7,0.29318302440303756,True,False,0.7849574909659077
embed_dim,10,start,1.0,4,5,gap,3,0.15576457387500753,False,False,0.5486539777132862
embed_dim,10,start,1.0,4,5,gap,4,0.25092424317163875,False,False,0.9163940432112853
embed_dim,10,start,1.0,4,5,gap,5,0.26938927138418123,False,True,1.0
embed_dim,10,start,1.0,4,5,gap,6,0.2960609434358492,False,False,0.9733924533258546
embed_dim,10,start,1.0,4,5,gap,7,0.38035241857624236,True,False,0.7849574909659077
embed_dim,10,start,1.0,4,5,davies_bouldin,3,0.3710243273476899,True,False,0.5486539777132862
embed_dim,10,start,1.0,4,5,davies_bouldin,4,0.36097564669560467,False,False,0.9163940432112853
embed_dim,10,start,1.0,4,5,davies_bouldin,5,0.34459066519713083,False,True,1.0
embed_dim,10,start,1.0,4,5,davies_bouldin,6,0.3605612572905732,False,False,0.9733924533258546
embed_dim,10,start,1.0,4,5,davies_bouldin,7,0.368702807234011,False,False,0.7849574909659077
embed_dim,10,start,1.0,4,5,calinski_harabasz,3,309.78426413620934,False,False,0.5486539777132862
embed_dim,10,start,1.0,4,5,calinski_harabasz,4,321.32482191166093,True,False,0.9163940432112853
embed_dim,10,start,1.0,4,5,calinski_harabasz,5,275.26091157281513,False,True,1.0
embed_dim,10,start,1.0,4,5,calinski_harabasz,6,249.45917356682577,False,False,0.9733924533258546
embed_dim,10,start,1.0,4,5,calinski_harabasz,7,263.1147240738077,False,False,0.7849574909659077
embed_dim,10,start,1.0,5,5,accuracy_generalizability,3,0.6433473922380669,False,False,0.48297844872194834
embed_dim,10,start,1.0,5,5,accuracy_generalizability,4,0.6996766961862838,False,False,0.7241161049711377
embed_dim,10,start,1.0,5,5,accuracy_generalizability,5,0.8640154808038355,True,True,0.5713366016263814
embed_dim,10,start,1.0,5,5,accuracy_generalizability,6,0.8329814085863491,False,False,0.5549992323659526
embed_dim,10,start,1.0,5,5,accuracy_generalizability,7,0.7937453139280222,False,False,0.5450261664410758
embed_dim,10,start,1.0,5,5,ari_generalizability,3,0.2907203185644401,False,False,0.48297844872194834
embed_dim,10,start,1.0,5,5,ari_generalizability,4,0.48200567305207515,False,False,0.7241161049711377
embed_dim,10,start,1.0,5,5,ari_generalizability,5,0.6959058762334465,True,True,0.5713366016263814
embed_dim,10,start,1.0,5,5,ari_generalizability,6,0.6713688084367934,False,False,0.5549992323659526
embed_dim,10,start,1.0,5,5,ari_generalizability,7,0.6646282295879011,False,False,0.5450261664410758
embed_dim,10,start,1.0,5,5,ari_generalizability_1se,3,0.2907203185644401,False,False,0.48297844872194834
embed_dim,10,start,1.0,5,5,ari_generalizability_1se,4,0.48200567305207515,False,False,0.7241161049711377
embed_dim,10,start,1.0,5,5,ari_generalizability_1se,5,0.6959058762334465,True,True,0.5713366016263814
embed_dim,10,start,1.0,5,5,ari_generalizability_1se,6,0.6713688084367934,False,False,0.5549992323659526
embed_dim,10,start,1.0,5,5,ari_generalizability_1se,7,0.6646282295879011,False,False,0.5450261664410758
embed_dim,10,start,1.0,5,5,ari_generalizability_quant,3,0.2907203185644401,False,False,0.48297844872194834
embed_dim,10,start,1.0,5,5,ari_generalizability_quant,4,0.48200567305207515,False,False,0.7241161049711377
embed_dim,10,start,1.0,5,5,ari_generalizability_quant,5,0.6959058762334465,False,True,0.5713366016263814
embed_dim,10,start,1.0,5,5,ari_generalizability_quant,6,0.6713688084367934,False,False,0.5549992323659526
embed_dim,10,start,1.0,5,5,ari_generalizability_quant,7,0.6646282295879011,True,False,0.5450261664410758
embed_dim,10,start,1.0,5,5,ari_stability,3,0.6805042621846812,False,False,0.48477182333348495
embed_dim,10,start,1.0,5,5,ari_stability,4,0.8420586155748913,True,False,0.7127403399482958
embed_dim,10,start,1.0,5,5,ari_stability,5,0.7812574020358292,False,True,0.5461355915514985
embed_dim,10,start,1.0,5,5,ari_stability,6,0.8293045294398357,False,False,0.5606461324436275
embed_dim,10,start,1.0,5,5,ari_stability,7,0.7578984533951422,False,False,0.5448794065645011
embed_dim,10,start,1.0,5,5,ari_stability_1se,3,0.6805042621846812,False,False,0.48477182333348495
embed_dim,10,start,1.0,5,5,ari_stability_1se,4,0.8420586155748913,True,False,0.7127403399482958
embed_dim,10,start,1.0,5,5,ari_stability_1se,5,0.7812574020358292,False,True,0.5461355915514985
embed_dim,10,start,1.0,5,5,ari_stability_1se,6,0.8293045294398357,False,False,0.5606461324436275
embed_dim,10,start,1.0,5,5,ari_stability_1se,7,0.7578984533951422,False,False,0.5448794065645011
embed_dim,10,start,1.0,5,5,ari_stability_quant,3,0.6805042621846812,False,False,0.48477182333348495
embed_dim,10,start,1.0,5,5,ari_stability_quant,4,0.8420586155748913,False,False,0.7127403399482958
embed_dim,10,start,1.0,5,5,ari_stability_quant,5,0.7812574020358292,False,True,0.5461355915514985
embed_dim,10,start,1.0,5,5,ari_stability_quant,6,0.8293045294398357,False,False,0.5606461324436275
embed_dim,10,start,1.0,5,5,ari_stability_quant,7,0.7578984533951422,True,False,0.5448794065645011
embed_dim,10,start,1.0,5,5,consensus_ce_stability,3,0.6417808533614134,False,False,0.48477182333348495
embed_dim,10,start,1.0,5,5,consensus_ce_stability,4,0.8406591672605928,False,False,0.7127403399482958
embed_dim,10,start,1.0,5,5,consensus_ce_stability,5,0.8183349092607656,False,True,0.5461355915514985
embed_dim,10,start,1.0,5,5,consensus_ce_stability,6,0.8791084411628298,True,False,0.5606461324436275
embed_dim,10,start,1.0,5,5,consensus_ce_stability,7,0.8532436980144689,False,False,0.5448794065645011
embed_dim,10,start,1.0,5,5,consensus_gini_stability,3,0.694351040688166,False,False,0.48477182333348495
embed_dim,10,start,1.0,5,5,consensus_gini_stability,4,0.8526926681607132,False,False,0.7127403399482958
embed_dim,10,start,1.0,5,5,consensus_gini_stability,5,0.8393011181838865,False,True,0.5461355915514985
embed_dim,10,start,1.0,5,5,consensus_gini_stability,6,0.896388237336736,True,False,0.5606461324436275
embed_dim,10,start,1.0,5,5,consensus_gini_stability,7,0.8725545097031766,False,False,0.5448794065645011
embed_dim,10,start,1.0,5,5,consensus_pac_stability,3,0.4689321770068935,False,False,0.48477182333348495
embed_dim,10,start,1.0,5,5,consensus_pac_stability,4,0.8307120302423838,False,False,0.7127403399482958
embed_dim,10,start,1.0,5,5,consensus_pac_stability,5,0.7527791861240827,False,True,0.5461355915514985
embed_dim,10,start,1.0,5,5,consensus_pac_stability,6,0.8340395819435179,True,False,0.5606461324436275
embed_dim,10,start,1.0,5,5,consensus_pac_stability,7,0.7943633533466756,False,False,0.5448794065645011
embed_dim,10,start,1.0,5,5,silhouette,3,0.1060819519468421,False,False,0.6464823188006432
embed_dim,10,start,1.0,5,5,silhouette,4,0.16816694913259644,False,False,0.4985382681204379
embed_dim,10,start,1.0,5,5,silhouette,5,0.13897729917974577,False,True,1.0
embed_dim,10,start,1.0,5,5,silhouette,6,0.22995660965798898,False,False,0.7376025516227834
embed_dim,10,start,1.0,5,5,silhouette,7,0.2615348933634131,True,False,0.6674677793001879
embed_dim,10,start,1.0,5,5,gap,3,-0.05960669255987838,False,False,0.6464823188006432
embed_dim,10,start,1.0,5,5,gap,4,0.04910651468266103,False,False,0.4985382681204379
embed_dim,10,start,1.0,5,5,gap,5,0.015224318896464695,False,True,1.0
embed_dim,10,start,1.0,5,5,gap,6,0.2122221510208231,False,False,0.7376025516227834
embed_dim,10,start,1.0,5,5,gap,7,0.3106192937739074,True,False,0.6674677793001879
embed_dim,10,start,1.0,5,5,davies_bouldin,3,0.24070736078057856,False,False,0.6464823188006432
embed_dim,10,start,1.0,5,5,davies_bouldin,4,0.28782254663686074,False,False,0.4985382681204379
embed_dim,10,start,1.0,5,5,davies_bouldin,5,0.30200788282900926,False,True,1.0
embed_dim,10,start,1.0,5,5,davies_bouldin,6,0.3534903824152711,False,False,0.7376025516227834
embed_dim,10,start,1.0,5,5,davies_bouldin,7,0.3727765443615672,True,False,0.6674677793001879
embed_dim,10,start,1.0,5,5,calinski_harabasz,3,112.05944753058984,False,False,0.6464823188006432
embed_dim,10,start,1.0,5,5,calinski_harabasz,4,170.77533347537963,False,False,0.4985382681204379
embed_dim,10,start,1.0,5,5,calinski_harabasz,5,131.42484491713248,False,True,1.0
embed_dim,10,start,1.0,5,5,calinski_harabasz,6,210.41260100564307,False,False,0.7376025516227834
embed_dim,10,start,1.0,5,5,calinski_harabasz,7,234.2283115456782,True,False,0.6674677793001879
embed_dim,10,start,0.7410793376592857,6,5,accuracy_generalizability,3,0.8129451846060237,False,False,0.6975238181573149
embed_dim,10,start,0.7410793376592857,6,5,accuracy_generalizability,4,0.9721663970923528,True,False,0.8689887854943043
embed_dim,10,start,0.7410793376592857,6,5,accuracy_generalizability,5,0.9146911004110471,False,True,0.7318005448941486
embed_dim,10,start,0.7410793376592857,6,5,accuracy_generalizability,6,0.8662061737010648,False,False,0.6589023363042114
embed_dim,10,start,0.7410793376592857,6,5,accuracy_generalizability,7,0.7857890325751317,False,False,0.6463350566950661
embed_dim,10,start,0.7410793376592857,6,5,ari_generalizability,3,0.6371894052725452,False,False,0.6975238181573149
embed_dim,10,start,0.7410793376592857,6,5,ari_generalizability,4,0.960039432251152,True,False,0.8689887854943043
embed_dim,10,start,0.7410793376592857,6,5,ari_generalizability,5,0.9060471331091285,False,True,0.7318005448941486
embed_dim,10,start,0.7410793376592857,6,5,ari_generalizability,6,0.8594749011452447,False,False,0.6589023363042114
embed_dim,10,start,0.7410793376592857,6,5,ari_generalizability,7,0.7673829184770418,False,False,0.6463350566950661
embed_dim,10,start,0.7410793376592857,6,5,ari_generalizability_1se,3,0.6371894052725452,False,False,0.6975238181573149
embed_dim,10,start,0.7410793376592857,6,5,ari_generalizability_1se,4,0.960039432251152,True,False,0.8689887854943043
embed_dim,10,start,0.7410793376592857,6,5,ari_generalizability_1se,5,0.9060471331091285,False,True,0.7318005448941486
embed_dim,10,start,0.7410793376592857,6,5,ari_generalizability_1se,6,0.8594749011452447,False,False,0.6589023363042114
embed_dim,10,start,0.7410793376592857,6,5,ari_generalizability_1se,7,0.7673829184770418,False,False,0.6463350566950661
embed_dim,10,start,0.7410793376592857,6,5,ari_generalizability_quant,3,0.6371894052725452,False,False,0.6975238181573149
embed_dim,10,start,0.7410793376592857,6,5,ari_generalizability_quant,4,0.960039432251152,False,False,0.8689887854943043
embed_dim,10,start,0.7410793376592857,6,5,ari_generalizability_quant,5,0.9060471331091285,False,True,0.7318005448941486
embed_dim,10,start,0.7410793376592857,6,5,ari_generalizability_quant,6,0.8594749011452447,False,False,0.6589023363042114
embed_dim,10,start,0.7410793376592857,6,5,ari_generalizability_quant,7,0.7673829184770418,True,False,0.6463350566950661
embed_dim,10,start,0.7410793376592857,6,5,ari_stability,3,0.716142059483818,False,False,0.6995146959670314
embed_dim,10,start,0.7410793376592857,6,5,ari_stability,4,0.9961121912749342,True,False,0.871216911992211
embed_dim,10,start,0.7410793376592857,6,5,ari_stability,5,0.91128102698969,False,True,0.7308208850906787
embed_dim,10,start,0.7410793376592857,6,5,ari_stability,6,0.8541273283081027,False,False,0.6583338894815995
embed_dim,10,start,0.7410793376592857,6,5,ari_stability,7,0.7934133587990622,False,False,0.6445950608902453
embed_dim,10,start,0.7410793376592857,6,5,ari_stability_1se,3,0.716142059483818,False,False,0.6995146959670314
embed_dim,10,start,0.7410793376592857,6,5,ari_stability_1se,4,0.9961121912749342,True,False,0.871216911992211
embed_dim,10,start,0.7410793376592857,6,5,ari_stability_1se,5,0.91128102698969,False,True,0.7308208850906787
embed_dim,10,start,0.7410793376592857,6,5,ari_stability_1se,6,0.8541273283081027,False,False,0.6583338894815995
embed_dim,10,start,0.7410793376592857,6,5,ari_stability_1se,7,0.7934133587990622,False,False,0.6445950608902453
embed_dim,10,start,0.7410793376592857,6,5,ari_stability_quant,3,0.716142059483818,False,False,0.6995146959670314
embed_dim,10,start,0.7410793376592857,6,5,ari_stability_quant,4,0.9961121912749342,True,False,0.871216911992211
embed_dim,10,start,0.7410793376592857,6,5,ari_stability_quant,5,0.91128102698969,False,True,0.7308208850906787
embed_dim,10,start,0.7410793376592857,6,5,ari_stability_quant,6,0.8541273283081027,False,False,0.6583338894815995
embed_dim,10,start,0.7410793376592857,6,5,ari_stability_quant,7,0.7934133587990622,False,False,0.6445950608902453
embed_dim,10,start,0.7410793376592857,6,5,consensus_ce_stability,3,0.7491356600176665,False,False,0.6995146959670314
embed_dim,10,start,0.7410793376592857,6,5,consensus_ce_stability,4,0.9942354263995138,True,False,0.871216911992211
embed_dim,10,start,0.7410793376592857,6,5,consensus_ce_stability,5,0.9310872553285889,False,True,0.7308208850906787
embed_dim,10,start,0.7410793376592857,6,5,consensus_ce_stability,6,0.9045606371539346,False,False,0.6583338894815995
embed_dim,10,start,0.7410793376592857,6,5,consensus_ce_stability,7,0.8849075613105287,False,False,0.6445950608902453
embed_dim,10,start,0.7410793376592857,6,5,consensus_gini_stability,3,0.7635766733719985,False,False,0.6995146959670314
embed_dim,10,start,0.7410793376592857,6,5,consensus_gini_stability,4,0.9966310771503819,True,False,0.871216911992211
embed_dim,10,start,0.7410793376592857,6,5,consensus_gini_stability,5,0.9423060643426159,False,True,0.7308208850906787
embed_dim,10,start,0.7410793376592857,6,5,consensus_gini_stability,6,0.9173092555696243,False,False,0.6583338894815995
embed_dim,10,start,0.7410793376592857,6,5,consensus_gini_stability,7,0.8947886366016352,False,False,0.6445950608902453
embed_dim,10,start,0.7410793376592857,6,5,consensus_pac_stability,3,0.6900769401823438,False,False,0.6995146959670314
embed_dim,10,start,0.7410793376592857,6,5,consensus_pac_stability,4,0.9999991105181232,True,False,0.871216911992211
embed_dim,10,start,0.7410793376592857,6,5,consensus_pac_stability,5,0.9021303090949522,False,True,0.7308208850906787
embed_dim,10,start,0.7410793376592857,6,5,consensus_pac_stability,6,0.8742619524127195,False,False,0.6583338894815995
embed_dim,10,start,0.7410793376592857,6,5,consensus_pac_stability,7,0.8584941071825661,False,False,0.6445950608902453
embed_dim,10,start,0.7410793376592857,6,5,silhouette,3,0.18633850555319703,False,False,0.6570778894763419
embed_dim,10,start,0.7410793376592857,6,5,silhouette,4,0.10139654349171336,False,False,0.5733260187631432
embed_dim,10,start,0.7410793376592857,6,5,silhouette,5,0.2623435793519584,True,True,1.0
embed_dim,10,start,0.7410793376592857,6,5,silhouette,6,0.21900795082146896,False,False,0.8582413026096419
embed_dim,10,start,0.7410793376592857,6,5,silhouette,7,0.2508530720894235,False,False,0.8080147601830119
embed_dim,10,start,0.7410793376592857,6,5,gap,3,0.026470357211200835,False,False,0.6570778894763419
embed_dim,10,start,0.7410793376592857,6,5,gap,4,-0.05325124673387727,False,False,0.5733260187631432
embed_dim,10,start,0.7410793376592857,6,5,gap,5,0.23100706232863644,False,True,1.0
embed_dim,10,start,0.7410793376592857,6,5,gap,6,0.24238468671668478,False,False,0.8582413026096419
embed_dim,10,start,0.7410793376592857,6,5,gap,7,0.32313702966572855,True,False,0.8080147601830119
embed_dim,10,start,0.7410793376592857,6,5,davies_bouldin,3,0.28536886665907235,False,False,0.6570778894763419
embed_dim,10,start,0.7410793376592857,6,5,davies_bouldin,4,0.22533068106541776,False,False,0.5733260187631432
embed_dim,10,start,0.7410793376592857,6,5,davies_bouldin,5,0.2778826993918363,False,True,1.0
embed_dim,10,start,0.7410793376592857,6,5,davies_bouldin,6,0.29830731510553643,False,False,0.8582413026096419
embed_dim,10,start,0.7410793376592857,6,5,davies_bouldin,7,0.3476837997221704,True,False,0.8080147601830119
embed_dim,10,start,0.7410793376592857,6,5,calinski_harabasz,3,191.47711586748608,False,False,0.6570778894763419
embed_dim,10,start,0.7410793376592857,6,5,calinski_harabasz,4,104.61055784414538,False,False,0.5733260187631432
embed_dim,10,start,0.7410793376592857,6,5,calinski_harabasz,5,252.5403506406504,True,True,1.0
embed_dim,10,start,0.7410793376592857,6,5,calinski_harabasz,6,225.91152288190705,False,False,0.8582413026096419
embed_dim,10,start,0.7410793376592857,6,5,calinski_harabasz,7,238.217991974556,False,False,0.8080147601830119
embed_dim,10,start,0.6859596292525046,7,5,accuracy_generalizability,3,0.8521901714212161,False,False,0.7669770097953004
embed_dim,10,start,0.6859596292525046,7,5,accuracy_generalizability,4,0.9098224189592512,True,False,0.5532869317427859
embed_dim,10,start,0.6859596292525046,7,5,accuracy_generalizability,5,0.7562405653189687,False,True,0.7086088035859359
embed_dim,10,start,0.6859596292525046,7,5,accuracy_generalizability,6,0.6972132542082716,False,False,0.6203387125067286
embed_dim,10,start,0.6859596292525046,7,5,accuracy_generalizability,7,0.7379798335202495,False,False,0.6930059484924965
embed_dim,10,start,0.6859596292525046,7,5,ari_generalizability,3,0.8078275813419137,False,False,0.7669770097953004
embed_dim,10,start,0.6859596292525046,7,5,ari_generalizability,4,0.8815717332602456,True,False,0.5532869317427859
embed_dim,10,start,0.6859596292525046,7,5,ari_generalizability,5,0.7072519946601592,False,True,0.7086088035859359
embed_dim,10,start,0.6859596292525046,7,5,ari_generalizability,6,0.6384285525528032,False,False,0.6203387125067286
embed_dim,10,start,0.6859596292525046,7,5,ari_generalizability,7,0.6693112311758006,False,False,0.6930059484924965
embed_dim,10,start,0.6859596292525046,7,5,ari_generalizability_1se,3,0.8078275813419137,False,False,0.7669770097953004
embed_dim,10,start,0.6859596292525046,7,5,ari_generalizability_1se,4,0.8815717332602456,True,False,0.5532869317427859
embed_dim,10,start,0.6859596292525046,7,5,ari_generalizability_1se,5,0.7072519946601592,False,True,0.7086088035859359
embed_dim,10,start,0.6859596292525046,7,5,ari_generalizability_1se,6,0.6384285525528032,False,False,0.6203387125067286
embed_dim,10,start,0.6859596292525046,7,5,ari_generalizability_1se,7,0.6693112311758006,False,False,0.6930059484924965
embed_dim,10,start,0.6859596292525046,7,5,ari_generalizability_quant,3,0.8078275813419137,False,False,0.7669770097953004
embed_dim,10,start,0.6859596292525046,7,5,ari_generalizability_quant,4,0.8815717332602456,False,False,0.5532869317427859
embed_dim,10,start,0.6859596292525046,7,5,ari_generalizability_quant,5,0.7072519946601592,False,True,0.7086088035859359
embed_dim,10,start,0.6859596292525046,7,5,ari_generalizability_quant,6,0.6384285525528032,False,False,0.6203387125067286
embed_dim,10,start,0.6859596292525046,7,5,ari_generalizability_quant,7,0.6693112311758006,True,False,0.6930059484924965
embed_dim,10,start,0.6859596292525046,7,5,ari_stability,3,0.9953886281168542,True,False,0.7669770097953004
embed_dim,10,start,0.6859596292525046,7,5,ari_stability,4,0.8845236461133981,False,False,0.5532981426640303
embed_dim,10,start,0.6859596292525046,7,5,ari_stability,5,0.8831152721334289,False,True,0.7086174639051572
embed_dim,10,start,0.6859596292525046,7,5,ari_stability,6,0.8408747506659693,False,False,0.621859217499259
embed_dim,10,start,0.6859596292525046,7,5,ari_stability,7,0.7853451844052455,False,False,0.6929368287521598
embed_dim,10,start,0.6859596292525046,7,5,ari_stability_1se,3,0.9953886281168542,True,False,0.7669770097953004
embed_dim,10,start,0.6859596292525046,7,5,ari_stability_1se,4,0.8845236461133981,False,False,0.5532981426640303
embed_dim,10,start,0.6859596292525046,7,5,ari_stability_1se,5,0.8831152721334289,False,True,0.7086174639051572
embed_dim,10,start,0.6859596292525046,7,5,ari_stability_1se,6,0.8408747506659693,False,False,0.621859217499259
embed_dim,10,start,0.6859596292525046,7,5,ari_stability_1se,7,0.7853451844052455,False,False,0.6929368287521598
embed_dim,10,start,0.6859596292525046,7,5,ari_stability_quant,3,0.9953886281168542,True,False,0.7669770097953004
embed_dim,10,start,0.6859596292525046,7,5,ari_stability_quant,4,0.8845236461133981,False,False,0.5532981426640303
embed_dim,10,start,0.6859596292525046,7,5,ari_stability_quant,5,0.8831152721334289,False,True,0.7086174639051572
embed_dim,10,start,0.6859596292525046,7,5,ari_stability_quant,6,0.8408747506659693,False,False,0.621859217499259
embed_dim,10,start,0.6859596292525046,7,5,ari_stability_quant,7,0.7853451844052455,False,False,0.6929368287521598
embed_dim,10,start,0.6859596292525046,7,5,consensus_ce_stability,3,0.9888966341307666,True,False,0.7669770097953004
embed_dim,10,start,0.6859596292525046,7,5,consensus_ce_stability,4,0.8792238850550281,False,False,0.5532981426640303
embed_dim,10,start,0.6859596292525046,7,5,consensus_ce_stability,5,0.9021520442022138,False,True,0.7086174639051572
embed_dim,10,start,0.6859596292525046,7,5,consensus_ce_stability,6,0.9025789467127567,False,False,0.621859217499259
embed_dim,10,start,0.6859596292525046,7,5,consensus_ce_stability,7,0.8801454567632375,False,False,0.6929368287521598
embed_dim,10,start,0.6859596292525046,7,5,consensus_gini_stability,3,0.9935227367015947,True,False,0.7669770097953004
embed_dim,10,start,0.6859596292525046,7,5,consensus_gini_stability,4,0.894443933501296,False,False,0.5532981426640303
embed_dim,10,start,0.6859596292525046,7,5,consensus_gini_stability,5,0.9186087706687452,False,True,0.7086174639051572
embed_dim,10,start,0.6859596292525046,7,5,consensus_gini_stability,6,0.9150726294534304,False,False,0.621859217499259
embed_dim,10,start,0.6859596292525046,7,5,consensus_gini_stability,7,0.8903448573089454,False,False,0.6929368287521598
embed_dim,10,start,0.6859596292525046,7,5,consensus_pac_stability,3,0.9999991105181232,True,False,0.7669770097953004
embed_dim,10,start,0.6859596292525046,7,5,consensus_pac_stability,4,0.833086057371581,False,False,0.5532981426640303
embed_dim,10,start,0.6859596292525046,7,5,consensus_pac_stability,5,0.8700787191460974,False,True,0.7086174639051572
embed_dim,10,start,0.6859596292525046,7,5,consensus_pac_stability,6,0.876980209028241,False,False,0.621859217499259
embed_dim,10,start,0.6859596292525046,7,5,consensus_pac_stability,7,0.8543918167667334,False,False,0.6929368287521598
embed_dim,10,start,0.6859596292525046,7,5,silhouette,3,0.07808391786481962,False,False,0.3182703956337154
embed_dim,10,start,0.6859596292525046,7,5,silhouette,4,0.2571931300034349,False,False,0.5669322277771077
embed_dim,10,start,0.6859596292525046,7,5,silhouette,5,0.3105461650386575,False,True,0.6781948436261023
embed_dim,10,start,0.6859596292525046,7,5,silhouette,6,0.33137966750620623,True,False,0.7810526539868726
embed_dim,10,start,0.6859596292525046,7,5,silhouette,7,0.30692856283423114,False,False,0.5855942209060674
embed_dim,10,start,0.6859596292525046,7,5,gap,3,-0.07936932664733654,False,False,0.3182703956337154
embed_dim,10,start,0.6859596292525046,7,5,gap,4,0.21960606195233012,False,False,0.5669322277771077
embed_dim,10,start,0.6859596292525046,7,5,gap,5,0.36014583136779876,False,True,0.6781948436261023
embed_dim,10,start,0.6859596292525046,7,5,gap,6,0.47665232229869403,True,False,0.7810526539868726
embed_dim,10,start,0.6859596292525046,7,5,gap,7,0.4750681875610674,False,False,0.5855942209060674
embed_dim,10,start,0.6859596292525046,7,5,davies_bouldin,3,0.23808762875941877,False,False,0.3182703956337154
embed_dim,10,start,0.6859596292525046,7,5,davies_bouldin,4,0.3654455354815909,False,False,0.5669322277771077
embed_dim,10,start,0.6859596292525046,7,5,davies_bouldin,5,0.35960914404379585,False,True,0.6781948436261023
embed_dim,10,start,0.6859596292525046,7,5,davies_bouldin,6,0.3551126588393885,False,False,0.7810526539868726
embed_dim,10,start,0.6859596292525046,7,5,davies_bouldin,7,0.38398305169749186,True,False,0.5855942209060674
embed_dim,10,start,0.6859596292525046,7,5,calinski_harabasz,3,135.79490206159034,False,False,0.3182703956337154
embed_dim,10,start,0.6859596292525046,7,5,calinski_harabasz,4,335.0117577247941,False,False,0.5669322277771077
embed_dim,10,start,0.6859596292525046,7,5,calinski_harabasz,5,372.42541336407214,False,True,0.6781948436261023
embed_dim,10,start,0.6859596292525046,7,5,calinski_harabasz,6,394.6280764372599,True,False,0.7810526539868726
embed_dim,10,start,0.6859596292525046,7,5,calinski_harabasz,7,348.7465881935374,False,False,0.5855942209060674
embed_dim,10,start,0.7469813059216569,8,5,accuracy_generalizability,3,0.8635933757470716,True,False,0.6817889254282631
embed_dim,10,start,0.7469813059216569,8,5,accuracy_generalizability,4,0.8282954037480142,False,False,0.9194835894478463
embed_dim,10,start,0.7469813059216569,8,5,accuracy_generalizability,5,0.81024856766355,False,True,0.9975238069045905
embed_dim,10,start,0.7469813059216569,8,5,accuracy_generalizability,6,0.7635717125987969,False,False,0.7809585937259889
embed_dim,10,start,0.7469813059216569,8,5,accuracy_generalizability,7,0.743252167789519,False,False,0.714656028437828
embed_dim,10,start,0.7469813059216569,8,5,ari_generalizability,3,0.7622091734276261,False,False,0.6817889254282631
embed_dim,10,start,0.7469813059216569,8,5,ari_generalizability,4,0.765555719176222,True,False,0.9194835894478463
embed_dim,10,start,0.7469813059216569,8,5,ari_generalizability,5,0.7482448780531565,False,True,0.9975238069045905
embed_dim,10,start,0.7469813059216569,8,5,ari_generalizability,6,0.7063862645056191,False,False,0.7809585937259889
embed_dim,10,start,0.7469813059216569,8,5,ari_generalizability,7,0.6769817932349969,False,False,0.714656028437828
embed_dim,10,start,0.7469813059216569,8,5,ari_generalizability_1se,3,0.7622091734276261,False,False,0.6817889254282631
embed_dim,10,start,0.7469813059216569,8,5,ari_generalizability_1se,4,0.765555719176222,False,False,0.9194835894478463
embed_dim,10,start,0.7469813059216569,8,5,ari_generalizability_1se,5,0.7482448780531565,True,True,0.9975238069045905
embed_dim,10,start,0.7469813059216569,8,5,ari_generalizability_1se,6,0.7063862645056191,False,False,0.7809585937259889
embed_dim,10,start,0.7469813059216569,8,5,ari_generalizability_1se,7,0.6769817932349969,False,False,0.714656028437828
embed_dim,10,start,0.7469813059216569,8,5,ari_generalizability_quant,3,0.7622091734276261,False,False,0.6817889254282631
embed_dim,10,start,0.7469813059216569,8,5,ari_generalizability_quant,4,0.765555719176222,False,False,0.9194835894478463
embed_dim,10,start,0.7469813059216569,8,5,ari_generalizability_quant,5,0.7482448780531565,False,True,0.9975238069045905
embed_dim,10,start,0.7469813059216569,8,5,ari_generalizability_quant,6,0.7063862645056191,False,False,0.7809585937259889
embed_dim,10,start,0.7469813059216569,8,5,ari_generalizability_quant,7,0.6769817932349969,True,False,0.714656028437828
embed_dim,10,start,0.7469813059216569,8,5,ari_stability,3,0.8421277305170398,False,False,0.6817889254282631
embed_dim,10,start,0.7469813059216569,8,5,ari_stability,4,0.9897358318925779,True,False,0.9215153388557706
embed_dim,10,start,0.7469813059216569,8,5,ari_stability,5,0.8488764805143186,False,True,1.0
embed_dim,10,start,0.7469813059216569,8,5,ari_stability,6,0.8901949892707371,False,False,0.7813166987657439
embed_dim,10,start,0.7469813059216569,8,5,ari_stability,7,0.8375206877420706,False,False,0.7136748325021764
embed_dim,10,start,0.7469813059216569,8,5,ari_stability_1se,3,0.8421277305170398,False,False,0.6817889254282631
embed_dim,10,start,0.7469813059216569,8,5,ari_stability_1se,4,0.9897358318925779,True,False,0.9215153388557706
embed_dim,10,start,0.7469813059216569,8,5,ari_stability_1se,5,0.8488764805143186,False,True,1.0
embed_dim,10,start,0.7469813059216569,8,5,ari_stability_1se,6,0.8901949892707371,False,False,0.7813166987657439
embed_dim,10,start,0.7469813059216569,8,5,ari_stability_1se,7,0.8375206877420706,False,False,0.7136748325021764
embed_dim,10,start,0.7469813059216569,8,5,ari_stability_quant,3,0.8421277305170398,False,False,0.6817889254282631
embed_dim,10,start,0.7469813059216569,8,5,ari_stability_quant,4,0.9897358318925779,True,False,0.9215153388557706
embed_dim,10,start,0.7469813059216569,8,5,ari_stability_quant,5,0.8488764805143186,False,True,1.0
embed_dim,10,start,0.7469813059216569,8,5,ari_stability_quant,6,0.8901949892707371,False,False,0.7813166987657439
embed_dim,10,start,0.7469813059216569,8,5,ari_stability_quant,7,0.8375206877420706,False,False,0.7136748325021764
embed_dim,10,start,0.7469813059216569,8,5,consensus_ce_stability,3,0.843796335289062,False,False,0.6817889254282631
embed_dim,10,start,0.7469813059216569,8,5,consensus_ce_stability,4,0.9931663388819073,True,False,0.9215153388557706
embed_dim,10,start,0.7469813059216569,8,5,consensus_ce_stability,5,0.881908783245119,False,True,1.0
embed_dim,10,start,0.7469813059216569,8,5,consensus_ce_stability,6,0.9080864293501407,False,False,0.7813166987657439
embed_dim,10,start,0.7469813059216569,8,5,consensus_ce_stability,7,0.9017046154760514,False,False,0.7136748325021764
embed_dim,10,start,0.7469813059216569,8,5,consensus_gini_stability,3,0.850219251830612,False,False,0.6817889254282631
embed_dim,10,start,0.7469813059216569,8,5,consensus_gini_stability,4,0.9960041322499034,True,False,0.9215153388557706
embed_dim,10,start,0.7469813059216569,8,5,consensus_gini_stability,5,0.8889163342690853,False,True,1.0
embed_dim,10,start,0.7469813059216569,8,5,consensus_gini_stability,6,0.9260261547726474,False,False,0.7813166987657439
embed_dim,10,start,0.7469813059216569,8,5,consensus_gini_stability,7,0.9159515359142385,False,False,0.7136748325021764
embed_dim,10,start,0.7469813059216569,8,5,consensus_pac_stability,3,0.8340360240160107,False,False,0.6817889254282631
embed_dim,10,start,0.7469813059216569,8,5,consensus_pac_stability,4,0.9999991105181232,True,False,0.9215153388557706
embed_dim,10,start,0.7469813059216569,8,5,consensus_pac_stability,5,0.8704434067155882,False,True,1.0
embed_dim,10,start,0.7469813059216569,8,5,consensus_pac_stability,6,0.8466684456304203,False,False,0.7813166987657439
embed_dim,10,start,0.7469813059216569,8,5,consensus_pac_stability,7,0.8765070046697798,False,False,0.7136748325021764
embed_dim,10,start,0.7469813059216569,8,5,silhouette,3,0.17897803479814983,False,False,0.8018479489708511
embed_dim,10,start,0.7469813059216569,8,5,silhouette,4,0.185570417400077,False,False,0.9381424947296992
embed_dim,10,start,0.7469813059216569,8,5,silhouette,5,0.1835768632028881,False,True,0.7469813059216569
embed_dim,10,start,0.7469813059216569,8,5,silhouette,6,0.2306289695016887,False,False,0.78361608408702
embed_dim,10,start,0.7469813059216569,8,5,silhouette,7,0.2718884153665106,True,False,0.7011806069853415
embed_dim,10,start,0.7469813059216569,8,5,gap,3,0.020820577103123128,False,False,0.8018479489708511
embed_dim,10,start,0.7469813059216569,8,5,gap,4,0.03986507968076758,False,False,0.9381424947296992
embed_dim,10,start,0.7469813059216569,8,5,gap,5,0.03403497490616836,False,True,0.7469813059216569
embed_dim,10,start,0.7469813059216569,8,5,gap,6,0.16353201868845169,False,False,0.78361608408702
embed_dim,10,start,0.7469813059216569,8,5,gap,7,0.2854659617936335,True,False,0.7011806069853415
embed_dim,10,start,0.7469813059216569,8,5,davies_bouldin,3,0.318866348513309,False,False,0.8018479489708511
embed_dim,10,start,0.7469813059216569,8,5,davies_bouldin,4,0.3179813502113315,False,False,0.9381424947296992
embed_dim,10,start,0.7469813059216569,8,5,davies_bouldin,5,0.2763189574861427,False,True,0.7469813059216569
embed_dim,10,start,0.7469813059216569,8,5,davies_bouldin,6,0.33094701766105367,False,False,0.78361608408702
embed_dim,10,start,0.7469813059216569,8,5,davies_bouldin,7,0.3512010103663255,True,False,0.7011806069853415
embed_dim,10,start,0.7469813059216569,8,5,calinski_harabasz,3,226.98617463571875,False,False,0.8018479489708511
embed_dim,10,start,0.7469813059216569,8,5,calinski_harabasz,4,195.41334371579367,False,False,0.9381424947296992
embed_dim,10,start,0.7469813059216569,8,5,calinski_harabasz,5,165.56499171456917,False,True,0.7469813059216569
embed_dim,10,start,0.7469813059216569,8,5,calinski_harabasz,6,210.3564605014461,False,False,0.78361608408702
embed_dim,10,start,0.7469813059216569,8,5,calinski_harabasz,7,244.68698709803687,True,False,0.7011806069853415
embed_dim,10,start,0.7181735639254839,9,5,accuracy_generalizability,3,0.9967711023295084,True,False,0.5753008133446427
embed_dim,10,start,0.7181735639254839,9,5,accuracy_generalizability,4,0.8440797864550024,False,False,0.4968507156186082
embed_dim,10,start,0.7181735639254839,9,5,accuracy_generalizability,5,0.9106737366533632,False,True,0.7354737163769245
embed_dim,10,start,0.7181735639254839,9,5,accuracy_generalizability,6,0.8072130417847493,False,False,0.7840982157201866
embed_dim,10,start,0.7181735639254839,9,5,accuracy_generalizability,7,0.7695864936613883,False,False,0.7261032790568409
embed_dim,10,start,0.7181735639254839,9,5,ari_generalizability,3,0.9910205080216972,True,False,0.5753008133446427
embed_dim,10,start,0.7181735639254839,9,5,ari_generalizability,4,0.7387053749731962,False,False,0.4968507156186082
embed_dim,10,start,0.7181735639254839,9,5,ari_generalizability,5,0.8486351954174961,False,True,0.7354737163769245
embed_dim,10,start,0.7181735639254839,9,5,ari_generalizability,6,0.7717194913285893,False,False,0.7840982157201866
embed_dim,10,start,0.7181735639254839,9,5,ari_generalizability,7,0.7140857519225078,False,False,0.7261032790568409
embed_dim,10,start,0.7181735639254839,9,5,ari_generalizability_1se,3,0.9910205080216972,True,False,0.5753008133446427
embed_dim,10,start,0.7181735639254839,9,5,ari_generalizability_1se,4,0.7387053749731962,False,False,0.4968507156186082
embed_dim,10,start,0.7181735639254839,9,5,ari_generalizability_1se,5,0.8486351954174961,False,True,0.7354737163769245
embed_dim,10,start,0.7181735639254839,9,5,ari_generalizability_1se,6,0.7717194913285893,False,False,0.7840982157201866
embed_dim,10,start,0.7181735639254839,9,5,ari_generalizability_1se,7,0.7140857519225078,False,False,0.7261032790568409
embed_dim,10,start,0.7181735639254839,9,5,ari_generalizability_quant,3,0.9910205080216972,True,False,0.5753008133446427
embed_dim,10,start,0.7181735639254839,9,5,ari_generalizability_quant,4,0.7387053749731962,False,False,0.4968507156186082
embed_dim,10,start,0.7181735639254839,9,5,ari_generalizability_quant,5,0.8486351954174961,False,True,0.7354737163769245
embed_dim,10,start,0.7181735639254839,9,5,ari_generalizability_quant,6,0.7717194913285893,False,False,0.7840982157201866
embed_dim,10,start,0.7181735639254839,9,5,ari_generalizability_quant,7,0.7140857519225078,False,False,0.7261032790568409
embed_dim,10,start,0.7181735639254839,9,5,ari_stability,3,1.0,True,False,0.5793312208507726
embed_dim,10,start,0.7181735639254839,9,5,ari_stability,4,0.7959331945556949,False,False,0.4968507156186082
embed_dim,10,start,0.7181735639254839,9,5,ari_stability,5,0.9749570657997567,False,True,0.7312211717389203
embed_dim,10,start,0.7181735639254839,9,5,ari_stability,6,0.8831096336260056,False,False,0.7854498885470911
embed_dim,10,start,0.7181735639254839,9,5,ari_stability,7,0.8471282059743603,False,False,0.7242326096756497
embed_dim,10,start,0.7181735639254839,9,5,ari_stability_1se,3,1.0,True,False,0.5793312208507726
embed_dim,10,start,0.7181735639254839,9,5,ari_stability_1se,4,0.7959331945556949,False,False,0.4968507156186082
embed_dim,10,start,0.7181735639254839,9,5,ari_stability_1se,5,0.9749570657997567,False,True,0.7312211717389203
embed_dim,10,start,0.7181735639254839,9,5,ari_stability_1se,6,0.8831096336260056,False,False,0.7854498885470911
embed_dim,10,start,0.7181735639254839,9,5,ari_stability_1se,7,0.8471282059743603,False,False,0.7242326096756497
embed_dim,10,start,0.7181735639254839,9,5,ari_stability_quant,3,1.0,True,False,0.5793312208507726
embed_dim,10,start,0.7181735639254839,9,5,ari_stability_quant,4,0.7959331945556949,False,False,0.4968507156186082
embed_dim,10,start,0.7181735639254839,9,5,ari_stability_quant,5,0.9749570657997567,False,True,0.7312211717389203
embed_dim,10,start,0.7181735639254839,9,5,ari_stability_quant,6,0.8831096336260056,False,False,0.7854498885470911
embed_dim,10,start,0.7181735639254839,9,5,ari_stability_quant,7,0.8471282059743603,False,False,0.7242326096756497
embed_dim,10,start,0.7181735639254839,9,5,consensus_ce_stability,3,0.9999999999586944,True,False,0.5793312208507726
embed_dim,10,start,0.7181735639254839,9,5,consensus_ce_stability,4,0.7993518664235594,False,False,0.4968507156186082
embed_dim,10,start,0.7181735639254839,9,5,consensus_ce_stability,5,0.9761006633482389,False,True,0.7312211717389203
embed_dim,10,start,0.7181735639254839,9,5,consensus_ce_stability,6,0.9216055977836977,False,False,0.7854498885470911
embed_dim,10,start,0.7181735639254839,9,5,consensus_ce_stability,7,0.9152209262027997,False,False,0.7242326096756497
embed_dim,10,start,0.7181735639254839,9,5,consensus_gini_stability,3,1.0,True,False,0.5793312208507726
embed_dim,10,start,0.7181735639254839,9,5,consensus_gini_stability,4,0.8149530813389315,False,False,0.4968507156186082
embed_dim,10,start,0.7181735639254839,9,5,consensus_gini_stability,5,0.9807339661928802,False,True,0.7312211717389203
embed_dim,10,start,0.7181735639254839,9,5,consensus_gini_stability,6,0.9321299518828801,False,False,0.7854498885470911
embed_dim,10,start,0.7181735639254839,9,5,consensus_gini_stability,7,0.9282405666427276,False,False,0.7242326096756497
embed_dim,10,start,0.7181735639254839,9,5,consensus_pac_stability,3,1.0,True,False,0.5793312208507726
embed_dim,10,start,0.7181735639254839,9,5,consensus_pac_stability,4,0.7452070269068267,False,False,0.4968507156186082
embed_dim,10,start,0.7181735639254839,9,5,consensus_pac_stability,5,0.972202801867912,False,True,0.7312211717389203
embed_dim,10,start,0.7181735639254839,9,5,consensus_pac_stability,6,0.8944576384256171,False,False,0.7854498885470911
embed_dim,10,start,0.7181735639254839,9,5,consensus_pac_stability,7,0.8774338447854125,False,False,0.7242326096756497
embed_dim,10,start,0.7181735639254839,9,5,silhouette,3,0.11438011175741976,False,False,0.7103534626808313
embed_dim,10,start,0.7181735639254839,9,5,silhouette,4,0.1670699061353896,False,False,0.6139915120950251
embed_dim,10,start,0.7181735639254839,9,5,silhouette,5,0.19436736332574076,False,True,0.7181735639254839
embed_dim,10,start,0.7181735639254839,9,5,silhouette,6,0.2396332954266459,False,False,0.7946999018804465
embed_dim,10,start,0.7181735639254839,9,5,silhouette,7,0.2612608926676365,True,False,0.73875025930159
embed_dim,10,start,0.7181735639254839,9,5,gap,3,0.06090514300765726,False,False,0.7103534626808313
embed_dim,10,start,0.7181735639254839,9,5,gap,4,0.12755990465922729,False,False,0.6139915120950251
embed_dim,10,start,0.7181735639254839,9,5,gap,5,0.20321404603676108,False,True,0.7181735639254839
embed_dim,10,start,0.7181735639254839,9,5,gap,6,0.31351006882538535,False,False,0.7946999018804465
embed_dim,10,start,0.7181735639254839,9,5,gap,7,0.3565715013889452,True,False,0.73875025930159
embed_dim,10,start,0.7181735639254839,9,5,davies_bouldin,3,0.3225045136711349,False,False,0.7103534626808313
embed_dim,10,start,0.7181735639254839,9,5,davies_bouldin,4,0.32884206105331065,False,False,0.6139915120950251
embed_dim,10,start,0.7181735639254839,9,5,davies_bouldin,5,0.340429428685208,False,True,0.7181735639254839
embed_dim,10,start,0.7181735639254839,9,5,davies_bouldin,6,0.373003136049125,False,False,0.7946999018804465
embed_dim,10,start,0.7181735639254839,9,5,davies_bouldin,7,0.3946589577742995,True,False,0.73875025930159
embed_dim,10,start,0.7181735639254839,9,5,calinski_harabasz,3,196.12079662914013,False,False,0.7103534626808313
embed_dim,10,start,0.7181735639254839,9,5,calinski_harabasz,4,208.36918932151647,False,False,0.6139915120950251
embed_dim,10,start,0.7181735639254839,9,5,calinski_harabasz,5,220.6955070573026,False,True,0.7181735639254839
embed_dim,10,start,0.7181735639254839,9,5,calinski_harabasz,6,253.17125183923466,True,False,0.7946999018804465
embed_dim,10,start,0.7181735639254839,9,5,calinski_harabasz,7,244.061904109509,False,False,0.73875025930159
embed_dim,10,start,1.0,10,5,accuracy_generalizability,3,0.9320450079209655,False,False,0.605491045742355
embed_dim,10,start,1.0,10,5,accuracy_generalizability,4,0.990712603719985,True,False,0.9228487505576559
embed_dim,10,start,1.0,10,5,accuracy_generalizability,5,0.8940810645912438,False,True,1.0
embed_dim,10,start,1.0,10,5,accuracy_generalizability,6,0.8815297531731713,False,False,0.8766065057907219
embed_dim,10,start,1.0,10,5,accuracy_generalizability,7,0.7989438869306578,False,False,0.7813274444525523
embed_dim,10,start,1.0,10,5,ari_generalizability,3,0.8485395253341517,False,False,0.605491045742355
embed_dim,10,start,1.0,10,5,ari_generalizability,4,0.9868329789841249,True,False,0.9228487505576559
embed_dim,10,start,1.0,10,5,ari_generalizability,5,0.9018452146961051,False,True,1.0
embed_dim,10,start,1.0,10,5,ari_generalizability,6,0.8577930493839274,False,False,0.8766065057907219
embed_dim,10,start,1.0,10,5,ari_generalizability,7,0.7482381621813562,False,False,0.7813274444525523
embed_dim,10,start,1.0,10,5,ari_generalizability_1se,3,0.8485395253341517,False,False,0.605491045742355
embed_dim,10,start,1.0,10,5,ari_generalizability_1se,4,0.9868329789841249,True,False,0.9228487505576559
embed_dim,10,start,1.0,10,5,ari_generalizability_1se,5,0.9018452146961051,False,True,1.0
embed_dim,10,start,1.0,10,5,ari_generalizability_1se,6,0.8577930493839274,False,False,0.8766065057907219
embed_dim,10,start,1.0,10,5,ari_generalizability_1se,7,0.7482381621813562,False,False,0.7813274444525523
embed_dim,10,start,1.0,10,5,ari_generalizability_quant,3,0.8485395253341517,False,False,0.605491045742355
embed_dim,10,start,1.0,10,5,ari_generalizability_quant,4,0.9868329789841249,True,False,0.9228487505576559
embed_dim,10,start,1.0,10,5,ari_generalizability_quant,5,0.9018452146961051,False,True,1.0
embed_dim,10,start,1.0,10,5,ari_generalizability_quant,6,0.8577930493839274,False,False,0.8766065057907219
embed_dim,10,start,1.0,10,5,ari_generalizability_quant,7,0.7482381621813562,False,False,0.7813274444525523
embed_dim,10,start,1.0,10,5,ari_stability,3,0.9883322367772521,False,False,0.6069935480451049
embed_dim,10,start,1.0,10,5,ari_stability,4,0.9960414479311303,True,False,0.9228487505576559
embed_dim,10,start,1.0,10,5,ari_stability,5,0.9927311153349663,False,True,1.0
embed_dim,10,start,1.0,10,5,ari_stability,6,0.9322261243782418,False,False,0.8766065057907219
embed_dim,10,start,1.0,10,5,ari_stability,7,0.8568124139586882,False,False,0.7793673167272153
embed_dim,10,start,1.0,10,5,ari_stability_1se,3,0.9883322367772521,False,False,0.6069935480451049
embed_dim,10,start,1.0,10,5,ari_stability_1se,4,0.9960414479311303,False,False,0.9228487505576559
embed_dim,10,start,1.0,10,5,ari_stability_1se,5,0.9927311153349663,True,True,1.0
embed_dim,10,start,1.0,10,5,ari_stability_1se,6,0.9322261243782418,False,False,0.8766065057907219
embed_dim,10,start,1.0,10,5,ari_stability_1se,7,0.8568124139586882,False,False,0.7793673167272153
embed_dim,10,start,1.0,10,5,ari_stability_quant,3,0.9883322367772521,False,False,0.6069935480451049
embed_dim,10,start,1.0,10,5,ari_stability_quant,4,0.9960414479311303,True,False,0.9228487505576559
embed_dim,10,start,1.0,10,5,ari_stability_quant,5,0.9927311153349663,False,True,1.0
embed_dim,10,start,1.0,10,5,ari_stability_quant,6,0.9322261243782418,False,False,0.8766065057907219
embed_dim,10,start,1.0,10,5,ari_stability_quant,7,0.8568124139586882,False,False,0.7793673167272153
embed_dim,10,start,1.0,10,5,consensus_ce_stability,3,0.9812401985683064,False,False,0.6069935480451049
embed_dim,10,start,1.0,10,5,consensus_ce_stability,4,0.988612496299396,False,False,0.9228487505576559
embed_dim,10,start,1.0,10,5,consensus_ce_stability,5,0.9928277034940084,True,True,1.0
embed_dim,10,start,1.0,10,5,consensus_ce_stability,6,0.9576702118983206,False,False,0.8766065057907219
embed_dim,10,start,1.0,10,5,consensus_ce_stability,7,0.9151741016168355,False,False,0.7793673167272153
embed_dim,10,start,1.0,10,5,consensus_gini_stability,3,0.9890352915602971,False,False,0.6069935480451049
embed_dim,10,start,1.0,10,5,consensus_gini_stability,4,0.993358667659265,False,False,0.9228487505576559
embed_dim,10,start,1.0,10,5,consensus_gini_stability,5,0.9944553231769087,True,True,1.0
embed_dim,10,start,1.0,10,5,consensus_gini_stability,6,0.9650921855188557,False,False,0.8766065057907219
embed_dim,10,start,1.0,10,5,consensus_gini_stability,7,0.9227406318996777,False,False,0.7793673167272153
embed_dim,10,start,1.0,10,5,consensus_pac_stability,3,0.9999946631087392,False,False,0.6069935480451049
embed_dim,10,start,1.0,10,5,consensus_pac_stability,4,0.9999964420724927,True,False,0.9228487505576559
embed_dim,10,start,1.0,10,5,consensus_pac_stability,5,0.9915668223259951,False,True,1.0
embed_dim,10,start,1.0,10,5,consensus_pac_stability,6,0.937362686235268,False,False,0.8766065057907219
embed_dim,10,start,1.0,10,5,consensus_pac_stability,7,0.8973493440071159,False,False,0.7793673167272153
embed_dim,10,start,1.0,10,5,silhouette,3,0.18770653011790062,False,False,0.6852602360231543
embed_dim,10,start,1.0,10,5,silhouette,4,0.25744477646946756,False,False,0.9228487505576559
embed_dim,10,start,1.0,10,5,silhouette,5,0.23148630330082667,False,True,1.0
embed_dim,10,start,1.0,10,5,silhouette,6,0.2716108851880876,False,False,0.8772070630918039
embed_dim,10,start,1.0,10,5,silhouette,7,0.3126237866442797,True,False,0.7817767769077169
embed_dim,10,start,1.0,10,5,gap,3,0.037174825318125215,False,False,0.6852602360231543
embed_dim,10,start,1.0,10,5,gap,4,0.21898071719882317,False,False,0.9228487505576559
embed_dim,10,start,1.0,10,5,gap,5,0.23239445086854538,False,True,1.0
embed_dim,10,start,1.0,10,5,gap,6,0.3526606375007386,False,False,0.8772070630918039
embed_dim,10,start,1.0,10,5,gap,7,0.4996457087472308,True,False,0.7817767769077169
embed_dim,10,start,1.0,10,5,davies_bouldin,3,0.30838100056817286,False,False,0.6852602360231543
embed_dim,10,start,1.0,10,5,davies_bouldin,4,0.34701944956567016,False,False,0.9228487505576559
embed_dim,10,start,1.0,10,5,davies_bouldin,5,0.353875866265637,False,True,1.0
embed_dim,10,start,1.0,10,5,davies_bouldin,6,0.3585391733581697,False,False,0.8772070630918039
embed_dim,10,start,1.0,10,5,davies_bouldin,7,0.399489393489818,True,False,0.7817767769077169
embed_dim,10,start,1.0,10,5,calinski_harabasz,3,212.63607412861364,False,False,0.6852602360231543
embed_dim,10,start,1.0,10,5,calinski_harabasz,4,304.42577052729604,False,False,0.9228487505576559
embed_dim,10,start,1.0,10,5,calinski_harabasz,5,260.43539790879464,False,True,1.0
embed_dim,10,start,1.0,10,5,calinski_harabasz,6,294.3851967239543,False,False,0.8772070630918039
embed_dim,10,start,1.0,10,5,calinski_harabasz,7,345.59724995426006,True,False,0.7817767769077169
embed_dim,10,start,0.6102542512968293,11,5,accuracy_generalizability,3,0.7442817876210208,False,False,0.8281511210087003
embed_dim,10,start,0.6102542512968293,11,5,accuracy_generalizability,4,0.7970947513002491,True,False,0.4884031401913015
embed_dim,10,start,0.6102542512968293,11,5,accuracy_generalizability,5,0.6918255821663037,False,True,0.45105869974215135
embed_dim,10,start,0.6102542512968293,11,5,accuracy_generalizability,6,0.660435925026084,False,False,0.643978418447415
embed_dim,10,start,0.6102542512968293,11,5,accuracy_generalizability,7,0.7120921152542984,False,False,0.5136423568178978
embed_dim,10,start,0.6102542512968293,11,5,ari_generalizability,3,0.6671636475970363,False,False,0.8281511210087003
embed_dim,10,start,0.6102542512968293,11,5,ari_generalizability,4,0.7006831871825621,True,False,0.4884031401913015
embed_dim,10,start,0.6102542512968293,11,5,ari_generalizability,5,0.5828486572637988,False,True,0.45105869974215135
embed_dim,10,start,0.6102542512968293,11,5,ari_generalizability,6,0.5531077944992674,False,False,0.643978418447415
embed_dim,10,start,0.6102542512968293,11,5,ari_generalizability,7,0.6050367503818174,False,False,0.5136423568178978
embed_dim,10,start,0.6102542512968293,11,5,ari_generalizability_1se,3,0.6671636475970363,False,False,0.8281511210087003
embed_dim,10,start,0.6102542512968293,11,5,ari_generalizability_1se,4,0.7006831871825621,True,False,0.4884031401913015
embed_dim,10,start,0.6102542512968293,11,5,ari_generalizability_1se,5,0.5828486572637988,False,True,0.45105869974215135
embed_dim,10,start,0.6102542512968293,11,5,ari_generalizability_1se,6,0.5531077944992674,False,False,0.643978418447415
embed_dim,10,start,0.6102542512968293,11,5,ari_generalizability_1se,7,0.6050367503818174,False,False,0.5136423568178978
embed_dim,10,start,0.6102542512968293,11,5,ari_generalizability_quant,3,0.6671636475970363,False,False,0.8281511210087003
embed_dim,10,start,0.6102542512968293,11,5,ari_generalizability_quant,4,0.7006831871825621,False,False,0.4884031401913015
embed_dim,10,start,0.6102542512968293,11,5,ari_generalizability_quant,5,0.5828486572637988,False,True,0.45105869974215135
embed_dim,10,start,0.6102542512968293,11,5,ari_generalizability_quant,6,0.5531077944992674,False,False,0.643978418447415
embed_dim,10,start,0.6102542512968293,11,5,ari_generalizability_quant,7,0.6050367503818174,True,False,0.5136423568178978
embed_dim,10,start,0.6102542512968293,11,5,ari_stability,3,0.8043449021490434,False,False,0.8294735424003947
embed_dim,10,start,0.6102542512968293,11,5,ari_stability,4,0.8173188925016076,True,False,0.48979008006806557
embed_dim,10,start,0.6102542512968293,11,5,ari_stability,5,0.7725054151866658,False,True,0.44716370323575905
embed_dim,10,start,0.6102542512968293,11,5,ari_stability,6,0.7929796643756759,False,False,0.6436901443979723
embed_dim,10,start,0.6102542512968293,11,5,ari_stability,7,0.7993914048184791,False,False,0.5120576694502944
embed_dim,10,start,0.6102542512968293,11,5,ari_stability_1se,3,0.8043449021490434,False,False,0.8294735424003947
embed_dim,10,start,0.6102542512968293,11,5,ari_stability_1se,4,0.8173188925016076,True,False,0.48979008006806557
embed_dim,10,start,0.6102542512968293,11,5,ari_stability_1se,5,0.7725054151866658,False,True,0.44716370323575905
embed_dim,10,start,0.6102542512968293,11,5,ari_stability_1se,6,0.7929796643756759,False,False,0.6436901443979723
embed_dim,10,start,0.6102542512968293,11,5,ari_stability_1se,7,0.7993914048184791,False,False,0.5120576694502944
embed_dim,10,start,0.6102542512968293,11,5,ari_stability_quant,3,0.8043449021490434,False,False,0.8294735424003947
embed_dim,10,start,0.6102542512968293,11,5,ari_stability_quant,4,0.8173188925016076,False,False,0.48979008006806557
embed_dim,10,start,0.6102542512968293,11,5,ari_stability_quant,5,0.7725054151866658,False,True,0.44716370323575905
embed_dim,10,start,0.6102542512968293,11,5,ari_stability_quant,6,0.7929796643756759,False,False,0.6436901443979723
embed_dim,10,start,0.6102542512968293,11,5,ari_stability_quant,7,0.7993914048184791,True,False,0.5120576694502944
embed_dim,10,start,0.6102542512968293,11,5,consensus_ce_stability,3,0.7477959089940873,False,False,0.8294735424003947
embed_dim,10,start,0.6102542512968293,11,5,consensus_ce_stability,4,0.8506085250908254,False,False,0.48979008006806557
embed_dim,10,start,0.6102542512968293,11,5,consensus_ce_stability,5,0.8283842903641907,False,True,0.44716370323575905
embed_dim,10,start,0.6102542512968293,11,5,consensus_ce_stability,6,0.8466327637367694,False,False,0.6436901443979723
embed_dim,10,start,0.6102542512968293,11,5,consensus_ce_stability,7,0.8745965365593815,True,False,0.5120576694502944
embed_dim,10,start,0.6102542512968293,11,5,consensus_gini_stability,3,0.7665282731585094,False,False,0.8294735424003947
embed_dim,10,start,0.6102542512968293,11,5,consensus_gini_stability,4,0.8753870300329997,False,False,0.48979008006806557
embed_dim,10,start,0.6102542512968293,11,5,consensus_gini_stability,5,0.844813561012159,False,True,0.44716370323575905
embed_dim,10,start,0.6102542512968293,11,5,consensus_gini_stability,6,0.8663822326388438,False,False,0.6436901443979723
embed_dim,10,start,0.6102542512968293,11,5,consensus_gini_stability,7,0.8935265444819449,True,False,0.5120576694502944
embed_dim,10,start,0.6102542512968293,11,5,consensus_pac_stability,3,0.6967569490771626,False,False,0.8294735424003947
embed_dim,10,start,0.6102542512968293,11,5,consensus_pac_stability,4,0.7869388481209696,False,False,0.48979008006806557
embed_dim,10,start,0.6102542512968293,11,5,consensus_pac_stability,5,0.7874298421169669,False,True,0.44716370323575905
embed_dim,10,start,0.6102542512968293,11,5,consensus_pac_stability,6,0.7872768512341561,False,False,0.6436901443979723
embed_dim,10,start,0.6102542512968293,11,5,consensus_pac_stability,7,0.8207667333778075,True,False,0.5120576694502944
embed_dim,10,start,0.6102542512968293,11,5,silhouette,3,0.18759150345652081,False,False,0.8399945906727061
embed_dim,10,start,0.6102542512968293,11,5,silhouette,4,0.20575239443467602,False,False,0.9527845687860637
embed_dim,10,start,0.6102542512968293,11,5,silhouette,5,0.27100473027512584,False,True,0.6102542512968293
embed_dim,10,start,0.6102542512968293,11,5,silhouette,6,0.29389593888550614,False,False,0.6567380219079151
embed_dim,10,start,0.6102542512968293,11,5,silhouette,7,0.31548485815921673,True,False,0.6026338488781192
embed_dim,10,start,0.6102542512968293,11,5,gap,3,-0.11373477047773584,False,False,0.8399945906727061
embed_dim,10,start,0.6102542512968293,11,5,gap,4,-0.060567768439854675,False,False,0.9527845687860637
embed_dim,10,start,0.6102542512968293,11,5,gap,5,0.12034882421713,False,True,0.6102542512968293
embed_dim,10,start,0.6102542512968293,11,5,gap,6,0.20423026069434158,False,False,0.6567380219079151
embed_dim,10,start,0.6102542512968293,11,5,gap,7,0.299460174374822,True,False,0.6026338488781192
embed_dim,10,start,0.6102542512968293,11,5,davies_bouldin,3,0.24637439529266403,False,False,0.8399945906727061
embed_dim,10,start,0.6102542512968293,11,5,davies_bouldin,4,0.26252425650998384,False,False,0.9527845687860637
embed_dim,10,start,0.6102542512968293,11,5,davies_bouldin,5,0.29134261312635695,False,True,0.6102542512968293
embed_dim,10,start,0.6102542512968293,11,5,davies_bouldin,6,0.3222839255679576,False,False,0.6567380219079151
embed_dim,10,start,0.6102542512968293,11,5,davies_bouldin,7,0.3727121786635896,True,False,0.6026338488781192
embed_dim,10,start,0.6102542512968293,11,5,calinski_harabasz,3,171.29204316723832,False,False,0.8399945906727061
embed_dim,10,start,0.6102542512968293,11,5,calinski_harabasz,4,176.94454441050763,False,False,0.9527845687860637
embed_dim,10,start,0.6102542512968293,11,5,calinski_harabasz,5,258.13025825117404,False,True,0.6102542512968293
embed_dim,10,start,0.6102542512968293,11,5,calinski_harabasz,6,269.5834075858338,False,False,0.6567380219079151
embed_dim,10,start,0.6102542512968293,11,5,calinski_harabasz,7,288.5131947102616,True,False,0.6026338488781192
embed_dim,10,start,0.6401828683953302,12,5,accuracy_generalizability,3,0.9848894482204408,True,False,0.3381037696891329
embed_dim,10,start,0.6401828683953302,12,5,accuracy_generalizability,4,0.7173783352541353,False,False,0.5513475151149596
embed_dim,10,start,0.6401828683953302,12,5,accuracy_generalizability,5,0.7836980633244204,False,True,0.42872481070906043
embed_dim,10,start,0.6401828683953302,12,5,accuracy_generalizability,6,0.7899345376872405,False,False,0.37706459295365197
embed_dim,10,start,0.6401828683953302,12,5,accuracy_generalizability,7,0.8068798073977068,False,False,0.3003957495294181
embed_dim,10,start,0.6401828683953302,12,5,ari_generalizability,3,0.9730425397511472,True,False,0.3381037696891329
embed_dim,10,start,0.6401828683953302,12,5,ari_generalizability,4,0.6285144143236044,False,False,0.5513475151149596
embed_dim,10,start,0.6401828683953302,12,5,ari_generalizability,5,0.6841288327053124,False,True,0.42872481070906043
embed_dim,10,start,0.6401828683953302,12,5,ari_generalizability,6,0.7337823933365855,False,False,0.37706459295365197
embed_dim,10,start,0.6401828683953302,12,5,ari_generalizability,7,0.7670438641066394,False,False,0.3003957495294181
embed_dim,10,start,0.6401828683953302,12,5,ari_generalizability_1se,3,0.9730425397511472,True,False,0.3381037696891329
embed_dim,10,start,0.6401828683953302,12,5,ari_generalizability_1se,4,0.6285144143236044,False,False,0.5513475151149596
embed_dim,10,start,0.6401828683953302,12,5,ari_generalizability_1se,5,0.6841288327053124,False,True,0.42872481070906043
embed_dim,10,start,0.6401828683953302,12,5,ari_generalizability_1se,6,0.7337823933365855,False,False,0.37706459295365197
embed_dim,10,start,0.6401828683953302,12,5,ari_generalizability_1se,7,0.7670438641066394,False,False,0.3003957495294181
embed_dim,10,start,0.6401828683953302,12,5,ari_generalizability_quant,3,0.9730425397511472,True,False,0.3381037696891329
embed_dim,10,start,0.6401828683953302,12,5,ari_generalizability_quant,4,0.6285144143236044,False,False,0.5513475151149596
embed_dim,10,start,0.6401828683953302,12,5,ari_generalizability_quant,5,0.6841288327053124,False,True,0.42872481070906043
embed_dim,10,start,0.6401828683953302,12,5,ari_generalizability_quant,6,0.7337823933365855,False,False,0.37706459295365197
embed_dim,10,start,0.6401828683953302,12,5,ari_generalizability_quant,7,0.7670438641066394,False,False,0.3003957495294181
embed_dim,10,start,0.6401828683953302,12,5,ari_stability,3,0.9831129909784199,True,False,0.3381037696891329
embed_dim,10,start,0.6401828683953302,12,5,ari_stability,4,0.9590569181838055,False,False,0.5513475151149596
embed_dim,10,start,0.6401828683953302,12,5,ari_stability,5,0.8536376088777421,False,True,0.4272496611817479
embed_dim,10,start,0.6401828683953302,12,5,ari_stability,6,0.8974771352148313,False,False,0.37596826329934224
embed_dim,10,start,0.6401828683953302,12,5,ari_stability,7,0.7742761539695155,False,False,0.3016516692494276
embed_dim,10,start,0.6401828683953302,12,5,ari_stability_1se,3,0.9831129909784199,True,False,0.3381037696891329
embed_dim,10,start,0.6401828683953302,12,5,ari_stability_1se,4,0.9590569181838055,False,False,0.5513475151149596
embed_dim,10,start,0.6401828683953302,12,5,ari_stability_1se,5,0.8536376088777421,False,True,0.4272496611817479
embed_dim,10,start,0.6401828683953302,12,5,ari_stability_1se,6,0.8974771352148313,False,False,0.37596826329934224
embed_dim,10,start,0.6401828683953302,12,5,ari_stability_1se,7,0.7742761539695155,False,False,0.3016516692494276
embed_dim,10,start,0.6401828683953302,12,5,ari_stability_quant,3,0.9831129909784199,False,False,0.3381037696891329
embed_dim,10,start,0.6401828683953302,12,5,ari_stability_quant,4,0.9590569181838055,True,False,0.5513475151149596
embed_dim,10,start,0.6401828683953302,12,5,ari_stability_quant,5,0.8536376088777421,False,True,0.4272496611817479
embed_dim,10,start,0.6401828683953302,12,5,ari_stability_quant,6,0.8974771352148313,False,False,0.37596826329934224
embed_dim,10,start,0.6401828683953302,12,5,ari_stability_quant,7,0.7742761539695155,False,False,0.3016516692494276
embed_dim,10,start,0.6401828683953302,12,5,consensus_ce_stability,3,0.9698734520666433,True,False,0.3381037696891329
embed_dim,10,start,0.6401828683953302,12,5,consensus_ce_stability,4,0.9420065176898782,False,False,0.5513475151149596
embed_dim,10,start,0.6401828683953302,12,5,consensus_ce_stability,5,0.8771475139229634,False,True,0.4272496611817479
embed_dim,10,start,0.6401828683953302,12,5,consensus_ce_stability,6,0.922185406186601,False,False,0.37596826329934224
embed_dim,10,start,0.6401828683953302,12,5,consensus_ce_stability,7,0.8607483287091944,False,False,0.3016516692494276
embed_dim,10,start,0.6401828683953302,12,5,consensus_gini_stability,3,0.9801638466346518,True,False,0.3381037696891329
embed_dim,10,start,0.6401828683953302,12,5,consensus_gini_stability,4,0.9584891644901097,False,False,0.5513475151149596
embed_dim,10,start,0.6401828683953302,12,5,consensus_gini_stability,5,0.8902109844075852,False,True,0.4272496611817479
embed_dim,10,start,0.6401828683953302,12,5,consensus_gini_stability,6,0.9367012145078359,False,False,0.37596826329934224
embed_dim,10,start,0.6401828683953302,12,5,consensus_gini_stability,7,0.872491884753855,False,False,0.3016516692494276
embed_dim,10,start,0.6401828683953302,12,5,consensus_pac_stability,3,0.9779177229263953,True,False,0.3381037696891329
embed_dim,10,start,0.6401828683953302,12,5,consensus_pac_stability,4,0.9094587502779631,False,False,0.5513475151149596
embed_dim,10,start,0.6401828683953302,12,5,consensus_pac_stability,5,0.8569375138981543,False,True,0.4272496611817479
embed_dim,10,start,0.6401828683953302,12,5,consensus_pac_stability,6,0.8985101178563487,False,False,0.37596826329934224
embed_dim,10,start,0.6401828683953302,12,5,consensus_pac_stability,7,0.8268072048032021,False,False,0.3016516692494276
embed_dim,10,start,0.6401828683953302,12,5,silhouette,3,0.22777519291270815,False,False,0.4109820834540343
embed_dim,10,start,0.6401828683953302,12,5,silhouette,4,0.30758566724290304,False,False,0.5603143335549037
embed_dim,10,start,0.6401828683953302,12,5,silhouette,5,0.32485049587991305,False,True,0.6401828683953302
embed_dim,10,start,0.6401828683953302,12,5,silhouette,6,0.3348011191820149,True,False,0.6635471434711864
embed_dim,10,start,0.6401828683953302,12,5,silhouette,7,0.1696334788684338,False,False,0.4449039755225054
embed_dim,10,start,0.6401828683953302,12,5,gap,3,0.21398165026963945,False,False,0.4109820834540343
embed_dim,10,start,0.6401828683953302,12,5,gap,4,0.38794381117606846,False,False,0.5603143335549037
embed_dim,10,start,0.6401828683953302,12,5,gap,5,0.41098981717030725,False,True,0.6401828683953302
embed_dim,10,start,0.6401828683953302,12,5,gap,6,0.44710183366524525,True,False,0.6635471434711864
embed_dim,10,start,0.6401828683953302,12,5,gap,7,0.3903228713323088,False,False,0.4449039755225054
embed_dim,10,start,0.6401828683953302,12,5,davies_bouldin,3,0.2270786779032159,False,False,0.4109820834540343
embed_dim,10,start,0.6401828683953302,12,5,davies_bouldin,4,0.2696352619720551,False,False,0.5603143335549037
embed_dim,10,start,0.6401828683953302,12,5,davies_bouldin,5,0.2866674548044882,False,True,0.6401828683953302
embed_dim,10,start,0.6401828683953302,12,5,davies_bouldin,6,0.29666164497136516,False,False,0.6635471434711864
embed_dim,10,start,0.6401828683953302,12,5,davies_bouldin,7,0.3110062568476011,True,False,0.4449039755225054
embed_dim,10,start,0.6401828683953302,12,5,calinski_harabasz,3,220.9009208512412,False,False,0.4109820834540343
embed_dim,10,start,0.6401828683953302,12,5,calinski_harabasz,4,305.8652894133754,True,False,0.5603143335549037
embed_dim,10,start,0.6401828683953302,12,5,calinski_harabasz,5,269.40586638432933,False,True,0.6401828683953302
embed_dim,10,start,0.6401828683953302,12,5,calinski_harabasz,6,251.59002248555674,False,False,0.6635471434711864
embed_dim,10,start,0.6401828683953302,12,5,calinski_harabasz,7,201.70354220507338,False,False,0.4449039755225054
embed_dim,10,start,0.8962893321113757,13,5,accuracy_generalizability,3,0.9481022035001674,True,False,0.6063687584791938
embed_dim,10,start,0.8962893321113757,13,5,accuracy_generalizability,4,0.883827333090487,False,False,0.8049322784111139
embed_dim,10,start,0.8962893321113757,13,5,accuracy_generalizability,5,0.8698214217710789,False,True,0.7476419455544161
embed_dim,10,start,0.8962893321113757,13,5,accuracy_generalizability,6,0.797744402232542,False,False,0.822045302447917
embed_dim,10,start,0.8962893321113757,13,5,accuracy_generalizability,7,0.774886286932291,False,False,0.73183266096569
embed_dim,10,start,0.8962893321113757,13,5,ari_generalizability,3,0.8951676812616115,True,False,0.6063687584791938
embed_dim,10,start,0.8962893321113757,13,5,ari_generalizability,4,0.7803366615278351,False,False,0.8049322784111139
embed_dim,10,start,0.8962893321113757,13,5,ari_generalizability,5,0.7947755253840637,False,True,0.7476419455544161
embed_dim,10,start,0.8962893321113757,13,5,ari_generalizability,6,0.7422393167664417,False,False,0.822045302447917
embed_dim,10,start,0.8962893321113757,13,5,ari_generalizability,7,0.7099923035996397,False,False,0.73183266096569
embed_dim,10,start,0.8962893321113757,13,5,ari_generalizability_1se,3,0.8951676812616115,True,False,0.6063687584791938
embed_dim,10,start,0.8962893321113757,13,5,ari_generalizability_1se,4,0.7803366615278351,False,False,0.8049322784111139
embed_dim,10,start,0.8962893321113757,13,5,ari_generalizability_1se,5,0.7947755253840637,False,True,0.7476419455544161
embed_dim,10,start,0.8962893321113757,13,5,ari_generalizability_1se,6,0.7422393167664417,False,False,0.822045302447917
embed_dim,10,start,0.8962893321113757,13,5,ari_generalizability_1se,7,0.7099923035996397,False,False,0.73183266096569
embed_dim,10,start,0.8962893321113757,13,5,ari_generalizability_quant,3,0.8951676812616115,False,False,0.6063687584791938
embed_dim,10,start,0.8962893321113757,13,5,ari_generalizability_quant,4,0.7803366615278351,False,False,0.8049322784111139
embed_dim,10,start,0.8962893321113757,13,5,ari_generalizability_quant,5,0.7947755253840637,False,True,0.7476419455544161
embed_dim,10,start,0.8962893321113757,13,5,ari_generalizability_quant,6,0.7422393167664417,False,False,0.822045302447917
embed_dim,10,start,0.8962893321113757,13,5,ari_generalizability_quant,7,0.7099923035996397,True,False,0.73183266096569
embed_dim,10,start,0.8962893321113757,13,5,ari_stability,3,0.9184755296539996,False,False,0.6104745447789668
embed_dim,10,start,0.8962893321113757,13,5,ari_stability,4,0.946657370934587,True,False,0.8049322784111139
embed_dim,10,start,0.8962893321113757,13,5,ari_stability,5,0.8693625135601554,False,True,0.7458797014829518
embed_dim,10,start,0.8962893321113757,13,5,ari_stability,6,0.8628409963745807,False,False,0.8208557723033173
embed_dim,10,start,0.8962893321113757,13,5,ari_stability,7,0.8556438066588945,False,False,0.7305434170071663
embed_dim,10,start,0.8962893321113757,13,5,ari_stability_1se,3,0.9184755296539996,False,False,0.6104745447789668
embed_dim,10,start,0.8962893321113757,13,5,ari_stability_1se,4,0.946657370934587,True,False,0.8049322784111139
embed_dim,10,start,0.8962893321113757,13,5,ari_stability_1se,5,0.8693625135601554,False,True,0.7458797014829518
embed_dim,10,start,0.8962893321113757,13,5,ari_stability_1se,6,0.8628409963745807,False,False,0.8208557723033173
embed_dim,10,start,0.8962893321113757,13,5,ari_stability_1se,7,0.8556438066588945,False,False,0.7305434170071663
embed_dim,10,start,0.8962893321113757,13,5,ari_stability_quant,3,0.9184755296539996,False,False,0.6104745447789668
embed_dim,10,start,0.8962893321113757,13,5,ari_stability_quant,4,0.946657370934587,False,False,0.8049322784111139
embed_dim,10,start,0.8962893321113757,13,5,ari_stability_quant,5,0.8693625135601554,False,True,0.7458797014829518
embed_dim,10,start,0.8962893321113757,13,5,ari_stability_quant,6,0.8628409963745807,False,False,0.8208557723033173
embed_dim,10,start,0.8962893321113757,13,5,ari_stability_quant,7,0.8556438066588945,True,False,0.7305434170071663
embed_dim,10,start,0.8962893321113757,13,5,consensus_ce_stability,3,0.8247942061411077,False,False,0.6104745447789668
embed_dim,10,start,0.8962893321113757,13,5,consensus_ce_stability,4,0.938872753095241,True,False,0.8049322784111139
embed_dim,10,start,0.8962893321113757,13,5,consensus_ce_stability,5,0.8941437138160989,False,True,0.7458797014829518
embed_dim,10,start,0.8962893321113757,13,5,consensus_ce_stability,6,0.8917588652395231,False,False,0.8208557723033173
embed_dim,10,start,0.8962893321113757,13,5,consensus_ce_stability,7,0.9044750034317877,False,False,0.7305434170071663
embed_dim,10,start,0.8962893321113757,13,5,consensus_gini_stability,3,0.8654096739677262,False,False,0.6104745447789668
embed_dim,10,start,0.8962893321113757,13,5,consensus_gini_stability,4,0.9501354733993045,True,False,0.8049322784111139
embed_dim,10,start,0.8962893321113757,13,5,consensus_gini_stability,5,0.9125325165655473,False,True,0.7458797014829518
embed_dim,10,start,0.8962893321113757,13,5,consensus_gini_stability,6,0.910071396519326,False,False,0.8208557723033173
embed_dim,10,start,0.8962893321113757,13,5,consensus_gini_stability,7,0.9205073355976349,False,False,0.7305434170071663
embed_dim,10,start,0.8962893321113757,13,5,consensus_pac_stability,3,0.6855966199688681,False,False,0.6104745447789668
embed_dim,10,start,0.8962893321113757,13,5,consensus_pac_stability,4,0.897035356904603,True,False,0.8049322784111139
embed_dim,10,start,0.8962893321113757,13,5,consensus_pac_stability,5,0.830664887702913,False,True,0.7458797014829518
embed_dim,10,start,0.8962893321113757,13,5,consensus_pac_stability,6,0.8569499666444296,False,False,0.8208557723033173
embed_dim,10,start,0.8962893321113757,13,5,consensus_pac_stability,7,0.862674672003558,False,False,0.7305434170071663
embed_dim,10,start,0.8962893321113757,13,5,silhouette,3,0.1499324976517248,False,False,0.7327671628077023
embed_dim,10,start,0.8962893321113757,13,5,silhouette,4,0.15108986662570162,False,False,0.9428446613829387
embed_dim,10,start,0.8962893321113757,13,5,silhouette,5,0.16132232374662026,False,True,0.8962893321113757
embed_dim,10,start,0.8962893321113757,13,5,silhouette,6,0.18736706149452842,False,False,0.8950448598181557
embed_dim,10,start,0.8962893321113757,13,5,silhouette,7,0.2256002519668536,True,False,0.745823464974962
embed_dim,10,start,0.8962893321113757,13,5,gap,3,-0.002513734838096582,False,False,0.7327671628077023
embed_dim,10,start,0.8962893321113757,13,5,gap,4,0.016709506878264335,False,False,0.9428446613829387
embed_dim,10,start,0.8962893321113757,13,5,gap,5,0.045250119852299875,False,True,0.8962893321113757
embed_dim,10,start,0.8962893321113757,13,5,gap,6,0.11820671263851601,False,False,0.8950448598181557
embed_dim,10,start,0.8962893321113757,13,5,gap,7,0.22523732687570686,True,False,0.745823464974962
embed_dim,10,start,0.8962893321113757,13,5,davies_bouldin,3,0.3169726164325401,False,False,0.7327671628077023
embed_dim,10,start,0.8962893321113757,13,5,davies_bouldin,4,0.27513779735176425,False,False,0.9428446613829387
embed_dim,10,start,0.8962893321113757,13,5,davies_bouldin,5,0.2923531700713469,False,True,0.8962893321113757
embed_dim,10,start,0.8962893321113757,13,5,davies_bouldin,6,0.3187496099692263,False,False,0.8950448598181557
embed_dim,10,start,0.8962893321113757,13,5,davies_bouldin,7,0.34606788157152846,True,False,0.745823464974962
embed_dim,10,start,0.8962893321113757,13,5,calinski_harabasz,3,195.63470435569008,False,False,0.7327671628077023
embed_dim,10,start,0.8962893321113757,13,5,calinski_harabasz,4,173.3744194632019,False,False,0.9428446613829387
embed_dim,10,start,0.8962893321113757,13,5,calinski_harabasz,5,166.4402687570081,False,True,0.8962893321113757
embed_dim,10,start,0.8962893321113757,13,5,calinski_harabasz,6,179.85257492067146,False,False,0.8950448598181557
embed_dim,10,start,0.8962893321113757,13,5,calinski_harabasz,7,207.52743202936006,True,False,0.745823464974962
embed_dim,10,start,0.6407984822237335,14,5,accuracy_generalizability,3,0.714930990634049,False,False,0.8021314277149757
embed_dim,10,start,0.6407984822237335,14,5,accuracy_generalizability,4,0.6874135298154004,False,False,0.9364686658904373
embed_dim,10,start,0.6407984822237335,14,5,accuracy_generalizability,5,0.752824129532383,False,True,0.637939682461376
embed_dim,10,start,0.6407984822237335,14,5,accuracy_generalizability,6,0.7161133418422592,False,False,0.7017032919640095
embed_dim,10,start,0.6407984822237335,14,5,accuracy_generalizability,7,0.835160272444899,True,False,0.5787556793321974
embed_dim,10,start,0.6407984822237335,14,5,ari_generalizability,3,0.45755691601412507,False,False,0.8021314277149757
embed_dim,10,start,0.6407984822237335,14,5,ari_generalizability,4,0.5391385603638602,False,False,0.9364686658904373
embed_dim,10,start,0.6407984822237335,14,5,ari_generalizability,5,0.6346199285627684,False,True,0.637939682461376
embed_dim,10,start,0.6407984822237335,14,5,ari_generalizability,6,0.6310370902037685,False,False,0.7017032919640095
embed_dim,10,start,0.6407984822237335,14,5,ari_generalizability,7,0.7771585209748936,True,False,0.5787556793321974
embed_dim,10,start,0.6407984822237335,14,5,ari_generalizability_1se,3,0.45755691601412507,False,False,0.8021314277149757
embed_dim,10,start,0.6407984822237335,14,5,ari_generalizability_1se,4,0.5391385603638602,False,False,0.9364686658904373
embed_dim,10,start,0.6407984822237335,14,5,ari_generalizability_1se,5,0.6346199285627684,False,True,0.637939682461376
embed_dim,10,start,0.6407984822237335,14,5,ari_generalizability_1se,6,0.6310370902037685,False,False,0.7017032919640095
embed_dim,10,start,0.6407984822237335,14,5,ari_generalizability_1se,7,0.7771585209748936,True,False,0.5787556793321974
embed_dim,10,start,0.6407984822237335,14,5,ari_generalizability_quant,3,0.45755691601412507,False,False,0.8021314277149757
embed_dim,10,start,0.6407984822237335,14,5,ari_generalizability_quant,4,0.5391385603638602,False,False,0.9364686658904373
embed_dim,10,start,0.6407984822237335,14,5,ari_generalizability_quant,5,0.6346199285627684,False,True,0.637939682461376
embed_dim,10,start,0.6407984822237335,14,5,ari_generalizability_quant,6,0.6310370902037685,False,False,0.7017032919640095
embed_dim,10,start,0.6407984822237335,14,5,ari_generalizability_quant,7,0.7771585209748936,True,False,0.5787556793321974
embed_dim,10,start,0.6407984822237335,14,5,ari_stability,3,0.7307512535321132,False,False,0.8021314277149757
embed_dim,10,start,0.6407984822237335,14,5,ari_stability,4,0.9807390036237768,True,False,0.938070655087072
embed_dim,10,start,0.6407984822237335,14,5,ari_stability,5,0.8085593584504432,False,True,0.6390845005973488
embed_dim,10,start,0.6407984822237335,14,5,ari_stability,6,0.9119260182290745,False,False,0.6995598679632968
embed_dim,10,start,0.6407984822237335,14,5,ari_stability,7,0.873607660149488,False,False,0.5787556793321974
embed_dim,10,start,0.6407984822237335,14,5,ari_stability_1se,3,0.7307512535321132,False,False,0.8021314277149757
embed_dim,10,start,0.6407984822237335,14,5,ari_stability_1se,4,0.9807390036237768,True,False,0.938070655087072
embed_dim,10,start,0.6407984822237335,14,5,ari_stability_1se,5,0.8085593584504432,False,True,0.6390845005973488
embed_dim,10,start,0.6407984822237335,14,5,ari_stability_1se,6,0.9119260182290745,False,False,0.6995598679632968
embed_dim,10,start,0.6407984822237335,14,5,ari_stability_1se,7,0.873607660149488,False,False,0.5787556793321974
embed_dim,10,start,0.6407984822237335,14,5,ari_stability_quant,3,0.7307512535321132,False,False,0.8021314277149757
embed_dim,10,start,0.6407984822237335,14,5,ari_stability_quant,4,0.9807390036237768,False,False,0.938070655087072
embed_dim,10,start,0.6407984822237335,14,5,ari_stability_quant,5,0.8085593584504432,False,True,0.6390845005973488
embed_dim,10,start,0.6407984822237335,14,5,ari_stability_quant,6,0.9119260182290745,True,False,0.6995598679632968
embed_dim,10,start,0.6407984822237335,14,5,ari_stability_quant,7,0.873607660149488,False,False,0.5787556793321974
embed_dim,10,start,0.6407984822237335,14,5,consensus_ce_stability,3,0.700727273198895,False,False,0.8021314277149757
embed_dim,10,start,0.6407984822237335,14,5,consensus_ce_stability,4,0.9671908595152244,True,False,0.938070655087072
embed_dim,10,start,0.6407984822237335,14,5,consensus_ce_stability,5,0.8154045689758808,False,True,0.6390845005973488
embed_dim,10,start,0.6407984822237335,14,5,consensus_ce_stability,6,0.9320019171655859,False,False,0.6995598679632968
embed_dim,10,start,0.6407984822237335,14,5,consensus_ce_stability,7,0.9212619053191647,False,False,0.5787556793321974
embed_dim,10,start,0.6407984822237335,14,5,consensus_gini_stability,3,0.7229840103848031,False,False,0.8021314277149757
embed_dim,10,start,0.6407984822237335,14,5,consensus_gini_stability,4,0.9792089920256244,True,False,0.938070655087072
embed_dim,10,start,0.6407984822237335,14,5,consensus_gini_stability,5,0.8316899949281187,False,True,0.6390845005973488
embed_dim,10,start,0.6407984822237335,14,5,consensus_gini_stability,6,0.946516569029883,False,False,0.6995598679632968
embed_dim,10,start,0.6407984822237335,14,5,consensus_gini_stability,7,0.9354214162142489,False,False,0.5787556793321974
embed_dim,10,start,0.6407984822237335,14,5,consensus_pac_stability,3,0.65089971091839,False,False,0.8021314277149757
embed_dim,10,start,0.6407984822237335,14,5,consensus_pac_stability,4,0.969574382921948,True,False,0.938070655087072
embed_dim,10,start,0.6407984822237335,14,5,consensus_pac_stability,5,0.8008085390260173,False,True,0.6390845005973488
embed_dim,10,start,0.6407984822237335,14,5,consensus_pac_stability,6,0.8974124972203691,False,False,0.6995598679632968
embed_dim,10,start,0.6407984822237335,14,5,consensus_pac_stability,7,0.883042917500556,False,False,0.5787556793321974
embed_dim,10,start,0.6407984822237335,14,5,silhouette,3,0.14702874586657033,False,False,0.8621493195283444
embed_dim,10,start,0.6407984822237335,14,5,silhouette,4,0.1298175035565613,False,False,0.941336301078523
embed_dim,10,start,0.6407984822237335,14,5,silhouette,5,0.199193507193208,False,True,0.6407984822237335
embed_dim,10,start,0.6407984822237335,14,5,silhouette,6,0.18404406989313857,False,False,0.7441096424047398
embed_dim,10,start,0.6407984822237335,14,5,silhouette,7,0.2884185753444334,True,False,0.5431775990378626
embed_dim,10,start,0.6407984822237335,14,5,gap,3,-0.15335447525099433,False,False,0.8621493195283444
embed_dim,10,start,0.6407984822237335,14,5,gap,4,-0.1559036571409127,False,False,0.941336301078523
embed_dim,10,start,0.6407984822237335,14,5,gap,5,-0.0022555329703184412,False,True,0.6407984822237335
embed_dim,10,start,0.6407984822237335,14,5,gap,6,-0.04941114982587713,False,False,0.7441096424047398
embed_dim,10,start,0.6407984822237335,14,5,gap,7,0.26424211644374296,True,False,0.5431775990378626
embed_dim,10,start,0.6407984822237335,14,5,davies_bouldin,3,0.2647688573217599,False,False,0.8621493195283444
embed_dim,10,start,0.6407984822237335,14,5,davies_bouldin,4,0.24697458281771345,False,False,0.941336301078523
embed_dim,10,start,0.6407984822237335,14,5,davies_bouldin,5,0.29602511264523224,False,True,0.6407984822237335
embed_dim,10,start,0.6407984822237335,14,5,davies_bouldin,6,0.30001768866780404,False,False,0.7441096424047398
embed_dim,10,start,0.6407984822237335,14,5,davies_bouldin,7,0.34906562058883894,True,False,0.5431775990378626
embed_dim,10,start,0.6407984822237335,14,5,calinski_harabasz,3,179.54723612230055,False,False,0.8621493195283444
embed_dim,10,start,0.6407984822237335,14,5,calinski_harabasz,4,145.83381921207737,False,False,0.941336301078523
embed_dim,10,start,0.6407984822237335,14,5,calinski_harabasz,5,212.50231216857338,False,True,0.6407984822237335
embed_dim,10,start,0.6407984822237335,14,5,calinski_harabasz,6,164.6233903893134,False,False,0.7441096424047398
embed_dim,10,start,0.6407984822237335,14,5,calinski_harabasz,7,296.30089284869223,True,False,0.5431775990378626
embed_dim,10,start,0.7054419158124383,15,5,accuracy_generalizability,3,0.7580295060712353,False,False,0.47192345072656344
embed_dim,10,start,0.7054419158124383,15,5,accuracy_generalizability,4,0.9541595734742693,True,False,0.896176828302081
embed_dim,10,start,0.7054419158124383,15,5,accuracy_generalizability,5,0.8034874078477223,False,True,1.0
embed_dim,10,start,0.7054419158124383,15,5,accuracy_generalizability,6,0.9327605003427882,False,False,0.7871179322331338
embed_dim,10,start,0.7054419158124383,15,5,accuracy_generalizability,7,0.8388905746640067,False,False,0.6975722975035289
embed_dim,10,start,0.7054419158124383,15,5,ari_generalizability,3,0.4562297264029438,False,False,0.47192345072656344
embed_dim,10,start,0.7054419158124383,15,5,ari_generalizability,4,0.9026673225020849,True,False,0.896176828302081
embed_dim,10,start,0.7054419158124383,15,5,ari_generalizability,5,0.7458888548889868,False,True,1.0
embed_dim,10,start,0.7054419158124383,15,5,ari_generalizability,6,0.8907447233564965,False,False,0.7871179322331338
embed_dim,10,start,0.7054419158124383,15,5,ari_generalizability,7,0.7987031014678521,False,False,0.6975722975035289
embed_dim,10,start,0.7054419158124383,15,5,ari_generalizability_1se,3,0.4562297264029438,False,False,0.47192345072656344
embed_dim,10,start,0.7054419158124383,15,5,ari_generalizability_1se,4,0.9026673225020849,False,False,0.896176828302081
embed_dim,10,start,0.7054419158124383,15,5,ari_generalizability_1se,5,0.7458888548889868,False,True,1.0
embed_dim,10,start,0.7054419158124383,15,5,ari_generalizability_1se,6,0.8907447233564965,True,False,0.7871179322331338
embed_dim,10,start,0.7054419158124383,15,5,ari_generalizability_1se,7,0.7987031014678521,False,False,0.6975722975035289
embed_dim,10,start,0.7054419158124383,15,5,ari_generalizability_quant,3,0.4562297264029438,False,False,0.47192345072656344
embed_dim,10,start,0.7054419158124383,15,5,ari_generalizability_quant,4,0.9026673225020849,False,False,0.896176828302081
embed_dim,10,start,0.7054419158124383,15,5,ari_generalizability_quant,5,0.7458888548889868,False,True,1.0
embed_dim,10,start,0.7054419158124383,15,5,ari_generalizability_quant,6,0.8907447233564965,False,False,0.7871179322331338
embed_dim,10,start,0.7054419158124383,15,5,ari_generalizability_quant,7,0.7987031014678521,True,False,0.6975722975035289
embed_dim,10,start,0.7054419158124383,15,5,ari_stability,3,0.8473515215376548,False,False,0.47384439239721876
embed_dim,10,start,0.7054419158124383,15,5,ari_stability,4,0.8776258718442037,False,False,0.896176828302081
embed_dim,10,start,0.7054419158124383,15,5,ari_stability,5,0.9815190812096561,True,True,1.0
embed_dim,10,start,0.7054419158124383,15,5,ari_stability,6,0.9305843818431845,False,False,0.7863709548602276
embed_dim,10,start,0.7054419158124383,15,5,ari_stability,7,0.8328334368605189,False,False,0.6955698701399196
embed_dim,10,start,0.7054419158124383,15,5,ari_stability_1se,3,0.8473515215376548,False,False,0.47384439239721876
embed_dim,10,start,0.7054419158124383,15,5,ari_stability_1se,4,0.8776258718442037,False,False,0.896176828302081
embed_dim,10,start,0.7054419158124383,15,5,ari_stability_1se,5,0.9815190812096561,True,True,1.0
embed_dim,10,start,0.7054419158124383,15,5,ari_stability_1se,6,0.9305843818431845,False,False,0.7863709548602276
embed_dim,10,start,0.7054419158124383,15,5,ari_stability_1se,7,0.8328334368605189,False,False,0.6955698701399196
embed_dim,10,start,0.7054419158124383,15,5,ari_stability_quant,3,0.8473515215376548,False,False,0.47384439239721876
embed_dim,10,start,0.7054419158124383,15,5,ari_stability_quant,4,0.8776258718442037,False,False,0.896176828302081
embed_dim,10,start,0.7054419158124383,15,5,ari_stability_quant,5,0.9815190812096561,False,True,1.0
embed_dim,10,start,0.7054419158124383,15,5,ari_stability_quant,6,0.9305843818431845,False,False,0.7863709548602276
embed_dim,10,start,0.7054419158124383,15,5,ari_stability_quant,7,0.8328334368605189,True,False,0.6955698701399196
embed_dim,10,start,0.7054419158124383,15,5,consensus_ce_stability,3,0.8064654581587696,False,False,0.47384439239721876
embed_dim,10,start,0.7054419158124383,15,5,consensus_ce_stability,4,0.8940337419104937,False,False,0.896176828302081
embed_dim,10,start,0.7054419158124383,15,5,consensus_ce_stability,5,0.9789203042713794,True,True,1.0
embed_dim,10,start,0.7054419158124383,15,5,consensus_ce_stability,6,0.9591876013098696,False,False,0.7863709548602276
embed_dim,10,start,0.7054419158124383,15,5,consensus_ce_stability,7,0.9110988447660215,False,False,0.6955698701399196
embed_dim,10,start,0.7054419158124383,15,5,consensus_gini_stability,3,0.8412245445156674,False,False,0.47384439239721876
embed_dim,10,start,0.7054419158124383,15,5,consensus_gini_stability,4,0.9111165328834657,False,False,0.896176828302081
embed_dim,10,start,0.7054419158124383,15,5,consensus_gini_stability,5,0.9867565519348988,True,True,1.0
embed_dim,10,start,0.7054419158124383,15,5,consensus_gini_stability,6,0.9679368809241171,False,False,0.7863709548602276
embed_dim,10,start,0.7054419158124383,15,5,consensus_gini_stability,7,0.9189823298410496,False,False,0.6955698701399196
embed_dim,10,start,0.7054419158124383,15,5,consensus_pac_stability,3,0.6693013119857683,False,False,0.47384439239721876
embed_dim,10,start,0.7054419158124383,15,5,consensus_pac_stability,4,0.8249170558149878,False,False,0.896176828302081
embed_dim,10,start,0.7054419158124383,15,5,consensus_pac_stability,5,0.9796424282855237,True,True,1.0
embed_dim,10,start,0.7054419158124383,15,5,consensus_pac_stability,6,0.9440035579275072,False,False,0.7863709548602276
embed_dim,10,start,0.7054419158124383,15,5,consensus_pac_stability,7,0.8905741605514788,False,False,0.6955698701399196
embed_dim,10,start,0.7054419158124383,15,5,silhouette,3,0.1380816269946256,False,False,0.6700700815645081
embed_dim,10,start,0.7054419158124383,15,5,silhouette,4,0.14198073277264095,False,False,0.872632887788197
embed_dim,10,start,0.7054419158124383,15,5,silhouette,5,0.18100152780355339,False,True,0.677231792805241
embed_dim,10,start,0.7054419158124383,15,5,silhouette,6,0.24342578674217802,False,False,0.7863709548602276
embed_dim,10,start,0.7054419158124383,15,5,silhouette,7,0.28862718838944706,True,False,0.578570002474746
embed_dim,10,start,0.7054419158124383,15,5,gap,3,-0.12654687462467962,False,False,0.6700700815645081
embed_dim,10,start,0.7054419158124383,15,5,gap,4,-0.1334434762326353,False,False,0.872632887788197
embed_dim,10,start,0.7054419158124383,15,5,gap,5,-0.008635668739676916,False,True,0.677231792805241
embed_dim,10,start,0.7054419158124383,15,5,gap,6,0.13080650311057163,False,False,0.7863709548602276
embed_dim,10,start,0.7054419158124383,15,5,gap,7,0.26515998267673524,True,False,0.578570002474746
embed_dim,10,start,0.7054419158124383,15,5,davies_bouldin,3,0.28827773385190714,False,False,0.6700700815645081
embed_dim,10,start,0.7054419158124383,15,5,davies_bouldin,4,0.26745774588789495,False,False,0.872632887788197
embed_dim,10,start,0.7054419158124383,15,5,davies_bouldin,5,0.29434437681274245,False,True,0.677231792805241
embed_dim,10,start,0.7054419158124383,15,5,davies_bouldin,6,0.3279634763466578,False,False,0.7863709548602276
embed_dim,10,start,0.7054419158124383,15,5,davies_bouldin,7,0.3731620514250631,True,False,0.578570002474746
embed_dim,10,start,0.7054419158124383,15,5,calinski_harabasz,3,168.0305756151865,False,False,0.6700700815645081
embed_dim,10,start,0.7054419158124383,15,5,calinski_harabasz,4,136.34078976167277,False,False,0.872632887788197
embed_dim,10,start,0.7054419158124383,15,5,calinski_harabasz,5,185.4464581723027,False,True,0.677231792805241
embed_dim,10,start,0.7054419158124383,15,5,calinski_harabasz,6,231.92506303172573,False,False,0.7863709548602276
embed_dim,10,start,0.7054419158124383,15,5,calinski_harabasz,7,273.2273515305837,True,False,0.578570002474746
embed_dim,10,start,0.6802304284175649,16,5,accuracy_generalizability,3,0.8789507745976574,False,False,0.7823976073041298
embed_dim,10,start,0.6802304284175649,16,5,accuracy_generalizability,4,0.7715048642382514,False,False,0.9227065009265462
embed_dim,10,start,0.6802304284175649,16,5,accuracy_generalizability,5,0.9579261912593502,True,True,0.680347274667429
embed_dim,10,start,0.6802304284175649,16,5,accuracy_generalizability,6,0.8137135155063138,False,False,0.7303854961532651
embed_dim,10,start,0.6802304284175649,16,5,accuracy_generalizability,7,0.7666869362480191,False,False,0.6048750677893605
embed_dim,10,start,0.6802304284175649,16,5,ari_generalizability,3,0.8277709089295513,False,False,0.7823976073041298
embed_dim,10,start,0.6802304284175649,16,5,ari_generalizability,4,0.6992611772108859,False,False,0.9227065009265462
embed_dim,10,start,0.6802304284175649,16,5,ari_generalizability,5,0.9246659313850492,True,True,0.680347274667429
embed_dim,10,start,0.6802304284175649,16,5,ari_generalizability,6,0.7717643225935642,False,False,0.7303854961532651
embed_dim,10,start,0.6802304284175649,16,5,ari_generalizability,7,0.7202389326645904,False,False,0.6048750677893605
embed_dim,10,start,0.6802304284175649,16,5,ari_generalizability_1se,3,0.8277709089295513,False,False,0.7823976073041298
embed_dim,10,start,0.6802304284175649,16,5,ari_generalizability_1se,4,0.6992611772108859,False,False,0.9227065009265462
embed_dim,10,start,0.6802304284175649,16,5,ari_generalizability_1se,5,0.9246659313850492,True,True,0.680347274667429
embed_dim,10,start,0.6802304284175649,16,5,ari_generalizability_1se,6,0.7717643225935642,False,False,0.7303854961532651
embed_dim,10,start,0.6802304284175649,16,5,ari_generalizability_1se,7,0.7202389326645904,False,False,0.6048750677893605
embed_dim,10,start,0.6802304284175649,16,5,ari_generalizability_quant,3,0.8277709089295513,False,False,0.7823976073041298
embed_dim,10,start,0.6802304284175649,16,5,ari_generalizability_quant,4,0.6992611772108859,False,False,0.9227065009265462
embed_dim,10,start,0.6802304284175649,16,5,ari_generalizability_quant,5,0.9246659313850492,False,True,0.680347274667429
embed_dim,10,start,0.6802304284175649,16,5,ari_generalizability_quant,6,0.7717643225935642,False,False,0.7303854961532651
embed_dim,10,start,0.6802304284175649,16,5,ari_generalizability_quant,7,0.7202389326645904,True,False,0.6048750677893605
embed_dim,10,start,0.6802304284175649,16,5,ari_stability,3,0.9755812767839143,True,False,0.7848845630357015
embed_dim,10,start,0.6802304284175649,16,5,ari_stability,4,0.8571997684405097,False,False,0.9251163241786629
embed_dim,10,start,0.6802304284175649,16,5,ari_stability,5,0.9718280806329299,False,True,0.6899006405756511
embed_dim,10,start,0.6802304284175649,16,5,ari_stability,6,0.849944861636163,False,False,0.7312434686894144
embed_dim,10,start,0.6802304284175649,16,5,ari_stability,7,0.7967274912918376,False,False,0.6186077435638323
embed_dim,10,start,0.6802304284175649,16,5,ari_stability_1se,3,0.9755812767839143,False,False,0.7848845630357015
embed_dim,10,start,0.6802304284175649,16,5,ari_stability_1se,4,0.8571997684405097,False,False,0.9251163241786629
embed_dim,10,start,0.6802304284175649,16,5,ari_stability_1se,5,0.9718280806329299,True,True,0.6899006405756511
embed_dim,10,start,0.6802304284175649,16,5,ari_stability_1se,6,0.849944861636163,False,False,0.7312434686894144
embed_dim,10,start,0.6802304284175649,16,5,ari_stability_1se,7,0.7967274912918376,False,False,0.6186077435638323
embed_dim,10,start,0.6802304284175649,16,5,ari_stability_quant,3,0.9755812767839143,False,False,0.7848845630357015
embed_dim,10,start,0.6802304284175649,16,5,ari_stability_quant,4,0.8571997684405097,False,False,0.9251163241786629
embed_dim,10,start,0.6802304284175649,16,5,ari_stability_quant,5,0.9718280806329299,False,True,0.6899006405756511
embed_dim,10,start,0.6802304284175649,16,5,ari_stability_quant,6,0.849944861636163,False,False,0.7312434686894144
embed_dim,10,start,0.6802304284175649,16,5,ari_stability_quant,7,0.7967274912918376,True,False,0.6186077435638323
embed_dim,10,start,0.6802304284175649,16,5,consensus_ce_stability,3,0.9757457275362209,False,False,0.7848845630357015
embed_dim,10,start,0.6802304284175649,16,5,consensus_ce_stability,4,0.8750200511660452,False,False,0.9251163241786629
embed_dim,10,start,0.6802304284175649,16,5,consensus_ce_stability,5,0.9775992668971696,True,True,0.6899006405756511
embed_dim,10,start,0.6802304284175649,16,5,consensus_ce_stability,6,0.9020062384565963,False,False,0.7312434686894144
embed_dim,10,start,0.6802304284175649,16,5,consensus_ce_stability,7,0.8709374068777449,False,False,0.6186077435638323
embed_dim,10,start,0.6802304284175649,16,5,consensus_gini_stability,3,0.9855196516871298,True,False,0.7848845630357015
embed_dim,10,start,0.6802304284175649,16,5,consensus_gini_stability,4,0.8861036588281999,False,False,0.9251163241786629
embed_dim,10,start,0.6802304284175649,16,5,consensus_gini_stability,5,0.9818506214786982,False,True,0.6899006405756511
embed_dim,10,start,0.6802304284175649,16,5,consensus_gini_stability,6,0.9134696794633304,False,False,0.7312434686894144
embed_dim,10,start,0.6802304284175649,16,5,consensus_gini_stability,7,0.8812208287993027,False,False,0.6186077435638323
embed_dim,10,start,0.6802304284175649,16,5,consensus_pac_stability,3,0.992778296642206,True,False,0.7848845630357015
embed_dim,10,start,0.6802304284175649,16,5,consensus_pac_stability,4,0.8459435179008228,False,False,0.9251163241786629
embed_dim,10,start,0.6802304284175649,16,5,consensus_pac_stability,5,0.9759359573048699,False,True,0.6899006405756511
embed_dim,10,start,0.6802304284175649,16,5,consensus_pac_stability,6,0.867912830776073,False,False,0.7312434686894144
embed_dim,10,start,0.6802304284175649,16,5,consensus_pac_stability,7,0.846080498109851,False,False,0.6186077435638323
embed_dim,10,start,0.6802304284175649,16,5,silhouette,3,0.2704989645556809,False,False,0.8185447960081816
embed_dim,10,start,0.6802304284175649,16,5,silhouette,4,0.10947219391873278,False,False,0.39779216707294207
embed_dim,10,start,0.6802304284175649,16,5,silhouette,5,0.24417462042698124,False,True,0.6802304284175649
embed_dim,10,start,0.6802304284175649,16,5,silhouette,6,0.27046660890570334,False,False,0.7538996312909496
embed_dim,10,start,0.6802304284175649,16,5,silhouette,7,0.27366572709753983,True,False,0.6523781704190331
embed_dim,10,start,0.6802304284175649,16,5,gap,3,0.15500169254036145,False,False,0.8185447960081816
embed_dim,10,start,0.6802304284175649,16,5,gap,4,0.0825236860089813,False,False,0.39779216707294207
embed_dim,10,start,0.6802304284175649,16,5,gap,5,0.27775171442584146,False,True,0.6802304284175649
embed_dim,10,start,0.6802304284175649,16,5,gap,6,0.34089328376311734,False,False,0.7538996312909496
embed_dim,10,start,0.6802304284175649,16,5,gap,7,0.37999068299497907,True,False,0.6523781704190331
embed_dim,10,start,0.6802304284175649,16,5,davies_bouldin,3,0.31965227613538183,False,False,0.8185447960081816
embed_dim,10,start,0.6802304284175649,16,5,davies_bouldin,4,0.3225197657348408,False,False,0.39779216707294207
embed_dim,10,start,0.6802304284175649,16,5,davies_bouldin,5,0.3564740723543967,False,True,0.6802304284175649
embed_dim,10,start,0.6802304284175649,16,5,davies_bouldin,6,0.3581588713281515,False,False,0.7538996312909496
embed_dim,10,start,0.6802304284175649,16,5,davies_bouldin,7,0.3753187271920393,True,False,0.6523781704190331
embed_dim,10,start,0.6802304284175649,16,5,calinski_harabasz,3,322.74178822085116,True,False,0.8185447960081816
embed_dim,10,start,0.6802304284175649,16,5,calinski_harabasz,4,193.0828702699978,False,False,0.39779216707294207
embed_dim,10,start,0.6802304284175649,16,5,calinski_harabasz,5,283.0825544840707,False,True,0.6802304284175649
embed_dim,10,start,0.6802304284175649,16,5,calinski_harabasz,6,278.85508004592447,False,False,0.7538996312909496
embed_dim,10,start,0.6802304284175649,16,5,calinski_harabasz,7,267.86000896645817,False,False,0.6523781704190331
embed_dim,10,start,0.6047525242614574,17,5,accuracy_generalizability,3,0.9307153572227972,True,False,0.8454490066033112
embed_dim,10,start,0.6047525242614574,17,5,accuracy_generalizability,4,0.7424722053953554,False,False,0.94774420830155
embed_dim,10,start,0.6047525242614574,17,5,accuracy_generalizability,5,0.825444758169174,False,True,0.6020797710128881
embed_dim,10,start,0.6047525242614574,17,5,accuracy_generalizability,6,0.7212665137056026,False,False,0.6504027402016348
embed_dim,10,start,0.6047525242614574,17,5,accuracy_generalizability,7,0.7679597722339749,False,False,0.530057487160256
embed_dim,10,start,0.6047525242614574,17,5,ari_generalizability,3,0.8553233854774318,True,False,0.8454490066033112
embed_dim,10,start,0.6047525242614574,17,5,ari_generalizability,4,0.6577524715531089,False,False,0.94774420830155
embed_dim,10,start,0.6047525242614574,17,5,ari_generalizability,5,0.7211829608404264,False,True,0.6020797710128881
embed_dim,10,start,0.6047525242614574,17,5,ari_generalizability,6,0.6360816127601725,False,False,0.6504027402016348
embed_dim,10,start,0.6047525242614574,17,5,ari_generalizability,7,0.7031377494775589,False,False,0.530057487160256
embed_dim,10,start,0.6047525242614574,17,5,ari_generalizability_1se,3,0.8553233854774318,True,False,0.8454490066033112
embed_dim,10,start,0.6047525242614574,17,5,ari_generalizability_1se,4,0.6577524715531089,False,False,0.94774420830155
embed_dim,10,start,0.6047525242614574,17,5,ari_generalizability_1se,5,0.7211829608404264,False,True,0.6020797710128881
embed_dim,10,start,0.6047525242614574,17,5,ari_generalizability_1se,6,0.6360816127601725,False,False,0.6504027402016348
embed_dim,10,start,0.6047525242614574,17,5,ari_generalizability_1se,7,0.7031377494775589,False,False,0.530057487160256
embed_dim,10,start,0.6047525242614574,17,5,ari_generalizability_quant,3,0.8553233854774318,False,False,0.8454490066033112
embed_dim,10,start,0.6047525242614574,17,5,ari_generalizability_quant,4,0.6577524715531089,False,False,0.94774420830155
embed_dim,10,start,0.6047525242614574,17,5,ari_generalizability_quant,5,0.7211829608404264,False,True,0.6020797710128881
embed_dim,10,start,0.6047525242614574,17,5,ari_generalizability_quant,6,0.6360816127601725,False,False,0.6504027402016348
embed_dim,10,start,0.6047525242614574,17,5,ari_generalizability_quant,7,0.7031377494775589,True,False,0.530057487160256
embed_dim,10,start,0.6047525242614574,17,5,ari_stability,3,0.8995133484256175,False,False,0.8479085770378281
embed_dim,10,start,0.6047525242614574,17,5,ari_stability,4,0.9296225446677738,True,False,0.9499411380826438
embed_dim,10,start,0.6047525242614574,17,5,ari_stability,5,0.8099630473289462,False,True,0.604030404554062
embed_dim,10,start,0.6047525242614574,17,5,ari_stability,6,0.810225145723107,False,False,0.6518542054785881
embed_dim,10,start,0.6047525242614574,17,5,ari_stability,7,0.7697327218111777,False,False,0.5438524955288644
embed_dim,10,start,0.6047525242614574,17,5,ari_stability_1se,3,0.8995133484256175,False,False,0.8479085770378281
embed_dim,10,start,0.6047525242614574,17,5,ari_stability_1se,4,0.9296225446677738,True,False,0.9499411380826438
embed_dim,10,start,0.6047525242614574,17,5,ari_stability_1se,5,0.8099630473289462,False,True,0.604030404554062
embed_dim,10,start,0.6047525242614574,17,5,ari_stability_1se,6,0.810225145723107,False,False,0.6518542054785881
embed_dim,10,start,0.6047525242614574,17,5,ari_stability_1se,7,0.7697327218111777,False,False,0.5438524955288644
embed_dim,10,start,0.6047525242614574,17,5,ari_stability_quant,3,0.8995133484256175,False,False,0.8479085770378281
embed_dim,10,start,0.6047525242614574,17,5,ari_stability_quant,4,0.9296225446677738,False,False,0.9499411380826438
embed_dim,10,start,0.6047525242614574,17,5,ari_stability_quant,5,0.8099630473289462,False,True,0.604030404554062
embed_dim,10,start,0.6047525242614574,17,5,ari_stability_quant,6,0.810225145723107,False,False,0.6518542054785881
embed_dim,10,start,0.6047525242614574,17,5,ari_stability_quant,7,0.7697327218111777,True,False,0.5438524955288644
embed_dim,10,start,0.6047525242614574,17,5,consensus_ce_stability,3,0.8519019611297631,False,False,0.8479085770378281
embed_dim,10,start,0.6047525242614574,17,5,consensus_ce_stability,4,0.9302495371077382,True,False,0.9499411380826438
embed_dim,10,start,0.6047525242614574,17,5,consensus_ce_stability,5,0.820569706794324,False,True,0.604030404554062
embed_dim,10,start,0.6047525242614574,17,5,consensus_ce_stability,6,0.8542010265123218,False,False,0.6518542054785881
embed_dim,10,start,0.6047525242614574,17,5,consensus_ce_stability,7,0.8526898012911919,False,False,0.5438524955288644
embed_dim,10,start,0.6047525242614574,17,5,consensus_gini_stability,3,0.8903981542822895,False,False,0.8479085770378281
embed_dim,10,start,0.6047525242614574,17,5,consensus_gini_stability,4,0.9456648655391025,True,False,0.9499411380826438
embed_dim,10,start,0.6047525242614574,17,5,consensus_gini_stability,5,0.851583461335757,False,True,0.604030404554062
embed_dim,10,start,0.6047525242614574,17,5,consensus_gini_stability,6,0.8754727402100756,False,False,0.6518542054785881
embed_dim,10,start,0.6047525242614574,17,5,consensus_gini_stability,7,0.8708678187027739,False,False,0.5438524955288644
embed_dim,10,start,0.6047525242614574,17,5,consensus_pac_stability,3,0.7302210362463865,False,False,0.8479085770378281
embed_dim,10,start,0.6047525242614574,17,5,consensus_pac_stability,4,0.9145563709139426,True,False,0.9499411380826438
embed_dim,10,start,0.6047525242614574,17,5,consensus_pac_stability,5,0.7290335779408494,False,True,0.604030404554062
embed_dim,10,start,0.6047525242614574,17,5,consensus_pac_stability,6,0.7927160329108295,False,False,0.6518542054785881
embed_dim,10,start,0.6047525242614574,17,5,consensus_pac_stability,7,0.8160257949744274,False,False,0.5438524955288644
embed_dim,10,start,0.6047525242614574,17,5,silhouette,3,0.16829869375251028,False,False,0.8817982309833803
embed_dim,10,start,0.6047525242614574,17,5,silhouette,4,0.19068572783795124,False,False,0.9499411380826438
embed_dim,10,start,0.6047525242614574,17,5,silhouette,5,0.2318774655291345,False,True,0.6047525242614574
embed_dim,10,start,0.6047525242614574,17,5,silhouette,6,0.26322911395099097,False,False,0.6543528970795777
embed_dim,10,start,0.6047525242614574,17,5,silhouette,7,0.3002806569282395,True,False,0.5425443454528184
embed_dim,10,start,0.6047525242614574,17,5,gap,3,-0.08700016442945646,False,False,0.8817982309833803
embed_dim,10,start,0.6047525242614574,17,5,gap,4,-0.027652870086578574,False,False,0.9499411380826438
embed_dim,10,start,0.6047525242614574,17,5,gap,5,0.051297284289512746,False,True,0.6047525242614574
embed_dim,10,start,0.6047525242614574,17,5,gap,6,0.13588593837089213,False,False,0.6543528970795777
embed_dim,10,start,0.6047525242614574,17,5,gap,7,0.2483942076219403,True,False,0.5425443454528184
embed_dim,10,start,0.6047525242614574,17,5,davies_bouldin,3,0.28200957565037454,False,False,0.8817982309833803
embed_dim,10,start,0.6047525242614574,17,5,davies_bouldin,4,0.29039313350030593,False,False,0.9499411380826438
embed_dim,10,start,0.6047525242614574,17,5,davies_bouldin,5,0.30185681137736436,False,True,0.6047525242614574
embed_dim,10,start,0.6047525242614574,17,5,davies_bouldin,6,0.3349993722177925,False,False,0.6543528970795777
embed_dim,10,start,0.6047525242614574,17,5,davies_bouldin,7,0.3562125864667877,True,False,0.5425443454528184
embed_dim,10,start,0.6047525242614574,17,5,calinski_harabasz,3,172.75550360607713,False,False,0.8817982309833803
embed_dim,10,start,0.6047525242614574,17,5,calinski_harabasz,4,183.90275532443104,False,False,0.9499411380826438
embed_dim,10,start,0.6047525242614574,17,5,calinski_harabasz,5,202.1940160094555,False,True,0.6047525242614574
embed_dim,10,start,0.6047525242614574,17,5,calinski_harabasz,6,222.06515943282648,False,False,0.6543528970795777
embed_dim,10,start,0.6047525242614574,17,5,calinski_harabasz,7,251.54976783534914,True,False,0.5425443454528184
embed_dim,10,start,0.6674218601665349,18,5,accuracy_generalizability,3,0.8676954297312125,True,False,0.5705415991060844
embed_dim,10,start,0.6674218601665349,18,5,accuracy_generalizability,4,0.853184019994301,False,False,0.6491953070117237
embed_dim,10,start,0.6674218601665349,18,5,accuracy_generalizability,5,0.8105102648913323,False,True,0.6720901781131478
embed_dim,10,start,0.6674218601665349,18,5,accuracy_generalizability,6,0.7679463074430496,False,False,0.6211415988310351
embed_dim,10,start,0.6674218601665349,18,5,accuracy_generalizability,7,0.8069209027665484,False,False,0.48735436379715424
embed_dim,10,start,0.6674218601665349,18,5,ari_generalizability,3,0.7073907338097938,False,False,0.5705415991060844
embed_dim,10,start,0.6674218601665349,18,5,ari_generalizability,4,0.7546175455117178,True,False,0.6491953070117237
embed_dim,10,start,0.6674218601665349,18,5,ari_generalizability,5,0.7290566237972638,False,True,0.6720901781131478
embed_dim,10,start,0.6674218601665349,18,5,ari_generalizability,6,0.6746180405969701,False,False,0.6211415988310351
embed_dim,10,start,0.6674218601665349,18,5,ari_generalizability,7,0.7207039995983631,False,False,0.48735436379715424
embed_dim,10,start,0.6674218601665349,18,5,ari_generalizability_1se,3,0.7073907338097938,False,False,0.5705415991060844
embed_dim,10,start,0.6674218601665349,18,5,ari_generalizability_1se,4,0.7546175455117178,True,False,0.6491953070117237
embed_dim,10,start,0.6674218601665349,18,5,ari_generalizability_1se,5,0.7290566237972638,False,True,0.6720901781131478
embed_dim,10,start,0.6674218601665349,18,5,ari_generalizability_1se,6,0.6746180405969701,False,False,0.6211415988310351
embed_dim,10,start,0.6674218601665349,18,5,ari_generalizability_1se,7,0.7207039995983631,False,False,0.48735436379715424
embed_dim,10,start,0.6674218601665349,18,5,ari_generalizability_quant,3,0.7073907338097938,False,False,0.5705415991060844
embed_dim,10,start,0.6674218601665349,18,5,ari_generalizability_quant,4,0.7546175455117178,False,False,0.6491953070117237
embed_dim,10,start,0.6674218601665349,18,5,ari_generalizability_quant,5,0.7290566237972638,False,True,0.6720901781131478
embed_dim,10,start,0.6674218601665349,18,5,ari_generalizability_quant,6,0.6746180405969701,False,False,0.6211415988310351
embed_dim,10,start,0.6674218601665349,18,5,ari_generalizability_quant,7,0.7207039995983631,True,False,0.48735436379715424
embed_dim,10,start,0.6674218601665349,18,5,ari_stability,3,0.7476866559327499,False,False,0.5576949542670293
embed_dim,10,start,0.6674218601665349,18,5,ari_stability,4,0.8578843632611663,False,False,0.6292492230391302
embed_dim,10,start,0.6674218601665349,18,5,ari_stability,5,0.8643519632851664,True,True,0.6616189593586926
embed_dim,10,start,0.6674218601665349,18,5,ari_stability,6,0.7339445504339267,False,False,0.6226268270562043
embed_dim,10,start,0.6674218601665349,18,5,ari_stability,7,0.7607620695574445,False,False,0.48666222158759714
embed_dim,10,start,0.6674218601665349,18,5,ari_stability_1se,3,0.7476866559327499,False,False,0.5576949542670293
embed_dim,10,start,0.6674218601665349,18,5,ari_stability_1se,4,0.8578843632611663,False,False,0.6292492230391302
embed_dim,10,start,0.6674218601665349,18,5,ari_stability_1se,5,0.8643519632851664,True,True,0.6616189593586926
embed_dim,10,start,0.6674218601665349,18,5,ari_stability_1se,6,0.7339445504339267,False,False,0.6226268270562043
embed_dim,10,start,0.6674218601665349,18,5,ari_stability_1se,7,0.7607620695574445,False,False,0.48666222158759714
embed_dim,10,start,0.6674218601665349,18,5,ari_stability_quant,3,0.7476866559327499,False,False,0.5576949542670293
embed_dim,10,start,0.6674218601665349,18,5,ari_stability_quant,4,0.8578843632611663,False,False,0.6292492230391302
embed_dim,10,start,0.6674218601665349,18,5,ari_stability_quant,5,0.8643519632851664,False,True,0.6616189593586926
embed_dim,10,start,0.6674218601665349,18,5,ari_stability_quant,6,0.7339445504339267,False,False,0.6226268270562043
embed_dim,10,start,0.6674218601665349,18,5,ari_stability_quant,7,0.7607620695574445,True,False,0.48666222158759714
embed_dim,10,start,0.6674218601665349,18,5,consensus_ce_stability,3,0.7228413568575558,False,False,0.5576949542670293
embed_dim,10,start,0.6674218601665349,18,5,consensus_ce_stability,4,0.8788198545226897,False,False,0.6292492230391302
embed_dim,10,start,0.6674218601665349,18,5,consensus_ce_stability,5,0.9004925693072413,True,True,0.6616189593586926
embed_dim,10,start,0.6674218601665349,18,5,consensus_ce_stability,6,0.8347822529056415,False,False,0.6226268270562043
embed_dim,10,start,0.6674218601665349,18,5,consensus_ce_stability,7,0.84471887047169,False,False,0.48666222158759714
embed_dim,10,start,0.6674218601665349,18,5,consensus_gini_stability,3,0.7450147616521587,False,False,0.5576949542670293
embed_dim,10,start,0.6674218601665349,18,5,consensus_gini_stability,4,0.9002884449599924,False,False,0.6292492230391302
embed_dim,10,start,0.6674218601665349,18,5,consensus_gini_stability,5,0.9148571360912535,True,True,0.6616189593586926
embed_dim,10,start,0.6674218601665349,18,5,consensus_gini_stability,6,0.849253451069111,False,False,0.6226268270562043
embed_dim,10,start,0.6674218601665349,18,5,consensus_gini_stability,7,0.8635112191726821,False,False,0.48666222158759714
embed_dim,10,start,0.6674218601665349,18,5,consensus_pac_stability,3,0.6462014676450967,False,False,0.5576949542670293
embed_dim,10,start,0.6674218601665349,18,5,consensus_pac_stability,4,0.8153204358461197,False,False,0.6292492230391302
embed_dim,10,start,0.6674218601665349,18,5,consensus_pac_stability,5,0.8774889926617745,True,True,0.6616189593586926
embed_dim,10,start,0.6674218601665349,18,5,consensus_pac_stability,6,0.8067725150100067,False,False,0.6226268270562043
embed_dim,10,start,0.6674218601665349,18,5,consensus_pac_stability,7,0.7967142539470758,False,False,0.48666222158759714
embed_dim,10,start,0.6674218601665349,18,5,silhouette,3,0.15904166837066724,False,False,0.8610455570273399
embed_dim,10,start,0.6674218601665349,18,5,silhouette,4,0.17599400151736297,False,False,0.5702594146412878
embed_dim,10,start,0.6674218601665349,18,5,silhouette,5,0.22304565329303122,False,True,0.6674218601665349
embed_dim,10,start,0.6674218601665349,18,5,silhouette,6,0.2409450024502393,False,False,0.6464071719137907
embed_dim,10,start,0.6674218601665349,18,5,silhouette,7,0.3065490431489308,True,False,0.5904877213199912
embed_dim,10,start,0.6674218601665349,18,5,gap,3,0.035232210245554896,False,False,0.8610455570273399
embed_dim,10,start,0.6674218601665349,18,5,gap,4,0.08923334412157757,False,False,0.5702594146412878
embed_dim,10,start,0.6674218601665349,18,5,gap,5,0.2102685315125008,False,True,0.6674218601665349
embed_dim,10,start,0.6674218601665349,18,5,gap,6,0.2485909101731476,False,False,0.6464071719137907
embed_dim,10,start,0.6674218601665349,18,5,gap,7,0.4254722428377171,True,False,0.5904877213199912
embed_dim,10,start,0.6674218601665349,18,5,davies_bouldin,3,0.28958488939852933,False,False,0.8610455570273399
embed_dim,10,start,0.6674218601665349,18,5,davies_bouldin,4,0.3251175826819773,False,False,0.5702594146412878
embed_dim,10,start,0.6674218601665349,18,5,davies_bouldin,5,0.33100887328365647,False,True,0.6674218601665349
embed_dim,10,start,0.6674218601665349,18,5,davies_bouldin,6,0.3467770366866495,False,False,0.6464071719137907
embed_dim,10,start,0.6674218601665349,18,5,davies_bouldin,7,0.39721617690265215,True,False,0.5904877213199912
embed_dim,10,start,0.6674218601665349,18,5,calinski_harabasz,3,181.72710267292635,False,False,0.8610455570273399
embed_dim,10,start,0.6674218601665349,18,5,calinski_harabasz,4,186.04036458114544,False,False,0.5702594146412878
embed_dim,10,start,0.6674218601665349,18,5,calinski_harabasz,5,228.50727517021136,False,True,0.6674218601665349
embed_dim,10,start,0.6674218601665349,18,5,calinski_harabasz,6,222.34831996386598,False,False,0.6464071719137907
embed_dim,10,start,0.6674218601665349,18,5,calinski_harabasz,7,287.4289879404768,True,False,0.5904877213199912
embed_dim,10,start,1.0,19,5,accuracy_generalizability,3,0.7706257199656884,False,False,0.4568450655459124
embed_dim,10,start,1.0,19,5,accuracy_generalizability,4,0.9569472947183583,True,False,0.8044902229541171
embed_dim,10,start,1.0,19,5,accuracy_generalizability,5,0.8291776834246359,False,True,1.0
embed_dim,10,start,1.0,19,5,accuracy_generalizability,6,0.8373126620245803,False,False,0.929489745086523
embed_dim,10,start,1.0,19,5,accuracy_generalizability,7,0.8077466448916513,False,False,0.8313583030741114
embed_dim,10,start,1.0,19,5,ari_generalizability,3,0.6173438450252852,False,False,0.4568450655459124
embed_dim,10,start,1.0,19,5,ari_generalizability,4,0.9217764269409352,True,False,0.8044902229541171
embed_dim,10,start,1.0,19,5,ari_generalizability,5,0.7772293640982049,False,True,1.0
embed_dim,10,start,1.0,19,5,ari_generalizability,6,0.7502606532447809,False,False,0.929489745086523
embed_dim,10,start,1.0,19,5,ari_generalizability,7,0.7307235614138063,False,False,0.8313583030741114
embed_dim,10,start,1.0,19,5,ari_generalizability_1se,3,0.6173438450252852,False,False,0.4568450655459124
embed_dim,10,start,1.0,19,5,ari_generalizability_1se,4,0.9217764269409352,True,False,0.8044902229541171
embed_dim,10,start,1.0,19,5,ari_generalizability_1se,5,0.7772293640982049,False,True,1.0
embed_dim,10,start,1.0,19,5,ari_generalizability_1se,6,0.7502606532447809,False,False,0.929489745086523
embed_dim,10,start,1.0,19,5,ari_generalizability_1se,7,0.7307235614138063,False,False,0.8313583030741114
embed_dim,10,start,1.0,19,5,ari_generalizability_quant,3,0.6173438450252852,False,False,0.4568450655459124
embed_dim,10,start,1.0,19,5,ari_generalizability_quant,4,0.9217764269409352,False,False,0.8044902229541171
embed_dim,10,start,1.0,19,5,ari_generalizability_quant,5,0.7772293640982049,False,True,1.0
embed_dim,10,start,1.0,19,5,ari_generalizability_quant,6,0.7502606532447809,False,False,0.929489745086523
embed_dim,10,start,1.0,19,5,ari_generalizability_quant,7,0.7307235614138063,True,False,0.8313583030741114
embed_dim,10,start,1.0,19,5,ari_stability,3,0.6801348972845755,False,False,0.4568450655459124
embed_dim,10,start,1.0,19,5,ari_stability,4,0.9982770393341738,True,False,0.8044902229541171
embed_dim,10,start,1.0,19,5,ari_stability,5,0.8508489816133994,False,True,1.0
embed_dim,10,start,1.0,19,5,ari_stability,6,0.8648396813650701,False,False,0.9289431512143554
embed_dim,10,start,1.0,19,5,ari_stability,7,0.8642716273381451,False,False,0.8313550697886893
embed_dim,10,start,1.0,19,5,ari_stability_1se,3,0.6801348972845755,False,False,0.4568450655459124
embed_dim,10,start,1.0,19,5,ari_stability_1se,4,0.9982770393341738,True,False,0.8044902229541171
embed_dim,10,start,1.0,19,5,ari_stability_1se,5,0.8508489816133994,False,True,1.0
embed_dim,10,start,1.0,19,5,ari_stability_1se,6,0.8648396813650701,False,False,0.9289431512143554
embed_dim,10,start,1.0,19,5,ari_stability_1se,7,0.8642716273381451,False,False,0.8313550697886893
embed_dim,10,start,1.0,19,5,ari_stability_quant,3,0.6801348972845755,False,False,0.4568450655459124
embed_dim,10,start,1.0,19,5,ari_stability_quant,4,0.9982770393341738,True,False,0.8044902229541171
embed_dim,10,start,1.0,19,5,ari_stability_quant,5,0.8508489816133994,False,True,1.0
embed_dim,10,start,1.0,19,5,ari_stability_quant,6,0.8648396813650701,False,False,0.9289431512143554
embed_dim,10,start,1.0,19,5,ari_stability_quant,7,0.8642716273381451,False,False,0.8313550697886893
embed_dim,10,start,1.0,19,5,consensus_ce_stability,3,0.7074163690512533,False,False,0.4568450655459124
embed_dim,10,start,1.0,19,5,consensus_ce_stability,4,0.9967469182378281,True,False,0.8044902229541171
embed_dim,10,start,1.0,19,5,consensus_ce_stability,5,0.8859798321682731,False,True,1.0
embed_dim,10,start,1.0,19,5,consensus_ce_stability,6,0.9080420110947827,False,False,0.9289431512143554
embed_dim,10,start,1.0,19,5,consensus_ce_stability,7,0.9176966994162287,False,False,0.8313550697886893
embed_dim,10,start,1.0,19,5,consensus_gini_stability,3,0.7112950774147033,False,False,0.4568450655459124
embed_dim,10,start,1.0,19,5,consensus_gini_stability,4,0.9979919319092281,True,False,0.8044902229541171
embed_dim,10,start,1.0,19,5,consensus_gini_stability,5,0.8937414072694488,False,True,1.0
embed_dim,10,start,1.0,19,5,consensus_gini_stability,6,0.9219171168781487,False,False,0.9289431512143554
embed_dim,10,start,1.0,19,5,consensus_gini_stability,7,0.9319225532288823,False,False,0.8313550697886893
embed_dim,10,start,1.0,19,5,consensus_pac_stability,3,0.696708917055815,False,False,0.4568450655459124
embed_dim,10,start,1.0,19,5,consensus_pac_stability,4,0.9976081832332666,True,False,0.8044902229541171
embed_dim,10,start,1.0,19,5,consensus_pac_stability,5,0.8743713586835669,False,True,1.0
embed_dim,10,start,1.0,19,5,consensus_pac_stability,6,0.8795081165221259,False,False,0.9289431512143554
embed_dim,10,start,1.0,19,5,consensus_pac_stability,7,0.8786026239715365,False,False,0.8313550697886893
embed_dim,10,start,1.0,19,5,silhouette,3,0.15602820885945687,False,False,0.6030599100079881
embed_dim,10,start,1.0,19,5,silhouette,4,0.176292048571729,False,False,0.8044902229541171
embed_dim,10,start,1.0,19,5,silhouette,5,0.17433633054719144,False,True,0.8610447518568751
embed_dim,10,start,1.0,19,5,silhouette,6,0.1951819457903273,False,False,0.7177696694049155
embed_dim,10,start,1.0,19,5,silhouette,7,0.2502714250783829,True,False,0.807990788221622
embed_dim,10,start,1.0,19,5,gap,3,-0.09230803694752154,False,False,0.6030599100079881
embed_dim,10,start,1.0,19,5,gap,4,-0.02540644896932953,False,False,0.8044902229541171
embed_dim,10,start,1.0,19,5,gap,5,0.002504984770469676,False,True,0.8610447518568751
embed_dim,10,start,1.0,19,5,gap,6,0.07194599620233966,False,False,0.7177696694049155
embed_dim,10,start,1.0,19,5,gap,7,0.14938774935112598,True,False,0.807990788221622
embed_dim,10,start,1.0,19,5,davies_bouldin,3,0.31827358516176396,False,False,0.6030599100079881
embed_dim,10,start,1.0,19,5,davies_bouldin,4,0.33733199692094046,False,False,0.8044902229541171
embed_dim,10,start,1.0,19,5,davies_bouldin,5,0.33173615770196974,False,True,0.8610447518568751
embed_dim,10,start,1.0,19,5,davies_bouldin,6,0.3565499332730598,False,False,0.7177696694049155
embed_dim,10,start,1.0,19,5,davies_bouldin,7,0.36638339004863474,True,False,0.807990788221622
embed_dim,10,start,1.0,19,5,calinski_harabasz,3,205.40498387902923,False,False,0.6030599100079881
embed_dim,10,start,1.0,19,5,calinski_harabasz,4,213.3586627172471,False,False,0.8044902229541171
embed_dim,10,start,1.0,19,5,calinski_harabasz,5,196.9154069864362,False,True,0.8610447518568751
embed_dim,10,start,1.0,19,5,calinski_harabasz,6,208.83758067941238,False,False,0.7177696694049155
embed_dim,10,start,1.0,19,5,calinski_harabasz,7,220.7416640537235,True,False,0.807990788221622
embed_dim,255,middle,1.0,0,5,accuracy_generalizability,3,0.9944155136556919,True,False,0.778958707805833
embed_dim,255,middle,1.0,0,5,accuracy_generalizability,4,0.7488488414390899,False,False,0.9132052976242725
embed_dim,255,middle,1.0,0,5,accuracy_generalizability,5,0.5630375577197438,False,True,1.0
embed_dim,255,middle,1.0,0,5,accuracy_generalizability,6,0.6117520033725038,False,False,0.856857879033732
embed_dim,255,middle,1.0,0,5,accuracy_generalizability,7,0.6407652512424438,False,False,0.6950084173332459
embed_dim,255,middle,1.0,0,5,ari_generalizability,3,0.9903252597666529,True,False,0.778958707805833
embed_dim,255,middle,1.0,0,5,ari_generalizability,4,0.7340810952310494,False,False,0.9132052976242725
embed_dim,255,middle,1.0,0,5,ari_generalizability,5,0.5341973713060164,False,True,1.0
embed_dim,255,middle,1.0,0,5,ari_generalizability,6,0.5533965865927211,False,False,0.856857879033732
embed_dim,255,middle,1.0,0,5,ari_generalizability,7,0.5788285460906496,False,False,0.6950084173332459
embed_dim,255,middle,1.0,0,5,ari_generalizability_1se,3,0.9903252597666529,True,False,0.778958707805833
embed_dim,255,middle,1.0,0,5,ari_generalizability_1se,4,0.7340810952310494,False,False,0.9132052976242725
embed_dim,255,middle,1.0,0,5,ari_generalizability_1se,5,0.5341973713060164,False,True,1.0
embed_dim,255,middle,1.0,0,5,ari_generalizability_1se,6,0.5533965865927211,False,False,0.856857879033732
embed_dim,255,middle,1.0,0,5,ari_generalizability_1se,7,0.5788285460906496,False,False,0.6950084173332459
embed_dim,255,middle,1.0,0,5,ari_generalizability_quant,3,0.9903252597666529,True,False,0.778958707805833
embed_dim,255,middle,1.0,0,5,ari_generalizability_quant,4,0.7340810952310494,False,False,0.9132052976242725
embed_dim,255,middle,1.0,0,5,ari_generalizability_quant,5,0.5341973713060164,False,True,1.0
embed_dim,255,middle,1.0,0,5,ari_generalizability_quant,6,0.5533965865927211,False,False,0.856857879033732
embed_dim,255,middle,1.0,0,5,ari_generalizability_quant,7,0.5788285460906496,False,False,0.6950084173332459
embed_dim,255,middle,1.0,0,5,ari_stability,3,1.0,True,False,0.778958707805833
embed_dim,255,middle,1.0,0,5,ari_stability,4,0.9302776579636834,False,False,0.9132052976242725
embed_dim,255,middle,1.0,0,5,ari_stability,5,0.8896131172679514,False,True,1.0
embed_dim,255,middle,1.0,0,5,ari_stability,6,0.8582433777414521,False,False,0.8570331556607104
embed_dim,255,middle,1.0,0,5,ari_stability,7,0.8870303247491674,False,False,0.6983106452932154
embed_dim,255,middle,1.0,0,5,ari_stability_1se,3,1.0,True,False,0.778958707805833
embed_dim,255,middle,1.0,0,5,ari_stability_1se,4,0.9302776579636834,False,False,0.9132052976242725
embed_dim,255,middle,1.0,0,5,ari_stability_1se,5,0.8896131172679514,False,True,1.0
embed_dim,255,middle,1.0,0,5,ari_stability_1se,6,0.8582433777414521,False,False,0.8570331556607104
embed_dim,255,middle,1.0,0,5,ari_stability_1se,7,0.8870303247491674,False,False,0.6983106452932154
embed_dim,255,middle,1.0,0,5,ari_stability_quant,3,1.0,True,False,0.778958707805833
embed_dim,255,middle,1.0,0,5,ari_stability_quant,4,0.9302776579636834,False,False,0.9132052976242725
embed_dim,255,middle,1.0,0,5,ari_stability_quant,5,0.8896131172679514,False,True,1.0
embed_dim,255,middle,1.0,0,5,ari_stability_quant,6,0.8582433777414521,False,False,0.8570331556607104
embed_dim,255,middle,1.0,0,5,ari_stability_quant,7,0.8870303247491674,False,False,0.6983106452932154
embed_dim,255,middle,1.0,0,5,consensus_ce_stability,3,0.9999999999586945,True,False,0.778958707805833
embed_dim,255,middle,1.0,0,5,consensus_ce_stability,4,0.9319049940063298,False,False,0.9132052976242725
embed_dim,255,middle,1.0,0,5,consensus_ce_stability,5,0.921827295762703,False,True,1.0
embed_dim,255,middle,1.0,0,5,consensus_ce_stability,6,0.8974454333490078,False,False,0.8570331556607104
embed_dim,255,middle,1.0,0,5,consensus_ce_stability,7,0.9379804646938337,False,False,0.6983106452932154
embed_dim,255,middle,1.0,0,5,consensus_gini_stability,3,1.0,True,False,0.778958707805833
embed_dim,255,middle,1.0,0,5,consensus_gini_stability,4,0.9391875200846619,False,False,0.9132052976242725
embed_dim,255,middle,1.0,0,5,consensus_gini_stability,5,0.9381493087147034,False,True,1.0
embed_dim,255,middle,1.0,0,5,consensus_gini_stability,6,0.914057637951413,False,False,0.8570331556607104
embed_dim,255,middle,1.0,0,5,consensus_gini_stability,7,0.9472642456358876,False,False,0.6983106452932154
embed_dim,255,middle,1.0,0,5,consensus_pac_stability,3,1.0,True,False,0.778958707805833
embed_dim,255,middle,1.0,0,5,consensus_pac_stability,4,0.9298821436513232,False,False,0.9132052976242725
embed_dim,255,middle,1.0,0,5,consensus_pac_stability,5,0.8751265287969757,False,True,1.0
embed_dim,255,middle,1.0,0,5,consensus_pac_stability,6,0.8466204136090727,False,False,0.8570331556607104
embed_dim,255,middle,1.0,0,5,consensus_pac_stability,7,0.9200640426951301,False,False,0.6983106452932154
embed_dim,255,middle,1.0,0,5,silhouette,3,0.12838854378296885,False,False,0.778958707805833
embed_dim,255,middle,1.0,0,5,silhouette,4,0.14783670286939507,False,False,0.9356600848561835
embed_dim,255,middle,1.0,0,5,silhouette,5,0.16419565618341225,False,True,1.0
embed_dim,255,middle,1.0,0,5,silhouette,6,0.20607481394505384,False,False,0.8575671509475886
embed_dim,255,middle,1.0,0,5,silhouette,7,0.24776347441610516,True,False,0.6918454717714145
embed_dim,255,middle,1.0,0,5,gap,3,-0.047082298076388085,False,False,0.778958707805833
embed_dim,255,middle,1.0,0,5,gap,4,-0.012264756903340057,False,False,0.9356600848561835
embed_dim,255,middle,1.0,0,5,gap,5,0.022210518548918756,False,True,1.0
embed_dim,255,middle,1.0,0,5,gap,6,0.11961050255590067,False,False,0.8575671509475886
embed_dim,255,middle,1.0,0,5,gap,7,0.23751036612632603,True,False,0.6918454717714145
embed_dim,255,middle,1.0,0,5,davies_bouldin,3,0.24377430860191787,False,False,0.778958707805833
embed_dim,255,middle,1.0,0,5,davies_bouldin,4,0.2481267635604496,False,False,0.9356600848561835
embed_dim,255,middle,1.0,0,5,davies_bouldin,5,0.2804057319072866,False,True,1.0
embed_dim,255,middle,1.0,0,5,davies_bouldin,6,0.2970963413033445,False,False,0.8575671509475886
embed_dim,255,middle,1.0,0,5,davies_bouldin,7,0.3120560292775221,True,False,0.6918454717714145
embed_dim,255,middle,1.0,0,5,calinski_harabasz,3,117.45512669952997,False,False,0.778958707805833
embed_dim,255,middle,1.0,0,5,calinski_harabasz,4,100.59427210954057,False,False,0.9356600848561835
embed_dim,255,middle,1.0,0,5,calinski_harabasz,5,92.39803137928719,False,True,1.0
embed_dim,255,middle,1.0,0,5,calinski_harabasz,6,113.02107008346586,False,False,0.8575671509475886
embed_dim,255,middle,1.0,0,5,calinski_harabasz,7,137.86301717806182,True,False,0.6918454717714145
embed_dim,255,middle,1.0,1,5,accuracy_generalizability,3,0.8115268946755706,True,False,0.8586885788060178
embed_dim,255,middle,1.0,1,5,accuracy_generalizability,4,0.7531764948144146,False,False,0.9510215464762176
embed_dim,255,middle,1.0,1,5,accuracy_generalizability,5,0.6641672250869621,False,True,0.7032142096489774
embed_dim,255,middle,1.0,1,5,accuracy_generalizability,6,0.6383999396595924,False,False,0.7515283255792885
embed_dim,255,middle,1.0,1,5,accuracy_generalizability,7,0.5893700562815074,False,False,0.6474564845068399
embed_dim,255,middle,1.0,1,5,ari_generalizability,3,0.7355983697564732,True,False,0.8586885788060178
embed_dim,255,middle,1.0,1,5,ari_generalizability,4,0.6695187311879609,False,False,0.9510215464762176
embed_dim,255,middle,1.0,1,5,ari_generalizability,5,0.6027466124227243,False,True,0.7032142096489774
embed_dim,255,middle,1.0,1,5,ari_generalizability,6,0.5878682539364057,False,False,0.7515283255792885
embed_dim,255,middle,1.0,1,5,ari_generalizability,7,0.5321358999897443,False,False,0.6474564845068399
embed_dim,255,middle,1.0,1,5,ari_generalizability_1se,3,0.7355983697564732,True,False,0.8586885788060178
embed_dim,255,middle,1.0,1,5,ari_generalizability_1se,4,0.6695187311879609,False,False,0.9510215464762176
embed_dim,255,middle,1.0,1,5,ari_generalizability_1se,5,0.6027466124227243,False,True,0.7032142096489774
embed_dim,255,middle,1.0,1,5,ari_generalizability_1se,6,0.5878682539364057,False,False,0.7515283255792885
embed_dim,255,middle,1.0,1,5,ari_generalizability_1se,7,0.5321358999897443,False,False,0.6474564845068399
embed_dim,255,middle,1.0,1,5,ari_generalizability_quant,3,0.7355983697564732,False,False,0.8586885788060178
embed_dim,255,middle,1.0,1,5,ari_generalizability_quant,4,0.6695187311879609,False,False,0.9510215464762176
embed_dim,255,middle,1.0,1,5,ari_generalizability_quant,5,0.6027466124227243,False,True,0.7032142096489774
embed_dim,255,middle,1.0,1,5,ari_generalizability_quant,6,0.5878682539364057,False,False,0.7515283255792885
embed_dim,255,middle,1.0,1,5,ari_generalizability_quant,7,0.5321358999897443,True,False,0.6474564845068399
embed_dim,255,middle,1.0,1,5,ari_stability,3,0.9960973935860684,True,False,0.8586885788060178
embed_dim,255,middle,1.0,1,5,ari_stability,4,0.7973467769917281,False,False,0.9510215464762176
embed_dim,255,middle,1.0,1,5,ari_stability,5,0.755109770971062,False,True,1.0
embed_dim,255,middle,1.0,1,5,ari_stability,6,0.7514548311598042,False,False,0.7583569212009842
embed_dim,255,middle,1.0,1,5,ari_stability,7,0.7593573401192277,False,False,0.6618039724754534
embed_dim,255,middle,1.0,1,5,ari_stability_1se,3,0.9960973935860684,True,False,0.8586885788060178
embed_dim,255,middle,1.0,1,5,ari_stability_1se,4,0.7973467769917281,False,False,0.9510215464762176
embed_dim,255,middle,1.0,1,5,ari_stability_1se,5,0.755109770971062,False,True,1.0
embed_dim,255,middle,1.0,1,5,ari_stability_1se,6,0.7514548311598042,False,False,0.7583569212009842
embed_dim,255,middle,1.0,1,5,ari_stability_1se,7,0.7593573401192277,False,False,0.6618039724754534
embed_dim,255,middle,1.0,1,5,ari_stability_quant,3,0.9960973935860684,True,False,0.8586885788060178
embed_dim,255,middle,1.0,1,5,ari_stability_quant,4,0.7973467769917281,False,False,0.9510215464762176
embed_dim,255,middle,1.0,1,5,ari_stability_quant,5,0.755109770971062,False,True,1.0
embed_dim,255,middle,1.0,1,5,ari_stability_quant,6,0.7514548311598042,False,False,0.7583569212009842
embed_dim,255,middle,1.0,1,5,ari_stability_quant,7,0.7593573401192277,False,False,0.6618039724754534
embed_dim,255,middle,1.0,1,5,consensus_ce_stability,3,0.9999999999586944,True,False,0.8586885788060178
embed_dim,255,middle,1.0,1,5,consensus_ce_stability,4,0.8456342170984629,False,False,0.9510215464762176
embed_dim,255,middle,1.0,1,5,consensus_ce_stability,5,0.8100645575994999,False,True,1.0
embed_dim,255,middle,1.0,1,5,consensus_ce_stability,6,0.8410848529207107,False,False,0.7583569212009842
embed_dim,255,middle,1.0,1,5,consensus_ce_stability,7,0.8633961832087697,False,False,0.6618039724754534
embed_dim,255,middle,1.0,1,5,consensus_gini_stability,3,1.0,True,False,0.8586885788060178
embed_dim,255,middle,1.0,1,5,consensus_gini_stability,4,0.8552223947417521,False,False,0.9510215464762176
embed_dim,255,middle,1.0,1,5,consensus_gini_stability,5,0.8242250326734779,False,True,1.0
embed_dim,255,middle,1.0,1,5,consensus_gini_stability,6,0.8574221498875106,False,False,0.7583569212009842
embed_dim,255,middle,1.0,1,5,consensus_gini_stability,7,0.8814770248416812,False,False,0.6618039724754534
embed_dim,255,middle,1.0,1,5,consensus_pac_stability,3,1.0,True,False,0.8586885788060178
embed_dim,255,middle,1.0,1,5,consensus_pac_stability,4,0.8162961974649766,False,False,0.9510215464762176
embed_dim,255,middle,1.0,1,5,consensus_pac_stability,5,0.7719190571492106,False,True,1.0
embed_dim,255,middle,1.0,1,5,consensus_pac_stability,6,0.7936001778963754,False,False,0.7583569212009842
embed_dim,255,middle,1.0,1,5,consensus_pac_stability,7,0.8142681787858572,False,False,0.6618039724754534
embed_dim,255,middle,1.0,1,5,silhouette,3,0.12609588015435422,False,False,0.8586885788060178
embed_dim,255,middle,1.0,1,5,silhouette,4,0.13846633145946496,False,False,0.9513349857658736
embed_dim,255,middle,1.0,1,5,silhouette,5,0.15427368316073398,False,True,1.0
embed_dim,255,middle,1.0,1,5,silhouette,6,0.18533566774697802,False,False,0.9154932299864205
embed_dim,255,middle,1.0,1,5,silhouette,7,0.2292174738993335,True,False,0.6586047192478391
embed_dim,255,middle,1.0,1,5,gap,3,0.022193359731991436,False,False,0.8586885788060178
embed_dim,255,middle,1.0,1,5,gap,4,0.052937618923799334,False,False,0.9513349857658736
embed_dim,255,middle,1.0,1,5,gap,5,0.08218819441281688,False,True,1.0
embed_dim,255,middle,1.0,1,5,gap,6,0.14870112179565886,False,False,0.9154932299864205
embed_dim,255,middle,1.0,1,5,gap,7,0.2697044577740755,True,False,0.6586047192478391
embed_dim,255,middle,1.0,1,5,davies_bouldin,3,0.22508133559748902,False,False,0.8586885788060178
embed_dim,255,middle,1.0,1,5,davies_bouldin,4,0.24689513326343226,False,False,0.9513349857658736
embed_dim,255,middle,1.0,1,5,davies_bouldin,5,0.27526225376487146,False,True,1.0
embed_dim,255,middle,1.0,1,5,davies_bouldin,6,0.2922832079413064,False,False,0.9154932299864205
embed_dim,255,middle,1.0,1,5,davies_bouldin,7,0.3119447906298572,True,False,0.6586047192478391
embed_dim,255,middle,1.0,1,5,calinski_harabasz,3,102.02567822461731,False,False,0.8586885788060178
embed_dim,255,middle,1.0,1,5,calinski_harabasz,4,87.48231452743396,False,False,0.9513349857658736
embed_dim,255,middle,1.0,1,5,calinski_harabasz,5,79.88893193506217,False,True,1.0
embed_dim,255,middle,1.0,1,5,calinski_harabasz,6,89.73834784498034,False,False,0.9154932299864205
embed_dim,255,middle,1.0,1,5,calinski_harabasz,7,117.17113150009045,True,False,0.6586047192478391
embed_dim,255,middle,0.7943270345961306,2,5,accuracy_generalizability,3,0.8521276174914628,False,False,0.6930874479591906
embed_dim,255,middle,0.7943270345961306,2,5,accuracy_generalizability,4,0.8282532105798603,False,False,0.8896885349658191
embed_dim,255,middle,0.7943270345961306,2,5,accuracy_generalizability,5,0.9003159222240038,False,True,1.0
embed_dim,255,middle,0.7943270345961306,2,5,accuracy_generalizability,6,0.8898518101831521,False,False,0.8765263753837986
embed_dim,255,middle,0.7943270345961306,2,5,accuracy_generalizability,7,0.940972427021076,True,False,0.7405846454051925
embed_dim,255,middle,0.7943270345961306,2,5,ari_generalizability,3,0.7161249690848375,False,False,0.6930874479591906
embed_dim,255,middle,0.7943270345961306,2,5,ari_generalizability,4,0.7625494675070026,False,False,0.8896885349658191
embed_dim,255,middle,0.7943270345961306,2,5,ari_generalizability,5,0.9085315782892971,False,True,1.0
embed_dim,255,middle,0.7943270345961306,2,5,ari_generalizability,6,0.8827628452988902,False,False,0.8765263753837986
embed_dim,255,middle,0.7943270345961306,2,5,ari_generalizability,7,0.917029720587948,True,False,0.7405846454051925
embed_dim,255,middle,0.7943270345961306,2,5,ari_generalizability_1se,3,0.7161249690848375,False,False,0.6930874479591906
embed_dim,255,middle,0.7943270345961306,2,5,ari_generalizability_1se,4,0.7625494675070026,False,False,0.8896885349658191
embed_dim,255,middle,0.7943270345961306,2,5,ari_generalizability_1se,5,0.9085315782892971,False,True,1.0
embed_dim,255,middle,0.7943270345961306,2,5,ari_generalizability_1se,6,0.8827628452988902,False,False,0.8765263753837986
embed_dim,255,middle,0.7943270345961306,2,5,ari_generalizability_1se,7,0.917029720587948,True,False,0.7405846454051925
embed_dim,255,middle,0.7943270345961306,2,5,ari_generalizability_quant,3,0.7161249690848375,False,False,0.6930874479591906
embed_dim,255,middle,0.7943270345961306,2,5,ari_generalizability_quant,4,0.7625494675070026,False,False,0.8896885349658191
embed_dim,255,middle,0.7943270345961306,2,5,ari_generalizability_quant,5,0.9085315782892971,False,True,1.0
embed_dim,255,middle,0.7943270345961306,2,5,ari_generalizability_quant,6,0.8827628452988902,False,False,0.8765263753837986
embed_dim,255,middle,0.7943270345961306,2,5,ari_generalizability_quant,7,0.917029720587948,True,False,0.7405846454051925
embed_dim,255,middle,0.7943270345961306,2,5,ari_stability,3,0.6997259909860049,False,False,0.6930874479591906
embed_dim,255,middle,0.7943270345961306,2,5,ari_stability,4,0.7851616928542317,False,False,0.8896885349658191
embed_dim,255,middle,0.7943270345961306,2,5,ari_stability,5,0.9996841973855385,True,True,1.0
embed_dim,255,middle,0.7943270345961306,2,5,ari_stability,6,0.9445437592319341,False,False,0.8765263753837986
embed_dim,255,middle,0.7943270345961306,2,5,ari_stability,7,0.9272763357771646,False,False,0.7405846454051925
embed_dim,255,middle,0.7943270345961306,2,5,ari_stability_1se,3,0.6997259909860049,False,False,0.6930874479591906
embed_dim,255,middle,0.7943270345961306,2,5,ari_stability_1se,4,0.7851616928542317,False,False,0.8896885349658191
embed_dim,255,middle,0.7943270345961306,2,5,ari_stability_1se,5,0.9996841973855385,True,True,1.0
embed_dim,255,middle,0.7943270345961306,2,5,ari_stability_1se,6,0.9445437592319341,False,False,0.8765263753837986
embed_dim,255,middle,0.7943270345961306,2,5,ari_stability_1se,7,0.9272763357771646,False,False,0.7405846454051925
embed_dim,255,middle,0.7943270345961306,2,5,ari_stability_quant,3,0.6997259909860049,False,False,0.6930874479591906
embed_dim,255,middle,0.7943270345961306,2,5,ari_stability_quant,4,0.7851616928542317,False,False,0.8896885349658191
embed_dim,255,middle,0.7943270345961306,2,5,ari_stability_quant,5,0.9996841973855385,True,True,1.0
embed_dim,255,middle,0.7943270345961306,2,5,ari_stability_quant,6,0.9445437592319341,False,False,0.8765263753837986
embed_dim,255,middle,0.7943270345961306,2,5,ari_stability_quant,7,0.9272763357771646,False,False,0.7405846454051925
embed_dim,255,middle,0.7943270345961306,2,5,consensus_ce_stability,3,0.6647785963371985,False,False,0.6930874479591906
embed_dim,255,middle,0.7943270345961306,2,5,consensus_ce_stability,4,0.8176564973821736,False,False,0.8896885349658191
embed_dim,255,middle,0.7943270345961306,2,5,consensus_ce_stability,5,0.9999999999586944,True,True,1.0
embed_dim,255,middle,0.7943270345961306,2,5,consensus_ce_stability,6,0.9641412235514534,False,False,0.8765263753837986
embed_dim,255,middle,0.7943270345961306,2,5,consensus_ce_stability,7,0.95738852371588,False,False,0.7405846454051925
embed_dim,255,middle,0.7943270345961306,2,5,consensus_gini_stability,3,0.694003871220078,False,False,0.6930874479591906
embed_dim,255,middle,0.7943270345961306,2,5,consensus_gini_stability,4,0.8349102224409665,False,False,0.8896885349658191
embed_dim,255,middle,0.7943270345961306,2,5,consensus_gini_stability,5,1.0,True,True,1.0
embed_dim,255,middle,0.7943270345961306,2,5,consensus_gini_stability,6,0.9727620445774243,False,False,0.8765263753837986
embed_dim,255,middle,0.7943270345961306,2,5,consensus_gini_stability,7,0.9658201748208515,False,False,0.7405846454051925
embed_dim,255,middle,0.7943270345961306,2,5,consensus_pac_stability,3,0.602076050700467,False,False,0.6930874479591906
embed_dim,255,middle,0.7943270345961306,2,5,consensus_pac_stability,4,0.7803042028018679,False,False,0.8896885349658191
embed_dim,255,middle,0.7943270345961306,2,5,consensus_pac_stability,5,1.0,True,True,1.0
embed_dim,255,middle,0.7943270345961306,2,5,consensus_pac_stability,6,0.9416926840115633,False,False,0.8765263753837986
embed_dim,255,middle,0.7943270345961306,2,5,consensus_pac_stability,7,0.9394173893706915,False,False,0.7405846454051925
embed_dim,255,middle,0.7943270345961306,2,5,silhouette,3,0.11005331540228482,False,False,0.5606130784416202
embed_dim,255,middle,0.7943270345961306,2,5,silhouette,4,0.14175986568707957,False,False,0.8985021974732759
embed_dim,255,middle,0.7943270345961306,2,5,silhouette,5,0.16948523182317726,False,True,0.7943270345961306
embed_dim,255,middle,0.7943270345961306,2,5,silhouette,6,0.20907359668846598,False,False,0.7127544743705729
embed_dim,255,middle,0.7943270345961306,2,5,silhouette,7,0.2554126763912638,True,False,0.7405846454051925
embed_dim,255,middle,0.7943270345961306,2,5,gap,3,-0.026317903015783628,False,False,0.5606130784416202
embed_dim,255,middle,0.7943270345961306,2,5,gap,4,0.033254882785927364,False,False,0.8985021974732759
embed_dim,255,middle,0.7943270345961306,2,5,gap,5,0.09399572302192638,False,True,0.7943270345961306
embed_dim,255,middle,0.7943270345961306,2,5,gap,6,0.1801351160055038,False,False,0.7127544743705729
embed_dim,255,middle,0.7943270345961306,2,5,gap,7,0.2792847928003468,True,False,0.7405846454051925
embed_dim,255,middle,0.7943270345961306,2,5,davies_bouldin,3,0.24142010971037717,False,False,0.5606130784416202
embed_dim,255,middle,0.7943270345961306,2,5,davies_bouldin,4,0.2565667932880889,False,False,0.8985021974732759
embed_dim,255,middle,0.7943270345961306,2,5,davies_bouldin,5,0.2816077161333714,False,True,0.7943270345961306
embed_dim,255,middle,0.7943270345961306,2,5,davies_bouldin,6,0.30302184548612776,False,False,0.7127544743705729
embed_dim,255,middle,0.7943270345961306,2,5,davies_bouldin,7,0.32001985972164576,True,False,0.7405846454051925
embed_dim,255,middle,0.7943270345961306,2,5,calinski_harabasz,3,90.23332914742016,False,False,0.5606130784416202
embed_dim,255,middle,0.7943270345961306,2,5,calinski_harabasz,4,96.35757194205989,False,False,0.8985021974732759
embed_dim,255,middle,0.7943270345961306,2,5,calinski_harabasz,5,101.46651354127356,False,True,0.7943270345961306
embed_dim,255,middle,0.7943270345961306,2,5,calinski_harabasz,6,116.25012361130037,False,False,0.7127544743705729
embed_dim,255,middle,0.7943270345961306,2,5,calinski_harabasz,7,133.67069714211678,True,False,0.7405846454051925
embed_dim,255,middle,0.7537256536958403,3,5,accuracy_generalizability,3,0.9999161330454562,True,False,0.844429631626695
embed_dim,255,middle,0.7537256536958403,3,5,accuracy_generalizability,4,0.7351393543032078,False,False,0.9483909349663421
embed_dim,255,middle,0.7537256536958403,3,5,accuracy_generalizability,5,0.5005214458865327,False,True,1.0
embed_dim,255,middle,0.7537256536958403,3,5,accuracy_generalizability,6,0.5979729388919767,False,False,0.8051728876581462
embed_dim,255,middle,0.7537256536958403,3,5,accuracy_generalizability,7,0.6899908030720896,False,False,0.6523063822195114
embed_dim,255,middle,0.7537256536958403,3,5,ari_generalizability,3,0.9997560780017207,True,False,0.844429631626695
embed_dim,255,middle,0.7537256536958403,3,5,ari_generalizability,4,0.727597632869236,False,False,0.9483909349663421
embed_dim,255,middle,0.7537256536958403,3,5,ari_generalizability,5,0.5153575211022936,False,True,1.0
embed_dim,255,middle,0.7537256536958403,3,5,ari_generalizability,6,0.5761503573591955,False,False,0.8051728876581462
embed_dim,255,middle,0.7537256536958403,3,5,ari_generalizability,7,0.6439433275979038,False,False,0.6523063822195114
embed_dim,255,middle,0.7537256536958403,3,5,ari_generalizability_1se,3,0.9997560780017207,True,False,0.844429631626695
embed_dim,255,middle,0.7537256536958403,3,5,ari_generalizability_1se,4,0.727597632869236,False,False,0.9483909349663421
embed_dim,255,middle,0.7537256536958403,3,5,ari_generalizability_1se,5,0.5153575211022936,False,True,1.0
embed_dim,255,middle,0.7537256536958403,3,5,ari_generalizability_1se,6,0.5761503573591955,False,False,0.8051728876581462
embed_dim,255,middle,0.7537256536958403,3,5,ari_generalizability_1se,7,0.6439433275979038,False,False,0.6523063822195114
embed_dim,255,middle,0.7537256536958403,3,5,ari_generalizability_quant,3,0.9997560780017207,True,False,0.844429631626695
embed_dim,255,middle,0.7537256536958403,3,5,ari_generalizability_quant,4,0.727597632869236,False,False,0.9483909349663421
embed_dim,255,middle,0.7537256536958403,3,5,ari_generalizability_quant,5,0.5153575211022936,False,True,1.0
embed_dim,255,middle,0.7537256536958403,3,5,ari_generalizability_quant,6,0.5761503573591955,False,False,0.8051728876581462
embed_dim,255,middle,0.7537256536958403,3,5,ari_generalizability_quant,7,0.6439433275979038,False,False,0.6523063822195114
embed_dim,255,middle,0.7537256536958403,3,5,ari_stability,3,1.0,True,False,0.844429631626695
embed_dim,255,middle,0.7537256536958403,3,5,ari_stability,4,0.9499999754624078,False,False,0.9483909349663421
embed_dim,255,middle,0.7537256536958403,3,5,ari_stability,5,0.9948561014842647,False,True,1.0
embed_dim,255,middle,0.7537256536958403,3,5,ari_stability,6,0.8900129562050054,False,False,0.8060174177300278
embed_dim,255,middle,0.7537256536958403,3,5,ari_stability,7,0.9006537324651045,False,False,0.6536067805034608
embed_dim,255,middle,0.7537256536958403,3,5,ari_stability_1se,3,1.0,True,False,0.844429631626695
embed_dim,255,middle,0.7537256536958403,3,5,ari_stability_1se,4,0.9499999754624078,False,False,0.9483909349663421
embed_dim,255,middle,0.7537256536958403,3,5,ari_stability_1se,5,0.9948561014842647,False,True,1.0
embed_dim,255,middle,0.7537256536958403,3,5,ari_stability_1se,6,0.8900129562050054,False,False,0.8060174177300278
embed_dim,255,middle,0.7537256536958403,3,5,ari_stability_1se,7,0.9006537324651045,False,False,0.6536067805034608
embed_dim,255,middle,0.7537256536958403,3,5,ari_stability_quant,3,1.0,True,False,0.844429631626695
embed_dim,255,middle,0.7537256536958403,3,5,ari_stability_quant,4,0.9499999754624078,False,False,0.9483909349663421
embed_dim,255,middle,0.7537256536958403,3,5,ari_stability_quant,5,0.9948561014842647,False,True,1.0
embed_dim,255,middle,0.7537256536958403,3,5,ari_stability_quant,6,0.8900129562050054,False,False,0.8060174177300278
embed_dim,255,middle,0.7537256536958403,3,5,ari_stability_quant,7,0.9006537324651045,False,False,0.6536067805034608
embed_dim,255,middle,0.7537256536958403,3,5,consensus_ce_stability,3,0.9999999999586945,True,False,0.844429631626695
embed_dim,255,middle,0.7537256536958403,3,5,consensus_ce_stability,4,0.954969891283408,False,False,0.9483909349663421
embed_dim,255,middle,0.7537256536958403,3,5,consensus_ce_stability,5,0.9999999999586944,False,True,1.0
embed_dim,255,middle,0.7537256536958403,3,5,consensus_ce_stability,6,0.9375361888839425,False,False,0.8060174177300278
embed_dim,255,middle,0.7537256536958403,3,5,consensus_ce_stability,7,0.9424010721267742,False,False,0.6536067805034608
embed_dim,255,middle,0.7537256536958403,3,5,consensus_gini_stability,3,1.0,True,False,0.844429631626695
embed_dim,255,middle,0.7537256536958403,3,5,consensus_gini_stability,4,0.9598269630943166,False,False,0.9483909349663421
embed_dim,255,middle,0.7537256536958403,3,5,consensus_gini_stability,5,1.0,False,True,1.0
embed_dim,255,middle,0.7537256536958403,3,5,consensus_gini_stability,6,0.9498841862527194,False,False,0.8060174177300278
embed_dim,255,middle,0.7537256536958403,3,5,consensus_gini_stability,7,0.9518172390149081,False,False,0.6536067805034608
embed_dim,255,middle,0.7537256536958403,3,5,consensus_pac_stability,3,1.0,True,False,0.844429631626695
embed_dim,255,middle,0.7537256536958403,3,5,consensus_pac_stability,4,0.9359279519679786,False,False,0.9483909349663421
embed_dim,255,middle,0.7537256536958403,3,5,consensus_pac_stability,5,1.0,False,True,1.0
embed_dim,255,middle,0.7537256536958403,3,5,consensus_pac_stability,6,0.9026044029352902,False,False,0.8060174177300278
embed_dim,255,middle,0.7537256536958403,3,5,consensus_pac_stability,7,0.9290887258172115,False,False,0.6536067805034608
embed_dim,255,middle,0.7537256536958403,3,5,silhouette,3,0.12236687461209143,False,False,0.7946453337564279
embed_dim,255,middle,0.7537256536958403,3,5,silhouette,4,0.14358546311705042,False,False,0.9483909349663421
embed_dim,255,middle,0.7537256536958403,3,5,silhouette,5,0.19721076736181398,False,True,0.7537256536958403
embed_dim,255,middle,0.7537256536958403,3,5,silhouette,6,0.2071482245048438,False,False,0.8722474002107881
embed_dim,255,middle,0.7537256536958403,3,5,silhouette,7,0.2507947180974518,True,False,0.6748889956546794
embed_dim,255,middle,0.7537256536958403,3,5,gap,3,-0.015900531586423128,False,False,0.7946453337564279
embed_dim,255,middle,0.7537256536958403,3,5,gap,4,0.02455414283901014,False,False,0.9483909349663421
embed_dim,255,middle,0.7537256536958403,3,5,gap,5,0.13420100726001216,False,True,0.7537256536958403
embed_dim,255,middle,0.7537256536958403,3,5,gap,6,0.15874926093604103,False,False,0.8722474002107881
embed_dim,255,middle,0.7537256536958403,3,5,gap,7,0.26357306991189766,True,False,0.6748889956546794
embed_dim,255,middle,0.7537256536958403,3,5,davies_bouldin,3,0.2357893306306615,False,False,0.7946453337564279
embed_dim,255,middle,0.7537256536958403,3,5,davies_bouldin,4,0.2548426501098105,False,False,0.9483909349663421
embed_dim,255,middle,0.7537256536958403,3,5,davies_bouldin,5,0.27753632458397326,False,True,0.7537256536958403
embed_dim,255,middle,0.7537256536958403,3,5,davies_bouldin,6,0.29409416196929195,False,False,0.8722474002107881
embed_dim,255,middle,0.7537256536958403,3,5,davies_bouldin,7,0.31033778220832087,True,False,0.6748889956546794
embed_dim,255,middle,0.7537256536958403,3,5,calinski_harabasz,3,97.26286666443558,False,False,0.7946453337564279
embed_dim,255,middle,0.7537256536958403,3,5,calinski_harabasz,4,89.9488377401046,False,False,0.9483909349663421
embed_dim,255,middle,0.7537256536958403,3,5,calinski_harabasz,5,119.8960770452688,False,True,0.7537256536958403
embed_dim,255,middle,0.7537256536958403,3,5,calinski_harabasz,6,106.5576555634122,False,False,0.8722474002107881
embed_dim,255,middle,0.7537256536958403,3,5,calinski_harabasz,7,126.92021438679761,True,False,0.6748889956546794
embed_dim,255,middle,0.6901031261448417,4,5,accuracy_generalizability,3,0.8285395814048183,True,False,0.775721755471853
embed_dim,255,middle,0.6901031261448417,4,5,accuracy_generalizability,4,0.7514221803673315,False,False,0.9301754594689229
embed_dim,255,middle,0.6901031261448417,4,5,accuracy_generalizability,5,0.6915545668020164,False,True,1.0
embed_dim,255,middle,0.6901031261448417,4,5,accuracy_generalizability,6,0.7918455799148469,False,False,0.7615534562351295
embed_dim,255,middle,0.6901031261448417,4,5,accuracy_generalizability,7,0.7623301832831224,False,False,0.6953543122715635
embed_dim,255,middle,0.6901031261448417,4,5,ari_generalizability,3,0.7126069064424817,False,False,0.775721755471853
embed_dim,255,middle,0.6901031261448417,4,5,ari_generalizability,4,0.6750637143712281,False,False,0.9301754594689229
embed_dim,255,middle,0.6901031261448417,4,5,ari_generalizability,5,0.6630927219312805,False,True,1.0
embed_dim,255,middle,0.6901031261448417,4,5,ari_generalizability,6,0.7535715042553407,True,False,0.7615534562351295
embed_dim,255,middle,0.6901031261448417,4,5,ari_generalizability,7,0.7169343864878818,False,False,0.6953543122715635
embed_dim,255,middle,0.6901031261448417,4,5,ari_generalizability_1se,3,0.7126069064424817,False,False,0.775721755471853
embed_dim,255,middle,0.6901031261448417,4,5,ari_generalizability_1se,4,0.6750637143712281,False,False,0.9301754594689229
embed_dim,255,middle,0.6901031261448417,4,5,ari_generalizability_1se,5,0.6630927219312805,False,True,1.0
embed_dim,255,middle,0.6901031261448417,4,5,ari_generalizability_1se,6,0.7535715042553407,True,False,0.7615534562351295
embed_dim,255,middle,0.6901031261448417,4,5,ari_generalizability_1se,7,0.7169343864878818,False,False,0.6953543122715635
embed_dim,255,middle,0.6901031261448417,4,5,ari_generalizability_quant,3,0.7126069064424817,False,False,0.775721755471853
embed_dim,255,middle,0.6901031261448417,4,5,ari_generalizability_quant,4,0.6750637143712281,False,False,0.9301754594689229
embed_dim,255,middle,0.6901031261448417,4,5,ari_generalizability_quant,5,0.6630927219312805,False,True,1.0
embed_dim,255,middle,0.6901031261448417,4,5,ari_generalizability_quant,6,0.7535715042553407,False,False,0.7615534562351295
embed_dim,255,middle,0.6901031261448417,4,5,ari_generalizability_quant,7,0.7169343864878818,True,False,0.6953543122715635
embed_dim,255,middle,0.6901031261448417,4,5,ari_stability,3,0.7120565270120807,False,False,0.775721755471853
embed_dim,255,middle,0.6901031261448417,4,5,ari_stability,4,0.8886042417835095,False,False,0.9301754594689229
embed_dim,255,middle,0.6901031261448417,4,5,ari_stability,5,1.0,True,True,1.0
embed_dim,255,middle,0.6901031261448417,4,5,ari_stability,6,0.9092114990481275,False,False,0.7552044881809682
embed_dim,255,middle,0.6901031261448417,4,5,ari_stability,7,0.8471272346622031,False,False,0.6931288758642168
embed_dim,255,middle,0.6901031261448417,4,5,ari_stability_1se,3,0.7120565270120807,False,False,0.775721755471853
embed_dim,255,middle,0.6901031261448417,4,5,ari_stability_1se,4,0.8886042417835095,False,False,0.9301754594689229
embed_dim,255,middle,0.6901031261448417,4,5,ari_stability_1se,5,1.0,True,True,1.0
embed_dim,255,middle,0.6901031261448417,4,5,ari_stability_1se,6,0.9092114990481275,False,False,0.7552044881809682
embed_dim,255,middle,0.6901031261448417,4,5,ari_stability_1se,7,0.8471272346622031,False,False,0.6931288758642168
embed_dim,255,middle,0.6901031261448417,4,5,ari_stability_quant,3,0.7120565270120807,False,False,0.775721755471853
embed_dim,255,middle,0.6901031261448417,4,5,ari_stability_quant,4,0.8886042417835095,False,False,0.9301754594689229
embed_dim,255,middle,0.6901031261448417,4,5,ari_stability_quant,5,1.0,True,True,1.0
embed_dim,255,middle,0.6901031261448417,4,5,ari_stability_quant,6,0.9092114990481275,False,False,0.7552044881809682
embed_dim,255,middle,0.6901031261448417,4,5,ari_stability_quant,7,0.8471272346622031,False,False,0.6931288758642168
embed_dim,255,middle,0.6901031261448417,4,5,consensus_ce_stability,3,0.6454298477079192,False,False,0.775721755471853
embed_dim,255,middle,0.6901031261448417,4,5,consensus_ce_stability,4,0.884847691557516,False,False,0.9301754594689229
embed_dim,255,middle,0.6901031261448417,4,5,consensus_ce_stability,5,0.9999999999586944,True,True,1.0
embed_dim,255,middle,0.6901031261448417,4,5,consensus_ce_stability,6,0.9322224996784987,False,False,0.7552044881809682
embed_dim,255,middle,0.6901031261448417,4,5,consensus_ce_stability,7,0.9087209733752737,False,False,0.6931288758642168
embed_dim,255,middle,0.6901031261448417,4,5,consensus_gini_stability,3,0.693936127001145,False,False,0.775721755471853
embed_dim,255,middle,0.6901031261448417,4,5,consensus_gini_stability,4,0.9005754778176553,False,False,0.9301754594689229
embed_dim,255,middle,0.6901031261448417,4,5,consensus_gini_stability,5,1.0,True,True,1.0
embed_dim,255,middle,0.6901031261448417,4,5,consensus_gini_stability,6,0.9415761991717739,False,False,0.7552044881809682
embed_dim,255,middle,0.6901031261448417,4,5,consensus_gini_stability,7,0.9184719329582419,False,False,0.6931288758642168
embed_dim,255,middle,0.6901031261448417,4,5,consensus_pac_stability,3,0.4753631309762063,False,False,0.775721755471853
embed_dim,255,middle,0.6901031261448417,4,5,consensus_pac_stability,4,0.8556299755392484,False,False,0.9301754594689229
embed_dim,255,middle,0.6901031261448417,4,5,consensus_pac_stability,5,1.0,True,True,1.0
embed_dim,255,middle,0.6901031261448417,4,5,consensus_pac_stability,6,0.904230375806093,False,False,0.7552044881809682
embed_dim,255,middle,0.6901031261448417,4,5,consensus_pac_stability,7,0.8857424949966645,False,False,0.6931288758642168
embed_dim,255,middle,0.6901031261448417,4,5,silhouette,3,0.08805258282402069,False,False,0.40295832660048014
embed_dim,255,middle,0.6901031261448417,4,5,silhouette,4,0.13546759369303882,False,False,0.9301754594689229
embed_dim,255,middle,0.6901031261448417,4,5,silhouette,5,0.18420652539248084,False,True,0.6901031261448417
embed_dim,255,middle,0.6901031261448417,4,5,silhouette,6,0.177627238271079,False,False,0.9426927009413781
embed_dim,255,middle,0.6901031261448417,4,5,silhouette,7,0.2207798985527088,True,False,0.6896138005515321
embed_dim,255,middle,0.6901031261448417,4,5,gap,3,-0.03502216265355074,False,False,0.40295832660048014
embed_dim,255,middle,0.6901031261448417,4,5,gap,4,0.047991791327218536,False,False,0.9301754594689229
embed_dim,255,middle,0.6901031261448417,4,5,gap,5,0.15105681433587037,False,True,0.6901031261448417
embed_dim,255,middle,0.6901031261448417,4,5,gap,6,0.13699975608021475,False,False,0.9426927009413781
embed_dim,255,middle,0.6901031261448417,4,5,gap,7,0.24219176365760298,True,False,0.6896138005515321
embed_dim,255,middle,0.6901031261448417,4,5,davies_bouldin,3,0.24226564374886936,False,False,0.40295832660048014
embed_dim,255,middle,0.6901031261448417,4,5,davies_bouldin,4,0.24066877995916736,False,False,0.9301754594689229
embed_dim,255,middle,0.6901031261448417,4,5,davies_bouldin,5,0.2615062052402705,False,True,0.6901031261448417
embed_dim,255,middle,0.6901031261448417,4,5,davies_bouldin,6,0.2872367604242753,False,False,0.9426927009413781
embed_dim,255,middle,0.6901031261448417,4,5,davies_bouldin,7,0.2985995568901333,True,False,0.6896138005515321
embed_dim,255,middle,0.6901031261448417,4,5,calinski_harabasz,3,60.92398323674562,False,False,0.40295832660048014
embed_dim,255,middle,0.6901031261448417,4,5,calinski_harabasz,4,89.03398516525331,False,False,0.9301754594689229
embed_dim,255,middle,0.6901031261448417,4,5,calinski_harabasz,5,115.91421348914619,True,True,0.6901031261448417
embed_dim,255,middle,0.6901031261448417,4,5,calinski_harabasz,6,88.13400368819183,False,False,0.9426927009413781
embed_dim,255,middle,0.6901031261448417,4,5,calinski_harabasz,7,109.91607352425999,False,False,0.6896138005515321
embed_dim,255,middle,1.0,5,5,accuracy_generalizability,3,0.9977773723904443,True,False,0.7059820686244668
embed_dim,255,middle,1.0,5,5,accuracy_generalizability,4,0.8820440920250822,False,False,0.928569003754231
embed_dim,255,middle,1.0,5,5,accuracy_generalizability,5,0.7320067949699051,False,True,1.0
embed_dim,255,middle,1.0,5,5,accuracy_generalizability,6,0.7594579186609529,False,False,0.8283968877311344
embed_dim,255,middle,1.0,5,5,accuracy_generalizability,7,0.7904370962232814,False,False,0.7463607938444154
embed_dim,255,middle,1.0,5,5,ari_generalizability,3,0.9956990888231799,True,False,0.7059820686244668
embed_dim,255,middle,1.0,5,5,ari_generalizability,4,0.8748390599134959,False,False,0.928569003754231
embed_dim,255,middle,1.0,5,5,ari_generalizability,5,0.7356014023113261,False,True,1.0
embed_dim,255,middle,1.0,5,5,ari_generalizability,6,0.7572747998303213,False,False,0.8283968877311344
embed_dim,255,middle,1.0,5,5,ari_generalizability,7,0.7670586079156919,False,False,0.7463607938444154
embed_dim,255,middle,1.0,5,5,ari_generalizability_1se,3,0.9956990888231799,True,False,0.7059820686244668
embed_dim,255,middle,1.0,5,5,ari_generalizability_1se,4,0.8748390599134959,False,False,0.928569003754231
embed_dim,255,middle,1.0,5,5,ari_generalizability_1se,5,0.7356014023113261,False,True,1.0
embed_dim,255,middle,1.0,5,5,ari_generalizability_1se,6,0.7572747998303213,False,False,0.8283968877311344
embed_dim,255,middle,1.0,5,5,ari_generalizability_1se,7,0.7670586079156919,False,False,0.7463607938444154
embed_dim,255,middle,1.0,5,5,ari_generalizability_quant,3,0.9956990888231799,True,False,0.7059820686244668
embed_dim,255,middle,1.0,5,5,ari_generalizability_quant,4,0.8748390599134959,False,False,0.928569003754231
embed_dim,255,middle,1.0,5,5,ari_generalizability_quant,5,0.7356014023113261,False,True,1.0
embed_dim,255,middle,1.0,5,5,ari_generalizability_quant,6,0.7572747998303213,False,False,0.8283968877311344
embed_dim,255,middle,1.0,5,5,ari_generalizability_quant,7,0.7670586079156919,False,False,0.7463607938444154
embed_dim,255,middle,1.0,5,5,ari_stability,3,0.9896606760679123,False,False,0.7059820686244668
embed_dim,255,middle,1.0,5,5,ari_stability,4,1.0,True,False,0.928569003754231
embed_dim,255,middle,1.0,5,5,ari_stability,5,0.9816487993782236,False,True,1.0
embed_dim,255,middle,1.0,5,5,ari_stability,6,0.8825705885006309,False,False,0.828565743284383
embed_dim,255,middle,1.0,5,5,ari_stability,7,0.9240646099279362,False,False,0.7464889836420733
embed_dim,255,middle,1.0,5,5,ari_stability_1se,3,0.9896606760679123,False,False,0.7059820686244668
embed_dim,255,middle,1.0,5,5,ari_stability_1se,4,1.0,True,False,0.928569003754231
embed_dim,255,middle,1.0,5,5,ari_stability_1se,5,0.9816487993782236,False,True,1.0
embed_dim,255,middle,1.0,5,5,ari_stability_1se,6,0.8825705885006309,False,False,0.828565743284383
embed_dim,255,middle,1.0,5,5,ari_stability_1se,7,0.9240646099279362,False,False,0.7464889836420733
embed_dim,255,middle,1.0,5,5,ari_stability_quant,3,0.9896606760679123,False,False,0.7059820686244668
embed_dim,255,middle,1.0,5,5,ari_stability_quant,4,1.0,True,False,0.928569003754231
embed_dim,255,middle,1.0,5,5,ari_stability_quant,5,0.9816487993782236,False,True,1.0
embed_dim,255,middle,1.0,5,5,ari_stability_quant,6,0.8825705885006309,False,False,0.828565743284383
embed_dim,255,middle,1.0,5,5,ari_stability_quant,7,0.9240646099279362,False,False,0.7464889836420733
embed_dim,255,middle,1.0,5,5,consensus_ce_stability,3,0.9866133713759282,False,False,0.7059820686244668
embed_dim,255,middle,1.0,5,5,consensus_ce_stability,4,0.9999999999586944,True,False,0.928569003754231
embed_dim,255,middle,1.0,5,5,consensus_ce_stability,5,0.9830961534431828,False,True,1.0
embed_dim,255,middle,1.0,5,5,consensus_ce_stability,6,0.9225763010471258,False,False,0.828565743284383
embed_dim,255,middle,1.0,5,5,consensus_ce_stability,7,0.9468738731286797,False,False,0.7464889836420733
embed_dim,255,middle,1.0,5,5,consensus_gini_stability,3,0.9921798588464155,False,False,0.7059820686244668
embed_dim,255,middle,1.0,5,5,consensus_gini_stability,4,1.0,True,False,0.928569003754231
embed_dim,255,middle,1.0,5,5,consensus_gini_stability,5,0.9892136043449258,False,True,1.0
embed_dim,255,middle,1.0,5,5,consensus_gini_stability,6,0.9319721321170661,False,False,0.828565743284383
embed_dim,255,middle,1.0,5,5,consensus_gini_stability,7,0.9572667505122469,False,False,0.7464889836420733
embed_dim,255,middle,1.0,5,5,consensus_pac_stability,3,0.9999982210362464,False,False,0.7059820686244668
embed_dim,255,middle,1.0,5,5,consensus_pac_stability,4,1.0,True,False,0.928569003754231
embed_dim,255,middle,1.0,5,5,consensus_pac_stability,5,0.9814302868579052,False,True,1.0
embed_dim,255,middle,1.0,5,5,consensus_pac_stability,6,0.90247631754503,False,False,0.828565743284383
embed_dim,255,middle,1.0,5,5,consensus_pac_stability,7,0.9269664220591506,False,False,0.7464889836420733
embed_dim,255,middle,1.0,5,5,silhouette,3,0.10998756137755182,False,False,0.7156269158899977
embed_dim,255,middle,1.0,5,5,silhouette,4,0.14566740402191053,False,False,0.928569003754231
embed_dim,255,middle,1.0,5,5,silhouette,5,0.16316950056553628,False,True,1.0
embed_dim,255,middle,1.0,5,5,silhouette,6,0.21072327410552544,False,False,0.8353413277505664
embed_dim,255,middle,1.0,5,5,silhouette,7,0.23371996000415504,True,False,0.6274245319530305
embed_dim,255,middle,1.0,5,5,gap,3,-0.03869420153860226,False,False,0.7156269158899977
embed_dim,255,middle,1.0,5,5,gap,4,0.030451670499601846,False,False,0.928569003754231
embed_dim,255,middle,1.0,5,5,gap,5,0.06207941597395994,False,True,1.0
embed_dim,255,middle,1.0,5,5,gap,6,0.17198446736130002,False,False,0.8353413277505664
embed_dim,255,middle,1.0,5,5,gap,7,0.24456241662340616,True,False,0.6274245319530305
embed_dim,255,middle,1.0,5,5,davies_bouldin,3,0.22028312302522957,False,False,0.7156269158899977
embed_dim,255,middle,1.0,5,5,davies_bouldin,4,0.24928720845513766,False,False,0.928569003754231
embed_dim,255,middle,1.0,5,5,davies_bouldin,5,0.2771540751634075,False,True,1.0
embed_dim,255,middle,1.0,5,5,davies_bouldin,6,0.29953728845636235,False,False,0.8353413277505664
embed_dim,255,middle,1.0,5,5,davies_bouldin,7,0.31307630149156274,True,False,0.6274245319530305
embed_dim,255,middle,1.0,5,5,calinski_harabasz,3,87.96038947100517,False,False,0.7156269158899977
embed_dim,255,middle,1.0,5,5,calinski_harabasz,4,100.35526683112543,False,False,0.928569003754231
embed_dim,255,middle,1.0,5,5,calinski_harabasz,5,90.85166982355425,False,True,1.0
embed_dim,255,middle,1.0,5,5,calinski_harabasz,6,116.79188765793546,False,False,0.8353413277505664
embed_dim,255,middle,1.0,5,5,calinski_harabasz,7,124.12525980832882,True,False,0.6274245319530305
embed_dim,255,middle,1.0,6,5,accuracy_generalizability,3,0.778231711101489,False,False,0.6273653505880106
embed_dim,255,middle,1.0,6,5,accuracy_generalizability,4,0.7886878459804199,False,False,0.82008702980302
embed_dim,255,middle,1.0,6,5,accuracy_generalizability,5,0.8686093435845129,False,True,1.0
embed_dim,255,middle,1.0,6,5,accuracy_generalizability,6,0.9412595745994389,True,False,0.8319094742495572
embed_dim,255,middle,1.0,6,5,accuracy_generalizability,7,0.8352536896570021,False,False,0.7757089269165203
embed_dim,255,middle,1.0,6,5,ari_generalizability,3,0.6529632948713386,False,False,0.6273653505880106
embed_dim,255,middle,1.0,6,5,ari_generalizability,4,0.7042370251137662,False,False,0.82008702980302
embed_dim,255,middle,1.0,6,5,ari_generalizability,5,0.8592186460400747,False,True,1.0
embed_dim,255,middle,1.0,6,5,ari_generalizability,6,0.9001543690724383,True,False,0.8319094742495572
embed_dim,255,middle,1.0,6,5,ari_generalizability,7,0.8169611601165839,False,False,0.7757089269165203
embed_dim,255,middle,1.0,6,5,ari_generalizability_1se,3,0.6529632948713386,False,False,0.6273653505880106
embed_dim,255,middle,1.0,6,5,ari_generalizability_1se,4,0.7042370251137662,False,False,0.82008702980302
embed_dim,255,middle,1.0,6,5,ari_generalizability_1se,5,0.8592186460400747,False,True,1.0
embed_dim,255,middle,1.0,6,5,ari_generalizability_1se,6,0.9001543690724383,True,False,0.8319094742495572
embed_dim,255,middle,1.0,6,5,ari_generalizability_1se,7,0.8169611601165839,False,False,0.7757089269165203
embed_dim,255,middle,1.0,6,5,ari_generalizability_quant,3,0.6529632948713386,False,False,0.6273653505880106
embed_dim,255,middle,1.0,6,5,ari_generalizability_quant,4,0.7042370251137662,False,False,0.82008702980302
embed_dim,255,middle,1.0,6,5,ari_generalizability_quant,5,0.8592186460400747,False,True,1.0
embed_dim,255,middle,1.0,6,5,ari_generalizability_quant,6,0.9001543690724383,False,False,0.8319094742495572
embed_dim,255,middle,1.0,6,5,ari_generalizability_quant,7,0.8169611601165839,True,False,0.7757089269165203
embed_dim,255,middle,1.0,6,5,ari_stability,3,0.7090377902167906,False,False,0.6273653505880106
embed_dim,255,middle,1.0,6,5,ari_stability,4,0.82462281849134,False,False,0.82008702980302
embed_dim,255,middle,1.0,6,5,ari_stability,5,0.9999617785617161,True,True,1.0
embed_dim,255,middle,1.0,6,5,ari_stability,6,0.9431502358380972,False,False,0.8320264416826525
embed_dim,255,middle,1.0,6,5,ari_stability,7,0.8621441384833369,False,False,0.7636792334929812
embed_dim,255,middle,1.0,6,5,ari_stability_1se,3,0.7090377902167906,False,False,0.6273653505880106
embed_dim,255,middle,1.0,6,5,ari_stability_1se,4,0.82462281849134,False,False,0.82008702980302
embed_dim,255,middle,1.0,6,5,ari_stability_1se,5,0.9999617785617161,True,True,1.0
embed_dim,255,middle,1.0,6,5,ari_stability_1se,6,0.9431502358380972,False,False,0.8320264416826525
embed_dim,255,middle,1.0,6,5,ari_stability_1se,7,0.8621441384833369,False,False,0.7636792334929812
embed_dim,255,middle,1.0,6,5,ari_stability_quant,3,0.7090377902167906,False,False,0.6273653505880106
embed_dim,255,middle,1.0,6,5,ari_stability_quant,4,0.82462281849134,False,False,0.82008702980302
embed_dim,255,middle,1.0,6,5,ari_stability_quant,5,0.9999617785617161,True,True,1.0
embed_dim,255,middle,1.0,6,5,ari_stability_quant,6,0.9431502358380972,False,False,0.8320264416826525
embed_dim,255,middle,1.0,6,5,ari_stability_quant,7,0.8621441384833369,False,False,0.7636792334929812
embed_dim,255,middle,1.0,6,5,consensus_ce_stability,3,0.698830915513017,False,False,0.6273653505880106
embed_dim,255,middle,1.0,6,5,consensus_ce_stability,4,0.8315812114593314,False,False,0.82008702980302
embed_dim,255,middle,1.0,6,5,consensus_ce_stability,5,0.999947817098208,True,True,1.0
embed_dim,255,middle,1.0,6,5,consensus_ce_stability,6,0.9592945958447936,False,False,0.8320264416826525
embed_dim,255,middle,1.0,6,5,consensus_ce_stability,7,0.9194978440535085,False,False,0.7636792334929812
embed_dim,255,middle,1.0,6,5,consensus_gini_stability,3,0.7151256036910039,False,False,0.6273653505880106
embed_dim,255,middle,1.0,6,5,consensus_gini_stability,4,0.8579321036402617,False,False,0.82008702980302
embed_dim,255,middle,1.0,6,5,consensus_gini_stability,5,0.9999696050629143,True,True,1.0
embed_dim,255,middle,1.0,6,5,consensus_gini_stability,6,0.9639893717463772,False,False,0.8320264416826525
embed_dim,255,middle,1.0,6,5,consensus_gini_stability,7,0.9288138177573118,False,False,0.7636792334929812
embed_dim,255,middle,1.0,6,5,consensus_pac_stability,3,0.6622494996664443,False,False,0.6273653505880106
embed_dim,255,middle,1.0,6,5,consensus_pac_stability,4,0.7298679119412942,False,False,0.82008702980302
embed_dim,255,middle,1.0,6,5,consensus_pac_stability,5,1.0,True,True,1.0
embed_dim,255,middle,1.0,6,5,consensus_pac_stability,6,0.9538670224594173,False,False,0.8320264416826525
embed_dim,255,middle,1.0,6,5,consensus_pac_stability,7,0.8968894818768067,False,False,0.7636792334929812
embed_dim,255,middle,1.0,6,5,silhouette,3,0.10669751865362283,False,False,0.5610607881553132
embed_dim,255,middle,1.0,6,5,silhouette,4,0.13449863065340376,False,False,0.8802695905919231
embed_dim,255,middle,1.0,6,5,silhouette,5,0.16092639032707215,False,True,1.0
embed_dim,255,middle,1.0,6,5,silhouette,6,0.20309068880921144,False,False,0.7802672879296552
embed_dim,255,middle,1.0,6,5,silhouette,7,0.22735302983592465,True,False,0.717368748753893
embed_dim,255,middle,1.0,6,5,gap,3,-0.04277621605120885,False,False,0.5610607881553132
embed_dim,255,middle,1.0,6,5,gap,4,0.007391634234561906,False,False,0.8802695905919231
embed_dim,255,middle,1.0,6,5,gap,5,0.06211120859926744,False,True,1.0
embed_dim,255,middle,1.0,6,5,gap,6,0.1647558745486588,False,False,0.7802672879296552
embed_dim,255,middle,1.0,6,5,gap,7,0.21611542113425308,True,False,0.717368748753893
embed_dim,255,middle,1.0,6,5,davies_bouldin,3,0.23929383434757784,False,False,0.5610607881553132
embed_dim,255,middle,1.0,6,5,davies_bouldin,4,0.24940869321903206,False,False,0.8802695905919231
embed_dim,255,middle,1.0,6,5,davies_bouldin,5,0.2755608490707636,False,True,1.0
embed_dim,255,middle,1.0,6,5,davies_bouldin,6,0.29858168324484136,False,False,0.7802672879296552
embed_dim,255,middle,1.0,6,5,davies_bouldin,7,0.32021417870980046,True,False,0.717368748753893
embed_dim,255,middle,1.0,6,5,calinski_harabasz,3,92.32784561253686,False,False,0.5610607881553132
embed_dim,255,middle,1.0,6,5,calinski_harabasz,4,92.18484853936503,False,False,0.8802695905919231
embed_dim,255,middle,1.0,6,5,calinski_harabasz,5,95.29792800489352,False,True,1.0
embed_dim,255,middle,1.0,6,5,calinski_harabasz,6,117.74317378792492,True,False,0.7802672879296552
embed_dim,255,middle,1.0,6,5,calinski_harabasz,7,117.16761429214063,False,False,0.717368748753893
embed_dim,255,middle,1.0,7,5,accuracy_generalizability,3,0.8531760437643003,True,False,0.6853303248830928
embed_dim,255,middle,1.0,7,5,accuracy_generalizability,4,0.7282302452923941,False,False,0.9009113406504667
embed_dim,255,middle,1.0,7,5,accuracy_generalizability,5,0.7216663180550658,False,True,1.0
embed_dim,255,middle,1.0,7,5,accuracy_generalizability,6,0.8044536606858391,False,False,0.8068000078485822
embed_dim,255,middle,1.0,7,5,accuracy_generalizability,7,0.7654673140036684,False,False,0.7807235648621516
embed_dim,255,middle,1.0,7,5,ari_generalizability,3,0.7890888293568562,True,False,0.6853303248830928
embed_dim,255,middle,1.0,7,5,ari_generalizability,4,0.6609016938451284,False,False,0.9009113406504667
embed_dim,255,middle,1.0,7,5,ari_generalizability,5,0.6861345382230823,False,True,1.0
embed_dim,255,middle,1.0,7,5,ari_generalizability,6,0.7512757708910105,False,False,0.8068000078485822
embed_dim,255,middle,1.0,7,5,ari_generalizability,7,0.7161611609057661,False,False,0.7807235648621516
embed_dim,255,middle,1.0,7,5,ari_generalizability_1se,3,0.7890888293568562,True,False,0.6853303248830928
embed_dim,255,middle,1.0,7,5,ari_generalizability_1se,4,0.6609016938451284,False,False,0.9009113406504667
embed_dim,255,middle,1.0,7,5,ari_generalizability_1se,5,0.6861345382230823,False,True,1.0
embed_dim,255,middle,1.0,7,5,ari_generalizability_1se,6,0.7512757708910105,False,False,0.8068000078485822
embed_dim,255,middle,1.0,7,5,ari_generalizability_1se,7,0.7161611609057661,False,False,0.7807235648621516
embed_dim,255,middle,1.0,7,5,ari_generalizability_quant,3,0.7890888293568562,False,False,0.6853303248830928
embed_dim,255,middle,1.0,7,5,ari_generalizability_quant,4,0.6609016938451284,False,False,0.9009113406504667
embed_dim,255,middle,1.0,7,5,ari_generalizability_quant,5,0.6861345382230823,False,True,1.0
embed_dim,255,middle,1.0,7,5,ari_generalizability_quant,6,0.7512757708910105,False,False,0.8068000078485822
embed_dim,255,middle,1.0,7,5,ari_generalizability_quant,7,0.7161611609057661,True,False,0.7807235648621516
embed_dim,255,middle,1.0,7,5,ari_stability,3,0.9734071913529719,False,False,0.6853303248830928
embed_dim,255,middle,1.0,7,5,ari_stability,4,0.9030634472356676,False,False,0.9009113406504667
embed_dim,255,middle,1.0,7,5,ari_stability,5,0.9941689911068707,True,True,1.0
embed_dim,255,middle,1.0,7,5,ari_stability,6,0.9050829352468702,False,False,0.806875437155731
embed_dim,255,middle,1.0,7,5,ari_stability,7,0.8668398883526452,False,False,0.7800675022123436
embed_dim,255,middle,1.0,7,5,ari_stability_1se,3,0.9734071913529719,False,False,0.6853303248830928
embed_dim,255,middle,1.0,7,5,ari_stability_1se,4,0.9030634472356676,False,False,0.9009113406504667
embed_dim,255,middle,1.0,7,5,ari_stability_1se,5,0.9941689911068707,True,True,1.0
embed_dim,255,middle,1.0,7,5,ari_stability_1se,6,0.9050829352468702,False,False,0.806875437155731
embed_dim,255,middle,1.0,7,5,ari_stability_1se,7,0.8668398883526452,False,False,0.7800675022123436
embed_dim,255,middle,1.0,7,5,ari_stability_quant,3,0.9734071913529719,False,False,0.6853303248830928
embed_dim,255,middle,1.0,7,5,ari_stability_quant,4,0.9030634472356676,False,False,0.9009113406504667
embed_dim,255,middle,1.0,7,5,ari_stability_quant,5,0.9941689911068707,True,True,1.0
embed_dim,255,middle,1.0,7,5,ari_stability_quant,6,0.9050829352468702,False,False,0.806875437155731
embed_dim,255,middle,1.0,7,5,ari_stability_quant,7,0.8668398883526452,False,False,0.7800675022123436
embed_dim,255,middle,1.0,7,5,consensus_ce_stability,3,0.9864745641301363,False,False,0.6853303248830928
embed_dim,255,middle,1.0,7,5,consensus_ce_stability,4,0.9287245946105696,False,False,0.9009113406504667
embed_dim,255,middle,1.0,7,5,consensus_ce_stability,5,0.9958889388703551,True,True,1.0
embed_dim,255,middle,1.0,7,5,consensus_ce_stability,6,0.9280803627347811,False,False,0.806875437155731
embed_dim,255,middle,1.0,7,5,consensus_ce_stability,7,0.9241120369581209,False,False,0.7800675022123436
embed_dim,255,middle,1.0,7,5,consensus_gini_stability,3,0.9921035776622141,False,False,0.6853303248830928
embed_dim,255,middle,1.0,7,5,consensus_gini_stability,4,0.9293818264004656,False,False,0.9009113406504667
embed_dim,255,middle,1.0,7,5,consensus_gini_stability,5,0.9975969267264924,True,True,1.0
embed_dim,255,middle,1.0,7,5,consensus_gini_stability,6,0.9378660941918116,False,False,0.806875437155731
embed_dim,255,middle,1.0,7,5,consensus_gini_stability,7,0.9332096104757708,False,False,0.7800675022123436
embed_dim,255,middle,1.0,7,5,consensus_pac_stability,3,0.9999928841449855,False,False,0.6853303248830928
embed_dim,255,middle,1.0,7,5,consensus_pac_stability,4,0.9269290638203247,False,False,0.9009113406504667
embed_dim,255,middle,1.0,7,5,consensus_pac_stability,5,1.0,True,True,1.0
embed_dim,255,middle,1.0,7,5,consensus_pac_stability,6,0.9017513898154326,False,False,0.806875437155731
embed_dim,255,middle,1.0,7,5,consensus_pac_stability,7,0.8945412497220369,False,False,0.7800675022123436
embed_dim,255,middle,1.0,7,5,silhouette,3,0.10123155016630911,False,False,0.6853303248830928
embed_dim,255,middle,1.0,7,5,silhouette,4,0.13172522603524153,False,False,0.9057557970820728
embed_dim,255,middle,1.0,7,5,silhouette,5,0.15111663817731674,False,True,1.0
embed_dim,255,middle,1.0,7,5,silhouette,6,0.17872020260241886,False,False,0.9582259442883595
embed_dim,255,middle,1.0,7,5,silhouette,7,0.2237915856153129,True,False,0.7450930661052092
embed_dim,255,middle,1.0,7,5,gap,3,-0.041932647013013025,False,False,0.6853303248830928
embed_dim,255,middle,1.0,7,5,gap,4,0.005121948322287295,False,False,0.9057557970820728
embed_dim,255,middle,1.0,7,5,gap,5,0.04215789588872809,False,True,1.0
embed_dim,255,middle,1.0,7,5,gap,6,0.10162651029559555,False,False,0.9582259442883595
embed_dim,255,middle,1.0,7,5,gap,7,0.22420267435115981,True,False,0.7450930661052092
embed_dim,255,middle,1.0,7,5,davies_bouldin,3,0.22415118127170722,False,False,0.6853303248830928
embed_dim,255,middle,1.0,7,5,davies_bouldin,4,0.24233975029304816,False,False,0.9057557970820728
embed_dim,255,middle,1.0,7,5,davies_bouldin,5,0.2714448479592311,False,True,1.0
embed_dim,255,middle,1.0,7,5,davies_bouldin,6,0.292061225737967,False,False,0.9582259442883595
embed_dim,255,middle,1.0,7,5,davies_bouldin,7,0.3086184132161318,True,False,0.7450930661052092
embed_dim,255,middle,1.0,7,5,calinski_harabasz,3,85.54615410639451,False,False,0.6853303248830928
embed_dim,255,middle,1.0,7,5,calinski_harabasz,4,85.59196003722639,False,False,0.9057557970820728
embed_dim,255,middle,1.0,7,5,calinski_harabasz,5,81.90266025940645,False,True,1.0
embed_dim,255,middle,1.0,7,5,calinski_harabasz,6,88.75961652183629,False,False,0.9582259442883595
embed_dim,255,middle,1.0,7,5,calinski_harabasz,7,116.80712253451982,True,False,0.7450930661052092
embed_dim,255,middle,1.0,8,5,accuracy_generalizability,3,0.6711327240532292,False,False,0.7801921748115652
embed_dim,255,middle,1.0,8,5,accuracy_generalizability,4,0.6371102399932169,False,False,0.9322850293486766
embed_dim,255,middle,1.0,8,5,accuracy_generalizability,5,0.5745479610719176,False,True,1.0
embed_dim,255,middle,1.0,8,5,accuracy_generalizability,6,0.6107317377905292,False,False,0.7429640852144083
embed_dim,255,middle,1.0,8,5,accuracy_generalizability,7,0.6949408041759276,True,False,0.6876137627171919
embed_dim,255,middle,1.0,8,5,ari_generalizability,3,0.5659294802121876,False,False,0.7801921748115652
embed_dim,255,middle,1.0,8,5,ari_generalizability,4,0.5553080291025897,False,False,0.9322850293486766
embed_dim,255,middle,1.0,8,5,ari_generalizability,5,0.48414397376558393,False,True,1.0
embed_dim,255,middle,1.0,8,5,ari_generalizability,6,0.5548287418999586,False,False,0.7429640852144083
embed_dim,255,middle,1.0,8,5,ari_generalizability,7,0.6327766775660871,True,False,0.6876137627171919
embed_dim,255,middle,1.0,8,5,ari_generalizability_1se,3,0.5659294802121876,False,False,0.7801921748115652
embed_dim,255,middle,1.0,8,5,ari_generalizability_1se,4,0.5553080291025897,False,False,0.9322850293486766
embed_dim,255,middle,1.0,8,5,ari_generalizability_1se,5,0.48414397376558393,False,True,1.0
embed_dim,255,middle,1.0,8,5,ari_generalizability_1se,6,0.5548287418999586,False,False,0.7429640852144083
embed_dim,255,middle,1.0,8,5,ari_generalizability_1se,7,0.6327766775660871,True,False,0.6876137627171919
embed_dim,255,middle,1.0,8,5,ari_generalizability_quant,3,0.5659294802121876,False,False,0.7801921748115652
embed_dim,255,middle,1.0,8,5,ari_generalizability_quant,4,0.5553080291025897,False,False,0.9322850293486766
embed_dim,255,middle,1.0,8,5,ari_generalizability_quant,5,0.48414397376558393,False,True,1.0
embed_dim,255,middle,1.0,8,5,ari_generalizability_quant,6,0.5548287418999586,False,False,0.7429640852144083
embed_dim,255,middle,1.0,8,5,ari_generalizability_quant,7,0.6327766775660871,True,False,0.6876137627171919
embed_dim,255,middle,1.0,8,5,ari_stability,3,0.8508051323703101,False,False,0.7801921748115652
embed_dim,255,middle,1.0,8,5,ari_stability,4,0.926336341940996,True,False,0.9322850293486766
embed_dim,255,middle,1.0,8,5,ari_stability,5,0.9094977260120065,False,True,1.0
embed_dim,255,middle,1.0,8,5,ari_stability,6,0.9195473390725809,False,False,0.7427262026128646
embed_dim,255,middle,1.0,8,5,ari_stability,7,0.8212931945757914,False,False,0.6878537129358178
embed_dim,255,middle,1.0,8,5,ari_stability_1se,3,0.8508051323703101,False,False,0.7801921748115652
embed_dim,255,middle,1.0,8,5,ari_stability_1se,4,0.926336341940996,False,False,0.9322850293486766
embed_dim,255,middle,1.0,8,5,ari_stability_1se,5,0.9094977260120065,False,True,1.0
embed_dim,255,middle,1.0,8,5,ari_stability_1se,6,0.9195473390725809,True,False,0.7427262026128646
embed_dim,255,middle,1.0,8,5,ari_stability_1se,7,0.8212931945757914,False,False,0.6878537129358178
embed_dim,255,middle,1.0,8,5,ari_stability_quant,3,0.8508051323703101,False,False,0.7801921748115652
embed_dim,255,middle,1.0,8,5,ari_stability_quant,4,0.926336341940996,False,False,0.9322850293486766
embed_dim,255,middle,1.0,8,5,ari_stability_quant,5,0.9094977260120065,False,True,1.0
embed_dim,255,middle,1.0,8,5,ari_stability_quant,6,0.9195473390725809,True,False,0.7427262026128646
embed_dim,255,middle,1.0,8,5,ari_stability_quant,7,0.8212931945757914,False,False,0.6878537129358178
embed_dim,255,middle,1.0,8,5,consensus_ce_stability,3,0.8581188864433518,False,False,0.7801921748115652
embed_dim,255,middle,1.0,8,5,consensus_ce_stability,4,0.9394105011212595,False,False,0.9322850293486766
embed_dim,255,middle,1.0,8,5,consensus_ce_stability,5,0.9195828456655448,False,True,1.0
embed_dim,255,middle,1.0,8,5,consensus_ce_stability,6,0.9485626444839581,True,False,0.7427262026128646
embed_dim,255,middle,1.0,8,5,consensus_ce_stability,7,0.9028216629339503,False,False,0.6878537129358178
embed_dim,255,middle,1.0,8,5,consensus_gini_stability,3,0.8705631319084005,False,False,0.7801921748115652
embed_dim,255,middle,1.0,8,5,consensus_gini_stability,4,0.9446245676063753,False,False,0.9322850293486766
embed_dim,255,middle,1.0,8,5,consensus_gini_stability,5,0.9359076512260354,False,True,1.0
embed_dim,255,middle,1.0,8,5,consensus_gini_stability,6,0.958046713704568,True,False,0.7427262026128646
embed_dim,255,middle,1.0,8,5,consensus_gini_stability,7,0.9102684232828218,False,False,0.6878537129358178
embed_dim,255,middle,1.0,8,5,consensus_pac_stability,3,0.8290406937958639,False,False,0.7801921748115652
embed_dim,255,middle,1.0,8,5,consensus_pac_stability,4,0.9435614854347343,True,False,0.9322850293486766
embed_dim,255,middle,1.0,8,5,consensus_pac_stability,5,0.858844563042028,False,True,1.0
embed_dim,255,middle,1.0,8,5,consensus_pac_stability,6,0.9376473204358461,False,False,0.7427262026128646
embed_dim,255,middle,1.0,8,5,consensus_pac_stability,7,0.881877696241939,False,False,0.6878537129358178
embed_dim,255,middle,1.0,8,5,silhouette,3,0.1300717700725504,False,False,0.8119213414909068
embed_dim,255,middle,1.0,8,5,silhouette,4,0.15658640164707532,False,False,0.9322850293486766
embed_dim,255,middle,1.0,8,5,silhouette,5,0.1762053393463261,False,True,1.0
embed_dim,255,middle,1.0,8,5,silhouette,6,0.23726612965006524,False,False,0.7429640852144083
embed_dim,255,middle,1.0,8,5,silhouette,7,0.25377201454861004,True,False,0.5896014850438352
embed_dim,255,middle,1.0,8,5,gap,3,0.016754405201927725,False,False,0.8119213414909068
embed_dim,255,middle,1.0,8,5,gap,4,0.07042267979359451,False,False,0.9322850293486766
embed_dim,255,middle,1.0,8,5,gap,5,0.10512243816548938,False,True,1.0
embed_dim,255,middle,1.0,8,5,gap,6,0.2538639404178227,False,False,0.7429640852144083
embed_dim,255,middle,1.0,8,5,gap,7,0.358695156801625,True,False,0.5896014850438352
embed_dim,255,middle,1.0,8,5,davies_bouldin,3,0.22141446843777324,False,False,0.8119213414909068
embed_dim,255,middle,1.0,8,5,davies_bouldin,4,0.2557690803629238,False,False,0.9322850293486766
embed_dim,255,middle,1.0,8,5,davies_bouldin,5,0.2852786311082934,False,True,1.0
embed_dim,255,middle,1.0,8,5,davies_bouldin,6,0.30468145005896324,False,False,0.7429640852144083
embed_dim,255,middle,1.0,8,5,davies_bouldin,7,0.3180013273664901,True,False,0.5896014850438352
embed_dim,255,middle,1.0,8,5,calinski_harabasz,3,105.81633421669275,False,False,0.8119213414909068
embed_dim,255,middle,1.0,8,5,calinski_harabasz,4,103.77414256870377,False,False,0.9322850293486766
embed_dim,255,middle,1.0,8,5,calinski_harabasz,5,94.97642911979717,False,True,1.0
embed_dim,255,middle,1.0,8,5,calinski_harabasz,6,137.05680132313705,False,False,0.7429640852144083
embed_dim,255,middle,1.0,8,5,calinski_harabasz,7,155.14881242205615,True,False,0.5896014850438352
embed_dim,255,middle,1.0,9,5,accuracy_generalizability,3,0.6120773571719975,False,False,0.8245895090423387
embed_dim,255,middle,1.0,9,5,accuracy_generalizability,4,0.6387533869038179,True,False,0.9386124504913315
embed_dim,255,middle,1.0,9,5,accuracy_generalizability,5,0.6387412034118716,False,True,1.0
embed_dim,255,middle,1.0,9,5,accuracy_generalizability,6,0.57767574514326,False,False,0.7420636667594048
embed_dim,255,middle,1.0,9,5,accuracy_generalizability,7,0.6044516735706933,False,False,0.6691126674337277
embed_dim,255,middle,1.0,9,5,ari_generalizability,3,0.5088064525363357,False,False,0.8245895090423387
embed_dim,255,middle,1.0,9,5,ari_generalizability,4,0.5459666694824743,False,False,0.9386124504913315
embed_dim,255,middle,1.0,9,5,ari_generalizability,5,0.5548485209918669,True,True,1.0
embed_dim,255,middle,1.0,9,5,ari_generalizability,6,0.5187499256196798,False,False,0.7420636667594048
embed_dim,255,middle,1.0,9,5,ari_generalizability,7,0.5407063014280253,False,False,0.6691126674337277
embed_dim,255,middle,1.0,9,5,ari_generalizability_1se,3,0.5088064525363357,False,False,0.8245895090423387
embed_dim,255,middle,1.0,9,5,ari_generalizability_1se,4,0.5459666694824743,False,False,0.9386124504913315
embed_dim,255,middle,1.0,9,5,ari_generalizability_1se,5,0.5548485209918669,True,True,1.0
embed_dim,255,middle,1.0,9,5,ari_generalizability_1se,6,0.5187499256196798,False,False,0.7420636667594048
embed_dim,255,middle,1.0,9,5,ari_generalizability_1se,7,0.5407063014280253,False,False,0.6691126674337277
embed_dim,255,middle,1.0,9,5,ari_generalizability_quant,3,0.5088064525363357,False,False,0.8245895090423387
embed_dim,255,middle,1.0,9,5,ari_generalizability_quant,4,0.5459666694824743,False,False,0.9386124504913315
embed_dim,255,middle,1.0,9,5,ari_generalizability_quant,5,0.5548485209918669,False,True,1.0
embed_dim,255,middle,1.0,9,5,ari_generalizability_quant,6,0.5187499256196798,False,False,0.7420636667594048
embed_dim,255,middle,1.0,9,5,ari_generalizability_quant,7,0.5407063014280253,True,False,0.6691126674337277
embed_dim,255,middle,1.0,9,5,ari_stability,3,1.0,True,False,0.8245895090423387
embed_dim,255,middle,1.0,9,5,ari_stability,4,0.8890155538146967,False,False,0.9386124504913315
embed_dim,255,middle,1.0,9,5,ari_stability,5,0.8069715964066421,False,True,1.0
embed_dim,255,middle,1.0,9,5,ari_stability,6,0.8893571294572561,False,False,0.7423435622716222
embed_dim,255,middle,1.0,9,5,ari_stability,7,0.8045268036513186,False,False,0.6688104502651135
embed_dim,255,middle,1.0,9,5,ari_stability_1se,3,1.0,True,False,0.8245895090423387
embed_dim,255,middle,1.0,9,5,ari_stability_1se,4,0.8890155538146967,False,False,0.9386124504913315
embed_dim,255,middle,1.0,9,5,ari_stability_1se,5,0.8069715964066421,False,True,1.0
embed_dim,255,middle,1.0,9,5,ari_stability_1se,6,0.8893571294572561,False,False,0.7423435622716222
embed_dim,255,middle,1.0,9,5,ari_stability_1se,7,0.8045268036513186,False,False,0.6688104502651135
embed_dim,255,middle,1.0,9,5,ari_stability_quant,3,1.0,True,False,0.8245895090423387
embed_dim,255,middle,1.0,9,5,ari_stability_quant,4,0.8890155538146967,False,False,0.9386124504913315
embed_dim,255,middle,1.0,9,5,ari_stability_quant,5,0.8069715964066421,False,True,1.0
embed_dim,255,middle,1.0,9,5,ari_stability_quant,6,0.8893571294572561,False,False,0.7423435622716222
embed_dim,255,middle,1.0,9,5,ari_stability_quant,7,0.8045268036513186,False,False,0.6688104502651135
embed_dim,255,middle,1.0,9,5,consensus_ce_stability,3,0.9999999999586944,True,False,0.8245895090423387
embed_dim,255,middle,1.0,9,5,consensus_ce_stability,4,0.8911540907880444,False,False,0.9386124504913315
embed_dim,255,middle,1.0,9,5,consensus_ce_stability,5,0.8511050479958622,False,True,1.0
embed_dim,255,middle,1.0,9,5,consensus_ce_stability,6,0.9031604954698988,False,False,0.7423435622716222
embed_dim,255,middle,1.0,9,5,consensus_ce_stability,7,0.8902687925618034,False,False,0.6688104502651135
embed_dim,255,middle,1.0,9,5,consensus_gini_stability,3,1.0,True,False,0.8245895090423387
embed_dim,255,middle,1.0,9,5,consensus_gini_stability,4,0.9080079291141682,False,False,0.9386124504913315
embed_dim,255,middle,1.0,9,5,consensus_gini_stability,5,0.8610323110766754,False,True,1.0
embed_dim,255,middle,1.0,9,5,consensus_gini_stability,6,0.9220574412474283,False,False,0.7423435622716222
embed_dim,255,middle,1.0,9,5,consensus_gini_stability,7,0.9024417977466054,False,False,0.6688104502651135
embed_dim,255,middle,1.0,9,5,consensus_pac_stability,3,1.0,True,False,0.8245895090423387
embed_dim,255,middle,1.0,9,5,consensus_pac_stability,4,0.8279332888592394,False,False,0.9386124504913315
embed_dim,255,middle,1.0,9,5,consensus_pac_stability,5,0.8242819657549477,False,True,1.0
embed_dim,255,middle,1.0,9,5,consensus_pac_stability,6,0.8549762063597954,False,False,0.7423435622716222
embed_dim,255,middle,1.0,9,5,consensus_pac_stability,7,0.8606048476762286,False,False,0.6688104502651135
embed_dim,255,middle,1.0,9,5,silhouette,3,0.13233744988703589,False,False,0.8245895090423387
embed_dim,255,middle,1.0,9,5,silhouette,4,0.15212384219014574,False,False,0.9399862122213153
embed_dim,255,middle,1.0,9,5,silhouette,5,0.1734170283044692,False,True,1.0
embed_dim,255,middle,1.0,9,5,silhouette,6,0.22178679619565328,False,False,0.7423435622716222
embed_dim,255,middle,1.0,9,5,silhouette,7,0.25813200606336895,True,False,0.5678693155068275
embed_dim,255,middle,1.0,9,5,gap,3,0.030888197319356436,False,False,0.8245895090423387
embed_dim,255,middle,1.0,9,5,gap,4,0.07000686347548601,False,False,0.9399862122213153
embed_dim,255,middle,1.0,9,5,gap,5,0.10863097431597168,False,True,1.0
embed_dim,255,middle,1.0,9,5,gap,6,0.2405118545934286,False,False,0.7423435622716222
embed_dim,255,middle,1.0,9,5,gap,7,0.3573703438620335,True,False,0.5678693155068275
embed_dim,255,middle,1.0,9,5,davies_bouldin,3,0.23634593621898095,False,False,0.8245895090423387
embed_dim,255,middle,1.0,9,5,davies_bouldin,4,0.25611377888056464,False,False,0.9399862122213153
embed_dim,255,middle,1.0,9,5,davies_bouldin,5,0.2861900626475763,False,True,1.0
embed_dim,255,middle,1.0,9,5,davies_bouldin,6,0.3036587512048662,False,False,0.7423435622716222
embed_dim,255,middle,1.0,9,5,davies_bouldin,7,0.31791545082434036,True,False,0.5678693155068275
embed_dim,255,middle,1.0,9,5,calinski_harabasz,3,111.82355933475385,False,False,0.8245895090423387
embed_dim,255,middle,1.0,9,5,calinski_harabasz,4,99.30473785487669,False,False,0.9399862122213153
embed_dim,255,middle,1.0,9,5,calinski_harabasz,5,93.33604003627069,False,True,1.0
embed_dim,255,middle,1.0,9,5,calinski_harabasz,6,128.29114114184023,False,False,0.7423435622716222
embed_dim,255,middle,1.0,9,5,calinski_harabasz,7,151.73692423297192,True,False,0.5678693155068275
embed_dim,255,middle,0.6872552298496988,10,5,accuracy_generalizability,3,0.8716666242524725,True,False,0.8553740970395144
embed_dim,255,middle,0.6872552298496988,10,5,accuracy_generalizability,4,0.7364651729491293,False,False,0.9529529279240577
embed_dim,255,middle,0.6872552298496988,10,5,accuracy_generalizability,5,0.6399511095908493,False,True,1.0
embed_dim,255,middle,0.6872552298496988,10,5,accuracy_generalizability,6,0.6013617623217948,False,False,0.7385531926664863
embed_dim,255,middle,0.6872552298496988,10,5,accuracy_generalizability,7,0.6443390055541132,False,False,0.6729091603253227
embed_dim,255,middle,0.6872552298496988,10,5,ari_generalizability,3,0.8278558588486898,True,False,0.8553740970395144
embed_dim,255,middle,0.6872552298496988,10,5,ari_generalizability,4,0.6571244512292748,False,False,0.9529529279240577
embed_dim,255,middle,0.6872552298496988,10,5,ari_generalizability,5,0.5993739598866291,False,True,1.0
embed_dim,255,middle,0.6872552298496988,10,5,ari_generalizability,6,0.5653883219363304,False,False,0.7385531926664863
embed_dim,255,middle,0.6872552298496988,10,5,ari_generalizability,7,0.5790406677614106,False,False,0.6729091603253227
embed_dim,255,middle,0.6872552298496988,10,5,ari_generalizability_1se,3,0.8278558588486898,True,False,0.8553740970395144
embed_dim,255,middle,0.6872552298496988,10,5,ari_generalizability_1se,4,0.6571244512292748,False,False,0.9529529279240577
embed_dim,255,middle,0.6872552298496988,10,5,ari_generalizability_1se,5,0.5993739598866291,False,True,1.0
embed_dim,255,middle,0.6872552298496988,10,5,ari_generalizability_1se,6,0.5653883219363304,False,False,0.7385531926664863
embed_dim,255,middle,0.6872552298496988,10,5,ari_generalizability_1se,7,0.5790406677614106,False,False,0.6729091603253227
embed_dim,255,middle,0.6872552298496988,10,5,ari_generalizability_quant,3,0.8278558588486898,False,False,0.8553740970395144
embed_dim,255,middle,0.6872552298496988,10,5,ari_generalizability_quant,4,0.6571244512292748,False,False,0.9529529279240577
embed_dim,255,middle,0.6872552298496988,10,5,ari_generalizability_quant,5,0.5993739598866291,False,True,1.0
embed_dim,255,middle,0.6872552298496988,10,5,ari_generalizability_quant,6,0.5653883219363304,False,False,0.7385531926664863
embed_dim,255,middle,0.6872552298496988,10,5,ari_generalizability_quant,7,0.5790406677614106,True,False,0.6729091603253227
embed_dim,255,middle,0.6872552298496988,10,5,ari_stability,3,1.0,True,False,0.8553740970395144
embed_dim,255,middle,0.6872552298496988,10,5,ari_stability,4,0.98026106904466,False,False,0.9529529279240577
embed_dim,255,middle,0.6872552298496988,10,5,ari_stability,5,0.8729709717345082,False,True,1.0
embed_dim,255,middle,0.6872552298496988,10,5,ari_stability,6,0.9422915498216732,False,False,0.7391816869957482
embed_dim,255,middle,0.6872552298496988,10,5,ari_stability,7,0.894110144517869,False,False,0.6735673426938431
embed_dim,255,middle,0.6872552298496988,10,5,ari_stability_1se,3,1.0,True,False,0.8553740970395144
embed_dim,255,middle,0.6872552298496988,10,5,ari_stability_1se,4,0.98026106904466,False,False,0.9529529279240577
embed_dim,255,middle,0.6872552298496988,10,5,ari_stability_1se,5,0.8729709717345082,False,True,1.0
embed_dim,255,middle,0.6872552298496988,10,5,ari_stability_1se,6,0.9422915498216732,False,False,0.7391816869957482
embed_dim,255,middle,0.6872552298496988,10,5,ari_stability_1se,7,0.894110144517869,False,False,0.6735673426938431
embed_dim,255,middle,0.6872552298496988,10,5,ari_stability_quant,3,1.0,True,False,0.8553740970395144
embed_dim,255,middle,0.6872552298496988,10,5,ari_stability_quant,4,0.98026106904466,False,False,0.9529529279240577
embed_dim,255,middle,0.6872552298496988,10,5,ari_stability_quant,5,0.8729709717345082,False,True,1.0
embed_dim,255,middle,0.6872552298496988,10,5,ari_stability_quant,6,0.9422915498216732,False,False,0.7391816869957482
embed_dim,255,middle,0.6872552298496988,10,5,ari_stability_quant,7,0.894110144517869,False,False,0.6735673426938431
embed_dim,255,middle,0.6872552298496988,10,5,consensus_ce_stability,3,0.9999999999586944,True,False,0.8553740970395144
embed_dim,255,middle,0.6872552298496988,10,5,consensus_ce_stability,4,0.9673877083829696,False,False,0.9529529279240577
embed_dim,255,middle,0.6872552298496988,10,5,consensus_ce_stability,5,0.8769805679135305,False,True,1.0
embed_dim,255,middle,0.6872552298496988,10,5,consensus_ce_stability,6,0.9456285376558381,False,False,0.7391816869957482
embed_dim,255,middle,0.6872552298496988,10,5,consensus_ce_stability,7,0.9347304819067369,False,False,0.6735673426938431
embed_dim,255,middle,0.6872552298496988,10,5,consensus_gini_stability,3,1.0,True,False,0.8553740970395144
embed_dim,255,middle,0.6872552298496988,10,5,consensus_gini_stability,4,0.9777925084491453,False,False,0.9529529279240577
embed_dim,255,middle,0.6872552298496988,10,5,consensus_gini_stability,5,0.8815056722561279,False,True,1.0
embed_dim,255,middle,0.6872552298496988,10,5,consensus_gini_stability,6,0.9585363126751633,False,False,0.7391816869957482
embed_dim,255,middle,0.6872552298496988,10,5,consensus_gini_stability,7,0.9463300841559616,False,False,0.6735673426938431
embed_dim,255,middle,0.6872552298496988,10,5,consensus_pac_stability,3,1.0,True,False,0.8553740970395144
embed_dim,255,middle,0.6872552298496988,10,5,consensus_pac_stability,4,0.9542183678007561,False,False,0.9529529279240577
embed_dim,255,middle,0.6872552298496988,10,5,consensus_pac_stability,5,0.8655414720925061,False,True,1.0
embed_dim,255,middle,0.6872552298496988,10,5,consensus_pac_stability,6,0.9155517011340893,False,False,0.7391816869957482
embed_dim,255,middle,0.6872552298496988,10,5,consensus_pac_stability,7,0.901648209917723,False,False,0.6735673426938431
embed_dim,255,middle,0.6872552298496988,10,5,silhouette,3,0.13736347765122575,False,False,0.8553740970395144
embed_dim,255,middle,0.6872552298496988,10,5,silhouette,4,0.15395877193453605,False,False,0.948706807602439
embed_dim,255,middle,0.6872552298496988,10,5,silhouette,5,0.21942833681271626,False,True,0.6872552298496988
embed_dim,255,middle,0.6872552298496988,10,5,silhouette,6,0.2354671573881463,False,False,0.7325350864672661
embed_dim,255,middle,0.6872552298496988,10,5,silhouette,7,0.2789623767556172,True,False,0.6117966849014794
embed_dim,255,middle,0.6872552298496988,10,5,gap,3,0.03185242532949317,False,False,0.8553740970395144
embed_dim,255,middle,0.6872552298496988,10,5,gap,4,0.06282482345789475,False,False,0.948706807602439
embed_dim,255,middle,0.6872552298496988,10,5,gap,5,0.20771964872255033,False,True,0.6872552298496988
embed_dim,255,middle,0.6872552298496988,10,5,gap,6,0.24037361711267557,False,False,0.7325350864672661
embed_dim,255,middle,0.6872552298496988,10,5,gap,7,0.38401596484585987,True,False,0.6117966849014794
embed_dim,255,middle,0.6872552298496988,10,5,davies_bouldin,3,0.24228629745811164,False,False,0.8553740970395144
embed_dim,255,middle,0.6872552298496988,10,5,davies_bouldin,4,0.2503007118755948,False,False,0.948706807602439
embed_dim,255,middle,0.6872552298496988,10,5,davies_bouldin,5,0.2845922893261787,False,True,0.6872552298496988
embed_dim,255,middle,0.6872552298496988,10,5,davies_bouldin,6,0.2997972448409648,False,False,0.7325350864672661
embed_dim,255,middle,0.6872552298496988,10,5,davies_bouldin,7,0.32139257796789866,True,False,0.6117966849014794
embed_dim,255,middle,0.6872552298496988,10,5,calinski_harabasz,3,112.42922263073507,False,False,0.8553740970395144
embed_dim,255,middle,0.6872552298496988,10,5,calinski_harabasz,4,94.77615410737869,False,False,0.948706807602439
embed_dim,255,middle,0.6872552298496988,10,5,calinski_harabasz,5,141.84305841760442,False,True,0.6872552298496988
embed_dim,255,middle,0.6872552298496988,10,5,calinski_harabasz,6,128.0856170970697,False,False,0.7325350864672661
embed_dim,255,middle,0.6872552298496988,10,5,calinski_harabasz,7,162.49766621730774,True,False,0.6117966849014794
embed_dim,255,middle,1.0,11,5,accuracy_generalizability,3,0.9828221032394331,True,False,0.7423124903542685
embed_dim,255,middle,1.0,11,5,accuracy_generalizability,4,0.7683290146830445,False,False,0.9251859593244807
embed_dim,255,middle,1.0,11,5,accuracy_generalizability,5,0.697790591593162,False,True,1.0
embed_dim,255,middle,1.0,11,5,accuracy_generalizability,6,0.7444257006517011,False,False,0.8374805566648929
embed_dim,255,middle,1.0,11,5,accuracy_generalizability,7,0.7525274068743038,False,False,0.749602268173755
embed_dim,255,middle,1.0,11,5,ari_generalizability,3,0.9745945466947411,True,False,0.7423124903542685
embed_dim,255,middle,1.0,11,5,ari_generalizability,4,0.7244290855099632,False,False,0.9251859593244807
embed_dim,255,middle,1.0,11,5,ari_generalizability,5,0.668217147281982,False,True,1.0
embed_dim,255,middle,1.0,11,5,ari_generalizability,6,0.6979685624959909,False,False,0.8374805566648929
embed_dim,255,middle,1.0,11,5,ari_generalizability,7,0.692921197139698,False,False,0.749602268173755
embed_dim,255,middle,1.0,11,5,ari_generalizability_1se,3,0.9745945466947411,True,False,0.7423124903542685
embed_dim,255,middle,1.0,11,5,ari_generalizability_1se,4,0.7244290855099632,False,False,0.9251859593244807
embed_dim,255,middle,1.0,11,5,ari_generalizability_1se,5,0.668217147281982,False,True,1.0
embed_dim,255,middle,1.0,11,5,ari_generalizability_1se,6,0.6979685624959909,False,False,0.8374805566648929
embed_dim,255,middle,1.0,11,5,ari_generalizability_1se,7,0.692921197139698,False,False,0.749602268173755
embed_dim,255,middle,1.0,11,5,ari_generalizability_quant,3,0.9745945466947411,True,False,0.7423124903542685
embed_dim,255,middle,1.0,11,5,ari_generalizability_quant,4,0.7244290855099632,False,False,0.9251859593244807
embed_dim,255,middle,1.0,11,5,ari_generalizability_quant,5,0.668217147281982,False,True,1.0
embed_dim,255,middle,1.0,11,5,ari_generalizability_quant,6,0.6979685624959909,False,False,0.8374805566648929
embed_dim,255,middle,1.0,11,5,ari_generalizability_quant,7,0.692921197139698,False,False,0.749602268173755
embed_dim,255,middle,1.0,11,5,ari_stability,3,1.0,True,False,0.7423124903542685
embed_dim,255,middle,1.0,11,5,ari_stability,4,0.9265062990623776,False,False,0.9251859593244807
embed_dim,255,middle,1.0,11,5,ari_stability,5,0.965396397384841,False,True,1.0
embed_dim,255,middle,1.0,11,5,ari_stability,6,0.9114277882905067,False,False,0.8369534791883655
embed_dim,255,middle,1.0,11,5,ari_stability,7,0.8928253487870053,False,False,0.7490296385425563
embed_dim,255,middle,1.0,11,5,ari_stability_1se,3,1.0,True,False,0.7423124903542685
embed_dim,255,middle,1.0,11,5,ari_stability_1se,4,0.9265062990623776,False,False,0.9251859593244807
embed_dim,255,middle,1.0,11,5,ari_stability_1se,5,0.965396397384841,False,True,1.0
embed_dim,255,middle,1.0,11,5,ari_stability_1se,6,0.9114277882905067,False,False,0.8369534791883655
embed_dim,255,middle,1.0,11,5,ari_stability_1se,7,0.8928253487870053,False,False,0.7490296385425563
embed_dim,255,middle,1.0,11,5,ari_stability_quant,3,1.0,True,False,0.7423124903542685
embed_dim,255,middle,1.0,11,5,ari_stability_quant,4,0.9265062990623776,False,False,0.9251859593244807
embed_dim,255,middle,1.0,11,5,ari_stability_quant,5,0.965396397384841,False,True,1.0
embed_dim,255,middle,1.0,11,5,ari_stability_quant,6,0.9114277882905067,False,False,0.8369534791883655
embed_dim,255,middle,1.0,11,5,ari_stability_quant,7,0.8928253487870053,False,False,0.7490296385425563
embed_dim,255,middle,1.0,11,5,consensus_ce_stability,3,0.9999999999586944,True,False,0.7423124903542685
embed_dim,255,middle,1.0,11,5,consensus_ce_stability,4,0.9413020634921874,False,False,0.9251859593244807
embed_dim,255,middle,1.0,11,5,consensus_ce_stability,5,0.9784771881095872,False,True,1.0
embed_dim,255,middle,1.0,11,5,consensus_ce_stability,6,0.9311899142593053,False,False,0.8369534791883655
embed_dim,255,middle,1.0,11,5,consensus_ce_stability,7,0.9315341430647639,False,False,0.7490296385425563
embed_dim,255,middle,1.0,11,5,consensus_gini_stability,3,1.0,True,False,0.7423124903542685
embed_dim,255,middle,1.0,11,5,consensus_gini_stability,4,0.9425338958544389,False,False,0.9251859593244807
embed_dim,255,middle,1.0,11,5,consensus_gini_stability,5,0.986092472300082,False,True,1.0
embed_dim,255,middle,1.0,11,5,consensus_gini_stability,6,0.9417130709957373,False,False,0.8369534791883655
embed_dim,255,middle,1.0,11,5,consensus_gini_stability,7,0.9432245269396479,False,False,0.7490296385425563
embed_dim,255,middle,1.0,11,5,consensus_pac_stability,3,1.0,True,False,0.7423124903542685
embed_dim,255,middle,1.0,11,5,consensus_pac_stability,4,0.9378065376917946,False,False,0.9251859593244807
embed_dim,255,middle,1.0,11,5,consensus_pac_stability,5,0.9735841672225929,False,True,1.0
embed_dim,255,middle,1.0,11,5,consensus_pac_stability,6,0.8961859017122527,False,False,0.8369534791883655
embed_dim,255,middle,1.0,11,5,consensus_pac_stability,7,0.9000373582388259,False,False,0.7490296385425563
embed_dim,255,middle,1.0,11,5,silhouette,3,0.11688000633102401,False,False,0.7423124903542685
embed_dim,255,middle,1.0,11,5,silhouette,4,0.14170479471116726,False,False,0.9251859593244807
embed_dim,255,middle,1.0,11,5,silhouette,5,0.16036316751440868,False,True,1.0
embed_dim,255,middle,1.0,11,5,silhouette,6,0.20736201907886798,False,False,0.7189854194654666
embed_dim,255,middle,1.0,11,5,silhouette,7,0.23064704212042497,True,False,0.6905888894784067
embed_dim,255,middle,1.0,11,5,gap,3,-0.020021233661127624,False,False,0.7423124903542685
embed_dim,255,middle,1.0,11,5,gap,4,0.022243587711193058,False,False,0.9251859593244807
embed_dim,255,middle,1.0,11,5,gap,5,0.058210883011797776,False,True,1.0
embed_dim,255,middle,1.0,11,5,gap,6,0.17995594853117325,False,False,0.7189854194654666
embed_dim,255,middle,1.0,11,5,gap,7,0.2367996962043879,True,False,0.6905888894784067
embed_dim,255,middle,1.0,11,5,davies_bouldin,3,0.22928268818260306,False,False,0.7423124903542685
embed_dim,255,middle,1.0,11,5,davies_bouldin,4,0.2468091613545213,False,False,0.9251859593244807
embed_dim,255,middle,1.0,11,5,davies_bouldin,5,0.2773346270600385,False,True,1.0
embed_dim,255,middle,1.0,11,5,davies_bouldin,6,0.2951030240292221,False,False,0.7189854194654666
embed_dim,255,middle,1.0,11,5,davies_bouldin,7,0.3122245348142177,True,False,0.6905888894784067
embed_dim,255,middle,1.0,11,5,calinski_harabasz,3,100.92636388815437,False,False,0.7423124903542685
embed_dim,255,middle,1.0,11,5,calinski_harabasz,4,93.49602969558836,False,False,0.9251859593244807
embed_dim,255,middle,1.0,11,5,calinski_harabasz,5,87.5737579829133,False,True,1.0
embed_dim,255,middle,1.0,11,5,calinski_harabasz,6,118.75722756193477,False,False,0.7189854194654666
embed_dim,255,middle,1.0,11,5,calinski_harabasz,7,120.04453274974802,True,False,0.6905888894784067
embed_dim,255,middle,1.0,12,5,accuracy_generalizability,3,0.9228185148683342,False,False,0.688657324897887
embed_dim,255,middle,1.0,12,5,accuracy_generalizability,4,0.9385376665233242,True,False,0.910259996514705
embed_dim,255,middle,1.0,12,5,accuracy_generalizability,5,0.7720296842564194,False,True,1.0
embed_dim,255,middle,1.0,12,5,accuracy_generalizability,6,0.8174889183928369,False,False,0.848130280439532
embed_dim,255,middle,1.0,12,5,accuracy_generalizability,7,0.7799290826774408,False,False,0.7880762055946112
embed_dim,255,middle,1.0,12,5,ari_generalizability,3,0.8594422472990031,False,False,0.688657324897887
embed_dim,255,middle,1.0,12,5,ari_generalizability,4,0.9269755219604849,True,False,0.910259996514705
embed_dim,255,middle,1.0,12,5,ari_generalizability,5,0.7700457677679771,False,True,1.0
embed_dim,255,middle,1.0,12,5,ari_generalizability,6,0.793551615129337,False,False,0.848130280439532
embed_dim,255,middle,1.0,12,5,ari_generalizability,7,0.7457086774639369,False,False,0.7880762055946112
embed_dim,255,middle,1.0,12,5,ari_generalizability_1se,3,0.8594422472990031,False,False,0.688657324897887
embed_dim,255,middle,1.0,12,5,ari_generalizability_1se,4,0.9269755219604849,True,False,0.910259996514705
embed_dim,255,middle,1.0,12,5,ari_generalizability_1se,5,0.7700457677679771,False,True,1.0
embed_dim,255,middle,1.0,12,5,ari_generalizability_1se,6,0.793551615129337,False,False,0.848130280439532
embed_dim,255,middle,1.0,12,5,ari_generalizability_1se,7,0.7457086774639369,False,False,0.7880762055946112
embed_dim,255,middle,1.0,12,5,ari_generalizability_quant,3,0.8594422472990031,False,False,0.688657324897887
embed_dim,255,middle,1.0,12,5,ari_generalizability_quant,4,0.9269755219604849,False,False,0.910259996514705
embed_dim,255,middle,1.0,12,5,ari_generalizability_quant,5,0.7700457677679771,False,True,1.0
embed_dim,255,middle,1.0,12,5,ari_generalizability_quant,6,0.793551615129337,False,False,0.848130280439532
embed_dim,255,middle,1.0,12,5,ari_generalizability_quant,7,0.7457086774639369,True,False,0.7880762055946112
embed_dim,255,middle,1.0,12,5,ari_stability,3,0.8760768869867686,False,False,0.688657324897887
embed_dim,255,middle,1.0,12,5,ari_stability,4,0.9947014031262301,False,False,0.910259996514705
embed_dim,255,middle,1.0,12,5,ari_stability,5,0.9976336736550935,True,True,1.0
embed_dim,255,middle,1.0,12,5,ari_stability,6,0.9499903536523813,False,False,0.847831181513053
embed_dim,255,middle,1.0,12,5,ari_stability,7,0.87566974147794,False,False,0.78836830241251
embed_dim,255,middle,1.0,12,5,ari_stability_1se,3,0.8760768869867686,False,False,0.688657324897887
embed_dim,255,middle,1.0,12,5,ari_stability_1se,4,0.9947014031262301,False,False,0.910259996514705
embed_dim,255,middle,1.0,12,5,ari_stability_1se,5,0.9976336736550935,True,True,1.0
embed_dim,255,middle,1.0,12,5,ari_stability_1se,6,0.9499903536523813,False,False,0.847831181513053
embed_dim,255,middle,1.0,12,5,ari_stability_1se,7,0.87566974147794,False,False,0.78836830241251
embed_dim,255,middle,1.0,12,5,ari_stability_quant,3,0.8760768869867686,False,False,0.688657324897887
embed_dim,255,middle,1.0,12,5,ari_stability_quant,4,0.9947014031262301,False,False,0.910259996514705
embed_dim,255,middle,1.0,12,5,ari_stability_quant,5,0.9976336736550935,True,True,1.0
embed_dim,255,middle,1.0,12,5,ari_stability_quant,6,0.9499903536523813,False,False,0.847831181513053
embed_dim,255,middle,1.0,12,5,ari_stability_quant,7,0.87566974147794,False,False,0.78836830241251
embed_dim,255,middle,1.0,12,5,consensus_ce_stability,3,0.8673633820314182,False,False,0.688657324897887
embed_dim,255,middle,1.0,12,5,consensus_ce_stability,4,0.9912053874792782,False,False,0.910259996514705
embed_dim,255,middle,1.0,12,5,consensus_ce_stability,5,0.994533936440107,True,True,1.0
embed_dim,255,middle,1.0,12,5,consensus_ce_stability,6,0.9609516410203135,False,False,0.847831181513053
embed_dim,255,middle,1.0,12,5,consensus_ce_stability,7,0.9309172653628108,False,False,0.78836830241251
embed_dim,255,middle,1.0,12,5,consensus_gini_stability,3,0.8887333652894386,False,False,0.688657324897887
embed_dim,255,middle,1.0,12,5,consensus_gini_stability,4,0.9946091707947022,False,False,0.910259996514705
embed_dim,255,middle,1.0,12,5,consensus_gini_stability,5,0.9968114314130008,True,True,1.0
embed_dim,255,middle,1.0,12,5,consensus_gini_stability,6,0.9683144049745973,False,False,0.847831181513053
embed_dim,255,middle,1.0,12,5,consensus_gini_stability,7,0.9367917433080152,False,False,0.78836830241251
embed_dim,255,middle,1.0,12,5,consensus_pac_stability,3,0.7796032910829442,False,False,0.688657324897887
embed_dim,255,middle,1.0,12,5,consensus_pac_stability,4,0.9942975316877919,False,False,0.910259996514705
embed_dim,255,middle,1.0,12,5,consensus_pac_stability,5,1.0,True,True,1.0
embed_dim,255,middle,1.0,12,5,consensus_pac_stability,6,0.9357625083388926,False,False,0.847831181513053
embed_dim,255,middle,1.0,12,5,consensus_pac_stability,7,0.918605292417167,False,False,0.78836830241251
embed_dim,255,middle,1.0,12,5,silhouette,3,0.11461946649515187,False,False,0.7103813606082314
embed_dim,255,middle,1.0,12,5,silhouette,4,0.15250882278366892,False,False,0.910259996514705
embed_dim,255,middle,1.0,12,5,silhouette,5,0.17194146025815005,False,True,1.0
embed_dim,255,middle,1.0,12,5,silhouette,6,0.21661122806414307,False,False,0.8474272540357483
embed_dim,255,middle,1.0,12,5,silhouette,7,0.2330075121745612,True,False,0.8661026057242829
embed_dim,255,middle,1.0,12,5,gap,3,-0.03868887129778109,False,False,0.7103813606082314
embed_dim,255,middle,1.0,12,5,gap,4,0.025063291234818763,False,False,0.910259996514705
embed_dim,255,middle,1.0,12,5,gap,5,0.06423421129764151,False,True,1.0
embed_dim,255,middle,1.0,12,5,gap,6,0.17376109322029443,False,False,0.8474272540357483
embed_dim,255,middle,1.0,12,5,gap,7,0.20637487683559108,True,False,0.8661026057242829
embed_dim,255,middle,1.0,12,5,davies_bouldin,3,0.23223981317225323,False,False,0.7103813606082314
embed_dim,255,middle,1.0,12,5,davies_bouldin,4,0.25806048773228474,False,False,0.910259996514705
embed_dim,255,middle,1.0,12,5,davies_bouldin,5,0.28540833269515664,False,True,1.0
embed_dim,255,middle,1.0,12,5,davies_bouldin,6,0.30678661905305277,False,False,0.8474272540357483
embed_dim,255,middle,1.0,12,5,davies_bouldin,7,0.31828193286729034,True,False,0.8661026057242829
embed_dim,255,middle,1.0,12,5,calinski_harabasz,3,99.3041314086504,False,False,0.7103813606082314
embed_dim,255,middle,1.0,12,5,calinski_harabasz,4,105.25330443210869,False,False,0.910259996514705
embed_dim,255,middle,1.0,12,5,calinski_harabasz,5,98.26007461674918,False,True,1.0
embed_dim,255,middle,1.0,12,5,calinski_harabasz,6,123.24040864457483,True,False,0.8474272540357483
embed_dim,255,middle,1.0,12,5,calinski_harabasz,7,115.05846564611066,False,False,0.8661026057242829
embed_dim,255,middle,0.6070363664865357,13,5,accuracy_generalizability,3,0.6989808712285961,True,False,0.8433245544743325
embed_dim,255,middle,0.6070363664865357,13,5,accuracy_generalizability,4,0.6071871651989019,False,False,0.5078236516973901
embed_dim,255,middle,0.6070363664865357,13,5,accuracy_generalizability,5,0.5956665629250261,False,True,0.6070263174615527
embed_dim,255,middle,0.6070363664865357,13,5,accuracy_generalizability,6,0.6961619924264397,False,False,0.5214211928292513
embed_dim,255,middle,0.6070363664865357,13,5,accuracy_generalizability,7,0.6290378474349563,False,False,0.5671886416793852
embed_dim,255,middle,0.6070363664865357,13,5,ari_generalizability,3,0.5940757144378582,False,False,0.8433245544743325
embed_dim,255,middle,0.6070363664865357,13,5,ari_generalizability,4,0.48743743854144794,False,False,0.5078236516973901
embed_dim,255,middle,0.6070363664865357,13,5,ari_generalizability,5,0.49244677069869824,False,True,0.6070263174615527
embed_dim,255,middle,0.6070363664865357,13,5,ari_generalizability,6,0.6087992469106464,True,False,0.5214211928292513
embed_dim,255,middle,0.6070363664865357,13,5,ari_generalizability,7,0.5468548689715453,False,False,0.5671886416793852
embed_dim,255,middle,0.6070363664865357,13,5,ari_generalizability_1se,3,0.5940757144378582,False,False,0.8433245544743325
embed_dim,255,middle,0.6070363664865357,13,5,ari_generalizability_1se,4,0.48743743854144794,False,False,0.5078236516973901
embed_dim,255,middle,0.6070363664865357,13,5,ari_generalizability_1se,5,0.49244677069869824,False,True,0.6070263174615527
embed_dim,255,middle,0.6070363664865357,13,5,ari_generalizability_1se,6,0.6087992469106464,True,False,0.5214211928292513
embed_dim,255,middle,0.6070363664865357,13,5,ari_generalizability_1se,7,0.5468548689715453,False,False,0.5671886416793852
embed_dim,255,middle,0.6070363664865357,13,5,ari_generalizability_quant,3,0.5940757144378582,False,False,0.8433245544743325
embed_dim,255,middle,0.6070363664865357,13,5,ari_generalizability_quant,4,0.48743743854144794,False,False,0.5078236516973901
embed_dim,255,middle,0.6070363664865357,13,5,ari_generalizability_quant,5,0.49244677069869824,False,True,0.6070263174615527
embed_dim,255,middle,0.6070363664865357,13,5,ari_generalizability_quant,6,0.6087992469106464,False,False,0.5214211928292513
embed_dim,255,middle,0.6070363664865357,13,5,ari_generalizability_quant,7,0.5468548689715453,True,False,0.5671886416793852
embed_dim,255,middle,0.6070363664865357,13,5,ari_stability,3,0.8098055963554013,False,False,0.8433245544743325
embed_dim,255,middle,0.6070363664865357,13,5,ari_stability,4,0.729065167139764,False,False,0.5089697725626112
embed_dim,255,middle,0.6070363664865357,13,5,ari_stability,5,0.8288393389549799,False,True,0.6107402670328155
embed_dim,255,middle,0.6070363664865357,13,5,ari_stability,6,0.8641578572688917,True,False,0.5149820039041169
embed_dim,255,middle,0.6070363664865357,13,5,ari_stability,7,0.8589806647535417,False,False,0.5768722727940828
embed_dim,255,middle,0.6070363664865357,13,5,ari_stability_1se,3,0.8098055963554013,False,False,0.8433245544743325
embed_dim,255,middle,0.6070363664865357,13,5,ari_stability_1se,4,0.729065167139764,False,False,0.5089697725626112
embed_dim,255,middle,0.6070363664865357,13,5,ari_stability_1se,5,0.8288393389549799,False,True,0.6107402670328155
embed_dim,255,middle,0.6070363664865357,13,5,ari_stability_1se,6,0.8641578572688917,False,False,0.5149820039041169
embed_dim,255,middle,0.6070363664865357,13,5,ari_stability_1se,7,0.8589806647535417,True,False,0.5768722727940828
embed_dim,255,middle,0.6070363664865357,13,5,ari_stability_quant,3,0.8098055963554013,False,False,0.8433245544743325
embed_dim,255,middle,0.6070363664865357,13,5,ari_stability_quant,4,0.729065167139764,False,False,0.5089697725626112
embed_dim,255,middle,0.6070363664865357,13,5,ari_stability_quant,5,0.8288393389549799,False,True,0.6107402670328155
embed_dim,255,middle,0.6070363664865357,13,5,ari_stability_quant,6,0.8641578572688917,False,False,0.5149820039041169
embed_dim,255,middle,0.6070363664865357,13,5,ari_stability_quant,7,0.8589806647535417,True,False,0.5768722727940828
embed_dim,255,middle,0.6070363664865357,13,5,consensus_ce_stability,3,0.7769876425887629,False,False,0.8433245544743325
embed_dim,255,middle,0.6070363664865357,13,5,consensus_ce_stability,4,0.7318301692072685,False,False,0.5089697725626112
embed_dim,255,middle,0.6070363664865357,13,5,consensus_ce_stability,5,0.8395311233590121,False,True,0.6107402670328155
embed_dim,255,middle,0.6070363664865357,13,5,consensus_ce_stability,6,0.9047827112966395,False,False,0.5149820039041169
embed_dim,255,middle,0.6070363664865357,13,5,consensus_ce_stability,7,0.9060283393112211,True,False,0.5768722727940828
embed_dim,255,middle,0.6070363664865357,13,5,consensus_gini_stability,3,0.7981523449237726,False,False,0.8433245544743325
embed_dim,255,middle,0.6070363664865357,13,5,consensus_gini_stability,4,0.7484709531885216,False,False,0.5089697725626112
embed_dim,255,middle,0.6070363664865357,13,5,consensus_gini_stability,5,0.8651000466062918,False,True,0.6107402670328155
embed_dim,255,middle,0.6070363664865357,13,5,consensus_gini_stability,6,0.9234013879159608,True,False,0.5149820039041169
embed_dim,255,middle,0.6070363664865357,13,5,consensus_gini_stability,7,0.9193076456408061,False,False,0.5768722727940828
embed_dim,255,middle,0.6070363664865357,13,5,consensus_pac_stability,3,0.7005274627529464,False,False,0.8433245544743325
embed_dim,255,middle,0.6070363664865357,13,5,consensus_pac_stability,4,0.6898519012675117,False,False,0.5089697725626112
embed_dim,255,middle,0.6070363664865357,13,5,consensus_pac_stability,5,0.7617487213698021,False,True,0.6107402670328155
embed_dim,255,middle,0.6070363664865357,13,5,consensus_pac_stability,6,0.8568201022904158,False,False,0.5149820039041169
embed_dim,255,middle,0.6070363664865357,13,5,consensus_pac_stability,7,0.8734027129197243,True,False,0.5768722727940828
embed_dim,255,middle,0.6070363664865357,13,5,silhouette,3,0.13606444792308067,False,False,0.8742134109153105
embed_dim,255,middle,0.6070363664865357,13,5,silhouette,4,0.1608459645573994,False,False,0.9454006059258215
embed_dim,255,middle,0.6070363664865357,13,5,silhouette,5,0.21732908541895882,False,True,0.6070363664865357
embed_dim,255,middle,0.6070363664865357,13,5,silhouette,6,0.2423401104064677,False,False,0.5204283205303328
embed_dim,255,middle,0.6070363664865357,13,5,silhouette,7,0.28580328157957985,True,False,0.5673808396955873
embed_dim,255,middle,0.6070363664865357,13,5,gap,3,0.012638848659413782,False,False,0.8742134109153105
embed_dim,255,middle,0.6070363664865357,13,5,gap,4,0.05943972757859051,False,False,0.9454006059258215
embed_dim,255,middle,0.6070363664865357,13,5,gap,5,0.20932848082003375,False,True,0.6070363664865357
embed_dim,255,middle,0.6070363664865357,13,5,gap,6,0.2968702229307638,False,False,0.5204283205303328
embed_dim,255,middle,0.6070363664865357,13,5,gap,7,0.41564650462302133,True,False,0.5673808396955873
embed_dim,255,middle,0.6070363664865357,13,5,davies_bouldin,3,0.21516663573473613,False,False,0.8742134109153105
embed_dim,255,middle,0.6070363664865357,13,5,davies_bouldin,4,0.2599268849838241,False,False,0.9454006059258215
embed_dim,255,middle,0.6070363664865357,13,5,davies_bouldin,5,0.2709656736702927,False,True,0.6070363664865357
embed_dim,255,middle,0.6070363664865357,13,5,davies_bouldin,6,0.31068869566952073,False,False,0.5204283205303328
embed_dim,255,middle,0.6070363664865357,13,5,davies_bouldin,7,0.32599360262178984,True,False,0.5673808396955873
embed_dim,255,middle,0.6070363664865357,13,5,calinski_harabasz,3,99.53241402114514,False,False,0.8742134109153105
embed_dim,255,middle,0.6070363664865357,13,5,calinski_harabasz,4,95.18117245266845,False,False,0.9454006059258215
embed_dim,255,middle,0.6070363664865357,13,5,calinski_harabasz,5,144.74700806791623,False,True,0.6070363664865357
embed_dim,255,middle,0.6070363664865357,13,5,calinski_harabasz,6,154.81134810391887,False,False,0.5204283205303328
embed_dim,255,middle,0.6070363664865357,13,5,calinski_harabasz,7,177.442117073313,True,False,0.5673808396955873
embed_dim,255,middle,0.7194457383042765,14,5,accuracy_generalizability,3,0.8442145312841143,False,False,0.7181705991089956
embed_dim,255,middle,0.7194457383042765,14,5,accuracy_generalizability,4,0.846530589947581,True,False,0.9168392086015823
embed_dim,255,middle,0.7194457383042765,14,5,accuracy_generalizability,5,0.737324371991493,False,True,1.0
embed_dim,255,middle,0.7194457383042765,14,5,accuracy_generalizability,6,0.8323518459706047,False,False,0.8064984638182711
embed_dim,255,middle,0.7194457383042765,14,5,accuracy_generalizability,7,0.7951472586572533,False,False,0.7391355716950164
embed_dim,255,middle,0.7194457383042765,14,5,ari_generalizability,3,0.7280198467413593,False,False,0.7181705991089956
embed_dim,255,middle,0.7194457383042765,14,5,ari_generalizability,4,0.7958741407122318,False,False,0.9168392086015823
embed_dim,255,middle,0.7194457383042765,14,5,ari_generalizability,5,0.7249441892915958,False,True,1.0
embed_dim,255,middle,0.7194457383042765,14,5,ari_generalizability,6,0.8020279487198916,True,False,0.8064984638182711
embed_dim,255,middle,0.7194457383042765,14,5,ari_generalizability,7,0.7569005407770277,False,False,0.7391355716950164
embed_dim,255,middle,0.7194457383042765,14,5,ari_generalizability_1se,3,0.7280198467413593,False,False,0.7181705991089956
embed_dim,255,middle,0.7194457383042765,14,5,ari_generalizability_1se,4,0.7958741407122318,False,False,0.9168392086015823
embed_dim,255,middle,0.7194457383042765,14,5,ari_generalizability_1se,5,0.7249441892915958,False,True,1.0
embed_dim,255,middle,0.7194457383042765,14,5,ari_generalizability_1se,6,0.8020279487198916,True,False,0.8064984638182711
embed_dim,255,middle,0.7194457383042765,14,5,ari_generalizability_1se,7,0.7569005407770277,False,False,0.7391355716950164
embed_dim,255,middle,0.7194457383042765,14,5,ari_generalizability_quant,3,0.7280198467413593,False,False,0.7181705991089956
embed_dim,255,middle,0.7194457383042765,14,5,ari_generalizability_quant,4,0.7958741407122318,False,False,0.9168392086015823
embed_dim,255,middle,0.7194457383042765,14,5,ari_generalizability_quant,5,0.7249441892915958,False,True,1.0
embed_dim,255,middle,0.7194457383042765,14,5,ari_generalizability_quant,6,0.8020279487198916,False,False,0.8064984638182711
embed_dim,255,middle,0.7194457383042765,14,5,ari_generalizability_quant,7,0.7569005407770277,True,False,0.7391355716950164
embed_dim,255,middle,0.7194457383042765,14,5,ari_stability,3,0.7055253227039485,False,False,0.7181705991089956
embed_dim,255,middle,0.7194457383042765,14,5,ari_stability,4,0.9567205529244075,False,False,0.9168392086015823
embed_dim,255,middle,0.7194457383042765,14,5,ari_stability,5,1.0,True,True,1.0
embed_dim,255,middle,0.7194457383042765,14,5,ari_stability,6,0.9508523367970951,False,False,0.8061482881383296
embed_dim,255,middle,0.7194457383042765,14,5,ari_stability,7,0.8866490013661,False,False,0.7393441007459972
embed_dim,255,middle,0.7194457383042765,14,5,ari_stability_1se,3,0.7055253227039485,False,False,0.7181705991089956
embed_dim,255,middle,0.7194457383042765,14,5,ari_stability_1se,4,0.9567205529244075,False,False,0.9168392086015823
embed_dim,255,middle,0.7194457383042765,14,5,ari_stability_1se,5,1.0,True,True,1.0
embed_dim,255,middle,0.7194457383042765,14,5,ari_stability_1se,6,0.9508523367970951,False,False,0.8061482881383296
embed_dim,255,middle,0.7194457383042765,14,5,ari_stability_1se,7,0.8866490013661,False,False,0.7393441007459972
embed_dim,255,middle,0.7194457383042765,14,5,ari_stability_quant,3,0.7055253227039485,False,False,0.7181705991089956
embed_dim,255,middle,0.7194457383042765,14,5,ari_stability_quant,4,0.9567205529244075,False,False,0.9168392086015823
embed_dim,255,middle,0.7194457383042765,14,5,ari_stability_quant,5,1.0,True,True,1.0
embed_dim,255,middle,0.7194457383042765,14,5,ari_stability_quant,6,0.9508523367970951,False,False,0.8061482881383296
embed_dim,255,middle,0.7194457383042765,14,5,ari_stability_quant,7,0.8866490013661,False,False,0.7393441007459972
embed_dim,255,middle,0.7194457383042765,14,5,consensus_ce_stability,3,0.7100808082627103,False,False,0.7181705991089956
embed_dim,255,middle,0.7194457383042765,14,5,consensus_ce_stability,4,0.9387383239844894,False,False,0.9168392086015823
embed_dim,255,middle,0.7194457383042765,14,5,consensus_ce_stability,5,0.9999999999586944,True,True,1.0
embed_dim,255,middle,0.7194457383042765,14,5,consensus_ce_stability,6,0.9685777597309811,False,False,0.8061482881383296
embed_dim,255,middle,0.7194457383042765,14,5,consensus_ce_stability,7,0.9294786315347281,False,False,0.7393441007459972
embed_dim,255,middle,0.7194457383042765,14,5,consensus_gini_stability,3,0.7406100454307446,False,False,0.7181705991089956
embed_dim,255,middle,0.7194457383042765,14,5,consensus_gini_stability,4,0.9558932921428568,False,False,0.9168392086015823
embed_dim,255,middle,0.7194457383042765,14,5,consensus_gini_stability,5,1.0,True,True,1.0
embed_dim,255,middle,0.7194457383042765,14,5,consensus_gini_stability,6,0.9744442985781905,False,False,0.8061482881383296
embed_dim,255,middle,0.7194457383042765,14,5,consensus_gini_stability,7,0.939479709580319,False,False,0.7393441007459972
embed_dim,255,middle,0.7194457383042765,14,5,consensus_pac_stability,3,0.6312581721147432,False,False,0.7181705991089956
embed_dim,255,middle,0.7194457383042765,14,5,consensus_pac_stability,4,0.9080151211919057,False,False,0.9168392086015823
embed_dim,255,middle,0.7194457383042765,14,5,consensus_pac_stability,5,1.0,True,True,1.0
embed_dim,255,middle,0.7194457383042765,14,5,consensus_pac_stability,6,0.9588596842339338,False,False,0.8061482881383296
embed_dim,255,middle,0.7194457383042765,14,5,consensus_pac_stability,7,0.9020947298198799,False,False,0.7393441007459972
embed_dim,255,middle,0.7194457383042765,14,5,silhouette,3,0.10814242811293358,False,False,0.4269510579195204
embed_dim,255,middle,0.7194457383042765,14,5,silhouette,4,0.14027541938829666,False,False,0.9168392086015823
embed_dim,255,middle,0.7194457383042765,14,5,silhouette,5,0.1863368758737247,False,True,0.7194457383042765
embed_dim,255,middle,0.7194457383042765,14,5,silhouette,6,0.2079994738223595,False,False,0.8013409241824602
embed_dim,255,middle,0.7194457383042765,14,5,silhouette,7,0.22582101138347496,True,False,0.7651206057108002
embed_dim,255,middle,0.7194457383042765,14,5,gap,3,-0.07642226171503808,False,False,0.4269510579195204
embed_dim,255,middle,0.7194457383042765,14,5,gap,4,-0.000963761964065668,False,False,0.9168392086015823
embed_dim,255,middle,0.7194457383042765,14,5,gap,5,0.10862844329299115,False,True,0.7194457383042765
embed_dim,255,middle,0.7194457383042765,14,5,gap,6,0.15142328368078495,False,False,0.8013409241824602
embed_dim,255,middle,0.7194457383042765,14,5,gap,7,0.20021100024480631,True,False,0.7651206057108002
embed_dim,255,middle,0.7194457383042765,14,5,davies_bouldin,3,0.24503005453785714,False,False,0.4269510579195204
embed_dim,255,middle,0.7194457383042765,14,5,davies_bouldin,4,0.24891929002099214,False,False,0.9168392086015823
embed_dim,255,middle,0.7194457383042765,14,5,davies_bouldin,5,0.2752849021340169,False,True,0.7194457383042765
embed_dim,255,middle,0.7194457383042765,14,5,davies_bouldin,6,0.29520718327822404,False,False,0.8013409241824602
embed_dim,255,middle,0.7194457383042765,14,5,davies_bouldin,7,0.31764288386415074,True,False,0.7651206057108002
embed_dim,255,middle,0.7194457383042765,14,5,calinski_harabasz,3,76.68823015295314,False,False,0.4269510579195204
embed_dim,255,middle,0.7194457383042765,14,5,calinski_harabasz,4,96.00465221639105,False,False,0.9168392086015823
embed_dim,255,middle,0.7194457383042765,14,5,calinski_harabasz,5,124.93948340604555,True,True,0.7194457383042765
embed_dim,255,middle,0.7194457383042765,14,5,calinski_harabasz,6,118.34618854989816,False,False,0.8013409241824602
embed_dim,255,middle,0.7194457383042765,14,5,calinski_harabasz,7,116.75836838270743,False,False,0.7651206057108002
embed_dim,255,middle,1.0,15,5,accuracy_generalizability,3,0.9270748702640085,True,False,0.6880781649841533
embed_dim,255,middle,1.0,15,5,accuracy_generalizability,4,0.7116754226623238,False,False,0.8879362699651341
embed_dim,255,middle,1.0,15,5,accuracy_generalizability,5,0.6707951864211528,False,True,1.0
embed_dim,255,middle,1.0,15,5,accuracy_generalizability,6,0.7516535296549935,False,False,0.825997609687896
embed_dim,255,middle,1.0,15,5,accuracy_generalizability,7,0.7847095223662571,False,False,0.7399237789559063
embed_dim,255,middle,1.0,15,5,ari_generalizability,3,0.836065536241784,True,False,0.6880781649841533
embed_dim,255,middle,1.0,15,5,ari_generalizability,4,0.6374980554681714,False,False,0.8879362699651341
embed_dim,255,middle,1.0,15,5,ari_generalizability,5,0.646569824639446,False,True,1.0
embed_dim,255,middle,1.0,15,5,ari_generalizability,6,0.7156172347966954,False,False,0.825997609687896
embed_dim,255,middle,1.0,15,5,ari_generalizability,7,0.735715631182507,False,False,0.7399237789559063
embed_dim,255,middle,1.0,15,5,ari_generalizability_1se,3,0.836065536241784,True,False,0.6880781649841533
embed_dim,255,middle,1.0,15,5,ari_generalizability_1se,4,0.6374980554681714,False,False,0.8879362699651341
embed_dim,255,middle,1.0,15,5,ari_generalizability_1se,5,0.646569824639446,False,True,1.0
embed_dim,255,middle,1.0,15,5,ari_generalizability_1se,6,0.7156172347966954,False,False,0.825997609687896
embed_dim,255,middle,1.0,15,5,ari_generalizability_1se,7,0.735715631182507,False,False,0.7399237789559063
embed_dim,255,middle,1.0,15,5,ari_generalizability_quant,3,0.836065536241784,False,False,0.6880781649841533
embed_dim,255,middle,1.0,15,5,ari_generalizability_quant,4,0.6374980554681714,False,False,0.8879362699651341
embed_dim,255,middle,1.0,15,5,ari_generalizability_quant,5,0.646569824639446,False,True,1.0
embed_dim,255,middle,1.0,15,5,ari_generalizability_quant,6,0.7156172347966954,False,False,0.825997609687896
embed_dim,255,middle,1.0,15,5,ari_generalizability_quant,7,0.735715631182507,True,False,0.7399237789559063
embed_dim,255,middle,1.0,15,5,ari_stability,3,0.8072304124500118,False,False,0.6880781649841533
embed_dim,255,middle,1.0,15,5,ari_stability,4,0.8542714953161411,False,False,0.8879362699651341
embed_dim,255,middle,1.0,15,5,ari_stability,5,0.9943651023198282,True,True,1.0
embed_dim,255,middle,1.0,15,5,ari_stability,6,0.9358765276432497,False,False,0.8261162396186456
embed_dim,255,middle,1.0,15,5,ari_stability,7,0.9084156078764098,False,False,0.7402843898527179
embed_dim,255,middle,1.0,15,5,ari_stability_1se,3,0.8072304124500118,False,False,0.6880781649841533
embed_dim,255,middle,1.0,15,5,ari_stability_1se,4,0.8542714953161411,False,False,0.8879362699651341
embed_dim,255,middle,1.0,15,5,ari_stability_1se,5,0.9943651023198282,True,True,1.0
embed_dim,255,middle,1.0,15,5,ari_stability_1se,6,0.9358765276432497,False,False,0.8261162396186456
embed_dim,255,middle,1.0,15,5,ari_stability_1se,7,0.9084156078764098,False,False,0.7402843898527179
embed_dim,255,middle,1.0,15,5,ari_stability_quant,3,0.8072304124500118,False,False,0.6880781649841533
embed_dim,255,middle,1.0,15,5,ari_stability_quant,4,0.8542714953161411,False,False,0.8879362699651341
embed_dim,255,middle,1.0,15,5,ari_stability_quant,5,0.9943651023198282,True,True,1.0
embed_dim,255,middle,1.0,15,5,ari_stability_quant,6,0.9358765276432497,False,False,0.8261162396186456
embed_dim,255,middle,1.0,15,5,ari_stability_quant,7,0.9084156078764098,False,False,0.7402843898527179
embed_dim,255,middle,1.0,15,5,consensus_ce_stability,3,0.8166607063072979,False,False,0.6880781649841533
embed_dim,255,middle,1.0,15,5,consensus_ce_stability,4,0.8581891508478017,False,False,0.8879362699651341
embed_dim,255,middle,1.0,15,5,consensus_ce_stability,5,0.9975589940719773,True,True,1.0
embed_dim,255,middle,1.0,15,5,consensus_ce_stability,6,0.9484333120680479,False,False,0.8261162396186456
embed_dim,255,middle,1.0,15,5,consensus_ce_stability,7,0.9442891605428616,False,False,0.7402843898527179
embed_dim,255,middle,1.0,15,5,consensus_gini_stability,3,0.8280313400262582,False,False,0.6880781649841533
embed_dim,255,middle,1.0,15,5,consensus_gini_stability,4,0.8773752376855583,False,False,0.8879362699651341
embed_dim,255,middle,1.0,15,5,consensus_gini_stability,5,0.9985269418860322,True,True,1.0
embed_dim,255,middle,1.0,15,5,consensus_gini_stability,6,0.9566882178163281,False,False,0.8261162396186456
embed_dim,255,middle,1.0,15,5,consensus_gini_stability,7,0.9529593811212214,False,False,0.7402843898527179
embed_dim,255,middle,1.0,15,5,consensus_pac_stability,3,0.8067698465643762,False,False,0.6880781649841533
embed_dim,255,middle,1.0,15,5,consensus_pac_stability,4,0.7771794529686458,False,False,0.8879362699651341
embed_dim,255,middle,1.0,15,5,consensus_pac_stability,5,0.9990171225261285,True,True,1.0
embed_dim,255,middle,1.0,15,5,consensus_pac_stability,6,0.921307538358906,False,False,0.8261162396186456
embed_dim,255,middle,1.0,15,5,consensus_pac_stability,7,0.9189690905047809,False,False,0.7402843898527179
embed_dim,255,middle,1.0,15,5,silhouette,3,0.11232641733268638,False,False,0.6627043628487672
embed_dim,255,middle,1.0,15,5,silhouette,4,0.13930747594329942,False,False,0.8955749380764639
embed_dim,255,middle,1.0,15,5,silhouette,5,0.1620586151528037,False,True,1.0
embed_dim,255,middle,1.0,15,5,silhouette,6,0.20286676125579378,False,False,0.8261162396186456
embed_dim,255,middle,1.0,15,5,silhouette,7,0.22866745909664507,True,False,0.7778734866407233
embed_dim,255,middle,1.0,15,5,gap,3,-0.040140830775602154,False,False,0.6627043628487672
embed_dim,255,middle,1.0,15,5,gap,4,0.008932773355006418,False,False,0.8955749380764639
embed_dim,255,middle,1.0,15,5,gap,5,0.051807750747853376,False,True,1.0
embed_dim,255,middle,1.0,15,5,gap,6,0.1588386939091997,False,False,0.8261162396186456
embed_dim,255,middle,1.0,15,5,gap,7,0.2220463368923138,True,False,0.7778734866407233
embed_dim,255,middle,1.0,15,5,davies_bouldin,3,0.22797516771506252,False,False,0.6627043628487672
embed_dim,255,middle,1.0,15,5,davies_bouldin,4,0.2429601751659045,False,False,0.8955749380764639
embed_dim,255,middle,1.0,15,5,davies_bouldin,5,0.2741465929773674,False,True,1.0
embed_dim,255,middle,1.0,15,5,davies_bouldin,6,0.29498750648030714,False,False,0.8261162396186456
embed_dim,255,middle,1.0,15,5,davies_bouldin,7,0.31077296385932834,True,False,0.7778734866407233
embed_dim,255,middle,1.0,15,5,calinski_harabasz,3,91.26131481729117,False,False,0.6627043628487672
embed_dim,255,middle,1.0,15,5,calinski_harabasz,4,90.7445539239282,False,False,0.8955749380764639
embed_dim,255,middle,1.0,15,5,calinski_harabasz,5,88.66120870723967,False,True,1.0
embed_dim,255,middle,1.0,15,5,calinski_harabasz,6,113.63717630719331,False,False,0.8261162396186456
embed_dim,255,middle,1.0,15,5,calinski_harabasz,7,117.84496136507299,True,False,0.7778734866407233
embed_dim,255,middle,0.6383230303446187,16,5,accuracy_generalizability,3,0.6822611385631011,False,False,0.7154661377704542
embed_dim,255,middle,0.6383230303446187,16,5,accuracy_generalizability,4,0.6143184020080185,False,False,0.909135328949654
embed_dim,255,middle,0.6383230303446187,16,5,accuracy_generalizability,5,0.6619656894247141,False,True,1.0
embed_dim,255,middle,0.6383230303446187,16,5,accuracy_generalizability,6,0.7498157060173034,True,False,0.7578212158959866
embed_dim,255,middle,0.6383230303446187,16,5,accuracy_generalizability,7,0.7292388224891059,False,False,0.737112966473703
embed_dim,255,middle,0.6383230303446187,16,5,ari_generalizability,3,0.5743747176010536,False,False,0.7154661377704542
embed_dim,255,middle,0.6383230303446187,16,5,ari_generalizability,4,0.5100826257476585,False,False,0.909135328949654
embed_dim,255,middle,0.6383230303446187,16,5,ari_generalizability,5,0.5939576964048863,False,True,1.0
embed_dim,255,middle,0.6383230303446187,16,5,ari_generalizability,6,0.6930658614059755,True,False,0.7578212158959866
embed_dim,255,middle,0.6383230303446187,16,5,ari_generalizability,7,0.6730540110202218,False,False,0.737112966473703
embed_dim,255,middle,0.6383230303446187,16,5,ari_generalizability_1se,3,0.5743747176010536,False,False,0.7154661377704542
embed_dim,255,middle,0.6383230303446187,16,5,ari_generalizability_1se,4,0.5100826257476585,False,False,0.909135328949654
embed_dim,255,middle,0.6383230303446187,16,5,ari_generalizability_1se,5,0.5939576964048863,False,True,1.0
embed_dim,255,middle,0.6383230303446187,16,5,ari_generalizability_1se,6,0.6930658614059755,True,False,0.7578212158959866
embed_dim,255,middle,0.6383230303446187,16,5,ari_generalizability_1se,7,0.6730540110202218,False,False,0.737112966473703
embed_dim,255,middle,0.6383230303446187,16,5,ari_generalizability_quant,3,0.5743747176010536,False,False,0.7154661377704542
embed_dim,255,middle,0.6383230303446187,16,5,ari_generalizability_quant,4,0.5100826257476585,False,False,0.909135328949654
embed_dim,255,middle,0.6383230303446187,16,5,ari_generalizability_quant,5,0.5939576964048863,False,True,1.0
embed_dim,255,middle,0.6383230303446187,16,5,ari_generalizability_quant,6,0.6930658614059755,False,False,0.7578212158959866
embed_dim,255,middle,0.6383230303446187,16,5,ari_generalizability_quant,7,0.6730540110202218,True,False,0.737112966473703
embed_dim,255,middle,0.6383230303446187,16,5,ari_stability,3,0.7738845482814684,False,False,0.7154661377704542
embed_dim,255,middle,0.6383230303446187,16,5,ari_stability,4,0.8965527783620252,False,False,0.909135328949654
embed_dim,255,middle,0.6383230303446187,16,5,ari_stability,5,0.9697764221618155,True,True,1.0
embed_dim,255,middle,0.6383230303446187,16,5,ari_stability,6,0.9546622041520042,False,False,0.7578212158959866
embed_dim,255,middle,0.6383230303446187,16,5,ari_stability,7,0.8448076804307459,False,False,0.740811506198705
embed_dim,255,middle,0.6383230303446187,16,5,ari_stability_1se,3,0.7738845482814684,False,False,0.7154661377704542
embed_dim,255,middle,0.6383230303446187,16,5,ari_stability_1se,4,0.8965527783620252,False,False,0.909135328949654
embed_dim,255,middle,0.6383230303446187,16,5,ari_stability_1se,5,0.9697764221618155,True,True,1.0
embed_dim,255,middle,0.6383230303446187,16,5,ari_stability_1se,6,0.9546622041520042,False,False,0.7578212158959866
embed_dim,255,middle,0.6383230303446187,16,5,ari_stability_1se,7,0.8448076804307459,False,False,0.740811506198705
embed_dim,255,middle,0.6383230303446187,16,5,ari_stability_quant,3,0.7738845482814684,False,False,0.7154661377704542
embed_dim,255,middle,0.6383230303446187,16,5,ari_stability_quant,4,0.8965527783620252,False,False,0.909135328949654
embed_dim,255,middle,0.6383230303446187,16,5,ari_stability_quant,5,0.9697764221618155,False,True,1.0
embed_dim,255,middle,0.6383230303446187,16,5,ari_stability_quant,6,0.9546622041520042,False,False,0.7578212158959866
embed_dim,255,middle,0.6383230303446187,16,5,ari_stability_quant,7,0.8448076804307459,True,False,0.740811506198705
embed_dim,255,middle,0.6383230303446187,16,5,consensus_ce_stability,3,0.7838879324279824,False,False,0.7154661377704542
embed_dim,255,middle,0.6383230303446187,16,5,consensus_ce_stability,4,0.907608083168904,False,False,0.909135328949654
embed_dim,255,middle,0.6383230303446187,16,5,consensus_ce_stability,5,0.9591778630498364,False,True,1.0
embed_dim,255,middle,0.6383230303446187,16,5,consensus_ce_stability,6,0.9641716600913619,True,False,0.7578212158959866
embed_dim,255,middle,0.6383230303446187,16,5,consensus_ce_stability,7,0.9143251848122658,False,False,0.740811506198705
embed_dim,255,middle,0.6383230303446187,16,5,consensus_gini_stability,3,0.796050175423361,False,False,0.7154661377704542
embed_dim,255,middle,0.6383230303446187,16,5,consensus_gini_stability,4,0.913604208611645,False,False,0.909135328949654
embed_dim,255,middle,0.6383230303446187,16,5,consensus_gini_stability,5,0.9718997355213769,False,True,1.0
embed_dim,255,middle,0.6383230303446187,16,5,consensus_gini_stability,6,0.9719193603154328,True,False,0.7578212158959866
embed_dim,255,middle,0.6383230303446187,16,5,consensus_gini_stability,7,0.9253643147032292,False,False,0.740811506198705
embed_dim,255,middle,0.6383230303446187,16,5,consensus_pac_stability,3,0.7394725372470536,False,False,0.7154661377704542
embed_dim,255,middle,0.6383230303446187,16,5,consensus_pac_stability,4,0.8940511452079164,False,False,0.909135328949654
embed_dim,255,middle,0.6383230303446187,16,5,consensus_pac_stability,5,0.9270206804536357,False,True,1.0
embed_dim,255,middle,0.6383230303446187,16,5,consensus_pac_stability,6,0.9604411830108962,True,False,0.7578212158959866
embed_dim,255,middle,0.6383230303446187,16,5,consensus_pac_stability,7,0.8833560151211919,False,False,0.740811506198705
embed_dim,255,middle,0.6383230303446187,16,5,silhouette,3,0.11640792840446647,False,False,0.7154661377704542
embed_dim,255,middle,0.6383230303446187,16,5,silhouette,4,0.14954040404437588,False,False,0.9137533728654067
embed_dim,255,middle,0.6383230303446187,16,5,silhouette,5,0.1982570972743314,False,True,0.6383230303446187
embed_dim,255,middle,0.6383230303446187,16,5,silhouette,6,0.2342063091717274,False,False,0.7588297831999974
embed_dim,255,middle,0.6383230303446187,16,5,silhouette,7,0.25278845075320194,True,False,0.725485634064569
embed_dim,255,middle,0.6383230303446187,16,5,gap,3,-0.010861842942459177,False,False,0.7154661377704542
embed_dim,255,middle,0.6383230303446187,16,5,gap,4,0.03904504924769725,False,False,0.9137533728654067
embed_dim,255,middle,0.6383230303446187,16,5,gap,5,0.1579638479642096,False,True,0.6383230303446187
embed_dim,255,middle,0.6383230303446187,16,5,gap,6,0.2384497116302633,False,False,0.7588297831999974
embed_dim,255,middle,0.6383230303446187,16,5,gap,7,0.28662036567785343,True,False,0.725485634064569
embed_dim,255,middle,0.6383230303446187,16,5,davies_bouldin,3,0.23739814012855012,False,False,0.7154661377704542
embed_dim,255,middle,0.6383230303446187,16,5,davies_bouldin,4,0.2538636713675561,False,False,0.9137533728654067
embed_dim,255,middle,0.6383230303446187,16,5,davies_bouldin,5,0.297568436660668,False,True,0.6383230303446187
embed_dim,255,middle,0.6383230303446187,16,5,davies_bouldin,6,0.30689218710945393,False,False,0.7588297831999974
embed_dim,255,middle,0.6383230303446187,16,5,davies_bouldin,7,0.3235421907701472,True,False,0.725485634064569
embed_dim,255,middle,0.6383230303446187,16,5,calinski_harabasz,3,94.94360786481097,False,False,0.7154661377704542
embed_dim,255,middle,0.6383230303446187,16,5,calinski_harabasz,4,93.87944341207654,False,False,0.9137533728654067
embed_dim,255,middle,0.6383230303446187,16,5,calinski_harabasz,5,127.7816965221209,False,True,0.6383230303446187
embed_dim,255,middle,0.6383230303446187,16,5,calinski_harabasz,6,136.8417315702434,True,False,0.7588297831999974
embed_dim,255,middle,0.6383230303446187,16,5,calinski_harabasz,7,132.74592908198164,False,False,0.725485634064569
embed_dim,255,middle,1.0,17,5,accuracy_generalizability,3,0.8630444034169383,True,False,0.6399675144873452
embed_dim,255,middle,1.0,17,5,accuracy_generalizability,4,0.7757697830502557,False,False,0.8944343586506753
embed_dim,255,middle,1.0,17,5,accuracy_generalizability,5,0.7515353473212567,False,True,1.0
embed_dim,255,middle,1.0,17,5,accuracy_generalizability,6,0.834020966213061,False,False,0.826584505007034
embed_dim,255,middle,1.0,17,5,accuracy_generalizability,7,0.7735682907573375,False,False,0.7501123025968178
embed_dim,255,middle,1.0,17,5,ari_generalizability,3,0.7887971412896104,True,False,0.6399675144873452
embed_dim,255,middle,1.0,17,5,ari_generalizability,4,0.702301163347608,False,False,0.8944343586506753
embed_dim,255,middle,1.0,17,5,ari_generalizability,5,0.7288176359634391,False,True,1.0
embed_dim,255,middle,1.0,17,5,ari_generalizability,6,0.7840099442054143,False,False,0.826584505007034
embed_dim,255,middle,1.0,17,5,ari_generalizability,7,0.7259457060165283,False,False,0.7501123025968178
embed_dim,255,middle,1.0,17,5,ari_generalizability_1se,3,0.7887971412896104,False,False,0.6399675144873452
embed_dim,255,middle,1.0,17,5,ari_generalizability_1se,4,0.702301163347608,False,False,0.8944343586506753
embed_dim,255,middle,1.0,17,5,ari_generalizability_1se,5,0.7288176359634391,False,True,1.0
embed_dim,255,middle,1.0,17,5,ari_generalizability_1se,6,0.7840099442054143,True,False,0.826584505007034
embed_dim,255,middle,1.0,17,5,ari_generalizability_1se,7,0.7259457060165283,False,False,0.7501123025968178
embed_dim,255,middle,1.0,17,5,ari_generalizability_quant,3,0.7887971412896104,False,False,0.6399675144873452
embed_dim,255,middle,1.0,17,5,ari_generalizability_quant,4,0.702301163347608,False,False,0.8944343586506753
embed_dim,255,middle,1.0,17,5,ari_generalizability_quant,5,0.7288176359634391,False,True,1.0
embed_dim,255,middle,1.0,17,5,ari_generalizability_quant,6,0.7840099442054143,False,False,0.826584505007034
embed_dim,255,middle,1.0,17,5,ari_generalizability_quant,7,0.7259457060165283,True,False,0.7501123025968178
embed_dim,255,middle,1.0,17,5,ari_stability,3,0.9717744025724852,False,False,0.6399675144873452
embed_dim,255,middle,1.0,17,5,ari_stability,4,0.912072978282652,False,False,0.8944343586506753
embed_dim,255,middle,1.0,17,5,ari_stability,5,0.9995098064252383,True,True,1.0
embed_dim,255,middle,1.0,17,5,ari_stability,6,0.9470005475457169,False,False,0.8267248421019848
embed_dim,255,middle,1.0,17,5,ari_stability,7,0.8736007387694051,False,False,0.749941251184982
embed_dim,255,middle,1.0,17,5,ari_stability_1se,3,0.9717744025724852,False,False,0.6399675144873452
embed_dim,255,middle,1.0,17,5,ari_stability_1se,4,0.912072978282652,False,False,0.8944343586506753
embed_dim,255,middle,1.0,17,5,ari_stability_1se,5,0.9995098064252383,True,True,1.0
embed_dim,255,middle,1.0,17,5,ari_stability_1se,6,0.9470005475457169,False,False,0.8267248421019848
embed_dim,255,middle,1.0,17,5,ari_stability_1se,7,0.8736007387694051,False,False,0.749941251184982
embed_dim,255,middle,1.0,17,5,ari_stability_quant,3,0.9717744025724852,False,False,0.6399675144873452
embed_dim,255,middle,1.0,17,5,ari_stability_quant,4,0.912072978282652,False,False,0.8944343586506753
embed_dim,255,middle,1.0,17,5,ari_stability_quant,5,0.9995098064252383,True,True,1.0
embed_dim,255,middle,1.0,17,5,ari_stability_quant,6,0.9470005475457169,False,False,0.8267248421019848
embed_dim,255,middle,1.0,17,5,ari_stability_quant,7,0.8736007387694051,False,False,0.749941251184982
embed_dim,255,middle,1.0,17,5,consensus_ce_stability,3,0.9719788700880869,False,False,0.6399675144873452
embed_dim,255,middle,1.0,17,5,consensus_ce_stability,4,0.920752514189095,False,False,0.8944343586506753
embed_dim,255,middle,1.0,17,5,consensus_ce_stability,5,0.9986999341874598,True,True,1.0
embed_dim,255,middle,1.0,17,5,consensus_ce_stability,6,0.9600680102494058,False,False,0.8267248421019848
embed_dim,255,middle,1.0,17,5,consensus_ce_stability,7,0.9268599455295331,False,False,0.749941251184982
embed_dim,255,middle,1.0,17,5,consensus_gini_stability,3,0.9832538274127522,False,False,0.6399675144873452
embed_dim,255,middle,1.0,17,5,consensus_gini_stability,4,0.9261749622747615,False,False,0.8944343586506753
embed_dim,255,middle,1.0,17,5,consensus_gini_stability,5,0.9992416734446952,True,True,1.0
embed_dim,255,middle,1.0,17,5,consensus_gini_stability,6,0.9673556797918157,False,False,0.8267248421019848
embed_dim,255,middle,1.0,17,5,consensus_gini_stability,7,0.9370649649816472,False,False,0.749941251184982
embed_dim,255,middle,1.0,17,5,consensus_pac_stability,3,0.9911309762063598,False,False,0.6399675144873452
embed_dim,255,middle,1.0,17,5,consensus_pac_stability,4,0.9103171002890816,False,False,0.8944343586506753
embed_dim,255,middle,1.0,17,5,consensus_pac_stability,5,1.0,True,True,1.0
embed_dim,255,middle,1.0,17,5,consensus_pac_stability,6,0.9357447187013564,False,False,0.8267248421019848
embed_dim,255,middle,1.0,17,5,consensus_pac_stability,7,0.9046217478318879,False,False,0.749941251184982
embed_dim,255,middle,1.0,17,5,silhouette,3,0.11848802968633038,False,False,0.7271857583704432
embed_dim,255,middle,1.0,17,5,silhouette,4,0.15049079959172065,False,False,0.8944343586506753
embed_dim,255,middle,1.0,17,5,silhouette,5,0.1663440476709187,False,True,1.0
embed_dim,255,middle,1.0,17,5,silhouette,6,0.2125854961605897,False,False,0.826322082733329
embed_dim,255,middle,1.0,17,5,silhouette,7,0.23336677025848931,True,False,0.7507732168049382
embed_dim,255,middle,1.0,17,5,gap,3,-0.02304041510357635,False,False,0.7271857583704432
embed_dim,255,middle,1.0,17,5,gap,4,0.03379278392610097,False,False,0.8944343586506753
embed_dim,255,middle,1.0,17,5,gap,5,0.06830268597470379,False,True,1.0
embed_dim,255,middle,1.0,17,5,gap,6,0.18137340779264832,False,False,0.826322082733329
embed_dim,255,middle,1.0,17,5,gap,7,0.24026496422024657,True,False,0.7507732168049382
embed_dim,255,middle,1.0,17,5,davies_bouldin,3,0.22681144668799297,False,False,0.7271857583704432
embed_dim,255,middle,1.0,17,5,davies_bouldin,4,0.25501590812994807,False,False,0.8944343586506753
embed_dim,255,middle,1.0,17,5,davies_bouldin,5,0.2794000342422001,False,True,1.0
embed_dim,255,middle,1.0,17,5,davies_bouldin,6,0.29887609237065604,False,False,0.826322082733329
embed_dim,255,middle,1.0,17,5,davies_bouldin,7,0.31107807478797755,True,False,0.7507732168049382
embed_dim,255,middle,1.0,17,5,calinski_harabasz,3,98.88008351049318,False,False,0.7271857583704432
embed_dim,255,middle,1.0,17,5,calinski_harabasz,4,100.74785638512024,False,False,0.8944343586506753
embed_dim,255,middle,1.0,17,5,calinski_harabasz,5,92.59145522430704,False,True,1.0
embed_dim,255,middle,1.0,17,5,calinski_harabasz,6,119.6056394233292,False,False,0.826322082733329
embed_dim,255,middle,1.0,17,5,calinski_harabasz,7,121.59927199734308,True,False,0.7507732168049382
embed_dim,255,middle,1.0,18,5,accuracy_generalizability,3,0.9224983220659403,False,False,0.6783866904922989
embed_dim,255,middle,1.0,18,5,accuracy_generalizability,4,0.9380607638852895,True,False,0.9128014103084855
embed_dim,255,middle,1.0,18,5,accuracy_generalizability,5,0.7647983441773677,False,True,1.0
embed_dim,255,middle,1.0,18,5,accuracy_generalizability,6,0.7533485327285082,False,False,0.8611981316159681
embed_dim,255,middle,1.0,18,5,accuracy_generalizability,7,0.7670839038703643,False,False,0.7577702940673573
embed_dim,255,middle,1.0,18,5,ari_generalizability,3,0.836038896909411,False,False,0.6783866904922989
embed_dim,255,middle,1.0,18,5,ari_generalizability,4,0.9157325256800098,True,False,0.9128014103084855
embed_dim,255,middle,1.0,18,5,ari_generalizability,5,0.7606572045684422,False,True,1.0
embed_dim,255,middle,1.0,18,5,ari_generalizability,6,0.7277043057692019,False,False,0.8611981316159681
embed_dim,255,middle,1.0,18,5,ari_generalizability,7,0.7172556943232774,False,False,0.7577702940673573
embed_dim,255,middle,1.0,18,5,ari_generalizability_1se,3,0.836038896909411,False,False,0.6783866904922989
embed_dim,255,middle,1.0,18,5,ari_generalizability_1se,4,0.9157325256800098,True,False,0.9128014103084855
embed_dim,255,middle,1.0,18,5,ari_generalizability_1se,5,0.7606572045684422,False,True,1.0
embed_dim,255,middle,1.0,18,5,ari_generalizability_1se,6,0.7277043057692019,False,False,0.8611981316159681
embed_dim,255,middle,1.0,18,5,ari_generalizability_1se,7,0.7172556943232774,False,False,0.7577702940673573
embed_dim,255,middle,1.0,18,5,ari_generalizability_quant,3,0.836038896909411,False,False,0.6783866904922989
embed_dim,255,middle,1.0,18,5,ari_generalizability_quant,4,0.9157325256800098,False,False,0.9128014103084855
embed_dim,255,middle,1.0,18,5,ari_generalizability_quant,5,0.7606572045684422,False,True,1.0
embed_dim,255,middle,1.0,18,5,ari_generalizability_quant,6,0.7277043057692019,False,False,0.8611981316159681
embed_dim,255,middle,1.0,18,5,ari_generalizability_quant,7,0.7172556943232774,True,False,0.7577702940673573
embed_dim,255,middle,1.0,18,5,ari_stability,3,0.8451749027593547,False,False,0.6783866904922989
embed_dim,255,middle,1.0,18,5,ari_stability,4,0.9982247913066155,False,False,0.9128014103084855
embed_dim,255,middle,1.0,18,5,ari_stability,5,0.9992136709131756,True,True,1.0
embed_dim,255,middle,1.0,18,5,ari_stability,6,0.9496889900665244,False,False,0.8611981316159681
embed_dim,255,middle,1.0,18,5,ari_stability,7,0.8888928630479619,False,False,0.7575453458574747
embed_dim,255,middle,1.0,18,5,ari_stability_1se,3,0.8451749027593547,False,False,0.6783866904922989
embed_dim,255,middle,1.0,18,5,ari_stability_1se,4,0.9982247913066155,False,False,0.9128014103084855
embed_dim,255,middle,1.0,18,5,ari_stability_1se,5,0.9992136709131756,True,True,1.0
embed_dim,255,middle,1.0,18,5,ari_stability_1se,6,0.9496889900665244,False,False,0.8611981316159681
embed_dim,255,middle,1.0,18,5,ari_stability_1se,7,0.8888928630479619,False,False,0.7575453458574747
embed_dim,255,middle,1.0,18,5,ari_stability_quant,3,0.8451749027593547,False,False,0.6783866904922989
embed_dim,255,middle,1.0,18,5,ari_stability_quant,4,0.9982247913066155,False,False,0.9128014103084855
embed_dim,255,middle,1.0,18,5,ari_stability_quant,5,0.9992136709131756,True,True,1.0
embed_dim,255,middle,1.0,18,5,ari_stability_quant,6,0.9496889900665244,False,False,0.8611981316159681
embed_dim,255,middle,1.0,18,5,ari_stability_quant,7,0.8888928630479619,False,False,0.7575453458574747
embed_dim,255,middle,1.0,18,5,consensus_ce_stability,3,0.8243616950650079,False,False,0.6783866904922989
embed_dim,255,middle,1.0,18,5,consensus_ce_stability,4,0.995171613573204,False,False,0.9128014103084855
embed_dim,255,middle,1.0,18,5,consensus_ce_stability,5,0.9979362905200794,True,True,1.0
embed_dim,255,middle,1.0,18,5,consensus_ce_stability,6,0.9608345294123884,False,False,0.8611981316159681
embed_dim,255,middle,1.0,18,5,consensus_ce_stability,7,0.9343465387221886,False,False,0.7575453458574747
embed_dim,255,middle,1.0,18,5,consensus_gini_stability,3,0.8507150781903119,False,False,0.6783866904922989
embed_dim,255,middle,1.0,18,5,consensus_gini_stability,4,0.9971825425637129,False,False,0.9128014103084855
embed_dim,255,middle,1.0,18,5,consensus_gini_stability,5,0.9987926303701729,True,True,1.0
embed_dim,255,middle,1.0,18,5,consensus_gini_stability,6,0.9672979077735969,False,False,0.8611981316159681
embed_dim,255,middle,1.0,18,5,consensus_gini_stability,7,0.9427562882420206,False,False,0.7575453458574747
embed_dim,255,middle,1.0,18,5,consensus_pac_stability,3,0.7438025350233489,False,False,0.6783866904922989
embed_dim,255,middle,1.0,18,5,consensus_pac_stability,4,1.0,True,False,0.9128014103084855
embed_dim,255,middle,1.0,18,5,consensus_pac_stability,5,1.0,False,True,1.0
embed_dim,255,middle,1.0,18,5,consensus_pac_stability,6,0.9457709584167222,False,False,0.8611981316159681
embed_dim,255,middle,1.0,18,5,consensus_pac_stability,7,0.9106613297754058,False,False,0.7575453458574747
embed_dim,255,middle,1.0,18,5,silhouette,3,0.09993226425984289,False,False,0.6783866904922989
embed_dim,255,middle,1.0,18,5,silhouette,4,0.13292458408167032,False,False,0.9128014103084855
embed_dim,255,middle,1.0,18,5,silhouette,5,0.15532125273026376,False,True,1.0
embed_dim,255,middle,1.0,18,5,silhouette,6,0.1779237489244498,False,False,0.9109815070688589
embed_dim,255,middle,1.0,18,5,silhouette,7,0.20966467887353124,True,False,0.8485794509988269
embed_dim,255,middle,1.0,18,5,gap,3,-0.028879918053840825,False,False,0.6783866904922989
embed_dim,255,middle,1.0,18,5,gap,4,0.023238837320761263,False,False,0.9128014103084855
embed_dim,255,middle,1.0,18,5,gap,5,0.06199292713506921,False,True,1.0
embed_dim,255,middle,1.0,18,5,gap,6,0.12697113718575181,False,False,0.9109815070688589
embed_dim,255,middle,1.0,18,5,gap,7,0.19883548996897638,True,False,0.8485794509988269
embed_dim,255,middle,1.0,18,5,davies_bouldin,3,0.2364746549814546,False,False,0.6783866904922989
embed_dim,255,middle,1.0,18,5,davies_bouldin,4,0.2522589367155286,False,False,0.9128014103084855
embed_dim,255,middle,1.0,18,5,davies_bouldin,5,0.28094907789141227,False,True,1.0
embed_dim,255,middle,1.0,18,5,davies_bouldin,6,0.29907739622327695,False,False,0.9109815070688589
embed_dim,255,middle,1.0,18,5,davies_bouldin,7,0.3146398400768709,True,False,0.8485794509988269
embed_dim,255,middle,1.0,18,5,calinski_harabasz,3,98.02848438238102,False,False,0.6783866904922989
embed_dim,255,middle,1.0,18,5,calinski_harabasz,4,97.34076180451311,False,False,0.9128014103084855
embed_dim,255,middle,1.0,18,5,calinski_harabasz,5,91.85081365426817,False,True,1.0
embed_dim,255,middle,1.0,18,5,calinski_harabasz,6,99.39083756342212,False,False,0.9109815070688589
embed_dim,255,middle,1.0,18,5,calinski_harabasz,7,108.28221788293096,True,False,0.8485794509988269
embed_dim,255,middle,0.6705492056860871,19,5,accuracy_generalizability,3,0.5706008365415781,False,False,0.8417092219786939
embed_dim,255,middle,0.6705492056860871,19,5,accuracy_generalizability,4,0.6613538516107824,False,False,0.9452444564148155
embed_dim,255,middle,0.6705492056860871,19,5,accuracy_generalizability,5,0.6628868033663418,True,True,0.6684347307004049
embed_dim,255,middle,0.6705492056860871,19,5,accuracy_generalizability,6,0.5683248357916861,False,False,0.7222938523815118
embed_dim,255,middle,0.6705492056860871,19,5,accuracy_generalizability,7,0.593557927942692,False,False,0.6452095785913603
embed_dim,255,middle,0.6705492056860871,19,5,ari_generalizability,3,0.48308895996848833,False,False,0.8417092219786939
embed_dim,255,middle,0.6705492056860871,19,5,ari_generalizability,4,0.564936626358843,False,False,0.9452444564148155
embed_dim,255,middle,0.6705492056860871,19,5,ari_generalizability,5,0.5749857454259051,True,True,0.6684347307004049
embed_dim,255,middle,0.6705492056860871,19,5,ari_generalizability,6,0.5220267228166819,False,False,0.7222938523815118
embed_dim,255,middle,0.6705492056860871,19,5,ari_generalizability,7,0.5390885569632229,False,False,0.6452095785913603
embed_dim,255,middle,0.6705492056860871,19,5,ari_generalizability_1se,3,0.48308895996848833,False,False,0.8417092219786939
embed_dim,255,middle,0.6705492056860871,19,5,ari_generalizability_1se,4,0.564936626358843,False,False,0.9452444564148155
embed_dim,255,middle,0.6705492056860871,19,5,ari_generalizability_1se,5,0.5749857454259051,True,True,0.6684347307004049
embed_dim,255,middle,0.6705492056860871,19,5,ari_generalizability_1se,6,0.5220267228166819,False,False,0.7222938523815118
embed_dim,255,middle,0.6705492056860871,19,5,ari_generalizability_1se,7,0.5390885569632229,False,False,0.6452095785913603
embed_dim,255,middle,0.6705492056860871,19,5,ari_generalizability_quant,3,0.48308895996848833,False,False,0.8417092219786939
embed_dim,255,middle,0.6705492056860871,19,5,ari_generalizability_quant,4,0.564936626358843,False,False,0.9452444564148155
embed_dim,255,middle,0.6705492056860871,19,5,ari_generalizability_quant,5,0.5749857454259051,False,True,0.6684347307004049
embed_dim,255,middle,0.6705492056860871,19,5,ari_generalizability_quant,6,0.5220267228166819,False,False,0.7222938523815118
embed_dim,255,middle,0.6705492056860871,19,5,ari_generalizability_quant,7,0.5390885569632229,True,False,0.6452095785913603
embed_dim,255,middle,0.6705492056860871,19,5,ari_stability,3,1.0,True,False,0.8417092219786939
embed_dim,255,middle,0.6705492056860871,19,5,ari_stability,4,0.8174530482234955,False,False,0.9452444564148155
embed_dim,255,middle,0.6705492056860871,19,5,ari_stability,5,0.8608654285109756,False,True,0.6684347307004049
embed_dim,255,middle,0.6705492056860871,19,5,ari_stability,6,0.8579712594674467,False,False,0.7222938523815118
embed_dim,255,middle,0.6705492056860871,19,5,ari_stability,7,0.806136474161208,False,False,0.6434842328236715
embed_dim,255,middle,0.6705492056860871,19,5,ari_stability_1se,3,1.0,True,False,0.8417092219786939
embed_dim,255,middle,0.6705492056860871,19,5,ari_stability_1se,4,0.8174530482234955,False,False,0.9452444564148155
embed_dim,255,middle,0.6705492056860871,19,5,ari_stability_1se,5,0.8608654285109756,False,True,0.6684347307004049
embed_dim,255,middle,0.6705492056860871,19,5,ari_stability_1se,6,0.8579712594674467,False,False,0.7222938523815118
embed_dim,255,middle,0.6705492056860871,19,5,ari_stability_1se,7,0.806136474161208,False,False,0.6434842328236715
embed_dim,255,middle,0.6705492056860871,19,5,ari_stability_quant,3,1.0,True,False,0.8417092219786939
embed_dim,255,middle,0.6705492056860871,19,5,ari_stability_quant,4,0.8174530482234955,False,False,0.9452444564148155
embed_dim,255,middle,0.6705492056860871,19,5,ari_stability_quant,5,0.8608654285109756,False,True,0.6684347307004049
embed_dim,255,middle,0.6705492056860871,19,5,ari_stability_quant,6,0.8579712594674467,False,False,0.7222938523815118
embed_dim,255,middle,0.6705492056860871,19,5,ari_stability_quant,7,0.806136474161208,False,False,0.6434842328236715
embed_dim,255,middle,0.6705492056860871,19,5,consensus_ce_stability,3,0.9999999999586944,True,False,0.8417092219786939
embed_dim,255,middle,0.6705492056860871,19,5,consensus_ce_stability,4,0.8408273241336626,False,False,0.9452444564148155
embed_dim,255,middle,0.6705492056860871,19,5,consensus_ce_stability,5,0.8888157371471602,False,True,0.6684347307004049
embed_dim,255,middle,0.6705492056860871,19,5,consensus_ce_stability,6,0.9111943206203486,False,False,0.7222938523815118
embed_dim,255,middle,0.6705492056860871,19,5,consensus_ce_stability,7,0.8859971157523971,False,False,0.6434842328236715
embed_dim,255,middle,0.6705492056860871,19,5,consensus_gini_stability,3,1.0,True,False,0.8417092219786939
embed_dim,255,middle,0.6705492056860871,19,5,consensus_gini_stability,4,0.8454584548778982,False,False,0.9452444564148155
embed_dim,255,middle,0.6705492056860871,19,5,consensus_gini_stability,5,0.9063752323618595,False,True,0.6684347307004049
embed_dim,255,middle,0.6705492056860871,19,5,consensus_gini_stability,6,0.9253777227354758,False,False,0.7222938523815118
embed_dim,255,middle,0.6705492056860871,19,5,consensus_gini_stability,7,0.9003139981074777,False,False,0.6434842328236715
embed_dim,255,middle,0.6705492056860871,19,5,consensus_pac_stability,3,1.0,True,False,0.8417092219786939
embed_dim,255,middle,0.6705492056860871,19,5,consensus_pac_stability,4,0.8243646875694908,False,False,0.9452444564148155
embed_dim,255,middle,0.6705492056860871,19,5,consensus_pac_stability,5,0.833316433177674,False,True,0.6684347307004049
embed_dim,255,middle,0.6705492056860871,19,5,consensus_pac_stability,6,0.8801583277740717,False,False,0.7222938523815118
embed_dim,255,middle,0.6705492056860871,19,5,consensus_pac_stability,7,0.8420458083166555,False,False,0.6434842328236715
embed_dim,255,middle,0.6705492056860871,19,5,silhouette,3,0.13589266291573912,False,False,0.8417092219786939
embed_dim,255,middle,0.6705492056860871,19,5,silhouette,4,0.14978623196697025,False,False,0.9458930176548621
embed_dim,255,middle,0.6705492056860871,19,5,silhouette,5,0.20887238586328197,False,True,0.6705492056860871
embed_dim,255,middle,0.6705492056860871,19,5,silhouette,6,0.23030812224115502,False,False,0.6234527252700321
embed_dim,255,middle,0.6705492056860871,19,5,silhouette,7,0.26598722352596027,True,False,0.5244814984101192
embed_dim,255,middle,0.6705492056860871,19,5,gap,3,-0.006257764047271408,False,False,0.8417092219786939
embed_dim,255,middle,0.6705492056860871,19,5,gap,4,0.019236465919668433,False,False,0.9458930176548621
embed_dim,255,middle,0.6705492056860871,19,5,gap,5,0.16917419172737702,False,True,0.6705492056860871
embed_dim,255,middle,0.6705492056860871,19,5,gap,6,0.21507623086306538,False,False,0.6234527252700321
embed_dim,255,middle,0.6705492056860871,19,5,gap,7,0.34311745229474155,True,False,0.5244814984101192
embed_dim,255,middle,0.6705492056860871,19,5,davies_bouldin,3,0.23493530996277648,False,False,0.8417092219786939
embed_dim,255,middle,0.6705492056860871,19,5,davies_bouldin,4,0.2414307405847579,False,False,0.9458930176548621
embed_dim,255,middle,0.6705492056860871,19,5,davies_bouldin,5,0.2672371164214711,False,True,0.6705492056860871
embed_dim,255,middle,0.6705492056860871,19,5,davies_bouldin,6,0.290847740453084,False,False,0.6234527252700321
embed_dim,255,middle,0.6705492056860871,19,5,davies_bouldin,7,0.3123585308353569,True,False,0.5244814984101192
embed_dim,255,middle,0.6705492056860871,19,5,calinski_harabasz,3,107.77219260390402,False,False,0.8417092219786939
embed_dim,255,middle,0.6705492056860871,19,5,calinski_harabasz,4,88.32933833599168,False,False,0.9458930176548621
embed_dim,255,middle,0.6705492056860871,19,5,calinski_harabasz,5,138.75750946236974,False,True,0.6705492056860871
embed_dim,255,middle,0.6705492056860871,19,5,calinski_harabasz,6,131.32988597584978,False,False,0.6234527252700321
embed_dim,255,middle,0.6705492056860871,19,5,calinski_harabasz,7,159.17075462022086,True,False,0.5244814984101192
embed_dim,500,end,0.8617851781814555,0,5,accuracy_generalizability,3,0.9954836647972649,True,False,0.6941712200740381
embed_dim,500,end,0.8617851781814555,0,5,accuracy_generalizability,4,0.8690061295892889,False,False,0.8863989188192333
embed_dim,500,end,0.8617851781814555,0,5,accuracy_generalizability,5,0.7629502423131547,False,True,1.0
embed_dim,500,end,0.8617851781814555,0,5,accuracy_generalizability,6,0.7577960800384068,False,False,0.8860383983234758
embed_dim,500,end,0.8617851781814555,0,5,accuracy_generalizability,7,0.8558705915081234,False,False,0.7547887358831832
embed_dim,500,end,0.8617851781814555,0,5,ari_generalizability,3,0.9899911643288314,True,False,0.6941712200740381
embed_dim,500,end,0.8617851781814555,0,5,ari_generalizability,4,0.81195302948328,False,False,0.8863989188192333
embed_dim,500,end,0.8617851781814555,0,5,ari_generalizability,5,0.7670289107997185,False,True,1.0
embed_dim,500,end,0.8617851781814555,0,5,ari_generalizability,6,0.7327670185289783,False,False,0.8860383983234758
embed_dim,500,end,0.8617851781814555,0,5,ari_generalizability,7,0.7995179044418659,False,False,0.7547887358831832
embed_dim,500,end,0.8617851781814555,0,5,ari_generalizability_1se,3,0.9899911643288314,True,False,0.6941712200740381
embed_dim,500,end,0.8617851781814555,0,5,ari_generalizability_1se,4,0.81195302948328,False,False,0.8863989188192333
embed_dim,500,end,0.8617851781814555,0,5,ari_generalizability_1se,5,0.7670289107997185,False,True,1.0
embed_dim,500,end,0.8617851781814555,0,5,ari_generalizability_1se,6,0.7327670185289783,False,False,0.8860383983234758
embed_dim,500,end,0.8617851781814555,0,5,ari_generalizability_1se,7,0.7995179044418659,False,False,0.7547887358831832
embed_dim,500,end,0.8617851781814555,0,5,ari_generalizability_quant,3,0.9899911643288314,True,False,0.6941712200740381
embed_dim,500,end,0.8617851781814555,0,5,ari_generalizability_quant,4,0.81195302948328,False,False,0.8863989188192333
embed_dim,500,end,0.8617851781814555,0,5,ari_generalizability_quant,5,0.7670289107997185,False,True,1.0
embed_dim,500,end,0.8617851781814555,0,5,ari_generalizability_quant,6,0.7327670185289783,False,False,0.8860383983234758
embed_dim,500,end,0.8617851781814555,0,5,ari_generalizability_quant,7,0.7995179044418659,False,False,0.7547887358831832
embed_dim,500,end,0.8617851781814555,0,5,ari_stability,3,0.9838614087194233,False,False,0.6941712200740381
embed_dim,500,end,0.8617851781814555,0,5,ari_stability,4,0.889783827298984,False,False,0.8863989188192333
embed_dim,500,end,0.8617851781814555,0,5,ari_stability,5,0.9952251340064493,True,True,1.0
embed_dim,500,end,0.8617851781814555,0,5,ari_stability,6,0.8724133118060874,False,False,0.8860383983234758
embed_dim,500,end,0.8617851781814555,0,5,ari_stability,7,0.9095788109453635,False,False,0.7539656897703012
embed_dim,500,end,0.8617851781814555,0,5,ari_stability_1se,3,0.9838614087194233,False,False,0.6941712200740381
embed_dim,500,end,0.8617851781814555,0,5,ari_stability_1se,4,0.889783827298984,False,False,0.8863989188192333
embed_dim,500,end,0.8617851781814555,0,5,ari_stability_1se,5,0.9952251340064493,True,True,1.0
embed_dim,500,end,0.8617851781814555,0,5,ari_stability_1se,6,0.8724133118060874,False,False,0.8860383983234758
embed_dim,500,end,0.8617851781814555,0,5,ari_stability_1se,7,0.9095788109453635,False,False,0.7539656897703012
embed_dim,500,end,0.8617851781814555,0,5,ari_stability_quant,3,0.9838614087194233,False,False,0.6941712200740381
embed_dim,500,end,0.8617851781814555,0,5,ari_stability_quant,4,0.889783827298984,False,False,0.8863989188192333
embed_dim,500,end,0.8617851781814555,0,5,ari_stability_quant,5,0.9952251340064493,True,True,1.0
embed_dim,500,end,0.8617851781814555,0,5,ari_stability_quant,6,0.8724133118060874,False,False,0.8860383983234758
embed_dim,500,end,0.8617851781814555,0,5,ari_stability_quant,7,0.9095788109453635,False,False,0.7539656897703012
embed_dim,500,end,0.8617851781814555,0,5,consensus_ce_stability,3,0.9829702237799463,False,False,0.6941712200740381
embed_dim,500,end,0.8617851781814555,0,5,consensus_ce_stability,4,0.9203089266265518,False,False,0.8863989188192333
embed_dim,500,end,0.8617851781814555,0,5,consensus_ce_stability,5,0.9941321270252587,True,True,1.0
embed_dim,500,end,0.8617851781814555,0,5,consensus_ce_stability,6,0.9212998361923365,False,False,0.8860383983234758
embed_dim,500,end,0.8617851781814555,0,5,consensus_ce_stability,7,0.9484431350968756,False,False,0.7539656897703012
embed_dim,500,end,0.8617851781814555,0,5,consensus_gini_stability,3,0.9900683150828085,False,False,0.6941712200740381
embed_dim,500,end,0.8617851781814555,0,5,consensus_gini_stability,4,0.9226714625354128,False,False,0.8863989188192333
embed_dim,500,end,0.8617851781814555,0,5,consensus_gini_stability,5,0.9964684379506563,True,True,1.0
embed_dim,500,end,0.8617851781814555,0,5,consensus_gini_stability,6,0.9292214028120976,False,False,0.8860383983234758
embed_dim,500,end,0.8617851781814555,0,5,consensus_gini_stability,7,0.9574723260230276,False,False,0.7539656897703012
embed_dim,500,end,0.8617851781814555,0,5,consensus_pac_stability,3,1.0,True,False,0.6941712200740381
embed_dim,500,end,0.8617851781814555,0,5,consensus_pac_stability,4,0.9236860128974872,False,False,0.8863989188192333
embed_dim,500,end,0.8617851781814555,0,5,consensus_pac_stability,5,0.9975521458750278,False,True,1.0
embed_dim,500,end,0.8617851781814555,0,5,consensus_pac_stability,6,0.9043718034245052,False,False,0.8860383983234758
embed_dim,500,end,0.8617851781814555,0,5,consensus_pac_stability,7,0.9346124082721814,False,False,0.7539656897703012
embed_dim,500,end,0.8617851781814555,0,5,silhouette,3,0.12066824210253997,False,False,0.6941712200740381
embed_dim,500,end,0.8617851781814555,0,5,silhouette,4,0.1521814865877366,False,False,0.9059013320680497
embed_dim,500,end,0.8617851781814555,0,5,silhouette,5,0.18108029804115966,False,True,0.8617851781814555
embed_dim,500,end,0.8617851781814555,0,5,silhouette,6,0.20834688202238635,False,False,0.8849481383453116
embed_dim,500,end,0.8617851781814555,0,5,silhouette,7,0.24335179559321787,True,False,0.7530090634740915
embed_dim,500,end,0.8617851781814555,0,5,gap,3,-0.0748968337295377,False,False,0.6941712200740381
embed_dim,500,end,0.8617851781814555,0,5,gap,4,-0.021895926768415563,False,False,0.9059013320680497
embed_dim,500,end,0.8617851781814555,0,5,gap,5,0.0377648151176011,False,True,0.8617851781814555
embed_dim,500,end,0.8617851781814555,0,5,gap,6,0.10473172263250774,False,False,0.8849481383453116
embed_dim,500,end,0.8617851781814555,0,5,gap,7,0.1994576351474855,True,False,0.7530090634740915
embed_dim,500,end,0.8617851781814555,0,5,davies_bouldin,3,0.2403763290096975,False,False,0.6941712200740381
embed_dim,500,end,0.8617851781814555,0,5,davies_bouldin,4,0.2559451726910764,False,False,0.9059013320680497
embed_dim,500,end,0.8617851781814555,0,5,davies_bouldin,5,0.2868302138254673,False,True,0.8617851781814555
embed_dim,500,end,0.8617851781814555,0,5,davies_bouldin,6,0.30755515240100284,False,False,0.8849481383453116
embed_dim,500,end,0.8617851781814555,0,5,davies_bouldin,7,0.32719085790379177,True,False,0.7530090634740915
embed_dim,500,end,0.8617851781814555,0,5,calinski_harabasz,3,108.81637325600154,False,False,0.6941712200740381
embed_dim,500,end,0.8617851781814555,0,5,calinski_harabasz,4,104.85322807493816,False,False,0.9059013320680497
embed_dim,500,end,0.8617851781814555,0,5,calinski_harabasz,5,107.30990418571693,False,True,0.8617851781814555
embed_dim,500,end,0.8617851781814555,0,5,calinski_harabasz,6,113.11925713057872,False,False,0.8849481383453116
embed_dim,500,end,0.8617851781814555,0,5,calinski_harabasz,7,128.92284484586298,True,False,0.7530090634740915
embed_dim,500,end,1.0,1,5,accuracy_generalizability,3,0.9468579591634194,True,False,0.7173543310395066
embed_dim,500,end,1.0,1,5,accuracy_generalizability,4,0.6925417813919894,False,False,0.9324454146790714
embed_dim,500,end,1.0,1,5,accuracy_generalizability,5,0.6219721963102225,False,True,1.0
embed_dim,500,end,1.0,1,5,accuracy_generalizability,6,0.6801948329655102,False,False,0.9281114998523177
embed_dim,500,end,1.0,1,5,accuracy_generalizability,7,0.7002849697488487,False,False,0.7426084069933802
embed_dim,500,end,1.0,1,5,ari_generalizability,3,0.8918510408224491,True,False,0.7173543310395066
embed_dim,500,end,1.0,1,5,ari_generalizability,4,0.664540076754512,False,False,0.9324454146790714
embed_dim,500,end,1.0,1,5,ari_generalizability,5,0.5650191715950388,False,True,1.0
embed_dim,500,end,1.0,1,5,ari_generalizability,6,0.5969977892991148,False,False,0.9281114998523177
embed_dim,500,end,1.0,1,5,ari_generalizability,7,0.6348661669646349,False,False,0.7426084069933802
embed_dim,500,end,1.0,1,5,ari_generalizability_1se,3,0.8918510408224491,True,False,0.7173543310395066
embed_dim,500,end,1.0,1,5,ari_generalizability_1se,4,0.664540076754512,False,False,0.9324454146790714
embed_dim,500,end,1.0,1,5,ari_generalizability_1se,5,0.5650191715950388,False,True,1.0
embed_dim,500,end,1.0,1,5,ari_generalizability_1se,6,0.5969977892991148,False,False,0.9281114998523177
embed_dim,500,end,1.0,1,5,ari_generalizability_1se,7,0.6348661669646349,False,False,0.7426084069933802
embed_dim,500,end,1.0,1,5,ari_generalizability_quant,3,0.8918510408224491,False,False,0.7173543310395066
embed_dim,500,end,1.0,1,5,ari_generalizability_quant,4,0.664540076754512,False,False,0.9324454146790714
embed_dim,500,end,1.0,1,5,ari_generalizability_quant,5,0.5650191715950388,False,True,1.0
embed_dim,500,end,1.0,1,5,ari_generalizability_quant,6,0.5969977892991148,False,False,0.9281114998523177
embed_dim,500,end,1.0,1,5,ari_generalizability_quant,7,0.6348661669646349,True,False,0.7426084069933802
embed_dim,500,end,1.0,1,5,ari_stability,3,0.9234151249652776,False,False,0.7173543310395066
embed_dim,500,end,1.0,1,5,ari_stability,4,0.9866814290378246,True,False,0.9324454146790714
embed_dim,500,end,1.0,1,5,ari_stability,5,0.8957905340855925,False,True,1.0
embed_dim,500,end,1.0,1,5,ari_stability,6,0.8088314024726181,False,False,0.9289458107687811
embed_dim,500,end,1.0,1,5,ari_stability,7,0.8211227087740405,False,False,0.7466238020788922
embed_dim,500,end,1.0,1,5,ari_stability_1se,3,0.9234151249652776,False,False,0.7173543310395066
embed_dim,500,end,1.0,1,5,ari_stability_1se,4,0.9866814290378246,True,False,0.9324454146790714
embed_dim,500,end,1.0,1,5,ari_stability_1se,5,0.8957905340855925,False,True,1.0
embed_dim,500,end,1.0,1,5,ari_stability_1se,6,0.8088314024726181,False,False,0.9289458107687811
embed_dim,500,end,1.0,1,5,ari_stability_1se,7,0.8211227087740405,False,False,0.7466238020788922
embed_dim,500,end,1.0,1,5,ari_stability_quant,3,0.9234151249652776,False,False,0.7173543310395066
embed_dim,500,end,1.0,1,5,ari_stability_quant,4,0.9866814290378246,True,False,0.9324454146790714
embed_dim,500,end,1.0,1,5,ari_stability_quant,5,0.8957905340855925,False,True,1.0
embed_dim,500,end,1.0,1,5,ari_stability_quant,6,0.8088314024726181,False,False,0.9289458107687811
embed_dim,500,end,1.0,1,5,ari_stability_quant,7,0.8211227087740405,False,False,0.7466238020788922
embed_dim,500,end,1.0,1,5,consensus_ce_stability,3,0.9047213631072808,False,False,0.7173543310395066
embed_dim,500,end,1.0,1,5,consensus_ce_stability,4,0.985897277485796,True,False,0.9324454146790714
embed_dim,500,end,1.0,1,5,consensus_ce_stability,5,0.9140731647847777,False,True,1.0
embed_dim,500,end,1.0,1,5,consensus_ce_stability,6,0.8709078960292529,False,False,0.9289458107687811
embed_dim,500,end,1.0,1,5,consensus_ce_stability,7,0.8957459693452614,False,False,0.7466238020788922
embed_dim,500,end,1.0,1,5,consensus_gini_stability,3,0.931208742728092,False,False,0.7173543310395066
embed_dim,500,end,1.0,1,5,consensus_gini_stability,4,0.9914146099591162,True,False,0.9324454146790714
embed_dim,500,end,1.0,1,5,consensus_gini_stability,5,0.9232121922038726,False,True,1.0
embed_dim,500,end,1.0,1,5,consensus_gini_stability,6,0.8793551185369637,False,False,0.9289458107687811
embed_dim,500,end,1.0,1,5,consensus_gini_stability,7,0.9085786875528222,False,False,0.7466238020788922
embed_dim,500,end,1.0,1,5,consensus_pac_stability,3,0.8134507449410718,False,False,0.7173543310395066
embed_dim,500,end,1.0,1,5,consensus_pac_stability,4,0.9919439626417612,True,False,0.9324454146790714
embed_dim,500,end,1.0,1,5,consensus_pac_stability,5,0.8856731154102735,False,True,1.0
embed_dim,500,end,1.0,1,5,consensus_pac_stability,6,0.8505937291527685,False,False,0.9289458107687811
embed_dim,500,end,1.0,1,5,consensus_pac_stability,7,0.8570647098065377,False,False,0.7466238020788922
embed_dim,500,end,1.0,1,5,silhouette,3,0.12229198607235976,False,False,0.7173543310395066
embed_dim,500,end,1.0,1,5,silhouette,4,0.1474213099589689,False,False,0.9324454146790714
embed_dim,500,end,1.0,1,5,silhouette,5,0.16363522344718673,False,True,1.0
embed_dim,500,end,1.0,1,5,silhouette,6,0.20250283660968846,False,False,0.8312956849850414
embed_dim,500,end,1.0,1,5,silhouette,7,0.2341424915568106,True,False,0.7383137723233372
embed_dim,500,end,1.0,1,5,gap,3,-0.06277643719371717,False,False,0.7173543310395066
embed_dim,500,end,1.0,1,5,gap,4,-0.01885064767560607,False,False,0.9324454146790714
embed_dim,500,end,1.0,1,5,gap,5,0.012819427464751953,False,True,1.0
embed_dim,500,end,1.0,1,5,gap,6,0.10413630699553877,False,False,0.8312956849850414
embed_dim,500,end,1.0,1,5,gap,7,0.18760428735981094,True,False,0.7383137723233372
embed_dim,500,end,1.0,1,5,davies_bouldin,3,0.2402433203846779,False,False,0.7173543310395066
embed_dim,500,end,1.0,1,5,davies_bouldin,4,0.2473467513739897,False,False,0.9324454146790714
embed_dim,500,end,1.0,1,5,davies_bouldin,5,0.2740011790658181,False,True,1.0
embed_dim,500,end,1.0,1,5,davies_bouldin,6,0.2903583739969337,False,False,0.8312956849850414
embed_dim,500,end,1.0,1,5,davies_bouldin,7,0.30595528004622613,True,False,0.7383137723233372
embed_dim,500,end,1.0,1,5,calinski_harabasz,3,111.1661195257769,False,False,0.7173543310395066
embed_dim,500,end,1.0,1,5,calinski_harabasz,4,101.06253322450098,False,False,0.9324454146790714
embed_dim,500,end,1.0,1,5,calinski_harabasz,5,91.09050298107987,False,True,1.0
embed_dim,500,end,1.0,1,5,calinski_harabasz,6,109.07642344747076,False,False,0.8312956849850414
embed_dim,500,end,1.0,1,5,calinski_harabasz,7,121.01477600875123,True,False,0.7383137723233372
embed_dim,500,end,0.6651359377120322,2,5,accuracy_generalizability,3,0.6421434797905446,False,False,0.7952917543949599
embed_dim,500,end,0.6651359377120322,2,5,accuracy_generalizability,4,0.5803960155481066,False,False,0.9340645176702943
embed_dim,500,end,0.6651359377120322,2,5,accuracy_generalizability,5,0.6116257833901602,False,True,1.0
embed_dim,500,end,0.6651359377120322,2,5,accuracy_generalizability,6,0.6204334778121012,False,False,0.7358531535006712
embed_dim,500,end,0.6651359377120322,2,5,accuracy_generalizability,7,0.6706484851345971,True,False,0.6800214138099039
embed_dim,500,end,0.6651359377120322,2,5,ari_generalizability,3,0.5266262717580559,False,False,0.7952917543949599
embed_dim,500,end,0.6651359377120322,2,5,ari_generalizability,4,0.46392468868217435,False,False,0.9340645176702943
embed_dim,500,end,0.6651359377120322,2,5,ari_generalizability,5,0.514629984770853,False,True,1.0
embed_dim,500,end,0.6651359377120322,2,5,ari_generalizability,6,0.5592273431000883,False,False,0.7358531535006712
embed_dim,500,end,0.6651359377120322,2,5,ari_generalizability,7,0.6124165043335189,True,False,0.6800214138099039
embed_dim,500,end,0.6651359377120322,2,5,ari_generalizability_1se,3,0.5266262717580559,False,False,0.7952917543949599
embed_dim,500,end,0.6651359377120322,2,5,ari_generalizability_1se,4,0.46392468868217435,False,False,0.9340645176702943
embed_dim,500,end,0.6651359377120322,2,5,ari_generalizability_1se,5,0.514629984770853,False,True,1.0
embed_dim,500,end,0.6651359377120322,2,5,ari_generalizability_1se,6,0.5592273431000883,False,False,0.7358531535006712
embed_dim,500,end,0.6651359377120322,2,5,ari_generalizability_1se,7,0.6124165043335189,True,False,0.6800214138099039
embed_dim,500,end,0.6651359377120322,2,5,ari_generalizability_quant,3,0.5266262717580559,False,False,0.7952917543949599
embed_dim,500,end,0.6651359377120322,2,5,ari_generalizability_quant,4,0.46392468868217435,False,False,0.9340645176702943
embed_dim,500,end,0.6651359377120322,2,5,ari_generalizability_quant,5,0.514629984770853,False,True,1.0
embed_dim,500,end,0.6651359377120322,2,5,ari_generalizability_quant,6,0.5592273431000883,False,False,0.7358531535006712
embed_dim,500,end,0.6651359377120322,2,5,ari_generalizability_quant,7,0.6124165043335189,True,False,0.6800214138099039
embed_dim,500,end,0.6651359377120322,2,5,ari_stability,3,0.9683495966331589,True,False,0.7952917543949599
embed_dim,500,end,0.6651359377120322,2,5,ari_stability,4,0.925513833427622,False,False,0.9340645176702943
embed_dim,500,end,0.6651359377120322,2,5,ari_stability,5,0.800287184178208,False,True,1.0
embed_dim,500,end,0.6651359377120322,2,5,ari_stability,6,0.9412742539229686,False,False,0.736221647221938
embed_dim,500,end,0.6651359377120322,2,5,ari_stability,7,0.859633389317827,False,False,0.6803775299977624
embed_dim,500,end,0.6651359377120322,2,5,ari_stability_1se,3,0.9683495966331589,True,False,0.7952917543949599
embed_dim,500,end,0.6651359377120322,2,5,ari_stability_1se,4,0.925513833427622,False,False,0.9340645176702943
embed_dim,500,end,0.6651359377120322,2,5,ari_stability_1se,5,0.800287184178208,False,True,1.0
embed_dim,500,end,0.6651359377120322,2,5,ari_stability_1se,6,0.9412742539229686,False,False,0.736221647221938
embed_dim,500,end,0.6651359377120322,2,5,ari_stability_1se,7,0.859633389317827,False,False,0.6803775299977624
embed_dim,500,end,0.6651359377120322,2,5,ari_stability_quant,3,0.9683495966331589,False,False,0.7952917543949599
embed_dim,500,end,0.6651359377120322,2,5,ari_stability_quant,4,0.925513833427622,False,False,0.9340645176702943
embed_dim,500,end,0.6651359377120322,2,5,ari_stability_quant,5,0.800287184178208,False,True,1.0
embed_dim,500,end,0.6651359377120322,2,5,ari_stability_quant,6,0.9412742539229686,False,False,0.736221647221938
embed_dim,500,end,0.6651359377120322,2,5,ari_stability_quant,7,0.859633389317827,True,False,0.6803775299977624
embed_dim,500,end,0.6651359377120322,2,5,consensus_ce_stability,3,0.9650826517993187,True,False,0.7952917543949599
embed_dim,500,end,0.6651359377120322,2,5,consensus_ce_stability,4,0.9447275690933549,False,False,0.9340645176702943
embed_dim,500,end,0.6651359377120322,2,5,consensus_ce_stability,5,0.8463355481736148,False,True,1.0
embed_dim,500,end,0.6651359377120322,2,5,consensus_ce_stability,6,0.9552107192835719,False,False,0.736221647221938
embed_dim,500,end,0.6651359377120322,2,5,consensus_ce_stability,7,0.9129029037219791,False,False,0.6803775299977624
embed_dim,500,end,0.6651359377120322,2,5,consensus_gini_stability,3,0.9775269154338945,True,False,0.7952917543949599
embed_dim,500,end,0.6651359377120322,2,5,consensus_gini_stability,4,0.9451220650317077,False,False,0.9340645176702943
embed_dim,500,end,0.6651359377120322,2,5,consensus_gini_stability,5,0.8576645707031396,False,True,1.0
embed_dim,500,end,0.6651359377120322,2,5,consensus_gini_stability,6,0.9651817478545863,False,False,0.736221647221938
embed_dim,500,end,0.6651359377120322,2,5,consensus_gini_stability,7,0.923454596942273,False,False,0.6803775299977624
embed_dim,500,end,0.6651359377120322,2,5,consensus_pac_stability,3,0.9568387814098288,True,False,0.7952917543949599
embed_dim,500,end,0.6651359377120322,2,5,consensus_pac_stability,4,0.9436584389593062,False,False,0.9340645176702943
embed_dim,500,end,0.6651359377120322,2,5,consensus_pac_stability,5,0.8325230153435623,False,True,1.0
embed_dim,500,end,0.6651359377120322,2,5,consensus_pac_stability,6,0.9404963308872581,False,False,0.736221647221938
embed_dim,500,end,0.6651359377120322,2,5,consensus_pac_stability,7,0.8822112519457416,False,False,0.6803775299977624
embed_dim,500,end,0.6651359377120322,2,5,silhouette,3,0.1469420376787267,False,False,0.7952917543949599
embed_dim,500,end,0.6651359377120322,2,5,silhouette,4,0.16462557285315232,False,False,0.9340645176702943
embed_dim,500,end,0.6651359377120322,2,5,silhouette,5,0.2143589463443225,False,True,0.6651359377120322
embed_dim,500,end,0.6651359377120322,2,5,silhouette,6,0.23586594896300028,False,False,0.556751795016641
embed_dim,500,end,0.6651359377120322,2,5,silhouette,7,0.26288508515668463,True,False,0.6381498476850549
embed_dim,500,end,0.6651359377120322,2,5,gap,3,-0.050875472917642384,False,False,0.7952917543949599
embed_dim,500,end,0.6651359377120322,2,5,gap,4,-0.01276260386024397,False,False,0.9340645176702943
embed_dim,500,end,0.6651359377120322,2,5,gap,5,0.11748562627872339,False,True,0.6651359377120322
embed_dim,500,end,0.6651359377120322,2,5,gap,6,0.22082418503252477,False,False,0.556751795016641
embed_dim,500,end,0.6651359377120322,2,5,gap,7,0.26984981106227224,True,False,0.6381498476850549
embed_dim,500,end,0.6651359377120322,2,5,davies_bouldin,3,0.24851648438473503,False,False,0.7952917543949599
embed_dim,500,end,0.6651359377120322,2,5,davies_bouldin,4,0.25532172320270885,False,False,0.9340645176702943
embed_dim,500,end,0.6651359377120322,2,5,davies_bouldin,5,0.2778561562572794,False,True,0.6651359377120322
embed_dim,500,end,0.6651359377120322,2,5,davies_bouldin,6,0.3008828276631148,False,False,0.556751795016641
embed_dim,500,end,0.6651359377120322,2,5,davies_bouldin,7,0.3187350835260833,True,False,0.6381498476850549
embed_dim,500,end,0.6651359377120322,2,5,calinski_harabasz,3,126.35505558939553,False,False,0.7952917543949599
embed_dim,500,end,0.6651359377120322,2,5,calinski_harabasz,4,108.15396914432021,False,False,0.9340645176702943
embed_dim,500,end,0.6651359377120322,2,5,calinski_harabasz,5,145.30851801031756,False,True,0.6651359377120322
embed_dim,500,end,0.6651359377120322,2,5,calinski_harabasz,6,162.1419845878609,True,False,0.556751795016641
embed_dim,500,end,0.6651359377120322,2,5,calinski_harabasz,7,154.94024568026202,False,False,0.6381498476850549
embed_dim,500,end,1.0,3,5,accuracy_generalizability,3,0.9526449339156513,True,False,0.7900248740373653
embed_dim,500,end,1.0,3,5,accuracy_generalizability,4,0.6899358983132755,False,False,0.941166616335169
embed_dim,500,end,1.0,3,5,accuracy_generalizability,5,0.5859178911779809,False,True,1.0
embed_dim,500,end,1.0,3,5,accuracy_generalizability,6,0.5780304220855846,False,False,0.7954198580875653
embed_dim,500,end,1.0,3,5,accuracy_generalizability,7,0.634727345703804,False,False,0.6934638845614709
embed_dim,500,end,1.0,3,5,ari_generalizability,3,0.9286733541729965,True,False,0.7900248740373653
embed_dim,500,end,1.0,3,5,ari_generalizability,4,0.6570885442230707,False,False,0.941166616335169
embed_dim,500,end,1.0,3,5,ari_generalizability,5,0.5442757468681824,False,True,1.0
embed_dim,500,end,1.0,3,5,ari_generalizability,6,0.5232433124456822,False,False,0.7954198580875653
embed_dim,500,end,1.0,3,5,ari_generalizability,7,0.5659599289679725,False,False,0.6934638845614709
embed_dim,500,end,1.0,3,5,ari_generalizability_1se,3,0.9286733541729965,True,False,0.7900248740373653
embed_dim,500,end,1.0,3,5,ari_generalizability_1se,4,0.6570885442230707,False,False,0.941166616335169
embed_dim,500,end,1.0,3,5,ari_generalizability_1se,5,0.5442757468681824,False,True,1.0
embed_dim,500,end,1.0,3,5,ari_generalizability_1se,6,0.5232433124456822,False,False,0.7954198580875653
embed_dim,500,end,1.0,3,5,ari_generalizability_1se,7,0.5659599289679725,False,False,0.6934638845614709
embed_dim,500,end,1.0,3,5,ari_generalizability_quant,3,0.9286733541729965,False,False,0.7900248740373653
embed_dim,500,end,1.0,3,5,ari_generalizability_quant,4,0.6570885442230707,False,False,0.941166616335169
embed_dim,500,end,1.0,3,5,ari_generalizability_quant,5,0.5442757468681824,False,True,1.0
embed_dim,500,end,1.0,3,5,ari_generalizability_quant,6,0.5232433124456822,False,False,0.7954198580875653
embed_dim,500,end,1.0,3,5,ari_generalizability_quant,7,0.5659599289679725,True,False,0.6934638845614709
embed_dim,500,end,1.0,3,5,ari_stability,3,0.9964212661685479,True,False,0.7900248740373653
embed_dim,500,end,1.0,3,5,ari_stability,4,0.9425813143958847,False,False,0.941166616335169
embed_dim,500,end,1.0,3,5,ari_stability,5,0.8945575139189327,False,True,1.0
embed_dim,500,end,1.0,3,5,ari_stability,6,0.9356091811582428,False,False,0.7954198580875653
embed_dim,500,end,1.0,3,5,ari_stability,7,0.8984402642533038,False,False,0.6995933137802957
embed_dim,500,end,1.0,3,5,ari_stability_1se,3,0.9964212661685479,True,False,0.7900248740373653
embed_dim,500,end,1.0,3,5,ari_stability_1se,4,0.9425813143958847,False,False,0.941166616335169
embed_dim,500,end,1.0,3,5,ari_stability_1se,5,0.8945575139189327,False,True,1.0
embed_dim,500,end,1.0,3,5,ari_stability_1se,6,0.9356091811582428,False,False,0.7954198580875653
embed_dim,500,end,1.0,3,5,ari_stability_1se,7,0.8984402642533038,False,False,0.6995933137802957
embed_dim,500,end,1.0,3,5,ari_stability_quant,3,0.9964212661685479,True,False,0.7900248740373653
embed_dim,500,end,1.0,3,5,ari_stability_quant,4,0.9425813143958847,False,False,0.941166616335169
embed_dim,500,end,1.0,3,5,ari_stability_quant,5,0.8945575139189327,False,True,1.0
embed_dim,500,end,1.0,3,5,ari_stability_quant,6,0.9356091811582428,False,False,0.7954198580875653
embed_dim,500,end,1.0,3,5,ari_stability_quant,7,0.8984402642533038,False,False,0.6995933137802957
embed_dim,500,end,1.0,3,5,consensus_ce_stability,3,0.9999999999586944,True,False,0.7900248740373653
embed_dim,500,end,1.0,3,5,consensus_ce_stability,4,0.9568365584520555,False,False,0.941166616335169
embed_dim,500,end,1.0,3,5,consensus_ce_stability,5,0.9213421117680873,False,True,1.0
embed_dim,500,end,1.0,3,5,consensus_ce_stability,6,0.9554916339149704,False,False,0.7954198580875653
embed_dim,500,end,1.0,3,5,consensus_ce_stability,7,0.9415057542608553,False,False,0.6995933137802957
embed_dim,500,end,1.0,3,5,consensus_gini_stability,3,1.0,True,False,0.7900248740373653
embed_dim,500,end,1.0,3,5,consensus_gini_stability,4,0.9612025351428493,False,False,0.941166616335169
embed_dim,500,end,1.0,3,5,consensus_gini_stability,5,0.9308376040536235,False,True,1.0
embed_dim,500,end,1.0,3,5,consensus_gini_stability,6,0.9648430126648667,False,False,0.7954198580875653
embed_dim,500,end,1.0,3,5,consensus_gini_stability,7,0.9519133565985413,False,False,0.6995933137802957
embed_dim,500,end,1.0,3,5,consensus_pac_stability,3,1.0,True,False,0.7900248740373653
embed_dim,500,end,1.0,3,5,consensus_pac_stability,4,0.9433026462085835,False,False,0.941166616335169
embed_dim,500,end,1.0,3,5,consensus_pac_stability,5,0.8954325105625973,False,True,1.0
embed_dim,500,end,1.0,3,5,consensus_pac_stability,6,0.9373199911051813,False,False,0.7954198580875653
embed_dim,500,end,1.0,3,5,consensus_pac_stability,7,0.9179533022014676,False,False,0.6995933137802957
embed_dim,500,end,1.0,3,5,silhouette,3,0.12986004927088113,False,False,0.7900248740373653
embed_dim,500,end,1.0,3,5,silhouette,4,0.15427834532974816,False,False,0.941166616335169
embed_dim,500,end,1.0,3,5,silhouette,5,0.17230283260004134,False,True,1.0
embed_dim,500,end,1.0,3,5,silhouette,6,0.21407878863218358,False,False,0.7982448059209775
embed_dim,500,end,1.0,3,5,silhouette,7,0.23399628770357117,True,False,0.7599969763840038
embed_dim,500,end,1.0,3,5,gap,3,-0.0871758386570125,False,False,0.7900248740373653
embed_dim,500,end,1.0,3,5,gap,4,-0.04192292284737853,False,False,0.941166616335169
embed_dim,500,end,1.0,3,5,gap,5,-0.007790579466064429,False,True,1.0
embed_dim,500,end,1.0,3,5,gap,6,0.10379731495580735,False,False,0.7982448059209775
embed_dim,500,end,1.0,3,5,gap,7,0.15095082306076613,True,False,0.7599969763840038
embed_dim,500,end,1.0,3,5,davies_bouldin,3,0.23743164856837543,False,False,0.7900248740373653
embed_dim,500,end,1.0,3,5,davies_bouldin,4,0.25760253621918483,False,False,0.941166616335169
embed_dim,500,end,1.0,3,5,davies_bouldin,5,0.2879952641343728,False,True,1.0
embed_dim,500,end,1.0,3,5,davies_bouldin,6,0.3052769563636887,False,False,0.7982448059209775
embed_dim,500,end,1.0,3,5,davies_bouldin,7,0.32036293381167286,True,False,0.7599969763840038
embed_dim,500,end,1.0,3,5,calinski_harabasz,3,113.06979055508283,False,False,0.7900248740373653
embed_dim,500,end,1.0,3,5,calinski_harabasz,4,103.15459841468804,False,False,0.941166616335169
embed_dim,500,end,1.0,3,5,calinski_harabasz,5,93.88394065793547,False,True,1.0
embed_dim,500,end,1.0,3,5,calinski_harabasz,6,119.88709862391178,True,False,0.7982448059209775
embed_dim,500,end,1.0,3,5,calinski_harabasz,7,117.28356865625938,False,False,0.7599969763840038
embed_dim,500,end,1.0,4,5,accuracy_generalizability,3,0.6465145056598736,False,False,0.5298490727060144
embed_dim,500,end,1.0,4,5,accuracy_generalizability,4,0.8689025608623857,True,False,0.8252676208919183
embed_dim,500,end,1.0,4,5,accuracy_generalizability,5,0.8257564139100821,False,True,1.0
embed_dim,500,end,1.0,4,5,accuracy_generalizability,6,0.7815653595339008,False,False,0.8903713559571014
embed_dim,500,end,1.0,4,5,accuracy_generalizability,7,0.7765214421706093,False,False,0.8191292112889227
embed_dim,500,end,1.0,4,5,ari_generalizability,3,0.381173846715386,False,False,0.5298490727060144
embed_dim,500,end,1.0,4,5,ari_generalizability,4,0.7201909289272196,False,False,0.8252676208919183
embed_dim,500,end,1.0,4,5,ari_generalizability,5,0.764032116147141,True,True,1.0
embed_dim,500,end,1.0,4,5,ari_generalizability,6,0.7176449543914165,False,False,0.8903713559571014
embed_dim,500,end,1.0,4,5,ari_generalizability,7,0.6998492636427461,False,False,0.8191292112889227
embed_dim,500,end,1.0,4,5,ari_generalizability_1se,3,0.381173846715386,False,False,0.5298490727060144
embed_dim,500,end,1.0,4,5,ari_generalizability_1se,4,0.7201909289272196,False,False,0.8252676208919183
embed_dim,500,end,1.0,4,5,ari_generalizability_1se,5,0.764032116147141,True,True,1.0
embed_dim,500,end,1.0,4,5,ari_generalizability_1se,6,0.7176449543914165,False,False,0.8903713559571014
embed_dim,500,end,1.0,4,5,ari_generalizability_1se,7,0.6998492636427461,False,False,0.8191292112889227
embed_dim,500,end,1.0,4,5,ari_generalizability_quant,3,0.381173846715386,False,False,0.5298490727060144
embed_dim,500,end,1.0,4,5,ari_generalizability_quant,4,0.7201909289272196,False,False,0.8252676208919183
embed_dim,500,end,1.0,4,5,ari_generalizability_quant,5,0.764032116147141,False,True,1.0
embed_dim,500,end,1.0,4,5,ari_generalizability_quant,6,0.7176449543914165,False,False,0.8903713559571014
embed_dim,500,end,1.0,4,5,ari_generalizability_quant,7,0.6998492636427461,True,False,0.8191292112889227
embed_dim,500,end,1.0,4,5,ari_stability,3,0.484863533064826,False,False,0.5298490727060144
embed_dim,500,end,1.0,4,5,ari_stability,4,0.804451654625784,False,False,0.8252676208919183
embed_dim,500,end,1.0,4,5,ari_stability,5,0.8975071235572617,True,True,1.0
embed_dim,500,end,1.0,4,5,ari_stability,6,0.8557081218366617,False,False,0.8903713559571014
embed_dim,500,end,1.0,4,5,ari_stability,7,0.8305546724181272,False,False,0.8154989026632744
embed_dim,500,end,1.0,4,5,ari_stability_1se,3,0.484863533064826,False,False,0.5298490727060144
embed_dim,500,end,1.0,4,5,ari_stability_1se,4,0.804451654625784,False,False,0.8252676208919183
embed_dim,500,end,1.0,4,5,ari_stability_1se,5,0.8975071235572617,True,True,1.0
embed_dim,500,end,1.0,4,5,ari_stability_1se,6,0.8557081218366617,False,False,0.8903713559571014
embed_dim,500,end,1.0,4,5,ari_stability_1se,7,0.8305546724181272,False,False,0.8154989026632744
embed_dim,500,end,1.0,4,5,ari_stability_quant,3,0.484863533064826,False,False,0.5298490727060144
embed_dim,500,end,1.0,4,5,ari_stability_quant,4,0.804451654625784,False,False,0.8252676208919183
embed_dim,500,end,1.0,4,5,ari_stability_quant,5,0.8975071235572617,False,True,1.0
embed_dim,500,end,1.0,4,5,ari_stability_quant,6,0.8557081218366617,False,False,0.8903713559571014
embed_dim,500,end,1.0,4,5,ari_stability_quant,7,0.8305546724181272,True,False,0.8154989026632744
embed_dim,500,end,1.0,4,5,consensus_ce_stability,3,0.44338688693217604,False,False,0.5298490727060144
embed_dim,500,end,1.0,4,5,consensus_ce_stability,4,0.834503621535581,False,False,0.8252676208919183
embed_dim,500,end,1.0,4,5,consensus_ce_stability,5,0.9212078850606604,True,True,1.0
embed_dim,500,end,1.0,4,5,consensus_ce_stability,6,0.9030782344730867,False,False,0.8903713559571014
embed_dim,500,end,1.0,4,5,consensus_ce_stability,7,0.8889179692405947,False,False,0.8154989026632744
embed_dim,500,end,1.0,4,5,consensus_gini_stability,3,0.4970903171455571,False,False,0.5298490727060144
embed_dim,500,end,1.0,4,5,consensus_gini_stability,4,0.8494677757924369,False,False,0.8252676208919183
embed_dim,500,end,1.0,4,5,consensus_gini_stability,5,0.9382626784103938,True,True,1.0
embed_dim,500,end,1.0,4,5,consensus_gini_stability,6,0.921173691449083,False,False,0.8903713559571014
embed_dim,500,end,1.0,4,5,consensus_gini_stability,7,0.9072239338533379,False,False,0.8154989026632744
embed_dim,500,end,1.0,4,5,consensus_pac_stability,3,0.23618857015788308,False,False,0.5298490727060144
embed_dim,500,end,1.0,4,5,consensus_pac_stability,4,0.7955979541916833,False,False,0.8252676208919183
embed_dim,500,end,1.0,4,5,consensus_pac_stability,5,0.8939621970202357,True,True,1.0
embed_dim,500,end,1.0,4,5,consensus_pac_stability,6,0.8602659550811652,False,False,0.8903713559571014
embed_dim,500,end,1.0,4,5,consensus_pac_stability,7,0.8500466977985324,False,False,0.8154989026632744
embed_dim,500,end,1.0,4,5,silhouette,3,0.11004774109316551,False,False,0.6575555847463348
embed_dim,500,end,1.0,4,5,silhouette,4,0.1472011198659607,False,False,0.8777557993669183
embed_dim,500,end,1.0,4,5,silhouette,5,0.17192062518282522,False,True,1.0
embed_dim,500,end,1.0,4,5,silhouette,6,0.2073631919400093,False,False,0.9340074817387135
embed_dim,500,end,1.0,4,5,silhouette,7,0.23756206617581643,True,False,0.8274957783418645
embed_dim,500,end,1.0,4,5,gap,3,-0.10437894327683139,False,False,0.6575555847463348
embed_dim,500,end,1.0,4,5,gap,4,-0.03905033911479272,False,False,0.8777557993669183
embed_dim,500,end,1.0,4,5,gap,5,0.0066454683418548655,False,True,1.0
embed_dim,500,end,1.0,4,5,gap,6,0.07935084863557407,False,False,0.9340074817387135
embed_dim,500,end,1.0,4,5,gap,7,0.158468596236645,True,False,0.8274957783418645
embed_dim,500,end,1.0,4,5,davies_bouldin,3,0.23648053285069837,False,False,0.6575555847463348
embed_dim,500,end,1.0,4,5,davies_bouldin,4,0.2595667944025007,False,False,0.8777557993669183
embed_dim,500,end,1.0,4,5,davies_bouldin,5,0.2863478469365344,False,True,1.0
embed_dim,500,end,1.0,4,5,davies_bouldin,6,0.30646631641128846,False,False,0.9340074817387135
embed_dim,500,end,1.0,4,5,davies_bouldin,7,0.3227032422228913,True,False,0.8274957783418645
embed_dim,500,end,1.0,4,5,calinski_harabasz,3,101.35405980945848,False,False,0.6575555847463348
embed_dim,500,end,1.0,4,5,calinski_harabasz,4,107.08877630979808,False,False,0.8777557993669183
embed_dim,500,end,1.0,4,5,calinski_harabasz,5,102.34773939967057,False,True,1.0
embed_dim,500,end,1.0,4,5,calinski_harabasz,6,111.23511165723176,False,False,0.9340074817387135
embed_dim,500,end,1.0,4,5,calinski_harabasz,7,121.3768909565679,True,False,0.8274957783418645
embed_dim,500,end,0.6180651666427313,5,5,accuracy_generalizability,3,0.7093752070210685,True,False,0.8471307301981542
embed_dim,500,end,0.6180651666427313,5,5,accuracy_generalizability,4,0.5337918444926757,False,False,0.9460368769112918
embed_dim,500,end,0.6180651666427313,5,5,accuracy_generalizability,5,0.47227847143018425,False,True,1.0
embed_dim,500,end,0.6180651666427313,5,5,accuracy_generalizability,6,0.49394148883213546,False,False,0.6721928331410044
embed_dim,500,end,0.6180651666427313,5,5,accuracy_generalizability,7,0.5769478291691366,False,False,0.5529035981007079
embed_dim,500,end,0.6180651666427313,5,5,ari_generalizability,3,0.5917812796520766,True,False,0.8471307301981542
embed_dim,500,end,0.6180651666427313,5,5,ari_generalizability,4,0.3750685712490117,False,False,0.9460368769112918
embed_dim,500,end,0.6180651666427313,5,5,ari_generalizability,5,0.33043468700748513,False,True,1.0
embed_dim,500,end,0.6180651666427313,5,5,ari_generalizability,6,0.39871218254738994,False,False,0.6721928331410044
embed_dim,500,end,0.6180651666427313,5,5,ari_generalizability,7,0.48069025027070944,False,False,0.5529035981007079
embed_dim,500,end,0.6180651666427313,5,5,ari_generalizability_1se,3,0.5917812796520766,True,False,0.8471307301981542
embed_dim,500,end,0.6180651666427313,5,5,ari_generalizability_1se,4,0.3750685712490117,False,False,0.9460368769112918
embed_dim,500,end,0.6180651666427313,5,5,ari_generalizability_1se,5,0.33043468700748513,False,True,1.0
embed_dim,500,end,0.6180651666427313,5,5,ari_generalizability_1se,6,0.39871218254738994,False,False,0.6721928331410044
embed_dim,500,end,0.6180651666427313,5,5,ari_generalizability_1se,7,0.48069025027070944,False,False,0.5529035981007079
embed_dim,500,end,0.6180651666427313,5,5,ari_generalizability_quant,3,0.5917812796520766,True,False,0.8471307301981542
embed_dim,500,end,0.6180651666427313,5,5,ari_generalizability_quant,4,0.3750685712490117,False,False,0.9460368769112918
embed_dim,500,end,0.6180651666427313,5,5,ari_generalizability_quant,5,0.33043468700748513,False,True,1.0
embed_dim,500,end,0.6180651666427313,5,5,ari_generalizability_quant,6,0.39871218254738994,False,False,0.6721928331410044
embed_dim,500,end,0.6180651666427313,5,5,ari_generalizability_quant,7,0.48069025027070944,False,False,0.5529035981007079
embed_dim,500,end,0.6180651666427313,5,5,ari_stability,3,0.8098427753867903,False,False,0.8471307301981542
embed_dim,500,end,0.6180651666427313,5,5,ari_stability,4,0.7976617089548023,False,False,0.9460368769112918
embed_dim,500,end,0.6180651666427313,5,5,ari_stability,5,0.7992651973505603,False,True,1.0
embed_dim,500,end,0.6180651666427313,5,5,ari_stability,6,0.920460117050373,True,False,0.671290337021365
embed_dim,500,end,0.6180651666427313,5,5,ari_stability,7,0.9182567836310572,False,False,0.5513333305629252
embed_dim,500,end,0.6180651666427313,5,5,ari_stability_1se,3,0.8098427753867903,False,False,0.8471307301981542
embed_dim,500,end,0.6180651666427313,5,5,ari_stability_1se,4,0.7976617089548023,False,False,0.9460368769112918
embed_dim,500,end,0.6180651666427313,5,5,ari_stability_1se,5,0.7992651973505603,False,True,1.0
embed_dim,500,end,0.6180651666427313,5,5,ari_stability_1se,6,0.920460117050373,False,False,0.671290337021365
embed_dim,500,end,0.6180651666427313,5,5,ari_stability_1se,7,0.9182567836310572,True,False,0.5513333305629252
embed_dim,500,end,0.6180651666427313,5,5,ari_stability_quant,3,0.8098427753867903,False,False,0.8471307301981542
embed_dim,500,end,0.6180651666427313,5,5,ari_stability_quant,4,0.7976617089548023,False,False,0.9460368769112918
embed_dim,500,end,0.6180651666427313,5,5,ari_stability_quant,5,0.7992651973505603,False,True,1.0
embed_dim,500,end,0.6180651666427313,5,5,ari_stability_quant,6,0.920460117050373,False,False,0.671290337021365
embed_dim,500,end,0.6180651666427313,5,5,ari_stability_quant,7,0.9182567836310572,True,False,0.5513333305629252
embed_dim,500,end,0.6180651666427313,5,5,consensus_ce_stability,3,0.7847652837120279,False,False,0.8471307301981542
embed_dim,500,end,0.6180651666427313,5,5,consensus_ce_stability,4,0.7795013957965555,False,False,0.9460368769112918
embed_dim,500,end,0.6180651666427313,5,5,consensus_ce_stability,5,0.8023697637505811,False,True,1.0
embed_dim,500,end,0.6180651666427313,5,5,consensus_ce_stability,6,0.9339310199471829,False,False,0.671290337021365
embed_dim,500,end,0.6180651666427313,5,5,consensus_ce_stability,7,0.9539215900535657,True,False,0.5513333305629252
embed_dim,500,end,0.6180651666427313,5,5,consensus_gini_stability,3,0.8032593478123502,False,False,0.8471307301981542
embed_dim,500,end,0.6180651666427313,5,5,consensus_gini_stability,4,0.8012922190478745,False,False,0.9460368769112918
embed_dim,500,end,0.6180651666427313,5,5,consensus_gini_stability,5,0.8175177729125723,False,True,1.0
embed_dim,500,end,0.6180651666427313,5,5,consensus_gini_stability,6,0.9491241647863864,False,False,0.671290337021365
embed_dim,500,end,0.6180651666427313,5,5,consensus_gini_stability,7,0.962204222818509,True,False,0.5513333305629252
embed_dim,500,end,0.6180651666427313,5,5,consensus_pac_stability,3,0.7114111629975539,False,False,0.8471307301981542
embed_dim,500,end,0.6180651666427313,5,5,consensus_pac_stability,4,0.7030028908160997,False,False,0.9460368769112918
embed_dim,500,end,0.6180651666427313,5,5,consensus_pac_stability,5,0.7621987991994663,False,True,1.0
embed_dim,500,end,0.6180651666427313,5,5,consensus_pac_stability,6,0.9091420947298199,False,False,0.671290337021365
embed_dim,500,end,0.6180651666427313,5,5,consensus_pac_stability,7,0.9475196797865244,True,False,0.5513333305629252
embed_dim,500,end,0.6180651666427313,5,5,silhouette,3,0.1502885793851569,False,False,0.8220072467334718
embed_dim,500,end,0.6180651666427313,5,5,silhouette,4,0.16956927816047093,False,False,0.9497392944006365
embed_dim,500,end,0.6180651666427313,5,5,silhouette,5,0.23171729454906062,False,True,0.6180651666427313
embed_dim,500,end,0.6180651666427313,5,5,silhouette,6,0.2466911594278668,False,False,0.4953012523708306
embed_dim,500,end,0.6180651666427313,5,5,silhouette,7,0.2921591319750999,True,False,0.5507885347449825
embed_dim,500,end,0.6180651666427313,5,5,gap,3,-0.01967310000157063,False,False,0.8220072467334718
embed_dim,500,end,0.6180651666427313,5,5,gap,4,0.02077950954692298,False,False,0.9497392944006365
embed_dim,500,end,0.6180651666427313,5,5,gap,5,0.17316300570726995,False,True,0.6180651666427313
embed_dim,500,end,0.6180651666427313,5,5,gap,6,0.24781969218241073,False,False,0.4953012523708306
embed_dim,500,end,0.6180651666427313,5,5,gap,7,0.36813062724172596,True,False,0.5507885347449825
embed_dim,500,end,0.6180651666427313,5,5,davies_bouldin,3,0.24319179413397826,False,False,0.8220072467334718
embed_dim,500,end,0.6180651666427313,5,5,davies_bouldin,4,0.2549500036349704,False,False,0.9497392944006365
embed_dim,500,end,0.6180651666427313,5,5,davies_bouldin,5,0.2786406982527981,False,True,0.6180651666427313
embed_dim,500,end,0.6180651666427313,5,5,davies_bouldin,6,0.31122239809311886,False,False,0.4953012523708306
embed_dim,500,end,0.6180651666427313,5,5,davies_bouldin,7,0.3254984266363684,True,False,0.5507885347449825
embed_dim,500,end,0.6180651666427313,5,5,calinski_harabasz,3,109.40157703161542,False,False,0.8220072467334718
embed_dim,500,end,0.6180651666427313,5,5,calinski_harabasz,4,97.79170554424896,False,False,0.9497392944006365
embed_dim,500,end,0.6180651666427313,5,5,calinski_harabasz,5,147.86966817791608,False,True,0.6180651666427313
embed_dim,500,end,0.6180651666427313,5,5,calinski_harabasz,6,151.35650096744658,False,False,0.4953012523708306
embed_dim,500,end,0.6180651666427313,5,5,calinski_harabasz,7,174.61118299333418,True,False,0.5507885347449825
embed_dim,500,end,0.679449177064218,6,5,accuracy_generalizability,3,0.9457171363685153,True,False,0.8029195708140007
embed_dim,500,end,0.679449177064218,6,5,accuracy_generalizability,4,0.9427879655556306,False,False,0.5646409017937442
embed_dim,500,end,0.679449177064218,6,5,accuracy_generalizability,5,0.8276825640305951,False,True,0.5374868560975546
embed_dim,500,end,0.679449177064218,6,5,accuracy_generalizability,6,0.7148832865503391,False,False,0.6062340368355311
embed_dim,500,end,0.679449177064218,6,5,accuracy_generalizability,7,0.6225855289404523,False,False,0.6697282456032935
embed_dim,500,end,0.679449177064218,6,5,ari_generalizability,3,0.9276472698017877,True,False,0.8029195708140007
embed_dim,500,end,0.679449177064218,6,5,ari_generalizability,4,0.9093698195474055,False,False,0.5646409017937442
embed_dim,500,end,0.679449177064218,6,5,ari_generalizability,5,0.7971498344402729,False,True,0.5374868560975546
embed_dim,500,end,0.679449177064218,6,5,ari_generalizability,6,0.6497792479236482,False,False,0.6062340368355311
embed_dim,500,end,0.679449177064218,6,5,ari_generalizability,7,0.5563339213911658,False,False,0.6697282456032935
embed_dim,500,end,0.679449177064218,6,5,ari_generalizability_1se,3,0.9276472698017877,True,False,0.8029195708140007
embed_dim,500,end,0.679449177064218,6,5,ari_generalizability_1se,4,0.9093698195474055,False,False,0.5646409017937442
embed_dim,500,end,0.679449177064218,6,5,ari_generalizability_1se,5,0.7971498344402729,False,True,0.5374868560975546
embed_dim,500,end,0.679449177064218,6,5,ari_generalizability_1se,6,0.6497792479236482,False,False,0.6062340368355311
embed_dim,500,end,0.679449177064218,6,5,ari_generalizability_1se,7,0.5563339213911658,False,False,0.6697282456032935
embed_dim,500,end,0.679449177064218,6,5,ari_generalizability_quant,3,0.9276472698017877,False,False,0.8029195708140007
embed_dim,500,end,0.679449177064218,6,5,ari_generalizability_quant,4,0.9093698195474055,False,False,0.5646409017937442
embed_dim,500,end,0.679449177064218,6,5,ari_generalizability_quant,5,0.7971498344402729,False,True,0.5374868560975546
embed_dim,500,end,0.679449177064218,6,5,ari_generalizability_quant,6,0.6497792479236482,False,False,0.6062340368355311
embed_dim,500,end,0.679449177064218,6,5,ari_generalizability_quant,7,0.5563339213911658,True,False,0.6697282456032935
embed_dim,500,end,0.679449177064218,6,5,ari_stability,3,1.0,True,False,0.8029195708140007
embed_dim,500,end,0.679449177064218,6,5,ari_stability,4,0.922191495053466,False,False,0.5596524515529174
embed_dim,500,end,0.679449177064218,6,5,ari_stability,5,0.803441447272819,False,True,0.5360709690480462
embed_dim,500,end,0.679449177064218,6,5,ari_stability,6,0.8163465938600349,False,False,0.5994244293534086
embed_dim,500,end,0.679449177064218,6,5,ari_stability,7,0.7621575967651605,False,False,0.6704883181324565
embed_dim,500,end,0.679449177064218,6,5,ari_stability_1se,3,1.0,True,False,0.8029195708140007
embed_dim,500,end,0.679449177064218,6,5,ari_stability_1se,4,0.922191495053466,False,False,0.5596524515529174
embed_dim,500,end,0.679449177064218,6,5,ari_stability_1se,5,0.803441447272819,False,True,0.5360709690480462
embed_dim,500,end,0.679449177064218,6,5,ari_stability_1se,6,0.8163465938600349,False,False,0.5994244293534086
embed_dim,500,end,0.679449177064218,6,5,ari_stability_1se,7,0.7621575967651605,False,False,0.6704883181324565
embed_dim,500,end,0.679449177064218,6,5,ari_stability_quant,3,1.0,True,False,0.8029195708140007
embed_dim,500,end,0.679449177064218,6,5,ari_stability_quant,4,0.922191495053466,False,False,0.5596524515529174
embed_dim,500,end,0.679449177064218,6,5,ari_stability_quant,5,0.803441447272819,False,True,0.5360709690480462
embed_dim,500,end,0.679449177064218,6,5,ari_stability_quant,6,0.8163465938600349,False,False,0.5994244293534086
embed_dim,500,end,0.679449177064218,6,5,ari_stability_quant,7,0.7621575967651605,False,False,0.6704883181324565
embed_dim,500,end,0.679449177064218,6,5,consensus_ce_stability,3,0.9999999999586944,True,False,0.8029195708140007
embed_dim,500,end,0.679449177064218,6,5,consensus_ce_stability,4,0.9163676802067181,False,False,0.5596524515529174
embed_dim,500,end,0.679449177064218,6,5,consensus_ce_stability,5,0.8631615964112336,False,True,0.5360709690480462
embed_dim,500,end,0.679449177064218,6,5,consensus_ce_stability,6,0.8791168637159996,False,False,0.5994244293534086
embed_dim,500,end,0.679449177064218,6,5,consensus_ce_stability,7,0.8780827043802506,False,False,0.6704883181324565
embed_dim,500,end,0.679449177064218,6,5,consensus_gini_stability,3,1.0,True,False,0.8029195708140007
embed_dim,500,end,0.679449177064218,6,5,consensus_gini_stability,4,0.9315561450577381,False,False,0.5596524515529174
embed_dim,500,end,0.679449177064218,6,5,consensus_gini_stability,5,0.8726488049457995,False,True,0.5360709690480462
embed_dim,500,end,0.679449177064218,6,5,consensus_gini_stability,6,0.8954497025112378,False,False,0.5994244293534086
embed_dim,500,end,0.679449177064218,6,5,consensus_gini_stability,7,0.8905377147262428,False,False,0.6704883181324565
embed_dim,500,end,0.679449177064218,6,5,consensus_pac_stability,3,1.0,True,False,0.8029195708140007
embed_dim,500,end,0.679449177064218,6,5,consensus_pac_stability,4,0.8600836112964199,False,False,0.5596524515529174
embed_dim,500,end,0.679449177064218,6,5,consensus_pac_stability,5,0.8313951523237714,False,True,0.5360709690480462
embed_dim,500,end,0.679449177064218,6,5,consensus_pac_stability,6,0.8223971536579942,False,False,0.5994244293534086
embed_dim,500,end,0.679449177064218,6,5,consensus_pac_stability,7,0.8451394262841895,False,False,0.6704883181324565
embed_dim,500,end,0.679449177064218,6,5,silhouette,3,0.1307091237051476,False,False,0.8029195708140007
embed_dim,500,end,0.679449177064218,6,5,silhouette,4,0.15261646902949588,False,False,0.9389218253854106
embed_dim,500,end,0.679449177064218,6,5,silhouette,5,0.21397887373053232,False,True,0.679449177064218
embed_dim,500,end,0.679449177064218,6,5,silhouette,6,0.23701870203664135,False,False,0.6646859748504427
embed_dim,500,end,0.679449177064218,6,5,silhouette,7,0.2539654145864121,True,False,0.7011616061948214
embed_dim,500,end,0.679449177064218,6,5,gap,3,-0.05748142297356296,False,False,0.8029195708140007
embed_dim,500,end,0.679449177064218,6,5,gap,4,-0.01800390216298453,False,False,0.9389218253854106
embed_dim,500,end,0.679449177064218,6,5,gap,5,0.10903340471173983,False,True,0.679449177064218
embed_dim,500,end,0.679449177064218,6,5,gap,6,0.1684177770820483,False,False,0.6646859748504427
embed_dim,500,end,0.679449177064218,6,5,gap,7,0.22434684937785399,True,False,0.7011616061948214
embed_dim,500,end,0.679449177064218,6,5,davies_bouldin,3,0.2520913420454633,False,False,0.8029195708140007
embed_dim,500,end,0.679449177064218,6,5,davies_bouldin,4,0.2600155464472981,False,False,0.9389218253854106
embed_dim,500,end,0.679449177064218,6,5,davies_bouldin,5,0.27539170284392567,False,True,0.679449177064218
embed_dim,500,end,0.679449177064218,6,5,davies_bouldin,6,0.30222374445021916,False,False,0.6646859748504427
embed_dim,500,end,0.679449177064218,6,5,davies_bouldin,7,0.32034412872379314,True,False,0.7011616061948214
embed_dim,500,end,0.679449177064218,6,5,calinski_harabasz,3,120.48063591184956,False,False,0.8029195708140007
embed_dim,500,end,0.679449177064218,6,5,calinski_harabasz,4,104.91339049495804,False,False,0.9389218253854106
embed_dim,500,end,0.679449177064218,6,5,calinski_harabasz,5,140.8586997476385,True,True,0.679449177064218
embed_dim,500,end,0.679449177064218,6,5,calinski_harabasz,6,138.55622236806911,False,False,0.6646859748504427
embed_dim,500,end,0.679449177064218,6,5,calinski_harabasz,7,136.9501015708046,False,False,0.7011616061948214
embed_dim,500,end,0.686955603877022,7,5,accuracy_generalizability,3,0.6466790572051782,False,False,0.7957589002674703
embed_dim,500,end,0.686955603877022,7,5,accuracy_generalizability,4,0.6762723430949141,False,False,0.9452125342112911
embed_dim,500,end,0.686955603877022,7,5,accuracy_generalizability,5,0.6925590252702154,False,True,0.6889358969833651
embed_dim,500,end,0.686955603877022,7,5,accuracy_generalizability,6,0.7190753748686088,False,False,0.5610265244254029
embed_dim,500,end,0.686955603877022,7,5,accuracy_generalizability,7,0.7534547696117986,True,False,0.5268204462913848
embed_dim,500,end,0.686955603877022,7,5,ari_generalizability,3,0.5297201681065977,False,False,0.7957589002674703
embed_dim,500,end,0.686955603877022,7,5,ari_generalizability,4,0.5953570943583074,False,False,0.9452125342112911
embed_dim,500,end,0.686955603877022,7,5,ari_generalizability,5,0.6339735671846689,False,True,0.6889358969833651
embed_dim,500,end,0.686955603877022,7,5,ari_generalizability,6,0.6533769064249974,False,False,0.5610265244254029
embed_dim,500,end,0.686955603877022,7,5,ari_generalizability,7,0.6952477340036028,True,False,0.5268204462913848
embed_dim,500,end,0.686955603877022,7,5,ari_generalizability_1se,3,0.5297201681065977,False,False,0.7957589002674703
embed_dim,500,end,0.686955603877022,7,5,ari_generalizability_1se,4,0.5953570943583074,False,False,0.9452125342112911
embed_dim,500,end,0.686955603877022,7,5,ari_generalizability_1se,5,0.6339735671846689,False,True,0.6889358969833651
embed_dim,500,end,0.686955603877022,7,5,ari_generalizability_1se,6,0.6533769064249974,False,False,0.5610265244254029
embed_dim,500,end,0.686955603877022,7,5,ari_generalizability_1se,7,0.6952477340036028,True,False,0.5268204462913848
embed_dim,500,end,0.686955603877022,7,5,ari_generalizability_quant,3,0.5297201681065977,False,False,0.7957589002674703
embed_dim,500,end,0.686955603877022,7,5,ari_generalizability_quant,4,0.5953570943583074,False,False,0.9452125342112911
embed_dim,500,end,0.686955603877022,7,5,ari_generalizability_quant,5,0.6339735671846689,False,True,0.6889358969833651
embed_dim,500,end,0.686955603877022,7,5,ari_generalizability_quant,6,0.6533769064249974,False,False,0.5610265244254029
embed_dim,500,end,0.686955603877022,7,5,ari_generalizability_quant,7,0.6952477340036028,True,False,0.5268204462913848
embed_dim,500,end,0.686955603877022,7,5,ari_stability,3,0.9545350129457292,True,False,0.7957589002674703
embed_dim,500,end,0.686955603877022,7,5,ari_stability,4,0.844854197644937,False,False,0.9452125342112911
embed_dim,500,end,0.686955603877022,7,5,ari_stability,5,0.9516942907353269,False,True,0.6894440106674209
embed_dim,500,end,0.686955603877022,7,5,ari_stability,6,0.8175742495246954,False,False,0.6504201317119233
embed_dim,500,end,0.686955603877022,7,5,ari_stability,7,0.7840888094480337,False,False,0.523781642340687
embed_dim,500,end,0.686955603877022,7,5,ari_stability_1se,3,0.9545350129457292,False,False,0.7957589002674703
embed_dim,500,end,0.686955603877022,7,5,ari_stability_1se,4,0.844854197644937,False,False,0.9452125342112911
embed_dim,500,end,0.686955603877022,7,5,ari_stability_1se,5,0.9516942907353269,True,True,0.6894440106674209
embed_dim,500,end,0.686955603877022,7,5,ari_stability_1se,6,0.8175742495246954,False,False,0.6504201317119233
embed_dim,500,end,0.686955603877022,7,5,ari_stability_1se,7,0.7840888094480337,False,False,0.523781642340687
embed_dim,500,end,0.686955603877022,7,5,ari_stability_quant,3,0.9545350129457292,False,False,0.7957589002674703
embed_dim,500,end,0.686955603877022,7,5,ari_stability_quant,4,0.844854197644937,False,False,0.9452125342112911
embed_dim,500,end,0.686955603877022,7,5,ari_stability_quant,5,0.9516942907353269,False,True,0.6894440106674209
embed_dim,500,end,0.686955603877022,7,5,ari_stability_quant,6,0.8175742495246954,False,False,0.6504201317119233
embed_dim,500,end,0.686955603877022,7,5,ari_stability_quant,7,0.7840888094480337,True,False,0.523781642340687
embed_dim,500,end,0.686955603877022,7,5,consensus_ce_stability,3,0.9667264928688837,True,False,0.7957589002674703
embed_dim,500,end,0.686955603877022,7,5,consensus_ce_stability,4,0.8501559276354924,False,False,0.9452125342112911
embed_dim,500,end,0.686955603877022,7,5,consensus_ce_stability,5,0.9623106716476174,False,True,0.6894440106674209
embed_dim,500,end,0.686955603877022,7,5,consensus_ce_stability,6,0.8797325520619864,False,False,0.6504201317119233
embed_dim,500,end,0.686955603877022,7,5,consensus_ce_stability,7,0.8680838904144889,False,False,0.523781642340687
embed_dim,500,end,0.686955603877022,7,5,consensus_gini_stability,3,0.9778358152401427,True,False,0.7957589002674703
embed_dim,500,end,0.686955603877022,7,5,consensus_gini_stability,4,0.8584854578967015,False,False,0.9452125342112911
embed_dim,500,end,0.686955603877022,7,5,consensus_gini_stability,5,0.9699639782382292,False,True,0.6894440106674209
embed_dim,500,end,0.686955603877022,7,5,consensus_gini_stability,6,0.8927434792205686,False,False,0.6504201317119233
embed_dim,500,end,0.686955603877022,7,5,consensus_gini_stability,7,0.8814016107764078,False,False,0.523781642340687
embed_dim,500,end,0.686955603877022,7,5,consensus_pac_stability,3,0.9430544807649545,False,False,0.7957589002674703
embed_dim,500,end,0.686955603877022,7,5,consensus_pac_stability,4,0.8251981320880587,False,False,0.9452125342112911
embed_dim,500,end,0.686955603877022,7,5,consensus_pac_stability,5,0.9543802535023349,True,True,0.6894440106674209
embed_dim,500,end,0.686955603877022,7,5,consensus_pac_stability,6,0.8465439181676673,False,False,0.6504201317119233
embed_dim,500,end,0.686955603877022,7,5,consensus_pac_stability,7,0.8279670891705582,False,False,0.523781642340687
embed_dim,500,end,0.686955603877022,7,5,silhouette,3,0.13167688019538532,False,False,0.8195615139905342
embed_dim,500,end,0.686955603877022,7,5,silhouette,4,0.16127435714575997,False,False,0.9452125342112911
embed_dim,500,end,0.686955603877022,7,5,silhouette,5,0.21235122213846788,False,True,0.686955603877022
embed_dim,500,end,0.686955603877022,7,5,silhouette,6,0.2305311058295534,False,False,0.7408957303172724
embed_dim,500,end,0.686955603877022,7,5,silhouette,7,0.2585440558623132,True,False,0.6266057985177557
embed_dim,500,end,0.686955603877022,7,5,gap,3,-0.07730587267568545,False,False,0.8195615139905342
embed_dim,500,end,0.686955603877022,7,5,gap,4,-0.021407640278665596,False,False,0.9452125342112911
embed_dim,500,end,0.686955603877022,7,5,gap,5,0.10087477792487931,False,True,0.686955603877022
embed_dim,500,end,0.686955603877022,7,5,gap,6,0.14185992915784418,False,False,0.7408957303172724
embed_dim,500,end,0.686955603877022,7,5,gap,7,0.25683075560440116,True,False,0.6266057985177557
embed_dim,500,end,0.686955603877022,7,5,davies_bouldin,3,0.2361772768404705,False,False,0.8195615139905342
embed_dim,500,end,0.686955603877022,7,5,davies_bouldin,4,0.26829416865192224,False,False,0.9452125342112911
embed_dim,500,end,0.686955603877022,7,5,davies_bouldin,5,0.28959116726094275,False,True,0.686955603877022
embed_dim,500,end,0.686955603877022,7,5,davies_bouldin,6,0.31231382129397534,False,False,0.7408957303172724
embed_dim,500,end,0.686955603877022,7,5,davies_bouldin,7,0.330643822415672,True,False,0.6266057985177557
embed_dim,500,end,0.686955603877022,7,5,calinski_harabasz,3,108.9902610403888,False,False,0.8195615139905342
embed_dim,500,end,0.686955603877022,7,5,calinski_harabasz,4,106.73432155395916,False,False,0.9452125342112911
embed_dim,500,end,0.686955603877022,7,5,calinski_harabasz,5,140.02457507361598,False,True,0.686955603877022
embed_dim,500,end,0.686955603877022,7,5,calinski_harabasz,6,129.8500835997446,False,False,0.7408957303172724
embed_dim,500,end,0.686955603877022,7,5,calinski_harabasz,7,152.27942489290427,True,False,0.6266057985177557
embed_dim,500,end,1.0,8,5,accuracy_generalizability,3,0.7666972553693225,False,False,0.5405708755175931
embed_dim,500,end,1.0,8,5,accuracy_generalizability,4,0.9436016248137579,True,False,0.9047887285159055
embed_dim,500,end,1.0,8,5,accuracy_generalizability,5,0.7723517431047714,False,True,1.0
embed_dim,500,end,1.0,8,5,accuracy_generalizability,6,0.8368176611065669,False,False,0.8273635874198443
embed_dim,500,end,1.0,8,5,accuracy_generalizability,7,0.8346726714120585,False,False,0.7524659510150332
embed_dim,500,end,1.0,8,5,ari_generalizability,3,0.5291208043002764,False,False,0.5405708755175931
embed_dim,500,end,1.0,8,5,ari_generalizability,4,0.9070552267811779,True,False,0.9047887285159055
embed_dim,500,end,1.0,8,5,ari_generalizability,5,0.7603680840995308,False,True,1.0
embed_dim,500,end,1.0,8,5,ari_generalizability,6,0.8073523833044852,False,False,0.8273635874198443
embed_dim,500,end,1.0,8,5,ari_generalizability,7,0.7962843396765173,False,False,0.7524659510150332
embed_dim,500,end,1.0,8,5,ari_generalizability_1se,3,0.5291208043002764,False,False,0.5405708755175931
embed_dim,500,end,1.0,8,5,ari_generalizability_1se,4,0.9070552267811779,True,False,0.9047887285159055
embed_dim,500,end,1.0,8,5,ari_generalizability_1se,5,0.7603680840995308,False,True,1.0
embed_dim,500,end,1.0,8,5,ari_generalizability_1se,6,0.8073523833044852,False,False,0.8273635874198443
embed_dim,500,end,1.0,8,5,ari_generalizability_1se,7,0.7962843396765173,False,False,0.7524659510150332
embed_dim,500,end,1.0,8,5,ari_generalizability_quant,3,0.5291208043002764,False,False,0.5405708755175931
embed_dim,500,end,1.0,8,5,ari_generalizability_quant,4,0.9070552267811779,False,False,0.9047887285159055
embed_dim,500,end,1.0,8,5,ari_generalizability_quant,5,0.7603680840995308,False,True,1.0
embed_dim,500,end,1.0,8,5,ari_generalizability_quant,6,0.8073523833044852,False,False,0.8273635874198443
embed_dim,500,end,1.0,8,5,ari_generalizability_quant,7,0.7962843396765173,True,False,0.7524659510150332
embed_dim,500,end,1.0,8,5,ari_stability,3,0.6449445063532852,False,False,0.5405708755175931
embed_dim,500,end,1.0,8,5,ari_stability,4,0.9085746662317499,False,False,0.9047887285159055
embed_dim,500,end,1.0,8,5,ari_stability,5,1.0,True,True,1.0
embed_dim,500,end,1.0,8,5,ari_stability,6,0.9366887142836176,False,False,0.82711487987976
embed_dim,500,end,1.0,8,5,ari_stability,7,0.8906646178299238,False,False,0.7520546824213388
embed_dim,500,end,1.0,8,5,ari_stability_1se,3,0.6449445063532852,False,False,0.5405708755175931
embed_dim,500,end,1.0,8,5,ari_stability_1se,4,0.9085746662317499,False,False,0.9047887285159055
embed_dim,500,end,1.0,8,5,ari_stability_1se,5,1.0,True,True,1.0
embed_dim,500,end,1.0,8,5,ari_stability_1se,6,0.9366887142836176,False,False,0.82711487987976
embed_dim,500,end,1.0,8,5,ari_stability_1se,7,0.8906646178299238,False,False,0.7520546824213388
embed_dim,500,end,1.0,8,5,ari_stability_quant,3,0.6449445063532852,False,False,0.5405708755175931
embed_dim,500,end,1.0,8,5,ari_stability_quant,4,0.9085746662317499,False,False,0.9047887285159055
embed_dim,500,end,1.0,8,5,ari_stability_quant,5,1.0,True,True,1.0
embed_dim,500,end,1.0,8,5,ari_stability_quant,6,0.9366887142836176,False,False,0.82711487987976
embed_dim,500,end,1.0,8,5,ari_stability_quant,7,0.8906646178299238,False,False,0.7520546824213388
embed_dim,500,end,1.0,8,5,consensus_ce_stability,3,0.6331141311314017,False,False,0.5405708755175931
embed_dim,500,end,1.0,8,5,consensus_ce_stability,4,0.9140425571563225,False,False,0.9047887285159055
embed_dim,500,end,1.0,8,5,consensus_ce_stability,5,0.9999999999586944,True,True,1.0
embed_dim,500,end,1.0,8,5,consensus_ce_stability,6,0.9565646992402308,False,False,0.82711487987976
embed_dim,500,end,1.0,8,5,consensus_ce_stability,7,0.9394338337389742,False,False,0.7520546824213388
embed_dim,500,end,1.0,8,5,consensus_gini_stability,3,0.6544442200788945,False,False,0.5405708755175931
embed_dim,500,end,1.0,8,5,consensus_gini_stability,4,0.9317794249850103,False,False,0.9047887285159055
embed_dim,500,end,1.0,8,5,consensus_gini_stability,5,1.0,True,True,1.0
embed_dim,500,end,1.0,8,5,consensus_gini_stability,6,0.9643545414094641,False,False,0.82711487987976
embed_dim,500,end,1.0,8,5,consensus_gini_stability,7,0.9469501630201436,False,False,0.7520546824213388
embed_dim,500,end,1.0,8,5,consensus_pac_stability,3,0.5738430064487436,False,False,0.5405708755175931
embed_dim,500,end,1.0,8,5,consensus_pac_stability,4,0.8770157883033133,False,False,0.9047887285159055
embed_dim,500,end,1.0,8,5,consensus_pac_stability,5,1.0,True,True,1.0
embed_dim,500,end,1.0,8,5,consensus_pac_stability,6,0.9342379364020458,False,False,0.82711487987976
embed_dim,500,end,1.0,8,5,consensus_pac_stability,7,0.9140137869690905,False,False,0.7520546824213388
embed_dim,500,end,1.0,8,5,silhouette,3,0.11487957957625664,False,False,0.6502299367411514
embed_dim,500,end,1.0,8,5,silhouette,4,0.15084757582474284,False,False,0.9047887285159055
embed_dim,500,end,1.0,8,5,silhouette,5,0.17321709824350265,False,True,1.0
embed_dim,500,end,1.0,8,5,silhouette,6,0.21094341804086067,False,False,0.6815184013482467
embed_dim,500,end,1.0,8,5,silhouette,7,0.23280179689895916,True,False,0.8834490184979984
embed_dim,500,end,1.0,8,5,gap,3,-0.12033468772371236,False,False,0.6502299367411514
embed_dim,500,end,1.0,8,5,gap,4,-0.052072565734917475,False,False,0.9047887285159055
embed_dim,500,end,1.0,8,5,gap,5,-0.008860156484486126,False,True,1.0
embed_dim,500,end,1.0,8,5,gap,6,0.08685177605502936,False,False,0.6815184013482467
embed_dim,500,end,1.0,8,5,gap,7,0.13117734934758118,True,False,0.8834490184979984
embed_dim,500,end,1.0,8,5,davies_bouldin,3,0.24118977220414803,False,False,0.6502299367411514
embed_dim,500,end,1.0,8,5,davies_bouldin,4,0.25962607009330524,False,False,0.9047887285159055
embed_dim,500,end,1.0,8,5,davies_bouldin,5,0.2910703076073363,False,True,1.0
embed_dim,500,end,1.0,8,5,davies_bouldin,6,0.30870749260233876,False,False,0.6815184013482467
embed_dim,500,end,1.0,8,5,davies_bouldin,7,0.3276259524302537,True,False,0.8834490184979984
embed_dim,500,end,1.0,8,5,calinski_harabasz,3,99.90754626629521,False,False,0.6502299367411514
embed_dim,500,end,1.0,8,5,calinski_harabasz,4,107.77040206797604,False,False,0.9047887285159055
embed_dim,500,end,1.0,8,5,calinski_harabasz,5,101.74920559884491,False,True,1.0
embed_dim,500,end,1.0,8,5,calinski_harabasz,6,120.23070240886648,True,False,0.6815184013482467
embed_dim,500,end,1.0,8,5,calinski_harabasz,7,116.5657186117739,False,False,0.8834490184979984
embed_dim,500,end,0.8259171329940105,9,5,accuracy_generalizability,3,0.9865986427200947,True,False,0.7691621276156501
embed_dim,500,end,0.8259171329940105,9,5,accuracy_generalizability,4,0.7122229860817939,False,False,0.9394097985636377
embed_dim,500,end,0.8259171329940105,9,5,accuracy_generalizability,5,0.5832866146858553,False,True,1.0
embed_dim,500,end,0.8259171329940105,9,5,accuracy_generalizability,6,0.6840317980762661,False,False,0.8559279558390132
embed_dim,500,end,0.8259171329940105,9,5,accuracy_generalizability,7,0.6868113048252569,False,False,0.7136482068253229
embed_dim,500,end,0.8259171329940105,9,5,ari_generalizability,3,0.9714483206519224,True,False,0.7691621276156501
embed_dim,500,end,0.8259171329940105,9,5,ari_generalizability,4,0.7002954613242177,False,False,0.9394097985636377
embed_dim,500,end,0.8259171329940105,9,5,ari_generalizability,5,0.5427665283757015,False,True,1.0
embed_dim,500,end,0.8259171329940105,9,5,ari_generalizability,6,0.6221538414132501,False,False,0.8559279558390132
embed_dim,500,end,0.8259171329940105,9,5,ari_generalizability,7,0.6324467329341832,False,False,0.7136482068253229
embed_dim,500,end,0.8259171329940105,9,5,ari_generalizability_1se,3,0.9714483206519224,True,False,0.7691621276156501
embed_dim,500,end,0.8259171329940105,9,5,ari_generalizability_1se,4,0.7002954613242177,False,False,0.9394097985636377
embed_dim,500,end,0.8259171329940105,9,5,ari_generalizability_1se,5,0.5427665283757015,False,True,1.0
embed_dim,500,end,0.8259171329940105,9,5,ari_generalizability_1se,6,0.6221538414132501,False,False,0.8559279558390132
embed_dim,500,end,0.8259171329940105,9,5,ari_generalizability_1se,7,0.6324467329341832,False,False,0.7136482068253229
embed_dim,500,end,0.8259171329940105,9,5,ari_generalizability_quant,3,0.9714483206519224,True,False,0.7691621276156501
embed_dim,500,end,0.8259171329940105,9,5,ari_generalizability_quant,4,0.7002954613242177,False,False,0.9394097985636377
embed_dim,500,end,0.8259171329940105,9,5,ari_generalizability_quant,5,0.5427665283757015,False,True,1.0
embed_dim,500,end,0.8259171329940105,9,5,ari_generalizability_quant,6,0.6221538414132501,False,False,0.8559279558390132
embed_dim,500,end,0.8259171329940105,9,5,ari_generalizability_quant,7,0.6324467329341832,False,False,0.7136482068253229
embed_dim,500,end,0.8259171329940105,9,5,ari_stability,3,0.9722987971068211,False,False,0.7691621276156501
embed_dim,500,end,0.8259171329940105,9,5,ari_stability,4,0.9771838387304264,True,False,0.9394097985636377
embed_dim,500,end,0.8259171329940105,9,5,ari_stability,5,0.9172012899053746,False,True,1.0
embed_dim,500,end,0.8259171329940105,9,5,ari_stability,6,0.8332535244234843,False,False,0.8588850249563353
embed_dim,500,end,0.8259171329940105,9,5,ari_stability,7,0.9063111592525347,False,False,0.7191316479597712
embed_dim,500,end,0.8259171329940105,9,5,ari_stability_1se,3,0.9722987971068211,False,False,0.7691621276156501
embed_dim,500,end,0.8259171329940105,9,5,ari_stability_1se,4,0.9771838387304264,True,False,0.9394097985636377
embed_dim,500,end,0.8259171329940105,9,5,ari_stability_1se,5,0.9172012899053746,False,True,1.0
embed_dim,500,end,0.8259171329940105,9,5,ari_stability_1se,6,0.8332535244234843,False,False,0.8588850249563353
embed_dim,500,end,0.8259171329940105,9,5,ari_stability_1se,7,0.9063111592525347,False,False,0.7191316479597712
embed_dim,500,end,0.8259171329940105,9,5,ari_stability_quant,3,0.9722987971068211,False,False,0.7691621276156501
embed_dim,500,end,0.8259171329940105,9,5,ari_stability_quant,4,0.9771838387304264,False,False,0.9394097985636377
embed_dim,500,end,0.8259171329940105,9,5,ari_stability_quant,5,0.9172012899053746,False,True,1.0
embed_dim,500,end,0.8259171329940105,9,5,ari_stability_quant,6,0.8332535244234843,False,False,0.8588850249563353
embed_dim,500,end,0.8259171329940105,9,5,ari_stability_quant,7,0.9063111592525347,True,False,0.7191316479597712
embed_dim,500,end,0.8259171329940105,9,5,consensus_ce_stability,3,0.9851312189429869,True,False,0.7691621276156501
embed_dim,500,end,0.8259171329940105,9,5,consensus_ce_stability,4,0.9747421485686063,False,False,0.9394097985636377
embed_dim,500,end,0.8259171329940105,9,5,consensus_ce_stability,5,0.9398543979409333,False,True,1.0
embed_dim,500,end,0.8259171329940105,9,5,consensus_ce_stability,6,0.898341418886483,False,False,0.8588850249563353
embed_dim,500,end,0.8259171329940105,9,5,consensus_ce_stability,7,0.9391983882704629,False,False,0.7191316479597712
embed_dim,500,end,0.8259171329940105,9,5,consensus_gini_stability,3,0.9913203542163403,True,False,0.7691621276156501
embed_dim,500,end,0.8259171329940105,9,5,consensus_gini_stability,4,0.9825619023944222,False,False,0.9394097985636377
embed_dim,500,end,0.8259171329940105,9,5,consensus_gini_stability,5,0.9510157125211204,False,True,1.0
embed_dim,500,end,0.8259171329940105,9,5,consensus_gini_stability,6,0.9099753460090417,False,False,0.8588850249563353
embed_dim,500,end,0.8259171329940105,9,5,consensus_gini_stability,7,0.9506537887630371,False,False,0.7191316479597712
embed_dim,500,end,0.8259171329940105,9,5,consensus_pac_stability,3,0.9999973315543695,True,False,0.7691621276156501
embed_dim,500,end,0.8259171329940105,9,5,consensus_pac_stability,4,0.9589370691572159,False,False,0.9394097985636377
embed_dim,500,end,0.8259171329940105,9,5,consensus_pac_stability,5,0.9105305759395153,False,True,1.0
embed_dim,500,end,0.8259171329940105,9,5,consensus_pac_stability,6,0.8629041583277741,False,False,0.8588850249563353
embed_dim,500,end,0.8259171329940105,9,5,consensus_pac_stability,7,0.9196655548143207,False,False,0.7191316479597712
embed_dim,500,end,0.8259171329940105,9,5,silhouette,3,0.1168331798387167,False,False,0.7691621276156501
embed_dim,500,end,0.8259171329940105,9,5,silhouette,4,0.14476071571450005,False,False,0.9394097985636377
embed_dim,500,end,0.8259171329940105,9,5,silhouette,5,0.17103525382522752,False,True,0.8259171329940105
embed_dim,500,end,0.8259171329940105,9,5,silhouette,6,0.20244946327810717,False,False,0.8682963177901964
embed_dim,500,end,0.8259171329940105,9,5,silhouette,7,0.24509794892867148,True,False,0.7276144748263657
embed_dim,500,end,0.8259171329940105,9,5,gap,3,-0.09318449538008444,False,False,0.7691621276156501
embed_dim,500,end,0.8259171329940105,9,5,gap,4,-0.04235540127109161,False,False,0.9394097985636377
embed_dim,500,end,0.8259171329940105,9,5,gap,5,0.014723249912639957,False,True,0.8259171329940105
embed_dim,500,end,0.8259171329940105,9,5,gap,6,0.08345092478488247,False,False,0.8682963177901964
embed_dim,500,end,0.8259171329940105,9,5,gap,7,0.1829494078375813,True,False,0.7276144748263657
embed_dim,500,end,0.8259171329940105,9,5,davies_bouldin,3,0.23656014664120817,False,False,0.7691621276156501
embed_dim,500,end,0.8259171329940105,9,5,davies_bouldin,4,0.256883208852063,False,False,0.9394097985636377
embed_dim,500,end,0.8259171329940105,9,5,davies_bouldin,5,0.28184370250449303,False,True,0.8259171329940105
embed_dim,500,end,0.8259171329940105,9,5,davies_bouldin,6,0.30323775307642153,False,False,0.8682963177901964
embed_dim,500,end,0.8259171329940105,9,5,davies_bouldin,7,0.32004610760514834,True,False,0.7276144748263657
embed_dim,500,end,0.8259171329940105,9,5,calinski_harabasz,3,106.21609496835354,False,False,0.7691621276156501
embed_dim,500,end,0.8259171329940105,9,5,calinski_harabasz,4,101.71075392679124,False,False,0.9394097985636377
embed_dim,500,end,0.8259171329940105,9,5,calinski_harabasz,5,103.58684283247824,False,True,0.8259171329940105
embed_dim,500,end,0.8259171329940105,9,5,calinski_harabasz,6,110.65535454911142,False,False,0.8682963177901964
embed_dim,500,end,0.8259171329940105,9,5,calinski_harabasz,7,128.4231827190232,True,False,0.7276144748263657
embed_dim,500,end,1.0,10,5,accuracy_generalizability,3,0.8884892781345479,False,False,0.6319989862040408
embed_dim,500,end,1.0,10,5,accuracy_generalizability,4,0.9135772765724371,True,False,0.9267795441344865
embed_dim,500,end,1.0,10,5,accuracy_generalizability,5,0.8110002509970048,False,True,1.0
embed_dim,500,end,1.0,10,5,accuracy_generalizability,6,0.7551615335785736,False,False,0.8707968611053224
embed_dim,500,end,1.0,10,5,accuracy_generalizability,7,0.8175360505747344,False,False,0.7481030102891247
embed_dim,500,end,1.0,10,5,ari_generalizability,3,0.7542536063321787,False,False,0.6319989862040408
embed_dim,500,end,1.0,10,5,ari_generalizability,4,0.8297205750894661,True,False,0.9267795441344865
embed_dim,500,end,1.0,10,5,ari_generalizability,5,0.8130120176030852,False,True,1.0
embed_dim,500,end,1.0,10,5,ari_generalizability,6,0.745882516466873,False,False,0.8707968611053224
embed_dim,500,end,1.0,10,5,ari_generalizability,7,0.7829542498919316,False,False,0.7481030102891247
embed_dim,500,end,1.0,10,5,ari_generalizability_1se,3,0.7542536063321787,False,False,0.6319989862040408
embed_dim,500,end,1.0,10,5,ari_generalizability_1se,4,0.8297205750894661,True,False,0.9267795441344865
embed_dim,500,end,1.0,10,5,ari_generalizability_1se,5,0.8130120176030852,False,True,1.0
embed_dim,500,end,1.0,10,5,ari_generalizability_1se,6,0.745882516466873,False,False,0.8707968611053224
embed_dim,500,end,1.0,10,5,ari_generalizability_1se,7,0.7829542498919316,False,False,0.7481030102891247
embed_dim,500,end,1.0,10,5,ari_generalizability_quant,3,0.7542536063321787,False,False,0.6319989862040408
embed_dim,500,end,1.0,10,5,ari_generalizability_quant,4,0.8297205750894661,False,False,0.9267795441344865
embed_dim,500,end,1.0,10,5,ari_generalizability_quant,5,0.8130120176030852,False,True,1.0
embed_dim,500,end,1.0,10,5,ari_generalizability_quant,6,0.745882516466873,False,False,0.8707968611053224
embed_dim,500,end,1.0,10,5,ari_generalizability_quant,7,0.7829542498919316,True,False,0.7481030102891247
embed_dim,500,end,1.0,10,5,ari_stability,3,0.8056363575388238,False,False,0.6319989862040408
embed_dim,500,end,1.0,10,5,ari_stability,4,0.8525745619603738,False,False,0.9267795441344865
embed_dim,500,end,1.0,10,5,ari_stability,5,0.999173664327298,True,True,1.0
embed_dim,500,end,1.0,10,5,ari_stability,6,0.9430326965011114,False,False,0.8708607430518249
embed_dim,500,end,1.0,10,5,ari_stability,7,0.9238441737195693,False,False,0.747929235769359
embed_dim,500,end,1.0,10,5,ari_stability_1se,3,0.8056363575388238,False,False,0.6319989862040408
embed_dim,500,end,1.0,10,5,ari_stability_1se,4,0.8525745619603738,False,False,0.9267795441344865
embed_dim,500,end,1.0,10,5,ari_stability_1se,5,0.999173664327298,True,True,1.0
embed_dim,500,end,1.0,10,5,ari_stability_1se,6,0.9430326965011114,False,False,0.8708607430518249
embed_dim,500,end,1.0,10,5,ari_stability_1se,7,0.9238441737195693,False,False,0.747929235769359
embed_dim,500,end,1.0,10,5,ari_stability_quant,3,0.8056363575388238,False,False,0.6319989862040408
embed_dim,500,end,1.0,10,5,ari_stability_quant,4,0.8525745619603738,False,False,0.9267795441344865
embed_dim,500,end,1.0,10,5,ari_stability_quant,5,0.999173664327298,True,True,1.0
embed_dim,500,end,1.0,10,5,ari_stability_quant,6,0.9430326965011114,False,False,0.8708607430518249
embed_dim,500,end,1.0,10,5,ari_stability_quant,7,0.9238441737195693,False,False,0.747929235769359
embed_dim,500,end,1.0,10,5,consensus_ce_stability,3,0.7902033097797245,False,False,0.6319989862040408
embed_dim,500,end,1.0,10,5,consensus_ce_stability,4,0.8647174426361618,False,False,0.9267795441344865
embed_dim,500,end,1.0,10,5,consensus_ce_stability,5,0.9984674878976364,True,True,1.0
embed_dim,500,end,1.0,10,5,consensus_ce_stability,6,0.9477800857243499,False,False,0.8708607430518249
embed_dim,500,end,1.0,10,5,consensus_ce_stability,7,0.9488365650803104,False,False,0.747929235769359
embed_dim,500,end,1.0,10,5,consensus_gini_stability,3,0.824208653081219,False,False,0.6319989862040408
embed_dim,500,end,1.0,10,5,consensus_gini_stability,4,0.8808236390629752,False,False,0.9267795441344865
embed_dim,500,end,1.0,10,5,consensus_gini_stability,5,0.9991048204903052,True,True,1.0
embed_dim,500,end,1.0,10,5,consensus_gini_stability,6,0.9584914805943715,False,False,0.8708607430518249
embed_dim,500,end,1.0,10,5,consensus_gini_stability,7,0.9575531204243398,False,False,0.747929235769359
embed_dim,500,end,1.0,10,5,consensus_pac_stability,3,0.699001111852346,False,False,0.6319989862040408
embed_dim,500,end,1.0,10,5,consensus_pac_stability,4,0.8435134534133867,False,False,0.9267795441344865
embed_dim,500,end,1.0,10,5,consensus_pac_stability,5,1.0,True,True,1.0
embed_dim,500,end,1.0,10,5,consensus_pac_stability,6,0.9180235712697353,False,False,0.8708607430518249
embed_dim,500,end,1.0,10,5,consensus_pac_stability,7,0.9232572826328663,False,False,0.747929235769359
embed_dim,500,end,1.0,10,5,silhouette,3,0.12637783365218633,False,False,0.6319989862040408
embed_dim,500,end,1.0,10,5,silhouette,4,0.16177646787626426,False,False,0.9267795441344865
embed_dim,500,end,1.0,10,5,silhouette,5,0.18282724211278947,False,True,1.0
embed_dim,500,end,1.0,10,5,silhouette,6,0.22756928938352455,False,False,0.7256147981087098
embed_dim,500,end,1.0,10,5,silhouette,7,0.2598213109610878,True,False,0.635521778758866
embed_dim,500,end,1.0,10,5,gap,3,-0.09037441174121597,False,False,0.6319989862040408
embed_dim,500,end,1.0,10,5,gap,4,-0.028225602030056862,False,False,0.9267795441344865
embed_dim,500,end,1.0,10,5,gap,5,0.01112268145877593,False,True,1.0
embed_dim,500,end,1.0,10,5,gap,6,0.12468548988027273,False,False,0.7256147981087098
embed_dim,500,end,1.0,10,5,gap,7,0.2172400928773328,True,False,0.635521778758866
embed_dim,500,end,1.0,10,5,davies_bouldin,3,0.25349445527883996,False,False,0.6319989862040408
embed_dim,500,end,1.0,10,5,davies_bouldin,4,0.26247036589204414,False,False,0.9267795441344865
embed_dim,500,end,1.0,10,5,davies_bouldin,5,0.2939823155049003,False,True,1.0
embed_dim,500,end,1.0,10,5,davies_bouldin,6,0.31060559969830603,False,False,0.7256147981087098
embed_dim,500,end,1.0,10,5,davies_bouldin,7,0.3253453928088877,True,False,0.635521778758866
embed_dim,500,end,1.0,10,5,calinski_harabasz,3,115.5590148153976,False,False,0.6319989862040408
embed_dim,500,end,1.0,10,5,calinski_harabasz,4,115.21927161588361,False,False,0.9267795441344865
embed_dim,500,end,1.0,10,5,calinski_harabasz,5,105.75175148538678,False,True,1.0
embed_dim,500,end,1.0,10,5,calinski_harabasz,6,131.37614553744856,False,False,0.7256147981087098
embed_dim,500,end,1.0,10,5,calinski_harabasz,7,144.805170078316,True,False,0.635521778758866
embed_dim,500,end,1.0,11,5,accuracy_generalizability,3,0.8779108217982927,True,False,0.7562491558372146
embed_dim,500,end,1.0,11,5,accuracy_generalizability,4,0.6594284665194361,False,False,0.9306596771052411
embed_dim,500,end,1.0,11,5,accuracy_generalizability,5,0.6706983590327205,False,True,1.0
embed_dim,500,end,1.0,11,5,accuracy_generalizability,6,0.6924538852736111,False,False,0.7737693329575546
embed_dim,500,end,1.0,11,5,accuracy_generalizability,7,0.6667277518354534,False,False,0.7072839693104466
embed_dim,500,end,1.0,11,5,ari_generalizability,3,0.8252908743476627,True,False,0.7562491558372146
embed_dim,500,end,1.0,11,5,ari_generalizability,4,0.6014591852736578,False,False,0.9306596771052411
embed_dim,500,end,1.0,11,5,ari_generalizability,5,0.6047416299494095,False,True,1.0
embed_dim,500,end,1.0,11,5,ari_generalizability,6,0.6361980085037922,False,False,0.7737693329575546
embed_dim,500,end,1.0,11,5,ari_generalizability,7,0.6070734034762466,False,False,0.7072839693104466
embed_dim,500,end,1.0,11,5,ari_generalizability_1se,3,0.8252908743476627,True,False,0.7562491558372146
embed_dim,500,end,1.0,11,5,ari_generalizability_1se,4,0.6014591852736578,False,False,0.9306596771052411
embed_dim,500,end,1.0,11,5,ari_generalizability_1se,5,0.6047416299494095,False,True,1.0
embed_dim,500,end,1.0,11,5,ari_generalizability_1se,6,0.6361980085037922,False,False,0.7737693329575546
embed_dim,500,end,1.0,11,5,ari_generalizability_1se,7,0.6070734034762466,False,False,0.7072839693104466
embed_dim,500,end,1.0,11,5,ari_generalizability_quant,3,0.8252908743476627,False,False,0.7562491558372146
embed_dim,500,end,1.0,11,5,ari_generalizability_quant,4,0.6014591852736578,False,False,0.9306596771052411
embed_dim,500,end,1.0,11,5,ari_generalizability_quant,5,0.6047416299494095,False,True,1.0
embed_dim,500,end,1.0,11,5,ari_generalizability_quant,6,0.6361980085037922,False,False,0.7737693329575546
embed_dim,500,end,1.0,11,5,ari_generalizability_quant,7,0.6070734034762466,True,False,0.7072839693104466
embed_dim,500,end,1.0,11,5,ari_stability,3,0.9476057691107367,False,False,0.7562491558372146
embed_dim,500,end,1.0,11,5,ari_stability,4,0.9856142409637328,True,False,0.9306596771052411
embed_dim,500,end,1.0,11,5,ari_stability,5,0.9090329182599238,False,True,1.0
embed_dim,500,end,1.0,11,5,ari_stability,6,0.9317212807970153,False,False,0.7658243272858115
embed_dim,500,end,1.0,11,5,ari_stability,7,0.8880336080457263,False,False,0.7072839693104466
embed_dim,500,end,1.0,11,5,ari_stability_1se,3,0.9476057691107367,False,False,0.7562491558372146
embed_dim,500,end,1.0,11,5,ari_stability_1se,4,0.9856142409637328,True,False,0.9306596771052411
embed_dim,500,end,1.0,11,5,ari_stability_1se,5,0.9090329182599238,False,True,1.0
embed_dim,500,end,1.0,11,5,ari_stability_1se,6,0.9317212807970153,False,False,0.7658243272858115
embed_dim,500,end,1.0,11,5,ari_stability_1se,7,0.8880336080457263,False,False,0.7072839693104466
embed_dim,500,end,1.0,11,5,ari_stability_quant,3,0.9476057691107367,False,False,0.7562491558372146
embed_dim,500,end,1.0,11,5,ari_stability_quant,4,0.9856142409637328,False,False,0.9306596771052411
embed_dim,500,end,1.0,11,5,ari_stability_quant,5,0.9090329182599238,False,True,1.0
embed_dim,500,end,1.0,11,5,ari_stability_quant,6,0.9317212807970153,False,False,0.7658243272858115
embed_dim,500,end,1.0,11,5,ari_stability_quant,7,0.8880336080457263,True,False,0.7072839693104466
embed_dim,500,end,1.0,11,5,consensus_ce_stability,3,0.9457376197042986,False,False,0.7562491558372146
embed_dim,500,end,1.0,11,5,consensus_ce_stability,4,0.9781660537353696,True,False,0.9306596771052411
embed_dim,500,end,1.0,11,5,consensus_ce_stability,5,0.9360098217446389,False,True,1.0
embed_dim,500,end,1.0,11,5,consensus_ce_stability,6,0.9521855131875441,False,False,0.7658243272858115
embed_dim,500,end,1.0,11,5,consensus_ce_stability,7,0.9342711551171548,False,False,0.7072839693104466
embed_dim,500,end,1.0,11,5,consensus_gini_stability,3,0.9644378569694703,False,False,0.7562491558372146
embed_dim,500,end,1.0,11,5,consensus_gini_stability,4,0.9863326969444364,True,False,0.9306596771052411
embed_dim,500,end,1.0,11,5,consensus_gini_stability,5,0.9479281196114233,False,True,1.0
embed_dim,500,end,1.0,11,5,consensus_gini_stability,6,0.9613447074953626,False,False,0.7658243272858115
embed_dim,500,end,1.0,11,5,consensus_gini_stability,7,0.9428340201081681,False,False,0.7072839693104466
embed_dim,500,end,1.0,11,5,consensus_pac_stability,3,0.9244127195908384,False,False,0.7562491558372146
embed_dim,500,end,1.0,11,5,consensus_pac_stability,4,0.9801458750277963,True,False,0.9306596771052411
embed_dim,500,end,1.0,11,5,consensus_pac_stability,5,0.8904380698243273,False,True,1.0
embed_dim,500,end,1.0,11,5,consensus_pac_stability,6,0.9429370691572159,False,False,0.7658243272858115
embed_dim,500,end,1.0,11,5,consensus_pac_stability,7,0.9124296197464976,False,False,0.7072839693104466
embed_dim,500,end,1.0,11,5,silhouette,3,0.1321489981857358,False,False,0.7562491558372146
embed_dim,500,end,1.0,11,5,silhouette,4,0.15017679859338726,False,False,0.9306596771052411
embed_dim,500,end,1.0,11,5,silhouette,5,0.16955922239689047,False,True,1.0
embed_dim,500,end,1.0,11,5,silhouette,6,0.22566850497773142,False,False,0.7740962756963095
embed_dim,500,end,1.0,11,5,silhouette,7,0.24667078380860294,True,False,0.7080717293409243
embed_dim,500,end,1.0,11,5,gap,3,-0.0815392554168568,False,False,0.7562491558372146
embed_dim,500,end,1.0,11,5,gap,4,-0.03975092451484663,False,False,0.9306596771052411
embed_dim,500,end,1.0,11,5,gap,5,-0.001629542117422389,False,True,1.0
embed_dim,500,end,1.0,11,5,gap,6,0.12363014396911964,False,False,0.7740962756963095
embed_dim,500,end,1.0,11,5,gap,7,0.18837082312926867,True,False,0.7080717293409243
embed_dim,500,end,1.0,11,5,davies_bouldin,3,0.24975443593943236,False,False,0.7562491558372146
embed_dim,500,end,1.0,11,5,davies_bouldin,4,0.2549498853638034,False,False,0.9306596771052411
embed_dim,500,end,1.0,11,5,davies_bouldin,5,0.2862177743204189,False,True,1.0
embed_dim,500,end,1.0,11,5,davies_bouldin,6,0.3041685145651502,False,False,0.7740962756963095
embed_dim,500,end,1.0,11,5,davies_bouldin,7,0.3193535170062958,True,False,0.7080717293409243
embed_dim,500,end,1.0,11,5,calinski_harabasz,3,117.92912261724827,False,False,0.7562491558372146
embed_dim,500,end,1.0,11,5,calinski_harabasz,4,104.47579900339892,False,False,0.9306596771052411
embed_dim,500,end,1.0,11,5,calinski_harabasz,5,96.76382542384613,False,True,1.0
embed_dim,500,end,1.0,11,5,calinski_harabasz,6,128.3248296416226,False,False,0.7740962756963095
embed_dim,500,end,1.0,11,5,calinski_harabasz,7,131.2601000132288,True,False,0.7080717293409243
embed_dim,500,end,0.747053056786926,12,5,accuracy_generalizability,3,0.9993918616712564,True,False,0.7621556912078254
embed_dim,500,end,0.747053056786926,12,5,accuracy_generalizability,4,0.7441266885937874,False,False,0.9217773270830358
embed_dim,500,end,0.747053056786926,12,5,accuracy_generalizability,5,0.5830541501206158,False,True,1.0
embed_dim,500,end,0.747053056786926,12,5,accuracy_generalizability,6,0.7113308365714522,False,False,0.8194421840407473
embed_dim,500,end,0.747053056786926,12,5,accuracy_generalizability,7,0.7643352332975114,False,False,0.7004954483614351
embed_dim,500,end,0.747053056786926,12,5,ari_generalizability,3,0.9981924218730844,True,False,0.7621556912078254
embed_dim,500,end,0.747053056786926,12,5,ari_generalizability,4,0.7154255890706918,False,False,0.9217773270830358
embed_dim,500,end,0.747053056786926,12,5,ari_generalizability,5,0.56992238934571,False,True,1.0
embed_dim,500,end,0.747053056786926,12,5,ari_generalizability,6,0.6823996053537775,False,False,0.8194421840407473
embed_dim,500,end,0.747053056786926,12,5,ari_generalizability,7,0.7127588897896906,False,False,0.7004954483614351
embed_dim,500,end,0.747053056786926,12,5,ari_generalizability_1se,3,0.9981924218730844,True,False,0.7621556912078254
embed_dim,500,end,0.747053056786926,12,5,ari_generalizability_1se,4,0.7154255890706918,False,False,0.9217773270830358
embed_dim,500,end,0.747053056786926,12,5,ari_generalizability_1se,5,0.56992238934571,False,True,1.0
embed_dim,500,end,0.747053056786926,12,5,ari_generalizability_1se,6,0.6823996053537775,False,False,0.8194421840407473
embed_dim,500,end,0.747053056786926,12,5,ari_generalizability_1se,7,0.7127588897896906,False,False,0.7004954483614351
embed_dim,500,end,0.747053056786926,12,5,ari_generalizability_quant,3,0.9981924218730844,True,False,0.7621556912078254
embed_dim,500,end,0.747053056786926,12,5,ari_generalizability_quant,4,0.7154255890706918,False,False,0.9217773270830358
embed_dim,500,end,0.747053056786926,12,5,ari_generalizability_quant,5,0.56992238934571,False,True,1.0
embed_dim,500,end,0.747053056786926,12,5,ari_generalizability_quant,6,0.6823996053537775,False,False,0.8194421840407473
embed_dim,500,end,0.747053056786926,12,5,ari_generalizability_quant,7,0.7127588897896906,False,False,0.7004954483614351
embed_dim,500,end,0.747053056786926,12,5,ari_stability,3,1.0,True,False,0.7621556912078254
embed_dim,500,end,0.747053056786926,12,5,ari_stability,4,0.9370490374915766,False,False,0.9217773270830358
embed_dim,500,end,0.747053056786926,12,5,ari_stability,5,0.9959740442095396,False,True,1.0
embed_dim,500,end,0.747053056786926,12,5,ari_stability,6,0.9151310281592618,False,False,0.8192507914304077
embed_dim,500,end,0.747053056786926,12,5,ari_stability,7,0.8922740482303801,False,False,0.701546214853842
embed_dim,500,end,0.747053056786926,12,5,ari_stability_1se,3,1.0,True,False,0.7621556912078254
embed_dim,500,end,0.747053056786926,12,5,ari_stability_1se,4,0.9370490374915766,False,False,0.9217773270830358
embed_dim,500,end,0.747053056786926,12,5,ari_stability_1se,5,0.9959740442095396,False,True,1.0
embed_dim,500,end,0.747053056786926,12,5,ari_stability_1se,6,0.9151310281592618,False,False,0.8192507914304077
embed_dim,500,end,0.747053056786926,12,5,ari_stability_1se,7,0.8922740482303801,False,False,0.701546214853842
embed_dim,500,end,0.747053056786926,12,5,ari_stability_quant,3,1.0,True,False,0.7621556912078254
embed_dim,500,end,0.747053056786926,12,5,ari_stability_quant,4,0.9370490374915766,False,False,0.9217773270830358
embed_dim,500,end,0.747053056786926,12,5,ari_stability_quant,5,0.9959740442095396,False,True,1.0
embed_dim,500,end,0.747053056786926,12,5,ari_stability_quant,6,0.9151310281592618,False,False,0.8192507914304077
embed_dim,500,end,0.747053056786926,12,5,ari_stability_quant,7,0.8922740482303801,False,False,0.701546214853842
embed_dim,500,end,0.747053056786926,12,5,consensus_ce_stability,3,0.9999999999586944,True,False,0.7621556912078254
embed_dim,500,end,0.747053056786926,12,5,consensus_ce_stability,4,0.9502958554367836,False,False,0.9217773270830358
embed_dim,500,end,0.747053056786926,12,5,consensus_ce_stability,5,0.9940173083168921,False,True,1.0
embed_dim,500,end,0.747053056786926,12,5,consensus_ce_stability,6,0.9321805365539817,False,False,0.8192507914304077
embed_dim,500,end,0.747053056786926,12,5,consensus_ce_stability,7,0.9349568864219839,False,False,0.701546214853842
embed_dim,500,end,0.747053056786926,12,5,consensus_gini_stability,3,1.0,True,False,0.7621556912078254
embed_dim,500,end,0.747053056786926,12,5,consensus_gini_stability,4,0.9529360997847095,False,False,0.9217773270830358
embed_dim,500,end,0.747053056786926,12,5,consensus_gini_stability,5,0.9965026589806448,False,True,1.0
embed_dim,500,end,0.747053056786926,12,5,consensus_gini_stability,6,0.9431160597695653,False,False,0.8192507914304077
embed_dim,500,end,0.747053056786926,12,5,consensus_gini_stability,7,0.9439210310115405,False,False,0.701546214853842
embed_dim,500,end,0.747053056786926,12,5,consensus_pac_stability,3,1.0,True,False,0.7621556912078254
embed_dim,500,end,0.747053056786926,12,5,consensus_pac_stability,4,0.942228152101401,False,False,0.9217773270830358
embed_dim,500,end,0.747053056786926,12,5,consensus_pac_stability,5,0.9999848788080943,False,True,1.0
embed_dim,500,end,0.747053056786926,12,5,consensus_pac_stability,6,0.8919635312430509,False,False,0.8192507914304077
embed_dim,500,end,0.747053056786926,12,5,consensus_pac_stability,7,0.9173778074271737,False,False,0.701546214853842
embed_dim,500,end,0.747053056786926,12,5,silhouette,3,0.12629722581682354,False,False,0.7621556912078254
embed_dim,500,end,0.747053056786926,12,5,silhouette,4,0.15105710732509664,False,False,0.9268174738471003
embed_dim,500,end,0.747053056786926,12,5,silhouette,5,0.1957337212009713,False,True,0.747053056786926
embed_dim,500,end,0.747053056786926,12,5,silhouette,6,0.21772341076509774,False,False,0.8193435921695712
embed_dim,500,end,0.747053056786926,12,5,silhouette,7,0.24744671214823943,True,False,0.7023441370650346
embed_dim,500,end,0.747053056786926,12,5,gap,3,-0.0828095746644486,False,False,0.7621556912078254
embed_dim,500,end,0.747053056786926,12,5,gap,4,-0.0417365645290424,False,False,0.9268174738471003
embed_dim,500,end,0.747053056786926,12,5,gap,5,0.0554415343741379,False,True,0.747053056786926
embed_dim,500,end,0.747053056786926,12,5,gap,6,0.10076940028091386,False,False,0.8193435921695712
embed_dim,500,end,0.747053056786926,12,5,gap,7,0.18839541934216797,True,False,0.7023441370650346
embed_dim,500,end,0.747053056786926,12,5,davies_bouldin,3,0.24252806140974445,False,False,0.7621556912078254
embed_dim,500,end,0.747053056786926,12,5,davies_bouldin,4,0.2545681520718727,False,False,0.9268174738471003
embed_dim,500,end,0.747053056786926,12,5,davies_bouldin,5,0.2758118792495715,False,True,0.747053056786926
embed_dim,500,end,0.747053056786926,12,5,davies_bouldin,6,0.30762472038593147,False,False,0.8193435921695712
embed_dim,500,end,0.747053056786926,12,5,davies_bouldin,7,0.32268075529057166,True,False,0.7023441370650346
embed_dim,500,end,0.747053056786926,12,5,calinski_harabasz,3,115.78820994059089,False,False,0.7621556912078254
embed_dim,500,end,0.747053056786926,12,5,calinski_harabasz,4,102.59596675551458,False,False,0.9268174738471003
embed_dim,500,end,0.747053056786926,12,5,calinski_harabasz,5,123.84005668752292,False,True,0.747053056786926
embed_dim,500,end,0.747053056786926,12,5,calinski_harabasz,6,118.14419410508974,False,False,0.8193435921695712
embed_dim,500,end,0.747053056786926,12,5,calinski_harabasz,7,130.79253759228115,True,False,0.7023441370650346
embed_dim,500,end,0.7270211244426557,13,5,accuracy_generalizability,3,0.9919751765080308,True,False,0.7969871040361088
embed_dim,500,end,0.7270211244426557,13,5,accuracy_generalizability,4,0.736890296097466,False,False,0.9153934846423996
embed_dim,500,end,0.7270211244426557,13,5,accuracy_generalizability,5,0.5501307639841789,False,True,1.0
embed_dim,500,end,0.7270211244426557,13,5,accuracy_generalizability,6,0.5983821824258632,False,False,0.7933827844564227
embed_dim,500,end,0.7270211244426557,13,5,accuracy_generalizability,7,0.6537720078068268,False,False,0.6841973035029101
embed_dim,500,end,0.7270211244426557,13,5,ari_generalizability,3,0.9749843068118313,True,False,0.7969871040361088
embed_dim,500,end,0.7270211244426557,13,5,ari_generalizability,4,0.7031485470765556,False,False,0.9153934846423996
embed_dim,500,end,0.7270211244426557,13,5,ari_generalizability,5,0.5329906617932962,False,True,1.0
embed_dim,500,end,0.7270211244426557,13,5,ari_generalizability,6,0.5555754673718907,False,False,0.7933827844564227
embed_dim,500,end,0.7270211244426557,13,5,ari_generalizability,7,0.5961471838127568,False,False,0.6841973035029101
embed_dim,500,end,0.7270211244426557,13,5,ari_generalizability_1se,3,0.9749843068118313,True,False,0.7969871040361088
embed_dim,500,end,0.7270211244426557,13,5,ari_generalizability_1se,4,0.7031485470765556,False,False,0.9153934846423996
embed_dim,500,end,0.7270211244426557,13,5,ari_generalizability_1se,5,0.5329906617932962,False,True,1.0
embed_dim,500,end,0.7270211244426557,13,5,ari_generalizability_1se,6,0.5555754673718907,False,False,0.7933827844564227
embed_dim,500,end,0.7270211244426557,13,5,ari_generalizability_1se,7,0.5961471838127568,False,False,0.6841973035029101
embed_dim,500,end,0.7270211244426557,13,5,ari_generalizability_quant,3,0.9749843068118313,True,False,0.7969871040361088
embed_dim,500,end,0.7270211244426557,13,5,ari_generalizability_quant,4,0.7031485470765556,False,False,0.9153934846423996
embed_dim,500,end,0.7270211244426557,13,5,ari_generalizability_quant,5,0.5329906617932962,False,True,1.0
embed_dim,500,end,0.7270211244426557,13,5,ari_generalizability_quant,6,0.5555754673718907,False,False,0.7933827844564227
embed_dim,500,end,0.7270211244426557,13,5,ari_generalizability_quant,7,0.5961471838127568,False,False,0.6841973035029101
embed_dim,500,end,0.7270211244426557,13,5,ari_stability,3,1.0,True,False,0.7969871040361088
embed_dim,500,end,0.7270211244426557,13,5,ari_stability,4,0.8866509150007871,False,False,0.9153934846423996
embed_dim,500,end,0.7270211244426557,13,5,ari_stability,5,0.920827987489961,False,True,1.0
embed_dim,500,end,0.7270211244426557,13,5,ari_stability,6,0.8995026931513972,False,False,0.7913000814783281
embed_dim,500,end,0.7270211244426557,13,5,ari_stability,7,0.9216205650523683,False,False,0.6841693386448683
embed_dim,500,end,0.7270211244426557,13,5,ari_stability_1se,3,1.0,True,False,0.7969871040361088
embed_dim,500,end,0.7270211244426557,13,5,ari_stability_1se,4,0.8866509150007871,False,False,0.9153934846423996
embed_dim,500,end,0.7270211244426557,13,5,ari_stability_1se,5,0.920827987489961,False,True,1.0
embed_dim,500,end,0.7270211244426557,13,5,ari_stability_1se,6,0.8995026931513972,False,False,0.7913000814783281
embed_dim,500,end,0.7270211244426557,13,5,ari_stability_1se,7,0.9216205650523683,False,False,0.6841693386448683
embed_dim,500,end,0.7270211244426557,13,5,ari_stability_quant,3,1.0,True,False,0.7969871040361088
embed_dim,500,end,0.7270211244426557,13,5,ari_stability_quant,4,0.8866509150007871,False,False,0.9153934846423996
embed_dim,500,end,0.7270211244426557,13,5,ari_stability_quant,5,0.920827987489961,False,True,1.0
embed_dim,500,end,0.7270211244426557,13,5,ari_stability_quant,6,0.8995026931513972,False,False,0.7913000814783281
embed_dim,500,end,0.7270211244426557,13,5,ari_stability_quant,7,0.9216205650523683,False,False,0.6841693386448683
embed_dim,500,end,0.7270211244426557,13,5,consensus_ce_stability,3,0.9999999999586944,True,False,0.7969871040361088
embed_dim,500,end,0.7270211244426557,13,5,consensus_ce_stability,4,0.9012088360532722,False,False,0.9153934846423996
embed_dim,500,end,0.7270211244426557,13,5,consensus_ce_stability,5,0.9200556264831398,False,True,1.0
embed_dim,500,end,0.7270211244426557,13,5,consensus_ce_stability,6,0.9020738617034975,False,False,0.7913000814783281
embed_dim,500,end,0.7270211244426557,13,5,consensus_ce_stability,7,0.9441108167044521,False,False,0.6841693386448683
embed_dim,500,end,0.7270211244426557,13,5,consensus_gini_stability,3,1.0,True,False,0.7969871040361088
embed_dim,500,end,0.7270211244426557,13,5,consensus_gini_stability,4,0.9102382406054288,False,False,0.9153934846423996
embed_dim,500,end,0.7270211244426557,13,5,consensus_gini_stability,5,0.9358847473050452,False,True,1.0
embed_dim,500,end,0.7270211244426557,13,5,consensus_gini_stability,6,0.9211311585684182,False,False,0.7913000814783281
embed_dim,500,end,0.7270211244426557,13,5,consensus_gini_stability,7,0.954894872631231,False,False,0.6841693386448683
embed_dim,500,end,0.7270211244426557,13,5,consensus_pac_stability,3,1.0,True,False,0.7969871040361088
embed_dim,500,end,0.7270211244426557,13,5,consensus_pac_stability,4,0.87625350233489,False,False,0.9153934846423996
embed_dim,500,end,0.7270211244426557,13,5,consensus_pac_stability,5,0.877578830331332,False,True,1.0
embed_dim,500,end,0.7270211244426557,13,5,consensus_pac_stability,6,0.8518096508783634,False,False,0.7913000814783281
embed_dim,500,end,0.7270211244426557,13,5,consensus_pac_stability,7,0.9148356682232599,False,False,0.6841693386448683
embed_dim,500,end,0.7270211244426557,13,5,silhouette,3,0.13154800195396718,False,False,0.7969871040361088
embed_dim,500,end,0.7270211244426557,13,5,silhouette,4,0.1543316824825921,False,False,0.9348389271877502
embed_dim,500,end,0.7270211244426557,13,5,silhouette,5,0.2005223876104989,False,True,0.7270211244426557
embed_dim,500,end,0.7270211244426557,13,5,silhouette,6,0.22098684411925093,False,False,0.7913000814783281
embed_dim,500,end,0.7270211244426557,13,5,silhouette,7,0.24139555345276503,True,False,0.6780571869461254
embed_dim,500,end,0.7270211244426557,13,5,gap,3,-0.08623181182353079,False,False,0.7969871040361088
embed_dim,500,end,0.7270211244426557,13,5,gap,4,-0.04658909003607015,False,False,0.9348389271877502
embed_dim,500,end,0.7270211244426557,13,5,gap,5,0.054323828417363274,False,True,0.7270211244426557
embed_dim,500,end,0.7270211244426557,13,5,gap,6,0.09606282378185327,False,False,0.7913000814783281
embed_dim,500,end,0.7270211244426557,13,5,gap,7,0.17421692629549312,True,False,0.6780571869461254
embed_dim,500,end,0.7270211244426557,13,5,davies_bouldin,3,0.2506319566157289,False,False,0.7969871040361088
embed_dim,500,end,0.7270211244426557,13,5,davies_bouldin,4,0.26083990912198285,False,False,0.9348389271877502
embed_dim,500,end,0.7270211244426557,13,5,davies_bouldin,5,0.2813227338090493,False,True,0.7270211244426557
embed_dim,500,end,0.7270211244426557,13,5,davies_bouldin,6,0.30861264129638744,False,False,0.7913000814783281
embed_dim,500,end,0.7270211244426557,13,5,davies_bouldin,7,0.321923777766113,True,False,0.6780571869461254
embed_dim,500,end,0.7270211244426557,13,5,calinski_harabasz,3,122.15703690018834,False,False,0.7969871040361088
embed_dim,500,end,0.7270211244426557,13,5,calinski_harabasz,4,106.13166045798667,False,False,0.9348389271877502
embed_dim,500,end,0.7270211244426557,13,5,calinski_harabasz,5,128.6436768670929,False,True,0.7270211244426557
embed_dim,500,end,0.7270211244426557,13,5,calinski_harabasz,6,120.67757573433731,False,False,0.7913000814783281
embed_dim,500,end,0.7270211244426557,13,5,calinski_harabasz,7,129.49943671595238,True,False,0.6780571869461254
embed_dim,500,end,0.7021710479129109,14,5,accuracy_generalizability,3,0.6620561873815228,True,False,0.7347725770745879
embed_dim,500,end,0.7021710479129109,14,5,accuracy_generalizability,4,0.5534456181926654,False,False,0.9060175661951082
embed_dim,500,end,0.7021710479129109,14,5,accuracy_generalizability,5,0.6169824752514228,False,True,1.0
embed_dim,500,end,0.7021710479129109,14,5,accuracy_generalizability,6,0.6325987124741184,False,False,0.7780076699541592
embed_dim,500,end,0.7021710479129109,14,5,accuracy_generalizability,7,0.6567046286470993,False,False,0.7180247908069175
embed_dim,500,end,0.7021710479129109,14,5,ari_generalizability,3,0.5411275483328875,False,False,0.7347725770745879
embed_dim,500,end,0.7021710479129109,14,5,ari_generalizability,4,0.4189592108948919,False,False,0.9060175661951082
embed_dim,500,end,0.7021710479129109,14,5,ari_generalizability,5,0.5081695157320029,False,True,1.0
embed_dim,500,end,0.7021710479129109,14,5,ari_generalizability,6,0.5487182322422087,False,False,0.7780076699541592
embed_dim,500,end,0.7021710479129109,14,5,ari_generalizability,7,0.5867449635664532,True,False,0.7180247908069175
embed_dim,500,end,0.7021710479129109,14,5,ari_generalizability_1se,3,0.5411275483328875,False,False,0.7347725770745879
embed_dim,500,end,0.7021710479129109,14,5,ari_generalizability_1se,4,0.4189592108948919,False,False,0.9060175661951082
embed_dim,500,end,0.7021710479129109,14,5,ari_generalizability_1se,5,0.5081695157320029,False,True,1.0
embed_dim,500,end,0.7021710479129109,14,5,ari_generalizability_1se,6,0.5487182322422087,False,False,0.7780076699541592
embed_dim,500,end,0.7021710479129109,14,5,ari_generalizability_1se,7,0.5867449635664532,True,False,0.7180247908069175
embed_dim,500,end,0.7021710479129109,14,5,ari_generalizability_quant,3,0.5411275483328875,False,False,0.7347725770745879
embed_dim,500,end,0.7021710479129109,14,5,ari_generalizability_quant,4,0.4189592108948919,False,False,0.9060175661951082
embed_dim,500,end,0.7021710479129109,14,5,ari_generalizability_quant,5,0.5081695157320029,False,True,1.0
embed_dim,500,end,0.7021710479129109,14,5,ari_generalizability_quant,6,0.5487182322422087,False,False,0.7780076699541592
embed_dim,500,end,0.7021710479129109,14,5,ari_generalizability_quant,7,0.5867449635664532,True,False,0.7180247908069175
embed_dim,500,end,0.7021710479129109,14,5,ari_stability,3,0.8764372333310115,False,False,0.7347725770745879
embed_dim,500,end,0.7021710479129109,14,5,ari_stability,4,0.8794039367408589,False,False,0.9060175661951082
embed_dim,500,end,0.7021710479129109,14,5,ari_stability,5,0.8195108456079668,False,True,1.0
embed_dim,500,end,0.7021710479129109,14,5,ari_stability,6,0.9507748832275662,True,False,0.7777558896743749
embed_dim,500,end,0.7021710479129109,14,5,ari_stability,7,0.9016817056988085,False,False,0.7180247908069175
embed_dim,500,end,0.7021710479129109,14,5,ari_stability_1se,3,0.8764372333310115,False,False,0.7347725770745879
embed_dim,500,end,0.7021710479129109,14,5,ari_stability_1se,4,0.8794039367408589,False,False,0.9060175661951082
embed_dim,500,end,0.7021710479129109,14,5,ari_stability_1se,5,0.8195108456079668,False,True,1.0
embed_dim,500,end,0.7021710479129109,14,5,ari_stability_1se,6,0.9507748832275662,True,False,0.7777558896743749
embed_dim,500,end,0.7021710479129109,14,5,ari_stability_1se,7,0.9016817056988085,False,False,0.7180247908069175
embed_dim,500,end,0.7021710479129109,14,5,ari_stability_quant,3,0.8764372333310115,False,False,0.7347725770745879
embed_dim,500,end,0.7021710479129109,14,5,ari_stability_quant,4,0.8794039367408589,False,False,0.9060175661951082
embed_dim,500,end,0.7021710479129109,14,5,ari_stability_quant,5,0.8195108456079668,False,True,1.0
embed_dim,500,end,0.7021710479129109,14,5,ari_stability_quant,6,0.9507748832275662,False,False,0.7777558896743749
embed_dim,500,end,0.7021710479129109,14,5,ari_stability_quant,7,0.9016817056988085,True,False,0.7180247908069175
embed_dim,500,end,0.7021710479129109,14,5,consensus_ce_stability,3,0.8513405085762181,False,False,0.7347725770745879
embed_dim,500,end,0.7021710479129109,14,5,consensus_ce_stability,4,0.8779312753987036,False,False,0.9060175661951082
embed_dim,500,end,0.7021710479129109,14,5,consensus_ce_stability,5,0.8743376334441261,False,True,1.0
embed_dim,500,end,0.7021710479129109,14,5,consensus_ce_stability,6,0.9598751867902399,True,False,0.7777558896743749
embed_dim,500,end,0.7021710479129109,14,5,consensus_ce_stability,7,0.9403122929982308,False,False,0.7180247908069175
embed_dim,500,end,0.7021710479129109,14,5,consensus_gini_stability,3,0.8711157982802197,False,False,0.7347725770745879
embed_dim,500,end,0.7021710479129109,14,5,consensus_gini_stability,4,0.8978316380341643,False,False,0.9060175661951082
embed_dim,500,end,0.7021710479129109,14,5,consensus_gini_stability,5,0.8831147371856511,False,True,1.0
embed_dim,500,end,0.7021710479129109,14,5,consensus_gini_stability,6,0.9709902109049194,True,False,0.7777558896743749
embed_dim,500,end,0.7021710479129109,14,5,consensus_gini_stability,7,0.9527130498148907,False,False,0.7180247908069175
embed_dim,500,end,0.7021710479129109,14,5,consensus_pac_stability,3,0.811277740716033,False,False,0.7347725770745879
embed_dim,500,end,0.7021710479129109,14,5,consensus_pac_stability,4,0.8227974205025572,False,False,0.9060175661951082
embed_dim,500,end,0.7021710479129109,14,5,consensus_pac_stability,5,0.8533778074271736,False,True,1.0
embed_dim,500,end,0.7021710479129109,14,5,consensus_pac_stability,6,0.9453520124527462,True,False,0.7777558896743749
embed_dim,500,end,0.7021710479129109,14,5,consensus_pac_stability,7,0.9085621525461418,False,False,0.7180247908069175
embed_dim,500,end,0.7021710479129109,14,5,silhouette,3,0.12646499762530755,False,False,0.6784061025122693
embed_dim,500,end,0.7021710479129109,14,5,silhouette,4,0.15561003557547287,False,False,0.9274873118775098
embed_dim,500,end,0.7021710479129109,14,5,silhouette,5,0.20156401525805867,False,True,0.7021710479129109
embed_dim,500,end,0.7021710479129109,14,5,silhouette,6,0.22368673363370856,False,False,0.7734610004418597
embed_dim,500,end,0.7021710479129109,14,5,silhouette,7,0.254575274913692,True,False,0.7137560645262473
embed_dim,500,end,0.7021710479129109,14,5,gap,3,-0.06500427208665194,False,False,0.6784061025122693
embed_dim,500,end,0.7021710479129109,14,5,gap,4,-0.012012356190268747,False,False,0.9274873118775098
embed_dim,500,end,0.7021710479129109,14,5,gap,5,0.10977266343565795,False,True,0.7021710479129109
embed_dim,500,end,0.7021710479129109,14,5,gap,6,0.1565405699434841,False,False,0.7734610004418597
embed_dim,500,end,0.7021710479129109,14,5,gap,7,0.22605947992897057,True,False,0.7137560645262473
embed_dim,500,end,0.7021710479129109,14,5,davies_bouldin,3,0.24977738576492012,False,False,0.6784061025122693
embed_dim,500,end,0.7021710479129109,14,5,davies_bouldin,4,0.2498333429322609,False,False,0.9274873118775098
embed_dim,500,end,0.7021710479129109,14,5,davies_bouldin,5,0.274211970079295,False,True,0.7021710479129109
embed_dim,500,end,0.7021710479129109,14,5,davies_bouldin,6,0.30202883408860276,False,False,0.7734610004418597
embed_dim,500,end,0.7021710479129109,14,5,davies_bouldin,7,0.32262723601248916,True,False,0.7137560645262473
embed_dim,500,end,0.7021710479129109,14,5,calinski_harabasz,3,110.33961731713649,False,False,0.6784061025122693
embed_dim,500,end,0.7021710479129109,14,5,calinski_harabasz,4,105.94191679494755,False,False,0.9274873118775098
embed_dim,500,end,0.7021710479129109,14,5,calinski_harabasz,5,139.07418062202566,True,True,0.7021710479129109
embed_dim,500,end,0.7021710479129109,14,5,calinski_harabasz,6,131.54161096929374,False,False,0.7734610004418597
embed_dim,500,end,0.7021710479129109,14,5,calinski_harabasz,7,135.97470599248524,False,False,0.7137560645262473
embed_dim,500,end,1.0,15,5,accuracy_generalizability,3,0.998808144156989,True,False,0.6544934952035805
embed_dim,500,end,1.0,15,5,accuracy_generalizability,4,0.8544688520886647,False,False,0.8872162238206396
embed_dim,500,end,1.0,15,5,accuracy_generalizability,5,0.6874023831318237,False,True,1.0
embed_dim,500,end,1.0,15,5,accuracy_generalizability,6,0.733901681685273,False,False,0.8950267808677325
embed_dim,500,end,1.0,15,5,accuracy_generalizability,7,0.7753340782131751,False,False,0.7720793416850227
embed_dim,500,end,1.0,15,5,ari_generalizability,3,0.9965198787322328,True,False,0.6544934952035805
embed_dim,500,end,1.0,15,5,ari_generalizability,4,0.826873895023284,False,False,0.8872162238206396
embed_dim,500,end,1.0,15,5,ari_generalizability,5,0.6700571422409898,False,True,1.0
embed_dim,500,end,1.0,15,5,ari_generalizability,6,0.6981403170101494,False,False,0.8950267808677325
embed_dim,500,end,1.0,15,5,ari_generalizability,7,0.7280161829410122,False,False,0.7720793416850227
embed_dim,500,end,1.0,15,5,ari_generalizability_1se,3,0.9965198787322328,True,False,0.6544934952035805
embed_dim,500,end,1.0,15,5,ari_generalizability_1se,4,0.826873895023284,False,False,0.8872162238206396
embed_dim,500,end,1.0,15,5,ari_generalizability_1se,5,0.6700571422409898,False,True,1.0
embed_dim,500,end,1.0,15,5,ari_generalizability_1se,6,0.6981403170101494,False,False,0.8950267808677325
embed_dim,500,end,1.0,15,5,ari_generalizability_1se,7,0.7280161829410122,False,False,0.7720793416850227
embed_dim,500,end,1.0,15,5,ari_generalizability_quant,3,0.9965198787322328,True,False,0.6544934952035805
embed_dim,500,end,1.0,15,5,ari_generalizability_quant,4,0.826873895023284,False,False,0.8872162238206396
embed_dim,500,end,1.0,15,5,ari_generalizability_quant,5,0.6700571422409898,False,True,1.0
embed_dim,500,end,1.0,15,5,ari_generalizability_quant,6,0.6981403170101494,False,False,0.8950267808677325
embed_dim,500,end,1.0,15,5,ari_generalizability_quant,7,0.7280161829410122,False,False,0.7720793416850227
embed_dim,500,end,1.0,15,5,ari_stability,3,1.0,True,False,0.6544934952035805
embed_dim,500,end,1.0,15,5,ari_stability,4,0.9943925776696736,False,False,0.8872162238206396
embed_dim,500,end,1.0,15,5,ari_stability,5,0.968390234537698,False,True,1.0
embed_dim,500,end,1.0,15,5,ari_stability,6,0.8627304223370602,False,False,0.8945779755105783
embed_dim,500,end,1.0,15,5,ari_stability,7,0.907389217315409,False,False,0.7715693620075627
embed_dim,500,end,1.0,15,5,ari_stability_1se,3,1.0,True,False,0.6544934952035805
embed_dim,500,end,1.0,15,5,ari_stability_1se,4,0.9943925776696736,False,False,0.8872162238206396
embed_dim,500,end,1.0,15,5,ari_stability_1se,5,0.968390234537698,False,True,1.0
embed_dim,500,end,1.0,15,5,ari_stability_1se,6,0.8627304223370602,False,False,0.8945779755105783
embed_dim,500,end,1.0,15,5,ari_stability_1se,7,0.907389217315409,False,False,0.7715693620075627
embed_dim,500,end,1.0,15,5,ari_stability_quant,3,1.0,True,False,0.6544934952035805
embed_dim,500,end,1.0,15,5,ari_stability_quant,4,0.9943925776696736,False,False,0.8872162238206396
embed_dim,500,end,1.0,15,5,ari_stability_quant,5,0.968390234537698,False,True,1.0
embed_dim,500,end,1.0,15,5,ari_stability_quant,6,0.8627304223370602,False,False,0.8945779755105783
embed_dim,500,end,1.0,15,5,ari_stability_quant,7,0.907389217315409,False,False,0.7715693620075627
embed_dim,500,end,1.0,15,5,consensus_ce_stability,3,0.9999999999586944,True,False,0.6544934952035805
embed_dim,500,end,1.0,15,5,consensus_ce_stability,4,0.9923829174308476,False,False,0.8872162238206396
embed_dim,500,end,1.0,15,5,consensus_ce_stability,5,0.9722663992173366,False,True,1.0
embed_dim,500,end,1.0,15,5,consensus_ce_stability,6,0.915472702762285,False,False,0.8945779755105783
embed_dim,500,end,1.0,15,5,consensus_ce_stability,7,0.9456346653754077,False,False,0.7715693620075627
embed_dim,500,end,1.0,15,5,consensus_gini_stability,3,1.0,True,False,0.6544934952035805
embed_dim,500,end,1.0,15,5,consensus_gini_stability,4,0.9955483004149619,False,False,0.8872162238206396
embed_dim,500,end,1.0,15,5,consensus_gini_stability,5,0.9806486926563793,False,True,1.0
embed_dim,500,end,1.0,15,5,consensus_gini_stability,6,0.9255015079756638,False,False,0.8945779755105783
embed_dim,500,end,1.0,15,5,consensus_gini_stability,7,0.9546716871554403,False,False,0.7715693620075627
embed_dim,500,end,1.0,15,5,consensus_pac_stability,3,1.0,True,False,0.6544934952035805
embed_dim,500,end,1.0,15,5,consensus_pac_stability,4,0.9999991105181232,False,False,0.8872162238206396
embed_dim,500,end,1.0,15,5,consensus_pac_stability,5,0.9499808761396487,False,True,1.0
embed_dim,500,end,1.0,15,5,consensus_pac_stability,6,0.8881316433177674,False,False,0.8945779755105783
embed_dim,500,end,1.0,15,5,consensus_pac_stability,7,0.927760729375139,False,False,0.7715693620075627
embed_dim,500,end,1.0,15,5,silhouette,3,0.1321417130712912,False,False,0.6544934952035805
embed_dim,500,end,1.0,15,5,silhouette,4,0.16487376252288036,False,False,0.8872162238206396
embed_dim,500,end,1.0,15,5,silhouette,5,0.18705130012425433,False,True,1.0
embed_dim,500,end,1.0,15,5,silhouette,6,0.20855173662327395,False,False,0.8909174735444543
embed_dim,500,end,1.0,15,5,silhouette,7,0.2436479436149447,True,False,0.7718210294344936
embed_dim,500,end,1.0,15,5,gap,3,-0.0853493161819383,False,False,0.6544934952035805
embed_dim,500,end,1.0,15,5,gap,4,-0.02543308727784499,False,False,0.8872162238206396
embed_dim,500,end,1.0,15,5,gap,5,0.01756832645731876,False,True,1.0
embed_dim,500,end,1.0,15,5,gap,6,0.08900081153105788,False,False,0.8909174735444543
embed_dim,500,end,1.0,15,5,gap,7,0.1789201982003128,True,False,0.7718210294344936
embed_dim,500,end,1.0,15,5,davies_bouldin,3,0.2548842447822939,False,False,0.6544934952035805
embed_dim,500,end,1.0,15,5,davies_bouldin,4,0.26849262050310096,False,False,0.8872162238206396
embed_dim,500,end,1.0,15,5,davies_bouldin,5,0.2883801824799135,False,True,1.0
embed_dim,500,end,1.0,15,5,davies_bouldin,6,0.30471250556447793,False,False,0.8909174735444543
embed_dim,500,end,1.0,15,5,davies_bouldin,7,0.3187884596281913,True,False,0.7718210294344936
embed_dim,500,end,1.0,15,5,calinski_harabasz,3,126.80771916911041,False,False,0.6544934952035805
embed_dim,500,end,1.0,15,5,calinski_harabasz,4,121.82192967202906,False,False,0.8872162238206396
embed_dim,500,end,1.0,15,5,calinski_harabasz,5,112.65014126695782,False,True,1.0
embed_dim,500,end,1.0,15,5,calinski_harabasz,6,119.58553023778552,False,False,0.8909174735444543
embed_dim,500,end,1.0,15,5,calinski_harabasz,7,133.00129503646042,True,False,0.7718210294344936
embed_dim,500,end,0.8500221057550342,16,5,accuracy_generalizability,3,0.9867318211706362,True,False,0.6759525347950344
embed_dim,500,end,0.8500221057550342,16,5,accuracy_generalizability,4,0.8032821473521574,False,False,0.8702523464545755
embed_dim,500,end,0.8500221057550342,16,5,accuracy_generalizability,5,0.6849623457480869,False,True,1.0
embed_dim,500,end,0.8500221057550342,16,5,accuracy_generalizability,6,0.7450662691328382,False,False,0.8755103959354176
embed_dim,500,end,0.8500221057550342,16,5,accuracy_generalizability,7,0.848502386813049,False,False,0.7633675352774489
embed_dim,500,end,0.8500221057550342,16,5,ari_generalizability,3,0.9777420424095655,True,False,0.6759525347950344
embed_dim,500,end,0.8500221057550342,16,5,ari_generalizability,4,0.7492581304847209,False,False,0.8702523464545755
embed_dim,500,end,0.8500221057550342,16,5,ari_generalizability,5,0.6538416244557846,False,True,1.0
embed_dim,500,end,0.8500221057550342,16,5,ari_generalizability,6,0.7196868648489873,False,False,0.8755103959354176
embed_dim,500,end,0.8500221057550342,16,5,ari_generalizability,7,0.804824085696505,False,False,0.7633675352774489
embed_dim,500,end,0.8500221057550342,16,5,ari_generalizability_1se,3,0.9777420424095655,True,False,0.6759525347950344
embed_dim,500,end,0.8500221057550342,16,5,ari_generalizability_1se,4,0.7492581304847209,False,False,0.8702523464545755
embed_dim,500,end,0.8500221057550342,16,5,ari_generalizability_1se,5,0.6538416244557846,False,True,1.0
embed_dim,500,end,0.8500221057550342,16,5,ari_generalizability_1se,6,0.7196868648489873,False,False,0.8755103959354176
embed_dim,500,end,0.8500221057550342,16,5,ari_generalizability_1se,7,0.804824085696505,False,False,0.7633675352774489
embed_dim,500,end,0.8500221057550342,16,5,ari_generalizability_quant,3,0.9777420424095655,True,False,0.6759525347950344
embed_dim,500,end,0.8500221057550342,16,5,ari_generalizability_quant,4,0.7492581304847209,False,False,0.8702523464545755
embed_dim,500,end,0.8500221057550342,16,5,ari_generalizability_quant,5,0.6538416244557846,False,True,1.0
embed_dim,500,end,0.8500221057550342,16,5,ari_generalizability_quant,6,0.7196868648489873,False,False,0.8755103959354176
embed_dim,500,end,0.8500221057550342,16,5,ari_generalizability_quant,7,0.804824085696505,False,False,0.7633675352774489
embed_dim,500,end,0.8500221057550342,16,5,ari_stability,3,0.9629403275521736,False,False,0.6759525347950344
embed_dim,500,end,0.8500221057550342,16,5,ari_stability,4,0.9199498377741345,False,False,0.8702523464545755
embed_dim,500,end,0.8500221057550342,16,5,ari_stability,5,0.994582169099685,True,True,1.0
embed_dim,500,end,0.8500221057550342,16,5,ari_stability,6,0.883042290130392,False,False,0.8755103959354176
embed_dim,500,end,0.8500221057550342,16,5,ari_stability,7,0.8918017671693913,False,False,0.7634997416661395
embed_dim,500,end,0.8500221057550342,16,5,ari_stability_1se,3,0.9629403275521736,False,False,0.6759525347950344
embed_dim,500,end,0.8500221057550342,16,5,ari_stability_1se,4,0.9199498377741345,False,False,0.8702523464545755
embed_dim,500,end,0.8500221057550342,16,5,ari_stability_1se,5,0.994582169099685,True,True,1.0
embed_dim,500,end,0.8500221057550342,16,5,ari_stability_1se,6,0.883042290130392,False,False,0.8755103959354176
embed_dim,500,end,0.8500221057550342,16,5,ari_stability_1se,7,0.8918017671693913,False,False,0.7634997416661395
embed_dim,500,end,0.8500221057550342,16,5,ari_stability_quant,3,0.9629403275521736,False,False,0.6759525347950344
embed_dim,500,end,0.8500221057550342,16,5,ari_stability_quant,4,0.9199498377741345,False,False,0.8702523464545755
embed_dim,500,end,0.8500221057550342,16,5,ari_stability_quant,5,0.994582169099685,True,True,1.0
embed_dim,500,end,0.8500221057550342,16,5,ari_stability_quant,6,0.883042290130392,False,False,0.8755103959354176
embed_dim,500,end,0.8500221057550342,16,5,ari_stability_quant,7,0.8918017671693913,False,False,0.7634997416661395
embed_dim,500,end,0.8500221057550342,16,5,consensus_ce_stability,3,0.9420050278759132,False,False,0.6759525347950344
embed_dim,500,end,0.8500221057550342,16,5,consensus_ce_stability,4,0.9132066579792345,False,False,0.8702523464545755
embed_dim,500,end,0.8500221057550342,16,5,consensus_ce_stability,5,0.9983987838024581,True,True,1.0
embed_dim,500,end,0.8500221057550342,16,5,consensus_ce_stability,6,0.9240230884440428,False,False,0.8755103959354176
embed_dim,500,end,0.8500221057550342,16,5,consensus_ce_stability,7,0.9269674465563728,False,False,0.7634997416661395
embed_dim,500,end,0.8500221057550342,16,5,consensus_gini_stability,3,0.9613258798607169,False,False,0.6759525347950344
embed_dim,500,end,0.8500221057550342,16,5,consensus_gini_stability,4,0.9246837311941467,False,False,0.8702523464545755
embed_dim,500,end,0.8500221057550342,16,5,consensus_gini_stability,5,0.9990163415538451,True,True,1.0
embed_dim,500,end,0.8500221057550342,16,5,consensus_gini_stability,6,0.929864681916787,False,False,0.8755103959354176
embed_dim,500,end,0.8500221057550342,16,5,consensus_gini_stability,7,0.9374644541909678,False,False,0.7634997416661395
embed_dim,500,end,0.8500221057550342,16,5,consensus_pac_stability,3,0.9003664665332444,False,False,0.6759525347950344
embed_dim,500,end,0.8500221057550342,16,5,consensus_pac_stability,4,0.8672946408716923,False,False,0.8702523464545755
embed_dim,500,end,0.8500221057550342,16,5,consensus_pac_stability,5,0.998858794752057,True,True,1.0
embed_dim,500,end,0.8500221057550342,16,5,consensus_pac_stability,6,0.9108098732488326,False,False,0.8755103959354176
embed_dim,500,end,0.8500221057550342,16,5,consensus_pac_stability,7,0.9018572381587725,False,False,0.7634997416661395
embed_dim,500,end,0.8500221057550342,16,5,silhouette,3,0.12485382782480495,False,False,0.6759525347950344
embed_dim,500,end,0.8500221057550342,16,5,silhouette,4,0.15638106400124507,False,False,0.9146944080119794
embed_dim,500,end,0.8500221057550342,16,5,silhouette,5,0.18168290167817144,False,True,0.8500221057550342
embed_dim,500,end,0.8500221057550342,16,5,silhouette,6,0.21263822174252073,False,False,0.8789650712295317
embed_dim,500,end,0.8500221057550342,16,5,silhouette,7,0.25660749659863524,True,False,0.7673690563961008
embed_dim,500,end,0.8500221057550342,16,5,gap,3,-0.09710259896252715,False,False,0.6759525347950344
embed_dim,500,end,0.8500221057550342,16,5,gap,4,-0.0399441117354975,False,False,0.9146944080119794
embed_dim,500,end,0.8500221057550342,16,5,gap,5,0.0175817486082952,False,True,0.8500221057550342
embed_dim,500,end,0.8500221057550342,16,5,gap,6,0.0851397897729882,False,False,0.8789650712295317
embed_dim,500,end,0.8500221057550342,16,5,gap,7,0.19356754619328065,True,False,0.7673690563961008
embed_dim,500,end,0.8500221057550342,16,5,davies_bouldin,3,0.2459907417448364,False,False,0.6759525347950344
embed_dim,500,end,0.8500221057550342,16,5,davies_bouldin,4,0.2645119133134714,False,False,0.9146944080119794
embed_dim,500,end,0.8500221057550342,16,5,davies_bouldin,5,0.28771663105516276,False,True,0.8500221057550342
embed_dim,500,end,0.8500221057550342,16,5,davies_bouldin,6,0.3091688904077031,False,False,0.8789650712295317
embed_dim,500,end,0.8500221057550342,16,5,davies_bouldin,7,0.32792396521986844,True,False,0.7673690563961008
embed_dim,500,end,0.8500221057550342,16,5,calinski_harabasz,3,113.48875710864978,False,False,0.6759525347950344
embed_dim,500,end,0.8500221057550342,16,5,calinski_harabasz,4,110.72375732457996,False,False,0.9146944080119794
embed_dim,500,end,0.8500221057550342,16,5,calinski_harabasz,5,110.94698328996995,False,True,0.8500221057550342
embed_dim,500,end,0.8500221057550342,16,5,calinski_harabasz,6,116.46716173197498,False,False,0.8789650712295317
embed_dim,500,end,0.8500221057550342,16,5,calinski_harabasz,7,137.22589204018854,True,False,0.7673690563961008
embed_dim,500,end,0.6370588088130061,17,5,accuracy_generalizability,3,0.67416400698671,False,False,0.7904401824884799
embed_dim,500,end,0.6370588088130061,17,5,accuracy_generalizability,4,0.6032358816637999,False,False,0.92275846631224
embed_dim,500,end,0.6370588088130061,17,5,accuracy_generalizability,5,0.6611008238400894,False,True,0.6487513688711491
embed_dim,500,end,0.6370588088130061,17,5,accuracy_generalizability,6,0.638444769060362,False,False,0.7299009138087383
embed_dim,500,end,0.6370588088130061,17,5,accuracy_generalizability,7,0.6961926061687861,True,False,0.6141234955163773
embed_dim,500,end,0.6370588088130061,17,5,ari_generalizability,3,0.5647211521029932,False,False,0.7904401824884799
embed_dim,500,end,0.6370588088130061,17,5,ari_generalizability,4,0.46705414834840053,False,False,0.92275846631224
embed_dim,500,end,0.6370588088130061,17,5,ari_generalizability,5,0.5521587066823066,False,True,0.6487513688711491
embed_dim,500,end,0.6370588088130061,17,5,ari_generalizability,6,0.5534380827398376,False,False,0.7299009138087383
embed_dim,500,end,0.6370588088130061,17,5,ari_generalizability,7,0.6197615557178024,True,False,0.6141234955163773
embed_dim,500,end,0.6370588088130061,17,5,ari_generalizability_1se,3,0.5647211521029932,False,False,0.7904401824884799
embed_dim,500,end,0.6370588088130061,17,5,ari_generalizability_1se,4,0.46705414834840053,False,False,0.92275846631224
embed_dim,500,end,0.6370588088130061,17,5,ari_generalizability_1se,5,0.5521587066823066,False,True,0.6487513688711491
embed_dim,500,end,0.6370588088130061,17,5,ari_generalizability_1se,6,0.5534380827398376,False,False,0.7299009138087383
embed_dim,500,end,0.6370588088130061,17,5,ari_generalizability_1se,7,0.6197615557178024,True,False,0.6141234955163773
embed_dim,500,end,0.6370588088130061,17,5,ari_generalizability_quant,3,0.5647211521029932,False,False,0.7904401824884799
embed_dim,500,end,0.6370588088130061,17,5,ari_generalizability_quant,4,0.46705414834840053,False,False,0.92275846631224
embed_dim,500,end,0.6370588088130061,17,5,ari_generalizability_quant,5,0.5521587066823066,False,True,0.6487513688711491
embed_dim,500,end,0.6370588088130061,17,5,ari_generalizability_quant,6,0.5534380827398376,False,False,0.7299009138087383
embed_dim,500,end,0.6370588088130061,17,5,ari_generalizability_quant,7,0.6197615557178024,True,False,0.6141234955163773
embed_dim,500,end,0.6370588088130061,17,5,ari_stability,3,0.9165644563753103,False,False,0.7904401824884799
embed_dim,500,end,0.6370588088130061,17,5,ari_stability,4,0.9514289099503805,True,False,0.92275846631224
embed_dim,500,end,0.6370588088130061,17,5,ari_stability,5,0.8120240168659463,False,True,0.6539693233876017
embed_dim,500,end,0.6370588088130061,17,5,ari_stability,6,0.8796081917802664,False,False,0.7299009138087383
embed_dim,500,end,0.6370588088130061,17,5,ari_stability,7,0.8293127537745242,False,False,0.6179309658632546
embed_dim,500,end,0.6370588088130061,17,5,ari_stability_1se,3,0.9165644563753103,False,False,0.7904401824884799
embed_dim,500,end,0.6370588088130061,17,5,ari_stability_1se,4,0.9514289099503805,True,False,0.92275846631224
embed_dim,500,end,0.6370588088130061,17,5,ari_stability_1se,5,0.8120240168659463,False,True,0.6539693233876017
embed_dim,500,end,0.6370588088130061,17,5,ari_stability_1se,6,0.8796081917802664,False,False,0.7299009138087383
embed_dim,500,end,0.6370588088130061,17,5,ari_stability_1se,7,0.8293127537745242,False,False,0.6179309658632546
embed_dim,500,end,0.6370588088130061,17,5,ari_stability_quant,3,0.9165644563753103,False,False,0.7904401824884799
embed_dim,500,end,0.6370588088130061,17,5,ari_stability_quant,4,0.9514289099503805,False,False,0.92275846631224
embed_dim,500,end,0.6370588088130061,17,5,ari_stability_quant,5,0.8120240168659463,False,True,0.6539693233876017
embed_dim,500,end,0.6370588088130061,17,5,ari_stability_quant,6,0.8796081917802664,False,False,0.7299009138087383
embed_dim,500,end,0.6370588088130061,17,5,ari_stability_quant,7,0.8293127537745242,True,False,0.6179309658632546
embed_dim,500,end,0.6370588088130061,17,5,consensus_ce_stability,3,0.905823520203652,False,False,0.7904401824884799
embed_dim,500,end,0.6370588088130061,17,5,consensus_ce_stability,4,0.9420021484289433,True,False,0.92275846631224
embed_dim,500,end,0.6370588088130061,17,5,consensus_ce_stability,5,0.8514329435635459,False,True,0.6539693233876017
embed_dim,500,end,0.6370588088130061,17,5,consensus_ce_stability,6,0.907466328102427,False,False,0.7299009138087383
embed_dim,500,end,0.6370588088130061,17,5,consensus_ce_stability,7,0.8901955394507342,False,False,0.6179309658632546
embed_dim,500,end,0.6370588088130061,17,5,consensus_gini_stability,3,0.9188971954523341,False,False,0.7904401824884799
embed_dim,500,end,0.6370588088130061,17,5,consensus_gini_stability,4,0.9586489481961356,True,False,0.92275846631224
embed_dim,500,end,0.6370588088130061,17,5,consensus_gini_stability,5,0.861279760311429,False,True,0.6539693233876017
embed_dim,500,end,0.6370588088130061,17,5,consensus_gini_stability,6,0.9220687905211189,False,False,0.7299009138087383
embed_dim,500,end,0.6370588088130061,17,5,consensus_gini_stability,7,0.9013469905855862,False,False,0.6179309658632546
embed_dim,500,end,0.6370588088130061,17,5,consensus_pac_stability,3,0.8549246164109406,False,False,0.7904401824884799
embed_dim,500,end,0.6370588088130061,17,5,consensus_pac_stability,4,0.8855583722481655,True,False,0.92275846631224
embed_dim,500,end,0.6370588088130061,17,5,consensus_pac_stability,5,0.8347440515899489,False,True,0.6539693233876017
embed_dim,500,end,0.6370588088130061,17,5,consensus_pac_stability,6,0.8662317100289082,False,False,0.7299009138087383
embed_dim,500,end,0.6370588088130061,17,5,consensus_pac_stability,7,0.8634022681787858,False,False,0.6179309658632546
embed_dim,500,end,0.6370588088130061,17,5,silhouette,3,0.13628787271089637,False,False,0.8404808576342236
embed_dim,500,end,0.6370588088130061,17,5,silhouette,4,0.16286119054522888,False,False,0.9443038879614729
embed_dim,500,end,0.6370588088130061,17,5,silhouette,5,0.19825587734170336,False,True,0.6370588088130061
embed_dim,500,end,0.6370588088130061,17,5,silhouette,6,0.22127505835888336,False,False,0.7128395935275784
embed_dim,500,end,0.6370588088130061,17,5,silhouette,7,0.2526844740789077,True,False,0.5334994065365565
embed_dim,500,end,0.6370588088130061,17,5,gap,3,-0.06162732107908653,False,False,0.8404808576342236
embed_dim,500,end,0.6370588088130061,17,5,gap,4,-0.008808076902754536,False,False,0.9443038879614729
embed_dim,500,end,0.6370588088130061,17,5,gap,5,0.0997552477797683,False,True,0.6370588088130061
embed_dim,500,end,0.6370588088130061,17,5,gap,6,0.14706620147244287,False,False,0.7128395935275784
embed_dim,500,end,0.6370588088130061,17,5,gap,7,0.24274881184629216,True,False,0.5334994065365565
embed_dim,500,end,0.6370588088130061,17,5,davies_bouldin,3,0.2345296892262149,False,False,0.8404808576342236
embed_dim,500,end,0.6370588088130061,17,5,davies_bouldin,4,0.26283423916846166,False,False,0.9443038879614729
embed_dim,500,end,0.6370588088130061,17,5,davies_bouldin,5,0.27804128749873874,False,True,0.6370588088130061
embed_dim,500,end,0.6370588088130061,17,5,davies_bouldin,6,0.3051813370164417,False,False,0.7128395935275784
embed_dim,500,end,0.6370588088130061,17,5,davies_bouldin,7,0.3221118474649319,True,False,0.5334994065365565
embed_dim,500,end,0.6370588088130061,17,5,calinski_harabasz,3,109.93593500368027,False,False,0.8404808576342236
embed_dim,500,end,0.6370588088130061,17,5,calinski_harabasz,4,105.54062062001029,False,False,0.9443038879614729
embed_dim,500,end,0.6370588088130061,17,5,calinski_harabasz,5,131.9563529567185,False,True,0.6370588088130061
embed_dim,500,end,0.6370588088130061,17,5,calinski_harabasz,6,125.83713499626039,False,False,0.7128395935275784
embed_dim,500,end,0.6370588088130061,17,5,calinski_harabasz,7,140.93881621139272,True,False,0.5334994065365565
embed_dim,500,end,0.7877497661241343,18,5,accuracy_generalizability,3,0.9646653134739109,True,False,0.7087480900780431
embed_dim,500,end,0.7877497661241343,18,5,accuracy_generalizability,4,0.8214676876113256,False,False,0.9178901329018904
embed_dim,500,end,0.7877497661241343,18,5,accuracy_generalizability,5,0.7322153883540923,False,True,1.0
embed_dim,500,end,0.7877497661241343,18,5,accuracy_generalizability,6,0.7441876507846176,False,False,0.86757688700155
embed_dim,500,end,0.7877497661241343,18,5,accuracy_generalizability,7,0.72837836297505,False,False,0.7371926832202834
embed_dim,500,end,0.7877497661241343,18,5,ari_generalizability,3,0.9306023561080619,True,False,0.7087480900780431
embed_dim,500,end,0.7877497661241343,18,5,ari_generalizability,4,0.7976507167271408,False,False,0.9178901329018904
embed_dim,500,end,0.7877497661241343,18,5,ari_generalizability,5,0.715900251438907,False,True,1.0
embed_dim,500,end,0.7877497661241343,18,5,ari_generalizability,6,0.7008113460142831,False,False,0.86757688700155
embed_dim,500,end,0.7877497661241343,18,5,ari_generalizability,7,0.6788133369677649,False,False,0.7371926832202834
embed_dim,500,end,0.7877497661241343,18,5,ari_generalizability_1se,3,0.9306023561080619,True,False,0.7087480900780431
embed_dim,500,end,0.7877497661241343,18,5,ari_generalizability_1se,4,0.7976507167271408,False,False,0.9178901329018904
embed_dim,500,end,0.7877497661241343,18,5,ari_generalizability_1se,5,0.715900251438907,False,True,1.0
embed_dim,500,end,0.7877497661241343,18,5,ari_generalizability_1se,6,0.7008113460142831,False,False,0.86757688700155
embed_dim,500,end,0.7877497661241343,18,5,ari_generalizability_1se,7,0.6788133369677649,False,False,0.7371926832202834
embed_dim,500,end,0.7877497661241343,18,5,ari_generalizability_quant,3,0.9306023561080619,False,False,0.7087480900780431
embed_dim,500,end,0.7877497661241343,18,5,ari_generalizability_quant,4,0.7976507167271408,False,False,0.9178901329018904
embed_dim,500,end,0.7877497661241343,18,5,ari_generalizability_quant,5,0.715900251438907,False,True,1.0
embed_dim,500,end,0.7877497661241343,18,5,ari_generalizability_quant,6,0.7008113460142831,False,False,0.86757688700155
embed_dim,500,end,0.7877497661241343,18,5,ari_generalizability_quant,7,0.6788133369677649,True,False,0.7371926832202834
embed_dim,500,end,0.7877497661241343,18,5,ari_stability,3,0.9617513652236442,False,False,0.7087480900780431
embed_dim,500,end,0.7877497661241343,18,5,ari_stability,4,1.0,True,False,0.9178901329018904
embed_dim,500,end,0.7877497661241343,18,5,ari_stability,5,0.9718913702588119,False,True,1.0
embed_dim,500,end,0.7877497661241343,18,5,ari_stability,6,0.939323040188347,False,False,0.8676294662785372
embed_dim,500,end,0.7877497661241343,18,5,ari_stability,7,0.8934957791686324,False,False,0.7378238261276139
embed_dim,500,end,0.7877497661241343,18,5,ari_stability_1se,3,0.9617513652236442,False,False,0.7087480900780431
embed_dim,500,end,0.7877497661241343,18,5,ari_stability_1se,4,1.0,True,False,0.9178901329018904
embed_dim,500,end,0.7877497661241343,18,5,ari_stability_1se,5,0.9718913702588119,False,True,1.0
embed_dim,500,end,0.7877497661241343,18,5,ari_stability_1se,6,0.939323040188347,False,False,0.8676294662785372
embed_dim,500,end,0.7877497661241343,18,5,ari_stability_1se,7,0.8934957791686324,False,False,0.7378238261276139
embed_dim,500,end,0.7877497661241343,18,5,ari_stability_quant,3,0.9617513652236442,False,False,0.7087480900780431
embed_dim,500,end,0.7877497661241343,18,5,ari_stability_quant,4,1.0,True,False,0.9178901329018904
embed_dim,500,end,0.7877497661241343,18,5,ari_stability_quant,5,0.9718913702588119,False,True,1.0
embed_dim,500,end,0.7877497661241343,18,5,ari_stability_quant,6,0.939323040188347,False,False,0.8676294662785372
embed_dim,500,end,0.7877497661241343,18,5,ari_stability_quant,7,0.8934957791686324,False,False,0.7378238261276139
embed_dim,500,end,0.7877497661241343,18,5,consensus_ce_stability,3,0.9475669947823462,False,False,0.7087480900780431
embed_dim,500,end,0.7877497661241343,18,5,consensus_ce_stability,4,0.9999999999586944,True,False,0.9178901329018904
embed_dim,500,end,0.7877497661241343,18,5,consensus_ce_stability,5,0.9740118145867702,False,True,1.0
embed_dim,500,end,0.7877497661241343,18,5,consensus_ce_stability,6,0.9546679906966719,False,False,0.8676294662785372
embed_dim,500,end,0.7877497661241343,18,5,consensus_ce_stability,7,0.9409243525125445,False,False,0.7378238261276139
embed_dim,500,end,0.7877497661241343,18,5,consensus_gini_stability,3,0.9650622312371461,False,False,0.7087480900780431
embed_dim,500,end,0.7877497661241343,18,5,consensus_gini_stability,4,1.0,True,False,0.9178901329018904
embed_dim,500,end,0.7877497661241343,18,5,consensus_gini_stability,5,0.9813680120327603,False,True,1.0
embed_dim,500,end,0.7877497661241343,18,5,consensus_gini_stability,6,0.9657568981710875,False,False,0.8676294662785372
embed_dim,500,end,0.7877497661241343,18,5,consensus_gini_stability,7,0.9491421159654507,False,False,0.7378238261276139
embed_dim,500,end,0.7877497661241343,18,5,consensus_pac_stability,3,0.9106951300867245,False,False,0.7087480900780431
embed_dim,500,end,0.7877497661241343,18,5,consensus_pac_stability,4,1.0,True,False,0.9178901329018904
embed_dim,500,end,0.7877497661241343,18,5,consensus_pac_stability,5,0.9469077162552813,False,True,1.0
embed_dim,500,end,0.7877497661241343,18,5,consensus_pac_stability,6,0.9275481432065822,False,False,0.8676294662785372
embed_dim,500,end,0.7877497661241343,18,5,consensus_pac_stability,7,0.9227138092061374,False,False,0.7378238261276139
embed_dim,500,end,0.7877497661241343,18,5,silhouette,3,0.1261909194563247,False,False,0.7087480900780431
embed_dim,500,end,0.7877497661241343,18,5,silhouette,4,0.15478282750998512,False,False,0.9178901329018904
embed_dim,500,end,0.7877497661241343,18,5,silhouette,5,0.17490333941544697,False,True,0.7877497661241343
embed_dim,500,end,0.7877497661241343,18,5,silhouette,6,0.216096852517948,False,False,0.6943860793858111
embed_dim,500,end,0.7877497661241343,18,5,silhouette,7,0.2395318806366629,True,False,0.7132044267241492
embed_dim,500,end,0.7877497661241343,18,5,gap,3,-0.0687644586780376,False,False,0.7087480900780431
embed_dim,500,end,0.7877497661241343,18,5,gap,4,-0.020563476736924713,False,False,0.9178901329018904
embed_dim,500,end,0.7877497661241343,18,5,gap,5,0.040826531402425204,False,True,0.7877497661241343
embed_dim,500,end,0.7877497661241343,18,5,gap,6,0.12593926359487284,False,False,0.6943860793858111
embed_dim,500,end,0.7877497661241343,18,5,gap,7,0.18269130114019028,True,False,0.7132044267241492
embed_dim,500,end,0.7877497661241343,18,5,davies_bouldin,3,0.2515514042764466,False,False,0.7087480900780431
embed_dim,500,end,0.7877497661241343,18,5,davies_bouldin,4,0.2558463107049978,False,False,0.9178901329018904
embed_dim,500,end,0.7877497661241343,18,5,davies_bouldin,5,0.29348457619847956,False,True,0.7877497661241343
embed_dim,500,end,0.7877497661241343,18,5,davies_bouldin,6,0.29724753503035095,False,False,0.6943860793858111
embed_dim,500,end,0.7877497661241343,18,5,davies_bouldin,7,0.3183126152265658,True,False,0.7132044267241492
embed_dim,500,end,0.7877497661241343,18,5,calinski_harabasz,3,121.35132900610432,False,False,0.7087480900780431
embed_dim,500,end,0.7877497661241343,18,5,calinski_harabasz,4,110.74591511835618,False,False,0.9178901329018904
embed_dim,500,end,0.7877497661241343,18,5,calinski_harabasz,5,112.83369997314398,False,True,0.7877497661241343
embed_dim,500,end,0.7877497661241343,18,5,calinski_harabasz,6,125.50896906844386,False,False,0.6943860793858111
embed_dim,500,end,0.7877497661241343,18,5,calinski_harabasz,7,125.74001203061746,True,False,0.7132044267241492
embed_dim,500,end,1.0,19,5,accuracy_generalizability,3,0.9368391420296408,True,False,0.7749621324642898
embed_dim,500,end,1.0,19,5,accuracy_generalizability,4,0.76547479355093,False,False,0.9430410081042776
embed_dim,500,end,1.0,19,5,accuracy_generalizability,5,0.8043164131889073,False,True,0.48448566190375836
embed_dim,500,end,1.0,19,5,accuracy_generalizability,6,0.6857341587619714,False,False,0.6457907394236955
embed_dim,500,end,1.0,19,5,accuracy_generalizability,7,0.6119897816624724,False,False,0.6080205580431022
embed_dim,500,end,1.0,19,5,ari_generalizability,3,0.8672137501319486,True,False,0.7749621324642898
embed_dim,500,end,1.0,19,5,ari_generalizability,4,0.751305361767318,False,False,0.9430410081042776
embed_dim,500,end,1.0,19,5,ari_generalizability,5,0.7699964033103422,False,True,0.48448566190375836
embed_dim,500,end,1.0,19,5,ari_generalizability,6,0.6341083913270925,False,False,0.6457907394236955
embed_dim,500,end,1.0,19,5,ari_generalizability,7,0.5419328319425231,False,False,0.6080205580431022
embed_dim,500,end,1.0,19,5,ari_generalizability_1se,3,0.8672137501319486,True,False,0.7749621324642898
embed_dim,500,end,1.0,19,5,ari_generalizability_1se,4,0.751305361767318,False,False,0.9430410081042776
embed_dim,500,end,1.0,19,5,ari_generalizability_1se,5,0.7699964033103422,False,True,0.48448566190375836
embed_dim,500,end,1.0,19,5,ari_generalizability_1se,6,0.6341083913270925,False,False,0.6457907394236955
embed_dim,500,end,1.0,19,5,ari_generalizability_1se,7,0.5419328319425231,False,False,0.6080205580431022
embed_dim,500,end,1.0,19,5,ari_generalizability_quant,3,0.8672137501319486,False,False,0.7749621324642898
embed_dim,500,end,1.0,19,5,ari_generalizability_quant,4,0.751305361767318,False,False,0.9430410081042776
embed_dim,500,end,1.0,19,5,ari_generalizability_quant,5,0.7699964033103422,False,True,0.48448566190375836
embed_dim,500,end,1.0,19,5,ari_generalizability_quant,6,0.6341083913270925,False,False,0.6457907394236955
embed_dim,500,end,1.0,19,5,ari_generalizability_quant,7,0.5419328319425231,True,False,0.6080205580431022
embed_dim,500,end,1.0,19,5,ari_stability,3,0.9999448470054365,True,False,0.7749621324642898
embed_dim,500,end,1.0,19,5,ari_stability,4,0.7886037221988126,False,False,0.9430410081042776
embed_dim,500,end,1.0,19,5,ari_stability,5,0.7474656043645915,False,True,0.48440002976671803
embed_dim,500,end,1.0,19,5,ari_stability,6,0.8821003259031337,False,False,0.6449962826638755
embed_dim,500,end,1.0,19,5,ari_stability,7,0.7769560194384992,False,False,0.6015047943588993
embed_dim,500,end,1.0,19,5,ari_stability_1se,3,0.9999448470054365,True,False,0.7749621324642898
embed_dim,500,end,1.0,19,5,ari_stability_1se,4,0.7886037221988126,False,False,0.9430410081042776
embed_dim,500,end,1.0,19,5,ari_stability_1se,5,0.7474656043645915,False,True,0.48440002976671803
embed_dim,500,end,1.0,19,5,ari_stability_1se,6,0.8821003259031337,False,False,0.6449962826638755
embed_dim,500,end,1.0,19,5,ari_stability_1se,7,0.7769560194384992,False,False,0.6015047943588993
embed_dim,500,end,1.0,19,5,ari_stability_quant,3,0.9999448470054365,True,False,0.7749621324642898
embed_dim,500,end,1.0,19,5,ari_stability_quant,4,0.7886037221988126,False,False,0.9430410081042776
embed_dim,500,end,1.0,19,5,ari_stability_quant,5,0.7474656043645915,False,True,0.48440002976671803
embed_dim,500,end,1.0,19,5,ari_stability_quant,6,0.8821003259031337,False,False,0.6449962826638755
embed_dim,500,end,1.0,19,5,ari_stability_quant,7,0.7769560194384992,False,False,0.6015047943588993
embed_dim,500,end,1.0,19,5,consensus_ce_stability,3,0.9999999999586945,True,False,0.7749621324642898
embed_dim,500,end,1.0,19,5,consensus_ce_stability,4,0.835681621613711,False,False,0.9430410081042776
embed_dim,500,end,1.0,19,5,consensus_ce_stability,5,0.8264233284174038,False,True,0.48440002976671803
embed_dim,500,end,1.0,19,5,consensus_ce_stability,6,0.9137313278613647,False,False,0.6449962826638755
embed_dim,500,end,1.0,19,5,consensus_ce_stability,7,0.8765788880860982,False,False,0.6015047943588993
embed_dim,500,end,1.0,19,5,consensus_gini_stability,3,1.0,True,False,0.7749621324642898
embed_dim,500,end,1.0,19,5,consensus_gini_stability,4,0.8456534270898989,False,False,0.9430410081042776
embed_dim,500,end,1.0,19,5,consensus_gini_stability,5,0.8367214625680105,False,True,0.48440002976671803
embed_dim,500,end,1.0,19,5,consensus_gini_stability,6,0.9307670365864318,False,False,0.6449962826638755
embed_dim,500,end,1.0,19,5,consensus_gini_stability,7,0.89251509649374,False,False,0.6015047943588993
embed_dim,500,end,1.0,19,5,consensus_pac_stability,3,1.0,True,False,0.7749621324642898
embed_dim,500,end,1.0,19,5,consensus_pac_stability,4,0.8137389370691572,False,False,0.9430410081042776
embed_dim,500,end,1.0,19,5,consensus_pac_stability,5,0.8008663553480098,False,True,0.48440002976671803
embed_dim,500,end,1.0,19,5,consensus_pac_stability,6,0.8756015121191906,False,False,0.6449962826638755
embed_dim,500,end,1.0,19,5,consensus_pac_stability,7,0.84463509006004,False,False,0.6015047943588993
embed_dim,500,end,1.0,19,5,silhouette,3,0.13972835101052297,False,False,0.7749621324642898
embed_dim,500,end,1.0,19,5,silhouette,4,0.16121769168119837,False,False,0.9430410081042776
embed_dim,500,end,1.0,19,5,silhouette,5,0.1758256656500521,False,True,1.0
embed_dim,500,end,1.0,19,5,silhouette,6,0.22302482979521954,False,False,0.8360443875421412
embed_dim,500,end,1.0,19,5,silhouette,7,0.25738672634348725,True,False,0.7006145967674244
embed_dim,500,end,1.0,19,5,gap,3,-0.08858745372764076,False,False,0.7749621324642898
embed_dim,500,end,1.0,19,5,gap,4,-0.04222930093710531,False,False,0.9430410081042776
embed_dim,500,end,1.0,19,5,gap,5,-0.010644094987611652,False,True,1.0
embed_dim,500,end,1.0,19,5,gap,6,0.10459464342084779,False,False,0.8360443875421412
embed_dim,500,end,1.0,19,5,gap,7,0.19779355325129444,True,False,0.7006145967674244
embed_dim,500,end,1.0,19,5,davies_bouldin,3,0.24571631389208437,False,False,0.7749621324642898
embed_dim,500,end,1.0,19,5,davies_bouldin,4,0.2591810440363972,False,False,0.9430410081042776
embed_dim,500,end,1.0,19,5,davies_bouldin,5,0.2879007246256649,False,True,1.0
embed_dim,500,end,1.0,19,5,davies_bouldin,6,0.3054147596693607,False,False,0.8360443875421412
embed_dim,500,end,1.0,19,5,davies_bouldin,7,0.3196703943828143,True,False,0.7006145967674244
embed_dim,500,end,1.0,19,5,calinski_harabasz,3,128.783918863862,False,False,0.7749621324642898
embed_dim,500,end,1.0,19,5,calinski_harabasz,4,114.84539528840739,False,False,0.9430410081042776
embed_dim,500,end,1.0,19,5,calinski_harabasz,5,101.75226995297379,False,True,1.0
embed_dim,500,end,1.0,19,5,calinski_harabasz,6,128.50621945658787,False,False,0.8360443875421412
embed_dim,500,end,1.0,19,5,calinski_harabasz,7,142.42531239506403,True,False,0.7006145967674244
