axis_name,axis_value,stage,baseline_ari,dataset_iteration,true_k,metric_name,k,metric_value,is_optimal,is_correct,metric_ari
p,50,start,0.8825522744476542,0,5,accuracy_generalizability,3,0.837010385800274,False,False,0.6289202602480092
p,50,start,0.8825522744476542,0,5,accuracy_generalizability,4,0.858325562160795,True,False,0.7610997417336225
p,50,start,0.8825522744476542,0,5,accuracy_generalizability,5,0.8106376005320363,False,True,0.7888186703005127
p,50,start,0.8825522744476542,0,5,accuracy_generalizability,6,0.6828486292286191,False,False,0.8330518448855823
p,50,start,0.8825522744476542,0,5,accuracy_generalizability,7,0.5943664645544362,False,False,0.8306490195447843
p,50,start,0.8825522744476542,0,5,ari_generalizability,3,0.5966888796460321,False,False,0.6289202602480092
p,50,start,0.8825522744476542,0,5,ari_generalizability,4,0.6982940750798587,True,False,0.7610997417336225
p,50,start,0.8825522744476542,0,5,ari_generalizability,5,0.655107435334245,False,True,0.7888186703005127
p,50,start,0.8825522744476542,0,5,ari_generalizability,6,0.5124072551565876,False,False,0.8330518448855823
p,50,start,0.8825522744476542,0,5,ari_generalizability,7,0.40939246661834405,False,False,0.8306490195447843
p,50,start,0.8825522744476542,0,5,ari_generalizability_1se,3,0.5966888796460321,False,False,0.6289202602480092
p,50,start,0.8825522744476542,0,5,ari_generalizability_1se,4,0.6982940750798587,True,False,0.7610997417336225
p,50,start,0.8825522744476542,0,5,ari_generalizability_1se,5,0.655107435334245,False,True,0.7888186703005127
p,50,start,0.8825522744476542,0,5,ari_generalizability_1se,6,0.5124072551565876,False,False,0.8330518448855823
p,50,start,0.8825522744476542,0,5,ari_generalizability_1se,7,0.40939246661834405,False,False,0.8306490195447843
p,50,start,0.8825522744476542,0,5,ari_generalizability_quant,3,0.5966888796460321,False,False,0.6289202602480092
p,50,start,0.8825522744476542,0,5,ari_generalizability_quant,4,0.6982940750798587,False,False,0.7610997417336225
p,50,start,0.8825522744476542,0,5,ari_generalizability_quant,5,0.655107435334245,True,True,0.7888186703005127
p,50,start,0.8825522744476542,0,5,ari_generalizability_quant,6,0.5124072551565876,False,False,0.8330518448855823
p,50,start,0.8825522744476542,0,5,ari_generalizability_quant,7,0.40939246661834405,False,False,0.8306490195447843
p,50,start,0.8825522744476542,0,5,ari_stability,3,0.8066322769218661,False,False,0.671985964236907
p,50,start,0.8825522744476542,0,5,ari_stability,4,0.8828634022838192,False,False,0.8248626182121187
p,50,start,0.8825522744476542,0,5,ari_stability,5,0.9081214213479671,True,True,0.8840685222115938
p,50,start,0.8825522744476542,0,5,ari_stability,6,0.733457716023741,False,False,0.8715345350355375
p,50,start,0.8825522744476542,0,5,ari_stability,7,0.5774400684260965,False,False,0.8757932477406033
p,50,start,0.8825522744476542,0,5,ari_stability_1se,3,0.8066322769218661,False,False,0.671985964236907
p,50,start,0.8825522744476542,0,5,ari_stability_1se,4,0.8828634022838192,False,False,0.8248626182121187
p,50,start,0.8825522744476542,0,5,ari_stability_1se,5,0.9081214213479671,True,True,0.8840685222115938
p,50,start,0.8825522744476542,0,5,ari_stability_1se,6,0.733457716023741,False,False,0.8715345350355375
p,50,start,0.8825522744476542,0,5,ari_stability_1se,7,0.5774400684260965,False,False,0.8757932477406033
p,50,start,0.8825522744476542,0,5,ari_stability_quant,3,0.8066322769218661,False,False,0.671985964236907
p,50,start,0.8825522744476542,0,5,ari_stability_quant,4,0.8828634022838192,False,False,0.8248626182121187
p,50,start,0.8825522744476542,0,5,ari_stability_quant,5,0.9081214213479671,True,True,0.8840685222115938
p,50,start,0.8825522744476542,0,5,ari_stability_quant,6,0.733457716023741,False,False,0.8715345350355375
p,50,start,0.8825522744476542,0,5,ari_stability_quant,7,0.5774400684260965,False,False,0.8757932477406033
p,50,start,0.8825522744476542,0,5,consensus_ce_stability,3,0.8110546745020216,False,False,0.671985964236907
p,50,start,0.8825522744476542,0,5,consensus_ce_stability,4,0.9036467076651664,False,False,0.8248626182121187
p,50,start,0.8825522744476542,0,5,consensus_ce_stability,5,0.9261047867281629,True,True,0.8840685222115938
p,50,start,0.8825522744476542,0,5,consensus_ce_stability,6,0.829245682163446,False,False,0.8715345350355375
p,50,start,0.8825522744476542,0,5,consensus_ce_stability,7,0.7707531582675662,False,False,0.8757932477406033
p,50,start,0.8825522744476542,0,5,consensus_gini_stability,3,0.8286365882337416,False,False,0.671985964236907
p,50,start,0.8825522744476542,0,5,consensus_gini_stability,4,0.9163142154751014,False,False,0.8248626182121187
p,50,start,0.8825522744476542,0,5,consensus_gini_stability,5,0.9383933649748503,True,True,0.8840685222115938
p,50,start,0.8825522744476542,0,5,consensus_gini_stability,6,0.848573165850447,False,False,0.8715345350355375
p,50,start,0.8825522744476542,0,5,consensus_gini_stability,7,0.7918328850292301,False,False,0.8757932477406033
p,50,start,0.8825522744476542,0,5,consensus_pac_stability,3,0.7564696464309539,False,False,0.671985964236907
p,50,start,0.8825522744476542,0,5,consensus_pac_stability,4,0.8687293751389815,False,False,0.8248626182121187
p,50,start,0.8825522744476542,0,5,consensus_pac_stability,5,0.9076006226373138,True,True,0.8840685222115938
p,50,start,0.8825522744476542,0,5,consensus_pac_stability,6,0.7777887480542585,False,False,0.8715345350355375
p,50,start,0.8825522744476542,0,5,consensus_pac_stability,7,0.7109157215921725,False,False,0.8757932477406033
p,50,start,0.8825522744476542,0,5,silhouette,3,0.056653734307559794,False,False,0.675923972205359
p,50,start,0.8825522744476542,0,5,silhouette,4,0.05960305682989856,False,False,0.8237654900257149
p,50,start,0.8825522744476542,0,5,silhouette,5,0.06306633657072158,True,True,0.8825522744476542
p,50,start,0.8825522744476542,0,5,silhouette,6,0.050839236665525464,False,False,0.7148768610287188
p,50,start,0.8825522744476542,0,5,silhouette,7,0.04439478174784568,False,False,0.6207893144572959
p,50,start,0.8825522744476542,0,5,gap,3,1.3627596732484992,False,False,0.675923972205359
p,50,start,0.8825522744476542,0,5,gap,4,1.3807996323563572,False,False,0.8237654900257149
p,50,start,0.8825522744476542,0,5,gap,5,1.3944499123382688,False,True,0.8825522744476542
p,50,start,0.8825522744476542,0,5,gap,6,1.4014688684802632,False,False,0.7148768610287188
p,50,start,0.8825522744476542,0,5,gap,7,1.4063940872914777,True,False,0.6207893144572959
p,50,start,0.8825522744476542,0,5,davies_bouldin,3,0.2054732569200549,False,False,0.675923972205359
p,50,start,0.8825522744476542,0,5,davies_bouldin,4,0.21536269356418347,False,False,0.8237654900257149
p,50,start,0.8825522744476542,0,5,davies_bouldin,5,0.23892596908274533,True,True,0.8825522744476542
p,50,start,0.8825522744476542,0,5,davies_bouldin,6,0.2187727269872633,False,False,0.7148768610287188
p,50,start,0.8825522744476542,0,5,davies_bouldin,7,0.20744359739781962,False,False,0.6207893144572959
p,50,start,0.8825522744476542,0,5,calinski_harabasz,3,76.02943541119535,True,False,0.675923972205359
p,50,start,0.8825522744476542,0,5,calinski_harabasz,4,66.97651845683265,False,False,0.8237654900257149
p,50,start,0.8825522744476542,0,5,calinski_harabasz,5,59.84676135693288,False,True,0.8825522744476542
p,50,start,0.8825522744476542,0,5,calinski_harabasz,6,53.031771769715704,False,False,0.7148768610287188
p,50,start,0.8825522744476542,0,5,calinski_harabasz,7,47.74136817195126,False,False,0.6207893144572959
p,50,start,0.7454307059339913,1,5,accuracy_generalizability,3,0.7477036772770987,True,False,0.549217655502317
p,50,start,0.7454307059339913,1,5,accuracy_generalizability,4,0.7413098407598272,False,False,0.6760857332780923
p,50,start,0.7454307059339913,1,5,accuracy_generalizability,5,0.6318635460269437,False,True,0.7028598789672786
p,50,start,0.7454307059339913,1,5,accuracy_generalizability,6,0.6233551332817869,False,False,0.772009253604099
p,50,start,0.7454307059339913,1,5,accuracy_generalizability,7,0.5757150280531471,False,False,0.7521749513903191
p,50,start,0.7454307059339913,1,5,ari_generalizability,3,0.4907504174764858,False,False,0.549217655502317
p,50,start,0.7454307059339913,1,5,ari_generalizability,4,0.49874148796518014,True,False,0.6760857332780923
p,50,start,0.7454307059339913,1,5,ari_generalizability,5,0.3983419761034232,False,True,0.7028598789672786
p,50,start,0.7454307059339913,1,5,ari_generalizability,6,0.3763600925756317,False,False,0.772009253604099
p,50,start,0.7454307059339913,1,5,ari_generalizability,7,0.36370059252994424,False,False,0.7521749513903191
p,50,start,0.7454307059339913,1,5,ari_generalizability_1se,3,0.4907504174764858,False,False,0.549217655502317
p,50,start,0.7454307059339913,1,5,ari_generalizability_1se,4,0.49874148796518014,True,False,0.6760857332780923
p,50,start,0.7454307059339913,1,5,ari_generalizability_1se,5,0.3983419761034232,False,True,0.7028598789672786
p,50,start,0.7454307059339913,1,5,ari_generalizability_1se,6,0.3763600925756317,False,False,0.772009253604099
p,50,start,0.7454307059339913,1,5,ari_generalizability_1se,7,0.36370059252994424,False,False,0.7521749513903191
p,50,start,0.7454307059339913,1,5,ari_generalizability_quant,3,0.4907504174764858,False,False,0.549217655502317
p,50,start,0.7454307059339913,1,5,ari_generalizability_quant,4,0.49874148796518014,False,False,0.6760857332780923
p,50,start,0.7454307059339913,1,5,ari_generalizability_quant,5,0.3983419761034232,False,True,0.7028598789672786
p,50,start,0.7454307059339913,1,5,ari_generalizability_quant,6,0.3763600925756317,False,False,0.772009253604099
p,50,start,0.7454307059339913,1,5,ari_generalizability_quant,7,0.36370059252994424,True,False,0.7521749513903191
p,50,start,0.7454307059339913,1,5,ari_stability,3,0.7328271828023877,False,False,0.6291573751535182
p,50,start,0.7454307059339913,1,5,ari_stability,4,0.7787356587613113,True,False,0.7231540812561857
p,50,start,0.7454307059339913,1,5,ari_stability,5,0.6072879483795175,False,True,0.7256889257265543
p,50,start,0.7454307059339913,1,5,ari_stability,6,0.5923592373054748,False,False,0.7903266240915773
p,50,start,0.7454307059339913,1,5,ari_stability,7,0.5541880143788558,False,False,0.5694731025073572
p,50,start,0.7454307059339913,1,5,ari_stability_1se,3,0.7328271828023877,False,False,0.6291573751535182
p,50,start,0.7454307059339913,1,5,ari_stability_1se,4,0.7787356587613113,True,False,0.7231540812561857
p,50,start,0.7454307059339913,1,5,ari_stability_1se,5,0.6072879483795175,False,True,0.7256889257265543
p,50,start,0.7454307059339913,1,5,ari_stability_1se,6,0.5923592373054748,False,False,0.7903266240915773
p,50,start,0.7454307059339913,1,5,ari_stability_1se,7,0.5541880143788558,False,False,0.5694731025073572
p,50,start,0.7454307059339913,1,5,ari_stability_quant,3,0.7328271828023877,False,False,0.6291573751535182
p,50,start,0.7454307059339913,1,5,ari_stability_quant,4,0.7787356587613113,False,False,0.7231540812561857
p,50,start,0.7454307059339913,1,5,ari_stability_quant,5,0.6072879483795175,False,True,0.7256889257265543
p,50,start,0.7454307059339913,1,5,ari_stability_quant,6,0.5923592373054748,True,False,0.7903266240915773
p,50,start,0.7454307059339913,1,5,ari_stability_quant,7,0.5541880143788558,False,False,0.5694731025073572
p,50,start,0.7454307059339913,1,5,consensus_ce_stability,3,0.7047764801691723,False,False,0.6291573751535182
p,50,start,0.7454307059339913,1,5,consensus_ce_stability,4,0.7939583153564272,True,False,0.7231540812561857
p,50,start,0.7454307059339913,1,5,consensus_ce_stability,5,0.7122271266564271,False,True,0.7256889257265543
p,50,start,0.7454307059339913,1,5,consensus_ce_stability,6,0.7544524606021665,False,False,0.7903266240915773
p,50,start,0.7454307059339913,1,5,consensus_ce_stability,7,0.7606378991712499,False,False,0.5694731025073572
p,50,start,0.7454307059339913,1,5,consensus_gini_stability,3,0.7364509831638661,False,False,0.6291573751535182
p,50,start,0.7454307059339913,1,5,consensus_gini_stability,4,0.8243818107015904,True,False,0.7231540812561857
p,50,start,0.7454307059339913,1,5,consensus_gini_stability,5,0.7416673211702649,False,True,0.7256889257265543
p,50,start,0.7454307059339913,1,5,consensus_gini_stability,6,0.7761154277090294,False,False,0.7903266240915773
p,50,start,0.7454307059339913,1,5,consensus_gini_stability,7,0.7851954076827352,False,False,0.5694731025073572
p,50,start,0.7454307059339913,1,5,consensus_pac_stability,3,0.6074574160551478,False,False,0.6291573751535182
p,50,start,0.7454307059339913,1,5,consensus_pac_stability,4,0.7160880587058038,True,False,0.7231540812561857
p,50,start,0.7454307059339913,1,5,consensus_pac_stability,5,0.6265394707582833,False,True,0.7256889257265543
p,50,start,0.7454307059339913,1,5,consensus_pac_stability,6,0.695756281965755,False,False,0.7903266240915773
p,50,start,0.7454307059339913,1,5,consensus_pac_stability,7,0.691350678229931,False,False,0.5694731025073572
p,50,start,0.7454307059339913,1,5,silhouette,3,0.054632012061879585,False,False,0.6175629756864949
p,50,start,0.7454307059339913,1,5,silhouette,4,0.056050850747928434,True,False,0.7278368289576772
p,50,start,0.7454307059339913,1,5,silhouette,5,0.05463659575409918,False,True,0.7454307059339913
p,50,start,0.7454307059339913,1,5,silhouette,6,0.04516111519308807,False,False,0.5637051572512983
p,50,start,0.7454307059339913,1,5,silhouette,7,0.04294153302089446,False,False,0.487398615601205
p,50,start,0.7454307059339913,1,5,gap,3,1.385402601701541,False,False,0.6175629756864949
p,50,start,0.7454307059339913,1,5,gap,4,1.400875322734981,False,False,0.7278368289576772
p,50,start,0.7454307059339913,1,5,gap,5,1.4124803729157733,False,True,0.7454307059339913
p,50,start,0.7454307059339913,1,5,gap,6,1.4222230440784767,False,False,0.5637051572512983
p,50,start,0.7454307059339913,1,5,gap,7,1.4277489133298786,True,False,0.487398615601205
p,50,start,0.7454307059339913,1,5,davies_bouldin,3,0.20100186180398294,False,False,0.6175629756864949
p,50,start,0.7454307059339913,1,5,davies_bouldin,4,0.21261609902540737,False,False,0.7278368289576772
p,50,start,0.7454307059339913,1,5,davies_bouldin,5,0.22676743871174085,True,True,0.7454307059339913
p,50,start,0.7454307059339913,1,5,davies_bouldin,6,0.21403748743324671,False,False,0.5637051572512983
p,50,start,0.7454307059339913,1,5,davies_bouldin,7,0.21758544296302768,False,False,0.487398615601205
p,50,start,0.7454307059339913,1,5,calinski_harabasz,3,72.65280587841868,True,False,0.6175629756864949
p,50,start,0.7454307059339913,1,5,calinski_harabasz,4,63.60986028338761,False,False,0.7278368289576772
p,50,start,0.7454307059339913,1,5,calinski_harabasz,5,56.61689091807112,False,True,0.7454307059339913
p,50,start,0.7454307059339913,1,5,calinski_harabasz,6,51.43622718961686,False,False,0.5637051572512983
p,50,start,0.7454307059339913,1,5,calinski_harabasz,7,46.62122825379183,False,False,0.487398615601205
p,50,start,0.9292740328602656,2,5,accuracy_generalizability,3,0.8719504271587732,False,False,0.5944127921197048
p,50,start,0.9292740328602656,2,5,accuracy_generalizability,4,0.8842268448363226,True,False,0.7570158620797156
p,50,start,0.9292740328602656,2,5,accuracy_generalizability,5,0.7201449673425309,False,True,0.7447042322304027
p,50,start,0.9292740328602656,2,5,accuracy_generalizability,6,0.699565088790754,False,False,0.8616426262172779
p,50,start,0.9292740328602656,2,5,accuracy_generalizability,7,0.6329133185089856,False,False,0.8556317800441182
p,50,start,0.9292740328602656,2,5,ari_generalizability,3,0.6833522589918885,False,False,0.5944127921197048
p,50,start,0.9292740328602656,2,5,ari_generalizability,4,0.7257244752427192,True,False,0.7570158620797156
p,50,start,0.9292740328602656,2,5,ari_generalizability,5,0.5405915901133702,False,True,0.7447042322304027
p,50,start,0.9292740328602656,2,5,ari_generalizability,6,0.4899404518663715,False,False,0.8616426262172779
p,50,start,0.9292740328602656,2,5,ari_generalizability,7,0.4453904635508462,False,False,0.8556317800441182
p,50,start,0.9292740328602656,2,5,ari_generalizability_1se,3,0.6833522589918885,False,False,0.5944127921197048
p,50,start,0.9292740328602656,2,5,ari_generalizability_1se,4,0.7257244752427192,True,False,0.7570158620797156
p,50,start,0.9292740328602656,2,5,ari_generalizability_1se,5,0.5405915901133702,False,True,0.7447042322304027
p,50,start,0.9292740328602656,2,5,ari_generalizability_1se,6,0.4899404518663715,False,False,0.8616426262172779
p,50,start,0.9292740328602656,2,5,ari_generalizability_1se,7,0.4453904635508462,False,False,0.8556317800441182
p,50,start,0.9292740328602656,2,5,ari_generalizability_quant,3,0.6833522589918885,False,False,0.5944127921197048
p,50,start,0.9292740328602656,2,5,ari_generalizability_quant,4,0.7257244752427192,True,False,0.7570158620797156
p,50,start,0.9292740328602656,2,5,ari_generalizability_quant,5,0.5405915901133702,False,True,0.7447042322304027
p,50,start,0.9292740328602656,2,5,ari_generalizability_quant,6,0.4899404518663715,False,False,0.8616426262172779
p,50,start,0.9292740328602656,2,5,ari_generalizability_quant,7,0.4453904635508462,False,False,0.8556317800441182
p,50,start,0.9292740328602656,2,5,ari_stability,3,0.8826165524792521,False,False,0.6634362888103463
p,50,start,0.9292740328602656,2,5,ari_stability,4,0.9467193708706805,True,False,0.8388250205116472
p,50,start,0.9292740328602656,2,5,ari_stability,5,0.821036117807739,False,True,0.9333655138245885
p,50,start,0.9292740328602656,2,5,ari_stability,6,0.7130380767747648,False,False,0.7355175934680881
p,50,start,0.9292740328602656,2,5,ari_stability,7,0.6354452842935772,False,False,0.6978799236629663
p,50,start,0.9292740328602656,2,5,ari_stability_1se,3,0.8826165524792521,False,False,0.6634362888103463
p,50,start,0.9292740328602656,2,5,ari_stability_1se,4,0.9467193708706805,True,False,0.8388250205116472
p,50,start,0.9292740328602656,2,5,ari_stability_1se,5,0.821036117807739,False,True,0.9333655138245885
p,50,start,0.9292740328602656,2,5,ari_stability_1se,6,0.7130380767747648,False,False,0.7355175934680881
p,50,start,0.9292740328602656,2,5,ari_stability_1se,7,0.6354452842935772,False,False,0.6978799236629663
p,50,start,0.9292740328602656,2,5,ari_stability_quant,3,0.8826165524792521,False,False,0.6634362888103463
p,50,start,0.9292740328602656,2,5,ari_stability_quant,4,0.9467193708706805,True,False,0.8388250205116472
p,50,start,0.9292740328602656,2,5,ari_stability_quant,5,0.821036117807739,False,True,0.9333655138245885
p,50,start,0.9292740328602656,2,5,ari_stability_quant,6,0.7130380767747648,False,False,0.7355175934680881
p,50,start,0.9292740328602656,2,5,ari_stability_quant,7,0.6354452842935772,False,False,0.6978799236629663
p,50,start,0.9292740328602656,2,5,consensus_ce_stability,3,0.8884948622286398,False,False,0.6634362888103463
p,50,start,0.9292740328602656,2,5,consensus_ce_stability,4,0.951049421117388,True,False,0.8388250205116472
p,50,start,0.9292740328602656,2,5,consensus_ce_stability,5,0.8636299252754907,False,True,0.9333655138245885
p,50,start,0.9292740328602656,2,5,consensus_ce_stability,6,0.8196968488204192,False,False,0.7355175934680881
p,50,start,0.9292740328602656,2,5,consensus_ce_stability,7,0.7957800793497449,False,False,0.6978799236629663
p,50,start,0.9292740328602656,2,5,consensus_gini_stability,3,0.903695676876434,False,False,0.6634362888103463
p,50,start,0.9292740328602656,2,5,consensus_gini_stability,4,0.9569727257994527,True,False,0.8388250205116472
p,50,start,0.9292740328602656,2,5,consensus_gini_stability,5,0.8863834534146775,False,True,0.9333655138245885
p,50,start,0.9292740328602656,2,5,consensus_gini_stability,6,0.8351850926542661,False,False,0.7355175934680881
p,50,start,0.9292740328602656,2,5,consensus_gini_stability,7,0.8169719105126185,False,False,0.6978799236629663
p,50,start,0.9292740328602656,2,5,consensus_pac_stability,3,0.854103624638648,False,False,0.6634362888103463
p,50,start,0.9292740328602656,2,5,consensus_pac_stability,4,0.9372959750945075,True,False,0.8388250205116472
p,50,start,0.9292740328602656,2,5,consensus_pac_stability,5,0.7918487880809428,False,True,0.9333655138245885
p,50,start,0.9292740328602656,2,5,consensus_pac_stability,6,0.7821142984211696,False,False,0.7355175934680881
p,50,start,0.9292740328602656,2,5,consensus_pac_stability,7,0.7359955525906159,False,False,0.6978799236629663
p,50,start,0.9292740328602656,2,5,silhouette,3,0.056726511876182426,False,False,0.656350154826888
p,50,start,0.9292740328602656,2,5,silhouette,4,0.06380303978783854,False,False,0.8465294960646638
p,50,start,0.9292740328602656,2,5,silhouette,5,0.06659061278760657,True,True,0.9292740328602656
p,50,start,0.9292740328602656,2,5,silhouette,6,0.05159935387796416,False,False,0.7066245225999376
p,50,start,0.9292740328602656,2,5,silhouette,7,0.04817866988502129,False,False,0.5926977171626417
p,50,start,0.9292740328602656,2,5,gap,3,1.4227644894377018,False,False,0.656350154826888
p,50,start,0.9292740328602656,2,5,gap,4,1.4421441659812277,False,False,0.8465294960646638
p,50,start,0.9292740328602656,2,5,gap,5,1.4547624500098983,False,True,0.9292740328602656
p,50,start,0.9292740328602656,2,5,gap,6,1.4642970142440106,False,False,0.7066245225999376
p,50,start,0.9292740328602656,2,5,gap,7,1.4706555785476816,True,False,0.5926977171626417
p,50,start,0.9292740328602656,2,5,davies_bouldin,3,0.20911585229017302,False,False,0.656350154826888
p,50,start,0.9292740328602656,2,5,davies_bouldin,4,0.224908230057085,False,False,0.8465294960646638
p,50,start,0.9292740328602656,2,5,davies_bouldin,5,0.24195021179378245,True,True,0.9292740328602656
p,50,start,0.9292740328602656,2,5,davies_bouldin,6,0.2172234631954305,False,False,0.7066245225999376
p,50,start,0.9292740328602656,2,5,davies_bouldin,7,0.2223465566831206,False,False,0.5926977171626417
p,50,start,0.9292740328602656,2,5,calinski_harabasz,3,75.12972266996427,True,False,0.656350154826888
p,50,start,0.9292740328602656,2,5,calinski_harabasz,4,67.76513395997706,False,False,0.8465294960646638
p,50,start,0.9292740328602656,2,5,calinski_harabasz,5,60.09016994993543,False,True,0.9292740328602656
p,50,start,0.9292740328602656,2,5,calinski_harabasz,6,54.11342834719688,False,False,0.7066245225999376
p,50,start,0.9292740328602656,2,5,calinski_harabasz,7,48.95001622176018,False,False,0.5926977171626417
p,50,start,0.8141735685631682,3,5,accuracy_generalizability,3,0.8336106520909123,False,False,0.4113355084075612
p,50,start,0.8141735685631682,3,5,accuracy_generalizability,4,0.7851023064184843,False,False,0.5777355297721177
p,50,start,0.8141735685631682,3,5,accuracy_generalizability,5,0.8406689414887281,True,True,0.7426861667252044
p,50,start,0.8141735685631682,3,5,accuracy_generalizability,6,0.6990898495385781,False,False,0.7177094049404786
p,50,start,0.8141735685631682,3,5,accuracy_generalizability,7,0.6301271844172587,False,False,0.7196688987322077
p,50,start,0.8141735685631682,3,5,ari_generalizability,3,0.5615559245118135,False,False,0.4113355084075612
p,50,start,0.8141735685631682,3,5,ari_generalizability,4,0.5684448633825196,False,False,0.5777355297721177
p,50,start,0.8141735685631682,3,5,ari_generalizability,5,0.6526239618115716,True,True,0.7426861667252044
p,50,start,0.8141735685631682,3,5,ari_generalizability,6,0.5224734597753324,False,False,0.7177094049404786
p,50,start,0.8141735685631682,3,5,ari_generalizability,7,0.45192478695497273,False,False,0.7196688987322077
p,50,start,0.8141735685631682,3,5,ari_generalizability_1se,3,0.5615559245118135,False,False,0.4113355084075612
p,50,start,0.8141735685631682,3,5,ari_generalizability_1se,4,0.5684448633825196,False,False,0.5777355297721177
p,50,start,0.8141735685631682,3,5,ari_generalizability_1se,5,0.6526239618115716,True,True,0.7426861667252044
p,50,start,0.8141735685631682,3,5,ari_generalizability_1se,6,0.5224734597753324,False,False,0.7177094049404786
p,50,start,0.8141735685631682,3,5,ari_generalizability_1se,7,0.45192478695497273,False,False,0.7196688987322077
p,50,start,0.8141735685631682,3,5,ari_generalizability_quant,3,0.5615559245118135,False,False,0.4113355084075612
p,50,start,0.8141735685631682,3,5,ari_generalizability_quant,4,0.5684448633825196,False,False,0.5777355297721177
p,50,start,0.8141735685631682,3,5,ari_generalizability_quant,5,0.6526239618115716,True,True,0.7426861667252044
p,50,start,0.8141735685631682,3,5,ari_generalizability_quant,6,0.5224734597753324,False,False,0.7177094049404786
p,50,start,0.8141735685631682,3,5,ari_generalizability_quant,7,0.45192478695497273,False,False,0.7196688987322077
p,50,start,0.8141735685631682,3,5,ari_stability,3,0.8271328988676252,False,False,0.4938153472173136
p,50,start,0.8141735685631682,3,5,ari_stability,4,0.7947168564201954,False,False,0.6184014994911963
p,50,start,0.8141735685631682,3,5,ari_stability,5,0.9015244940810152,True,True,0.8027103118674567
p,50,start,0.8141735685631682,3,5,ari_stability,6,0.7063140312686975,False,False,0.7829570169756246
p,50,start,0.8141735685631682,3,5,ari_stability,7,0.6203848870089164,False,False,0.7045214712923291
p,50,start,0.8141735685631682,3,5,ari_stability_1se,3,0.8271328988676252,False,False,0.4938153472173136
p,50,start,0.8141735685631682,3,5,ari_stability_1se,4,0.7947168564201954,False,False,0.6184014994911963
p,50,start,0.8141735685631682,3,5,ari_stability_1se,5,0.9015244940810152,True,True,0.8027103118674567
p,50,start,0.8141735685631682,3,5,ari_stability_1se,6,0.7063140312686975,False,False,0.7829570169756246
p,50,start,0.8141735685631682,3,5,ari_stability_1se,7,0.6203848870089164,False,False,0.7045214712923291
p,50,start,0.8141735685631682,3,5,ari_stability_quant,3,0.8271328988676252,False,False,0.4938153472173136
p,50,start,0.8141735685631682,3,5,ari_stability_quant,4,0.7947168564201954,False,False,0.6184014994911963
p,50,start,0.8141735685631682,3,5,ari_stability_quant,5,0.9015244940810152,True,True,0.8027103118674567
p,50,start,0.8141735685631682,3,5,ari_stability_quant,6,0.7063140312686975,False,False,0.7829570169756246
p,50,start,0.8141735685631682,3,5,ari_stability_quant,7,0.6203848870089164,False,False,0.7045214712923291
p,50,start,0.8141735685631682,3,5,consensus_ce_stability,3,0.7944029646519984,False,False,0.4938153472173136
p,50,start,0.8141735685631682,3,5,consensus_ce_stability,4,0.837953070850069,False,False,0.6184014994911963
p,50,start,0.8141735685631682,3,5,consensus_ce_stability,5,0.9267930032898424,True,True,0.8027103118674567
p,50,start,0.8141735685631682,3,5,consensus_ce_stability,6,0.8116012320389485,False,False,0.7829570169756246
p,50,start,0.8141735685631682,3,5,consensus_ce_stability,7,0.7919230846123777,False,False,0.7045214712923291
p,50,start,0.8141735685631682,3,5,consensus_gini_stability,3,0.8197856871724989,False,False,0.4938153472173136
p,50,start,0.8141735685631682,3,5,consensus_gini_stability,4,0.8622953234880995,False,False,0.6184014994911963
p,50,start,0.8141735685631682,3,5,consensus_gini_stability,5,0.9364269832206813,True,True,0.8027103118674567
p,50,start,0.8141735685631682,3,5,consensus_gini_stability,6,0.8329787238977417,False,False,0.7829570169756246
p,50,start,0.8141735685631682,3,5,consensus_gini_stability,7,0.8143076463792344,False,False,0.7045214712923291
p,50,start,0.8141735685631682,3,5,consensus_pac_stability,3,0.7119653102068045,False,False,0.4938153472173136
p,50,start,0.8141735685631682,3,5,consensus_pac_stability,4,0.768114743162108,False,False,0.6184014994911963
p,50,start,0.8141735685631682,3,5,consensus_pac_stability,5,0.9009419613075383,True,True,0.8027103118674567
p,50,start,0.8141735685631682,3,5,consensus_pac_stability,6,0.7501392039137202,False,False,0.7829570169756246
p,50,start,0.8141735685631682,3,5,consensus_pac_stability,7,0.734494996664443,False,False,0.7045214712923291
p,50,start,0.8141735685631682,3,5,silhouette,3,0.052257387944072246,False,False,0.5096083304284134
p,50,start,0.8141735685631682,3,5,silhouette,4,0.0539987832602949,False,False,0.6303784058262203
p,50,start,0.8141735685631682,3,5,silhouette,5,0.05903097495515302,True,True,0.8141735685631682
p,50,start,0.8141735685631682,3,5,silhouette,6,0.05021291844987855,False,False,0.6916544428644169
p,50,start,0.8141735685631682,3,5,silhouette,7,0.0465730463545028,False,False,0.5938105971479255
p,50,start,0.8141735685631682,3,5,gap,3,1.3295746203397165,False,False,0.5096083304284134
p,50,start,0.8141735685631682,3,5,gap,4,1.3485686737324691,False,False,0.6303784058262203
p,50,start,0.8141735685631682,3,5,gap,5,1.3668177156649026,False,True,0.8141735685631682
p,50,start,0.8141735685631682,3,5,gap,6,1.372029586056403,False,False,0.6916544428644169
p,50,start,0.8141735685631682,3,5,gap,7,1.3774146542945065,True,False,0.5938105971479255
p,50,start,0.8141735685631682,3,5,davies_bouldin,3,0.21117003605955706,False,False,0.5096083304284134
p,50,start,0.8141735685631682,3,5,davies_bouldin,4,0.21940142647699046,False,False,0.6303784058262203
p,50,start,0.8141735685631682,3,5,davies_bouldin,5,0.23291997071145423,True,True,0.8141735685631682
p,50,start,0.8141735685631682,3,5,davies_bouldin,6,0.221214937436304,False,False,0.6916544428644169
p,50,start,0.8141735685631682,3,5,davies_bouldin,7,0.20886135056483074,False,False,0.5938105971479255
p,50,start,0.8141735685631682,3,5,calinski_harabasz,3,74.08221297336551,True,False,0.5096083304284134
p,50,start,0.8141735685631682,3,5,calinski_harabasz,4,66.1701224587888,False,False,0.6303784058262203
p,50,start,0.8141735685631682,3,5,calinski_harabasz,5,61.30818000933188,False,True,0.8141735685631682
p,50,start,0.8141735685631682,3,5,calinski_harabasz,6,53.63235409539282,False,False,0.6916544428644169
p,50,start,0.8141735685631682,3,5,calinski_harabasz,7,48.33413306952358,False,False,0.5938105971479255
p,50,start,0.8308779922112591,4,5,accuracy_generalizability,3,0.8816671939087327,True,False,0.4929906651306692
p,50,start,0.8308779922112591,4,5,accuracy_generalizability,4,0.8090097874449108,False,False,0.675109464491208
p,50,start,0.8308779922112591,4,5,accuracy_generalizability,5,0.8298360015955671,False,True,0.7260720547043713
p,50,start,0.8308779922112591,4,5,accuracy_generalizability,6,0.7165680577740313,False,False,0.740979595941129
p,50,start,0.8308779922112591,4,5,accuracy_generalizability,7,0.6287465313223047,False,False,0.7350771660084001
p,50,start,0.8308779922112591,4,5,ari_generalizability,3,0.6779665691642311,True,False,0.4929906651306692
p,50,start,0.8308779922112591,4,5,ari_generalizability,4,0.605026738296421,False,False,0.675109464491208
p,50,start,0.8308779922112591,4,5,ari_generalizability,5,0.6353743437794087,False,True,0.7260720547043713
p,50,start,0.8308779922112591,4,5,ari_generalizability,6,0.5083249313736261,False,False,0.740979595941129
p,50,start,0.8308779922112591,4,5,ari_generalizability,7,0.4431606871960371,False,False,0.7350771660084001
p,50,start,0.8308779922112591,4,5,ari_generalizability_1se,3,0.6779665691642311,True,False,0.4929906651306692
p,50,start,0.8308779922112591,4,5,ari_generalizability_1se,4,0.605026738296421,False,False,0.675109464491208
p,50,start,0.8308779922112591,4,5,ari_generalizability_1se,5,0.6353743437794087,False,True,0.7260720547043713
p,50,start,0.8308779922112591,4,5,ari_generalizability_1se,6,0.5083249313736261,False,False,0.740979595941129
p,50,start,0.8308779922112591,4,5,ari_generalizability_1se,7,0.4431606871960371,False,False,0.7350771660084001
p,50,start,0.8308779922112591,4,5,ari_generalizability_quant,3,0.6779665691642311,False,False,0.4929906651306692
p,50,start,0.8308779922112591,4,5,ari_generalizability_quant,4,0.605026738296421,False,False,0.675109464491208
p,50,start,0.8308779922112591,4,5,ari_generalizability_quant,5,0.6353743437794087,True,True,0.7260720547043713
p,50,start,0.8308779922112591,4,5,ari_generalizability_quant,6,0.5083249313736261,False,False,0.740979595941129
p,50,start,0.8308779922112591,4,5,ari_generalizability_quant,7,0.4431606871960371,False,False,0.7350771660084001
p,50,start,0.8308779922112591,4,5,ari_stability,3,0.896821111055729,False,False,0.5885709867086717
p,50,start,0.8308779922112591,4,5,ari_stability,4,0.8483648571956812,False,False,0.7454324254089532
p,50,start,0.8308779922112591,4,5,ari_stability,5,0.9165032519883237,True,True,0.832842171665306
p,50,start,0.8308779922112591,4,5,ari_stability,6,0.7051203945599204,False,False,0.8255237698676902
p,50,start,0.8308779922112591,4,5,ari_stability,7,0.5996516456149596,False,False,0.8148253053929112
p,50,start,0.8308779922112591,4,5,ari_stability_1se,3,0.896821111055729,False,False,0.5885709867086717
p,50,start,0.8308779922112591,4,5,ari_stability_1se,4,0.8483648571956812,False,False,0.7454324254089532
p,50,start,0.8308779922112591,4,5,ari_stability_1se,5,0.9165032519883237,True,True,0.832842171665306
p,50,start,0.8308779922112591,4,5,ari_stability_1se,6,0.7051203945599204,False,False,0.8255237698676902
p,50,start,0.8308779922112591,4,5,ari_stability_1se,7,0.5996516456149596,False,False,0.8148253053929112
p,50,start,0.8308779922112591,4,5,ari_stability_quant,3,0.896821111055729,False,False,0.5885709867086717
p,50,start,0.8308779922112591,4,5,ari_stability_quant,4,0.8483648571956812,False,False,0.7454324254089532
p,50,start,0.8308779922112591,4,5,ari_stability_quant,5,0.9165032519883237,True,True,0.832842171665306
p,50,start,0.8308779922112591,4,5,ari_stability_quant,6,0.7051203945599204,False,False,0.8255237698676902
p,50,start,0.8308779922112591,4,5,ari_stability_quant,7,0.5996516456149596,False,False,0.8148253053929112
p,50,start,0.8308779922112591,4,5,consensus_ce_stability,3,0.9026908798795936,False,False,0.5885709867086717
p,50,start,0.8308779922112591,4,5,consensus_ce_stability,4,0.859503784071708,False,False,0.7454324254089532
p,50,start,0.8308779922112591,4,5,consensus_ce_stability,5,0.9223153543076071,True,True,0.832842171665306
p,50,start,0.8308779922112591,4,5,consensus_ce_stability,6,0.820615145607317,False,False,0.8255237698676902
p,50,start,0.8308779922112591,4,5,consensus_ce_stability,7,0.7830239143299184,False,False,0.8148253053929112
p,50,start,0.8308779922112591,4,5,consensus_gini_stability,3,0.9124877294702474,False,False,0.5885709867086717
p,50,start,0.8308779922112591,4,5,consensus_gini_stability,4,0.8730757852825324,False,False,0.7454324254089532
p,50,start,0.8308779922112591,4,5,consensus_gini_stability,5,0.9356534524017803,True,True,0.832842171665306
p,50,start,0.8308779922112591,4,5,consensus_gini_stability,6,0.8348310551689299,False,False,0.8255237698676902
p,50,start,0.8308779922112591,4,5,consensus_gini_stability,7,0.8047216394825928,False,False,0.8148253053929112
p,50,start,0.8308779922112591,4,5,consensus_pac_stability,3,0.8753302201467645,False,False,0.5885709867086717
p,50,start,0.8308779922112591,4,5,consensus_pac_stability,4,0.8182841894596398,False,False,0.7454324254089532
p,50,start,0.8308779922112591,4,5,consensus_pac_stability,5,0.9121770068934846,True,True,0.832842171665306
p,50,start,0.8308779922112591,4,5,consensus_pac_stability,6,0.7810513675783856,False,False,0.8255237698676902
p,50,start,0.8308779922112591,4,5,consensus_pac_stability,7,0.7229308427840783,False,False,0.8148253053929112
p,50,start,0.8308779922112591,4,5,silhouette,3,0.05575337576841536,False,False,0.5964887291475793
p,50,start,0.8308779922112591,4,5,silhouette,4,0.05963035575362638,False,False,0.7375056781548173
p,50,start,0.8308779922112591,4,5,silhouette,5,0.06406704440215209,True,True,0.8308779922112591
p,50,start,0.8308779922112591,4,5,silhouette,6,0.0512918310772381,False,False,0.6535380814056946
p,50,start,0.8308779922112591,4,5,silhouette,7,0.045890732486761746,False,False,0.5755142238953355
p,50,start,0.8308779922112591,4,5,gap,3,1.361511839492037,False,False,0.5964887291475793
p,50,start,0.8308779922112591,4,5,gap,4,1.381405174177095,False,False,0.7375056781548173
p,50,start,0.8308779922112591,4,5,gap,5,1.3976259084115412,False,True,0.8308779922112591
p,50,start,0.8308779922112591,4,5,gap,6,1.4054293134918652,False,False,0.6535380814056946
p,50,start,0.8308779922112591,4,5,gap,7,1.4102562503178717,True,False,0.5755142238953355
p,50,start,0.8308779922112591,4,5,davies_bouldin,3,0.2158311838661103,False,False,0.5964887291475793
p,50,start,0.8308779922112591,4,5,davies_bouldin,4,0.22246265213988844,False,False,0.7375056781548173
p,50,start,0.8308779922112591,4,5,davies_bouldin,5,0.24145631592446107,True,True,0.8308779922112591
p,50,start,0.8308779922112591,4,5,davies_bouldin,6,0.2179859165354373,False,False,0.6535380814056946
p,50,start,0.8308779922112591,4,5,davies_bouldin,7,0.22298361069877334,False,False,0.5755142238953355
p,50,start,0.8308779922112591,4,5,calinski_harabasz,3,79.78363348807017,True,False,0.5964887291475793
p,50,start,0.8308779922112591,4,5,calinski_harabasz,4,70.2621330287558,False,False,0.7375056781548173
p,50,start,0.8308779922112591,4,5,calinski_harabasz,5,63.612316657154985,False,True,0.8308779922112591
p,50,start,0.8308779922112591,4,5,calinski_harabasz,6,56.347900689423916,False,False,0.6535380814056946
p,50,start,0.8308779922112591,4,5,calinski_harabasz,7,50.439359385998195,False,False,0.5755142238953355
p,50,start,0.5445889716462106,5,5,accuracy_generalizability,3,0.8677414419491488,True,False,0.6187977063363295
p,50,start,0.5445889716462106,5,5,accuracy_generalizability,4,0.7440799117974118,False,False,0.7239155946036351
p,50,start,0.5445889716462106,5,5,accuracy_generalizability,5,0.6321397550728954,False,True,0.7106122836041742
p,50,start,0.5445889716462106,5,5,accuracy_generalizability,6,0.6937099096273226,False,False,0.5610712524379877
p,50,start,0.5445889716462106,5,5,accuracy_generalizability,7,0.6646943208273175,False,False,0.5677693653679056
p,50,start,0.5445889716462106,5,5,ari_generalizability,3,0.6698111393259655,True,False,0.6187977063363295
p,50,start,0.5445889716462106,5,5,ari_generalizability,4,0.5452980152332713,False,False,0.7239155946036351
p,50,start,0.5445889716462106,5,5,ari_generalizability,5,0.41615399328165886,False,True,0.7106122836041742
p,50,start,0.5445889716462106,5,5,ari_generalizability,6,0.4433371072923886,False,False,0.5610712524379877
p,50,start,0.5445889716462106,5,5,ari_generalizability,7,0.4438345181837367,False,False,0.5677693653679056
p,50,start,0.5445889716462106,5,5,ari_generalizability_1se,3,0.6698111393259655,True,False,0.6187977063363295
p,50,start,0.5445889716462106,5,5,ari_generalizability_1se,4,0.5452980152332713,False,False,0.7239155946036351
p,50,start,0.5445889716462106,5,5,ari_generalizability_1se,5,0.41615399328165886,False,True,0.7106122836041742
p,50,start,0.5445889716462106,5,5,ari_generalizability_1se,6,0.4433371072923886,False,False,0.5610712524379877
p,50,start,0.5445889716462106,5,5,ari_generalizability_1se,7,0.4438345181837367,False,False,0.5677693653679056
p,50,start,0.5445889716462106,5,5,ari_generalizability_quant,3,0.6698111393259655,True,False,0.6187977063363295
p,50,start,0.5445889716462106,5,5,ari_generalizability_quant,4,0.5452980152332713,False,False,0.7239155946036351
p,50,start,0.5445889716462106,5,5,ari_generalizability_quant,5,0.41615399328165886,False,True,0.7106122836041742
p,50,start,0.5445889716462106,5,5,ari_generalizability_quant,6,0.4433371072923886,False,False,0.5610712524379877
p,50,start,0.5445889716462106,5,5,ari_generalizability_quant,7,0.4438345181837367,False,False,0.5677693653679056
p,50,start,0.5445889716462106,5,5,ari_stability,3,0.8691787068183308,True,False,0.6277948846089988
p,50,start,0.5445889716462106,5,5,ari_stability,4,0.8094774180104463,False,False,0.7927031686343436
p,50,start,0.5445889716462106,5,5,ari_stability,5,0.6616861184630345,False,True,0.8118172342291418
p,50,start,0.5445889716462106,5,5,ari_stability,6,0.733720398776795,False,False,0.6218619910316409
p,50,start,0.5445889716462106,5,5,ari_stability,7,0.6767219763646515,False,False,0.5363592823327102
p,50,start,0.5445889716462106,5,5,ari_stability_1se,3,0.8691787068183308,True,False,0.6277948846089988
p,50,start,0.5445889716462106,5,5,ari_stability_1se,4,0.8094774180104463,False,False,0.7927031686343436
p,50,start,0.5445889716462106,5,5,ari_stability_1se,5,0.6616861184630345,False,True,0.8118172342291418
p,50,start,0.5445889716462106,5,5,ari_stability_1se,6,0.733720398776795,False,False,0.6218619910316409
p,50,start,0.5445889716462106,5,5,ari_stability_1se,7,0.6767219763646515,False,False,0.5363592823327102
p,50,start,0.5445889716462106,5,5,ari_stability_quant,3,0.8691787068183308,False,False,0.6277948846089988
p,50,start,0.5445889716462106,5,5,ari_stability_quant,4,0.8094774180104463,True,False,0.7927031686343436
p,50,start,0.5445889716462106,5,5,ari_stability_quant,5,0.6616861184630345,False,True,0.8118172342291418
p,50,start,0.5445889716462106,5,5,ari_stability_quant,6,0.733720398776795,False,False,0.6218619910316409
p,50,start,0.5445889716462106,5,5,ari_stability_quant,7,0.6767219763646515,False,False,0.5363592823327102
p,50,start,0.5445889716462106,5,5,consensus_ce_stability,3,0.8705238050324281,True,False,0.6277948846089988
p,50,start,0.5445889716462106,5,5,consensus_ce_stability,4,0.8230294568318944,False,False,0.7927031686343436
p,50,start,0.5445889716462106,5,5,consensus_ce_stability,5,0.7491124568295462,False,True,0.8118172342291418
p,50,start,0.5445889716462106,5,5,consensus_ce_stability,6,0.826639823980865,False,False,0.6218619910316409
p,50,start,0.5445889716462106,5,5,consensus_ce_stability,7,0.8231724770486847,False,False,0.5363592823327102
p,50,start,0.5445889716462106,5,5,consensus_gini_stability,3,0.885600966191087,True,False,0.6277948846089988
p,50,start,0.5445889716462106,5,5,consensus_gini_stability,4,0.8438797732543688,False,False,0.7927031686343436
p,50,start,0.5445889716462106,5,5,consensus_gini_stability,5,0.7740801736101639,False,True,0.8118172342291418
p,50,start,0.5445889716462106,5,5,consensus_gini_stability,6,0.8453551694418814,False,False,0.6218619910316409
p,50,start,0.5445889716462106,5,5,consensus_gini_stability,7,0.8416582488400888,False,False,0.5363592823327102
p,50,start,0.5445889716462106,5,5,consensus_pac_stability,3,0.8280204580831665,True,False,0.6277948846089988
p,50,start,0.5445889716462106,5,5,consensus_pac_stability,4,0.7611438736935735,False,False,0.7927031686343436
p,50,start,0.5445889716462106,5,5,consensus_pac_stability,5,0.6791932399377363,False,True,0.8118172342291418
p,50,start,0.5445889716462106,5,5,consensus_pac_stability,6,0.7670784967756282,False,False,0.6218619910316409
p,50,start,0.5445889716462106,5,5,consensus_pac_stability,7,0.7696606626639982,False,False,0.5363592823327102
p,50,start,0.5445889716462106,5,5,silhouette,3,0.061436686631248294,False,False,0.6420088783685145
p,50,start,0.5445889716462106,5,5,silhouette,4,0.0624715252727935,True,False,0.7814485193306028
p,50,start,0.5445889716462106,5,5,silhouette,5,0.0452510745369131,False,True,0.5445889716462106
p,50,start,0.5445889716462106,5,5,silhouette,6,0.05106423746614093,False,False,0.6281934086080032
p,50,start,0.5445889716462106,5,5,silhouette,7,0.04764846448080666,False,False,0.5166355389568843
p,50,start,0.5445889716462106,5,5,gap,3,1.39323290493083,False,False,0.6420088783685145
p,50,start,0.5445889716462106,5,5,gap,4,1.4077541792122936,False,False,0.7814485193306028
p,50,start,0.5445889716462106,5,5,gap,5,1.4191830751872523,False,True,0.5445889716462106
p,50,start,0.5445889716462106,5,5,gap,6,1.4342788867965819,False,False,0.6281934086080032
p,50,start,0.5445889716462106,5,5,gap,7,1.4414255731276135,True,False,0.5166355389568843
p,50,start,0.5445889716462106,5,5,davies_bouldin,3,0.21665352055729425,False,False,0.6420088783685145
p,50,start,0.5445889716462106,5,5,davies_bouldin,4,0.21658495733830943,False,False,0.7814485193306028
p,50,start,0.5445889716462106,5,5,davies_bouldin,5,0.20398242911324319,False,True,0.5445889716462106
p,50,start,0.5445889716462106,5,5,davies_bouldin,6,0.21827700872870273,False,False,0.6281934086080032
p,50,start,0.5445889716462106,5,5,davies_bouldin,7,0.22489352036047783,True,False,0.5166355389568843
p,50,start,0.5445889716462106,5,5,calinski_harabasz,3,81.80887033741902,True,False,0.6420088783685145
p,50,start,0.5445889716462106,5,5,calinski_harabasz,4,68.83164592257879,False,False,0.7814485193306028
p,50,start,0.5445889716462106,5,5,calinski_harabasz,5,60.47573039129673,False,True,0.5445889716462106
p,50,start,0.5445889716462106,5,5,calinski_harabasz,6,56.40374742406944,False,False,0.6281934086080032
p,50,start,0.5445889716462106,5,5,calinski_harabasz,7,51.247911464910295,False,False,0.5166355389568843
p,50,start,0.8738296354856053,6,5,accuracy_generalizability,3,0.8061209668572913,False,False,0.4479628105889341
p,50,start,0.8738296354856053,6,5,accuracy_generalizability,4,0.68962416729588,False,False,0.5537960518659767
p,50,start,0.8738296354856053,6,5,accuracy_generalizability,5,0.8554854900776833,True,True,0.7292264415611115
p,50,start,0.8738296354856053,6,5,accuracy_generalizability,6,0.7375495252477611,False,False,0.756949749530305
p,50,start,0.8738296354856053,6,5,accuracy_generalizability,7,0.6514879712614997,False,False,0.7412281612265624
p,50,start,0.8738296354856053,6,5,ari_generalizability,3,0.5250001656399385,False,False,0.4479628105889341
p,50,start,0.8738296354856053,6,5,ari_generalizability,4,0.47913652242528715,False,False,0.5537960518659767
p,50,start,0.8738296354856053,6,5,ari_generalizability,5,0.6766344299185901,True,True,0.7292264415611115
p,50,start,0.8738296354856053,6,5,ari_generalizability,6,0.5533494556252392,False,False,0.756949749530305
p,50,start,0.8738296354856053,6,5,ari_generalizability,7,0.47651926726734345,False,False,0.7412281612265624
p,50,start,0.8738296354856053,6,5,ari_generalizability_1se,3,0.5250001656399385,False,False,0.4479628105889341
p,50,start,0.8738296354856053,6,5,ari_generalizability_1se,4,0.47913652242528715,False,False,0.5537960518659767
p,50,start,0.8738296354856053,6,5,ari_generalizability_1se,5,0.6766344299185901,True,True,0.7292264415611115
p,50,start,0.8738296354856053,6,5,ari_generalizability_1se,6,0.5533494556252392,False,False,0.756949749530305
p,50,start,0.8738296354856053,6,5,ari_generalizability_1se,7,0.47651926726734345,False,False,0.7412281612265624
p,50,start,0.8738296354856053,6,5,ari_generalizability_quant,3,0.5250001656399385,False,False,0.4479628105889341
p,50,start,0.8738296354856053,6,5,ari_generalizability_quant,4,0.47913652242528715,False,False,0.5537960518659767
p,50,start,0.8738296354856053,6,5,ari_generalizability_quant,5,0.6766344299185901,True,True,0.7292264415611115
p,50,start,0.8738296354856053,6,5,ari_generalizability_quant,6,0.5533494556252392,False,False,0.756949749530305
p,50,start,0.8738296354856053,6,5,ari_generalizability_quant,7,0.47651926726734345,False,False,0.7412281612265624
p,50,start,0.8738296354856053,6,5,ari_stability,3,0.7846220748791959,False,False,0.4770997062567171
p,50,start,0.8738296354856053,6,5,ari_stability,4,0.6953423315257183,False,False,0.684726660467317
p,50,start,0.8738296354856053,6,5,ari_stability,5,0.9343274513435764,True,True,0.8573750960133367
p,50,start,0.8738296354856053,6,5,ari_stability,6,0.7609311106996516,False,False,0.7073102877928262
p,50,start,0.8738296354856053,6,5,ari_stability,7,0.6335895515348203,False,False,0.7350378410169713
p,50,start,0.8738296354856053,6,5,ari_stability_1se,3,0.7846220748791959,False,False,0.4770997062567171
p,50,start,0.8738296354856053,6,5,ari_stability_1se,4,0.6953423315257183,False,False,0.684726660467317
p,50,start,0.8738296354856053,6,5,ari_stability_1se,5,0.9343274513435764,True,True,0.8573750960133367
p,50,start,0.8738296354856053,6,5,ari_stability_1se,6,0.7609311106996516,False,False,0.7073102877928262
p,50,start,0.8738296354856053,6,5,ari_stability_1se,7,0.6335895515348203,False,False,0.7350378410169713
p,50,start,0.8738296354856053,6,5,ari_stability_quant,3,0.7846220748791959,False,False,0.4770997062567171
p,50,start,0.8738296354856053,6,5,ari_stability_quant,4,0.6953423315257183,False,False,0.684726660467317
p,50,start,0.8738296354856053,6,5,ari_stability_quant,5,0.9343274513435764,True,True,0.8573750960133367
p,50,start,0.8738296354856053,6,5,ari_stability_quant,6,0.7609311106996516,False,False,0.7073102877928262
p,50,start,0.8738296354856053,6,5,ari_stability_quant,7,0.6335895515348203,False,False,0.7350378410169713
p,50,start,0.8738296354856053,6,5,consensus_ce_stability,3,0.7871470175766928,False,False,0.4770997062567171
p,50,start,0.8738296354856053,6,5,consensus_ce_stability,4,0.7437895162943713,False,False,0.684726660467317
p,50,start,0.8738296354856053,6,5,consensus_ce_stability,5,0.9515184955579961,True,True,0.8573750960133367
p,50,start,0.8738296354856053,6,5,consensus_ce_stability,6,0.8494849137431211,False,False,0.7073102877928262
p,50,start,0.8738296354856053,6,5,consensus_ce_stability,7,0.8018311920661513,False,False,0.7350378410169713
p,50,start,0.8738296354856053,6,5,consensus_gini_stability,3,0.8129502005130016,False,False,0.4770997062567171
p,50,start,0.8738296354856053,6,5,consensus_gini_stability,4,0.7682005590864321,False,False,0.684726660467317
p,50,start,0.8738296354856053,6,5,consensus_gini_stability,5,0.9574979075680594,True,True,0.8573750960133367
p,50,start,0.8738296354856053,6,5,consensus_gini_stability,6,0.8636685735878743,False,False,0.7073102877928262
p,50,start,0.8738296354856053,6,5,consensus_gini_stability,7,0.8248337354373318,False,False,0.7350378410169713
p,50,start,0.8738296354856053,6,5,consensus_pac_stability,3,0.7191078496775628,False,False,0.4770997062567171
p,50,start,0.8738296354856053,6,5,consensus_pac_stability,4,0.6776971314209472,False,False,0.684726660467317
p,50,start,0.8738296354856053,6,5,consensus_pac_stability,5,0.9364563042028019,True,True,0.8573750960133367
p,50,start,0.8738296354856053,6,5,consensus_pac_stability,6,0.8080471425394707,False,False,0.7073102877928262
p,50,start,0.8738296354856053,6,5,consensus_pac_stability,7,0.7367587280409162,False,False,0.7350378410169713
p,50,start,0.8738296354856053,6,5,silhouette,3,0.051584475585236884,False,False,0.4793709236111186
p,50,start,0.8738296354856053,6,5,silhouette,4,0.054874663712351245,False,False,0.6618043930162384
p,50,start,0.8738296354856053,6,5,silhouette,5,0.06223880208573744,True,True,0.8738296354856053
p,50,start,0.8738296354856053,6,5,silhouette,6,0.053199049194786976,False,False,0.7069270326649788
p,50,start,0.8738296354856053,6,5,silhouette,7,0.04894826681123516,False,False,0.6417649086188495
p,50,start,0.8738296354856053,6,5,gap,3,1.3718612816777576,False,False,0.4793709236111186
p,50,start,0.8738296354856053,6,5,gap,4,1.3904924263886098,False,False,0.6618043930162384
p,50,start,0.8738296354856053,6,5,gap,5,1.412721158144704,False,True,0.8738296354856053
p,50,start,0.8738296354856053,6,5,gap,6,1.4195911823173404,False,False,0.7069270326649788
p,50,start,0.8738296354856053,6,5,gap,7,1.4232210932186806,True,False,0.6417649086188495
p,50,start,0.8738296354856053,6,5,davies_bouldin,3,0.20428053038287988,False,False,0.4793709236111186
p,50,start,0.8738296354856053,6,5,davies_bouldin,4,0.22183007220265008,False,False,0.6618043930162384
p,50,start,0.8738296354856053,6,5,davies_bouldin,5,0.2386864988286421,True,True,0.8738296354856053
p,50,start,0.8738296354856053,6,5,davies_bouldin,6,0.22128198401331267,False,False,0.7069270326649788
p,50,start,0.8738296354856053,6,5,davies_bouldin,7,0.22371328034300236,False,False,0.6417649086188495
p,50,start,0.8738296354856053,6,5,calinski_harabasz,3,74.15353219931818,True,False,0.4793709236111186
p,50,start,0.8738296354856053,6,5,calinski_harabasz,4,66.19577730507076,False,False,0.6618043930162384
p,50,start,0.8738296354856053,6,5,calinski_harabasz,5,63.11650657854044,False,True,0.8738296354856053
p,50,start,0.8738296354856053,6,5,calinski_harabasz,6,55.68241353220389,False,False,0.7069270326649788
p,50,start,0.8738296354856053,6,5,calinski_harabasz,7,49.49870955348585,False,False,0.6417649086188495
p,50,start,0.8465259271329673,7,5,accuracy_generalizability,3,0.707429572780773,False,False,0.5626495613442258
p,50,start,0.8465259271329673,7,5,accuracy_generalizability,4,0.808717865512227,True,False,0.6868995817716781
p,50,start,0.8465259271329673,7,5,accuracy_generalizability,5,0.7689633297480687,False,True,0.7216584923342032
p,50,start,0.8465259271329673,7,5,accuracy_generalizability,6,0.6831224075678883,False,False,0.792470746054643
p,50,start,0.8465259271329673,7,5,accuracy_generalizability,7,0.5966701252886077,False,False,0.7854563389525374
p,50,start,0.8465259271329673,7,5,ari_generalizability,3,0.4492819231466608,False,False,0.5626495613442258
p,50,start,0.8465259271329673,7,5,ari_generalizability,4,0.5933986741019123,True,False,0.6868995817716781
p,50,start,0.8465259271329673,7,5,ari_generalizability,5,0.5604095283567737,False,True,0.7216584923342032
p,50,start,0.8465259271329673,7,5,ari_generalizability,6,0.46874894066700074,False,False,0.792470746054643
p,50,start,0.8465259271329673,7,5,ari_generalizability,7,0.3939164820717862,False,False,0.7854563389525374
p,50,start,0.8465259271329673,7,5,ari_generalizability_1se,3,0.4492819231466608,False,False,0.5626495613442258
p,50,start,0.8465259271329673,7,5,ari_generalizability_1se,4,0.5933986741019123,True,False,0.6868995817716781
p,50,start,0.8465259271329673,7,5,ari_generalizability_1se,5,0.5604095283567737,False,True,0.7216584923342032
p,50,start,0.8465259271329673,7,5,ari_generalizability_1se,6,0.46874894066700074,False,False,0.792470746054643
p,50,start,0.8465259271329673,7,5,ari_generalizability_1se,7,0.3939164820717862,False,False,0.7854563389525374
p,50,start,0.8465259271329673,7,5,ari_generalizability_quant,3,0.4492819231466608,False,False,0.5626495613442258
p,50,start,0.8465259271329673,7,5,ari_generalizability_quant,4,0.5933986741019123,False,False,0.6868995817716781
p,50,start,0.8465259271329673,7,5,ari_generalizability_quant,5,0.5604095283567737,True,True,0.7216584923342032
p,50,start,0.8465259271329673,7,5,ari_generalizability_quant,6,0.46874894066700074,False,False,0.792470746054643
p,50,start,0.8465259271329673,7,5,ari_generalizability_quant,7,0.3939164820717862,False,False,0.7854563389525374
p,50,start,0.8465259271329673,7,5,ari_stability,3,0.6482389168964714,False,False,0.5671455596103313
p,50,start,0.8465259271329673,7,5,ari_stability,4,0.8339637484073473,False,False,0.7403228179513212
p,50,start,0.8465259271329673,7,5,ari_stability,5,0.8883620482748057,True,True,0.8300018618543811
p,50,start,0.8465259271329673,7,5,ari_stability,6,0.6930493947776221,False,False,0.8487380280418891
p,50,start,0.8465259271329673,7,5,ari_stability,7,0.5881670929039775,False,False,0.8436922861448204
p,50,start,0.8465259271329673,7,5,ari_stability_1se,3,0.6482389168964714,False,False,0.5671455596103313
p,50,start,0.8465259271329673,7,5,ari_stability_1se,4,0.8339637484073473,False,False,0.7403228179513212
p,50,start,0.8465259271329673,7,5,ari_stability_1se,5,0.8883620482748057,True,True,0.8300018618543811
p,50,start,0.8465259271329673,7,5,ari_stability_1se,6,0.6930493947776221,False,False,0.8487380280418891
p,50,start,0.8465259271329673,7,5,ari_stability_1se,7,0.5881670929039775,False,False,0.8436922861448204
p,50,start,0.8465259271329673,7,5,ari_stability_quant,3,0.6482389168964714,False,False,0.5671455596103313
p,50,start,0.8465259271329673,7,5,ari_stability_quant,4,0.8339637484073473,False,False,0.7403228179513212
p,50,start,0.8465259271329673,7,5,ari_stability_quant,5,0.8883620482748057,False,True,0.8300018618543811
p,50,start,0.8465259271329673,7,5,ari_stability_quant,6,0.6930493947776221,True,False,0.8487380280418891
p,50,start,0.8465259271329673,7,5,ari_stability_quant,7,0.5881670929039775,False,False,0.8436922861448204
p,50,start,0.8465259271329673,7,5,consensus_ce_stability,3,0.6688039059089584,False,False,0.5671455596103313
p,50,start,0.8465259271329673,7,5,consensus_ce_stability,4,0.8594094898745018,False,False,0.7403228179513212
p,50,start,0.8465259271329673,7,5,consensus_ce_stability,5,0.8934541609385945,True,True,0.8300018618543811
p,50,start,0.8465259271329673,7,5,consensus_ce_stability,6,0.8153488578140295,False,False,0.8487380280418891
p,50,start,0.8465259271329673,7,5,consensus_ce_stability,7,0.7755482665050969,False,False,0.8436922861448204
p,50,start,0.8465259271329673,7,5,consensus_gini_stability,3,0.6987126740524389,False,False,0.5671455596103313
p,50,start,0.8465259271329673,7,5,consensus_gini_stability,4,0.8743145566865846,False,False,0.7403228179513212
p,50,start,0.8465259271329673,7,5,consensus_gini_stability,5,0.9129536288233203,True,True,0.8300018618543811
p,50,start,0.8465259271329673,7,5,consensus_gini_stability,6,0.8302453893593855,False,False,0.8487380280418891
p,50,start,0.8465259271329673,7,5,consensus_gini_stability,7,0.7972637601651447,False,False,0.8436922861448204
p,50,start,0.8465259271329673,7,5,consensus_pac_stability,3,0.5733600177896375,False,False,0.5671455596103313
p,50,start,0.8465259271329673,7,5,consensus_pac_stability,4,0.8202019123860351,False,False,0.7403228179513212
p,50,start,0.8465259271329673,7,5,consensus_pac_stability,5,0.8471087391594396,True,True,0.8300018618543811
p,50,start,0.8465259271329673,7,5,consensus_pac_stability,6,0.7726092950856126,False,False,0.8487380280418891
p,50,start,0.8465259271329673,7,5,consensus_pac_stability,7,0.7168681343117633,False,False,0.8436922861448204
p,50,start,0.8465259271329673,7,5,silhouette,3,0.051794282838294424,False,False,0.5712768657454156
p,50,start,0.8465259271329673,7,5,silhouette,4,0.05687368773787358,False,False,0.7483006810487396
p,50,start,0.8465259271329673,7,5,silhouette,5,0.059623379765069935,True,True,0.8465259271329673
p,50,start,0.8465259271329673,7,5,silhouette,6,0.04800251303682829,False,False,0.6365838070805839
p,50,start,0.8465259271329673,7,5,silhouette,7,0.04475355029383125,False,False,0.5695329074609894
p,50,start,0.8465259271329673,7,5,gap,3,1.370370660357798,False,False,0.5712768657454156
p,50,start,0.8465259271329673,7,5,gap,4,1.3904428345860822,False,False,0.7483006810487396
p,50,start,0.8465259271329673,7,5,gap,5,1.4046857663282726,False,True,0.8465259271329673
p,50,start,0.8465259271329673,7,5,gap,6,1.4124219293303355,False,False,0.6365838070805839
p,50,start,0.8465259271329673,7,5,gap,7,1.4181027559253394,True,False,0.5695329074609894
p,50,start,0.8465259271329673,7,5,davies_bouldin,3,0.20263594818817995,False,False,0.5712768657454156
p,50,start,0.8465259271329673,7,5,davies_bouldin,4,0.2238975251227536,False,False,0.7483006810487396
p,50,start,0.8465259271329673,7,5,davies_bouldin,5,0.23659839456458914,True,True,0.8465259271329673
p,50,start,0.8465259271329673,7,5,davies_bouldin,6,0.2145208892952267,False,False,0.6365838070805839
p,50,start,0.8465259271329673,7,5,davies_bouldin,7,0.20811160934670636,False,False,0.5695329074609894
p,50,start,0.8465259271329673,7,5,calinski_harabasz,3,71.33685554631136,True,False,0.5712768657454156
p,50,start,0.8465259271329673,7,5,calinski_harabasz,4,64.84883468576001,False,False,0.7483006810487396
p,50,start,0.8465259271329673,7,5,calinski_harabasz,5,58.690946176642974,False,True,0.8465259271329673
p,50,start,0.8465259271329673,7,5,calinski_harabasz,6,52.376886502896745,False,False,0.6365838070805839
p,50,start,0.8465259271329673,7,5,calinski_harabasz,7,47.34026700478789,False,False,0.5695329074609894
p,50,start,0.8653522517889611,8,5,accuracy_generalizability,3,0.7333803884047413,False,False,0.5936860313941724
p,50,start,0.8653522517889611,8,5,accuracy_generalizability,4,0.8495589216913613,True,False,0.7228689370221858
p,50,start,0.8653522517889611,8,5,accuracy_generalizability,5,0.6732735154174843,False,True,0.7991948033464733
p,50,start,0.8653522517889611,8,5,accuracy_generalizability,6,0.7042897563338021,False,False,0.8509964242897703
p,50,start,0.8653522517889611,8,5,accuracy_generalizability,7,0.6482654590944689,False,False,0.6613532471874624
p,50,start,0.8653522517889611,8,5,ari_generalizability,3,0.5037743001215312,False,False,0.5936860313941724
p,50,start,0.8653522517889611,8,5,ari_generalizability,4,0.6661637554843565,True,False,0.7228689370221858
p,50,start,0.8653522517889611,8,5,ari_generalizability,5,0.4875440308933559,False,True,0.7991948033464733
p,50,start,0.8653522517889611,8,5,ari_generalizability,6,0.48041901398799863,False,False,0.8509964242897703
p,50,start,0.8653522517889611,8,5,ari_generalizability,7,0.457758069745085,False,False,0.6613532471874624
p,50,start,0.8653522517889611,8,5,ari_generalizability_1se,3,0.5037743001215312,False,False,0.5936860313941724
p,50,start,0.8653522517889611,8,5,ari_generalizability_1se,4,0.6661637554843565,True,False,0.7228689370221858
p,50,start,0.8653522517889611,8,5,ari_generalizability_1se,5,0.4875440308933559,False,True,0.7991948033464733
p,50,start,0.8653522517889611,8,5,ari_generalizability_1se,6,0.48041901398799863,False,False,0.8509964242897703
p,50,start,0.8653522517889611,8,5,ari_generalizability_1se,7,0.457758069745085,False,False,0.6613532471874624
p,50,start,0.8653522517889611,8,5,ari_generalizability_quant,3,0.5037743001215312,False,False,0.5936860313941724
p,50,start,0.8653522517889611,8,5,ari_generalizability_quant,4,0.6661637554843565,True,False,0.7228689370221858
p,50,start,0.8653522517889611,8,5,ari_generalizability_quant,5,0.4875440308933559,False,True,0.7991948033464733
p,50,start,0.8653522517889611,8,5,ari_generalizability_quant,6,0.48041901398799863,False,False,0.8509964242897703
p,50,start,0.8653522517889611,8,5,ari_generalizability_quant,7,0.457758069745085,False,False,0.6613532471874624
p,50,start,0.8653522517889611,8,5,ari_stability,3,0.684035858771219,False,False,0.6178475311746575
p,50,start,0.8653522517889611,8,5,ari_stability,4,0.9144135551795829,True,False,0.8039727248736493
p,50,start,0.8653522517889611,8,5,ari_stability,5,0.7612226054588794,False,True,0.8885341604289171
p,50,start,0.8653522517889611,8,5,ari_stability,6,0.7042880625126471,False,False,0.6898020765137407
p,50,start,0.8653522517889611,8,5,ari_stability,7,0.65961974695976,False,False,0.5818393121082138
p,50,start,0.8653522517889611,8,5,ari_stability_1se,3,0.684035858771219,False,False,0.6178475311746575
p,50,start,0.8653522517889611,8,5,ari_stability_1se,4,0.9144135551795829,True,False,0.8039727248736493
p,50,start,0.8653522517889611,8,5,ari_stability_1se,5,0.7612226054588794,False,True,0.8885341604289171
p,50,start,0.8653522517889611,8,5,ari_stability_1se,6,0.7042880625126471,False,False,0.6898020765137407
p,50,start,0.8653522517889611,8,5,ari_stability_1se,7,0.65961974695976,False,False,0.5818393121082138
p,50,start,0.8653522517889611,8,5,ari_stability_quant,3,0.684035858771219,False,False,0.6178475311746575
p,50,start,0.8653522517889611,8,5,ari_stability_quant,4,0.9144135551795829,True,False,0.8039727248736493
p,50,start,0.8653522517889611,8,5,ari_stability_quant,5,0.7612226054588794,False,True,0.8885341604289171
p,50,start,0.8653522517889611,8,5,ari_stability_quant,6,0.7042880625126471,False,False,0.6898020765137407
p,50,start,0.8653522517889611,8,5,ari_stability_quant,7,0.65961974695976,False,False,0.5818393121082138
p,50,start,0.8653522517889611,8,5,consensus_ce_stability,3,0.6914260137225275,False,False,0.6178475311746575
p,50,start,0.8653522517889611,8,5,consensus_ce_stability,4,0.928574884020548,True,False,0.8039727248736493
p,50,start,0.8653522517889611,8,5,consensus_ce_stability,5,0.8060993179585697,False,True,0.8885341604289171
p,50,start,0.8653522517889611,8,5,consensus_ce_stability,6,0.8199750735702284,False,False,0.6898020765137407
p,50,start,0.8653522517889611,8,5,consensus_ce_stability,7,0.8156940143002197,False,False,0.5818393121082138
p,50,start,0.8653522517889611,8,5,consensus_gini_stability,3,0.7221632128545892,False,False,0.6178475311746575
p,50,start,0.8653522517889611,8,5,consensus_gini_stability,4,0.9369733848895636,True,False,0.8039727248736493
p,50,start,0.8653522517889611,8,5,consensus_gini_stability,5,0.8294826169574252,False,True,0.8885341604289171
p,50,start,0.8653522517889611,8,5,consensus_gini_stability,6,0.8357553134892138,False,False,0.6898020765137407
p,50,start,0.8653522517889611,8,5,consensus_gini_stability,7,0.8355337703875063,False,False,0.5818393121082138
p,50,start,0.8653522517889611,8,5,consensus_pac_stability,3,0.5950340226817878,False,False,0.6178475311746575
p,50,start,0.8653522517889611,8,5,consensus_pac_stability,4,0.9057585056704469,True,False,0.8039727248736493
p,50,start,0.8653522517889611,8,5,consensus_pac_stability,5,0.7343375583722482,False,True,0.8885341604289171
p,50,start,0.8653522517889611,8,5,consensus_pac_stability,6,0.7724874360684901,False,False,0.6898020765137407
p,50,start,0.8653522517889611,8,5,consensus_pac_stability,7,0.7619301756726706,False,False,0.5818393121082138
p,50,start,0.8653522517889611,8,5,silhouette,3,0.05114047005860818,False,False,0.5779254886386365
p,50,start,0.8653522517889611,8,5,silhouette,4,0.05838483060694964,True,False,0.8107857904537131
p,50,start,0.8653522517889611,8,5,silhouette,5,0.05826537276014572,False,True,0.8653522517889611
p,50,start,0.8653522517889611,8,5,silhouette,6,0.04959625512438489,False,False,0.6665481440384537
p,50,start,0.8653522517889611,8,5,silhouette,7,0.04638732842404348,False,False,0.5540668740425762
p,50,start,0.8653522517889611,8,5,gap,3,1.36927057856375,False,False,0.5779254886386365
p,50,start,0.8653522517889611,8,5,gap,4,1.3892093028823531,False,False,0.8107857904537131
p,50,start,0.8653522517889611,8,5,gap,5,1.4011982388268045,False,True,0.8653522517889611
p,50,start,0.8653522517889611,8,5,gap,6,1.4119923326844592,False,False,0.6665481440384537
p,50,start,0.8653522517889611,8,5,gap,7,1.4169004351833738,True,False,0.5540668740425762
p,50,start,0.8653522517889611,8,5,davies_bouldin,3,0.19970485951222727,False,False,0.5779254886386365
p,50,start,0.8653522517889611,8,5,davies_bouldin,4,0.21864070405703168,False,False,0.8107857904537131
p,50,start,0.8653522517889611,8,5,davies_bouldin,5,0.23379077427318715,True,True,0.8653522517889611
p,50,start,0.8653522517889611,8,5,davies_bouldin,6,0.21880061145175017,False,False,0.6665481440384537
p,50,start,0.8653522517889611,8,5,davies_bouldin,7,0.22318050252828395,False,False,0.5540668740425762
p,50,start,0.8653522517889611,8,5,calinski_harabasz,3,71.1758745244765,True,False,0.5779254886386365
p,50,start,0.8653522517889611,8,5,calinski_harabasz,4,65.0379413186655,False,False,0.8107857904537131
p,50,start,0.8653522517889611,8,5,calinski_harabasz,5,57.827877949958825,False,True,0.8653522517889611
p,50,start,0.8653522517889611,8,5,calinski_harabasz,6,52.80694942555846,False,False,0.6665481440384537
p,50,start,0.8653522517889611,8,5,calinski_harabasz,7,47.55630318813354,False,False,0.5540668740425762
p,50,start,0.7478229382349496,9,5,accuracy_generalizability,3,0.6992941507045828,False,False,0.5456156095215019
p,50,start,0.7478229382349496,9,5,accuracy_generalizability,4,0.7604972557438663,True,False,0.6498000390936057
p,50,start,0.7478229382349496,9,5,accuracy_generalizability,5,0.6147449821920458,False,True,0.6657086540321953
p,50,start,0.7478229382349496,9,5,accuracy_generalizability,6,0.597939928848718,False,False,0.7403648846185386
p,50,start,0.7478229382349496,9,5,accuracy_generalizability,7,0.5420417572342214,False,False,0.7417104771484465
p,50,start,0.7478229382349496,9,5,ari_generalizability,3,0.4131582985116317,False,False,0.5456156095215019
p,50,start,0.7478229382349496,9,5,ari_generalizability,4,0.5105680724777122,True,False,0.6498000390936057
p,50,start,0.7478229382349496,9,5,ari_generalizability,5,0.3771173785683208,False,True,0.6657086540321953
p,50,start,0.7478229382349496,9,5,ari_generalizability,6,0.3567214700991132,False,False,0.7403648846185386
p,50,start,0.7478229382349496,9,5,ari_generalizability,7,0.32158076504224525,False,False,0.7417104771484465
p,50,start,0.7478229382349496,9,5,ari_generalizability_1se,3,0.4131582985116317,False,False,0.5456156095215019
p,50,start,0.7478229382349496,9,5,ari_generalizability_1se,4,0.5105680724777122,True,False,0.6498000390936057
p,50,start,0.7478229382349496,9,5,ari_generalizability_1se,5,0.3771173785683208,False,True,0.6657086540321953
p,50,start,0.7478229382349496,9,5,ari_generalizability_1se,6,0.3567214700991132,False,False,0.7403648846185386
p,50,start,0.7478229382349496,9,5,ari_generalizability_1se,7,0.32158076504224525,False,False,0.7417104771484465
p,50,start,0.7478229382349496,9,5,ari_generalizability_quant,3,0.4131582985116317,False,False,0.5456156095215019
p,50,start,0.7478229382349496,9,5,ari_generalizability_quant,4,0.5105680724777122,True,False,0.6498000390936057
p,50,start,0.7478229382349496,9,5,ari_generalizability_quant,5,0.3771173785683208,False,True,0.6657086540321953
p,50,start,0.7478229382349496,9,5,ari_generalizability_quant,6,0.3567214700991132,False,False,0.7403648846185386
p,50,start,0.7478229382349496,9,5,ari_generalizability_quant,7,0.32158076504224525,False,False,0.7417104771484465
p,50,start,0.7478229382349496,9,5,ari_stability,3,0.6434803762811492,False,False,0.584388699618471
p,50,start,0.7478229382349496,9,5,ari_stability,4,0.7877142362753641,True,False,0.6931977240487374
p,50,start,0.7478229382349496,9,5,ari_stability,5,0.6144868902670568,False,True,0.7577709537698416
p,50,start,0.7478229382349496,9,5,ari_stability,6,0.57526844358185,False,False,0.768210231877451
p,50,start,0.7478229382349496,9,5,ari_stability,7,0.5344370649048916,False,False,0.5584058149345604
p,50,start,0.7478229382349496,9,5,ari_stability_1se,3,0.6434803762811492,False,False,0.584388699618471
p,50,start,0.7478229382349496,9,5,ari_stability_1se,4,0.7877142362753641,True,False,0.6931977240487374
p,50,start,0.7478229382349496,9,5,ari_stability_1se,5,0.6144868902670568,False,True,0.7577709537698416
p,50,start,0.7478229382349496,9,5,ari_stability_1se,6,0.57526844358185,False,False,0.768210231877451
p,50,start,0.7478229382349496,9,5,ari_stability_1se,7,0.5344370649048916,False,False,0.5584058149345604
p,50,start,0.7478229382349496,9,5,ari_stability_quant,3,0.6434803762811492,False,False,0.584388699618471
p,50,start,0.7478229382349496,9,5,ari_stability_quant,4,0.7877142362753641,True,False,0.6931977240487374
p,50,start,0.7478229382349496,9,5,ari_stability_quant,5,0.6144868902670568,False,True,0.7577709537698416
p,50,start,0.7478229382349496,9,5,ari_stability_quant,6,0.57526844358185,False,False,0.768210231877451
p,50,start,0.7478229382349496,9,5,ari_stability_quant,7,0.5344370649048916,False,False,0.5584058149345604
p,50,start,0.7478229382349496,9,5,consensus_ce_stability,3,0.6354360036891165,False,False,0.584388699618471
p,50,start,0.7478229382349496,9,5,consensus_ce_stability,4,0.8229775645331823,True,False,0.6931977240487374
p,50,start,0.7478229382349496,9,5,consensus_ce_stability,5,0.7206001752631258,False,True,0.7577709537698416
p,50,start,0.7478229382349496,9,5,consensus_ce_stability,6,0.7345419200770854,False,False,0.768210231877451
p,50,start,0.7478229382349496,9,5,consensus_ce_stability,7,0.7432384400241838,False,False,0.5584058149345604
p,50,start,0.7478229382349496,9,5,consensus_gini_stability,3,0.6664503536085792,False,False,0.584388699618471
p,50,start,0.7478229382349496,9,5,consensus_gini_stability,4,0.8443448864109385,True,False,0.6931977240487374
p,50,start,0.7478229382349496,9,5,consensus_gini_stability,5,0.7502132121837033,False,True,0.7577709537698416
p,50,start,0.7478229382349496,9,5,consensus_gini_stability,6,0.7635719676737748,False,False,0.768210231877451
p,50,start,0.7478229382349496,9,5,consensus_gini_stability,7,0.7735779926539126,False,False,0.5584058149345604
p,50,start,0.7478229382349496,9,5,consensus_pac_stability,3,0.5427671781187458,False,False,0.584388699618471
p,50,start,0.7478229382349496,9,5,consensus_pac_stability,4,0.7657976428730264,True,False,0.6931977240487374
p,50,start,0.7478229382349496,9,5,consensus_pac_stability,5,0.6341979097175895,False,True,0.7577709537698416
p,50,start,0.7478229382349496,9,5,consensus_pac_stability,6,0.6566760062263731,False,False,0.768210231877451
p,50,start,0.7478229382349496,9,5,consensus_pac_stability,7,0.660626195241272,False,False,0.5584058149345604
p,50,start,0.7478229382349496,9,5,silhouette,3,0.05184705294409773,False,False,0.607750732590021
p,50,start,0.7478229382349496,9,5,silhouette,4,0.05274234750521906,False,False,0.7091701651917387
p,50,start,0.7478229382349496,9,5,silhouette,5,0.05290079827960681,True,True,0.7478229382349496
p,50,start,0.7478229382349496,9,5,silhouette,6,0.043300799909613864,False,False,0.6180750121360153
p,50,start,0.7478229382349496,9,5,silhouette,7,0.04090734784518538,False,False,0.5250694667079522
p,50,start,0.7478229382349496,9,5,gap,3,1.3768078404973476,False,False,0.607750732590021
p,50,start,0.7478229382349496,9,5,gap,4,1.3929159087467138,False,False,0.7091701651917387
p,50,start,0.7478229382349496,9,5,gap,5,1.4037727365965083,False,True,0.7478229382349496
p,50,start,0.7478229382349496,9,5,gap,6,1.4127908121634576,False,False,0.6180750121360153
p,50,start,0.7478229382349496,9,5,gap,7,1.4187488609974679,True,False,0.5250694667079522
p,50,start,0.7478229382349496,9,5,davies_bouldin,3,0.199541929582639,False,False,0.607750732590021
p,50,start,0.7478229382349496,9,5,davies_bouldin,4,0.21571419546730528,False,False,0.7091701651917387
p,50,start,0.7478229382349496,9,5,davies_bouldin,5,0.2214693515491683,True,True,0.7478229382349496
p,50,start,0.7478229382349496,9,5,davies_bouldin,6,0.2124751454925128,False,False,0.6180750121360153
p,50,start,0.7478229382349496,9,5,davies_bouldin,7,0.21877477969956052,False,False,0.5250694667079522
p,50,start,0.7478229382349496,9,5,calinski_harabasz,3,70.29351051450851,True,False,0.607750732590021
p,50,start,0.7478229382349496,9,5,calinski_harabasz,4,61.93778103849328,False,False,0.7091701651917387
p,50,start,0.7478229382349496,9,5,calinski_harabasz,5,54.89048577557878,False,True,0.7478229382349496
p,50,start,0.7478229382349496,9,5,calinski_harabasz,6,49.73076929777572,False,False,0.6180750121360153
p,50,start,0.7478229382349496,9,5,calinski_harabasz,7,45.20370290415733,False,False,0.5250694667079522
p,50,start,0.8005617598053895,10,5,accuracy_generalizability,3,0.784274277239662,False,False,0.4580892027330778
p,50,start,0.8005617598053895,10,5,accuracy_generalizability,4,0.8422530697638352,True,False,0.6977895680589222
p,50,start,0.8005617598053895,10,5,accuracy_generalizability,5,0.8112376933109626,False,True,0.7742457519280594
p,50,start,0.8005617598053895,10,5,accuracy_generalizability,6,0.6742619920162455,False,False,0.7839115323626545
p,50,start,0.8005617598053895,10,5,accuracy_generalizability,7,0.5979397687943679,False,False,0.7729030343170908
p,50,start,0.8005617598053895,10,5,ari_generalizability,3,0.4839925982488913,False,False,0.4580892027330778
p,50,start,0.8005617598053895,10,5,ari_generalizability,4,0.6375125840625123,True,False,0.6977895680589222
p,50,start,0.8005617598053895,10,5,ari_generalizability,5,0.6327167380926475,False,True,0.7742457519280594
p,50,start,0.8005617598053895,10,5,ari_generalizability,6,0.5013995974598018,False,False,0.7839115323626545
p,50,start,0.8005617598053895,10,5,ari_generalizability,7,0.4238157827084174,False,False,0.7729030343170908
p,50,start,0.8005617598053895,10,5,ari_generalizability_1se,3,0.4839925982488913,False,False,0.4580892027330778
p,50,start,0.8005617598053895,10,5,ari_generalizability_1se,4,0.6375125840625123,False,False,0.6977895680589222
p,50,start,0.8005617598053895,10,5,ari_generalizability_1se,5,0.6327167380926475,True,True,0.7742457519280594
p,50,start,0.8005617598053895,10,5,ari_generalizability_1se,6,0.5013995974598018,False,False,0.7839115323626545
p,50,start,0.8005617598053895,10,5,ari_generalizability_1se,7,0.4238157827084174,False,False,0.7729030343170908
p,50,start,0.8005617598053895,10,5,ari_generalizability_quant,3,0.4839925982488913,False,False,0.4580892027330778
p,50,start,0.8005617598053895,10,5,ari_generalizability_quant,4,0.6375125840625123,False,False,0.6977895680589222
p,50,start,0.8005617598053895,10,5,ari_generalizability_quant,5,0.6327167380926475,True,True,0.7742457519280594
p,50,start,0.8005617598053895,10,5,ari_generalizability_quant,6,0.5013995974598018,False,False,0.7839115323626545
p,50,start,0.8005617598053895,10,5,ari_generalizability_quant,7,0.4238157827084174,False,False,0.7729030343170908
p,50,start,0.8005617598053895,10,5,ari_stability,3,0.7641323501953989,False,False,0.5364537723903119
p,50,start,0.8005617598053895,10,5,ari_stability,4,0.8691341991287413,False,False,0.701066368128283
p,50,start,0.8005617598053895,10,5,ari_stability,5,0.8830174687429266,True,True,0.7968007146757653
p,50,start,0.8005617598053895,10,5,ari_stability,6,0.7181114518843486,False,False,0.800464853930241
p,50,start,0.8005617598053895,10,5,ari_stability,7,0.5858924335435878,False,False,0.8170590490318317
p,50,start,0.8005617598053895,10,5,ari_stability_1se,3,0.7641323501953989,False,False,0.5364537723903119
p,50,start,0.8005617598053895,10,5,ari_stability_1se,4,0.8691341991287413,False,False,0.701066368128283
p,50,start,0.8005617598053895,10,5,ari_stability_1se,5,0.8830174687429266,True,True,0.7968007146757653
p,50,start,0.8005617598053895,10,5,ari_stability_1se,6,0.7181114518843486,False,False,0.800464853930241
p,50,start,0.8005617598053895,10,5,ari_stability_1se,7,0.5858924335435878,False,False,0.8170590490318317
p,50,start,0.8005617598053895,10,5,ari_stability_quant,3,0.7641323501953989,False,False,0.5364537723903119
p,50,start,0.8005617598053895,10,5,ari_stability_quant,4,0.8691341991287413,False,False,0.701066368128283
p,50,start,0.8005617598053895,10,5,ari_stability_quant,5,0.8830174687429266,False,True,0.7968007146757653
p,50,start,0.8005617598053895,10,5,ari_stability_quant,6,0.7181114518843486,True,False,0.800464853930241
p,50,start,0.8005617598053895,10,5,ari_stability_quant,7,0.5858924335435878,False,False,0.8170590490318317
p,50,start,0.8005617598053895,10,5,consensus_ce_stability,3,0.7723325015254267,False,False,0.5364537723903119
p,50,start,0.8005617598053895,10,5,consensus_ce_stability,4,0.8852540852008705,False,False,0.701066368128283
p,50,start,0.8005617598053895,10,5,consensus_ce_stability,5,0.9066772518917251,True,True,0.7968007146757653
p,50,start,0.8005617598053895,10,5,consensus_ce_stability,6,0.81732763815751,False,False,0.800464853930241
p,50,start,0.8005617598053895,10,5,consensus_ce_stability,7,0.7648634746719459,False,False,0.8170590490318317
p,50,start,0.8005617598053895,10,5,consensus_gini_stability,3,0.8073409554783172,False,False,0.5364537723903119
p,50,start,0.8005617598053895,10,5,consensus_gini_stability,4,0.8993534193171667,False,False,0.701066368128283
p,50,start,0.8005617598053895,10,5,consensus_gini_stability,5,0.9217459262356796,True,True,0.7968007146757653
p,50,start,0.8005617598053895,10,5,consensus_gini_stability,6,0.8392158936445234,False,False,0.800464853930241
p,50,start,0.8005617598053895,10,5,consensus_gini_stability,7,0.7904600782039573,False,False,0.8170590490318317
p,50,start,0.8005617598053895,10,5,consensus_pac_stability,3,0.6691314209472983,False,False,0.5364537723903119
p,50,start,0.8005617598053895,10,5,consensus_pac_stability,4,0.8449971091839004,False,False,0.701066368128283
p,50,start,0.8005617598053895,10,5,consensus_pac_stability,5,0.881123415610407,True,True,0.7968007146757653
p,50,start,0.8005617598053895,10,5,consensus_pac_stability,6,0.7636210807204803,False,False,0.800464853930241
p,50,start,0.8005617598053895,10,5,consensus_pac_stability,7,0.6948668000889482,False,False,0.8170590490318317
p,50,start,0.8005617598053895,10,5,silhouette,3,0.050999775055845326,False,False,0.5304505265294582
p,50,start,0.8005617598053895,10,5,silhouette,4,0.056850921785023226,False,False,0.6989819237135969
p,50,start,0.8005617598053895,10,5,silhouette,5,0.058945458670701535,True,True,0.8005617598053895
p,50,start,0.8005617598053895,10,5,silhouette,6,0.04969423538326614,False,False,0.683675992478584
p,50,start,0.8005617598053895,10,5,silhouette,7,0.04527414608415743,False,False,0.6112329925014498
p,50,start,0.8005617598053895,10,5,gap,3,1.3592992129086703,False,False,0.5304505265294582
p,50,start,0.8005617598053895,10,5,gap,4,1.382743809919731,False,False,0.6989819237135969
p,50,start,0.8005617598053895,10,5,gap,5,1.396078779188361,False,True,0.8005617598053895
p,50,start,0.8005617598053895,10,5,gap,6,1.4021544257685985,False,False,0.683675992478584
p,50,start,0.8005617598053895,10,5,gap,7,1.4069743322130392,True,False,0.6112329925014498
p,50,start,0.8005617598053895,10,5,davies_bouldin,3,0.2062679696152515,False,False,0.5304505265294582
p,50,start,0.8005617598053895,10,5,davies_bouldin,4,0.22506231171177538,False,False,0.6989819237135969
p,50,start,0.8005617598053895,10,5,davies_bouldin,5,0.23701800929726202,True,True,0.8005617598053895
p,50,start,0.8005617598053895,10,5,davies_bouldin,6,0.22055756329507162,False,False,0.683675992478584
p,50,start,0.8005617598053895,10,5,davies_bouldin,7,0.21075088367490102,False,False,0.6112329925014498
p,50,start,0.8005617598053895,10,5,calinski_harabasz,3,71.41812852116135,True,False,0.5304505265294582
p,50,start,0.8005617598053895,10,5,calinski_harabasz,4,67.02439832531907,False,False,0.6989819237135969
p,50,start,0.8005617598053895,10,5,calinski_harabasz,5,59.659724488714744,False,True,0.8005617598053895
p,50,start,0.8005617598053895,10,5,calinski_harabasz,6,52.589797224770585,False,False,0.683675992478584
p,50,start,0.8005617598053895,10,5,calinski_harabasz,7,47.27135469456753,False,False,0.6112329925014498
p,50,start,0.42470376791125825,11,5,accuracy_generalizability,3,0.7674469764816804,True,False,0.5209856449860807
p,50,start,0.42470376791125825,11,5,accuracy_generalizability,4,0.5874636307588389,False,False,0.6187623660319758
p,50,start,0.42470376791125825,11,5,accuracy_generalizability,5,0.6106015671392269,False,True,0.4116529496234776
p,50,start,0.42470376791125825,11,5,accuracy_generalizability,6,0.5422744170886192,False,False,0.7248210396458583
p,50,start,0.42470376791125825,11,5,accuracy_generalizability,7,0.5293643441416279,False,False,0.7649743976221182
p,50,start,0.42470376791125825,11,5,ari_generalizability,3,0.4814105177535055,True,False,0.5209856449860807
p,50,start,0.42470376791125825,11,5,ari_generalizability,4,0.327075794702126,False,False,0.6187623660319758
p,50,start,0.42470376791125825,11,5,ari_generalizability,5,0.3075722433458119,False,True,0.4116529496234776
p,50,start,0.42470376791125825,11,5,ari_generalizability,6,0.27024248726001227,False,False,0.7248210396458583
p,50,start,0.42470376791125825,11,5,ari_generalizability,7,0.27197156640677583,False,False,0.7649743976221182
p,50,start,0.42470376791125825,11,5,ari_generalizability_1se,3,0.4814105177535055,True,False,0.5209856449860807
p,50,start,0.42470376791125825,11,5,ari_generalizability_1se,4,0.327075794702126,False,False,0.6187623660319758
p,50,start,0.42470376791125825,11,5,ari_generalizability_1se,5,0.3075722433458119,False,True,0.4116529496234776
p,50,start,0.42470376791125825,11,5,ari_generalizability_1se,6,0.27024248726001227,False,False,0.7248210396458583
p,50,start,0.42470376791125825,11,5,ari_generalizability_1se,7,0.27197156640677583,False,False,0.7649743976221182
p,50,start,0.42470376791125825,11,5,ari_generalizability_quant,3,0.4814105177535055,True,False,0.5209856449860807
p,50,start,0.42470376791125825,11,5,ari_generalizability_quant,4,0.327075794702126,False,False,0.6187623660319758
p,50,start,0.42470376791125825,11,5,ari_generalizability_quant,5,0.3075722433458119,False,True,0.4116529496234776
p,50,start,0.42470376791125825,11,5,ari_generalizability_quant,6,0.27024248726001227,False,False,0.7248210396458583
p,50,start,0.42470376791125825,11,5,ari_generalizability_quant,7,0.27197156640677583,False,False,0.7649743976221182
p,50,start,0.42470376791125825,11,5,ari_stability,3,0.7483512544745747,True,False,0.48051861485304537
p,50,start,0.42470376791125825,11,5,ari_stability,4,0.5722351185040526,False,False,0.5812085209751411
p,50,start,0.42470376791125825,11,5,ari_stability,5,0.5373458056963333,False,True,0.4011566917370346
p,50,start,0.42470376791125825,11,5,ari_stability,6,0.4997399127812144,False,False,0.7360028507335054
p,50,start,0.42470376791125825,11,5,ari_stability,7,0.4877495959772633,False,False,0.5225953090990596
p,50,start,0.42470376791125825,11,5,ari_stability_1se,3,0.7483512544745747,True,False,0.48051861485304537
p,50,start,0.42470376791125825,11,5,ari_stability_1se,4,0.5722351185040526,False,False,0.5812085209751411
p,50,start,0.42470376791125825,11,5,ari_stability_1se,5,0.5373458056963333,False,True,0.4011566917370346
p,50,start,0.42470376791125825,11,5,ari_stability_1se,6,0.4997399127812144,False,False,0.7360028507335054
p,50,start,0.42470376791125825,11,5,ari_stability_1se,7,0.4877495959772633,False,False,0.5225953090990596
p,50,start,0.42470376791125825,11,5,ari_stability_quant,3,0.7483512544745747,True,False,0.48051861485304537
p,50,start,0.42470376791125825,11,5,ari_stability_quant,4,0.5722351185040526,False,False,0.5812085209751411
p,50,start,0.42470376791125825,11,5,ari_stability_quant,5,0.5373458056963333,False,True,0.4011566917370346
p,50,start,0.42470376791125825,11,5,ari_stability_quant,6,0.4997399127812144,False,False,0.7360028507335054
p,50,start,0.42470376791125825,11,5,ari_stability_quant,7,0.4877495959772633,False,False,0.5225953090990596
p,50,start,0.42470376791125825,11,5,consensus_ce_stability,3,0.7438021379524565,True,False,0.48051861485304537
p,50,start,0.42470376791125825,11,5,consensus_ce_stability,4,0.637571151191366,False,False,0.5812085209751411
p,50,start,0.42470376791125825,11,5,consensus_ce_stability,5,0.6763070181796503,False,True,0.4011566917370346
p,50,start,0.42470376791125825,11,5,consensus_ce_stability,6,0.6832635587581177,False,False,0.7360028507335054
p,50,start,0.42470376791125825,11,5,consensus_ce_stability,7,0.7203871115247039,False,False,0.5225953090990596
p,50,start,0.42470376791125825,11,5,consensus_gini_stability,3,0.7739292212966499,True,False,0.48051861485304537
p,50,start,0.42470376791125825,11,5,consensus_gini_stability,4,0.6802629859056702,False,False,0.5812085209751411
p,50,start,0.42470376791125825,11,5,consensus_gini_stability,5,0.7093693378908995,False,True,0.4011566917370346
p,50,start,0.42470376791125825,11,5,consensus_gini_stability,6,0.7158803256994812,False,False,0.7360028507335054
p,50,start,0.42470376791125825,11,5,consensus_gini_stability,7,0.7497743752204484,False,False,0.5225953090990596
p,50,start,0.42470376791125825,11,5,consensus_pac_stability,3,0.6605790527018012,True,False,0.48051861485304537
p,50,start,0.42470376791125825,11,5,consensus_pac_stability,4,0.5104291750055593,False,False,0.5812085209751411
p,50,start,0.42470376791125825,11,5,consensus_pac_stability,5,0.5775619301756727,False,True,0.4011566917370346
p,50,start,0.42470376791125825,11,5,consensus_pac_stability,6,0.5888014231710028,False,False,0.7360028507335054
p,50,start,0.42470376791125825,11,5,consensus_pac_stability,7,0.6365034467422725,False,False,0.5225953090990596
p,50,start,0.42470376791125825,11,5,silhouette,3,0.05060697642097439,True,False,0.49585750615773644
p,50,start,0.42470376791125825,11,5,silhouette,4,0.04897789307019161,False,False,0.5200545782677023
p,50,start,0.42470376791125825,11,5,silhouette,5,0.04027603257882003,False,True,0.42470376791125825
p,50,start,0.42470376791125825,11,5,silhouette,6,0.04316365982433493,False,False,0.4916830303297133
p,50,start,0.42470376791125825,11,5,silhouette,7,0.04050066657697217,False,False,0.40115880847796326
p,50,start,0.42470376791125825,11,5,gap,3,1.3993019025729758,False,False,0.49585750615773644
p,50,start,0.42470376791125825,11,5,gap,4,1.411510585358517,False,False,0.5200545782677023
p,50,start,0.42470376791125825,11,5,gap,5,1.4235127056360337,False,True,0.42470376791125825
p,50,start,0.42470376791125825,11,5,gap,6,1.433754516041951,False,False,0.4916830303297133
p,50,start,0.42470376791125825,11,5,gap,7,1.4419383483720019,True,False,0.40115880847796326
p,50,start,0.42470376791125825,11,5,davies_bouldin,3,0.20520403006591087,False,False,0.49585750615773644
p,50,start,0.42470376791125825,11,5,davies_bouldin,4,0.21201948993683015,False,False,0.5200545782677023
p,50,start,0.42470376791125825,11,5,davies_bouldin,5,0.20411432782398065,False,True,0.42470376791125825
p,50,start,0.42470376791125825,11,5,davies_bouldin,6,0.21309801523133526,False,False,0.4916830303297133
p,50,start,0.42470376791125825,11,5,davies_bouldin,7,0.21896925973677858,True,False,0.40115880847796326
p,50,start,0.42470376791125825,11,5,calinski_harabasz,3,67.67325277410744,True,False,0.49585750615773644
p,50,start,0.42470376791125825,11,5,calinski_harabasz,4,58.15448524850623,False,False,0.5200545782677023
p,50,start,0.42470376791125825,11,5,calinski_harabasz,5,52.402173176816156,False,True,0.42470376791125825
p,50,start,0.42470376791125825,11,5,calinski_harabasz,6,48.1375406788462,False,False,0.4916830303297133
p,50,start,0.42470376791125825,11,5,calinski_harabasz,7,44.54608188801561,False,False,0.40115880847796326
p,50,start,0.8761750638753188,12,5,accuracy_generalizability,3,0.8534174087640628,True,False,0.7356176383615877
p,50,start,0.8761750638753188,12,5,accuracy_generalizability,4,0.7235137243692099,False,False,0.7692050653180409
p,50,start,0.8761750638753188,12,5,accuracy_generalizability,5,0.641004938486168,False,True,0.7809742879294566
p,50,start,0.8761750638753188,12,5,accuracy_generalizability,6,0.6774535128927734,False,False,0.8077799428284862
p,50,start,0.8761750638753188,12,5,accuracy_generalizability,7,0.6403580112994345,False,False,0.5699330575010663
p,50,start,0.8761750638753188,12,5,ari_generalizability,3,0.665351570001674,True,False,0.7356176383615877
p,50,start,0.8761750638753188,12,5,ari_generalizability,4,0.5279945508543422,False,False,0.7692050653180409
p,50,start,0.8761750638753188,12,5,ari_generalizability,5,0.4265285227920177,False,True,0.7809742879294566
p,50,start,0.8761750638753188,12,5,ari_generalizability,6,0.4067543781189542,False,False,0.8077799428284862
p,50,start,0.8761750638753188,12,5,ari_generalizability,7,0.4034292813336928,False,False,0.5699330575010663
p,50,start,0.8761750638753188,12,5,ari_generalizability_1se,3,0.665351570001674,True,False,0.7356176383615877
p,50,start,0.8761750638753188,12,5,ari_generalizability_1se,4,0.5279945508543422,False,False,0.7692050653180409
p,50,start,0.8761750638753188,12,5,ari_generalizability_1se,5,0.4265285227920177,False,True,0.7809742879294566
p,50,start,0.8761750638753188,12,5,ari_generalizability_1se,6,0.4067543781189542,False,False,0.8077799428284862
p,50,start,0.8761750638753188,12,5,ari_generalizability_1se,7,0.4034292813336928,False,False,0.5699330575010663
p,50,start,0.8761750638753188,12,5,ari_generalizability_quant,3,0.665351570001674,True,False,0.7356176383615877
p,50,start,0.8761750638753188,12,5,ari_generalizability_quant,4,0.5279945508543422,False,False,0.7692050653180409
p,50,start,0.8761750638753188,12,5,ari_generalizability_quant,5,0.4265285227920177,False,True,0.7809742879294566
p,50,start,0.8761750638753188,12,5,ari_generalizability_quant,6,0.4067543781189542,False,False,0.8077799428284862
p,50,start,0.8761750638753188,12,5,ari_generalizability_quant,7,0.4034292813336928,False,False,0.5699330575010663
p,50,start,0.8761750638753188,12,5,ari_stability,3,0.8883423133601525,True,False,0.7597030200742984
p,50,start,0.8761750638753188,12,5,ari_stability,4,0.7991786852565649,False,False,0.8226547327454078
p,50,start,0.8761750638753188,12,5,ari_stability,5,0.6646764627223088,False,True,0.8689772217386644
p,50,start,0.8761750638753188,12,5,ari_stability,6,0.6584384697264283,False,False,0.8793189424890288
p,50,start,0.8761750638753188,12,5,ari_stability,7,0.6089875321312851,False,False,0.49372824688032607
p,50,start,0.8761750638753188,12,5,ari_stability_1se,3,0.8883423133601525,True,False,0.7597030200742984
p,50,start,0.8761750638753188,12,5,ari_stability_1se,4,0.7991786852565649,False,False,0.8226547327454078
p,50,start,0.8761750638753188,12,5,ari_stability_1se,5,0.6646764627223088,False,True,0.8689772217386644
p,50,start,0.8761750638753188,12,5,ari_stability_1se,6,0.6584384697264283,False,False,0.8793189424890288
p,50,start,0.8761750638753188,12,5,ari_stability_1se,7,0.6089875321312851,False,False,0.49372824688032607
p,50,start,0.8761750638753188,12,5,ari_stability_quant,3,0.8883423133601525,False,False,0.7597030200742984
p,50,start,0.8761750638753188,12,5,ari_stability_quant,4,0.7991786852565649,False,False,0.8226547327454078
p,50,start,0.8761750638753188,12,5,ari_stability_quant,5,0.6646764627223088,True,True,0.8689772217386644
p,50,start,0.8761750638753188,12,5,ari_stability_quant,6,0.6584384697264283,False,False,0.8793189424890288
p,50,start,0.8761750638753188,12,5,ari_stability_quant,7,0.6089875321312851,False,False,0.49372824688032607
p,50,start,0.8761750638753188,12,5,consensus_ce_stability,3,0.8727090870337816,True,False,0.7597030200742984
p,50,start,0.8761750638753188,12,5,consensus_ce_stability,4,0.8081649404508544,False,False,0.8226547327454078
p,50,start,0.8761750638753188,12,5,consensus_ce_stability,5,0.7400551444692995,False,True,0.8689772217386644
p,50,start,0.8761750638753188,12,5,consensus_ce_stability,6,0.7759265271434369,False,False,0.8793189424890288
p,50,start,0.8761750638753188,12,5,consensus_ce_stability,7,0.7828425831032834,False,False,0.49372824688032607
p,50,start,0.8761750638753188,12,5,consensus_gini_stability,3,0.8952295572052433,True,False,0.7597030200742984
p,50,start,0.8761750638753188,12,5,consensus_gini_stability,4,0.8376230294262814,False,False,0.8226547327454078
p,50,start,0.8761750638753188,12,5,consensus_gini_stability,5,0.7709538320667122,False,True,0.8689772217386644
p,50,start,0.8761750638753188,12,5,consensus_gini_stability,6,0.7937545540196629,False,False,0.8793189424890288
p,50,start,0.8761750638753188,12,5,consensus_gini_stability,7,0.802050490446411,False,False,0.49372824688032607
p,50,start,0.8761750638753188,12,5,consensus_pac_stability,3,0.8225323549032688,True,False,0.7597030200742984
p,50,start,0.8761750638753188,12,5,consensus_pac_stability,4,0.7520204580831665,False,False,0.8226547327454078
p,50,start,0.8761750638753188,12,5,consensus_pac_stability,5,0.6494738714698688,False,True,0.8689772217386644
p,50,start,0.8761750638753188,12,5,consensus_pac_stability,6,0.7179613075383589,False,False,0.8793189424890288
p,50,start,0.8761750638753188,12,5,consensus_pac_stability,7,0.7237171447631754,False,False,0.49372824688032607
p,50,start,0.8761750638753188,12,5,silhouette,3,0.06244431168891979,False,False,0.7614983180522268
p,50,start,0.8761750638753188,12,5,silhouette,4,0.06387393638174536,False,False,0.8102038076001111
p,50,start,0.8761750638753188,12,5,silhouette,5,0.06850334794371551,True,True,0.8761750638753188
p,50,start,0.8761750638753188,12,5,silhouette,6,0.05307303950181424,False,False,0.5833425917065422
p,50,start,0.8761750638753188,12,5,silhouette,7,0.04861567410515198,False,False,0.4727388609093061
p,50,start,0.8761750638753188,12,5,gap,3,1.3910642468956382,False,False,0.7614983180522268
p,50,start,0.8761750638753188,12,5,gap,4,1.4063830280680278,False,False,0.8102038076001111
p,50,start,0.8761750638753188,12,5,gap,5,1.4231160855626221,False,True,0.8761750638753188
p,50,start,0.8761750638753188,12,5,gap,6,1.4372653013677894,False,False,0.5833425917065422
p,50,start,0.8761750638753188,12,5,gap,7,1.4454869702608377,True,False,0.4727388609093061
p,50,start,0.8761750638753188,12,5,davies_bouldin,3,0.21225410999862107,False,False,0.7614983180522268
p,50,start,0.8761750638753188,12,5,davies_bouldin,4,0.2285818504128498,False,False,0.8102038076001111
p,50,start,0.8761750638753188,12,5,davies_bouldin,5,0.25072767676240015,True,True,0.8761750638753188
p,50,start,0.8761750638753188,12,5,davies_bouldin,6,0.22608353364824865,False,False,0.5833425917065422
p,50,start,0.8761750638753188,12,5,davies_bouldin,7,0.2292559190041728,False,False,0.4727388609093061
p,50,start,0.8761750638753188,12,5,calinski_harabasz,3,75.47259266033494,True,False,0.7614983180522268
p,50,start,0.8761750638753188,12,5,calinski_harabasz,4,65.25542243393473,False,False,0.8102038076001111
p,50,start,0.8761750638753188,12,5,calinski_harabasz,5,59.87449668718719,False,True,0.8761750638753188
p,50,start,0.8761750638753188,12,5,calinski_harabasz,6,55.58622624289361,False,False,0.5833425917065422
p,50,start,0.8761750638753188,12,5,calinski_harabasz,7,50.7944743336239,False,False,0.4727388609093061
p,50,start,0.7464299475987307,13,5,accuracy_generalizability,3,0.8373899911785981,True,False,0.5819133818277337
p,50,start,0.7464299475987307,13,5,accuracy_generalizability,4,0.8281384058262652,False,False,0.6697079887904444
p,50,start,0.7464299475987307,13,5,accuracy_generalizability,5,0.6869579021497519,False,True,0.7385572721252737
p,50,start,0.7464299475987307,13,5,accuracy_generalizability,6,0.6606616950941663,False,False,0.7791717039269987
p,50,start,0.7464299475987307,13,5,accuracy_generalizability,7,0.5675239064999984,False,False,0.7850640209131655
p,50,start,0.7464299475987307,13,5,ari_generalizability,3,0.5944591698320285,False,False,0.5819133818277337
p,50,start,0.7464299475987307,13,5,ari_generalizability,4,0.623851807122504,True,False,0.6697079887904444
p,50,start,0.7464299475987307,13,5,ari_generalizability,5,0.48725288689103236,False,True,0.7385572721252737
p,50,start,0.7464299475987307,13,5,ari_generalizability,6,0.44015752741369035,False,False,0.7791717039269987
p,50,start,0.7464299475987307,13,5,ari_generalizability,7,0.36864652034757567,False,False,0.7850640209131655
p,50,start,0.7464299475987307,13,5,ari_generalizability_1se,3,0.5944591698320285,False,False,0.5819133818277337
p,50,start,0.7464299475987307,13,5,ari_generalizability_1se,4,0.623851807122504,True,False,0.6697079887904444
p,50,start,0.7464299475987307,13,5,ari_generalizability_1se,5,0.48725288689103236,False,True,0.7385572721252737
p,50,start,0.7464299475987307,13,5,ari_generalizability_1se,6,0.44015752741369035,False,False,0.7791717039269987
p,50,start,0.7464299475987307,13,5,ari_generalizability_1se,7,0.36864652034757567,False,False,0.7850640209131655
p,50,start,0.7464299475987307,13,5,ari_generalizability_quant,3,0.5944591698320285,False,False,0.5819133818277337
p,50,start,0.7464299475987307,13,5,ari_generalizability_quant,4,0.623851807122504,True,False,0.6697079887904444
p,50,start,0.7464299475987307,13,5,ari_generalizability_quant,5,0.48725288689103236,False,True,0.7385572721252737
p,50,start,0.7464299475987307,13,5,ari_generalizability_quant,6,0.44015752741369035,False,False,0.7791717039269987
p,50,start,0.7464299475987307,13,5,ari_generalizability_quant,7,0.36864652034757567,False,False,0.7850640209131655
p,50,start,0.7464299475987307,13,5,ari_stability,3,0.8245569805144585,False,False,0.6127321513494148
p,50,start,0.7464299475987307,13,5,ari_stability,4,0.8561166914346162,True,False,0.6975229299686991
p,50,start,0.7464299475987307,13,5,ari_stability,5,0.6885277656310609,False,True,0.7666643697510537
p,50,start,0.7464299475987307,13,5,ari_stability,6,0.6645247944634366,False,False,0.6100260470212722
p,50,start,0.7464299475987307,13,5,ari_stability,7,0.5633311250748892,False,False,0.6125351256394773
p,50,start,0.7464299475987307,13,5,ari_stability_1se,3,0.8245569805144585,False,False,0.6127321513494148
p,50,start,0.7464299475987307,13,5,ari_stability_1se,4,0.8561166914346162,True,False,0.6975229299686991
p,50,start,0.7464299475987307,13,5,ari_stability_1se,5,0.6885277656310609,False,True,0.7666643697510537
p,50,start,0.7464299475987307,13,5,ari_stability_1se,6,0.6645247944634366,False,False,0.6100260470212722
p,50,start,0.7464299475987307,13,5,ari_stability_1se,7,0.5633311250748892,False,False,0.6125351256394773
p,50,start,0.7464299475987307,13,5,ari_stability_quant,3,0.8245569805144585,False,False,0.6127321513494148
p,50,start,0.7464299475987307,13,5,ari_stability_quant,4,0.8561166914346162,True,False,0.6975229299686991
p,50,start,0.7464299475987307,13,5,ari_stability_quant,5,0.6885277656310609,False,True,0.7666643697510537
p,50,start,0.7464299475987307,13,5,ari_stability_quant,6,0.6645247944634366,False,False,0.6100260470212722
p,50,start,0.7464299475987307,13,5,ari_stability_quant,7,0.5633311250748892,False,False,0.6125351256394773
p,50,start,0.7464299475987307,13,5,consensus_ce_stability,3,0.8193959852140462,False,False,0.6127321513494148
p,50,start,0.7464299475987307,13,5,consensus_ce_stability,4,0.8782161725398343,True,False,0.6975229299686991
p,50,start,0.7464299475987307,13,5,consensus_ce_stability,5,0.7797801426334707,False,True,0.7666643697510537
p,50,start,0.7464299475987307,13,5,consensus_ce_stability,6,0.7916487326311419,False,False,0.6100260470212722
p,50,start,0.7464299475987307,13,5,consensus_ce_stability,7,0.7590651774613582,False,False,0.6125351256394773
p,50,start,0.7464299475987307,13,5,consensus_gini_stability,3,0.8368419156205922,False,False,0.6127321513494148
p,50,start,0.7464299475987307,13,5,consensus_gini_stability,4,0.893451132572541,True,False,0.6975229299686991
p,50,start,0.7464299475987307,13,5,consensus_gini_stability,5,0.8053890814709024,False,True,0.7666643697510537
p,50,start,0.7464299475987307,13,5,consensus_gini_stability,6,0.8125426863001751,False,False,0.6100260470212722
p,50,start,0.7464299475987307,13,5,consensus_gini_stability,7,0.7840527588124169,False,False,0.6125351256394773
p,50,start,0.7464299475987307,13,5,consensus_pac_stability,3,0.7680346897931954,False,False,0.6127321513494148
p,50,start,0.7464299475987307,13,5,consensus_pac_stability,4,0.8336170780520347,True,False,0.6975229299686991
p,50,start,0.7464299475987307,13,5,consensus_pac_stability,5,0.70205292417167,False,True,0.7666643697510537
p,50,start,0.7464299475987307,13,5,consensus_pac_stability,6,0.7303393373360018,False,False,0.6100260470212722
p,50,start,0.7464299475987307,13,5,consensus_pac_stability,7,0.6884073826995776,False,False,0.6125351256394773
p,50,start,0.7464299475987307,13,5,silhouette,3,0.05811477889333262,False,False,0.5902600698751985
p,50,start,0.7464299475987307,13,5,silhouette,4,0.059021333695181415,True,False,0.7007693518887216
p,50,start,0.7464299475987307,13,5,silhouette,5,0.0578922339100457,False,True,0.7464299475987307
p,50,start,0.7464299475987307,13,5,silhouette,6,0.05028345431772647,False,False,0.6115130628058107
p,50,start,0.7464299475987307,13,5,silhouette,7,0.04557651480968387,False,False,0.5532867331039274
p,50,start,0.7464299475987307,13,5,gap,3,1.3562309391448313,False,False,0.5902600698751985
p,50,start,0.7464299475987307,13,5,gap,4,1.3735425144833062,False,False,0.7007693518887216
p,50,start,0.7464299475987307,13,5,gap,5,1.3831099638678435,False,True,0.7464299475987307
p,50,start,0.7464299475987307,13,5,gap,6,1.3926490082231577,False,False,0.6115130628058107
p,50,start,0.7464299475987307,13,5,gap,7,1.3960911439311179,True,False,0.5532867331039274
p,50,start,0.7464299475987307,13,5,davies_bouldin,3,0.2187475219849585,False,False,0.5902600698751985
p,50,start,0.7464299475987307,13,5,davies_bouldin,4,0.22184801944718646,False,False,0.7007693518887216
p,50,start,0.7464299475987307,13,5,davies_bouldin,5,0.2289949156790312,True,True,0.7464299475987307
p,50,start,0.7464299475987307,13,5,davies_bouldin,6,0.21778563193039446,False,False,0.6115130628058107
p,50,start,0.7464299475987307,13,5,davies_bouldin,7,0.21870138740481174,False,False,0.5532867331039274
p,50,start,0.7464299475987307,13,5,calinski_harabasz,3,81.31036612673873,True,False,0.5902600698751985
p,50,start,0.7464299475987307,13,5,calinski_harabasz,4,70.36369699708904,False,False,0.7007693518887216
p,50,start,0.7464299475987307,13,5,calinski_harabasz,5,60.78961913974039,False,True,0.7464299475987307
p,50,start,0.7464299475987307,13,5,calinski_harabasz,6,54.648793044362954,False,False,0.6115130628058107
p,50,start,0.7464299475987307,13,5,calinski_harabasz,7,48.811172516429345,False,False,0.5532867331039274
p,50,start,0.7141809906204358,14,5,accuracy_generalizability,3,0.8034059179223968,True,False,0.6588489631486771
p,50,start,0.7141809906204358,14,5,accuracy_generalizability,4,0.6173224183352353,False,False,0.7172441347723052
p,50,start,0.7141809906204358,14,5,accuracy_generalizability,5,0.5719492757170032,False,True,0.7688983459180844
p,50,start,0.7141809906204358,14,5,accuracy_generalizability,6,0.5721654318014774,False,False,0.8013459542053619
p,50,start,0.7141809906204358,14,5,accuracy_generalizability,7,0.550448285227713,False,False,0.813692869661239
p,50,start,0.7141809906204358,14,5,ari_generalizability,3,0.5599275520126739,True,False,0.6588489631486771
p,50,start,0.7141809906204358,14,5,ari_generalizability,4,0.3808221561229422,False,False,0.7172441347723052
p,50,start,0.7141809906204358,14,5,ari_generalizability,5,0.2998627466684878,False,True,0.7688983459180844
p,50,start,0.7141809906204358,14,5,ari_generalizability,6,0.3030752556444786,False,False,0.8013459542053619
p,50,start,0.7141809906204358,14,5,ari_generalizability,7,0.3006798274967635,False,False,0.813692869661239
p,50,start,0.7141809906204358,14,5,ari_generalizability_1se,3,0.5599275520126739,True,False,0.6588489631486771
p,50,start,0.7141809906204358,14,5,ari_generalizability_1se,4,0.3808221561229422,False,False,0.7172441347723052
p,50,start,0.7141809906204358,14,5,ari_generalizability_1se,5,0.2998627466684878,False,True,0.7688983459180844
p,50,start,0.7141809906204358,14,5,ari_generalizability_1se,6,0.3030752556444786,False,False,0.8013459542053619
p,50,start,0.7141809906204358,14,5,ari_generalizability_1se,7,0.3006798274967635,False,False,0.813692869661239
p,50,start,0.7141809906204358,14,5,ari_generalizability_quant,3,0.5599275520126739,True,False,0.6588489631486771
p,50,start,0.7141809906204358,14,5,ari_generalizability_quant,4,0.3808221561229422,False,False,0.7172441347723052
p,50,start,0.7141809906204358,14,5,ari_generalizability_quant,5,0.2998627466684878,False,True,0.7688983459180844
p,50,start,0.7141809906204358,14,5,ari_generalizability_quant,6,0.3030752556444786,False,False,0.8013459542053619
p,50,start,0.7141809906204358,14,5,ari_generalizability_quant,7,0.3006798274967635,False,False,0.813692869661239
p,50,start,0.7141809906204358,14,5,ari_stability,3,0.7741514444352355,True,False,0.6080567485627998
p,50,start,0.7141809906204358,14,5,ari_stability,4,0.5996262004556194,False,False,0.7275976571489446
p,50,start,0.7141809906204358,14,5,ari_stability,5,0.4890045762351828,False,True,0.7706870584160026
p,50,start,0.7141809906204358,14,5,ari_stability,6,0.5333323157425522,False,False,0.8257898779636802
p,50,start,0.7141809906204358,14,5,ari_stability,7,0.5125509717905352,False,False,0.41427080799730237
p,50,start,0.7141809906204358,14,5,ari_stability_1se,3,0.7741514444352355,True,False,0.6080567485627998
p,50,start,0.7141809906204358,14,5,ari_stability_1se,4,0.5996262004556194,False,False,0.7275976571489446
p,50,start,0.7141809906204358,14,5,ari_stability_1se,5,0.4890045762351828,False,True,0.7706870584160026
p,50,start,0.7141809906204358,14,5,ari_stability_1se,6,0.5333323157425522,False,False,0.8257898779636802
p,50,start,0.7141809906204358,14,5,ari_stability_1se,7,0.5125509717905352,False,False,0.41427080799730237
p,50,start,0.7141809906204358,14,5,ari_stability_quant,3,0.7741514444352355,True,False,0.6080567485627998
p,50,start,0.7141809906204358,14,5,ari_stability_quant,4,0.5996262004556194,False,False,0.7275976571489446
p,50,start,0.7141809906204358,14,5,ari_stability_quant,5,0.4890045762351828,False,True,0.7706870584160026
p,50,start,0.7141809906204358,14,5,ari_stability_quant,6,0.5333323157425522,False,False,0.8257898779636802
p,50,start,0.7141809906204358,14,5,ari_stability_quant,7,0.5125509717905352,False,False,0.41427080799730237
p,50,start,0.7141809906204358,14,5,consensus_ce_stability,3,0.7728623714004655,True,False,0.6080567485627998
p,50,start,0.7141809906204358,14,5,consensus_ce_stability,4,0.6443063972019747,False,False,0.7275976571489446
p,50,start,0.7141809906204358,14,5,consensus_ce_stability,5,0.6320697415046271,False,True,0.7706870584160026
p,50,start,0.7141809906204358,14,5,consensus_ce_stability,6,0.7096205372609565,False,False,0.8257898779636802
p,50,start,0.7141809906204358,14,5,consensus_ce_stability,7,0.7336156736074015,False,False,0.41427080799730237
p,50,start,0.7141809906204358,14,5,consensus_gini_stability,3,0.7980050982281375,True,False,0.6080567485627998
p,50,start,0.7141809906204358,14,5,consensus_gini_stability,4,0.6870951850364166,False,False,0.7275976571489446
p,50,start,0.7141809906204358,14,5,consensus_gini_stability,5,0.664574472357242,False,True,0.7706870584160026
p,50,start,0.7141809906204358,14,5,consensus_gini_stability,6,0.7341213571305928,False,False,0.8257898779636802
p,50,start,0.7141809906204358,14,5,consensus_gini_stability,7,0.7606935720668926,False,False,0.41427080799730237
p,50,start,0.7141809906204358,14,5,consensus_pac_stability,3,0.6991541027351568,True,False,0.6080567485627998
p,50,start,0.7141809906204358,14,5,consensus_pac_stability,4,0.5103589059372915,False,False,0.7275976571489446
p,50,start,0.7141809906204358,14,5,consensus_pac_stability,5,0.5406448743606849,False,True,0.7706870584160026
p,50,start,0.7141809906204358,14,5,consensus_pac_stability,6,0.6452434956637758,False,False,0.8257898779636802
p,50,start,0.7141809906204358,14,5,consensus_pac_stability,7,0.6572630642650656,False,False,0.41427080799730237
p,50,start,0.7141809906204358,14,5,silhouette,3,0.050170051610797156,False,False,0.6007402883521588
p,50,start,0.7141809906204358,14,5,silhouette,4,0.051832245139207714,False,False,0.7362075679500681
p,50,start,0.7141809906204358,14,5,silhouette,5,0.05238355868951698,True,True,0.7141809906204358
p,50,start,0.7141809906204358,14,5,silhouette,6,0.04313663444349398,False,False,0.4954043360306411
p,50,start,0.7141809906204358,14,5,silhouette,7,0.04099650195500381,False,False,0.43478590110416815
p,50,start,0.7141809906204358,14,5,gap,3,1.3959738102749721,False,False,0.6007402883521588
p,50,start,0.7141809906204358,14,5,gap,4,1.4072421934663968,False,False,0.7362075679500681
p,50,start,0.7141809906204358,14,5,gap,5,1.4184627976732873,False,True,0.7141809906204358
p,50,start,0.7141809906204358,14,5,gap,6,1.4299652697779255,False,False,0.4954043360306411
p,50,start,0.7141809906204358,14,5,gap,7,1.4378762637908036,True,False,0.43478590110416815
p,50,start,0.7141809906204358,14,5,davies_bouldin,3,0.20411239414430674,False,False,0.6007402883521588
p,50,start,0.7141809906204358,14,5,davies_bouldin,4,0.21645398774727076,False,False,0.7362075679500681
p,50,start,0.7141809906204358,14,5,davies_bouldin,5,0.2282501475166941,True,True,0.7141809906204358
p,50,start,0.7141809906204358,14,5,davies_bouldin,6,0.21423400278199473,False,False,0.4954043360306411
p,50,start,0.7141809906204358,14,5,davies_bouldin,7,0.21912505062499374,False,False,0.43478590110416815
p,50,start,0.7141809906204358,14,5,calinski_harabasz,3,66.89890295047,True,False,0.6007402883521588
p,50,start,0.7141809906204358,14,5,calinski_harabasz,4,56.79346517431996,False,False,0.7362075679500681
p,50,start,0.7141809906204358,14,5,calinski_harabasz,5,51.12165549729655,False,True,0.7141809906204358
p,50,start,0.7141809906204358,14,5,calinski_harabasz,6,47.4287264041106,False,False,0.4954043360306411
p,50,start,0.7141809906204358,14,5,calinski_harabasz,7,43.92268663608657,False,False,0.43478590110416815
p,50,start,0.8481121795840993,15,5,accuracy_generalizability,3,0.7773692772834747,False,False,0.5044790145769157
p,50,start,0.8481121795840993,15,5,accuracy_generalizability,4,0.7939438466055899,True,False,0.6524806960256153
p,50,start,0.8481121795840993,15,5,accuracy_generalizability,5,0.7827835414203722,False,True,0.7315528451251444
p,50,start,0.8481121795840993,15,5,accuracy_generalizability,6,0.7297311439283849,False,False,0.6209612588146505
p,50,start,0.8481121795840993,15,5,accuracy_generalizability,7,0.6365025017529853,False,False,0.6153566197376712
p,50,start,0.8481121795840993,15,5,ari_generalizability,3,0.5057017768071121,False,False,0.5044790145769157
p,50,start,0.8481121795840993,15,5,ari_generalizability,4,0.5743873974645993,True,False,0.6524806960256153
p,50,start,0.8481121795840993,15,5,ari_generalizability,5,0.573126772928298,False,True,0.7315528451251444
p,50,start,0.8481121795840993,15,5,ari_generalizability,6,0.4988387178887275,False,False,0.6209612588146505
p,50,start,0.8481121795840993,15,5,ari_generalizability,7,0.4341117437356326,False,False,0.6153566197376712
p,50,start,0.8481121795840993,15,5,ari_generalizability_1se,3,0.5057017768071121,False,False,0.5044790145769157
p,50,start,0.8481121795840993,15,5,ari_generalizability_1se,4,0.5743873974645993,False,False,0.6524806960256153
p,50,start,0.8481121795840993,15,5,ari_generalizability_1se,5,0.573126772928298,True,True,0.7315528451251444
p,50,start,0.8481121795840993,15,5,ari_generalizability_1se,6,0.4988387178887275,False,False,0.6209612588146505
p,50,start,0.8481121795840993,15,5,ari_generalizability_1se,7,0.4341117437356326,False,False,0.6153566197376712
p,50,start,0.8481121795840993,15,5,ari_generalizability_quant,3,0.5057017768071121,False,False,0.5044790145769157
p,50,start,0.8481121795840993,15,5,ari_generalizability_quant,4,0.5743873974645993,False,False,0.6524806960256153
p,50,start,0.8481121795840993,15,5,ari_generalizability_quant,5,0.573126772928298,False,True,0.7315528451251444
p,50,start,0.8481121795840993,15,5,ari_generalizability_quant,6,0.4988387178887275,True,False,0.6209612588146505
p,50,start,0.8481121795840993,15,5,ari_generalizability_quant,7,0.4341117437356326,False,False,0.6153566197376712
p,50,start,0.8481121795840993,15,5,ari_stability,3,0.697746331915225,False,False,0.5260989557551254
p,50,start,0.8481121795840993,15,5,ari_stability,4,0.830300788075695,False,False,0.7235641495255488
p,50,start,0.8481121795840993,15,5,ari_stability,5,0.9074482258895314,True,True,0.8518278928771678
p,50,start,0.8481121795840993,15,5,ari_stability,6,0.7604217140114815,False,False,0.6592949585814711
p,50,start,0.8481121795840993,15,5,ari_stability,7,0.6214414511509905,False,False,0.6678250645678127
p,50,start,0.8481121795840993,15,5,ari_stability_1se,3,0.697746331915225,False,False,0.5260989557551254
p,50,start,0.8481121795840993,15,5,ari_stability_1se,4,0.830300788075695,False,False,0.7235641495255488
p,50,start,0.8481121795840993,15,5,ari_stability_1se,5,0.9074482258895314,True,True,0.8518278928771678
p,50,start,0.8481121795840993,15,5,ari_stability_1se,6,0.7604217140114815,False,False,0.6592949585814711
p,50,start,0.8481121795840993,15,5,ari_stability_1se,7,0.6214414511509905,False,False,0.6678250645678127
p,50,start,0.8481121795840993,15,5,ari_stability_quant,3,0.697746331915225,False,False,0.5260989557551254
p,50,start,0.8481121795840993,15,5,ari_stability_quant,4,0.830300788075695,False,False,0.7235641495255488
p,50,start,0.8481121795840993,15,5,ari_stability_quant,5,0.9074482258895314,True,True,0.8518278928771678
p,50,start,0.8481121795840993,15,5,ari_stability_quant,6,0.7604217140114815,False,False,0.6592949585814711
p,50,start,0.8481121795840993,15,5,ari_stability_quant,7,0.6214414511509905,False,False,0.6678250645678127
p,50,start,0.8481121795840993,15,5,consensus_ce_stability,3,0.7024327581668179,False,False,0.5260989557551254
p,50,start,0.8481121795840993,15,5,consensus_ce_stability,4,0.854256600028186,False,False,0.7235641495255488
p,50,start,0.8481121795840993,15,5,consensus_ce_stability,5,0.9196157135061919,True,True,0.8518278928771678
p,50,start,0.8481121795840993,15,5,consensus_ce_stability,6,0.8509253155427865,False,False,0.6592949585814711
p,50,start,0.8481121795840993,15,5,consensus_ce_stability,7,0.7947633966664402,False,False,0.6678250645678127
p,50,start,0.8481121795840993,15,5,consensus_gini_stability,3,0.737707921449232,False,False,0.5260989557551254
p,50,start,0.8481121795840993,15,5,consensus_gini_stability,4,0.8753699974388404,False,False,0.7235641495255488
p,50,start,0.8481121795840993,15,5,consensus_gini_stability,5,0.9308661390847977,True,True,0.8518278928771678
p,50,start,0.8481121795840993,15,5,consensus_gini_stability,6,0.8683146213047982,False,False,0.6592949585814711
p,50,start,0.8481121795840993,15,5,consensus_gini_stability,7,0.8179518670861798,False,False,0.6678250645678127
p,50,start,0.8481121795840993,15,5,consensus_pac_stability,3,0.5879537469424061,False,False,0.5260989557551254
p,50,start,0.8481121795840993,15,5,consensus_pac_stability,4,0.8041529908828108,False,False,0.7235641495255488
p,50,start,0.8481121795840993,15,5,consensus_pac_stability,5,0.8942628418945964,True,True,0.8518278928771678
p,50,start,0.8481121795840993,15,5,consensus_pac_stability,6,0.7997865243495663,False,False,0.6592949585814711
p,50,start,0.8481121795840993,15,5,consensus_pac_stability,7,0.7331581054036024,False,False,0.6678250645678127
p,50,start,0.8481121795840993,15,5,silhouette,3,0.04808273265463079,False,False,0.5165443298100243
p,50,start,0.8481121795840993,15,5,silhouette,4,0.054825261499595226,False,False,0.7476649152998122
p,50,start,0.8481121795840993,15,5,silhouette,5,0.05841071511518931,True,True,0.8481121795840993
p,50,start,0.8481121795840993,15,5,silhouette,6,0.05080672118854521,False,False,0.6546055348309744
p,50,start,0.8481121795840993,15,5,silhouette,7,0.04525523637897224,False,False,0.5619838957134882
p,50,start,0.8481121795840993,15,5,gap,3,1.408689485374067,False,False,0.5165443298100243
p,50,start,0.8481121795840993,15,5,gap,4,1.4286383127014393,False,False,0.7476649152998122
p,50,start,0.8481121795840993,15,5,gap,5,1.4446084598664068,False,True,0.8481121795840993
p,50,start,0.8481121795840993,15,5,gap,6,1.4554696920507588,False,False,0.6546055348309744
p,50,start,0.8481121795840993,15,5,gap,7,1.4599577684575316,True,False,0.5619838957134882
p,50,start,0.8481121795840993,15,5,davies_bouldin,3,0.2015260516897503,False,False,0.5165443298100243
p,50,start,0.8481121795840993,15,5,davies_bouldin,4,0.21935676982714988,False,False,0.7476649152998122
p,50,start,0.8481121795840993,15,5,davies_bouldin,5,0.2345212073970262,True,True,0.8481121795840993
p,50,start,0.8481121795840993,15,5,davies_bouldin,6,0.2220756491261185,False,False,0.6546055348309744
p,50,start,0.8481121795840993,15,5,davies_bouldin,7,0.22197225726942976,False,False,0.5619838957134882
p,50,start,0.8481121795840993,15,5,calinski_harabasz,3,67.93354125401572,True,False,0.5165443298100243
p,50,start,0.8481121795840993,15,5,calinski_harabasz,4,62.441008076530885,False,False,0.7476649152998122
p,50,start,0.8481121795840993,15,5,calinski_harabasz,5,57.65217870228964,False,True,0.8481121795840993
p,50,start,0.8481121795840993,15,5,calinski_harabasz,6,52.643096886608774,False,False,0.6546055348309744
p,50,start,0.8481121795840993,15,5,calinski_harabasz,7,47.32732930332999,False,False,0.5619838957134882
p,50,start,0.8774367818716788,16,5,accuracy_generalizability,3,0.8322229920284486,False,False,0.6521107225282652
p,50,start,0.8774367818716788,16,5,accuracy_generalizability,4,0.8514571547663682,True,False,0.7171212014538182
p,50,start,0.8774367818716788,16,5,accuracy_generalizability,5,0.6783979661935876,False,True,0.7676829759826671
p,50,start,0.8774367818716788,16,5,accuracy_generalizability,6,0.6960814361885833,False,False,0.8193867376562157
p,50,start,0.8774367818716788,16,5,accuracy_generalizability,7,0.6400007755947196,False,False,0.8344044082828909
p,50,start,0.8774367818716788,16,5,ari_generalizability,3,0.6276830159413991,False,False,0.6521107225282652
p,50,start,0.8774367818716788,16,5,ari_generalizability,4,0.6803742610351946,True,False,0.7171212014538182
p,50,start,0.8774367818716788,16,5,ari_generalizability,5,0.488951737195204,False,True,0.7676829759826671
p,50,start,0.8774367818716788,16,5,ari_generalizability,6,0.4493668599086362,False,False,0.8193867376562157
p,50,start,0.8774367818716788,16,5,ari_generalizability,7,0.430914298623207,False,False,0.8344044082828909
p,50,start,0.8774367818716788,16,5,ari_generalizability_1se,3,0.6276830159413991,False,False,0.6521107225282652
p,50,start,0.8774367818716788,16,5,ari_generalizability_1se,4,0.6803742610351946,True,False,0.7171212014538182
p,50,start,0.8774367818716788,16,5,ari_generalizability_1se,5,0.488951737195204,False,True,0.7676829759826671
p,50,start,0.8774367818716788,16,5,ari_generalizability_1se,6,0.4493668599086362,False,False,0.8193867376562157
p,50,start,0.8774367818716788,16,5,ari_generalizability_1se,7,0.430914298623207,False,False,0.8344044082828909
p,50,start,0.8774367818716788,16,5,ari_generalizability_quant,3,0.6276830159413991,False,False,0.6521107225282652
p,50,start,0.8774367818716788,16,5,ari_generalizability_quant,4,0.6803742610351946,True,False,0.7171212014538182
p,50,start,0.8774367818716788,16,5,ari_generalizability_quant,5,0.488951737195204,False,True,0.7676829759826671
p,50,start,0.8774367818716788,16,5,ari_generalizability_quant,6,0.4493668599086362,False,False,0.8193867376562157
p,50,start,0.8774367818716788,16,5,ari_generalizability_quant,7,0.430914298623207,False,False,0.8344044082828909
p,50,start,0.8774367818716788,16,5,ari_stability,3,0.7914815511857729,False,False,0.618705434404068
p,50,start,0.8774367818716788,16,5,ari_stability,4,0.9137144742935664,True,False,0.7655480138479736
p,50,start,0.8774367818716788,16,5,ari_stability,5,0.7857818576209873,False,True,0.8742234626192157
p,50,start,0.8774367818716788,16,5,ari_stability,6,0.6749762534916464,False,False,0.6253466029456107
p,50,start,0.8774367818716788,16,5,ari_stability,7,0.6179453247369466,False,False,0.6554878479824807
p,50,start,0.8774367818716788,16,5,ari_stability_1se,3,0.7914815511857729,False,False,0.618705434404068
p,50,start,0.8774367818716788,16,5,ari_stability_1se,4,0.9137144742935664,True,False,0.7655480138479736
p,50,start,0.8774367818716788,16,5,ari_stability_1se,5,0.7857818576209873,False,True,0.8742234626192157
p,50,start,0.8774367818716788,16,5,ari_stability_1se,6,0.6749762534916464,False,False,0.6253466029456107
p,50,start,0.8774367818716788,16,5,ari_stability_1se,7,0.6179453247369466,False,False,0.6554878479824807
p,50,start,0.8774367818716788,16,5,ari_stability_quant,3,0.7914815511857729,False,False,0.618705434404068
p,50,start,0.8774367818716788,16,5,ari_stability_quant,4,0.9137144742935664,True,False,0.7655480138479736
p,50,start,0.8774367818716788,16,5,ari_stability_quant,5,0.7857818576209873,False,True,0.8742234626192157
p,50,start,0.8774367818716788,16,5,ari_stability_quant,6,0.6749762534916464,False,False,0.6253466029456107
p,50,start,0.8774367818716788,16,5,ari_stability_quant,7,0.6179453247369466,False,False,0.6554878479824807
p,50,start,0.8774367818716788,16,5,consensus_ce_stability,3,0.7983671552075952,False,False,0.618705434404068
p,50,start,0.8774367818716788,16,5,consensus_ce_stability,4,0.9271151051237069,True,False,0.7655480138479736
p,50,start,0.8774367818716788,16,5,consensus_ce_stability,5,0.8232741440627511,False,True,0.8742234626192157
p,50,start,0.8774367818716788,16,5,consensus_ce_stability,6,0.7990351552755711,False,False,0.6253466029456107
p,50,start,0.8774367818716788,16,5,consensus_ce_stability,7,0.7945933529369186,False,False,0.6554878479824807
p,50,start,0.8774367818716788,16,5,consensus_gini_stability,3,0.8221637425919377,False,False,0.618705434404068
p,50,start,0.8774367818716788,16,5,consensus_gini_stability,4,0.9354591486469476,True,False,0.7655480138479736
p,50,start,0.8774367818716788,16,5,consensus_gini_stability,5,0.8493669624716079,False,True,0.8742234626192157
p,50,start,0.8774367818716788,16,5,consensus_gini_stability,6,0.8156916943679171,False,False,0.6253466029456107
p,50,start,0.8774367818716788,16,5,consensus_gini_stability,7,0.813768468450932,False,False,0.6554878479824807
p,50,start,0.8774367818716788,16,5,consensus_pac_stability,3,0.724916166333111,False,False,0.618705434404068
p,50,start,0.8774367818716788,16,5,consensus_pac_stability,4,0.9048663553480097,True,False,0.7655480138479736
p,50,start,0.8774367818716788,16,5,consensus_pac_stability,5,0.7418652434956639,False,True,0.8742234626192157
p,50,start,0.8774367818716788,16,5,consensus_pac_stability,6,0.7485665999555259,False,False,0.6253466029456107
p,50,start,0.8774367818716788,16,5,consensus_pac_stability,7,0.7394609739826551,False,False,0.6554878479824807
p,50,start,0.8774367818716788,16,5,silhouette,3,0.058037563416494284,False,False,0.6251213984868738
p,50,start,0.8774367818716788,16,5,silhouette,4,0.06262612761928119,False,False,0.7703913852318381
p,50,start,0.8774367818716788,16,5,silhouette,5,0.06629714077185173,True,True,0.8774367818716788
p,50,start,0.8774367818716788,16,5,silhouette,6,0.04895675838273337,False,False,0.6225961930546432
p,50,start,0.8774367818716788,16,5,silhouette,7,0.045989936073391184,False,False,0.5335280439624863
p,50,start,0.8774367818716788,16,5,gap,3,1.3889605164725403,False,False,0.6251213984868738
p,50,start,0.8774367818716788,16,5,gap,4,1.408533190986919,False,False,0.7703913852318381
p,50,start,0.8774367818716788,16,5,gap,5,1.4208814355507453,False,True,0.8774367818716788
p,50,start,0.8774367818716788,16,5,gap,6,1.4312584371839687,False,False,0.6225961930546432
p,50,start,0.8774367818716788,16,5,gap,7,1.4365568094210754,True,False,0.5335280439624863
p,50,start,0.8774367818716788,16,5,davies_bouldin,3,0.20919280152132055,False,False,0.6251213984868738
p,50,start,0.8774367818716788,16,5,davies_bouldin,4,0.23080289697245465,False,False,0.7703913852318381
p,50,start,0.8774367818716788,16,5,davies_bouldin,5,0.2394745675841481,True,True,0.8774367818716788
p,50,start,0.8774367818716788,16,5,davies_bouldin,6,0.21639812512902246,False,False,0.6225961930546432
p,50,start,0.8774367818716788,16,5,davies_bouldin,7,0.22093640799043227,False,False,0.5335280439624863
p,50,start,0.8774367818716788,16,5,calinski_harabasz,3,77.13401039110911,True,False,0.6251213984868738
p,50,start,0.8774367818716788,16,5,calinski_harabasz,4,68.50483124104153,False,False,0.7703913852318381
p,50,start,0.8774367818716788,16,5,calinski_harabasz,5,60.65259927450086,False,True,0.8774367818716788
p,50,start,0.8774367818716788,16,5,calinski_harabasz,6,54.96581399776361,False,False,0.6225961930546432
p,50,start,0.8774367818716788,16,5,calinski_harabasz,7,49.54410082719543,False,False,0.5335280439624863
p,50,start,0.8546107355864603,17,5,accuracy_generalizability,3,0.7219841759985509,True,False,0.6345801617161894
p,50,start,0.8546107355864603,17,5,accuracy_generalizability,4,0.5799703142271655,False,False,0.701364977544928
p,50,start,0.8546107355864603,17,5,accuracy_generalizability,5,0.5837911152756304,False,True,0.757353200366813
p,50,start,0.8546107355864603,17,5,accuracy_generalizability,6,0.6080936692751956,False,False,0.8050921784839241
p,50,start,0.8546107355864603,17,5,accuracy_generalizability,7,0.6083427459709818,False,False,0.8591826363422308
p,50,start,0.8546107355864603,17,5,ari_generalizability,3,0.5049199835966547,True,False,0.6345801617161894
p,50,start,0.8546107355864603,17,5,ari_generalizability,4,0.3584865608704989,False,False,0.701364977544928
p,50,start,0.8546107355864603,17,5,ari_generalizability,5,0.32812331847531,False,True,0.757353200366813
p,50,start,0.8546107355864603,17,5,ari_generalizability,6,0.33497260911787846,False,False,0.8050921784839241
p,50,start,0.8546107355864603,17,5,ari_generalizability,7,0.3526821407987213,False,False,0.8591826363422308
p,50,start,0.8546107355864603,17,5,ari_generalizability_1se,3,0.5049199835966547,True,False,0.6345801617161894
p,50,start,0.8546107355864603,17,5,ari_generalizability_1se,4,0.3584865608704989,False,False,0.701364977544928
p,50,start,0.8546107355864603,17,5,ari_generalizability_1se,5,0.32812331847531,False,True,0.757353200366813
p,50,start,0.8546107355864603,17,5,ari_generalizability_1se,6,0.33497260911787846,False,False,0.8050921784839241
p,50,start,0.8546107355864603,17,5,ari_generalizability_1se,7,0.3526821407987213,False,False,0.8591826363422308
p,50,start,0.8546107355864603,17,5,ari_generalizability_quant,3,0.5049199835966547,False,False,0.6345801617161894
p,50,start,0.8546107355864603,17,5,ari_generalizability_quant,4,0.3584865608704989,False,False,0.701364977544928
p,50,start,0.8546107355864603,17,5,ari_generalizability_quant,5,0.32812331847531,False,True,0.757353200366813
p,50,start,0.8546107355864603,17,5,ari_generalizability_quant,6,0.33497260911787846,False,False,0.8050921784839241
p,50,start,0.8546107355864603,17,5,ari_generalizability_quant,7,0.3526821407987213,True,False,0.8591826363422308
p,50,start,0.8546107355864603,17,5,ari_stability,3,0.6782801295270003,True,False,0.6715315633755625
p,50,start,0.8546107355864603,17,5,ari_stability,4,0.5868125339353959,False,False,0.7754820982201143
p,50,start,0.8546107355864603,17,5,ari_stability,5,0.5029221253192163,False,True,0.8042183761126988
p,50,start,0.8546107355864603,17,5,ari_stability,6,0.5784261420073766,False,False,0.5584188777478166
p,50,start,0.8546107355864603,17,5,ari_stability,7,0.5404208146691467,False,False,0.5938764472874885
p,50,start,0.8546107355864603,17,5,ari_stability_1se,3,0.6782801295270003,True,False,0.6715315633755625
p,50,start,0.8546107355864603,17,5,ari_stability_1se,4,0.5868125339353959,False,False,0.7754820982201143
p,50,start,0.8546107355864603,17,5,ari_stability_1se,5,0.5029221253192163,False,True,0.8042183761126988
p,50,start,0.8546107355864603,17,5,ari_stability_1se,6,0.5784261420073766,False,False,0.5584188777478166
p,50,start,0.8546107355864603,17,5,ari_stability_1se,7,0.5404208146691467,False,False,0.5938764472874885
p,50,start,0.8546107355864603,17,5,ari_stability_quant,3,0.6782801295270003,False,False,0.6715315633755625
p,50,start,0.8546107355864603,17,5,ari_stability_quant,4,0.5868125339353959,False,False,0.7754820982201143
p,50,start,0.8546107355864603,17,5,ari_stability_quant,5,0.5029221253192163,False,True,0.8042183761126988
p,50,start,0.8546107355864603,17,5,ari_stability_quant,6,0.5784261420073766,True,False,0.5584188777478166
p,50,start,0.8546107355864603,17,5,ari_stability_quant,7,0.5404208146691467,False,False,0.5938764472874885
p,50,start,0.8546107355864603,17,5,consensus_ce_stability,3,0.700956403782318,False,False,0.6715315633755625
p,50,start,0.8546107355864603,17,5,consensus_ce_stability,4,0.6350192204281255,False,False,0.7754820982201143
p,50,start,0.8546107355864603,17,5,consensus_ce_stability,5,0.6415382573480365,False,True,0.8042183761126988
p,50,start,0.8546107355864603,17,5,consensus_ce_stability,6,0.7214279131859732,False,False,0.5584188777478166
p,50,start,0.8546107355864603,17,5,consensus_ce_stability,7,0.7541620946423996,True,False,0.5938764472874885
p,50,start,0.8546107355864603,17,5,consensus_gini_stability,3,0.7279923513084201,False,False,0.6715315633755625
p,50,start,0.8546107355864603,17,5,consensus_gini_stability,4,0.679611764774615,False,False,0.7754820982201143
p,50,start,0.8546107355864603,17,5,consensus_gini_stability,5,0.6717114968461398,False,True,0.8042183761126988
p,50,start,0.8546107355864603,17,5,consensus_gini_stability,6,0.7455582803421723,False,False,0.5584188777478166
p,50,start,0.8546107355864603,17,5,consensus_gini_stability,7,0.7753053518485937,True,False,0.5938764472874885
p,50,start,0.8546107355864603,17,5,consensus_pac_stability,3,0.6280133422281521,False,False,0.6715315633755625
p,50,start,0.8546107355864603,17,5,consensus_pac_stability,4,0.4880204580831665,False,False,0.7754820982201143
p,50,start,0.8546107355864603,17,5,consensus_pac_stability,5,0.5601467645096732,False,True,0.8042183761126988
p,50,start,0.8546107355864603,17,5,consensus_pac_stability,6,0.6539177229263954,False,False,0.5584188777478166
p,50,start,0.8546107355864603,17,5,consensus_pac_stability,7,0.6895076717811874,True,False,0.5938764472874885
p,50,start,0.8546107355864603,17,5,silhouette,3,0.05746432534509567,False,False,0.5784826071851837
p,50,start,0.8546107355864603,17,5,silhouette,4,0.059035367625468675,False,False,0.6916972282871671
p,50,start,0.8546107355864603,17,5,silhouette,5,0.06625248089210987,True,True,0.8546107355864603
p,50,start,0.8546107355864603,17,5,silhouette,6,0.0476885694707901,False,False,0.5685481483696897
p,50,start,0.8546107355864603,17,5,silhouette,7,0.043054522928767644,False,False,0.4515080257980528
p,50,start,0.8546107355864603,17,5,gap,3,1.3848622996256008,False,False,0.5784826071851837
p,50,start,0.8546107355864603,17,5,gap,4,1.3997759908561989,False,False,0.6916972282871671
p,50,start,0.8546107355864603,17,5,gap,5,1.4131244604204127,False,True,0.8546107355864603
p,50,start,0.8546107355864603,17,5,gap,6,1.4272836962469633,False,False,0.5685481483696897
p,50,start,0.8546107355864603,17,5,gap,7,1.434008451240281,True,False,0.4515080257980528
p,50,start,0.8546107355864603,17,5,davies_bouldin,3,0.20868962360617607,False,False,0.5784826071851837
p,50,start,0.8546107355864603,17,5,davies_bouldin,4,0.21976733417015248,False,False,0.6916972282871671
p,50,start,0.8546107355864603,17,5,davies_bouldin,5,0.2394879698447634,True,True,0.8546107355864603
p,50,start,0.8546107355864603,17,5,davies_bouldin,6,0.218000154790365,False,False,0.5685481483696897
p,50,start,0.8546107355864603,17,5,davies_bouldin,7,0.2205098462212409,False,False,0.4515080257980528
p,50,start,0.8546107355864603,17,5,calinski_harabasz,3,73.92487377348735,True,False,0.5784826071851837
p,50,start,0.8546107355864603,17,5,calinski_harabasz,4,63.4408535778822,False,False,0.6916972282871671
p,50,start,0.8546107355864603,17,5,calinski_harabasz,5,57.16959251984491,False,True,0.8546107355864603
p,50,start,0.8546107355864603,17,5,calinski_harabasz,6,53.400493500479996,False,False,0.5685481483696897
p,50,start,0.8546107355864603,17,5,calinski_harabasz,7,48.614194806673524,False,False,0.4515080257980528
p,50,start,0.8672887014635376,18,5,accuracy_generalizability,3,0.8211206659050674,True,False,0.6925731032786725
p,50,start,0.8672887014635376,18,5,accuracy_generalizability,4,0.74536892851044,False,False,0.7472989402264619
p,50,start,0.8672887014635376,18,5,accuracy_generalizability,5,0.6110293758133165,False,True,0.7580969606528786
p,50,start,0.8672887014635376,18,5,accuracy_generalizability,6,0.664987404615849,False,False,0.8507889177525134
p,50,start,0.8672887014635376,18,5,accuracy_generalizability,7,0.630547526186955,False,False,0.4959382236577135
p,50,start,0.8672887014635376,18,5,ari_generalizability,3,0.6116637179005804,True,False,0.6925731032786725
p,50,start,0.8672887014635376,18,5,ari_generalizability,4,0.5485591351478333,False,False,0.7472989402264619
p,50,start,0.8672887014635376,18,5,ari_generalizability,5,0.4011080441588003,False,True,0.7580969606528786
p,50,start,0.8672887014635376,18,5,ari_generalizability,6,0.4056081443339712,False,False,0.8507889177525134
p,50,start,0.8672887014635376,18,5,ari_generalizability,7,0.40093440123134627,False,False,0.4959382236577135
p,50,start,0.8672887014635376,18,5,ari_generalizability_1se,3,0.6116637179005804,True,False,0.6925731032786725
p,50,start,0.8672887014635376,18,5,ari_generalizability_1se,4,0.5485591351478333,False,False,0.7472989402264619
p,50,start,0.8672887014635376,18,5,ari_generalizability_1se,5,0.4011080441588003,False,True,0.7580969606528786
p,50,start,0.8672887014635376,18,5,ari_generalizability_1se,6,0.4056081443339712,False,False,0.8507889177525134
p,50,start,0.8672887014635376,18,5,ari_generalizability_1se,7,0.40093440123134627,False,False,0.4959382236577135
p,50,start,0.8672887014635376,18,5,ari_generalizability_quant,3,0.6116637179005804,False,False,0.6925731032786725
p,50,start,0.8672887014635376,18,5,ari_generalizability_quant,4,0.5485591351478333,True,False,0.7472989402264619
p,50,start,0.8672887014635376,18,5,ari_generalizability_quant,5,0.4011080441588003,False,True,0.7580969606528786
p,50,start,0.8672887014635376,18,5,ari_generalizability_quant,6,0.4056081443339712,False,False,0.8507889177525134
p,50,start,0.8672887014635376,18,5,ari_generalizability_quant,7,0.40093440123134627,False,False,0.4959382236577135
p,50,start,0.8672887014635376,18,5,ari_stability,3,0.8323914689278165,True,False,0.7179414795462497
p,50,start,0.8672887014635376,18,5,ari_stability,4,0.8289375481199728,False,False,0.7365426346793688
p,50,start,0.8672887014635376,18,5,ari_stability,5,0.6612309272090177,False,True,0.8580811329027169
p,50,start,0.8672887014635376,18,5,ari_stability,6,0.6207716536571981,False,False,0.6041269494394502
p,50,start,0.8672887014635376,18,5,ari_stability,7,0.5996056578768485,False,False,0.5304219557503473
p,50,start,0.8672887014635376,18,5,ari_stability_1se,3,0.8323914689278165,False,False,0.7179414795462497
p,50,start,0.8672887014635376,18,5,ari_stability_1se,4,0.8289375481199728,True,False,0.7365426346793688
p,50,start,0.8672887014635376,18,5,ari_stability_1se,5,0.6612309272090177,False,True,0.8580811329027169
p,50,start,0.8672887014635376,18,5,ari_stability_1se,6,0.6207716536571981,False,False,0.6041269494394502
p,50,start,0.8672887014635376,18,5,ari_stability_1se,7,0.5996056578768485,False,False,0.5304219557503473
p,50,start,0.8672887014635376,18,5,ari_stability_quant,3,0.8323914689278165,False,False,0.7179414795462497
p,50,start,0.8672887014635376,18,5,ari_stability_quant,4,0.8289375481199728,True,False,0.7365426346793688
p,50,start,0.8672887014635376,18,5,ari_stability_quant,5,0.6612309272090177,False,True,0.8580811329027169
p,50,start,0.8672887014635376,18,5,ari_stability_quant,6,0.6207716536571981,False,False,0.6041269494394502
p,50,start,0.8672887014635376,18,5,ari_stability_quant,7,0.5996056578768485,False,False,0.5304219557503473
p,50,start,0.8672887014635376,18,5,consensus_ce_stability,3,0.8226055581786174,True,False,0.7179414795462497
p,50,start,0.8672887014635376,18,5,consensus_ce_stability,4,0.8137267872584962,False,False,0.7365426346793688
p,50,start,0.8672887014635376,18,5,consensus_ce_stability,5,0.7205551937831494,False,True,0.8580811329027169
p,50,start,0.8672887014635376,18,5,consensus_ce_stability,6,0.7575620363304685,False,False,0.6041269494394502
p,50,start,0.8672887014635376,18,5,consensus_ce_stability,7,0.7760473149868908,False,False,0.5304219557503473
p,50,start,0.8672887014635376,18,5,consensus_gini_stability,3,0.8401557656711417,False,False,0.7179414795462497
p,50,start,0.8672887014635376,18,5,consensus_gini_stability,4,0.8419836506733765,True,False,0.7365426346793688
p,50,start,0.8672887014635376,18,5,consensus_gini_stability,5,0.7494100351182101,False,True,0.8580811329027169
p,50,start,0.8672887014635376,18,5,consensus_gini_stability,6,0.7760634067427791,False,False,0.6041269494394502
p,50,start,0.8672887014635376,18,5,consensus_gini_stability,7,0.7960525608972242,False,False,0.5304219557503473
p,50,start,0.8672887014635376,18,5,consensus_pac_stability,3,0.7747814098287747,True,False,0.7179414795462497
p,50,start,0.8672887014635376,18,5,consensus_pac_stability,4,0.7520791638870358,False,False,0.7365426346793688
p,50,start,0.8672887014635376,18,5,consensus_pac_stability,5,0.6314405158994886,False,True,0.8580811329027169
p,50,start,0.8672887014635376,18,5,consensus_pac_stability,6,0.7072234823215477,False,False,0.6041269494394502
p,50,start,0.8672887014635376,18,5,consensus_pac_stability,7,0.7139693128752502,False,False,0.5304219557503473
p,50,start,0.8672887014635376,18,5,silhouette,3,0.06194897523047579,False,False,0.7144079261309288
p,50,start,0.8672887014635376,18,5,silhouette,4,0.06176189698831953,False,False,0.7345978504528418
p,50,start,0.8672887014635376,18,5,silhouette,5,0.0680000006276579,True,True,0.8672887014635376
p,50,start,0.8672887014635376,18,5,silhouette,6,0.05376663974736899,False,False,0.6208259440429901
p,50,start,0.8672887014635376,18,5,silhouette,7,0.0490624496554885,False,False,0.4955294439321393
p,50,start,0.8672887014635376,18,5,gap,3,1.3921981425206464,False,False,0.7144079261309288
p,50,start,0.8672887014635376,18,5,gap,4,1.4072523989541477,False,False,0.7345978504528418
p,50,start,0.8672887014635376,18,5,gap,5,1.4229395975517214,False,True,0.8672887014635376
p,50,start,0.8672887014635376,18,5,gap,6,1.435857472187756,False,False,0.6208259440429901
p,50,start,0.8672887014635376,18,5,gap,7,1.443911482684955,True,False,0.4955294439321393
p,50,start,0.8672887014635376,18,5,davies_bouldin,3,0.20970136356070537,False,False,0.7144079261309288
p,50,start,0.8672887014635376,18,5,davies_bouldin,4,0.22290796532707446,False,False,0.7345978504528418
p,50,start,0.8672887014635376,18,5,davies_bouldin,5,0.24494381548043206,True,True,0.8672887014635376
p,50,start,0.8672887014635376,18,5,davies_bouldin,6,0.22255168424815083,False,False,0.6208259440429901
p,50,start,0.8672887014635376,18,5,davies_bouldin,7,0.22286431292181405,False,False,0.4955294439321393
p,50,start,0.8672887014635376,18,5,calinski_harabasz,3,78.45572046612062,True,False,0.7144079261309288
p,50,start,0.8672887014635376,18,5,calinski_harabasz,4,66.8893803713938,False,False,0.7345978504528418
p,50,start,0.8672887014635376,18,5,calinski_harabasz,5,60.43372326784829,False,True,0.8672887014635376
p,50,start,0.8672887014635376,18,5,calinski_harabasz,6,55.620377811836335,False,False,0.6208259440429901
p,50,start,0.8672887014635376,18,5,calinski_harabasz,7,50.79232842080952,False,False,0.4955294439321393
p,50,start,0.9191522393514228,19,5,accuracy_generalizability,3,0.7875420489913765,False,False,0.5083568986292452
p,50,start,0.9191522393514228,19,5,accuracy_generalizability,4,0.8045404017015174,False,False,0.6683389405139755
p,50,start,0.9191522393514228,19,5,accuracy_generalizability,5,0.897768161399896,True,True,0.8530944229808185
p,50,start,0.9191522393514228,19,5,accuracy_generalizability,6,0.7490096434089341,False,False,0.8613728152084716
p,50,start,0.9191522393514228,19,5,accuracy_generalizability,7,0.6375882071716934,False,False,0.8426283172583725
p,50,start,0.9191522393514228,19,5,ari_generalizability,3,0.5042089950261477,False,False,0.5083568986292452
p,50,start,0.9191522393514228,19,5,ari_generalizability,4,0.5872312144145785,False,False,0.6683389405139755
p,50,start,0.9191522393514228,19,5,ari_generalizability,5,0.7662280116620012,True,True,0.8530944229808185
p,50,start,0.9191522393514228,19,5,ari_generalizability,6,0.6143678292604694,False,False,0.8613728152084716
p,50,start,0.9191522393514228,19,5,ari_generalizability,7,0.5009329306403416,False,False,0.8426283172583725
p,50,start,0.9191522393514228,19,5,ari_generalizability_1se,3,0.5042089950261477,False,False,0.5083568986292452
p,50,start,0.9191522393514228,19,5,ari_generalizability_1se,4,0.5872312144145785,False,False,0.6683389405139755
p,50,start,0.9191522393514228,19,5,ari_generalizability_1se,5,0.7662280116620012,True,True,0.8530944229808185
p,50,start,0.9191522393514228,19,5,ari_generalizability_1se,6,0.6143678292604694,False,False,0.8613728152084716
p,50,start,0.9191522393514228,19,5,ari_generalizability_1se,7,0.5009329306403416,False,False,0.8426283172583725
p,50,start,0.9191522393514228,19,5,ari_generalizability_quant,3,0.5042089950261477,False,False,0.5083568986292452
p,50,start,0.9191522393514228,19,5,ari_generalizability_quant,4,0.5872312144145785,False,False,0.6683389405139755
p,50,start,0.9191522393514228,19,5,ari_generalizability_quant,5,0.7662280116620012,True,True,0.8530944229808185
p,50,start,0.9191522393514228,19,5,ari_generalizability_quant,6,0.6143678292604694,False,False,0.8613728152084716
p,50,start,0.9191522393514228,19,5,ari_generalizability_quant,7,0.5009329306403416,False,False,0.8426283172583725
p,50,start,0.9191522393514228,19,5,ari_stability,3,0.7225578573469515,False,False,0.5666420326707976
p,50,start,0.9191522393514228,19,5,ari_stability,4,0.8010547153767709,False,False,0.7453310462176095
p,50,start,0.9191522393514228,19,5,ari_stability,5,0.9549620069482003,True,True,0.9237445584339009
p,50,start,0.9191522393514228,19,5,ari_stability,6,0.7526769488701117,False,False,0.9120991667035102
p,50,start,0.9191522393514228,19,5,ari_stability,7,0.6270974664161247,False,False,0.9034487777881621
p,50,start,0.9191522393514228,19,5,ari_stability_1se,3,0.7225578573469515,False,False,0.5666420326707976
p,50,start,0.9191522393514228,19,5,ari_stability_1se,4,0.8010547153767709,False,False,0.7453310462176095
p,50,start,0.9191522393514228,19,5,ari_stability_1se,5,0.9549620069482003,True,True,0.9237445584339009
p,50,start,0.9191522393514228,19,5,ari_stability_1se,6,0.7526769488701117,False,False,0.9120991667035102
p,50,start,0.9191522393514228,19,5,ari_stability_1se,7,0.6270974664161247,False,False,0.9034487777881621
p,50,start,0.9191522393514228,19,5,ari_stability_quant,3,0.7225578573469515,False,False,0.5666420326707976
p,50,start,0.9191522393514228,19,5,ari_stability_quant,4,0.8010547153767709,False,False,0.7453310462176095
p,50,start,0.9191522393514228,19,5,ari_stability_quant,5,0.9549620069482003,True,True,0.9237445584339009
p,50,start,0.9191522393514228,19,5,ari_stability_quant,6,0.7526769488701117,False,False,0.9120991667035102
p,50,start,0.9191522393514228,19,5,ari_stability_quant,7,0.6270974664161247,False,False,0.9034487777881621
p,50,start,0.9191522393514228,19,5,consensus_ce_stability,3,0.7607198573368537,False,False,0.5666420326707976
p,50,start,0.9191522393514228,19,5,consensus_ce_stability,4,0.8498900712265415,False,False,0.7453310462176095
p,50,start,0.9191522393514228,19,5,consensus_ce_stability,5,0.965721038031022,True,True,0.9237445584339009
p,50,start,0.9191522393514228,19,5,consensus_ce_stability,6,0.8352318688654474,False,False,0.9120991667035102
p,50,start,0.9191522393514228,19,5,consensus_ce_stability,7,0.7914259411008697,False,False,0.9034487777881621
p,50,start,0.9191522393514228,19,5,consensus_gini_stability,3,0.7872760677296886,False,False,0.5666420326707976
p,50,start,0.9191522393514228,19,5,consensus_gini_stability,4,0.860359617868656,False,False,0.7453310462176095
p,50,start,0.9191522393514228,19,5,consensus_gini_stability,5,0.9700210179921332,True,True,0.9237445584339009
p,50,start,0.9191522393514228,19,5,consensus_gini_stability,6,0.8581472209650559,False,False,0.9120991667035102
p,50,start,0.9191522393514228,19,5,consensus_gini_stability,7,0.8117135534654846,False,False,0.9034487777881621
p,50,start,0.9191522393514228,19,5,consensus_pac_stability,3,0.6814516344229486,False,False,0.5666420326707976
p,50,start,0.9191522393514228,19,5,consensus_pac_stability,4,0.8239564153880364,False,False,0.7453310462176095
p,50,start,0.9191522393514228,19,5,consensus_pac_stability,5,0.9531394262841895,True,True,0.9237445584339009
p,50,start,0.9191522393514228,19,5,consensus_pac_stability,6,0.768787191460974,False,False,0.9120991667035102
p,50,start,0.9191522393514228,19,5,consensus_pac_stability,7,0.7373537914164998,False,False,0.9034487777881621
p,50,start,0.9191522393514228,19,5,silhouette,3,0.052159026458192405,False,False,0.5637619960888597
p,50,start,0.9191522393514228,19,5,silhouette,4,0.060062599193845365,False,False,0.741442145500454
p,50,start,0.9191522393514228,19,5,silhouette,5,0.0667287812530773,True,True,0.9191522393514228
p,50,start,0.9191522393514228,19,5,silhouette,6,0.0596155554677822,False,False,0.8018946200749638
p,50,start,0.9191522393514228,19,5,silhouette,7,0.05244945579701812,False,False,0.7164431660847309
p,50,start,0.9191522393514228,19,5,gap,3,1.3712424932656404,False,False,0.5637619960888597
p,50,start,0.9191522393514228,19,5,gap,4,1.3965128608790938,False,False,0.741442145500454
p,50,start,0.9191522393514228,19,5,gap,5,1.4190201488186212,False,True,0.9191522393514228
p,50,start,0.9191522393514228,19,5,gap,6,1.4238278551188213,False,False,0.8018946200749638
p,50,start,0.9191522393514228,19,5,gap,7,1.4273056982289987,True,False,0.7164431660847309
p,50,start,0.9191522393514228,19,5,davies_bouldin,3,0.20626869779046536,False,False,0.5637619960888597
p,50,start,0.9191522393514228,19,5,davies_bouldin,4,0.2293586911392696,False,False,0.741442145500454
p,50,start,0.9191522393514228,19,5,davies_bouldin,5,0.2407312337010824,False,True,0.9191522393514228
p,50,start,0.9191522393514228,19,5,davies_bouldin,6,0.2412421505146796,True,False,0.8018946200749638
p,50,start,0.9191522393514228,19,5,davies_bouldin,7,0.2271602865727222,False,False,0.7164431660847309
p,50,start,0.9191522393514228,19,5,calinski_harabasz,3,70.59174088692225,True,False,0.5637619960888597
p,50,start,0.9191522393514228,19,5,calinski_harabasz,4,67.37243057986916,False,False,0.741442145500454
p,50,start,0.9191522393514228,19,5,calinski_harabasz,5,64.23547153387572,False,True,0.9191522393514228
p,50,start,0.9191522393514228,19,5,calinski_harabasz,6,55.67955782212371,False,False,0.8018946200749638
p,50,start,0.9191522393514228,19,5,calinski_harabasz,7,49.56573599897911,False,False,0.7164431660847309
p,525,middle,0.732320651621191,0,5,accuracy_generalizability,3,0.6465411923579273,True,False,0.5014371411552024
p,525,middle,0.732320651621191,0,5,accuracy_generalizability,4,0.498212083496202,False,False,0.4396969194084934
p,525,middle,0.732320651621191,0,5,accuracy_generalizability,5,0.39518909219659115,False,True,0.4439979278595823
p,525,middle,0.732320651621191,0,5,accuracy_generalizability,6,0.3375363584937413,False,False,0.4509680243122365
p,525,middle,0.732320651621191,0,5,accuracy_generalizability,7,0.29396833163391933,False,False,0.4261587863325809
p,525,middle,0.732320651621191,0,5,ari_generalizability,3,0.23119891767075135,True,False,0.5014371411552024
p,525,middle,0.732320651621191,0,5,ari_generalizability,4,0.16406174739934307,False,False,0.4396969194084934
p,525,middle,0.732320651621191,0,5,ari_generalizability,5,0.0947006734515608,False,True,0.4439979278595823
p,525,middle,0.732320651621191,0,5,ari_generalizability,6,0.0637295255899817,False,False,0.4509680243122365
p,525,middle,0.732320651621191,0,5,ari_generalizability,7,0.04202574506945579,False,False,0.4261587863325809
p,525,middle,0.732320651621191,0,5,ari_generalizability_1se,3,0.23119891767075135,True,False,0.5014371411552024
p,525,middle,0.732320651621191,0,5,ari_generalizability_1se,4,0.16406174739934307,False,False,0.4396969194084934
p,525,middle,0.732320651621191,0,5,ari_generalizability_1se,5,0.0947006734515608,False,True,0.4439979278595823
p,525,middle,0.732320651621191,0,5,ari_generalizability_1se,6,0.0637295255899817,False,False,0.4509680243122365
p,525,middle,0.732320651621191,0,5,ari_generalizability_1se,7,0.04202574506945579,False,False,0.4261587863325809
p,525,middle,0.732320651621191,0,5,ari_generalizability_quant,3,0.23119891767075135,False,False,0.5014371411552024
p,525,middle,0.732320651621191,0,5,ari_generalizability_quant,4,0.16406174739934307,True,False,0.4396969194084934
p,525,middle,0.732320651621191,0,5,ari_generalizability_quant,5,0.0947006734515608,False,True,0.4439979278595823
p,525,middle,0.732320651621191,0,5,ari_generalizability_quant,6,0.0637295255899817,False,False,0.4509680243122365
p,525,middle,0.732320651621191,0,5,ari_generalizability_quant,7,0.04202574506945579,False,False,0.4261587863325809
p,525,middle,0.732320651621191,0,5,ari_stability,3,0.8547977074669619,True,False,0.7173136672502158
p,525,middle,0.732320651621191,0,5,ari_stability,4,0.5581345788269654,False,False,0.713408076782831
p,525,middle,0.732320651621191,0,5,ari_stability,5,0.3578719662317221,False,True,0.7016267327910694
p,525,middle,0.732320651621191,0,5,ari_stability,6,0.26837445530533166,False,False,0.6973905912692583
p,525,middle,0.732320651621191,0,5,ari_stability,7,0.19007870407450272,False,False,0.7911930183200931
p,525,middle,0.732320651621191,0,5,ari_stability_1se,3,0.8547977074669619,True,False,0.7173136672502158
p,525,middle,0.732320651621191,0,5,ari_stability_1se,4,0.5581345788269654,False,False,0.713408076782831
p,525,middle,0.732320651621191,0,5,ari_stability_1se,5,0.3578719662317221,False,True,0.7016267327910694
p,525,middle,0.732320651621191,0,5,ari_stability_1se,6,0.26837445530533166,False,False,0.6973905912692583
p,525,middle,0.732320651621191,0,5,ari_stability_1se,7,0.19007870407450272,False,False,0.7911930183200931
p,525,middle,0.732320651621191,0,5,ari_stability_quant,3,0.8547977074669619,True,False,0.7173136672502158
p,525,middle,0.732320651621191,0,5,ari_stability_quant,4,0.5581345788269654,False,False,0.713408076782831
p,525,middle,0.732320651621191,0,5,ari_stability_quant,5,0.3578719662317221,False,True,0.7016267327910694
p,525,middle,0.732320651621191,0,5,ari_stability_quant,6,0.26837445530533166,False,False,0.6973905912692583
p,525,middle,0.732320651621191,0,5,ari_stability_quant,7,0.19007870407450272,False,False,0.7911930183200931
p,525,middle,0.732320651621191,0,5,consensus_ce_stability,3,0.8554430013215466,True,False,0.7173136672502158
p,525,middle,0.732320651621191,0,5,consensus_ce_stability,4,0.6247430951988824,False,False,0.713408076782831
p,525,middle,0.732320651621191,0,5,consensus_ce_stability,5,0.5343550195103587,False,True,0.7016267327910694
p,525,middle,0.732320651621191,0,5,consensus_ce_stability,6,0.5120551992597481,False,False,0.6973905912692583
p,525,middle,0.732320651621191,0,5,consensus_ce_stability,7,0.5150297747220451,False,False,0.7911930183200931
p,525,middle,0.732320651621191,0,5,consensus_gini_stability,3,0.8753661858594005,True,False,0.7173136672502158
p,525,middle,0.732320651621191,0,5,consensus_gini_stability,4,0.6682782575644084,False,False,0.713408076782831
p,525,middle,0.732320651621191,0,5,consensus_gini_stability,5,0.5843789492957171,False,True,0.7016267327910694
p,525,middle,0.732320651621191,0,5,consensus_gini_stability,6,0.566420808992559,False,False,0.6973905912692583
p,525,middle,0.732320651621191,0,5,consensus_gini_stability,7,0.5733662470214131,False,False,0.7911930183200931
p,525,middle,0.732320651621191,0,5,consensus_pac_stability,3,0.8070820547031354,True,False,0.7173136672502158
p,525,middle,0.732320651621191,0,5,consensus_pac_stability,4,0.5029993328885924,False,False,0.713408076782831
p,525,middle,0.732320651621191,0,5,consensus_pac_stability,5,0.39073871469868804,False,True,0.7016267327910694
p,525,middle,0.732320651621191,0,5,consensus_pac_stability,6,0.3506444296197465,False,False,0.6973905912692583
p,525,middle,0.732320651621191,0,5,consensus_pac_stability,7,0.3356050700466978,False,False,0.7911930183200931
p,525,middle,0.732320651621191,0,5,silhouette,3,0.009109604368661112,False,False,0.7062545199226739
p,525,middle,0.732320651621191,0,5,silhouette,4,0.009265506578702612,True,False,0.8513442037782648
p,525,middle,0.732320651621191,0,5,silhouette,5,0.008007414986356284,False,True,0.732320651621191
p,525,middle,0.732320651621191,0,5,silhouette,6,0.008043063056588706,False,False,0.7783556756696589
p,525,middle,0.732320651621191,0,5,silhouette,7,0.007293774121744894,False,False,0.6793364173048418
p,525,middle,0.732320651621191,0,5,gap,3,1.342503101070882,False,False,0.7062545199226739
p,525,middle,0.732320651621191,0,5,gap,4,1.344967111131215,False,False,0.8513442037782648
p,525,middle,0.732320651621191,0,5,gap,5,1.3454665451622567,False,True,0.732320651621191
p,525,middle,0.732320651621191,0,5,gap,6,1.348383092844724,True,False,0.7783556756696589
p,525,middle,0.732320651621191,0,5,gap,7,1.3483616090901478,False,False,0.6793364173048418
p,525,middle,0.732320651621191,0,5,davies_bouldin,3,0.095128807022616,False,False,0.7062545199226739
p,525,middle,0.732320651621191,0,5,davies_bouldin,4,0.10033214827724961,False,False,0.8513442037782648
p,525,middle,0.732320651621191,0,5,davies_bouldin,5,0.09850566778327907,False,True,0.732320651621191
p,525,middle,0.732320651621191,0,5,davies_bouldin,6,0.10289823914781374,True,False,0.7783556756696589
p,525,middle,0.732320651621191,0,5,davies_bouldin,7,0.10208578772028111,False,False,0.6793364173048418
p,525,middle,0.732320651621191,0,5,calinski_harabasz,3,12.484184282522044,True,False,0.7062545199226739
p,525,middle,0.732320651621191,0,5,calinski_harabasz,4,10.5542168853285,False,False,0.8513442037782648
p,525,middle,0.732320651621191,0,5,calinski_harabasz,5,8.73719611645926,False,True,0.732320651621191
p,525,middle,0.732320651621191,0,5,calinski_harabasz,6,8.348289918296654,False,False,0.7783556756696589
p,525,middle,0.732320651621191,0,5,calinski_harabasz,7,7.3056115334122635,False,False,0.6793364173048418
p,525,middle,0.5425383306242574,1,5,accuracy_generalizability,3,0.5719517614881409,True,False,0.322598187370057
p,525,middle,0.5425383306242574,1,5,accuracy_generalizability,4,0.4599387024900608,False,False,0.6043647309771664
p,525,middle,0.5425383306242574,1,5,accuracy_generalizability,5,0.3661685720848903,False,True,0.516880958161875
p,525,middle,0.5425383306242574,1,5,accuracy_generalizability,6,0.3225919031598502,False,False,0.41892783910169423
p,525,middle,0.5425383306242574,1,5,accuracy_generalizability,7,0.28163263850719256,False,False,0.37525588108603986
p,525,middle,0.5425383306242574,1,5,ari_generalizability,3,0.16338798281757644,True,False,0.322598187370057
p,525,middle,0.5425383306242574,1,5,ari_generalizability,4,0.1202832627490376,False,False,0.6043647309771664
p,525,middle,0.5425383306242574,1,5,ari_generalizability,5,0.07584372619817112,False,True,0.516880958161875
p,525,middle,0.5425383306242574,1,5,ari_generalizability,6,0.05468282830097727,False,False,0.41892783910169423
p,525,middle,0.5425383306242574,1,5,ari_generalizability,7,0.038076682564417326,False,False,0.37525588108603986
p,525,middle,0.5425383306242574,1,5,ari_generalizability_1se,3,0.16338798281757644,True,False,0.322598187370057
p,525,middle,0.5425383306242574,1,5,ari_generalizability_1se,4,0.1202832627490376,False,False,0.6043647309771664
p,525,middle,0.5425383306242574,1,5,ari_generalizability_1se,5,0.07584372619817112,False,True,0.516880958161875
p,525,middle,0.5425383306242574,1,5,ari_generalizability_1se,6,0.05468282830097727,False,False,0.41892783910169423
p,525,middle,0.5425383306242574,1,5,ari_generalizability_1se,7,0.038076682564417326,False,False,0.37525588108603986
p,525,middle,0.5425383306242574,1,5,ari_generalizability_quant,3,0.16338798281757644,False,False,0.322598187370057
p,525,middle,0.5425383306242574,1,5,ari_generalizability_quant,4,0.1202832627490376,False,False,0.6043647309771664
p,525,middle,0.5425383306242574,1,5,ari_generalizability_quant,5,0.07584372619817112,True,True,0.516880958161875
p,525,middle,0.5425383306242574,1,5,ari_generalizability_quant,6,0.05468282830097727,False,False,0.41892783910169423
p,525,middle,0.5425383306242574,1,5,ari_generalizability_quant,7,0.038076682564417326,False,False,0.37525588108603986
p,525,middle,0.5425383306242574,1,5,ari_stability,3,0.7274450546332024,True,False,0.7616060210995934
p,525,middle,0.5425383306242574,1,5,ari_stability,4,0.3774470104470945,False,False,0.7336143449203794
p,525,middle,0.5425383306242574,1,5,ari_stability,5,0.24854772997986474,False,True,0.7314183656446893
p,525,middle,0.5425383306242574,1,5,ari_stability,6,0.17822790172055683,False,False,0.7349550160424058
p,525,middle,0.5425383306242574,1,5,ari_stability,7,0.1345456872384356,False,False,0.7029110806625668
p,525,middle,0.5425383306242574,1,5,ari_stability_1se,3,0.7274450546332024,True,False,0.7616060210995934
p,525,middle,0.5425383306242574,1,5,ari_stability_1se,4,0.3774470104470945,False,False,0.7336143449203794
p,525,middle,0.5425383306242574,1,5,ari_stability_1se,5,0.24854772997986474,False,True,0.7314183656446893
p,525,middle,0.5425383306242574,1,5,ari_stability_1se,6,0.17822790172055683,False,False,0.7349550160424058
p,525,middle,0.5425383306242574,1,5,ari_stability_1se,7,0.1345456872384356,False,False,0.7029110806625668
p,525,middle,0.5425383306242574,1,5,ari_stability_quant,3,0.7274450546332024,True,False,0.7616060210995934
p,525,middle,0.5425383306242574,1,5,ari_stability_quant,4,0.3774470104470945,False,False,0.7336143449203794
p,525,middle,0.5425383306242574,1,5,ari_stability_quant,5,0.24854772997986474,False,True,0.7314183656446893
p,525,middle,0.5425383306242574,1,5,ari_stability_quant,6,0.17822790172055683,False,False,0.7349550160424058
p,525,middle,0.5425383306242574,1,5,ari_stability_quant,7,0.1345456872384356,False,False,0.7029110806625668
p,525,middle,0.5425383306242574,1,5,consensus_ce_stability,3,0.7251200867499223,True,False,0.7616060210995934
p,525,middle,0.5425383306242574,1,5,consensus_ce_stability,4,0.49197380407424474,False,False,0.7336143449203794
p,525,middle,0.5425383306242574,1,5,consensus_ce_stability,5,0.45809849677986436,False,True,0.7314183656446893
p,525,middle,0.5425383306242574,1,5,consensus_ce_stability,6,0.4638850620034843,False,False,0.7349550160424058
p,525,middle,0.5425383306242574,1,5,consensus_ce_stability,7,0.4830208677007543,False,False,0.7029110806625668
p,525,middle,0.5425383306242574,1,5,consensus_gini_stability,3,0.7603933768420265,True,False,0.7616060210995934
p,525,middle,0.5425383306242574,1,5,consensus_gini_stability,4,0.5363779926214147,False,False,0.7336143449203794
p,525,middle,0.5425383306242574,1,5,consensus_gini_stability,5,0.5091435773546839,False,True,0.7314183656446893
p,525,middle,0.5425383306242574,1,5,consensus_gini_stability,6,0.5228038920553458,False,False,0.7349550160424058
p,525,middle,0.5425383306242574,1,5,consensus_gini_stability,7,0.54851724284355,False,False,0.7029110806625668
p,525,middle,0.5425383306242574,1,5,consensus_pac_stability,3,0.6308712474983322,True,False,0.7616060210995934
p,525,middle,0.5425383306242574,1,5,consensus_pac_stability,4,0.36084678674672,False,False,0.7336143449203794
p,525,middle,0.5425383306242574,1,5,consensus_pac_stability,5,0.30028463420057816,False,True,0.7314183656446893
p,525,middle,0.5425383306242574,1,5,consensus_pac_stability,6,0.2741703357794085,False,False,0.7349550160424058
p,525,middle,0.5425383306242574,1,5,consensus_pac_stability,7,0.2655352457193685,False,False,0.7029110806625668
p,525,middle,0.5425383306242574,1,5,silhouette,3,0.00912369082133322,True,False,0.7809311441537085
p,525,middle,0.5425383306242574,1,5,silhouette,4,0.006154960919351685,False,False,0.4998246064793501
p,525,middle,0.5425383306242574,1,5,silhouette,5,0.005890485077209611,False,True,0.5425383306242574
p,525,middle,0.5425383306242574,1,5,silhouette,6,0.005038878059700761,False,False,0.4655313190797707
p,525,middle,0.5425383306242574,1,5,silhouette,7,0.004460586700673449,False,False,0.35448478333086963
p,525,middle,0.5425383306242574,1,5,gap,3,1.3359327296506365,False,False,0.7809311441537085
p,525,middle,0.5425383306242574,1,5,gap,4,1.336813348710816,False,False,0.4998246064793501
p,525,middle,0.5425383306242574,1,5,gap,5,1.3381217198207551,False,True,0.5425383306242574
p,525,middle,0.5425383306242574,1,5,gap,6,1.3388758253861326,True,False,0.4655313190797707
p,525,middle,0.5425383306242574,1,5,gap,7,1.338280930734232,False,False,0.35448478333086963
p,525,middle,0.5425383306242574,1,5,davies_bouldin,3,0.09269545691012436,True,False,0.7809311441537085
p,525,middle,0.5425383306242574,1,5,davies_bouldin,4,0.08695180518624082,False,False,0.4998246064793501
p,525,middle,0.5425383306242574,1,5,davies_bouldin,5,0.08720167003503795,False,True,0.5425383306242574
p,525,middle,0.5425383306242574,1,5,davies_bouldin,6,0.08732339848140983,False,False,0.4655313190797707
p,525,middle,0.5425383306242574,1,5,davies_bouldin,7,0.09157475426984313,False,False,0.35448478333086963
p,525,middle,0.5425383306242574,1,5,calinski_harabasz,3,11.996029785387798,True,False,0.7809311441537085
p,525,middle,0.5425383306242574,1,5,calinski_harabasz,4,9.43810831747365,False,False,0.4998246064793501
p,525,middle,0.5425383306242574,1,5,calinski_harabasz,5,8.205122385731604,False,True,0.5425383306242574
p,525,middle,0.5425383306242574,1,5,calinski_harabasz,6,7.261678985261133,False,False,0.4655313190797707
p,525,middle,0.5425383306242574,1,5,calinski_harabasz,7,6.222887086817912,False,False,0.35448478333086963
p,525,middle,0.8995492751645094,2,5,accuracy_generalizability,3,0.5690883711943778,True,False,0.22226227822635128
p,525,middle,0.8995492751645094,2,5,accuracy_generalizability,4,0.4844479781447031,False,False,0.4747689492913856
p,525,middle,0.8995492751645094,2,5,accuracy_generalizability,5,0.3940768501113576,False,True,0.4225889390943686
p,525,middle,0.8995492751645094,2,5,accuracy_generalizability,6,0.3388635352931433,False,False,0.4160144148640289
p,525,middle,0.8995492751645094,2,5,accuracy_generalizability,7,0.2927799252088962,False,False,0.39863229335223305
p,525,middle,0.8995492751645094,2,5,ari_generalizability,3,0.1305211502590466,False,False,0.22226227822635128
p,525,middle,0.8995492751645094,2,5,ari_generalizability,4,0.13121059222990028,True,False,0.4747689492913856
p,525,middle,0.8995492751645094,2,5,ari_generalizability,5,0.08282404970694314,False,True,0.4225889390943686
p,525,middle,0.8995492751645094,2,5,ari_generalizability,6,0.05822291511864866,False,False,0.4160144148640289
p,525,middle,0.8995492751645094,2,5,ari_generalizability,7,0.0398071996276676,False,False,0.39863229335223305
p,525,middle,0.8995492751645094,2,5,ari_generalizability_1se,3,0.1305211502590466,False,False,0.22226227822635128
p,525,middle,0.8995492751645094,2,5,ari_generalizability_1se,4,0.13121059222990028,True,False,0.4747689492913856
p,525,middle,0.8995492751645094,2,5,ari_generalizability_1se,5,0.08282404970694314,False,True,0.4225889390943686
p,525,middle,0.8995492751645094,2,5,ari_generalizability_1se,6,0.05822291511864866,False,False,0.4160144148640289
p,525,middle,0.8995492751645094,2,5,ari_generalizability_1se,7,0.0398071996276676,False,False,0.39863229335223305
p,525,middle,0.8995492751645094,2,5,ari_generalizability_quant,3,0.1305211502590466,False,False,0.22226227822635128
p,525,middle,0.8995492751645094,2,5,ari_generalizability_quant,4,0.13121059222990028,False,False,0.4747689492913856
p,525,middle,0.8995492751645094,2,5,ari_generalizability_quant,5,0.08282404970694314,True,True,0.4225889390943686
p,525,middle,0.8995492751645094,2,5,ari_generalizability_quant,6,0.05822291511864866,False,False,0.4160144148640289
p,525,middle,0.8995492751645094,2,5,ari_generalizability_quant,7,0.0398071996276676,False,False,0.39863229335223305
p,525,middle,0.8995492751645094,2,5,ari_stability,3,0.7627200625548709,True,False,0.6098969949626423
p,525,middle,0.8995492751645094,2,5,ari_stability,4,0.6114171493905272,False,False,0.7607015719404362
p,525,middle,0.8995492751645094,2,5,ari_stability,5,0.40951798277338164,False,True,0.7570370560776971
p,525,middle,0.8995492751645094,2,5,ari_stability,6,0.3050882625523325,False,False,0.8161485574496327
p,525,middle,0.8995492751645094,2,5,ari_stability,7,0.21602118114727897,False,False,0.8047602981291317
p,525,middle,0.8995492751645094,2,5,ari_stability_1se,3,0.7627200625548709,True,False,0.6098969949626423
p,525,middle,0.8995492751645094,2,5,ari_stability_1se,4,0.6114171493905272,False,False,0.7607015719404362
p,525,middle,0.8995492751645094,2,5,ari_stability_1se,5,0.40951798277338164,False,True,0.7570370560776971
p,525,middle,0.8995492751645094,2,5,ari_stability_1se,6,0.3050882625523325,False,False,0.8161485574496327
p,525,middle,0.8995492751645094,2,5,ari_stability_1se,7,0.21602118114727897,False,False,0.8047602981291317
p,525,middle,0.8995492751645094,2,5,ari_stability_quant,3,0.7627200625548709,True,False,0.6098969949626423
p,525,middle,0.8995492751645094,2,5,ari_stability_quant,4,0.6114171493905272,False,False,0.7607015719404362
p,525,middle,0.8995492751645094,2,5,ari_stability_quant,5,0.40951798277338164,False,True,0.7570370560776971
p,525,middle,0.8995492751645094,2,5,ari_stability_quant,6,0.3050882625523325,False,False,0.8161485574496327
p,525,middle,0.8995492751645094,2,5,ari_stability_quant,7,0.21602118114727897,False,False,0.8047602981291317
p,525,middle,0.8995492751645094,2,5,consensus_ce_stability,3,0.7629554981600657,True,False,0.6098969949626423
p,525,middle,0.8995492751645094,2,5,consensus_ce_stability,4,0.6603905816600194,False,False,0.7607015719404362
p,525,middle,0.8995492751645094,2,5,consensus_ce_stability,5,0.5596586665436112,False,True,0.7570370560776971
p,525,middle,0.8995492751645094,2,5,consensus_ce_stability,6,0.5349122419504947,False,False,0.8161485574496327
p,525,middle,0.8995492751645094,2,5,consensus_ce_stability,7,0.5251659704916266,False,False,0.8047602981291317
p,525,middle,0.8995492751645094,2,5,consensus_gini_stability,3,0.7928388623589858,True,False,0.6098969949626423
p,525,middle,0.8995492751645094,2,5,consensus_gini_stability,4,0.7043129439101028,False,False,0.7607015719404362
p,525,middle,0.8995492751645094,2,5,consensus_gini_stability,5,0.6137306272319912,False,True,0.7570370560776971
p,525,middle,0.8995492751645094,2,5,consensus_gini_stability,6,0.591520277744085,False,False,0.8161485574496327
p,525,middle,0.8995492751645094,2,5,consensus_gini_stability,7,0.586342837486438,False,False,0.8047602981291317
p,525,middle,0.8995492751645094,2,5,consensus_pac_stability,3,0.6805310206804536,True,False,0.6098969949626423
p,525,middle,0.8995492751645094,2,5,consensus_pac_stability,4,0.538366021792306,False,False,0.7607015719404362
p,525,middle,0.8995492751645094,2,5,consensus_pac_stability,5,0.4002081387591728,False,True,0.7570370560776971
p,525,middle,0.8995492751645094,2,5,consensus_pac_stability,6,0.36498999332888593,False,False,0.8161485574496327
p,525,middle,0.8995492751645094,2,5,consensus_pac_stability,7,0.3350553702468312,False,False,0.8047602981291317
p,525,middle,0.8995492751645094,2,5,silhouette,3,0.008379407629195664,False,False,0.6290065411705863
p,525,middle,0.8995492751645094,2,5,silhouette,4,0.009070610393853451,False,False,0.7705035839725827
p,525,middle,0.8995492751645094,2,5,silhouette,5,0.009521020406944318,True,True,0.8995492751645094
p,525,middle,0.8995492751645094,2,5,silhouette,6,0.007203160995970923,False,False,0.7374309776584368
p,525,middle,0.8995492751645094,2,5,silhouette,7,0.0070731515971056355,False,False,0.6596156205068419
p,525,middle,0.8995492751645094,2,5,gap,3,1.3325154668906833,False,False,0.6290065411705863
p,525,middle,0.8995492751645094,2,5,gap,4,1.3356162031749967,False,False,0.7705035839725827
p,525,middle,0.8995492751645094,2,5,gap,5,1.3384947766285435,False,True,0.8995492751645094
p,525,middle,0.8995492751645094,2,5,gap,6,1.338970470718433,False,False,0.7374309776584368
p,525,middle,0.8995492751645094,2,5,gap,7,1.3397669606105893,True,False,0.6596156205068419
p,525,middle,0.8995492751645094,2,5,davies_bouldin,3,0.09415572206014775,False,False,0.6290065411705863
p,525,middle,0.8995492751645094,2,5,davies_bouldin,4,0.10127578250616069,False,False,0.7705035839725827
p,525,middle,0.8995492751645094,2,5,davies_bouldin,5,0.11187545813555369,True,True,0.8995492751645094
p,525,middle,0.8995492751645094,2,5,davies_bouldin,6,0.10152420458829889,False,False,0.7374309776584368
p,525,middle,0.8995492751645094,2,5,davies_bouldin,7,0.09851696923967938,False,False,0.6596156205068419
p,525,middle,0.8995492751645094,2,5,calinski_harabasz,3,11.805958849470315,True,False,0.6290065411705863
p,525,middle,0.8995492751645094,2,5,calinski_harabasz,4,10.419818251160573,False,False,0.7705035839725827
p,525,middle,0.8995492751645094,2,5,calinski_harabasz,5,9.534753714198152,False,True,0.8995492751645094
p,525,middle,0.8995492751645094,2,5,calinski_harabasz,6,8.235515773940632,False,False,0.7374309776584368
p,525,middle,0.8995492751645094,2,5,calinski_harabasz,7,7.4067654108995225,False,False,0.6596156205068419
p,525,middle,0.6418932623683641,3,5,accuracy_generalizability,3,0.6480563938251189,True,False,0.5848919016610012
p,525,middle,0.6418932623683641,3,5,accuracy_generalizability,4,0.4819776825381484,False,False,0.5556166209617048
p,525,middle,0.6418932623683641,3,5,accuracy_generalizability,5,0.3915074686012268,False,True,0.5389445814673776
p,525,middle,0.6418932623683641,3,5,accuracy_generalizability,6,0.32903521122789064,False,False,0.5291326499821538
p,525,middle,0.6418932623683641,3,5,accuracy_generalizability,7,0.2859969086907942,False,False,0.5067748318348805
p,525,middle,0.6418932623683641,3,5,ari_generalizability,3,0.25483424139831495,True,False,0.5848919016610012
p,525,middle,0.6418932623683641,3,5,ari_generalizability,4,0.1325965347803854,False,False,0.5556166209617048
p,525,middle,0.6418932623683641,3,5,ari_generalizability,5,0.08529130819056104,False,True,0.5389445814673776
p,525,middle,0.6418932623683641,3,5,ari_generalizability,6,0.05807970507740205,False,False,0.5291326499821538
p,525,middle,0.6418932623683641,3,5,ari_generalizability,7,0.03794445046746382,False,False,0.5067748318348805
p,525,middle,0.6418932623683641,3,5,ari_generalizability_1se,3,0.25483424139831495,True,False,0.5848919016610012
p,525,middle,0.6418932623683641,3,5,ari_generalizability_1se,4,0.1325965347803854,False,False,0.5556166209617048
p,525,middle,0.6418932623683641,3,5,ari_generalizability_1se,5,0.08529130819056104,False,True,0.5389445814673776
p,525,middle,0.6418932623683641,3,5,ari_generalizability_1se,6,0.05807970507740205,False,False,0.5291326499821538
p,525,middle,0.6418932623683641,3,5,ari_generalizability_1se,7,0.03794445046746382,False,False,0.5067748318348805
p,525,middle,0.6418932623683641,3,5,ari_generalizability_quant,3,0.25483424139831495,True,False,0.5848919016610012
p,525,middle,0.6418932623683641,3,5,ari_generalizability_quant,4,0.1325965347803854,False,False,0.5556166209617048
p,525,middle,0.6418932623683641,3,5,ari_generalizability_quant,5,0.08529130819056104,False,True,0.5389445814673776
p,525,middle,0.6418932623683641,3,5,ari_generalizability_quant,6,0.05807970507740205,False,False,0.5291326499821538
p,525,middle,0.6418932623683641,3,5,ari_generalizability_quant,7,0.03794445046746382,False,False,0.5067748318348805
p,525,middle,0.6418932623683641,3,5,ari_stability,3,0.8103477138215796,True,False,0.759693606279134
p,525,middle,0.6418932623683641,3,5,ari_stability,4,0.4759441523711982,False,False,0.7580859445495098
p,525,middle,0.6418932623683641,3,5,ari_stability,5,0.2943774584458228,False,True,0.7576661025381771
p,525,middle,0.6418932623683641,3,5,ari_stability,6,0.2149209403368701,False,False,0.7534292502798954
p,525,middle,0.6418932623683641,3,5,ari_stability,7,0.15553824295053842,False,False,0.7478783927507603
p,525,middle,0.6418932623683641,3,5,ari_stability_1se,3,0.8103477138215796,True,False,0.759693606279134
p,525,middle,0.6418932623683641,3,5,ari_stability_1se,4,0.4759441523711982,False,False,0.7580859445495098
p,525,middle,0.6418932623683641,3,5,ari_stability_1se,5,0.2943774584458228,False,True,0.7576661025381771
p,525,middle,0.6418932623683641,3,5,ari_stability_1se,6,0.2149209403368701,False,False,0.7534292502798954
p,525,middle,0.6418932623683641,3,5,ari_stability_1se,7,0.15553824295053842,False,False,0.7478783927507603
p,525,middle,0.6418932623683641,3,5,ari_stability_quant,3,0.8103477138215796,True,False,0.759693606279134
p,525,middle,0.6418932623683641,3,5,ari_stability_quant,4,0.4759441523711982,False,False,0.7580859445495098
p,525,middle,0.6418932623683641,3,5,ari_stability_quant,5,0.2943774584458228,False,True,0.7576661025381771
p,525,middle,0.6418932623683641,3,5,ari_stability_quant,6,0.2149209403368701,False,False,0.7534292502798954
p,525,middle,0.6418932623683641,3,5,ari_stability_quant,7,0.15553824295053842,False,False,0.7478783927507603
p,525,middle,0.6418932623683641,3,5,consensus_ce_stability,3,0.809984140673255,True,False,0.759693606279134
p,525,middle,0.6418932623683641,3,5,consensus_ce_stability,4,0.5592959302763121,False,False,0.7580859445495098
p,525,middle,0.6418932623683641,3,5,consensus_ce_stability,5,0.4910497303797314,False,True,0.7576661025381771
p,525,middle,0.6418932623683641,3,5,consensus_ce_stability,6,0.4894788538611909,False,False,0.7534292502798954
p,525,middle,0.6418932623683641,3,5,consensus_ce_stability,7,0.49751074736822026,False,False,0.7478783927507603
p,525,middle,0.6418932623683641,3,5,consensus_gini_stability,3,0.8342043377324068,True,False,0.759693606279134
p,525,middle,0.6418932623683641,3,5,consensus_gini_stability,4,0.6057259183090642,False,False,0.7580859445495098
p,525,middle,0.6418932623683641,3,5,consensus_gini_stability,5,0.5393922288850914,False,True,0.7576661025381771
p,525,middle,0.6418932623683641,3,5,consensus_gini_stability,6,0.5434860885869408,False,False,0.7534292502798954
p,525,middle,0.6418932623683641,3,5,consensus_gini_stability,7,0.5582389301338433,False,False,0.7478783927507603
p,525,middle,0.6418932623683641,3,5,consensus_pac_stability,3,0.7457905270180121,True,False,0.759693606279134
p,525,middle,0.6418932623683641,3,5,consensus_pac_stability,4,0.42695485879475203,False,False,0.7580859445495098
p,525,middle,0.6418932623683641,3,5,consensus_pac_stability,5,0.352340671558817,False,True,0.7576661025381771
p,525,middle,0.6418932623683641,3,5,consensus_pac_stability,6,0.32712919724260614,False,False,0.7534292502798954
p,525,middle,0.6418932623683641,3,5,consensus_pac_stability,7,0.3063348899266177,False,False,0.7478783927507603
p,525,middle,0.6418932623683641,3,5,silhouette,3,0.009433791975347829,False,False,0.775883795831526
p,525,middle,0.6418932623683641,3,5,silhouette,4,0.009685158461101729,True,False,0.8418190621292834
p,525,middle,0.6418932623683641,3,5,silhouette,5,0.005976366669272255,False,True,0.6418932623683641
p,525,middle,0.6418932623683641,3,5,silhouette,6,0.005286017311033521,False,False,0.4964147772751795
p,525,middle,0.6418932623683641,3,5,silhouette,7,0.0050001508022512456,False,False,0.40885522534958924
p,525,middle,0.6418932623683641,3,5,gap,3,1.339492812246494,False,False,0.775883795831526
p,525,middle,0.6418932623683641,3,5,gap,4,1.341516179769748,False,False,0.8418190621292834
p,525,middle,0.6418932623683641,3,5,gap,5,1.34212398655729,False,True,0.6418932623683641
p,525,middle,0.6418932623683641,3,5,gap,6,1.3429866198848437,False,False,0.4964147772751795
p,525,middle,0.6418932623683641,3,5,gap,7,1.343933725593537,True,False,0.40885522534958924
p,525,middle,0.6418932623683641,3,5,davies_bouldin,3,0.09524183331023735,False,False,0.775883795831526
p,525,middle,0.6418932623683641,3,5,davies_bouldin,4,0.10262161379589824,True,False,0.8418190621292834
p,525,middle,0.6418932623683641,3,5,davies_bouldin,5,0.08924276618124412,False,True,0.6418932623683641
p,525,middle,0.6418932623683641,3,5,davies_bouldin,6,0.08856247033470212,False,False,0.4964147772751795
p,525,middle,0.6418932623683641,3,5,davies_bouldin,7,0.092909554434686,False,False,0.40885522534958924
p,525,middle,0.6418932623683641,3,5,calinski_harabasz,3,12.260315279921704,True,False,0.775883795831526
p,525,middle,0.6418932623683641,3,5,calinski_harabasz,4,10.20214104203848,False,False,0.8418190621292834
p,525,middle,0.6418932623683641,3,5,calinski_harabasz,5,8.500423367908855,False,True,0.6418932623683641
p,525,middle,0.6418932623683641,3,5,calinski_harabasz,6,7.518089257201337,False,False,0.4964147772751795
p,525,middle,0.6418932623683641,3,5,calinski_harabasz,7,6.864591856938635,False,False,0.40885522534958924
p,525,middle,0.8724420197228366,4,5,accuracy_generalizability,3,0.5711893276971534,True,False,0.3597456323699153
p,525,middle,0.8724420197228366,4,5,accuracy_generalizability,4,0.43614700057762534,False,False,0.2359276874932357
p,525,middle,0.8724420197228366,4,5,accuracy_generalizability,5,0.36015357617742016,False,True,0.46173453933651537
p,525,middle,0.8724420197228366,4,5,accuracy_generalizability,6,0.3129064576633005,False,False,0.3825682925005544
p,525,middle,0.8724420197228366,4,5,accuracy_generalizability,7,0.28119677682747024,False,False,0.3328386884362362
p,525,middle,0.8724420197228366,4,5,ari_generalizability,3,0.18612408300233463,True,False,0.3597456323699153
p,525,middle,0.8724420197228366,4,5,ari_generalizability,4,0.09174017521993495,False,False,0.2359276874932357
p,525,middle,0.8724420197228366,4,5,ari_generalizability,5,0.0642856450013208,False,True,0.46173453933651537
p,525,middle,0.8724420197228366,4,5,ari_generalizability,6,0.047610412391436124,False,False,0.3825682925005544
p,525,middle,0.8724420197228366,4,5,ari_generalizability,7,0.03541601029440002,False,False,0.3328386884362362
p,525,middle,0.8724420197228366,4,5,ari_generalizability_1se,3,0.18612408300233463,True,False,0.3597456323699153
p,525,middle,0.8724420197228366,4,5,ari_generalizability_1se,4,0.09174017521993495,False,False,0.2359276874932357
p,525,middle,0.8724420197228366,4,5,ari_generalizability_1se,5,0.0642856450013208,False,True,0.46173453933651537
p,525,middle,0.8724420197228366,4,5,ari_generalizability_1se,6,0.047610412391436124,False,False,0.3825682925005544
p,525,middle,0.8724420197228366,4,5,ari_generalizability_1se,7,0.03541601029440002,False,False,0.3328386884362362
p,525,middle,0.8724420197228366,4,5,ari_generalizability_quant,3,0.18612408300233463,True,False,0.3597456323699153
p,525,middle,0.8724420197228366,4,5,ari_generalizability_quant,4,0.09174017521993495,False,False,0.2359276874932357
p,525,middle,0.8724420197228366,4,5,ari_generalizability_quant,5,0.0642856450013208,False,True,0.46173453933651537
p,525,middle,0.8724420197228366,4,5,ari_generalizability_quant,6,0.047610412391436124,False,False,0.3825682925005544
p,525,middle,0.8724420197228366,4,5,ari_generalizability_quant,7,0.03541601029440002,False,False,0.3328386884362362
p,525,middle,0.8724420197228366,4,5,ari_stability,3,0.6139363794782872,True,False,0.6873207435319906
p,525,middle,0.8724420197228366,4,5,ari_stability,4,0.3790352882364702,False,False,0.6726287953135313
p,525,middle,0.8724420197228366,4,5,ari_stability,5,0.2414753391567334,False,True,0.6630523810430532
p,525,middle,0.8724420197228366,4,5,ari_stability,6,0.17838530186637985,False,False,0.7604723953215269
p,525,middle,0.8724420197228366,4,5,ari_stability,7,0.13805408191245624,False,False,0.8112855182618381
p,525,middle,0.8724420197228366,4,5,ari_stability_1se,3,0.6139363794782872,True,False,0.6873207435319906
p,525,middle,0.8724420197228366,4,5,ari_stability_1se,4,0.3790352882364702,False,False,0.6726287953135313
p,525,middle,0.8724420197228366,4,5,ari_stability_1se,5,0.2414753391567334,False,True,0.6630523810430532
p,525,middle,0.8724420197228366,4,5,ari_stability_1se,6,0.17838530186637985,False,False,0.7604723953215269
p,525,middle,0.8724420197228366,4,5,ari_stability_1se,7,0.13805408191245624,False,False,0.8112855182618381
p,525,middle,0.8724420197228366,4,5,ari_stability_quant,3,0.6139363794782872,True,False,0.6873207435319906
p,525,middle,0.8724420197228366,4,5,ari_stability_quant,4,0.3790352882364702,False,False,0.6726287953135313
p,525,middle,0.8724420197228366,4,5,ari_stability_quant,5,0.2414753391567334,False,True,0.6630523810430532
p,525,middle,0.8724420197228366,4,5,ari_stability_quant,6,0.17838530186637985,False,False,0.7604723953215269
p,525,middle,0.8724420197228366,4,5,ari_stability_quant,7,0.13805408191245624,False,False,0.8112855182618381
p,525,middle,0.8724420197228366,4,5,consensus_ce_stability,3,0.6172298739241162,True,False,0.6873207435319906
p,525,middle,0.8724420197228366,4,5,consensus_ce_stability,4,0.4768438393745752,False,False,0.6726287953135313
p,525,middle,0.8724420197228366,4,5,consensus_ce_stability,5,0.44668376788303277,False,True,0.6630523810430532
p,525,middle,0.8724420197228366,4,5,consensus_ce_stability,6,0.4673093049703427,False,False,0.7604723953215269
p,525,middle,0.8724420197228366,4,5,consensus_ce_stability,7,0.48644531845997246,False,False,0.8112855182618381
p,525,middle,0.8724420197228366,4,5,consensus_gini_stability,3,0.6577206729630583,True,False,0.6873207435319906
p,525,middle,0.8724420197228366,4,5,consensus_gini_stability,4,0.5280372248668929,False,False,0.6726287953135313
p,525,middle,0.8724420197228366,4,5,consensus_gini_stability,5,0.5004716364879442,False,True,0.6630523810430532
p,525,middle,0.8724420197228366,4,5,consensus_gini_stability,6,0.5260549110746386,False,False,0.7604723953215269
p,525,middle,0.8724420197228366,4,5,consensus_gini_stability,7,0.5512099399729121,False,False,0.8112855182618381
p,525,middle,0.8724420197228366,4,5,consensus_pac_stability,3,0.4967765176784523,True,False,0.6873207435319906
p,525,middle,0.8724420197228366,4,5,consensus_pac_stability,4,0.31995285746052926,False,False,0.6726287953135313
p,525,middle,0.8724420197228366,4,5,consensus_pac_stability,5,0.2778100956193018,False,True,0.6630523810430532
p,525,middle,0.8724420197228366,4,5,consensus_pac_stability,6,0.28004892150322436,False,False,0.7604723953215269
p,525,middle,0.8724420197228366,4,5,consensus_pac_stability,7,0.2744336224149433,False,False,0.8112855182618381
p,525,middle,0.8724420197228366,4,5,silhouette,3,0.00825145618924312,False,False,0.6919079934978105
p,525,middle,0.8724420197228366,4,5,silhouette,4,0.00881770400929207,False,False,0.7698141450320893
p,525,middle,0.8724420197228366,4,5,silhouette,5,0.009489411983784578,True,True,0.8724420197228366
p,525,middle,0.8724420197228366,4,5,silhouette,6,0.00747250835700008,False,False,0.661263008688908
p,525,middle,0.8724420197228366,4,5,silhouette,7,0.006430500871088815,False,False,0.5732952168406278
p,525,middle,0.8724420197228366,4,5,gap,3,1.3416130872755332,False,False,0.6919079934978105
p,525,middle,0.8724420197228366,4,5,gap,4,1.343684245370536,False,False,0.7698141450320893
p,525,middle,0.8724420197228366,4,5,gap,5,1.346438047337763,False,True,0.8724420197228366
p,525,middle,0.8724420197228366,4,5,gap,6,1.3478701976092964,False,False,0.661263008688908
p,525,middle,0.8724420197228366,4,5,gap,7,1.3480061334344988,True,False,0.5732952168406278
p,525,middle,0.8724420197228366,4,5,davies_bouldin,3,0.09326033361334254,False,False,0.6919079934978105
p,525,middle,0.8724420197228366,4,5,davies_bouldin,4,0.10159892462673671,False,False,0.7698141450320893
p,525,middle,0.8724420197228366,4,5,davies_bouldin,5,0.11073222632101075,True,True,0.8724420197228366
p,525,middle,0.8724420197228366,4,5,davies_bouldin,6,0.10063353823735374,False,False,0.661263008688908
p,525,middle,0.8724420197228366,4,5,davies_bouldin,7,0.09714201214723482,False,False,0.5732952168406278
p,525,middle,0.8724420197228366,4,5,calinski_harabasz,3,11.650620025484233,True,False,0.6919079934978105
p,525,middle,0.8724420197228366,4,5,calinski_harabasz,4,9.816245585859921,False,False,0.7698141450320893
p,525,middle,0.8724420197228366,4,5,calinski_harabasz,5,9.022088706130079,False,True,0.8724420197228366
p,525,middle,0.8724420197228366,4,5,calinski_harabasz,6,8.127555462179819,False,False,0.661263008688908
p,525,middle,0.8724420197228366,4,5,calinski_harabasz,7,7.141591970478394,False,False,0.5732952168406278
p,525,middle,0.6020669512031591,5,5,accuracy_generalizability,3,0.5399801710527743,True,False,0.23236501728194423
p,525,middle,0.6020669512031591,5,5,accuracy_generalizability,4,0.4416725852292347,False,False,0.234205702141764
p,525,middle,0.6020669512031591,5,5,accuracy_generalizability,5,0.35813036174615825,False,True,0.3596354555019409
p,525,middle,0.6020669512031591,5,5,accuracy_generalizability,6,0.3110262038084695,False,False,0.5235985822714367
p,525,middle,0.6020669512031591,5,5,accuracy_generalizability,7,0.27576350318409404,False,False,0.4595545872619424
p,525,middle,0.6020669512031591,5,5,ari_generalizability,3,0.12785911267443592,True,False,0.23236501728194423
p,525,middle,0.6020669512031591,5,5,ari_generalizability,4,0.08566233843919185,False,False,0.234205702141764
p,525,middle,0.6020669512031591,5,5,ari_generalizability,5,0.052845001284055025,False,True,0.3596354555019409
p,525,middle,0.6020669512031591,5,5,ari_generalizability,6,0.039854653515707515,False,False,0.5235985822714367
p,525,middle,0.6020669512031591,5,5,ari_generalizability,7,0.02893789963551847,False,False,0.4595545872619424
p,525,middle,0.6020669512031591,5,5,ari_generalizability_1se,3,0.12785911267443592,True,False,0.23236501728194423
p,525,middle,0.6020669512031591,5,5,ari_generalizability_1se,4,0.08566233843919185,False,False,0.234205702141764
p,525,middle,0.6020669512031591,5,5,ari_generalizability_1se,5,0.052845001284055025,False,True,0.3596354555019409
p,525,middle,0.6020669512031591,5,5,ari_generalizability_1se,6,0.039854653515707515,False,False,0.5235985822714367
p,525,middle,0.6020669512031591,5,5,ari_generalizability_1se,7,0.02893789963551847,False,False,0.4595545872619424
p,525,middle,0.6020669512031591,5,5,ari_generalizability_quant,3,0.12785911267443592,False,False,0.23236501728194423
p,525,middle,0.6020669512031591,5,5,ari_generalizability_quant,4,0.08566233843919185,False,False,0.234205702141764
p,525,middle,0.6020669512031591,5,5,ari_generalizability_quant,5,0.052845001284055025,True,True,0.3596354555019409
p,525,middle,0.6020669512031591,5,5,ari_generalizability_quant,6,0.039854653515707515,False,False,0.5235985822714367
p,525,middle,0.6020669512031591,5,5,ari_generalizability_quant,7,0.02893789963551847,False,False,0.4595545872619424
p,525,middle,0.6020669512031591,5,5,ari_stability,3,0.5826891920371251,False,False,0.6185552651083971
p,525,middle,0.6020669512031591,5,5,ari_stability,4,0.6089771431844085,True,False,0.7858208855328401
p,525,middle,0.6020669512031591,5,5,ari_stability,5,0.4018749449212961,False,True,0.7755779208837006
p,525,middle,0.6020669512031591,5,5,ari_stability,6,0.2798221712258716,False,False,0.7758528877158345
p,525,middle,0.6020669512031591,5,5,ari_stability,7,0.20640653153427735,False,False,0.7658754577751202
p,525,middle,0.6020669512031591,5,5,ari_stability_1se,3,0.5826891920371251,False,False,0.6185552651083971
p,525,middle,0.6020669512031591,5,5,ari_stability_1se,4,0.6089771431844085,True,False,0.7858208855328401
p,525,middle,0.6020669512031591,5,5,ari_stability_1se,5,0.4018749449212961,False,True,0.7755779208837006
p,525,middle,0.6020669512031591,5,5,ari_stability_1se,6,0.2798221712258716,False,False,0.7758528877158345
p,525,middle,0.6020669512031591,5,5,ari_stability_1se,7,0.20640653153427735,False,False,0.7658754577751202
p,525,middle,0.6020669512031591,5,5,ari_stability_quant,3,0.5826891920371251,False,False,0.6185552651083971
p,525,middle,0.6020669512031591,5,5,ari_stability_quant,4,0.6089771431844085,False,False,0.7858208855328401
p,525,middle,0.6020669512031591,5,5,ari_stability_quant,5,0.4018749449212961,True,True,0.7755779208837006
p,525,middle,0.6020669512031591,5,5,ari_stability_quant,6,0.2798221712258716,False,False,0.7758528877158345
p,525,middle,0.6020669512031591,5,5,ari_stability_quant,7,0.20640653153427735,False,False,0.7658754577751202
p,525,middle,0.6020669512031591,5,5,consensus_ce_stability,3,0.6079392366063148,False,False,0.6185552651083971
p,525,middle,0.6020669512031591,5,5,consensus_ce_stability,4,0.651863741110263,True,False,0.7858208855328401
p,525,middle,0.6020669512031591,5,5,consensus_ce_stability,5,0.5666856913095891,False,True,0.7755779208837006
p,525,middle,0.6020669512031591,5,5,consensus_ce_stability,6,0.5271717882352465,False,False,0.7758528877158345
p,525,middle,0.6020669512031591,5,5,consensus_ce_stability,7,0.5184745627979782,False,False,0.7658754577751202
p,525,middle,0.6020669512031591,5,5,consensus_gini_stability,3,0.6497632669945691,False,False,0.6185552651083971
p,525,middle,0.6020669512031591,5,5,consensus_gini_stability,4,0.7022559856598348,True,False,0.7858208855328401
p,525,middle,0.6020669512031591,5,5,consensus_gini_stability,5,0.6178970108478771,False,True,0.7755779208837006
p,525,middle,0.6020669512031591,5,5,consensus_gini_stability,6,0.5838712993332723,False,False,0.7758528877158345
p,525,middle,0.6020669512031591,5,5,consensus_gini_stability,7,0.5810302187986438,False,False,0.7658754577751202
p,525,middle,0.6020669512031591,5,5,consensus_pac_stability,3,0.48993195463642425,False,False,0.6185552651083971
p,525,middle,0.6020669512031591,5,5,consensus_pac_stability,4,0.5188748054258394,True,False,0.7858208855328401
p,525,middle,0.6020669512031591,5,5,consensus_pac_stability,5,0.41963709139426286,False,True,0.7755779208837006
p,525,middle,0.6020669512031591,5,5,consensus_pac_stability,6,0.3563789192795197,False,False,0.7758528877158345
p,525,middle,0.6020669512031591,5,5,consensus_pac_stability,7,0.3211189682010229,False,False,0.7658754577751202
p,525,middle,0.6020669512031591,5,5,silhouette,3,0.008172738885247074,False,False,0.6063773323154985
p,525,middle,0.6020669512031591,5,5,silhouette,4,0.00909917111452233,True,False,0.7904437980636473
p,525,middle,0.6020669512031591,5,5,silhouette,5,0.007004548609999842,False,True,0.6020669512031591
p,525,middle,0.6020669512031591,5,5,silhouette,6,0.007894720890282737,False,False,0.773727674400044
p,525,middle,0.6020669512031591,5,5,silhouette,7,0.006923088600196226,False,False,0.6927390600550917
p,525,middle,0.6020669512031591,5,5,gap,3,1.3365862179896801,False,False,0.6063773323154985
p,525,middle,0.6020669512031591,5,5,gap,4,1.3401339659700184,False,False,0.7904437980636473
p,525,middle,0.6020669512031591,5,5,gap,5,1.3409955781316043,False,True,0.6020669512031591
p,525,middle,0.6020669512031591,5,5,gap,6,1.3427811491688608,False,False,0.773727674400044
p,525,middle,0.6020669512031591,5,5,gap,7,1.3429896771741952,True,False,0.6927390600550917
p,525,middle,0.6020669512031591,5,5,davies_bouldin,3,0.09432334732731028,False,False,0.6063773323154985
p,525,middle,0.6020669512031591,5,5,davies_bouldin,4,0.10025197595464909,False,False,0.7904437980636473
p,525,middle,0.6020669512031591,5,5,davies_bouldin,5,0.0947472461182042,False,True,0.6020669512031591
p,525,middle,0.6020669512031591,5,5,davies_bouldin,6,0.10239385839452458,True,False,0.773727674400044
p,525,middle,0.6020669512031591,5,5,davies_bouldin,7,0.09830131800267133,False,False,0.6927390600550917
p,525,middle,0.6020669512031591,5,5,calinski_harabasz,3,11.264887596747613,True,False,0.6063773323154985
p,525,middle,0.6020669512031591,5,5,calinski_harabasz,4,10.297455104781093,False,False,0.7904437980636473
p,525,middle,0.6020669512031591,5,5,calinski_harabasz,5,8.682311229432308,False,True,0.6020669512031591
p,525,middle,0.6020669512031591,5,5,calinski_harabasz,6,7.931607109653574,False,False,0.773727674400044
p,525,middle,0.6020669512031591,5,5,calinski_harabasz,7,7.01239727536579,False,False,0.6927390600550917
p,525,middle,0.9257675010483182,6,5,accuracy_generalizability,3,0.524023342936465,True,False,0.2275058774547772
p,525,middle,0.9257675010483182,6,5,accuracy_generalizability,4,0.42954847552061576,False,False,0.31581715550858835
p,525,middle,0.9257675010483182,6,5,accuracy_generalizability,5,0.35417728467526716,False,True,0.22976502152239145
p,525,middle,0.9257675010483182,6,5,accuracy_generalizability,6,0.30536880551364765,False,False,0.35184843874713084
p,525,middle,0.9257675010483182,6,5,accuracy_generalizability,7,0.26617673056331653,False,False,0.19446939886553083
p,525,middle,0.9257675010483182,6,5,ari_generalizability,3,0.1161267282536244,True,False,0.2275058774547772
p,525,middle,0.9257675010483182,6,5,ari_generalizability,4,0.08331614634651605,False,False,0.31581715550858835
p,525,middle,0.9257675010483182,6,5,ari_generalizability,5,0.048312575897085874,False,True,0.22976502152239145
p,525,middle,0.9257675010483182,6,5,ari_generalizability,6,0.03613993613502206,False,False,0.35184843874713084
p,525,middle,0.9257675010483182,6,5,ari_generalizability,7,0.022075340892660056,False,False,0.19446939886553083
p,525,middle,0.9257675010483182,6,5,ari_generalizability_1se,3,0.1161267282536244,True,False,0.2275058774547772
p,525,middle,0.9257675010483182,6,5,ari_generalizability_1se,4,0.08331614634651605,False,False,0.31581715550858835
p,525,middle,0.9257675010483182,6,5,ari_generalizability_1se,5,0.048312575897085874,False,True,0.22976502152239145
p,525,middle,0.9257675010483182,6,5,ari_generalizability_1se,6,0.03613993613502206,False,False,0.35184843874713084
p,525,middle,0.9257675010483182,6,5,ari_generalizability_1se,7,0.022075340892660056,False,False,0.19446939886553083
p,525,middle,0.9257675010483182,6,5,ari_generalizability_quant,3,0.1161267282536244,False,False,0.2275058774547772
p,525,middle,0.9257675010483182,6,5,ari_generalizability_quant,4,0.08331614634651605,False,False,0.31581715550858835
p,525,middle,0.9257675010483182,6,5,ari_generalizability_quant,5,0.048312575897085874,True,True,0.22976502152239145
p,525,middle,0.9257675010483182,6,5,ari_generalizability_quant,6,0.03613993613502206,False,False,0.35184843874713084
p,525,middle,0.9257675010483182,6,5,ari_generalizability_quant,7,0.022075340892660056,False,False,0.19446939886553083
p,525,middle,0.9257675010483182,6,5,ari_stability,3,0.5276747795060575,False,False,0.552288218403252
p,525,middle,0.9257675010483182,6,5,ari_stability,4,0.5930779819478564,True,False,0.767789540081543
p,525,middle,0.9257675010483182,6,5,ari_stability,5,0.4276640726290758,False,True,0.7470341457957084
p,525,middle,0.9257675010483182,6,5,ari_stability,6,0.29401042047629883,False,False,0.822141728180425
p,525,middle,0.9257675010483182,6,5,ari_stability,7,0.20378720495471567,False,False,0.7934109617441271
p,525,middle,0.9257675010483182,6,5,ari_stability_1se,3,0.5276747795060575,False,False,0.552288218403252
p,525,middle,0.9257675010483182,6,5,ari_stability_1se,4,0.5930779819478564,True,False,0.767789540081543
p,525,middle,0.9257675010483182,6,5,ari_stability_1se,5,0.4276640726290758,False,True,0.7470341457957084
p,525,middle,0.9257675010483182,6,5,ari_stability_1se,6,0.29401042047629883,False,False,0.822141728180425
p,525,middle,0.9257675010483182,6,5,ari_stability_1se,7,0.20378720495471567,False,False,0.7934109617441271
p,525,middle,0.9257675010483182,6,5,ari_stability_quant,3,0.5276747795060575,False,False,0.552288218403252
p,525,middle,0.9257675010483182,6,5,ari_stability_quant,4,0.5930779819478564,False,False,0.767789540081543
p,525,middle,0.9257675010483182,6,5,ari_stability_quant,5,0.4276640726290758,True,True,0.7470341457957084
p,525,middle,0.9257675010483182,6,5,ari_stability_quant,6,0.29401042047629883,False,False,0.822141728180425
p,525,middle,0.9257675010483182,6,5,ari_stability_quant,7,0.20378720495471567,False,False,0.7934109617441271
p,525,middle,0.9257675010483182,6,5,consensus_ce_stability,3,0.537336830681546,False,False,0.552288218403252
p,525,middle,0.9257675010483182,6,5,consensus_ce_stability,4,0.6431539933085543,True,False,0.767789540081543
p,525,middle,0.9257675010483182,6,5,consensus_ce_stability,5,0.5650870487599894,False,True,0.7470341457957084
p,525,middle,0.9257675010483182,6,5,consensus_ce_stability,6,0.5312023510753273,False,False,0.822141728180425
p,525,middle,0.9257675010483182,6,5,consensus_ce_stability,7,0.5192952927143196,False,False,0.7934109617441271
p,525,middle,0.9257675010483182,6,5,consensus_gini_stability,3,0.5769003300479675,False,False,0.552288218403252
p,525,middle,0.9257675010483182,6,5,consensus_gini_stability,4,0.6938203847396844,True,False,0.767789540081543
p,525,middle,0.9257675010483182,6,5,consensus_gini_stability,5,0.619523279518067,False,True,0.7470341457957084
p,525,middle,0.9257675010483182,6,5,consensus_gini_stability,6,0.5894344413625412,False,False,0.822141728180425
p,525,middle,0.9257675010483182,6,5,consensus_gini_stability,7,0.5831062253302416,False,False,0.7934109617441271
p,525,middle,0.9257675010483182,6,5,consensus_pac_stability,3,0.41378252168112073,False,False,0.552288218403252
p,525,middle,0.9257675010483182,6,5,consensus_pac_stability,4,0.5084020458083167,True,False,0.767789540081543
p,525,middle,0.9257675010483182,6,5,consensus_pac_stability,5,0.41202846342005783,False,True,0.7470341457957084
p,525,middle,0.9257675010483182,6,5,consensus_pac_stability,6,0.35911763397820773,False,False,0.822141728180425
p,525,middle,0.9257675010483182,6,5,consensus_pac_stability,7,0.319051812319324,False,False,0.7934109617441271
p,525,middle,0.9257675010483182,6,5,silhouette,3,0.0073469337823969475,False,False,0.5459177933872119
p,525,middle,0.9257675010483182,6,5,silhouette,4,0.008879303731398457,False,False,0.7652741919839625
p,525,middle,0.9257675010483182,6,5,silhouette,5,0.009901191478294064,True,True,0.9257675010483182
p,525,middle,0.9257675010483182,6,5,silhouette,6,0.006782530660718454,False,False,0.7044161986136501
p,525,middle,0.9257675010483182,6,5,silhouette,7,0.006065460074856158,False,False,0.6388689682507249
p,525,middle,0.9257675010483182,6,5,gap,3,1.3344904310447347,False,False,0.5459177933872119
p,525,middle,0.9257675010483182,6,5,gap,4,1.3382880914548778,False,False,0.7652741919839625
p,525,middle,0.9257675010483182,6,5,gap,5,1.3412595346498435,False,True,0.9257675010483182
p,525,middle,0.9257675010483182,6,5,gap,6,1.3420967507842043,True,False,0.7044161986136501
p,525,middle,0.9257675010483182,6,5,gap,7,1.342084410977133,False,False,0.6388689682507249
p,525,middle,0.9257675010483182,6,5,davies_bouldin,3,0.09372935451259265,False,False,0.5459177933872119
p,525,middle,0.9257675010483182,6,5,davies_bouldin,4,0.10163512450034606,False,False,0.7652741919839625
p,525,middle,0.9257675010483182,6,5,davies_bouldin,5,0.11095715214650356,True,True,0.9257675010483182
p,525,middle,0.9257675010483182,6,5,davies_bouldin,6,0.10075289358968903,False,False,0.7044161986136501
p,525,middle,0.9257675010483182,6,5,davies_bouldin,7,0.10094622279010684,False,False,0.6388689682507249
p,525,middle,0.9257675010483182,6,5,calinski_harabasz,3,10.98235437296494,True,False,0.5459177933872119
p,525,middle,0.9257675010483182,6,5,calinski_harabasz,4,10.225478863145286,False,False,0.7652741919839625
p,525,middle,0.9257675010483182,6,5,calinski_harabasz,5,9.438465062114652,False,True,0.9257675010483182
p,525,middle,0.9257675010483182,6,5,calinski_harabasz,6,8.257518218006235,False,False,0.7044161986136501
p,525,middle,0.9257675010483182,6,5,calinski_harabasz,7,7.205884039859614,False,False,0.6388689682507249
p,525,middle,0.899764112212564,7,5,accuracy_generalizability,3,0.5489848364560429,True,False,0.30061130055764657
p,525,middle,0.899764112212564,7,5,accuracy_generalizability,4,0.4205368848474762,False,False,0.21525512354481685
p,525,middle,0.899764112212564,7,5,accuracy_generalizability,5,0.35426447302206704,False,True,0.22250463054461614
p,525,middle,0.899764112212564,7,5,accuracy_generalizability,6,0.3123867727009858,False,False,0.3461547858100382
p,525,middle,0.899764112212564,7,5,accuracy_generalizability,7,0.2787415954540369,False,False,0.35290323334478085
p,525,middle,0.899764112212564,7,5,ari_generalizability,3,0.15473341985433314,True,False,0.30061130055764657
p,525,middle,0.899764112212564,7,5,ari_generalizability,4,0.0728521643045564,False,False,0.21525512354481685
p,525,middle,0.899764112212564,7,5,ari_generalizability,5,0.05051480795134762,False,True,0.22250463054461614
p,525,middle,0.899764112212564,7,5,ari_generalizability,6,0.04035054796283909,False,False,0.3461547858100382
p,525,middle,0.899764112212564,7,5,ari_generalizability,7,0.02713361615504399,False,False,0.35290323334478085
p,525,middle,0.899764112212564,7,5,ari_generalizability_1se,3,0.15473341985433314,True,False,0.30061130055764657
p,525,middle,0.899764112212564,7,5,ari_generalizability_1se,4,0.0728521643045564,False,False,0.21525512354481685
p,525,middle,0.899764112212564,7,5,ari_generalizability_1se,5,0.05051480795134762,False,True,0.22250463054461614
p,525,middle,0.899764112212564,7,5,ari_generalizability_1se,6,0.04035054796283909,False,False,0.3461547858100382
p,525,middle,0.899764112212564,7,5,ari_generalizability_1se,7,0.02713361615504399,False,False,0.35290323334478085
p,525,middle,0.899764112212564,7,5,ari_generalizability_quant,3,0.15473341985433314,True,False,0.30061130055764657
p,525,middle,0.899764112212564,7,5,ari_generalizability_quant,4,0.0728521643045564,False,False,0.21525512354481685
p,525,middle,0.899764112212564,7,5,ari_generalizability_quant,5,0.05051480795134762,False,True,0.22250463054461614
p,525,middle,0.899764112212564,7,5,ari_generalizability_quant,6,0.04035054796283909,False,False,0.3461547858100382
p,525,middle,0.899764112212564,7,5,ari_generalizability_quant,7,0.02713361615504399,False,False,0.35290323334478085
p,525,middle,0.899764112212564,7,5,ari_stability,3,0.5239363104414781,True,False,0.5957987673846566
p,525,middle,0.899764112212564,7,5,ari_stability,4,0.4954086845368287,False,False,0.784330033831539
p,525,middle,0.899764112212564,7,5,ari_stability,5,0.33228066375055554,False,True,0.7890489412960618
p,525,middle,0.899764112212564,7,5,ari_stability,6,0.23744149935572242,False,False,0.8063764783320204
p,525,middle,0.899764112212564,7,5,ari_stability,7,0.17163022986919443,False,False,0.7825003156573435
p,525,middle,0.899764112212564,7,5,ari_stability_1se,3,0.5239363104414781,True,False,0.5957987673846566
p,525,middle,0.899764112212564,7,5,ari_stability_1se,4,0.4954086845368287,False,False,0.784330033831539
p,525,middle,0.899764112212564,7,5,ari_stability_1se,5,0.33228066375055554,False,True,0.7890489412960618
p,525,middle,0.899764112212564,7,5,ari_stability_1se,6,0.23744149935572242,False,False,0.8063764783320204
p,525,middle,0.899764112212564,7,5,ari_stability_1se,7,0.17163022986919443,False,False,0.7825003156573435
p,525,middle,0.899764112212564,7,5,ari_stability_quant,3,0.5239363104414781,False,False,0.5957987673846566
p,525,middle,0.899764112212564,7,5,ari_stability_quant,4,0.4954086845368287,True,False,0.784330033831539
p,525,middle,0.899764112212564,7,5,ari_stability_quant,5,0.33228066375055554,False,True,0.7890489412960618
p,525,middle,0.899764112212564,7,5,ari_stability_quant,6,0.23744149935572242,False,False,0.8063764783320204
p,525,middle,0.899764112212564,7,5,ari_stability_quant,7,0.17163022986919443,False,False,0.7825003156573435
p,525,middle,0.899764112212564,7,5,consensus_ce_stability,3,0.5574026967657162,False,False,0.5957987673846566
p,525,middle,0.899764112212564,7,5,consensus_ce_stability,4,0.5579095324875284,True,False,0.784330033831539
p,525,middle,0.899764112212564,7,5,consensus_ce_stability,5,0.5139641986836808,False,True,0.7890489412960618
p,525,middle,0.899764112212564,7,5,consensus_ce_stability,6,0.5012239324938217,False,False,0.8063764783320204
p,525,middle,0.899764112212564,7,5,consensus_ce_stability,7,0.49799218227956327,False,False,0.7825003156573435
p,525,middle,0.899764112212564,7,5,consensus_gini_stability,3,0.5986072763738937,False,False,0.5957987673846566
p,525,middle,0.899764112212564,7,5,consensus_gini_stability,4,0.6155260964800361,True,False,0.784330033831539
p,525,middle,0.899764112212564,7,5,consensus_gini_stability,5,0.5704156889956823,False,True,0.7890489412960618
p,525,middle,0.899764112212564,7,5,consensus_gini_stability,6,0.5609751254150208,False,False,0.8063764783320204
p,525,middle,0.899764112212564,7,5,consensus_gini_stability,7,0.5628555016943892,False,False,0.7825003156573435
p,525,middle,0.899764112212564,7,5,consensus_pac_stability,3,0.4319119412941961,True,False,0.5957987673846566
p,525,middle,0.899764112212564,7,5,consensus_pac_stability,4,0.37647498332221485,False,False,0.784330033831539
p,525,middle,0.899764112212564,7,5,consensus_pac_stability,5,0.3450504780965088,False,True,0.7890489412960618
p,525,middle,0.899764112212564,7,5,consensus_pac_stability,6,0.3150704914387369,False,False,0.8063764783320204
p,525,middle,0.899764112212564,7,5,consensus_pac_stability,7,0.2867742939737603,False,False,0.7825003156573435
p,525,middle,0.899764112212564,7,5,silhouette,3,0.007942153536320195,False,False,0.5970840365654997
p,525,middle,0.899764112212564,7,5,silhouette,4,0.008842711297844934,False,False,0.80055020370758
p,525,middle,0.899764112212564,7,5,silhouette,5,0.00903400292291913,True,True,0.899764112212564
p,525,middle,0.899764112212564,7,5,silhouette,6,0.0073518392147923365,False,False,0.6460638478722254
p,525,middle,0.899764112212564,7,5,silhouette,7,0.006948439603899499,False,False,0.5862645130636159
p,525,middle,0.899764112212564,7,5,gap,3,1.3225548135947065,False,False,0.5970840365654997
p,525,middle,0.899764112212564,7,5,gap,4,1.326202933567508,False,False,0.80055020370758
p,525,middle,0.899764112212564,7,5,gap,5,1.328462751298506,False,True,0.899764112212564
p,525,middle,0.899764112212564,7,5,gap,6,1.329283858657103,False,False,0.6460638478722254
p,525,middle,0.899764112212564,7,5,gap,7,1.3297283706757206,True,False,0.5862645130636159
p,525,middle,0.899764112212564,7,5,davies_bouldin,3,0.08986406865989098,False,False,0.5970840365654997
p,525,middle,0.899764112212564,7,5,davies_bouldin,4,0.09981102893640119,False,False,0.80055020370758
p,525,middle,0.899764112212564,7,5,davies_bouldin,5,0.10941414386900566,True,True,0.899764112212564
p,525,middle,0.899764112212564,7,5,davies_bouldin,6,0.09806669728682992,False,False,0.6460638478722254
p,525,middle,0.899764112212564,7,5,davies_bouldin,7,0.10074634116494462,False,False,0.5862645130636159
p,525,middle,0.899764112212564,7,5,calinski_harabasz,3,10.991430006254452,True,False,0.5970840365654997
p,525,middle,0.899764112212564,7,5,calinski_harabasz,4,10.131879661891796,False,False,0.80055020370758
p,525,middle,0.899764112212564,7,5,calinski_harabasz,5,9.122134349552947,False,True,0.899764112212564
p,525,middle,0.899764112212564,7,5,calinski_harabasz,6,7.990353133070513,False,False,0.6460638478722254
p,525,middle,0.899764112212564,7,5,calinski_harabasz,7,7.11932660197224,False,False,0.5862645130636159
p,525,middle,0.8496558220335204,8,5,accuracy_generalizability,3,0.5832588827964038,True,False,0.3846947722798066
p,525,middle,0.8496558220335204,8,5,accuracy_generalizability,4,0.4123175903953749,False,False,0.3749207237712395
p,525,middle,0.8496558220335204,8,5,accuracy_generalizability,5,0.36063948474780233,False,True,0.40875639835449135
p,525,middle,0.8496558220335204,8,5,accuracy_generalizability,6,0.3087562945788354,False,False,0.34819676170930797
p,525,middle,0.8496558220335204,8,5,accuracy_generalizability,7,0.27848959374669446,False,False,0.40585048831253945
p,525,middle,0.8496558220335204,8,5,ari_generalizability,3,0.2019344114481629,True,False,0.3846947722798066
p,525,middle,0.8496558220335204,8,5,ari_generalizability,4,0.07432550070021943,False,False,0.3749207237712395
p,525,middle,0.8496558220335204,8,5,ari_generalizability,5,0.06713128631240858,False,True,0.40875639835449135
p,525,middle,0.8496558220335204,8,5,ari_generalizability,6,0.04167147615690015,False,False,0.34819676170930797
p,525,middle,0.8496558220335204,8,5,ari_generalizability,7,0.03615140261152238,False,False,0.40585048831253945
p,525,middle,0.8496558220335204,8,5,ari_generalizability_1se,3,0.2019344114481629,True,False,0.3846947722798066
p,525,middle,0.8496558220335204,8,5,ari_generalizability_1se,4,0.07432550070021943,False,False,0.3749207237712395
p,525,middle,0.8496558220335204,8,5,ari_generalizability_1se,5,0.06713128631240858,False,True,0.40875639835449135
p,525,middle,0.8496558220335204,8,5,ari_generalizability_1se,6,0.04167147615690015,False,False,0.34819676170930797
p,525,middle,0.8496558220335204,8,5,ari_generalizability_1se,7,0.03615140261152238,False,False,0.40585048831253945
p,525,middle,0.8496558220335204,8,5,ari_generalizability_quant,3,0.2019344114481629,True,False,0.3846947722798066
p,525,middle,0.8496558220335204,8,5,ari_generalizability_quant,4,0.07432550070021943,False,False,0.3749207237712395
p,525,middle,0.8496558220335204,8,5,ari_generalizability_quant,5,0.06713128631240858,False,True,0.40875639835449135
p,525,middle,0.8496558220335204,8,5,ari_generalizability_quant,6,0.04167147615690015,False,False,0.34819676170930797
p,525,middle,0.8496558220335204,8,5,ari_generalizability_quant,7,0.03615140261152238,False,False,0.40585048831253945
p,525,middle,0.8496558220335204,8,5,ari_stability,3,0.5512289304352344,True,False,0.6801143100427508
p,525,middle,0.8496558220335204,8,5,ari_stability,4,0.32402907206854276,False,False,0.674458574722373
p,525,middle,0.8496558220335204,8,5,ari_stability,5,0.23389475809973054,False,True,0.7752505645654025
p,525,middle,0.8496558220335204,8,5,ari_stability,6,0.17642593614113422,False,False,0.7562641082597304
p,525,middle,0.8496558220335204,8,5,ari_stability,7,0.13999229311758837,False,False,0.7413135433708531
p,525,middle,0.8496558220335204,8,5,ari_stability_1se,3,0.5512289304352344,True,False,0.6801143100427508
p,525,middle,0.8496558220335204,8,5,ari_stability_1se,4,0.32402907206854276,False,False,0.674458574722373
p,525,middle,0.8496558220335204,8,5,ari_stability_1se,5,0.23389475809973054,False,True,0.7752505645654025
p,525,middle,0.8496558220335204,8,5,ari_stability_1se,6,0.17642593614113422,False,False,0.7562641082597304
p,525,middle,0.8496558220335204,8,5,ari_stability_1se,7,0.13999229311758837,False,False,0.7413135433708531
p,525,middle,0.8496558220335204,8,5,ari_stability_quant,3,0.5512289304352344,True,False,0.6801143100427508
p,525,middle,0.8496558220335204,8,5,ari_stability_quant,4,0.32402907206854276,False,False,0.674458574722373
p,525,middle,0.8496558220335204,8,5,ari_stability_quant,5,0.23389475809973054,False,True,0.7752505645654025
p,525,middle,0.8496558220335204,8,5,ari_stability_quant,6,0.17642593614113422,False,False,0.7562641082597304
p,525,middle,0.8496558220335204,8,5,ari_stability_quant,7,0.13999229311758837,False,False,0.7413135433708531
p,525,middle,0.8496558220335204,8,5,consensus_ce_stability,3,0.5586680580984101,True,False,0.6801143100427508
p,525,middle,0.8496558220335204,8,5,consensus_ce_stability,4,0.43922342782427337,False,False,0.674458574722373
p,525,middle,0.8496558220335204,8,5,consensus_ce_stability,5,0.4472710372560174,False,True,0.7752505645654025
p,525,middle,0.8496558220335204,8,5,consensus_ce_stability,6,0.46740733356060554,False,False,0.7562641082597304
p,525,middle,0.8496558220335204,8,5,consensus_ce_stability,7,0.48951290814603615,False,False,0.7413135433708531
p,525,middle,0.8496558220335204,8,5,consensus_gini_stability,3,0.5965248900580915,True,False,0.6801143100427508
p,525,middle,0.8496558220335204,8,5,consensus_gini_stability,4,0.4873821303615088,False,False,0.674458574722373
p,525,middle,0.8496558220335204,8,5,consensus_gini_stability,5,0.5004533166951164,False,True,0.7752505645654025
p,525,middle,0.8496558220335204,8,5,consensus_gini_stability,6,0.5255554423065646,False,False,0.7562641082597304
p,525,middle,0.8496558220335204,8,5,consensus_gini_stability,7,0.5525778403252859,False,False,0.7413135433708531
p,525,middle,0.8496558220335204,8,5,consensus_pac_stability,3,0.4459034912163665,True,False,0.6801143100427508
p,525,middle,0.8496558220335204,8,5,consensus_pac_stability,4,0.2922953079830999,False,False,0.674458574722373
p,525,middle,0.8496558220335204,8,5,consensus_pac_stability,5,0.28037002446075165,False,True,0.7752505645654025
p,525,middle,0.8496558220335204,8,5,consensus_pac_stability,6,0.28316477651767846,False,False,0.7562641082597304
p,525,middle,0.8496558220335204,8,5,consensus_pac_stability,7,0.2859986657771848,False,False,0.7413135433708531
p,525,middle,0.8496558220335204,8,5,silhouette,3,0.007903248377216596,False,False,0.6560751692998107
p,525,middle,0.8496558220335204,8,5,silhouette,4,0.0084982430437171,False,False,0.7825212499221177
p,525,middle,0.8496558220335204,8,5,silhouette,5,0.008967239466871672,True,True,0.8496558220335204
p,525,middle,0.8496558220335204,8,5,silhouette,6,0.006218894967772827,False,False,0.44457697643779454
p,525,middle,0.8496558220335204,8,5,silhouette,7,0.00600709779050072,False,False,0.6286511932479334
p,525,middle,0.8496558220335204,8,5,gap,3,1.3315296707168294,False,False,0.6560751692998107
p,525,middle,0.8496558220335204,8,5,gap,4,1.3345314365838412,False,False,0.7825212499221177
p,525,middle,0.8496558220335204,8,5,gap,5,1.3364359397181076,False,True,0.8496558220335204
p,525,middle,0.8496558220335204,8,5,gap,6,1.3363135898605663,False,False,0.44457697643779454
p,525,middle,0.8496558220335204,8,5,gap,7,1.3373086110635768,True,False,0.6286511932479334
p,525,middle,0.8496558220335204,8,5,davies_bouldin,3,0.08981272832629711,False,False,0.6560751692998107
p,525,middle,0.8496558220335204,8,5,davies_bouldin,4,0.09881819226531309,False,False,0.7825212499221177
p,525,middle,0.8496558220335204,8,5,davies_bouldin,5,0.10921993347840984,True,True,0.8496558220335204
p,525,middle,0.8496558220335204,8,5,davies_bouldin,6,0.09413549418812976,False,False,0.44457697643779454
p,525,middle,0.8496558220335204,8,5,davies_bouldin,7,0.10540856043525097,False,False,0.6286511932479334
p,525,middle,0.8496558220335204,8,5,calinski_harabasz,3,11.157777707726469,True,False,0.6560751692998107
p,525,middle,0.8496558220335204,8,5,calinski_harabasz,4,9.923931947618273,False,False,0.7825212499221177
p,525,middle,0.8496558220335204,8,5,calinski_harabasz,5,8.823495208096427,False,True,0.8496558220335204
p,525,middle,0.8496558220335204,8,5,calinski_harabasz,6,7.45748765407053,False,False,0.44457697643779454
p,525,middle,0.8496558220335204,8,5,calinski_harabasz,7,6.815379402131403,False,False,0.6286511932479334
p,525,middle,0.5506115350382474,9,5,accuracy_generalizability,3,0.5717929409138668,True,False,0.354357612988604
p,525,middle,0.5506115350382474,9,5,accuracy_generalizability,4,0.43521760051479563,False,False,0.4985628209081159
p,525,middle,0.5506115350382474,9,5,accuracy_generalizability,5,0.36514956404658694,False,True,0.5269719721897738
p,525,middle,0.5506115350382474,9,5,accuracy_generalizability,6,0.32772482443771644,False,False,0.49930630112973834
p,525,middle,0.5506115350382474,9,5,accuracy_generalizability,7,0.28660475587300543,False,False,0.45946510681556757
p,525,middle,0.5506115350382474,9,5,ari_generalizability,3,0.16970521244530445,True,False,0.354357612988604
p,525,middle,0.5506115350382474,9,5,ari_generalizability,4,0.09875297356022056,False,False,0.4985628209081159
p,525,middle,0.5506115350382474,9,5,ari_generalizability,5,0.06813260992094118,False,True,0.5269719721897738
p,525,middle,0.5506115350382474,9,5,ari_generalizability,6,0.0519202866674309,False,False,0.49930630112973834
p,525,middle,0.5506115350382474,9,5,ari_generalizability,7,0.03507946260644896,False,False,0.45946510681556757
p,525,middle,0.5506115350382474,9,5,ari_generalizability_1se,3,0.16970521244530445,True,False,0.354357612988604
p,525,middle,0.5506115350382474,9,5,ari_generalizability_1se,4,0.09875297356022056,False,False,0.4985628209081159
p,525,middle,0.5506115350382474,9,5,ari_generalizability_1se,5,0.06813260992094118,False,True,0.5269719721897738
p,525,middle,0.5506115350382474,9,5,ari_generalizability_1se,6,0.0519202866674309,False,False,0.49930630112973834
p,525,middle,0.5506115350382474,9,5,ari_generalizability_1se,7,0.03507946260644896,False,False,0.45946510681556757
p,525,middle,0.5506115350382474,9,5,ari_generalizability_quant,3,0.16970521244530445,False,False,0.354357612988604
p,525,middle,0.5506115350382474,9,5,ari_generalizability_quant,4,0.09875297356022056,True,False,0.4985628209081159
p,525,middle,0.5506115350382474,9,5,ari_generalizability_quant,5,0.06813260992094118,False,True,0.5269719721897738
p,525,middle,0.5506115350382474,9,5,ari_generalizability_quant,6,0.0519202866674309,False,False,0.49930630112973834
p,525,middle,0.5506115350382474,9,5,ari_generalizability_quant,7,0.03507946260644896,False,False,0.45946510681556757
p,525,middle,0.5506115350382474,9,5,ari_stability,3,0.6491091551899139,True,False,0.722383320162902
p,525,middle,0.5506115350382474,9,5,ari_stability,4,0.3646615431473782,False,False,0.7195413018966271
p,525,middle,0.5506115350382474,9,5,ari_stability,5,0.2393115496855064,False,True,0.6926336429792309
p,525,middle,0.5506115350382474,9,5,ari_stability,6,0.18333183020631533,False,False,0.6899015714582105
p,525,middle,0.5506115350382474,9,5,ari_stability,7,0.14245684614867893,False,False,0.6900514538345895
p,525,middle,0.5506115350382474,9,5,ari_stability_1se,3,0.6491091551899139,True,False,0.722383320162902
p,525,middle,0.5506115350382474,9,5,ari_stability_1se,4,0.3646615431473782,False,False,0.7195413018966271
p,525,middle,0.5506115350382474,9,5,ari_stability_1se,5,0.2393115496855064,False,True,0.6926336429792309
p,525,middle,0.5506115350382474,9,5,ari_stability_1se,6,0.18333183020631533,False,False,0.6899015714582105
p,525,middle,0.5506115350382474,9,5,ari_stability_1se,7,0.14245684614867893,False,False,0.6900514538345895
p,525,middle,0.5506115350382474,9,5,ari_stability_quant,3,0.6491091551899139,True,False,0.722383320162902
p,525,middle,0.5506115350382474,9,5,ari_stability_quant,4,0.3646615431473782,False,False,0.7195413018966271
p,525,middle,0.5506115350382474,9,5,ari_stability_quant,5,0.2393115496855064,False,True,0.6926336429792309
p,525,middle,0.5506115350382474,9,5,ari_stability_quant,6,0.18333183020631533,False,False,0.6899015714582105
p,525,middle,0.5506115350382474,9,5,ari_stability_quant,7,0.14245684614867893,False,False,0.6900514538345895
p,525,middle,0.5506115350382474,9,5,consensus_ce_stability,3,0.6535511464863186,True,False,0.722383320162902
p,525,middle,0.5506115350382474,9,5,consensus_ce_stability,4,0.46265533344122284,False,False,0.7195413018966271
p,525,middle,0.5506115350382474,9,5,consensus_ce_stability,5,0.4546822769404841,False,True,0.6926336429792309
p,525,middle,0.5506115350382474,9,5,consensus_ce_stability,6,0.4685930087791345,False,False,0.6899015714582105
p,525,middle,0.5506115350382474,9,5,consensus_ce_stability,7,0.4801508898501932,False,False,0.6900514538345895
p,525,middle,0.5506115350382474,9,5,consensus_gini_stability,3,0.6923085859313997,True,False,0.722383320162902
p,525,middle,0.5506115350382474,9,5,consensus_gini_stability,4,0.5110278170748301,False,False,0.7195413018966271
p,525,middle,0.5506115350382474,9,5,consensus_gini_stability,5,0.5055653942396638,False,True,0.6926336429792309
p,525,middle,0.5506115350382474,9,5,consensus_gini_stability,6,0.5262762223351084,False,False,0.6899015714582105
p,525,middle,0.5506115350382474,9,5,consensus_gini_stability,7,0.5447711731938842,False,False,0.6900514538345895
p,525,middle,0.5506115350382474,9,5,consensus_pac_stability,3,0.5397447187013564,True,False,0.722383320162902
p,525,middle,0.5506115350382474,9,5,consensus_pac_stability,4,0.3184665332443851,False,False,0.7195413018966271
p,525,middle,0.5506115350382474,9,5,consensus_pac_stability,5,0.3000542583944852,False,True,0.6926336429792309
p,525,middle,0.5506115350382474,9,5,consensus_pac_stability,6,0.28759439626417616,False,False,0.6899015714582105
p,525,middle,0.5506115350382474,9,5,consensus_pac_stability,7,0.2685728263286635,False,False,0.6900514538345895
p,525,middle,0.5506115350382474,9,5,silhouette,3,0.009264398649696201,True,False,0.7642568117234066
p,525,middle,0.5506115350382474,9,5,silhouette,4,0.008795990421185151,False,False,0.7181146710716988
p,525,middle,0.5506115350382474,9,5,silhouette,5,0.006006561986505206,False,True,0.5506115350382474
p,525,middle,0.5506115350382474,9,5,silhouette,6,0.0043118172779018585,False,False,0.3916908840869825
p,525,middle,0.5506115350382474,9,5,silhouette,7,0.005129718076345581,False,False,0.38481910078999737
p,525,middle,0.5506115350382474,9,5,gap,3,1.3410943969276303,False,False,0.7642568117234066
p,525,middle,0.5506115350382474,9,5,gap,4,1.3428489767898775,False,False,0.7181146710716988
p,525,middle,0.5506115350382474,9,5,gap,5,1.3446467833227587,False,True,0.5506115350382474
p,525,middle,0.5506115350382474,9,5,gap,6,1.343680427275519,False,False,0.3916908840869825
p,525,middle,0.5506115350382474,9,5,gap,7,1.345622070824838,True,False,0.38481910078999737
p,525,middle,0.5506115350382474,9,5,davies_bouldin,3,0.09344439364935897,False,False,0.7642568117234066
p,525,middle,0.5506115350382474,9,5,davies_bouldin,4,0.09761267404863191,False,False,0.7181146710716988
p,525,middle,0.5506115350382474,9,5,davies_bouldin,5,0.0918225760016275,False,True,0.5506115350382474
p,525,middle,0.5506115350382474,9,5,davies_bouldin,6,0.08977935180004062,False,False,0.3916908840869825
p,525,middle,0.5506115350382474,9,5,davies_bouldin,7,0.0992549967742928,True,False,0.38481910078999737
p,525,middle,0.5506115350382474,9,5,calinski_harabasz,3,11.801879353333723,True,False,0.7642568117234066
p,525,middle,0.5506115350382474,9,5,calinski_harabasz,4,9.771120132601883,False,False,0.7181146710716988
p,525,middle,0.5506115350382474,9,5,calinski_harabasz,5,8.636862770819597,False,True,0.5506115350382474
p,525,middle,0.5506115350382474,9,5,calinski_harabasz,6,7.064948896559885,False,False,0.3916908840869825
p,525,middle,0.5506115350382474,9,5,calinski_harabasz,7,6.720445839269649,False,False,0.38481910078999737
p,525,middle,0.440093439157649,10,5,accuracy_generalizability,3,0.5280415712904912,True,False,0.005330965585379334
p,525,middle,0.440093439157649,10,5,accuracy_generalizability,4,0.41981898760555897,False,False,0.5531899766051536
p,525,middle,0.440093439157649,10,5,accuracy_generalizability,5,0.34729169512223357,False,True,0.515250604320402
p,525,middle,0.440093439157649,10,5,accuracy_generalizability,6,0.3030447156869188,False,False,0.45986630329367323
p,525,middle,0.440093439157649,10,5,accuracy_generalizability,7,0.26723374451420195,False,False,0.4311691536754778
p,525,middle,0.440093439157649,10,5,ari_generalizability,3,0.09854065822036408,True,False,0.005330965585379334
p,525,middle,0.440093439157649,10,5,ari_generalizability,4,0.07902351940986184,False,False,0.5531899766051536
p,525,middle,0.440093439157649,10,5,ari_generalizability,5,0.04919058917454266,False,True,0.515250604320402
p,525,middle,0.440093439157649,10,5,ari_generalizability,6,0.03606280997574141,False,False,0.45986630329367323
p,525,middle,0.440093439157649,10,5,ari_generalizability,7,0.02584772955668333,False,False,0.4311691536754778
p,525,middle,0.440093439157649,10,5,ari_generalizability_1se,3,0.09854065822036408,True,False,0.005330965585379334
p,525,middle,0.440093439157649,10,5,ari_generalizability_1se,4,0.07902351940986184,False,False,0.5531899766051536
p,525,middle,0.440093439157649,10,5,ari_generalizability_1se,5,0.04919058917454266,False,True,0.515250604320402
p,525,middle,0.440093439157649,10,5,ari_generalizability_1se,6,0.03606280997574141,False,False,0.45986630329367323
p,525,middle,0.440093439157649,10,5,ari_generalizability_1se,7,0.02584772955668333,False,False,0.4311691536754778
p,525,middle,0.440093439157649,10,5,ari_generalizability_quant,3,0.09854065822036408,False,False,0.005330965585379334
p,525,middle,0.440093439157649,10,5,ari_generalizability_quant,4,0.07902351940986184,False,False,0.5531899766051536
p,525,middle,0.440093439157649,10,5,ari_generalizability_quant,5,0.04919058917454266,False,True,0.515250604320402
p,525,middle,0.440093439157649,10,5,ari_generalizability_quant,6,0.03606280997574141,False,False,0.45986630329367323
p,525,middle,0.440093439157649,10,5,ari_generalizability_quant,7,0.02584772955668333,True,False,0.4311691536754778
p,525,middle,0.440093439157649,10,5,ari_stability,3,0.6812484321462621,True,False,0.7436151554269255
p,525,middle,0.440093439157649,10,5,ari_stability,4,0.35903976500438156,False,False,0.75984687625843
p,525,middle,0.440093439157649,10,5,ari_stability,5,0.23418426186509658,False,True,0.724670107177096
p,525,middle,0.440093439157649,10,5,ari_stability,6,0.17223284230149394,False,False,0.7227518632520541
p,525,middle,0.440093439157649,10,5,ari_stability,7,0.1282708910895691,False,False,0.7006558511259858
p,525,middle,0.440093439157649,10,5,ari_stability_1se,3,0.6812484321462621,True,False,0.7436151554269255
p,525,middle,0.440093439157649,10,5,ari_stability_1se,4,0.35903976500438156,False,False,0.75984687625843
p,525,middle,0.440093439157649,10,5,ari_stability_1se,5,0.23418426186509658,False,True,0.724670107177096
p,525,middle,0.440093439157649,10,5,ari_stability_1se,6,0.17223284230149394,False,False,0.7227518632520541
p,525,middle,0.440093439157649,10,5,ari_stability_1se,7,0.1282708910895691,False,False,0.7006558511259858
p,525,middle,0.440093439157649,10,5,ari_stability_quant,3,0.6812484321462621,True,False,0.7436151554269255
p,525,middle,0.440093439157649,10,5,ari_stability_quant,4,0.35903976500438156,False,False,0.75984687625843
p,525,middle,0.440093439157649,10,5,ari_stability_quant,5,0.23418426186509658,False,True,0.724670107177096
p,525,middle,0.440093439157649,10,5,ari_stability_quant,6,0.17223284230149394,False,False,0.7227518632520541
p,525,middle,0.440093439157649,10,5,ari_stability_quant,7,0.1282708910895691,False,False,0.7006558511259858
p,525,middle,0.440093439157649,10,5,consensus_ce_stability,3,0.6790598086180318,True,False,0.7436151554269255
p,525,middle,0.440093439157649,10,5,consensus_ce_stability,4,0.46734426101736515,False,False,0.75984687625843
p,525,middle,0.440093439157649,10,5,consensus_ce_stability,5,0.44994672012781584,False,True,0.724670107177096
p,525,middle,0.440093439157649,10,5,consensus_ce_stability,6,0.4649084727963347,False,False,0.7227518632520541
p,525,middle,0.440093439157649,10,5,consensus_ce_stability,7,0.47927486645132694,False,False,0.7006558511259858
p,525,middle,0.440093439157649,10,5,consensus_gini_stability,3,0.7191171837276156,True,False,0.7436151554269255
p,525,middle,0.440093439157649,10,5,consensus_gini_stability,4,0.5125705986243914,False,False,0.75984687625843
p,525,middle,0.440093439157649,10,5,consensus_gini_stability,5,0.5011679885005974,False,True,0.724670107177096
p,525,middle,0.440093439157649,10,5,consensus_gini_stability,6,0.5224712944290052,False,False,0.7227518632520541
p,525,middle,0.440093439157649,10,5,consensus_gini_stability,7,0.5461553564674463,False,False,0.7006558511259858
p,525,middle,0.440093439157649,10,5,consensus_pac_stability,3,0.5676744496330888,True,False,0.7436151554269255
p,525,middle,0.440093439157649,10,5,consensus_pac_stability,4,0.3370567044696464,False,False,0.75984687625843
p,525,middle,0.440093439157649,10,5,consensus_pac_stability,5,0.29339026017344894,False,True,0.724670107177096
p,525,middle,0.440093439157649,10,5,consensus_pac_stability,6,0.2848734712030242,False,False,0.7227518632520541
p,525,middle,0.440093439157649,10,5,consensus_pac_stability,7,0.2589157215921726,False,False,0.7006558511259858
p,525,middle,0.440093439157649,10,5,silhouette,3,0.009333297319313746,True,False,0.7522310031421469
p,525,middle,0.440093439157649,10,5,silhouette,4,0.008168953053128992,False,False,0.7022913417069356
p,525,middle,0.440093439157649,10,5,silhouette,5,0.005578802986819335,False,True,0.440093439157649
p,525,middle,0.440093439157649,10,5,silhouette,6,0.005958893784972182,False,False,0.5397629580790234
p,525,middle,0.440093439157649,10,5,silhouette,7,0.004180706698520581,False,False,0.6191238442151771
p,525,middle,0.440093439157649,10,5,gap,3,1.3464014733723566,False,False,0.7522310031421469
p,525,middle,0.440093439157649,10,5,gap,4,1.3479298992167088,False,False,0.7022913417069356
p,525,middle,0.440093439157649,10,5,gap,5,1.3489700065474501,False,True,0.440093439157649
p,525,middle,0.440093439157649,10,5,gap,6,1.35102036262845,False,False,0.5397629580790234
p,525,middle,0.440093439157649,10,5,gap,7,1.3515721926043156,True,False,0.6191238442151771
p,525,middle,0.440093439157649,10,5,davies_bouldin,3,0.09494552540566771,False,False,0.7522310031421469
p,525,middle,0.440093439157649,10,5,davies_bouldin,4,0.09724876784083186,False,False,0.7022913417069356
p,525,middle,0.440093439157649,10,5,davies_bouldin,5,0.09110813214011118,False,True,0.440093439157649
p,525,middle,0.440093439157649,10,5,davies_bouldin,6,0.09468795768115199,False,False,0.5397629580790234
p,525,middle,0.440093439157649,10,5,davies_bouldin,7,0.10551801165537941,True,False,0.6191238442151771
p,525,middle,0.440093439157649,10,5,calinski_harabasz,3,11.47766157735615,True,False,0.7522310031421469
p,525,middle,0.440093439157649,10,5,calinski_harabasz,4,9.40550112053061,False,False,0.7022913417069356
p,525,middle,0.440093439157649,10,5,calinski_harabasz,5,8.093339065512504,False,True,0.440093439157649
p,525,middle,0.440093439157649,10,5,calinski_harabasz,6,7.556452032162899,False,False,0.5397629580790234
p,525,middle,0.440093439157649,10,5,calinski_harabasz,7,6.777067008430355,False,False,0.6191238442151771
p,525,middle,0.6674674062915823,11,5,accuracy_generalizability,3,0.5888025527365587,True,False,0.3001247253928094
p,525,middle,0.6674674062915823,11,5,accuracy_generalizability,4,0.4701040349334768,False,False,0.2685984082132762
p,525,middle,0.6674674062915823,11,5,accuracy_generalizability,5,0.4001883865710306,False,True,0.3441227847602397
p,525,middle,0.6674674062915823,11,5,accuracy_generalizability,6,0.33982383407731126,False,False,0.45388250197112995
p,525,middle,0.6674674062915823,11,5,accuracy_generalizability,7,0.2986426338368316,False,False,0.48298283790232993
p,525,middle,0.6674674062915823,11,5,ari_generalizability,3,0.17928270025037754,True,False,0.3001247253928094
p,525,middle,0.6674674062915823,11,5,ari_generalizability,4,0.11112756376194778,False,False,0.2685984082132762
p,525,middle,0.6674674062915823,11,5,ari_generalizability,5,0.08569461050875875,False,True,0.3441227847602397
p,525,middle,0.6674674062915823,11,5,ari_generalizability,6,0.06082723951376173,False,False,0.45388250197112995
p,525,middle,0.6674674062915823,11,5,ari_generalizability,7,0.04467724050924722,False,False,0.48298283790232993
p,525,middle,0.6674674062915823,11,5,ari_generalizability_1se,3,0.17928270025037754,True,False,0.3001247253928094
p,525,middle,0.6674674062915823,11,5,ari_generalizability_1se,4,0.11112756376194778,False,False,0.2685984082132762
p,525,middle,0.6674674062915823,11,5,ari_generalizability_1se,5,0.08569461050875875,False,True,0.3441227847602397
p,525,middle,0.6674674062915823,11,5,ari_generalizability_1se,6,0.06082723951376173,False,False,0.45388250197112995
p,525,middle,0.6674674062915823,11,5,ari_generalizability_1se,7,0.04467724050924722,False,False,0.48298283790232993
p,525,middle,0.6674674062915823,11,5,ari_generalizability_quant,3,0.17928270025037754,False,False,0.3001247253928094
p,525,middle,0.6674674062915823,11,5,ari_generalizability_quant,4,0.11112756376194778,False,False,0.2685984082132762
p,525,middle,0.6674674062915823,11,5,ari_generalizability_quant,5,0.08569461050875875,True,True,0.3441227847602397
p,525,middle,0.6674674062915823,11,5,ari_generalizability_quant,6,0.06082723951376173,False,False,0.45388250197112995
p,525,middle,0.6674674062915823,11,5,ari_generalizability_quant,7,0.04467724050924722,False,False,0.48298283790232993
p,525,middle,0.6674674062915823,11,5,ari_stability,3,0.8218029779506908,True,False,0.6668906665239697
p,525,middle,0.6674674062915823,11,5,ari_stability,4,0.6801639849833083,False,False,0.8440689551211955
p,525,middle,0.6674674062915823,11,5,ari_stability,5,0.4655684682656325,False,True,0.8532024747641876
p,525,middle,0.6674674062915823,11,5,ari_stability,6,0.3390163413717652,False,False,0.9103487459491066
p,525,middle,0.6674674062915823,11,5,ari_stability,7,0.25911872188366886,False,False,0.8248223378686056
p,525,middle,0.6674674062915823,11,5,ari_stability_1se,3,0.8218029779506908,True,False,0.6668906665239697
p,525,middle,0.6674674062915823,11,5,ari_stability_1se,4,0.6801639849833083,False,False,0.8440689551211955
p,525,middle,0.6674674062915823,11,5,ari_stability_1se,5,0.4655684682656325,False,True,0.8532024747641876
p,525,middle,0.6674674062915823,11,5,ari_stability_1se,6,0.3390163413717652,False,False,0.9103487459491066
p,525,middle,0.6674674062915823,11,5,ari_stability_1se,7,0.25911872188366886,False,False,0.8248223378686056
p,525,middle,0.6674674062915823,11,5,ari_stability_quant,3,0.8218029779506908,True,False,0.6668906665239697
p,525,middle,0.6674674062915823,11,5,ari_stability_quant,4,0.6801639849833083,False,False,0.8440689551211955
p,525,middle,0.6674674062915823,11,5,ari_stability_quant,5,0.4655684682656325,False,True,0.8532024747641876
p,525,middle,0.6674674062915823,11,5,ari_stability_quant,6,0.3390163413717652,False,False,0.9103487459491066
p,525,middle,0.6674674062915823,11,5,ari_stability_quant,7,0.25911872188366886,False,False,0.8248223378686056
p,525,middle,0.6674674062915823,11,5,consensus_ce_stability,3,0.8244952851813053,True,False,0.6668906665239697
p,525,middle,0.6674674062915823,11,5,consensus_ce_stability,4,0.7300067488026933,False,False,0.8440689551211955
p,525,middle,0.6674674062915823,11,5,consensus_ce_stability,5,0.5983936262536654,False,True,0.8532024747641876
p,525,middle,0.6674674062915823,11,5,consensus_ce_stability,6,0.5575538413712677,False,False,0.9103487459491066
p,525,middle,0.6674674062915823,11,5,consensus_ce_stability,7,0.5513079794636129,False,False,0.8248223378686056
p,525,middle,0.6674674062915823,11,5,consensus_gini_stability,3,0.8477959215361425,True,False,0.6668906665239697
p,525,middle,0.6674674062915823,11,5,consensus_gini_stability,4,0.7654005833325633,False,False,0.8440689551211955
p,525,middle,0.6674674062915823,11,5,consensus_gini_stability,5,0.647479913699764,False,True,0.8532024747641876
p,525,middle,0.6674674062915823,11,5,consensus_gini_stability,6,0.6109234339764894,False,False,0.9103487459491066
p,525,middle,0.6674674062915823,11,5,consensus_gini_stability,7,0.6070457716616884,False,False,0.8248223378686056
p,525,middle,0.6674674062915823,11,5,consensus_pac_stability,3,0.7666355348009785,True,False,0.6668906665239697
p,525,middle,0.6674674062915823,11,5,consensus_pac_stability,4,0.6336473204358462,False,False,0.8440689551211955
p,525,middle,0.6674674062915823,11,5,consensus_pac_stability,5,0.4625172337113631,False,True,0.8532024747641876
p,525,middle,0.6674674062915823,11,5,consensus_pac_stability,6,0.40608227707360467,False,False,0.9103487459491066
p,525,middle,0.6674674062915823,11,5,consensus_pac_stability,7,0.38999243940404715,False,False,0.8248223378686056
p,525,middle,0.6674674062915823,11,5,silhouette,3,0.008716982231389931,False,False,0.6805138777942199
p,525,middle,0.6674674062915823,11,5,silhouette,4,0.009993486853326957,True,False,0.8601270258064408
p,525,middle,0.6674674062915823,11,5,silhouette,5,0.006861019181616043,False,True,0.6674674062915823
p,525,middle,0.6674674062915823,11,5,silhouette,6,0.007362959006904377,False,False,0.748991671023192
p,525,middle,0.6674674062915823,11,5,silhouette,7,0.0071399437414499485,False,False,0.6674760706148932
p,525,middle,0.6674674062915823,11,5,gap,3,1.34351146373346,False,False,0.6805138777942199
p,525,middle,0.6674674062915823,11,5,gap,4,1.3467412893914492,False,False,0.8601270258064408
p,525,middle,0.6674674062915823,11,5,gap,5,1.3476835554493398,False,True,0.6674674062915823
p,525,middle,0.6674674062915823,11,5,gap,6,1.3499711546676316,False,False,0.748991671023192
p,525,middle,0.6674674062915823,11,5,gap,7,1.3505878112558811,True,False,0.6674760706148932
p,525,middle,0.6674674062915823,11,5,davies_bouldin,3,0.09566169919247626,False,False,0.6805138777942199
p,525,middle,0.6674674062915823,11,5,davies_bouldin,4,0.10195234334874823,False,False,0.8601270258064408
p,525,middle,0.6674674062915823,11,5,davies_bouldin,5,0.09405903331562834,False,True,0.6674674062915823
p,525,middle,0.6674674062915823,11,5,davies_bouldin,6,0.10124534333210498,False,False,0.748991671023192
p,525,middle,0.6674674062915823,11,5,davies_bouldin,7,0.10331840643643196,True,False,0.6674760706148932
p,525,middle,0.6674674062915823,11,5,calinski_harabasz,3,12.109543152312693,True,False,0.6805138777942199
p,525,middle,0.6674674062915823,11,5,calinski_harabasz,4,10.715093645526288,False,False,0.8601270258064408
p,525,middle,0.6674674062915823,11,5,calinski_harabasz,5,9.019589232226675,False,True,0.6674674062915823
p,525,middle,0.6674674062915823,11,5,calinski_harabasz,6,8.383496848938918,False,False,0.748991671023192
p,525,middle,0.6674674062915823,11,5,calinski_harabasz,7,7.47967781380355,False,False,0.6674760706148932
p,525,middle,0.9218859950914059,12,5,accuracy_generalizability,3,0.5627354095593047,True,False,0.17670214198764025
p,525,middle,0.9218859950914059,12,5,accuracy_generalizability,4,0.4681688031802912,False,False,0.3045898140432335
p,525,middle,0.9218859950914059,12,5,accuracy_generalizability,5,0.39495785140915873,False,True,0.36248301159461915
p,525,middle,0.9218859950914059,12,5,accuracy_generalizability,6,0.33453244889009354,False,False,0.47404209195355057
p,525,middle,0.9218859950914059,12,5,accuracy_generalizability,7,0.29534094765991054,False,False,0.4131386201546268
p,525,middle,0.9218859950914059,12,5,ari_generalizability,3,0.13503500197394988,True,False,0.17670214198764025
p,525,middle,0.9218859950914059,12,5,ari_generalizability,4,0.1188445906270044,False,False,0.3045898140432335
p,525,middle,0.9218859950914059,12,5,ari_generalizability,5,0.08322233172457062,False,True,0.36248301159461915
p,525,middle,0.9218859950914059,12,5,ari_generalizability,6,0.06017956865400258,False,False,0.47404209195355057
p,525,middle,0.9218859950914059,12,5,ari_generalizability,7,0.04438297885571619,False,False,0.4131386201546268
p,525,middle,0.9218859950914059,12,5,ari_generalizability_1se,3,0.13503500197394988,True,False,0.17670214198764025
p,525,middle,0.9218859950914059,12,5,ari_generalizability_1se,4,0.1188445906270044,False,False,0.3045898140432335
p,525,middle,0.9218859950914059,12,5,ari_generalizability_1se,5,0.08322233172457062,False,True,0.36248301159461915
p,525,middle,0.9218859950914059,12,5,ari_generalizability_1se,6,0.06017956865400258,False,False,0.47404209195355057
p,525,middle,0.9218859950914059,12,5,ari_generalizability_1se,7,0.04438297885571619,False,False,0.4131386201546268
p,525,middle,0.9218859950914059,12,5,ari_generalizability_quant,3,0.13503500197394988,False,False,0.17670214198764025
p,525,middle,0.9218859950914059,12,5,ari_generalizability_quant,4,0.1188445906270044,False,False,0.3045898140432335
p,525,middle,0.9218859950914059,12,5,ari_generalizability_quant,5,0.08322233172457062,False,True,0.36248301159461915
p,525,middle,0.9218859950914059,12,5,ari_generalizability_quant,6,0.06017956865400258,False,False,0.47404209195355057
p,525,middle,0.9218859950914059,12,5,ari_generalizability_quant,7,0.04438297885571619,True,False,0.4131386201546268
p,525,middle,0.9218859950914059,12,5,ari_stability,3,0.6788377363416405,False,False,0.6141311761953542
p,525,middle,0.9218859950914059,12,5,ari_stability,4,0.6999885550345685,True,False,0.8075950610383573
p,525,middle,0.9218859950914059,12,5,ari_stability,5,0.48565872649244307,False,True,0.8801032911117885
p,525,middle,0.9218859950914059,12,5,ari_stability,6,0.35506192144339954,False,False,0.8578106102122688
p,525,middle,0.9218859950914059,12,5,ari_stability,7,0.26403851427198655,False,False,0.8481040620307237
p,525,middle,0.9218859950914059,12,5,ari_stability_1se,3,0.6788377363416405,False,False,0.6141311761953542
p,525,middle,0.9218859950914059,12,5,ari_stability_1se,4,0.6999885550345685,True,False,0.8075950610383573
p,525,middle,0.9218859950914059,12,5,ari_stability_1se,5,0.48565872649244307,False,True,0.8801032911117885
p,525,middle,0.9218859950914059,12,5,ari_stability_1se,6,0.35506192144339954,False,False,0.8578106102122688
p,525,middle,0.9218859950914059,12,5,ari_stability_1se,7,0.26403851427198655,False,False,0.8481040620307237
p,525,middle,0.9218859950914059,12,5,ari_stability_quant,3,0.6788377363416405,False,False,0.6141311761953542
p,525,middle,0.9218859950914059,12,5,ari_stability_quant,4,0.6999885550345685,False,False,0.8075950610383573
p,525,middle,0.9218859950914059,12,5,ari_stability_quant,5,0.48565872649244307,True,True,0.8801032911117885
p,525,middle,0.9218859950914059,12,5,ari_stability_quant,6,0.35506192144339954,False,False,0.8578106102122688
p,525,middle,0.9218859950914059,12,5,ari_stability_quant,7,0.26403851427198655,False,False,0.8481040620307237
p,525,middle,0.9218859950914059,12,5,consensus_ce_stability,3,0.6772604082096484,False,False,0.6141311761953542
p,525,middle,0.9218859950914059,12,5,consensus_ce_stability,4,0.7337569989601983,True,False,0.8075950610383573
p,525,middle,0.9218859950914059,12,5,consensus_ce_stability,5,0.6205961236751414,False,True,0.8801032911117885
p,525,middle,0.9218859950914059,12,5,consensus_ce_stability,6,0.5730808325401523,False,False,0.8578106102122688
p,525,middle,0.9218859950914059,12,5,consensus_ce_stability,7,0.5549431110600997,False,False,0.8481040620307237
p,525,middle,0.9218859950914059,12,5,consensus_gini_stability,3,0.7179701400593079,False,False,0.6141311761953542
p,525,middle,0.9218859950914059,12,5,consensus_gini_stability,4,0.7735172032787562,True,False,0.8075950610383573
p,525,middle,0.9218859950914059,12,5,consensus_gini_stability,5,0.6706771640642851,False,True,0.8801032911117885
p,525,middle,0.9218859950914059,12,5,consensus_gini_stability,6,0.6262405255325425,False,False,0.8578106102122688
p,525,middle,0.9218859950914059,12,5,consensus_gini_stability,7,0.611212740589169,False,False,0.8481040620307237
p,525,middle,0.9218859950914059,12,5,consensus_pac_stability,3,0.5678443406715588,False,False,0.6141311761953542
p,525,middle,0.9218859950914059,12,5,consensus_pac_stability,4,0.6405870580386925,True,False,0.8075950610383573
p,525,middle,0.9218859950914059,12,5,consensus_pac_stability,5,0.4794627529464087,False,True,0.8801032911117885
p,525,middle,0.9218859950914059,12,5,consensus_pac_stability,6,0.4248209917722926,False,False,0.8578106102122688
p,525,middle,0.9218859950914059,12,5,consensus_pac_stability,7,0.39188258839226153,False,False,0.8481040620307237
p,525,middle,0.9218859950914059,12,5,silhouette,3,0.008320069176727615,False,False,0.6113337970899626
p,525,middle,0.9218859950914059,12,5,silhouette,4,0.009627140031947375,False,False,0.8126351253802103
p,525,middle,0.9218859950914059,12,5,silhouette,5,0.01014842307387807,True,True,0.9218859950914059
p,525,middle,0.9218859950914059,12,5,silhouette,6,0.008215526617636443,False,False,0.7934424298800442
p,525,middle,0.9218859950914059,12,5,silhouette,7,0.006909990845687187,False,False,0.7101803509856853
p,525,middle,0.9218859950914059,12,5,gap,3,1.3390137443482573,False,False,0.6113337970899626
p,525,middle,0.9218859950914059,12,5,gap,4,1.3428436404005026,False,False,0.8126351253802103
p,525,middle,0.9218859950914059,12,5,gap,5,1.345345277766036,False,True,0.9218859950914059
p,525,middle,0.9218859950914059,12,5,gap,6,1.3461441740318065,False,False,0.7934424298800442
p,525,middle,0.9218859950914059,12,5,gap,7,1.34616962730858,True,False,0.7101803509856853
p,525,middle,0.9218859950914059,12,5,davies_bouldin,3,0.09356198702795855,False,False,0.6113337970899626
p,525,middle,0.9218859950914059,12,5,davies_bouldin,4,0.10257768191738958,False,False,0.8126351253802103
p,525,middle,0.9218859950914059,12,5,davies_bouldin,5,0.11201484140333333,True,True,0.9218859950914059
p,525,middle,0.9218859950914059,12,5,davies_bouldin,6,0.10232684936536704,False,False,0.7934424298800442
p,525,middle,0.9218859950914059,12,5,davies_bouldin,7,0.10269784277096922,False,False,0.7101803509856853
p,525,middle,0.9218859950914059,12,5,calinski_harabasz,3,11.632775723742053,True,False,0.6113337970899626
p,525,middle,0.9218859950914059,12,5,calinski_harabasz,4,10.638045980977587,False,False,0.8126351253802103
p,525,middle,0.9218859950914059,12,5,calinski_harabasz,5,9.590836346082325,False,True,0.9218859950914059
p,525,middle,0.9218859950914059,12,5,calinski_harabasz,6,8.372220465788176,False,False,0.7934424298800442
p,525,middle,0.9218859950914059,12,5,calinski_harabasz,7,7.333234246348041,False,False,0.7101803509856853
p,525,middle,0.28761264335489223,13,5,accuracy_generalizability,3,0.5364557723749187,True,False,0.29410810328687076
p,525,middle,0.28761264335489223,13,5,accuracy_generalizability,4,0.41465487279435764,False,False,0.47186252971249254
p,525,middle,0.28761264335489223,13,5,accuracy_generalizability,5,0.34577978013089644,False,True,0.456178831767999
p,525,middle,0.28761264335489223,13,5,accuracy_generalizability,6,0.30119140652843607,False,False,0.4695940411608668
p,525,middle,0.28761264335489223,13,5,accuracy_generalizability,7,0.2677110558920026,False,False,0.42633689044453615
p,525,middle,0.28761264335489223,13,5,ari_generalizability,3,0.11654411101580195,True,False,0.29410810328687076
p,525,middle,0.28761264335489223,13,5,ari_generalizability,4,0.0870548538197731,False,False,0.47186252971249254
p,525,middle,0.28761264335489223,13,5,ari_generalizability,5,0.05500923817324503,False,True,0.456178831767999
p,525,middle,0.28761264335489223,13,5,ari_generalizability,6,0.03713110652132376,False,False,0.4695940411608668
p,525,middle,0.28761264335489223,13,5,ari_generalizability,7,0.028338069202380956,False,False,0.42633689044453615
p,525,middle,0.28761264335489223,13,5,ari_generalizability_1se,3,0.11654411101580195,True,False,0.29410810328687076
p,525,middle,0.28761264335489223,13,5,ari_generalizability_1se,4,0.0870548538197731,False,False,0.47186252971249254
p,525,middle,0.28761264335489223,13,5,ari_generalizability_1se,5,0.05500923817324503,False,True,0.456178831767999
p,525,middle,0.28761264335489223,13,5,ari_generalizability_1se,6,0.03713110652132376,False,False,0.4695940411608668
p,525,middle,0.28761264335489223,13,5,ari_generalizability_1se,7,0.028338069202380956,False,False,0.42633689044453615
p,525,middle,0.28761264335489223,13,5,ari_generalizability_quant,3,0.11654411101580195,False,False,0.29410810328687076
p,525,middle,0.28761264335489223,13,5,ari_generalizability_quant,4,0.0870548538197731,False,False,0.47186252971249254
p,525,middle,0.28761264335489223,13,5,ari_generalizability_quant,5,0.05500923817324503,False,True,0.456178831767999
p,525,middle,0.28761264335489223,13,5,ari_generalizability_quant,6,0.03713110652132376,False,False,0.4695940411608668
p,525,middle,0.28761264335489223,13,5,ari_generalizability_quant,7,0.028338069202380956,True,False,0.42633689044453615
p,525,middle,0.28761264335489223,13,5,ari_stability,3,0.4834769001458587,True,False,0.5706990460899504
p,525,middle,0.28761264335489223,13,5,ari_stability,4,0.2377494081016588,False,False,0.564415904109597
p,525,middle,0.28761264335489223,13,5,ari_stability,5,0.17605370345247512,False,True,0.5842443203169079
p,525,middle,0.28761264335489223,13,5,ari_stability,6,0.1227807449267139,False,False,0.5663775352010931
p,525,middle,0.28761264335489223,13,5,ari_stability,7,0.10429586705525892,False,False,0.7088160128975517
p,525,middle,0.28761264335489223,13,5,ari_stability_1se,3,0.4834769001458587,True,False,0.5706990460899504
p,525,middle,0.28761264335489223,13,5,ari_stability_1se,4,0.2377494081016588,False,False,0.564415904109597
p,525,middle,0.28761264335489223,13,5,ari_stability_1se,5,0.17605370345247512,False,True,0.5842443203169079
p,525,middle,0.28761264335489223,13,5,ari_stability_1se,6,0.1227807449267139,False,False,0.5663775352010931
p,525,middle,0.28761264335489223,13,5,ari_stability_1se,7,0.10429586705525892,False,False,0.7088160128975517
p,525,middle,0.28761264335489223,13,5,ari_stability_quant,3,0.4834769001458587,True,False,0.5706990460899504
p,525,middle,0.28761264335489223,13,5,ari_stability_quant,4,0.2377494081016588,False,False,0.564415904109597
p,525,middle,0.28761264335489223,13,5,ari_stability_quant,5,0.17605370345247512,False,True,0.5842443203169079
p,525,middle,0.28761264335489223,13,5,ari_stability_quant,6,0.1227807449267139,False,False,0.5663775352010931
p,525,middle,0.28761264335489223,13,5,ari_stability_quant,7,0.10429586705525892,False,False,0.7088160128975517
p,525,middle,0.28761264335489223,13,5,consensus_ce_stability,3,0.49238038597779443,True,False,0.5706990460899504
p,525,middle,0.28761264335489223,13,5,consensus_ce_stability,4,0.3855961350188567,False,False,0.564415904109597
p,525,middle,0.28761264335489223,13,5,consensus_ce_stability,5,0.40391439696471054,False,True,0.5842443203169079
p,525,middle,0.28761264335489223,13,5,consensus_ce_stability,6,0.4296817223451317,False,False,0.5663775352010931
p,525,middle,0.28761264335489223,13,5,consensus_ce_stability,7,0.4652105757442112,False,False,0.7088160128975517
p,525,middle,0.28761264335489223,13,5,consensus_gini_stability,3,0.5366077142704552,True,False,0.5706990460899504
p,525,middle,0.28761264335489223,13,5,consensus_gini_stability,4,0.4278434233296627,False,False,0.564415904109597
p,525,middle,0.28761264335489223,13,5,consensus_gini_stability,5,0.45595611454405155,False,True,0.5842443203169079
p,525,middle,0.28761264335489223,13,5,consensus_gini_stability,6,0.4922406765480702,False,False,0.5663775352010931
p,525,middle,0.28761264335489223,13,5,consensus_gini_stability,7,0.5334498963486126,False,False,0.7088160128975517
p,525,middle,0.28761264335489223,13,5,consensus_pac_stability,3,0.3647178118745831,True,False,0.5706990460899504
p,525,middle,0.28761264335489223,13,5,consensus_pac_stability,4,0.2613626862352679,False,False,0.564415904109597
p,525,middle,0.28761264335489223,13,5,consensus_pac_stability,5,0.2414569713142095,False,True,0.5842443203169079
p,525,middle,0.28761264335489223,13,5,consensus_pac_stability,6,0.22210807204803207,False,False,0.5663775352010931
p,525,middle,0.28761264335489223,13,5,consensus_pac_stability,7,0.23537825216811203,False,False,0.7088160128975517
p,525,middle,0.28761264335489223,13,5,silhouette,3,0.008379749258754897,True,False,0.6037899305522242
p,525,middle,0.28761264335489223,13,5,silhouette,4,0.004898967760876933,False,False,0.3978583691033402
p,525,middle,0.28761264335489223,13,5,silhouette,5,0.004348144226474024,False,True,0.28761264335489223
p,525,middle,0.28761264335489223,13,5,silhouette,6,0.005476868636294403,False,False,0.3908824514943679
p,525,middle,0.28761264335489223,13,5,silhouette,7,0.004649794138632816,False,False,0.22978434970843453
p,525,middle,0.28761264335489223,13,5,gap,3,1.3407861077262666,False,False,0.6037899305522242
p,525,middle,0.28761264335489223,13,5,gap,4,1.342556762978493,False,False,0.3978583691033402
p,525,middle,0.28761264335489223,13,5,gap,5,1.3435451720773735,False,True,0.28761264335489223
p,525,middle,0.28761264335489223,13,5,gap,6,1.3459988504400293,True,False,0.3908824514943679
p,525,middle,0.28761264335489223,13,5,gap,7,1.3450909579464927,False,False,0.22978434970843453
p,525,middle,0.28761264335489223,13,5,davies_bouldin,3,0.09199429010490891,False,False,0.6037899305522242
p,525,middle,0.28761264335489223,13,5,davies_bouldin,4,0.08204178698252779,False,False,0.3978583691033402
p,525,middle,0.28761264335489223,13,5,davies_bouldin,5,0.08837373145209136,False,True,0.28761264335489223
p,525,middle,0.28761264335489223,13,5,davies_bouldin,6,0.09359949835921456,False,False,0.3908824514943679
p,525,middle,0.28761264335489223,13,5,davies_bouldin,7,0.09618370692253926,True,False,0.22978434970843453
p,525,middle,0.28761264335489223,13,5,calinski_harabasz,3,10.635869104338768,True,False,0.6037899305522242
p,525,middle,0.28761264335489223,13,5,calinski_harabasz,4,8.973902623735604,False,False,0.3978583691033402
p,525,middle,0.28761264335489223,13,5,calinski_harabasz,5,7.74164501061527,False,True,0.28761264335489223
p,525,middle,0.28761264335489223,13,5,calinski_harabasz,6,7.409166609308489,False,False,0.3908824514943679
p,525,middle,0.28761264335489223,13,5,calinski_harabasz,7,6.277611697864334,False,False,0.22978434970843453
p,525,middle,0.9523695434258217,14,5,accuracy_generalizability,3,0.5768038725533285,True,False,0.3595687675953548
p,525,middle,0.9523695434258217,14,5,accuracy_generalizability,4,0.4332189525897778,False,False,0.12280968829231478
p,525,middle,0.9523695434258217,14,5,accuracy_generalizability,5,0.3731951747693752,False,True,0.4015006598874648
p,525,middle,0.9523695434258217,14,5,accuracy_generalizability,6,0.3243162676796553,False,False,0.4092554609777009
p,525,middle,0.9523695434258217,14,5,accuracy_generalizability,7,0.27927977681732225,False,False,0.4525179639936878
p,525,middle,0.9523695434258217,14,5,ari_generalizability,3,0.2015359295953151,True,False,0.3595687675953548
p,525,middle,0.9523695434258217,14,5,ari_generalizability,4,0.08648056635753537,False,False,0.12280968829231478
p,525,middle,0.9523695434258217,14,5,ari_generalizability,5,0.07419723131619978,False,True,0.4015006598874648
p,525,middle,0.9523695434258217,14,5,ari_generalizability,6,0.05477058317253546,False,False,0.4092554609777009
p,525,middle,0.9523695434258217,14,5,ari_generalizability,7,0.035282284920327006,False,False,0.4525179639936878
p,525,middle,0.9523695434258217,14,5,ari_generalizability_1se,3,0.2015359295953151,True,False,0.3595687675953548
p,525,middle,0.9523695434258217,14,5,ari_generalizability_1se,4,0.08648056635753537,False,False,0.12280968829231478
p,525,middle,0.9523695434258217,14,5,ari_generalizability_1se,5,0.07419723131619978,False,True,0.4015006598874648
p,525,middle,0.9523695434258217,14,5,ari_generalizability_1se,6,0.05477058317253546,False,False,0.4092554609777009
p,525,middle,0.9523695434258217,14,5,ari_generalizability_1se,7,0.035282284920327006,False,False,0.4525179639936878
p,525,middle,0.9523695434258217,14,5,ari_generalizability_quant,3,0.2015359295953151,True,False,0.3595687675953548
p,525,middle,0.9523695434258217,14,5,ari_generalizability_quant,4,0.08648056635753537,False,False,0.12280968829231478
p,525,middle,0.9523695434258217,14,5,ari_generalizability_quant,5,0.07419723131619978,False,True,0.4015006598874648
p,525,middle,0.9523695434258217,14,5,ari_generalizability_quant,6,0.05477058317253546,False,False,0.4092554609777009
p,525,middle,0.9523695434258217,14,5,ari_generalizability_quant,7,0.035282284920327006,False,False,0.4525179639936878
p,525,middle,0.9523695434258217,14,5,ari_stability,3,0.6085483358778344,True,False,0.6689948464792216
p,525,middle,0.9523695434258217,14,5,ari_stability,4,0.5997154405109247,False,False,0.839732901722474
p,525,middle,0.9523695434258217,14,5,ari_stability,5,0.3886521364701638,False,True,0.8302576140687737
p,525,middle,0.9523695434258217,14,5,ari_stability,6,0.28278483968012724,False,False,0.8261465210422598
p,525,middle,0.9523695434258217,14,5,ari_stability,7,0.19080217708954642,False,False,0.8256687238859023
p,525,middle,0.9523695434258217,14,5,ari_stability_1se,3,0.6085483358778344,False,False,0.6689948464792216
p,525,middle,0.9523695434258217,14,5,ari_stability_1se,4,0.5997154405109247,True,False,0.839732901722474
p,525,middle,0.9523695434258217,14,5,ari_stability_1se,5,0.3886521364701638,False,True,0.8302576140687737
p,525,middle,0.9523695434258217,14,5,ari_stability_1se,6,0.28278483968012724,False,False,0.8261465210422598
p,525,middle,0.9523695434258217,14,5,ari_stability_1se,7,0.19080217708954642,False,False,0.8256687238859023
p,525,middle,0.9523695434258217,14,5,ari_stability_quant,3,0.6085483358778344,False,False,0.6689948464792216
p,525,middle,0.9523695434258217,14,5,ari_stability_quant,4,0.5997154405109247,True,False,0.839732901722474
p,525,middle,0.9523695434258217,14,5,ari_stability_quant,5,0.3886521364701638,False,True,0.8302576140687737
p,525,middle,0.9523695434258217,14,5,ari_stability_quant,6,0.28278483968012724,False,False,0.8261465210422598
p,525,middle,0.9523695434258217,14,5,ari_stability_quant,7,0.19080217708954642,False,False,0.8256687238859023
p,525,middle,0.9523695434258217,14,5,consensus_ce_stability,3,0.6128344486036198,False,False,0.6689948464792216
p,525,middle,0.9523695434258217,14,5,consensus_ce_stability,4,0.6448234401951458,True,False,0.839732901722474
p,525,middle,0.9523695434258217,14,5,consensus_ce_stability,5,0.5499123349012484,False,True,0.8302576140687737
p,525,middle,0.9523695434258217,14,5,consensus_ce_stability,6,0.5261870369510905,False,False,0.8261465210422598
p,525,middle,0.9523695434258217,14,5,consensus_ce_stability,7,0.5187929361467797,False,False,0.8256687238859023
p,525,middle,0.9523695434258217,14,5,consensus_gini_stability,3,0.6474311820954312,False,False,0.6689948464792216
p,525,middle,0.9523695434258217,14,5,consensus_gini_stability,4,0.6978827456488184,True,False,0.839732901722474
p,525,middle,0.9523695434258217,14,5,consensus_gini_stability,5,0.6010879552837418,False,True,0.8302576140687737
p,525,middle,0.9523695434258217,14,5,consensus_gini_stability,6,0.5805865236868907,False,False,0.8261465210422598
p,525,middle,0.9523695434258217,14,5,consensus_gini_stability,7,0.5795358394131426,False,False,0.8256687238859023
p,525,middle,0.9523695434258217,14,5,consensus_pac_stability,3,0.5051314209472981,True,False,0.6689948464792216
p,525,middle,0.9523695434258217,14,5,consensus_pac_stability,4,0.49069779853235496,False,False,0.839732901722474
p,525,middle,0.9523695434258217,14,5,consensus_pac_stability,5,0.40640782744051585,False,True,0.8302576140687737
p,525,middle,0.9523695434258217,14,5,consensus_pac_stability,6,0.3665625972870803,False,False,0.8261465210422598
p,525,middle,0.9523695434258217,14,5,consensus_pac_stability,7,0.33157927507227036,False,False,0.8256687238859023
p,525,middle,0.9523695434258217,14,5,silhouette,3,0.008666745972975827,False,False,0.6558546469991369
p,525,middle,0.9523695434258217,14,5,silhouette,4,0.0096874367218625,False,False,0.8619651397771906
p,525,middle,0.9523695434258217,14,5,silhouette,5,0.01008754252964428,True,True,0.9523695434258217
p,525,middle,0.9523695434258217,14,5,silhouette,6,0.008053591779996646,False,False,0.7451121784391096
p,525,middle,0.9523695434258217,14,5,silhouette,7,0.007444855686001965,False,False,0.6582341519287621
p,525,middle,0.9523695434258217,14,5,gap,3,1.3354154935869111,False,False,0.6558546469991369
p,525,middle,0.9523695434258217,14,5,gap,4,1.3391289317675792,False,False,0.8619651397771906
p,525,middle,0.9523695434258217,14,5,gap,5,1.3415176415471137,False,True,0.9523695434258217
p,525,middle,0.9523695434258217,14,5,gap,6,1.3428831018029825,False,False,0.7451121784391096
p,525,middle,0.9523695434258217,14,5,gap,7,1.3431708821734993,True,False,0.6582341519287621
p,525,middle,0.9523695434258217,14,5,davies_bouldin,3,0.09309756045425854,False,False,0.6558546469991369
p,525,middle,0.9523695434258217,14,5,davies_bouldin,4,0.10262284845429757,False,False,0.8619651397771906
p,525,middle,0.9523695434258217,14,5,davies_bouldin,5,0.11282983286993999,True,True,0.9523695434258217
p,525,middle,0.9523695434258217,14,5,davies_bouldin,6,0.10042923054574755,False,False,0.7451121784391096
p,525,middle,0.9523695434258217,14,5,davies_bouldin,7,0.10071939760334928,False,False,0.6582341519287621
p,525,middle,0.9523695434258217,14,5,calinski_harabasz,3,11.692190174480317,True,False,0.6558546469991369
p,525,middle,0.9523695434258217,14,5,calinski_harabasz,4,10.637456704664318,False,False,0.8619651397771906
p,525,middle,0.9523695434258217,14,5,calinski_harabasz,5,9.54738481813225,False,True,0.9523695434258217
p,525,middle,0.9523695434258217,14,5,calinski_harabasz,6,8.499440820325566,False,False,0.7451121784391096
p,525,middle,0.9523695434258217,14,5,calinski_harabasz,7,7.497506473103728,False,False,0.6582341519287621
p,525,middle,0.8927667923364893,15,5,accuracy_generalizability,3,0.5653865253526325,True,False,0.27100825378004323
p,525,middle,0.8927667923364893,15,5,accuracy_generalizability,4,0.44077012707795954,False,False,0.3373522076908667
p,525,middle,0.8927667923364893,15,5,accuracy_generalizability,5,0.36512475546605494,False,True,0.36929770489847125
p,525,middle,0.8927667923364893,15,5,accuracy_generalizability,6,0.32278158266297724,False,False,0.4247841532493036
p,525,middle,0.8927667923364893,15,5,accuracy_generalizability,7,0.2779090494298594,False,False,0.417444243945985
p,525,middle,0.8927667923364893,15,5,ari_generalizability,3,0.1562676333865542,True,False,0.27100825378004323
p,525,middle,0.8927667923364893,15,5,ari_generalizability,4,0.09446016186136118,False,False,0.3373522076908667
p,525,middle,0.8927667923364893,15,5,ari_generalizability,5,0.06076108599676437,False,True,0.36929770489847125
p,525,middle,0.8927667923364893,15,5,ari_generalizability,6,0.04916590522993751,False,False,0.4247841532493036
p,525,middle,0.8927667923364893,15,5,ari_generalizability,7,0.035363228811578246,False,False,0.417444243945985
p,525,middle,0.8927667923364893,15,5,ari_generalizability_1se,3,0.1562676333865542,True,False,0.27100825378004323
p,525,middle,0.8927667923364893,15,5,ari_generalizability_1se,4,0.09446016186136118,False,False,0.3373522076908667
p,525,middle,0.8927667923364893,15,5,ari_generalizability_1se,5,0.06076108599676437,False,True,0.36929770489847125
p,525,middle,0.8927667923364893,15,5,ari_generalizability_1se,6,0.04916590522993751,False,False,0.4247841532493036
p,525,middle,0.8927667923364893,15,5,ari_generalizability_1se,7,0.035363228811578246,False,False,0.417444243945985
p,525,middle,0.8927667923364893,15,5,ari_generalizability_quant,3,0.1562676333865542,False,False,0.27100825378004323
p,525,middle,0.8927667923364893,15,5,ari_generalizability_quant,4,0.09446016186136118,True,False,0.3373522076908667
p,525,middle,0.8927667923364893,15,5,ari_generalizability_quant,5,0.06076108599676437,False,True,0.36929770489847125
p,525,middle,0.8927667923364893,15,5,ari_generalizability_quant,6,0.04916590522993751,False,False,0.4247841532493036
p,525,middle,0.8927667923364893,15,5,ari_generalizability_quant,7,0.035363228811578246,False,False,0.417444243945985
p,525,middle,0.8927667923364893,15,5,ari_stability,3,0.5956580406436871,True,False,0.5885889688773058
p,525,middle,0.8927667923364893,15,5,ari_stability,4,0.5514464971069516,False,False,0.7472981157292633
p,525,middle,0.8927667923364893,15,5,ari_stability,5,0.3794463776050834,False,True,0.7693902179763886
p,525,middle,0.8927667923364893,15,5,ari_stability,6,0.28292690108690244,False,False,0.837557011055656
p,525,middle,0.8927667923364893,15,5,ari_stability,7,0.21010278118236891,False,False,0.8288784194157583
p,525,middle,0.8927667923364893,15,5,ari_stability_1se,3,0.5956580406436871,True,False,0.5885889688773058
p,525,middle,0.8927667923364893,15,5,ari_stability_1se,4,0.5514464971069516,False,False,0.7472981157292633
p,525,middle,0.8927667923364893,15,5,ari_stability_1se,5,0.3794463776050834,False,True,0.7693902179763886
p,525,middle,0.8927667923364893,15,5,ari_stability_1se,6,0.28292690108690244,False,False,0.837557011055656
p,525,middle,0.8927667923364893,15,5,ari_stability_1se,7,0.21010278118236891,False,False,0.8288784194157583
p,525,middle,0.8927667923364893,15,5,ari_stability_quant,3,0.5956580406436871,False,False,0.5885889688773058
p,525,middle,0.8927667923364893,15,5,ari_stability_quant,4,0.5514464971069516,True,False,0.7472981157292633
p,525,middle,0.8927667923364893,15,5,ari_stability_quant,5,0.3794463776050834,False,True,0.7693902179763886
p,525,middle,0.8927667923364893,15,5,ari_stability_quant,6,0.28292690108690244,False,False,0.837557011055656
p,525,middle,0.8927667923364893,15,5,ari_stability_quant,7,0.21010278118236891,False,False,0.8288784194157583
p,525,middle,0.8927667923364893,15,5,consensus_ce_stability,3,0.6079279813930523,False,False,0.5885889688773058
p,525,middle,0.8927667923364893,15,5,consensus_ce_stability,4,0.6223293372973381,True,False,0.7472981157292633
p,525,middle,0.8927667923364893,15,5,consensus_ce_stability,5,0.5444687017783367,False,True,0.7693902179763886
p,525,middle,0.8927667923364893,15,5,consensus_ce_stability,6,0.5322274438996033,False,False,0.837557011055656
p,525,middle,0.8927667923364893,15,5,consensus_ce_stability,7,0.5289322605928558,False,False,0.8288784194157583
p,525,middle,0.8927667923364893,15,5,consensus_gini_stability,3,0.6511868623675038,False,False,0.5885889688773058
p,525,middle,0.8927667923364893,15,5,consensus_gini_stability,4,0.6704634062894804,True,False,0.7472981157292633
p,525,middle,0.8927667923364893,15,5,consensus_gini_stability,5,0.5990461455558738,False,True,0.7693902179763886
p,525,middle,0.8927667923364893,15,5,consensus_gini_stability,6,0.5894473755664105,False,False,0.837557011055656
p,525,middle,0.8927667923364893,15,5,consensus_gini_stability,7,0.5906476810809692,False,False,0.8288784194157583
p,525,middle,0.8927667923364893,15,5,consensus_pac_stability,3,0.4726430953969313,False,False,0.5885889688773058
p,525,middle,0.8927667923364893,15,5,consensus_pac_stability,4,0.48410762730709367,True,False,0.7472981157292633
p,525,middle,0.8927667923364893,15,5,consensus_pac_stability,5,0.38383099844340673,False,True,0.7693902179763886
p,525,middle,0.8927667923364893,15,5,consensus_pac_stability,6,0.36220057816321993,False,False,0.837557011055656
p,525,middle,0.8927667923364893,15,5,consensus_pac_stability,7,0.3367569490771626,False,False,0.8288784194157583
p,525,middle,0.8927667923364893,15,5,silhouette,3,0.008185869697355378,False,False,0.5868579883071396
p,525,middle,0.8927667923364893,15,5,silhouette,4,0.00924966118717428,False,False,0.7627159970203525
p,525,middle,0.8927667923364893,15,5,silhouette,5,0.01011917300429939,True,True,0.8927667923364893
p,525,middle,0.8927667923364893,15,5,silhouette,6,0.0077701025931128384,False,False,0.7275756923898492
p,525,middle,0.8927667923364893,15,5,silhouette,7,0.006833934461952485,False,False,0.6191651723947602
p,525,middle,0.8927667923364893,15,5,gap,3,1.3432102360596438,False,False,0.5868579883071396
p,525,middle,0.8927667923364893,15,5,gap,4,1.346553213215497,False,False,0.7627159970203525
p,525,middle,0.8927667923364893,15,5,gap,5,1.3495172306015917,False,True,0.8927667923364893
p,525,middle,0.8927667923364893,15,5,gap,6,1.3506184240141543,False,False,0.7275756923898492
p,525,middle,0.8927667923364893,15,5,gap,7,1.3510269711100769,True,False,0.6191651723947602
p,525,middle,0.8927667923364893,15,5,davies_bouldin,3,0.09188908299052284,False,False,0.5868579883071396
p,525,middle,0.8927667923364893,15,5,davies_bouldin,4,0.10030293671773063,False,False,0.7627159970203525
p,525,middle,0.8927667923364893,15,5,davies_bouldin,5,0.11153687517506343,True,True,0.8927667923364893
p,525,middle,0.8927667923364893,15,5,davies_bouldin,6,0.10160086804123888,False,False,0.7275756923898492
p,525,middle,0.8927667923364893,15,5,davies_bouldin,7,0.097114732010359,False,False,0.6191651723947602
p,525,middle,0.8927667923364893,15,5,calinski_harabasz,3,11.43209901956569,True,False,0.5868579883071396
p,525,middle,0.8927667923364893,15,5,calinski_harabasz,4,10.320433288177005,False,False,0.7627159970203525
p,525,middle,0.8927667923364893,15,5,calinski_harabasz,5,9.494003865136484,False,True,0.8927667923364893
p,525,middle,0.8927667923364893,15,5,calinski_harabasz,6,8.376585636384828,False,False,0.7275756923898492
p,525,middle,0.8927667923364893,15,5,calinski_harabasz,7,7.422313952741141,False,False,0.6191651723947602
p,525,middle,0.522764051020984,16,5,accuracy_generalizability,3,0.5490307030741869,True,False,0.3364837096910005
p,525,middle,0.522764051020984,16,5,accuracy_generalizability,4,0.41324226139619974,False,False,0.30151874630334624
p,525,middle,0.522764051020984,16,5,accuracy_generalizability,5,0.33875611681793955,False,True,0.31158744133415245
p,525,middle,0.522764051020984,16,5,accuracy_generalizability,6,0.30366636551426857,False,False,0.3022854508945592
p,525,middle,0.522764051020984,16,5,accuracy_generalizability,7,0.26730358472941773,False,False,0.2949371277795179
p,525,middle,0.522764051020984,16,5,ari_generalizability,3,0.15785940761510733,True,False,0.3364837096910005
p,525,middle,0.522764051020984,16,5,ari_generalizability,4,0.07132887834281489,False,False,0.30151874630334624
p,525,middle,0.522764051020984,16,5,ari_generalizability,5,0.043813836700745214,False,True,0.31158744133415245
p,525,middle,0.522764051020984,16,5,ari_generalizability,6,0.033091227168233275,False,False,0.3022854508945592
p,525,middle,0.522764051020984,16,5,ari_generalizability,7,0.021796734423297645,False,False,0.2949371277795179
p,525,middle,0.522764051020984,16,5,ari_generalizability_1se,3,0.15785940761510733,True,False,0.3364837096910005
p,525,middle,0.522764051020984,16,5,ari_generalizability_1se,4,0.07132887834281489,False,False,0.30151874630334624
p,525,middle,0.522764051020984,16,5,ari_generalizability_1se,5,0.043813836700745214,False,True,0.31158744133415245
p,525,middle,0.522764051020984,16,5,ari_generalizability_1se,6,0.033091227168233275,False,False,0.3022854508945592
p,525,middle,0.522764051020984,16,5,ari_generalizability_1se,7,0.021796734423297645,False,False,0.2949371277795179
p,525,middle,0.522764051020984,16,5,ari_generalizability_quant,3,0.15785940761510733,True,False,0.3364837096910005
p,525,middle,0.522764051020984,16,5,ari_generalizability_quant,4,0.07132887834281489,False,False,0.30151874630334624
p,525,middle,0.522764051020984,16,5,ari_generalizability_quant,5,0.043813836700745214,False,True,0.31158744133415245
p,525,middle,0.522764051020984,16,5,ari_generalizability_quant,6,0.033091227168233275,False,False,0.3022854508945592
p,525,middle,0.522764051020984,16,5,ari_generalizability_quant,7,0.021796734423297645,False,False,0.2949371277795179
p,525,middle,0.522764051020984,16,5,ari_stability,3,0.49771278019936893,True,False,0.6107062889586405
p,525,middle,0.522764051020984,16,5,ari_stability,4,0.2970429068307934,False,False,0.6150804241416762
p,525,middle,0.522764051020984,16,5,ari_stability,5,0.20024773374678362,False,True,0.7093498710280177
p,525,middle,0.522764051020984,16,5,ari_stability,6,0.1355727930401846,False,False,0.706892407499826
p,525,middle,0.522764051020984,16,5,ari_stability,7,0.1040219490310448,False,False,0.7268109130886455
p,525,middle,0.522764051020984,16,5,ari_stability_1se,3,0.49771278019936893,True,False,0.6107062889586405
p,525,middle,0.522764051020984,16,5,ari_stability_1se,4,0.2970429068307934,False,False,0.6150804241416762
p,525,middle,0.522764051020984,16,5,ari_stability_1se,5,0.20024773374678362,False,True,0.7093498710280177
p,525,middle,0.522764051020984,16,5,ari_stability_1se,6,0.1355727930401846,False,False,0.706892407499826
p,525,middle,0.522764051020984,16,5,ari_stability_1se,7,0.1040219490310448,False,False,0.7268109130886455
p,525,middle,0.522764051020984,16,5,ari_stability_quant,3,0.49771278019936893,True,False,0.6107062889586405
p,525,middle,0.522764051020984,16,5,ari_stability_quant,4,0.2970429068307934,False,False,0.6150804241416762
p,525,middle,0.522764051020984,16,5,ari_stability_quant,5,0.20024773374678362,False,True,0.7093498710280177
p,525,middle,0.522764051020984,16,5,ari_stability_quant,6,0.1355727930401846,False,False,0.706892407499826
p,525,middle,0.522764051020984,16,5,ari_stability_quant,7,0.1040219490310448,False,False,0.7268109130886455
p,525,middle,0.522764051020984,16,5,consensus_ce_stability,3,0.5233807703356094,True,False,0.6107062889586405
p,525,middle,0.522764051020984,16,5,consensus_ce_stability,4,0.41267505094306967,False,False,0.6150804241416762
p,525,middle,0.522764051020984,16,5,consensus_ce_stability,5,0.41757065918638864,False,True,0.7093498710280177
p,525,middle,0.522764051020984,16,5,consensus_ce_stability,6,0.43332698202665687,False,False,0.706892407499826
p,525,middle,0.522764051020984,16,5,consensus_ce_stability,7,0.45974265765239497,False,False,0.7268109130886455
p,525,middle,0.522764051020984,16,5,consensus_gini_stability,3,0.5626021429925089,True,False,0.6107062889586405
p,525,middle,0.522764051020984,16,5,consensus_gini_stability,4,0.46591491586042094,False,False,0.6150804241416762
p,525,middle,0.522764051020984,16,5,consensus_gini_stability,5,0.47545173657168227,False,True,0.7093498710280177
p,525,middle,0.522764051020984,16,5,consensus_gini_stability,6,0.49769682439123913,False,False,0.706892407499826
p,525,middle,0.522764051020984,16,5,consensus_gini_stability,7,0.5308260587894748,False,False,0.7268109130886455
p,525,middle,0.522764051020984,16,5,consensus_pac_stability,3,0.40936713364465194,True,False,0.6107062889586405
p,525,middle,0.522764051020984,16,5,consensus_pac_stability,4,0.24569624193907047,False,False,0.6150804241416762
p,525,middle,0.522764051020984,16,5,consensus_pac_stability,5,0.22823037580609296,False,True,0.7093498710280177
p,525,middle,0.522764051020984,16,5,consensus_pac_stability,6,0.21491483211029572,False,False,0.706892407499826
p,525,middle,0.522764051020984,16,5,consensus_pac_stability,7,0.2120862797420503,False,False,0.7268109130886455
p,525,middle,0.522764051020984,16,5,silhouette,3,0.007594655388189759,False,False,0.639057627558694
p,525,middle,0.522764051020984,16,5,silhouette,4,0.008564345437289844,True,False,0.7451530953910376
p,525,middle,0.522764051020984,16,5,silhouette,5,0.005717173586362064,False,True,0.522764051020984
p,525,middle,0.522764051020984,16,5,silhouette,6,0.00615826186214229,False,False,0.6202282569536759
p,525,middle,0.522764051020984,16,5,silhouette,7,0.005854234540463029,False,False,0.5834294103673552
p,525,middle,0.522764051020984,16,5,gap,3,1.3353952511810938,False,False,0.639057627558694
p,525,middle,0.522764051020984,16,5,gap,4,1.3381614341940775,False,False,0.7451530953910376
p,525,middle,0.522764051020984,16,5,gap,5,1.3391597877333012,False,True,0.522764051020984
p,525,middle,0.522764051020984,16,5,gap,6,1.341823570809666,False,False,0.6202282569536759
p,525,middle,0.522764051020984,16,5,gap,7,1.342680923369965,True,False,0.5834294103673552
p,525,middle,0.522764051020984,16,5,davies_bouldin,3,0.09188433808779688,False,False,0.639057627558694
p,525,middle,0.522764051020984,16,5,davies_bouldin,4,0.09885155113416177,False,False,0.7451530953910376
p,525,middle,0.522764051020984,16,5,davies_bouldin,5,0.08938874880781075,False,True,0.522764051020984
p,525,middle,0.522764051020984,16,5,davies_bouldin,6,0.09823498962955687,False,False,0.6202282569536759
p,525,middle,0.522764051020984,16,5,davies_bouldin,7,0.09910614360912336,True,False,0.5834294103673552
p,525,middle,0.522764051020984,16,5,calinski_harabasz,3,10.756619746258028,True,False,0.639057627558694
p,525,middle,0.522764051020984,16,5,calinski_harabasz,4,9.51162721246377,False,False,0.7451530953910376
p,525,middle,0.522764051020984,16,5,calinski_harabasz,5,8.192557345194068,False,True,0.522764051020984
p,525,middle,0.522764051020984,16,5,calinski_harabasz,6,7.821777389115958,False,False,0.6202282569536759
p,525,middle,0.522764051020984,16,5,calinski_harabasz,7,7.06052631513964,False,False,0.5834294103673552
p,525,middle,0.9295542085078867,17,5,accuracy_generalizability,3,0.5926085287154068,True,False,0.24173656450143072
p,525,middle,0.9295542085078867,17,5,accuracy_generalizability,4,0.452892006664139,False,False,0.30381347906927236
p,525,middle,0.9295542085078867,17,5,accuracy_generalizability,5,0.3800526624619092,False,True,0.17195712169786107
p,525,middle,0.9295542085078867,17,5,accuracy_generalizability,6,0.341853357677415,False,False,0.2194699055293404
p,525,middle,0.9295542085078867,17,5,accuracy_generalizability,7,0.30043826073327257,False,False,0.44980863992464076
p,525,middle,0.9295542085078867,17,5,ari_generalizability,3,0.1863864809993175,True,False,0.24173656450143072
p,525,middle,0.9295542085078867,17,5,ari_generalizability,4,0.10185334803368885,False,False,0.30381347906927236
p,525,middle,0.9295542085078867,17,5,ari_generalizability,5,0.06684156662789928,False,True,0.17195712169786107
p,525,middle,0.9295542085078867,17,5,ari_generalizability,6,0.055242608950422926,False,False,0.2194699055293404
p,525,middle,0.9295542085078867,17,5,ari_generalizability,7,0.042568142144205075,False,False,0.44980863992464076
p,525,middle,0.9295542085078867,17,5,ari_generalizability_1se,3,0.1863864809993175,True,False,0.24173656450143072
p,525,middle,0.9295542085078867,17,5,ari_generalizability_1se,4,0.10185334803368885,False,False,0.30381347906927236
p,525,middle,0.9295542085078867,17,5,ari_generalizability_1se,5,0.06684156662789928,False,True,0.17195712169786107
p,525,middle,0.9295542085078867,17,5,ari_generalizability_1se,6,0.055242608950422926,False,False,0.2194699055293404
p,525,middle,0.9295542085078867,17,5,ari_generalizability_1se,7,0.042568142144205075,False,False,0.44980863992464076
p,525,middle,0.9295542085078867,17,5,ari_generalizability_quant,3,0.1863864809993175,True,False,0.24173656450143072
p,525,middle,0.9295542085078867,17,5,ari_generalizability_quant,4,0.10185334803368885,False,False,0.30381347906927236
p,525,middle,0.9295542085078867,17,5,ari_generalizability_quant,5,0.06684156662789928,False,True,0.17195712169786107
p,525,middle,0.9295542085078867,17,5,ari_generalizability_quant,6,0.055242608950422926,False,False,0.2194699055293404
p,525,middle,0.9295542085078867,17,5,ari_generalizability_quant,7,0.042568142144205075,False,False,0.44980863992464076
p,525,middle,0.9295542085078867,17,5,ari_stability,3,0.6902157647527396,True,False,0.6100567506271167
p,525,middle,0.9295542085078867,17,5,ari_stability,4,0.6126924839079256,False,False,0.7918519243633688
p,525,middle,0.9295542085078867,17,5,ari_stability,5,0.4575261788984889,False,True,0.8586850083161792
p,525,middle,0.9295542085078867,17,5,ari_stability,6,0.3860370687641857,False,False,0.8865501884473216
p,525,middle,0.9295542085078867,17,5,ari_stability,7,0.2893492955833251,False,False,0.8564356789264174
p,525,middle,0.9295542085078867,17,5,ari_stability_1se,3,0.6902157647527396,True,False,0.6100567506271167
p,525,middle,0.9295542085078867,17,5,ari_stability_1se,4,0.6126924839079256,False,False,0.7918519243633688
p,525,middle,0.9295542085078867,17,5,ari_stability_1se,5,0.4575261788984889,False,True,0.8586850083161792
p,525,middle,0.9295542085078867,17,5,ari_stability_1se,6,0.3860370687641857,False,False,0.8865501884473216
p,525,middle,0.9295542085078867,17,5,ari_stability_1se,7,0.2893492955833251,False,False,0.8564356789264174
p,525,middle,0.9295542085078867,17,5,ari_stability_quant,3,0.6902157647527396,False,False,0.6100567506271167
p,525,middle,0.9295542085078867,17,5,ari_stability_quant,4,0.6126924839079256,True,False,0.7918519243633688
p,525,middle,0.9295542085078867,17,5,ari_stability_quant,5,0.4575261788984889,False,True,0.8586850083161792
p,525,middle,0.9295542085078867,17,5,ari_stability_quant,6,0.3860370687641857,False,False,0.8865501884473216
p,525,middle,0.9295542085078867,17,5,ari_stability_quant,7,0.2893492955833251,False,False,0.8564356789264174
p,525,middle,0.9295542085078867,17,5,consensus_ce_stability,3,0.6939795726593633,True,False,0.6100567506271167
p,525,middle,0.9295542085078867,17,5,consensus_ce_stability,4,0.6620749742969928,False,False,0.7918519243633688
p,525,middle,0.9295542085078867,17,5,consensus_ce_stability,5,0.6012830645072946,False,True,0.8586850083161792
p,525,middle,0.9295542085078867,17,5,consensus_ce_stability,6,0.5965034416028245,False,False,0.8865501884473216
p,525,middle,0.9295542085078867,17,5,consensus_ce_stability,7,0.5820085938515233,False,False,0.8564356789264174
p,525,middle,0.9295542085078867,17,5,consensus_gini_stability,3,0.7280037031217542,True,False,0.6100567506271167
p,525,middle,0.9295542085078867,17,5,consensus_gini_stability,4,0.7058530381694732,False,False,0.7918519243633688
p,525,middle,0.9295542085078867,17,5,consensus_gini_stability,5,0.6535720641615425,False,True,0.8586850083161792
p,525,middle,0.9295542085078867,17,5,consensus_gini_stability,6,0.6478434994909122,False,False,0.8865501884473216
p,525,middle,0.9295542085078867,17,5,consensus_gini_stability,7,0.6349002408077316,False,False,0.8564356789264174
p,525,middle,0.9295542085078867,17,5,consensus_pac_stability,3,0.5957767400489216,True,False,0.6100567506271167
p,525,middle,0.9295542085078867,17,5,consensus_pac_stability,4,0.5416117411607739,False,False,0.7918519243633688
p,525,middle,0.9295542085078867,17,5,consensus_pac_stability,5,0.4489748721369802,False,True,0.8586850083161792
p,525,middle,0.9295542085078867,17,5,consensus_pac_stability,6,0.4572221480987325,False,False,0.8865501884473216
p,525,middle,0.9295542085078867,17,5,consensus_pac_stability,7,0.43742761841227484,False,False,0.8564356789264174
p,525,middle,0.9295542085078867,17,5,silhouette,3,0.008540399157840274,False,False,0.5825093428898324
p,525,middle,0.9295542085078867,17,5,silhouette,4,0.009155246150102771,False,False,0.8072278257617803
p,525,middle,0.9295542085078867,17,5,silhouette,5,0.010203576183720137,True,True,0.9295542085078867
p,525,middle,0.9295542085078867,17,5,silhouette,6,0.008357864970703944,False,False,0.7286747790914533
p,525,middle,0.9295542085078867,17,5,silhouette,7,0.00747679847802015,False,False,0.6541546721076773
p,525,middle,0.9295542085078867,17,5,gap,3,1.3460677962554541,False,False,0.5825093428898324
p,525,middle,0.9295542085078867,17,5,gap,4,1.3495779971931903,False,False,0.8072278257617803
p,525,middle,0.9295542085078867,17,5,gap,5,1.3526606354795163,False,True,0.9295542085078867
p,525,middle,0.9295542085078867,17,5,gap,6,1.3536170138727606,False,False,0.7286747790914533
p,525,middle,0.9295542085078867,17,5,gap,7,1.354008185203206,True,False,0.6541546721076773
p,525,middle,0.9295542085078867,17,5,davies_bouldin,3,0.0940196859545896,False,False,0.5825093428898324
p,525,middle,0.9295542085078867,17,5,davies_bouldin,4,0.10126104489178783,False,False,0.8072278257617803
p,525,middle,0.9295542085078867,17,5,davies_bouldin,5,0.11381532797114814,True,True,0.9295542085078867
p,525,middle,0.9295542085078867,17,5,davies_bouldin,6,0.1013196302515093,False,False,0.7286747790914533
p,525,middle,0.9295542085078867,17,5,davies_bouldin,7,0.10283721389727747,False,False,0.6541546721076773
p,525,middle,0.9295542085078867,17,5,calinski_harabasz,3,11.74965295950298,True,False,0.5825093428898324
p,525,middle,0.9295542085078867,17,5,calinski_harabasz,4,10.5742391708938,False,False,0.8072278257617803
p,525,middle,0.9295542085078867,17,5,calinski_harabasz,5,9.75304099033448,False,True,0.9295542085078867
p,525,middle,0.9295542085078867,17,5,calinski_harabasz,6,8.562267233527304,False,False,0.7286747790914533
p,525,middle,0.9295542085078867,17,5,calinski_harabasz,7,7.587480292666221,False,False,0.6541546721076773
p,525,middle,0.9128804823973878,18,5,accuracy_generalizability,3,0.5595558974901542,True,False,0.1263719739342489
p,525,middle,0.9128804823973878,18,5,accuracy_generalizability,4,0.47426321765090884,False,False,0.5210582354236317
p,525,middle,0.9128804823973878,18,5,accuracy_generalizability,5,0.39585953038027866,False,True,0.3884572259661165
p,525,middle,0.9128804823973878,18,5,accuracy_generalizability,6,0.3409931659403843,False,False,0.49481198714069485
p,525,middle,0.9128804823973878,18,5,accuracy_generalizability,7,0.294136835545517,False,False,0.47020127156876845
p,525,middle,0.9128804823973878,18,5,ari_generalizability,3,0.1295969244347868,True,False,0.1263719739342489
p,525,middle,0.9128804823973878,18,5,ari_generalizability,4,0.12034602834489241,False,False,0.5210582354236317
p,525,middle,0.9128804823973878,18,5,ari_generalizability,5,0.08033725897909598,False,True,0.3884572259661165
p,525,middle,0.9128804823973878,18,5,ari_generalizability,6,0.06064212610205599,False,False,0.49481198714069485
p,525,middle,0.9128804823973878,18,5,ari_generalizability,7,0.04093676151399518,False,False,0.47020127156876845
p,525,middle,0.9128804823973878,18,5,ari_generalizability_1se,3,0.1295969244347868,True,False,0.1263719739342489
p,525,middle,0.9128804823973878,18,5,ari_generalizability_1se,4,0.12034602834489241,False,False,0.5210582354236317
p,525,middle,0.9128804823973878,18,5,ari_generalizability_1se,5,0.08033725897909598,False,True,0.3884572259661165
p,525,middle,0.9128804823973878,18,5,ari_generalizability_1se,6,0.06064212610205599,False,False,0.49481198714069485
p,525,middle,0.9128804823973878,18,5,ari_generalizability_1se,7,0.04093676151399518,False,False,0.47020127156876845
p,525,middle,0.9128804823973878,18,5,ari_generalizability_quant,3,0.1295969244347868,False,False,0.1263719739342489
p,525,middle,0.9128804823973878,18,5,ari_generalizability_quant,4,0.12034602834489241,False,False,0.5210582354236317
p,525,middle,0.9128804823973878,18,5,ari_generalizability_quant,5,0.08033725897909598,False,True,0.3884572259661165
p,525,middle,0.9128804823973878,18,5,ari_generalizability_quant,6,0.06064212610205599,False,False,0.49481198714069485
p,525,middle,0.9128804823973878,18,5,ari_generalizability_quant,7,0.04093676151399518,True,False,0.47020127156876845
p,525,middle,0.9128804823973878,18,5,ari_stability,3,0.711124655820122,True,False,0.5955877701030629
p,525,middle,0.9128804823973878,18,5,ari_stability,4,0.6788184892448708,False,False,0.7915548966612006
p,525,middle,0.9128804823973878,18,5,ari_stability,5,0.47598462707196915,False,True,0.7851540686674786
p,525,middle,0.9128804823973878,18,5,ari_stability,6,0.33492534802437207,False,False,0.7861322459288069
p,525,middle,0.9128804823973878,18,5,ari_stability,7,0.25488634393732235,False,False,0.8219646281090971
p,525,middle,0.9128804823973878,18,5,ari_stability_1se,3,0.711124655820122,True,False,0.5955877701030629
p,525,middle,0.9128804823973878,18,5,ari_stability_1se,4,0.6788184892448708,False,False,0.7915548966612006
p,525,middle,0.9128804823973878,18,5,ari_stability_1se,5,0.47598462707196915,False,True,0.7851540686674786
p,525,middle,0.9128804823973878,18,5,ari_stability_1se,6,0.33492534802437207,False,False,0.7861322459288069
p,525,middle,0.9128804823973878,18,5,ari_stability_1se,7,0.25488634393732235,False,False,0.8219646281090971
p,525,middle,0.9128804823973878,18,5,ari_stability_quant,3,0.711124655820122,False,False,0.5955877701030629
p,525,middle,0.9128804823973878,18,5,ari_stability_quant,4,0.6788184892448708,False,False,0.7915548966612006
p,525,middle,0.9128804823973878,18,5,ari_stability_quant,5,0.47598462707196915,True,True,0.7851540686674786
p,525,middle,0.9128804823973878,18,5,ari_stability_quant,6,0.33492534802437207,False,False,0.7861322459288069
p,525,middle,0.9128804823973878,18,5,ari_stability_quant,7,0.25488634393732235,False,False,0.8219646281090971
p,525,middle,0.9128804823973878,18,5,consensus_ce_stability,3,0.7004766392860514,False,False,0.5955877701030629
p,525,middle,0.9128804823973878,18,5,consensus_ce_stability,4,0.7290502473327061,True,False,0.7915548966612006
p,525,middle,0.9128804823973878,18,5,consensus_ce_stability,5,0.6104472183251989,False,True,0.7851540686674786
p,525,middle,0.9128804823973878,18,5,consensus_ce_stability,6,0.5674498341503648,False,False,0.7861322459288069
p,525,middle,0.9128804823973878,18,5,consensus_ce_stability,7,0.545197646620255,False,False,0.8219646281090971
p,525,middle,0.9128804823973878,18,5,consensus_gini_stability,3,0.7375457703932651,False,False,0.5955877701030629
p,525,middle,0.9128804823973878,18,5,consensus_gini_stability,4,0.7655153740598621,True,False,0.7915548966612006
p,525,middle,0.9128804823973878,18,5,consensus_gini_stability,5,0.6603878430341799,False,True,0.7851540686674786
p,525,middle,0.9128804823973878,18,5,consensus_gini_stability,6,0.6199632382187603,False,False,0.7861322459288069
p,525,middle,0.9128804823973878,18,5,consensus_gini_stability,7,0.6032470496323821,False,False,0.8219646281090971
p,525,middle,0.9128804823973878,18,5,consensus_pac_stability,3,0.5846724482988659,False,False,0.5955877701030629
p,525,middle,0.9128804823973878,18,5,consensus_pac_stability,4,0.634512786301979,True,False,0.7915548966612006
p,525,middle,0.9128804823973878,18,5,consensus_pac_stability,5,0.47051011785634866,False,True,0.7851540686674786
p,525,middle,0.9128804823973878,18,5,consensus_pac_stability,6,0.42068668000889486,False,False,0.7861322459288069
p,525,middle,0.9128804823973878,18,5,consensus_pac_stability,7,0.37253279964420727,False,False,0.8219646281090971
p,525,middle,0.9128804823973878,18,5,silhouette,3,0.008424643872318671,False,False,0.5987713282171123
p,525,middle,0.9128804823973878,18,5,silhouette,4,0.009262616100701374,False,False,0.8073867233097827
p,525,middle,0.9128804823973878,18,5,silhouette,5,0.010037746696561503,True,True,0.9128804823973878
p,525,middle,0.9128804823973878,18,5,silhouette,6,0.007972187561620391,False,False,0.8102246222659516
p,525,middle,0.9128804823973878,18,5,silhouette,7,0.006251093913021841,False,False,0.7574886405636244
p,525,middle,0.9128804823973878,18,5,gap,3,1.337494603471896,False,False,0.5987713282171123
p,525,middle,0.9128804823973878,18,5,gap,4,1.341150689507142,False,False,0.8073867233097827
p,525,middle,0.9128804823973878,18,5,gap,5,1.34352083898791,False,True,0.9128804823973878
p,525,middle,0.9128804823973878,18,5,gap,6,1.3440736196967045,True,False,0.8102246222659516
p,525,middle,0.9128804823973878,18,5,gap,7,1.3437642512076025,False,False,0.7574886405636244
p,525,middle,0.9128804823973878,18,5,davies_bouldin,3,0.09461432194503674,False,False,0.5987713282171123
p,525,middle,0.9128804823973878,18,5,davies_bouldin,4,0.10041189628690983,False,False,0.8073867233097827
p,525,middle,0.9128804823973878,18,5,davies_bouldin,5,0.11226334858530594,True,True,0.9128804823973878
p,525,middle,0.9128804823973878,18,5,davies_bouldin,6,0.10355847687485441,False,False,0.8102246222659516
p,525,middle,0.9128804823973878,18,5,davies_bouldin,7,0.10732254515833124,False,False,0.7574886405636244
p,525,middle,0.9128804823973878,18,5,calinski_harabasz,3,11.705019402187054,True,False,0.5987713282171123
p,525,middle,0.9128804823973878,18,5,calinski_harabasz,4,10.629888656329214,False,False,0.8073867233097827
p,525,middle,0.9128804823973878,18,5,calinski_harabasz,5,9.517437572431191,False,True,0.9128804823973878
p,525,middle,0.9128804823973878,18,5,calinski_harabasz,6,8.25454764893315,False,False,0.8102246222659516
p,525,middle,0.9128804823973878,18,5,calinski_harabasz,7,7.125962240619532,False,False,0.7574886405636244
p,525,middle,0.8907066904151765,19,5,accuracy_generalizability,3,0.5616551425365938,True,False,0.33532087786220066
p,525,middle,0.8907066904151765,19,5,accuracy_generalizability,4,0.42488847856396494,False,False,0.2488669505127715
p,525,middle,0.8907066904151765,19,5,accuracy_generalizability,5,0.375261631283293,False,True,0.4196581880799182
p,525,middle,0.8907066904151765,19,5,accuracy_generalizability,6,0.3248137376506933,False,False,0.36116387775546793
p,525,middle,0.8907066904151765,19,5,accuracy_generalizability,7,0.3056318188018072,False,False,0.4609927293747528
p,525,middle,0.8907066904151765,19,5,ari_generalizability,3,0.15704557166519614,True,False,0.33532087786220066
p,525,middle,0.8907066904151765,19,5,ari_generalizability,4,0.08662158583950683,False,False,0.2488669505127715
p,525,middle,0.8907066904151765,19,5,ari_generalizability,5,0.07682128417188108,False,True,0.4196581880799182
p,525,middle,0.8907066904151765,19,5,ari_generalizability,6,0.055452915631964535,False,False,0.36116387775546793
p,525,middle,0.8907066904151765,19,5,ari_generalizability,7,0.04806640566503252,False,False,0.4609927293747528
p,525,middle,0.8907066904151765,19,5,ari_generalizability_1se,3,0.15704557166519614,True,False,0.33532087786220066
p,525,middle,0.8907066904151765,19,5,ari_generalizability_1se,4,0.08662158583950683,False,False,0.2488669505127715
p,525,middle,0.8907066904151765,19,5,ari_generalizability_1se,5,0.07682128417188108,False,True,0.4196581880799182
p,525,middle,0.8907066904151765,19,5,ari_generalizability_1se,6,0.055452915631964535,False,False,0.36116387775546793
p,525,middle,0.8907066904151765,19,5,ari_generalizability_1se,7,0.04806640566503252,False,False,0.4609927293747528
p,525,middle,0.8907066904151765,19,5,ari_generalizability_quant,3,0.15704557166519614,False,False,0.33532087786220066
p,525,middle,0.8907066904151765,19,5,ari_generalizability_quant,4,0.08662158583950683,False,False,0.2488669505127715
p,525,middle,0.8907066904151765,19,5,ari_generalizability_quant,5,0.07682128417188108,True,True,0.4196581880799182
p,525,middle,0.8907066904151765,19,5,ari_generalizability_quant,6,0.055452915631964535,False,False,0.36116387775546793
p,525,middle,0.8907066904151765,19,5,ari_generalizability_quant,7,0.04806640566503252,False,False,0.4609927293747528
p,525,middle,0.8907066904151765,19,5,ari_stability,3,0.6424403837855495,True,False,0.7303392354142013
p,525,middle,0.8907066904151765,19,5,ari_stability,4,0.36025973318219257,False,False,0.7264271297160854
p,525,middle,0.8907066904151765,19,5,ari_stability,5,0.2631433098166579,False,True,0.7497904613947377
p,525,middle,0.8907066904151765,19,5,ari_stability,6,0.19733276479903408,False,False,0.8080470185529318
p,525,middle,0.8907066904151765,19,5,ari_stability,7,0.16248540262148206,False,False,0.8000810717782201
p,525,middle,0.8907066904151765,19,5,ari_stability_1se,3,0.6424403837855495,True,False,0.7303392354142013
p,525,middle,0.8907066904151765,19,5,ari_stability_1se,4,0.36025973318219257,False,False,0.7264271297160854
p,525,middle,0.8907066904151765,19,5,ari_stability_1se,5,0.2631433098166579,False,True,0.7497904613947377
p,525,middle,0.8907066904151765,19,5,ari_stability_1se,6,0.19733276479903408,False,False,0.8080470185529318
p,525,middle,0.8907066904151765,19,5,ari_stability_1se,7,0.16248540262148206,False,False,0.8000810717782201
p,525,middle,0.8907066904151765,19,5,ari_stability_quant,3,0.6424403837855495,True,False,0.7303392354142013
p,525,middle,0.8907066904151765,19,5,ari_stability_quant,4,0.36025973318219257,False,False,0.7264271297160854
p,525,middle,0.8907066904151765,19,5,ari_stability_quant,5,0.2631433098166579,False,True,0.7497904613947377
p,525,middle,0.8907066904151765,19,5,ari_stability_quant,6,0.19733276479903408,False,False,0.8080470185529318
p,525,middle,0.8907066904151765,19,5,ari_stability_quant,7,0.16248540262148206,False,False,0.8000810717782201
p,525,middle,0.8907066904151765,19,5,consensus_ce_stability,3,0.639463478386406,True,False,0.7303392354142013
p,525,middle,0.8907066904151765,19,5,consensus_ce_stability,4,0.4780885512299542,False,False,0.7264271297160854
p,525,middle,0.8907066904151765,19,5,consensus_ce_stability,5,0.470610128797325,False,True,0.7497904613947377
p,525,middle,0.8907066904151765,19,5,consensus_ce_stability,6,0.47865487492894565,False,False,0.8080470185529318
p,525,middle,0.8907066904151765,19,5,consensus_ce_stability,7,0.4962555468269996,False,False,0.8000810717782201
p,525,middle,0.8907066904151765,19,5,consensus_gini_stability,3,0.6795366324903156,True,False,0.7303392354142013
p,525,middle,0.8907066904151765,19,5,consensus_gini_stability,4,0.5262585966386991,False,False,0.7264271297160854
p,525,middle,0.8907066904151765,19,5,consensus_gini_stability,5,0.5212865562412423,False,True,0.7497904613947377
p,525,middle,0.8907066904151765,19,5,consensus_gini_stability,6,0.5361682377102202,False,False,0.8080470185529318
p,525,middle,0.8907066904151765,19,5,consensus_gini_stability,7,0.5572635204847494,False,False,0.8000810717782201
p,525,middle,0.8907066904151765,19,5,consensus_pac_stability,3,0.5244109406270847,True,False,0.7303392354142013
p,525,middle,0.8907066904151765,19,5,consensus_pac_stability,4,0.33340716032910833,False,False,0.7264271297160854
p,525,middle,0.8907066904151765,19,5,consensus_pac_stability,5,0.3150651545474761,False,True,0.7497904613947377
p,525,middle,0.8907066904151765,19,5,consensus_pac_stability,6,0.2966039581943518,False,False,0.8080470185529318
p,525,middle,0.8907066904151765,19,5,consensus_pac_stability,7,0.3018937069157216,False,False,0.8000810717782201
p,525,middle,0.8907066904151765,19,5,silhouette,3,0.00912715386918531,False,False,0.7437343171958787
p,525,middle,0.8907066904151765,19,5,silhouette,4,0.009724918627914103,False,False,0.8027998925501071
p,525,middle,0.8907066904151765,19,5,silhouette,5,0.009809188209363296,True,True,0.8907066904151765
p,525,middle,0.8907066904151765,19,5,silhouette,6,0.006036278043462687,False,False,0.4774731609717834
p,525,middle,0.8907066904151765,19,5,silhouette,7,0.0067578427998149886,False,False,0.5160899734521034
p,525,middle,0.8907066904151765,19,5,gap,3,1.3426995401103383,False,False,0.7437343171958787
p,525,middle,0.8907066904151765,19,5,gap,4,1.3449296379189093,False,False,0.8027998925501071
p,525,middle,0.8907066904151765,19,5,gap,5,1.3472541916371519,False,True,0.8907066904151765
p,525,middle,0.8907066904151765,19,5,gap,6,1.3467635815030299,False,False,0.4774731609717834
p,525,middle,0.8907066904151765,19,5,gap,7,1.349414641280788,True,False,0.5160899734521034
p,525,middle,0.8907066904151765,19,5,davies_bouldin,3,0.0937529361063222,False,False,0.7437343171958787
p,525,middle,0.8907066904151765,19,5,davies_bouldin,4,0.10289954056191092,False,False,0.8027998925501071
p,525,middle,0.8907066904151765,19,5,davies_bouldin,5,0.11236987460087582,True,True,0.8907066904151765
p,525,middle,0.8907066904151765,19,5,davies_bouldin,6,0.09543593476823947,False,False,0.4774731609717834
p,525,middle,0.8907066904151765,19,5,davies_bouldin,7,0.10012174041286866,False,False,0.5160899734521034
p,525,middle,0.8907066904151765,19,5,calinski_harabasz,3,11.964651189222883,True,False,0.7437343171958787
p,525,middle,0.8907066904151765,19,5,calinski_harabasz,4,10.09314905329753,False,False,0.8027998925501071
p,525,middle,0.8907066904151765,19,5,calinski_harabasz,5,9.078076203076577,False,True,0.8907066904151765
p,525,middle,0.8907066904151765,19,5,calinski_harabasz,6,7.548585092376066,False,False,0.4774731609717834
p,525,middle,0.8907066904151765,19,5,calinski_harabasz,7,7.321262969875401,False,False,0.5160899734521034
p,1000,end,0.9764436355759609,0,5,accuracy_generalizability,3,0.4843825910884786,True,False,-0.004762167740787129
p,1000,end,0.9764436355759609,0,5,accuracy_generalizability,4,0.46271436968090757,False,False,0.5142437737533941
p,1000,end,0.9764436355759609,0,5,accuracy_generalizability,5,0.3876397689255614,False,True,0.48218335230266124
p,1000,end,0.9764436355759609,0,5,accuracy_generalizability,6,0.3372006243460299,False,False,0.3426639395417617
p,1000,end,0.9764436355759609,0,5,accuracy_generalizability,7,0.3003177853295216,False,False,0.24361679293766442
p,1000,end,0.9764436355759609,0,5,ari_generalizability,3,0.04742197919982047,False,False,-0.004762167740787129
p,1000,end,0.9764436355759609,0,5,ari_generalizability,4,0.0960304789332779,True,False,0.5142437737533941
p,1000,end,0.9764436355759609,0,5,ari_generalizability,5,0.05641718105100953,False,True,0.48218335230266124
p,1000,end,0.9764436355759609,0,5,ari_generalizability,6,0.03634073789960564,False,False,0.3426639395417617
p,1000,end,0.9764436355759609,0,5,ari_generalizability,7,0.02516988831108347,False,False,0.24361679293766442
p,1000,end,0.9764436355759609,0,5,ari_generalizability_1se,3,0.04742197919982047,False,False,-0.004762167740787129
p,1000,end,0.9764436355759609,0,5,ari_generalizability_1se,4,0.0960304789332779,True,False,0.5142437737533941
p,1000,end,0.9764436355759609,0,5,ari_generalizability_1se,5,0.05641718105100953,False,True,0.48218335230266124
p,1000,end,0.9764436355759609,0,5,ari_generalizability_1se,6,0.03634073789960564,False,False,0.3426639395417617
p,1000,end,0.9764436355759609,0,5,ari_generalizability_1se,7,0.02516988831108347,False,False,0.24361679293766442
p,1000,end,0.9764436355759609,0,5,ari_generalizability_quant,3,0.04742197919982047,False,False,-0.004762167740787129
p,1000,end,0.9764436355759609,0,5,ari_generalizability_quant,4,0.0960304789332779,False,False,0.5142437737533941
p,1000,end,0.9764436355759609,0,5,ari_generalizability_quant,5,0.05641718105100953,False,True,0.48218335230266124
p,1000,end,0.9764436355759609,0,5,ari_generalizability_quant,6,0.03634073789960564,True,False,0.3426639395417617
p,1000,end,0.9764436355759609,0,5,ari_generalizability_quant,7,0.02516988831108347,False,False,0.24361679293766442
p,1000,end,0.9764436355759609,0,5,ari_stability,3,0.8421727170815377,True,False,0.6625099101859114
p,1000,end,0.9764436355759609,0,5,ari_stability,4,0.701897221924448,False,False,0.8617369652548721
p,1000,end,0.9764436355759609,0,5,ari_stability,5,0.5176466863863829,False,True,0.8729098398067059
p,1000,end,0.9764436355759609,0,5,ari_stability,6,0.3757471248829767,False,False,0.9646339159476041
p,1000,end,0.9764436355759609,0,5,ari_stability,7,0.2968297528917396,False,False,0.9301902023270263
p,1000,end,0.9764436355759609,0,5,ari_stability_1se,3,0.8421727170815377,True,False,0.6625099101859114
p,1000,end,0.9764436355759609,0,5,ari_stability_1se,4,0.701897221924448,False,False,0.8617369652548721
p,1000,end,0.9764436355759609,0,5,ari_stability_1se,5,0.5176466863863829,False,True,0.8729098398067059
p,1000,end,0.9764436355759609,0,5,ari_stability_1se,6,0.3757471248829767,False,False,0.9646339159476041
p,1000,end,0.9764436355759609,0,5,ari_stability_1se,7,0.2968297528917396,False,False,0.9301902023270263
p,1000,end,0.9764436355759609,0,5,ari_stability_quant,3,0.8421727170815377,True,False,0.6625099101859114
p,1000,end,0.9764436355759609,0,5,ari_stability_quant,4,0.701897221924448,False,False,0.8617369652548721
p,1000,end,0.9764436355759609,0,5,ari_stability_quant,5,0.5176466863863829,False,True,0.8729098398067059
p,1000,end,0.9764436355759609,0,5,ari_stability_quant,6,0.3757471248829767,False,False,0.9646339159476041
p,1000,end,0.9764436355759609,0,5,ari_stability_quant,7,0.2968297528917396,False,False,0.9301902023270263
p,1000,end,0.9764436355759609,0,5,consensus_ce_stability,3,0.844608829071223,True,False,0.6625099101859114
p,1000,end,0.9764436355759609,0,5,consensus_ce_stability,4,0.7354389469440069,False,False,0.8617369652548721
p,1000,end,0.9764436355759609,0,5,consensus_ce_stability,5,0.6236348554208697,False,True,0.8729098398067059
p,1000,end,0.9764436355759609,0,5,consensus_ce_stability,6,0.5751830489518708,False,False,0.9646339159476041
p,1000,end,0.9764436355759609,0,5,consensus_ce_stability,7,0.5450420797003702,False,False,0.9301902023270263
p,1000,end,0.9764436355759609,0,5,consensus_gini_stability,3,0.8666019623104321,True,False,0.6625099101859114
p,1000,end,0.9764436355759609,0,5,consensus_gini_stability,4,0.7706074436914656,False,False,0.8617369652548721
p,1000,end,0.9764436355759609,0,5,consensus_gini_stability,5,0.6741488241050543,False,True,0.8729098398067059
p,1000,end,0.9764436355759609,0,5,consensus_gini_stability,6,0.6279525670498339,False,False,0.9646339159476041
p,1000,end,0.9764436355759609,0,5,consensus_gini_stability,7,0.6003956422300789,False,False,0.9301902023270263
p,1000,end,0.9764436355759609,0,5,consensus_pac_stability,3,0.7888841449855459,True,False,0.6625099101859114
p,1000,end,0.9764436355759609,0,5,consensus_pac_stability,4,0.6418607960862797,False,False,0.8617369652548721
p,1000,end,0.9764436355759609,0,5,consensus_pac_stability,5,0.4820351345341338,False,True,0.8729098398067059
p,1000,end,0.9764436355759609,0,5,consensus_pac_stability,6,0.43028329997776293,False,False,0.9646339159476041
p,1000,end,0.9764436355759609,0,5,consensus_pac_stability,7,0.3858438959306204,False,False,0.9301902023270263
p,1000,end,0.9764436355759609,0,5,silhouette,3,0.0063611907549954005,False,False,0.6550859397391766
p,1000,end,0.9764436355759609,0,5,silhouette,4,0.006746134525945313,False,False,0.8170335694125724
p,1000,end,0.9764436355759609,0,5,silhouette,5,0.0077557562635427145,True,True,0.9764436355759609
p,1000,end,0.9764436355759609,0,5,silhouette,6,0.0062516303356539215,False,False,0.8515640985764144
p,1000,end,0.9764436355759609,0,5,silhouette,7,0.004762347783861549,False,False,0.6984441035725809
p,1000,end,0.9764436355759609,0,5,gap,3,1.3348485811767112,False,False,0.6550859397391766
p,1000,end,0.9764436355759609,0,5,gap,4,1.3368867164651483,False,False,0.8170335694125724
p,1000,end,0.9764436355759609,0,5,gap,5,1.339845295693923,False,True,0.9764436355759609
p,1000,end,0.9764436355759609,0,5,gap,6,1.3403570037046464,False,False,0.8515640985764144
p,1000,end,0.9764436355759609,0,5,gap,7,1.3409335885762204,True,False,0.6984441035725809
p,1000,end,0.9764436355759609,0,5,davies_bouldin,3,0.0832609650450171,False,False,0.6550859397391766
p,1000,end,0.9764436355759609,0,5,davies_bouldin,4,0.08688876006058685,False,False,0.8170335694125724
p,1000,end,0.9764436355759609,0,5,davies_bouldin,5,0.09982610756214713,True,True,0.9764436355759609
p,1000,end,0.9764436355759609,0,5,davies_bouldin,6,0.08916474761465254,False,False,0.8515640985764144
p,1000,end,0.9764436355759609,0,5,davies_bouldin,7,0.08333370677004757,False,False,0.6984441035725809
p,1000,end,0.9764436355759609,0,5,calinski_harabasz,3,8.916678047500122,True,False,0.6550859397391766
p,1000,end,0.9764436355759609,0,5,calinski_harabasz,4,7.630067399068517,False,False,0.8170335694125724
p,1000,end,0.9764436355759609,0,5,calinski_harabasz,5,7.281713298303486,False,True,0.9764436355759609
p,1000,end,0.9764436355759609,0,5,calinski_harabasz,6,6.290682293071479,False,False,0.8515640985764144
p,1000,end,0.9764436355759609,0,5,calinski_harabasz,7,5.612149178186169,False,False,0.6984441035725809
p,1000,end,0.9780050416742277,1,5,accuracy_generalizability,3,0.5222243450984827,True,False,0.1778156551899618
p,1000,end,0.9780050416742277,1,5,accuracy_generalizability,4,0.4449414164576293,False,False,0.04551083445903985
p,1000,end,0.9780050416742277,1,5,accuracy_generalizability,5,0.3834382944123454,False,True,0.3858956687893398
p,1000,end,0.9780050416742277,1,5,accuracy_generalizability,6,0.3261748284507347,False,False,0.4599248737634192
p,1000,end,0.9780050416742277,1,5,accuracy_generalizability,7,0.29628554927110246,False,False,0.3587966970423622
p,1000,end,0.9780050416742277,1,5,ari_generalizability,3,0.09212489828400897,True,False,0.1778156551899618
p,1000,end,0.9780050416742277,1,5,ari_generalizability,4,0.07445936459939023,False,False,0.04551083445903985
p,1000,end,0.9780050416742277,1,5,ari_generalizability,5,0.05179834043091508,False,True,0.3858956687893398
p,1000,end,0.9780050416742277,1,5,ari_generalizability,6,0.03313586191995871,False,False,0.4599248737634192
p,1000,end,0.9780050416742277,1,5,ari_generalizability,7,0.02028882178132717,False,False,0.3587966970423622
p,1000,end,0.9780050416742277,1,5,ari_generalizability_1se,3,0.09212489828400897,True,False,0.1778156551899618
p,1000,end,0.9780050416742277,1,5,ari_generalizability_1se,4,0.07445936459939023,False,False,0.04551083445903985
p,1000,end,0.9780050416742277,1,5,ari_generalizability_1se,5,0.05179834043091508,False,True,0.3858956687893398
p,1000,end,0.9780050416742277,1,5,ari_generalizability_1se,6,0.03313586191995871,False,False,0.4599248737634192
p,1000,end,0.9780050416742277,1,5,ari_generalizability_1se,7,0.02028882178132717,False,False,0.3587966970423622
p,1000,end,0.9780050416742277,1,5,ari_generalizability_quant,3,0.09212489828400897,False,False,0.1778156551899618
p,1000,end,0.9780050416742277,1,5,ari_generalizability_quant,4,0.07445936459939023,False,False,0.04551083445903985
p,1000,end,0.9780050416742277,1,5,ari_generalizability_quant,5,0.05179834043091508,False,True,0.3858956687893398
p,1000,end,0.9780050416742277,1,5,ari_generalizability_quant,6,0.03313586191995871,False,False,0.4599248737634192
p,1000,end,0.9780050416742277,1,5,ari_generalizability_quant,7,0.02028882178132717,True,False,0.3587966970423622
p,1000,end,0.9780050416742277,1,5,ari_stability,3,0.7580660824936817,True,False,0.6716279380613172
p,1000,end,0.9780050416742277,1,5,ari_stability,4,0.6809012295566993,False,False,0.8841436186150484
p,1000,end,0.9780050416742277,1,5,ari_stability,5,0.5010296351475018,False,True,0.8881869789420586
p,1000,end,0.9780050416742277,1,5,ari_stability,6,0.3648695559241804,False,False,0.8834447222005564
p,1000,end,0.9780050416742277,1,5,ari_stability,7,0.2706448384921298,False,False,0.893630796114116
p,1000,end,0.9780050416742277,1,5,ari_stability_1se,3,0.7580660824936817,True,False,0.6716279380613172
p,1000,end,0.9780050416742277,1,5,ari_stability_1se,4,0.6809012295566993,False,False,0.8841436186150484
p,1000,end,0.9780050416742277,1,5,ari_stability_1se,5,0.5010296351475018,False,True,0.8881869789420586
p,1000,end,0.9780050416742277,1,5,ari_stability_1se,6,0.3648695559241804,False,False,0.8834447222005564
p,1000,end,0.9780050416742277,1,5,ari_stability_1se,7,0.2706448384921298,False,False,0.893630796114116
p,1000,end,0.9780050416742277,1,5,ari_stability_quant,3,0.7580660824936817,False,False,0.6716279380613172
p,1000,end,0.9780050416742277,1,5,ari_stability_quant,4,0.6809012295566993,True,False,0.8841436186150484
p,1000,end,0.9780050416742277,1,5,ari_stability_quant,5,0.5010296351475018,False,True,0.8881869789420586
p,1000,end,0.9780050416742277,1,5,ari_stability_quant,6,0.3648695559241804,False,False,0.8834447222005564
p,1000,end,0.9780050416742277,1,5,ari_stability_quant,7,0.2706448384921298,False,False,0.893630796114116
p,1000,end,0.9780050416742277,1,5,consensus_ce_stability,3,0.7525919347204499,True,False,0.6716279380613172
p,1000,end,0.9780050416742277,1,5,consensus_ce_stability,4,0.7093770608063472,False,False,0.8841436186150484
p,1000,end,0.9780050416742277,1,5,consensus_ce_stability,5,0.6117205013515891,False,True,0.8881869789420586
p,1000,end,0.9780050416742277,1,5,consensus_ce_stability,6,0.5564110708204375,False,False,0.8834447222005564
p,1000,end,0.9780050416742277,1,5,consensus_ce_stability,7,0.5355835215157314,False,False,0.893630796114116
p,1000,end,0.9780050416742277,1,5,consensus_gini_stability,3,0.7866638202819304,True,False,0.6716279380613172
p,1000,end,0.9780050416742277,1,5,consensus_gini_stability,4,0.7535187857941806,False,False,0.8841436186150484
p,1000,end,0.9780050416742277,1,5,consensus_gini_stability,5,0.661061301463462,False,True,0.8881869789420586
p,1000,end,0.9780050416742277,1,5,consensus_gini_stability,6,0.6074322588305685,False,False,0.8834447222005564
p,1000,end,0.9780050416742277,1,5,consensus_gini_stability,7,0.589920669498806,False,False,0.893630796114116
p,1000,end,0.9780050416742277,1,5,consensus_pac_stability,3,0.6468418945963976,True,False,0.6716279380613172
p,1000,end,0.9780050416742277,1,5,consensus_pac_stability,4,0.5873631309762064,False,False,0.8841436186150484
p,1000,end,0.9780050416742277,1,5,consensus_pac_stability,5,0.47387058038692464,False,True,0.8881869789420586
p,1000,end,0.9780050416742277,1,5,consensus_pac_stability,6,0.4142059150544808,False,False,0.8834447222005564
p,1000,end,0.9780050416742277,1,5,consensus_pac_stability,7,0.3795588169891039,False,False,0.893630796114116
p,1000,end,0.9780050416742277,1,5,silhouette,3,0.006407814842503329,False,False,0.6728818636444276
p,1000,end,0.9780050416742277,1,5,silhouette,4,0.00721542258056089,False,False,0.8998147974547994
p,1000,end,0.9780050416742277,1,5,silhouette,5,0.007695816547286933,True,True,0.9780050416742277
p,1000,end,0.9780050416742277,1,5,silhouette,6,0.005778269758445013,False,False,0.8018315028432126
p,1000,end,0.9780050416742277,1,5,silhouette,7,0.004911263666466172,False,False,0.6915938499601715
p,1000,end,0.9780050416742277,1,5,gap,3,1.327604074242565,False,False,0.6728818636444276
p,1000,end,0.9780050416742277,1,5,gap,4,1.3303993955599722,False,False,0.8998147974547994
p,1000,end,0.9780050416742277,1,5,gap,5,1.3323905552539692,False,True,0.9780050416742277
p,1000,end,0.9780050416742277,1,5,gap,6,1.3329272384226805,False,False,0.8018315028432126
p,1000,end,0.9780050416742277,1,5,gap,7,1.333204727591223,True,False,0.6915938499601715
p,1000,end,0.9780050416742277,1,5,davies_bouldin,3,0.08376600245042697,False,False,0.6728818636444276
p,1000,end,0.9780050416742277,1,5,davies_bouldin,4,0.08841760665930287,False,False,0.8998147974547994
p,1000,end,0.9780050416742277,1,5,davies_bouldin,5,0.09843175334580484,True,True,0.9780050416742277
p,1000,end,0.9780050416742277,1,5,davies_bouldin,6,0.08647115616680784,False,False,0.8018315028432126
p,1000,end,0.9780050416742277,1,5,davies_bouldin,7,0.08307107168995446,False,False,0.6915938499601715
p,1000,end,0.9780050416742277,1,5,calinski_harabasz,3,8.785124172541742,True,False,0.6728818636444276
p,1000,end,0.9780050416742277,1,5,calinski_harabasz,4,7.918267160120617,False,False,0.8998147974547994
p,1000,end,0.9780050416742277,1,5,calinski_harabasz,5,7.111141761354933,False,True,0.9780050416742277
p,1000,end,0.9780050416742277,1,5,calinski_harabasz,6,6.178126118018647,False,False,0.8018315028432126
p,1000,end,0.9780050416742277,1,5,calinski_harabasz,7,5.446445291941378,False,False,0.6915938499601715
p,1000,end,0.6608987459905208,2,5,accuracy_generalizability,3,0.5478137346181625,True,False,0.002830286564283653
p,1000,end,0.6608987459905208,2,5,accuracy_generalizability,4,0.43896917486139203,False,False,0.013965980431218614
p,1000,end,0.6608987459905208,2,5,accuracy_generalizability,5,0.3753032017720653,False,True,0.009153737189749584
p,1000,end,0.6608987459905208,2,5,accuracy_generalizability,6,0.33738867395147076,False,False,0.3954859522824379
p,1000,end,0.6608987459905208,2,5,accuracy_generalizability,7,0.30165121334794825,False,False,0.021047445157244923
p,1000,end,0.6608987459905208,2,5,ari_generalizability,3,0.12368135419371475,True,False,0.002830286564283653
p,1000,end,0.6608987459905208,2,5,ari_generalizability,4,0.06430942064111306,False,False,0.013965980431218614
p,1000,end,0.6608987459905208,2,5,ari_generalizability,5,0.050962260019765615,False,True,0.009153737189749584
p,1000,end,0.6608987459905208,2,5,ari_generalizability,6,0.03732599754155648,False,False,0.3954859522824379
p,1000,end,0.6608987459905208,2,5,ari_generalizability,7,0.023631627681636878,False,False,0.021047445157244923
p,1000,end,0.6608987459905208,2,5,ari_generalizability_1se,3,0.12368135419371475,True,False,0.002830286564283653
p,1000,end,0.6608987459905208,2,5,ari_generalizability_1se,4,0.06430942064111306,False,False,0.013965980431218614
p,1000,end,0.6608987459905208,2,5,ari_generalizability_1se,5,0.050962260019765615,False,True,0.009153737189749584
p,1000,end,0.6608987459905208,2,5,ari_generalizability_1se,6,0.03732599754155648,False,False,0.3954859522824379
p,1000,end,0.6608987459905208,2,5,ari_generalizability_1se,7,0.023631627681636878,False,False,0.021047445157244923
p,1000,end,0.6608987459905208,2,5,ari_generalizability_quant,3,0.12368135419371475,False,False,0.002830286564283653
p,1000,end,0.6608987459905208,2,5,ari_generalizability_quant,4,0.06430942064111306,False,False,0.013965980431218614
p,1000,end,0.6608987459905208,2,5,ari_generalizability_quant,5,0.050962260019765615,True,True,0.009153737189749584
p,1000,end,0.6608987459905208,2,5,ari_generalizability_quant,6,0.03732599754155648,False,False,0.3954859522824379
p,1000,end,0.6608987459905208,2,5,ari_generalizability_quant,7,0.023631627681636878,False,False,0.021047445157244923
p,1000,end,0.6608987459905208,2,5,ari_stability,3,0.6997271151614288,True,False,0.7608399230082963
p,1000,end,0.6608987459905208,2,5,ari_stability,4,0.41516504969735485,False,False,0.7533939721055901
p,1000,end,0.6608987459905208,2,5,ari_stability,5,0.2645030651989565,False,True,0.7581320831459142
p,1000,end,0.6608987459905208,2,5,ari_stability,6,0.2011963774653354,False,False,0.7650693309827381
p,1000,end,0.6608987459905208,2,5,ari_stability,7,0.1470746417973824,False,False,0.7512804275203147
p,1000,end,0.6608987459905208,2,5,ari_stability_1se,3,0.6997271151614288,True,False,0.7608399230082963
p,1000,end,0.6608987459905208,2,5,ari_stability_1se,4,0.41516504969735485,False,False,0.7533939721055901
p,1000,end,0.6608987459905208,2,5,ari_stability_1se,5,0.2645030651989565,False,True,0.7581320831459142
p,1000,end,0.6608987459905208,2,5,ari_stability_1se,6,0.2011963774653354,False,False,0.7650693309827381
p,1000,end,0.6608987459905208,2,5,ari_stability_1se,7,0.1470746417973824,False,False,0.7512804275203147
p,1000,end,0.6608987459905208,2,5,ari_stability_quant,3,0.6997271151614288,True,False,0.7608399230082963
p,1000,end,0.6608987459905208,2,5,ari_stability_quant,4,0.41516504969735485,False,False,0.7533939721055901
p,1000,end,0.6608987459905208,2,5,ari_stability_quant,5,0.2645030651989565,False,True,0.7581320831459142
p,1000,end,0.6608987459905208,2,5,ari_stability_quant,6,0.2011963774653354,False,False,0.7650693309827381
p,1000,end,0.6608987459905208,2,5,ari_stability_quant,7,0.1470746417973824,False,False,0.7512804275203147
p,1000,end,0.6608987459905208,2,5,consensus_ce_stability,3,0.6818190665697595,True,False,0.7608399230082963
p,1000,end,0.6608987459905208,2,5,consensus_ce_stability,4,0.4919115415418264,False,False,0.7533939721055901
p,1000,end,0.6608987459905208,2,5,consensus_ce_stability,5,0.4523681314217119,False,True,0.7581320831459142
p,1000,end,0.6608987459905208,2,5,consensus_ce_stability,6,0.448983533992875,False,False,0.7650693309827381
p,1000,end,0.6608987459905208,2,5,consensus_ce_stability,7,0.4572140792193682,False,False,0.7512804275203147
p,1000,end,0.6608987459905208,2,5,consensus_gini_stability,3,0.7193936999715471,True,False,0.7608399230082963
p,1000,end,0.6608987459905208,2,5,consensus_gini_stability,4,0.5385734797679892,False,False,0.7533939721055901
p,1000,end,0.6608987459905208,2,5,consensus_gini_stability,5,0.49975114444474444,False,True,0.7581320831459142
p,1000,end,0.6608987459905208,2,5,consensus_gini_stability,6,0.5019674530283349,False,False,0.7650693309827381
p,1000,end,0.6608987459905208,2,5,consensus_gini_stability,7,0.5164179047965111,False,False,0.7512804275203147
p,1000,end,0.6608987459905208,2,5,consensus_pac_stability,3,0.5765354680898377,True,False,0.7608399230082963
p,1000,end,0.6608987459905208,2,5,consensus_pac_stability,4,0.35958639092728484,False,False,0.7533939721055901
p,1000,end,0.6608987459905208,2,5,consensus_pac_stability,5,0.3137558372248166,False,True,0.7581320831459142
p,1000,end,0.6608987459905208,2,5,consensus_pac_stability,6,0.28665421392039137,False,False,0.7650693309827381
p,1000,end,0.6608987459905208,2,5,consensus_pac_stability,7,0.2697709584167223,False,False,0.7512804275203147
p,1000,end,0.6608987459905208,2,5,silhouette,3,0.0065973549198612485,False,False,0.762082061542404
p,1000,end,0.6608987459905208,2,5,silhouette,4,0.006885375534318532,True,False,0.8564677418367772
p,1000,end,0.6608987459905208,2,5,silhouette,5,0.0044480570819229,False,True,0.6608987459905208
p,1000,end,0.6608987459905208,2,5,silhouette,6,0.004105432279648418,False,False,0.4811345376972475
p,1000,end,0.6608987459905208,2,5,silhouette,7,0.0030420531235326063,False,False,0.46377453334922825
p,1000,end,0.6608987459905208,2,5,gap,3,1.3308358248152494,False,False,0.762082061542404
p,1000,end,0.6608987459905208,2,5,gap,4,1.3325683971502826,False,False,0.8564677418367772
p,1000,end,0.6608987459905208,2,5,gap,5,1.3330728183401064,False,True,0.6608987459905208
p,1000,end,0.6608987459905208,2,5,gap,6,1.3340347356024012,True,False,0.4811345376972475
p,1000,end,0.6608987459905208,2,5,gap,7,1.3338304184768681,False,False,0.46377453334922825
p,1000,end,0.6608987459905208,2,5,davies_bouldin,3,0.08327857972235288,False,False,0.762082061542404
p,1000,end,0.6608987459905208,2,5,davies_bouldin,4,0.08652456781023798,True,False,0.8564677418367772
p,1000,end,0.6608987459905208,2,5,davies_bouldin,5,0.07983734838864372,False,True,0.6608987459905208
p,1000,end,0.6608987459905208,2,5,davies_bouldin,6,0.07846343793620433,False,False,0.4811345376972475
p,1000,end,0.6608987459905208,2,5,davies_bouldin,7,0.08259979296659037,False,False,0.46377453334922825
p,1000,end,0.6608987459905208,2,5,calinski_harabasz,3,8.746966604470453,True,False,0.762082061542404
p,1000,end,0.6608987459905208,2,5,calinski_harabasz,4,7.370557379087647,False,False,0.8564677418367772
p,1000,end,0.6608987459905208,2,5,calinski_harabasz,5,6.149348151799291,False,True,0.6608987459905208
p,1000,end,0.6608987459905208,2,5,calinski_harabasz,6,5.515259917531348,False,False,0.4811345376972475
p,1000,end,0.6608987459905208,2,5,calinski_harabasz,7,4.78390167672696,False,False,0.46377453334922825
p,1000,end,0.703603290857736,3,5,accuracy_generalizability,3,0.550886246597776,True,False,0.36483912732616236
p,1000,end,0.703603290857736,3,5,accuracy_generalizability,4,0.4418854874663551,False,False,0.2168043470238108
p,1000,end,0.703603290857736,3,5,accuracy_generalizability,5,0.3766833065115638,False,True,0.25096358350643794
p,1000,end,0.703603290857736,3,5,accuracy_generalizability,6,0.3319173255891639,False,False,0.4131410629325469
p,1000,end,0.703603290857736,3,5,accuracy_generalizability,7,0.3054909207818048,False,False,0.1974949421944101
p,1000,end,0.703603290857736,3,5,ari_generalizability,3,0.143344221525503,True,False,0.36483912732616236
p,1000,end,0.703603290857736,3,5,ari_generalizability,4,0.07103201006649729,False,False,0.2168043470238108
p,1000,end,0.703603290857736,3,5,ari_generalizability,5,0.051652610612288964,False,True,0.25096358350643794
p,1000,end,0.703603290857736,3,5,ari_generalizability,6,0.034822226505256675,False,False,0.4131410629325469
p,1000,end,0.703603290857736,3,5,ari_generalizability,7,0.027745730838172222,False,False,0.1974949421944101
p,1000,end,0.703603290857736,3,5,ari_generalizability_1se,3,0.143344221525503,True,False,0.36483912732616236
p,1000,end,0.703603290857736,3,5,ari_generalizability_1se,4,0.07103201006649729,False,False,0.2168043470238108
p,1000,end,0.703603290857736,3,5,ari_generalizability_1se,5,0.051652610612288964,False,True,0.25096358350643794
p,1000,end,0.703603290857736,3,5,ari_generalizability_1se,6,0.034822226505256675,False,False,0.4131410629325469
p,1000,end,0.703603290857736,3,5,ari_generalizability_1se,7,0.027745730838172222,False,False,0.1974949421944101
p,1000,end,0.703603290857736,3,5,ari_generalizability_quant,3,0.143344221525503,False,False,0.36483912732616236
p,1000,end,0.703603290857736,3,5,ari_generalizability_quant,4,0.07103201006649729,True,False,0.2168043470238108
p,1000,end,0.703603290857736,3,5,ari_generalizability_quant,5,0.051652610612288964,False,True,0.25096358350643794
p,1000,end,0.703603290857736,3,5,ari_generalizability_quant,6,0.034822226505256675,False,False,0.4131410629325469
p,1000,end,0.703603290857736,3,5,ari_generalizability_quant,7,0.027745730838172222,False,False,0.1974949421944101
p,1000,end,0.703603290857736,3,5,ari_stability,3,0.799854366045685,True,False,0.749211928975522
p,1000,end,0.703603290857736,3,5,ari_stability,4,0.47028623487765037,False,False,0.7523621568457031
p,1000,end,0.703603290857736,3,5,ari_stability,5,0.34543084136401264,False,True,0.7534278938345881
p,1000,end,0.703603290857736,3,5,ari_stability,6,0.24646533187689706,False,False,0.7528453461201956
p,1000,end,0.703603290857736,3,5,ari_stability,7,0.17713114656231643,False,False,0.7514066271060853
p,1000,end,0.703603290857736,3,5,ari_stability_1se,3,0.799854366045685,True,False,0.749211928975522
p,1000,end,0.703603290857736,3,5,ari_stability_1se,4,0.47028623487765037,False,False,0.7523621568457031
p,1000,end,0.703603290857736,3,5,ari_stability_1se,5,0.34543084136401264,False,True,0.7534278938345881
p,1000,end,0.703603290857736,3,5,ari_stability_1se,6,0.24646533187689706,False,False,0.7528453461201956
p,1000,end,0.703603290857736,3,5,ari_stability_1se,7,0.17713114656231643,False,False,0.7514066271060853
p,1000,end,0.703603290857736,3,5,ari_stability_quant,3,0.799854366045685,True,False,0.749211928975522
p,1000,end,0.703603290857736,3,5,ari_stability_quant,4,0.47028623487765037,False,False,0.7523621568457031
p,1000,end,0.703603290857736,3,5,ari_stability_quant,5,0.34543084136401264,False,True,0.7534278938345881
p,1000,end,0.703603290857736,3,5,ari_stability_quant,6,0.24646533187689706,False,False,0.7528453461201956
p,1000,end,0.703603290857736,3,5,ari_stability_quant,7,0.17713114656231643,False,False,0.7514066271060853
p,1000,end,0.703603290857736,3,5,consensus_ce_stability,3,0.7921090603118273,True,False,0.749211928975522
p,1000,end,0.703603290857736,3,5,consensus_ce_stability,4,0.5526007608940233,False,False,0.7523621568457031
p,1000,end,0.703603290857736,3,5,consensus_ce_stability,5,0.4925275047878971,False,True,0.7534278938345881
p,1000,end,0.703603290857736,3,5,consensus_ce_stability,6,0.4756263109624574,False,False,0.7528453461201956
p,1000,end,0.703603290857736,3,5,consensus_ce_stability,7,0.47138816551315055,False,False,0.7514066271060853
p,1000,end,0.703603290857736,3,5,consensus_gini_stability,3,0.8222468141902137,True,False,0.749211928975522
p,1000,end,0.703603290857736,3,5,consensus_gini_stability,4,0.6024518817089128,False,False,0.7523621568457031
p,1000,end,0.703603290857736,3,5,consensus_gini_stability,5,0.54307953407762,False,True,0.7534278938345881
p,1000,end,0.703603290857736,3,5,consensus_gini_stability,6,0.5290214092639952,False,False,0.7528453461201956
p,1000,end,0.703603290857736,3,5,consensus_gini_stability,7,0.5306511447860384,False,False,0.7514066271060853
p,1000,end,0.703603290857736,3,5,consensus_pac_stability,3,0.7162961974649766,True,False,0.749211928975522
p,1000,end,0.703603290857736,3,5,consensus_pac_stability,4,0.4052185901712253,False,False,0.7523621568457031
p,1000,end,0.703603290857736,3,5,consensus_pac_stability,5,0.34484144985545917,False,True,0.7534278938345881
p,1000,end,0.703603290857736,3,5,consensus_pac_stability,6,0.3131082944185012,False,False,0.7528453461201956
p,1000,end,0.703603290857736,3,5,consensus_pac_stability,7,0.2830909495219035,False,False,0.7514066271060853
p,1000,end,0.703603290857736,3,5,silhouette,3,0.006660923793963764,False,False,0.7557712190406214
p,1000,end,0.703603290857736,3,5,silhouette,4,0.006898759033073607,True,False,0.8905181291956304
p,1000,end,0.703603290857736,3,5,silhouette,5,0.004936699365493159,False,True,0.703603290857736
p,1000,end,0.703603290857736,3,5,silhouette,6,0.004895247086663067,False,False,0.7945212217641873
p,1000,end,0.703603290857736,3,5,silhouette,7,0.004636799691833739,False,False,0.7288574857256421
p,1000,end,0.703603290857736,3,5,gap,3,1.3348047486038048,False,False,0.7557712190406214
p,1000,end,0.703603290857736,3,5,gap,4,1.3369098969155822,False,False,0.8905181291956304
p,1000,end,0.703603290857736,3,5,gap,5,1.3374168844731784,False,True,0.703603290857736
p,1000,end,0.703603290857736,3,5,gap,6,1.3392239830536177,False,False,0.7945212217641873
p,1000,end,0.703603290857736,3,5,gap,7,1.3392865561031755,True,False,0.7288574857256421
p,1000,end,0.703603290857736,3,5,davies_bouldin,3,0.0817203360278688,False,False,0.7557712190406214
p,1000,end,0.703603290857736,3,5,davies_bouldin,4,0.08698514376548253,False,False,0.8905181291956304
p,1000,end,0.703603290857736,3,5,davies_bouldin,5,0.07901793800449003,False,True,0.703603290857736
p,1000,end,0.703603290857736,3,5,davies_bouldin,6,0.08683231152738391,False,False,0.7945212217641873
p,1000,end,0.703603290857736,3,5,davies_bouldin,7,0.09326396274625541,True,False,0.7288574857256421
p,1000,end,0.703603290857736,3,5,calinski_harabasz,3,8.888717213185622,True,False,0.7557712190406214
p,1000,end,0.703603290857736,3,5,calinski_harabasz,4,7.640570604465084,False,False,0.8905181291956304
p,1000,end,0.703603290857736,3,5,calinski_harabasz,5,6.353688746658406,False,True,0.703603290857736
p,1000,end,0.703603290857736,3,5,calinski_harabasz,6,5.944223815386395,False,False,0.7945212217641873
p,1000,end,0.703603290857736,3,5,calinski_harabasz,7,5.207333785067312,False,False,0.7288574857256421
p,1000,end,0.9654994953178941,4,5,accuracy_generalizability,3,0.4820738226471171,True,False,-0.009700491566044708
p,1000,end,0.9654994953178941,4,5,accuracy_generalizability,4,0.4331694129592574,False,False,0.2567507553428519
p,1000,end,0.9654994953178941,4,5,accuracy_generalizability,5,0.37437956988855,False,True,0.3341117004580031
p,1000,end,0.9654994953178941,4,5,accuracy_generalizability,6,0.32663182878136426,False,False,0.05996064564555931
p,1000,end,0.9654994953178941,4,5,accuracy_generalizability,7,0.2907166698939917,False,False,0.43740173173825636
p,1000,end,0.9654994953178941,4,5,ari_generalizability,3,0.03637985678598227,False,False,-0.009700491566044708
p,1000,end,0.9654994953178941,4,5,ari_generalizability,4,0.07377972968686641,True,False,0.2567507553428519
p,1000,end,0.9654994953178941,4,5,ari_generalizability,5,0.048062035987447314,False,True,0.3341117004580031
p,1000,end,0.9654994953178941,4,5,ari_generalizability,6,0.03203559528559559,False,False,0.05996064564555931
p,1000,end,0.9654994953178941,4,5,ari_generalizability,7,0.02173193715737908,False,False,0.43740173173825636
p,1000,end,0.9654994953178941,4,5,ari_generalizability_1se,3,0.03637985678598227,False,False,-0.009700491566044708
p,1000,end,0.9654994953178941,4,5,ari_generalizability_1se,4,0.07377972968686641,True,False,0.2567507553428519
p,1000,end,0.9654994953178941,4,5,ari_generalizability_1se,5,0.048062035987447314,False,True,0.3341117004580031
p,1000,end,0.9654994953178941,4,5,ari_generalizability_1se,6,0.03203559528559559,False,False,0.05996064564555931
p,1000,end,0.9654994953178941,4,5,ari_generalizability_1se,7,0.02173193715737908,False,False,0.43740173173825636
p,1000,end,0.9654994953178941,4,5,ari_generalizability_quant,3,0.03637985678598227,False,False,-0.009700491566044708
p,1000,end,0.9654994953178941,4,5,ari_generalizability_quant,4,0.07377972968686641,False,False,0.2567507553428519
p,1000,end,0.9654994953178941,4,5,ari_generalizability_quant,5,0.048062035987447314,False,True,0.3341117004580031
p,1000,end,0.9654994953178941,4,5,ari_generalizability_quant,6,0.03203559528559559,False,False,0.05996064564555931
p,1000,end,0.9654994953178941,4,5,ari_generalizability_quant,7,0.02173193715737908,True,False,0.43740173173825636
p,1000,end,0.9654994953178941,4,5,ari_stability,3,0.5611388787936489,False,False,0.582051455729931
p,1000,end,0.9654994953178941,4,5,ari_stability,4,0.7024477530971207,True,False,0.844849222080815
p,1000,end,0.9654994953178941,4,5,ari_stability,5,0.6028308261421897,False,True,0.9638597924850707
p,1000,end,0.9654994953178941,4,5,ari_stability,6,0.4734150718152816,False,False,0.9667142906483022
p,1000,end,0.9654994953178941,4,5,ari_stability,7,0.3694088504965544,False,False,0.9534912356662795
p,1000,end,0.9654994953178941,4,5,ari_stability_1se,3,0.5611388787936489,False,False,0.582051455729931
p,1000,end,0.9654994953178941,4,5,ari_stability_1se,4,0.7024477530971207,True,False,0.844849222080815
p,1000,end,0.9654994953178941,4,5,ari_stability_1se,5,0.6028308261421897,False,True,0.9638597924850707
p,1000,end,0.9654994953178941,4,5,ari_stability_1se,6,0.4734150718152816,False,False,0.9667142906483022
p,1000,end,0.9654994953178941,4,5,ari_stability_1se,7,0.3694088504965544,False,False,0.9534912356662795
p,1000,end,0.9654994953178941,4,5,ari_stability_quant,3,0.5611388787936489,False,False,0.582051455729931
p,1000,end,0.9654994953178941,4,5,ari_stability_quant,4,0.7024477530971207,False,False,0.844849222080815
p,1000,end,0.9654994953178941,4,5,ari_stability_quant,5,0.6028308261421897,True,True,0.9638597924850707
p,1000,end,0.9654994953178941,4,5,ari_stability_quant,6,0.4734150718152816,False,False,0.9667142906483022
p,1000,end,0.9654994953178941,4,5,ari_stability_quant,7,0.3694088504965544,False,False,0.9534912356662795
p,1000,end,0.9654994953178941,4,5,consensus_ce_stability,3,0.5512023873572375,False,False,0.582051455729931
p,1000,end,0.9654994953178941,4,5,consensus_ce_stability,4,0.7567805637232865,True,False,0.844849222080815
p,1000,end,0.9654994953178941,4,5,consensus_ce_stability,5,0.6928988463708566,False,True,0.9638597924850707
p,1000,end,0.9654994953178941,4,5,consensus_ce_stability,6,0.6495150914709501,False,False,0.9667142906483022
p,1000,end,0.9654994953178941,4,5,consensus_ce_stability,7,0.5985758006878535,False,False,0.9534912356662795
p,1000,end,0.9654994953178941,4,5,consensus_gini_stability,3,0.5895804545406936,False,False,0.582051455729931
p,1000,end,0.9654994953178941,4,5,consensus_gini_stability,4,0.7884402800750505,True,False,0.844849222080815
p,1000,end,0.9654994953178941,4,5,consensus_gini_stability,5,0.7414259029241423,False,True,0.9638597924850707
p,1000,end,0.9654994953178941,4,5,consensus_gini_stability,6,0.6986316937938012,False,False,0.9667142906483022
p,1000,end,0.9654994953178941,4,5,consensus_gini_stability,7,0.6503924723017247,False,False,0.9534912356662795
p,1000,end,0.9654994953178941,4,5,consensus_pac_stability,3,0.4445310206804536,False,False,0.582051455729931
p,1000,end,0.9654994953178941,4,5,consensus_pac_stability,4,0.6931082944185012,True,False,0.844849222080815
p,1000,end,0.9654994953178941,4,5,consensus_pac_stability,5,0.556354903268846,False,True,0.9638597924850707
p,1000,end,0.9654994953178941,4,5,consensus_pac_stability,6,0.5202045808316655,False,False,0.9667142906483022
p,1000,end,0.9654994953178941,4,5,consensus_pac_stability,7,0.4643744718701357,False,False,0.9534912356662795
p,1000,end,0.9654994953178941,4,5,silhouette,3,0.005692200962648395,False,False,0.5765409159810404
p,1000,end,0.9654994953178941,4,5,silhouette,4,0.007156720359780411,False,False,0.8216243575488441
p,1000,end,0.9654994953178941,4,5,silhouette,5,0.007944011769119458,True,True,0.9654994953178941
p,1000,end,0.9654994953178941,4,5,silhouette,6,0.005923641737747769,False,False,0.8351598483619728
p,1000,end,0.9654994953178941,4,5,silhouette,7,0.005501425579677597,False,False,0.7458178871710267
p,1000,end,0.9654994953178941,4,5,gap,3,1.3316507670693554,False,False,0.5765409159810404
p,1000,end,0.9654994953178941,4,5,gap,4,1.3350795335536425,False,False,0.8216243575488441
p,1000,end,0.9654994953178941,4,5,gap,5,1.3376809568824228,False,True,0.9654994953178941
p,1000,end,0.9654994953178941,4,5,gap,6,1.3382396029228047,False,False,0.8351598483619728
p,1000,end,0.9654994953178941,4,5,gap,7,1.338255794771193,True,False,0.7458178871710267
p,1000,end,0.9654994953178941,4,5,davies_bouldin,3,0.08322200222333373,False,False,0.5765409159810404
p,1000,end,0.9654994953178941,4,5,davies_bouldin,4,0.0901882735371331,False,False,0.8216243575488441
p,1000,end,0.9654994953178941,4,5,davies_bouldin,5,0.09955673799578901,True,True,0.9654994953178941
p,1000,end,0.9654994953178941,4,5,davies_bouldin,6,0.08810082791493191,False,False,0.8351598483619728
p,1000,end,0.9654994953178941,4,5,davies_bouldin,7,0.09134336747267967,False,False,0.7458178871710267
p,1000,end,0.9654994953178941,4,5,calinski_harabasz,3,8.383043285714924,True,False,0.5765409159810404
p,1000,end,0.9654994953178941,4,5,calinski_harabasz,4,7.9647154565931055,False,False,0.8216243575488441
p,1000,end,0.9654994953178941,4,5,calinski_harabasz,5,7.406444075750735,False,True,0.9654994953178941
p,1000,end,0.9654994953178941,4,5,calinski_harabasz,6,6.388657181663095,False,False,0.8351598483619728
p,1000,end,0.9654994953178941,4,5,calinski_harabasz,7,5.563012063554469,False,False,0.7458178871710267
p,1000,end,0.4986112340532422,5,5,accuracy_generalizability,3,0.5093909520321717,True,False,0.03421739709712133
p,1000,end,0.4986112340532422,5,5,accuracy_generalizability,4,0.43725772479514785,False,False,0.45303645039796936
p,1000,end,0.4986112340532422,5,5,accuracy_generalizability,5,0.3843736320362345,False,True,0.46176948771348547
p,1000,end,0.4986112340532422,5,5,accuracy_generalizability,6,0.32579301900667684,False,False,0.39928731319590616
p,1000,end,0.4986112340532422,5,5,accuracy_generalizability,7,0.30153148797736595,False,False,0.020323332407943477
p,1000,end,0.4986112340532422,5,5,ari_generalizability,3,0.05113135612846851,False,False,0.03421739709712133
p,1000,end,0.4986112340532422,5,5,ari_generalizability,4,0.061140120987926296,True,False,0.45303645039796936
p,1000,end,0.4986112340532422,5,5,ari_generalizability,5,0.04678845631629497,False,True,0.46176948771348547
p,1000,end,0.4986112340532422,5,5,ari_generalizability,6,0.02259706395576754,False,False,0.39928731319590616
p,1000,end,0.4986112340532422,5,5,ari_generalizability,7,0.01918511614814535,False,False,0.020323332407943477
p,1000,end,0.4986112340532422,5,5,ari_generalizability_1se,3,0.05113135612846851,False,False,0.03421739709712133
p,1000,end,0.4986112340532422,5,5,ari_generalizability_1se,4,0.061140120987926296,True,False,0.45303645039796936
p,1000,end,0.4986112340532422,5,5,ari_generalizability_1se,5,0.04678845631629497,False,True,0.46176948771348547
p,1000,end,0.4986112340532422,5,5,ari_generalizability_1se,6,0.02259706395576754,False,False,0.39928731319590616
p,1000,end,0.4986112340532422,5,5,ari_generalizability_1se,7,0.01918511614814535,False,False,0.020323332407943477
p,1000,end,0.4986112340532422,5,5,ari_generalizability_quant,3,0.05113135612846851,False,False,0.03421739709712133
p,1000,end,0.4986112340532422,5,5,ari_generalizability_quant,4,0.061140120987926296,False,False,0.45303645039796936
p,1000,end,0.4986112340532422,5,5,ari_generalizability_quant,5,0.04678845631629497,False,True,0.46176948771348547
p,1000,end,0.4986112340532422,5,5,ari_generalizability_quant,6,0.02259706395576754,False,False,0.39928731319590616
p,1000,end,0.4986112340532422,5,5,ari_generalizability_quant,7,0.01918511614814535,True,False,0.020323332407943477
p,1000,end,0.4986112340532422,5,5,ari_stability,3,0.5297866539219644,True,False,0.6440699472720468
p,1000,end,0.4986112340532422,5,5,ari_stability,4,0.2612468025663257,False,False,0.6414078980306815
p,1000,end,0.4986112340532422,5,5,ari_stability,5,0.1765606619727117,False,True,0.6300717379192684
p,1000,end,0.4986112340532422,5,5,ari_stability,6,0.12217799956166325,False,False,0.6047347831271735
p,1000,end,0.4986112340532422,5,5,ari_stability,7,0.108860066639245,False,False,0.6076505397155905
p,1000,end,0.4986112340532422,5,5,ari_stability_1se,3,0.5297866539219644,True,False,0.6440699472720468
p,1000,end,0.4986112340532422,5,5,ari_stability_1se,4,0.2612468025663257,False,False,0.6414078980306815
p,1000,end,0.4986112340532422,5,5,ari_stability_1se,5,0.1765606619727117,False,True,0.6300717379192684
p,1000,end,0.4986112340532422,5,5,ari_stability_1se,6,0.12217799956166325,False,False,0.6047347831271735
p,1000,end,0.4986112340532422,5,5,ari_stability_1se,7,0.108860066639245,False,False,0.6076505397155905
p,1000,end,0.4986112340532422,5,5,ari_stability_quant,3,0.5297866539219644,True,False,0.6440699472720468
p,1000,end,0.4986112340532422,5,5,ari_stability_quant,4,0.2612468025663257,False,False,0.6414078980306815
p,1000,end,0.4986112340532422,5,5,ari_stability_quant,5,0.1765606619727117,False,True,0.6300717379192684
p,1000,end,0.4986112340532422,5,5,ari_stability_quant,6,0.12217799956166325,False,False,0.6047347831271735
p,1000,end,0.4986112340532422,5,5,ari_stability_quant,7,0.108860066639245,False,False,0.6076505397155905
p,1000,end,0.4986112340532422,5,5,consensus_ce_stability,3,0.5275450441096994,True,False,0.6440699472720468
p,1000,end,0.4986112340532422,5,5,consensus_ce_stability,4,0.3895272884932062,False,False,0.6414078980306815
p,1000,end,0.4986112340532422,5,5,consensus_ce_stability,5,0.3897413343784915,False,True,0.6300717379192684
p,1000,end,0.4986112340532422,5,5,consensus_ce_stability,6,0.40318637304887306,False,False,0.6047347831271735
p,1000,end,0.4986112340532422,5,5,consensus_ce_stability,7,0.42303007173982543,False,False,0.6076505397155905
p,1000,end,0.4986112340532422,5,5,consensus_gini_stability,3,0.5742393970074662,True,False,0.6440699472720468
p,1000,end,0.4986112340532422,5,5,consensus_gini_stability,4,0.42911676735228654,False,False,0.6414078980306815
p,1000,end,0.4986112340532422,5,5,consensus_gini_stability,5,0.438326105331188,False,True,0.6300717379192684
p,1000,end,0.4986112340532422,5,5,consensus_gini_stability,6,0.46178688358927206,False,False,0.6047347831271735
p,1000,end,0.4986112340532422,5,5,consensus_gini_stability,7,0.48474988667847757,False,False,0.6076505397155905
p,1000,end,0.4986112340532422,5,5,consensus_pac_stability,3,0.3798585723815877,True,False,0.6440699472720468
p,1000,end,0.4986112340532422,5,5,consensus_pac_stability,4,0.27999199466310876,False,False,0.6414078980306815
p,1000,end,0.4986112340532422,5,5,consensus_pac_stability,5,0.24248343340004452,False,True,0.6300717379192684
p,1000,end,0.4986112340532422,5,5,consensus_pac_stability,6,0.21415966199688685,False,False,0.6047347831271735
p,1000,end,0.4986112340532422,5,5,consensus_pac_stability,7,0.22253591283077612,False,False,0.6076505397155905
p,1000,end,0.4986112340532422,5,5,silhouette,3,0.006820344272312904,True,False,0.8108136262279672
p,1000,end,0.4986112340532422,5,5,silhouette,4,0.006794739599348847,False,False,0.8449288914676141
p,1000,end,0.4986112340532422,5,5,silhouette,5,0.0037031749987030587,False,True,0.4986112340532422
p,1000,end,0.4986112340532422,5,5,silhouette,6,0.0035130692217133948,False,False,0.4156540549275484
p,1000,end,0.4986112340532422,5,5,silhouette,7,0.0034763398287651045,False,False,0.4253408097017225
p,1000,end,0.4986112340532422,5,5,gap,3,1.3359251378640664,False,False,0.8108136262279672
p,1000,end,0.4986112340532422,5,5,gap,4,1.3374441465458844,False,False,0.8449288914676141
p,1000,end,0.4986112340532422,5,5,gap,5,1.3383391927310484,False,True,0.4986112340532422
p,1000,end,0.4986112340532422,5,5,gap,6,1.3390593671529807,False,False,0.4156540549275484
p,1000,end,0.4986112340532422,5,5,gap,7,1.339588818964156,True,False,0.4253408097017225
p,1000,end,0.4986112340532422,5,5,davies_bouldin,3,0.08018518324979741,False,False,0.8108136262279672
p,1000,end,0.4986112340532422,5,5,davies_bouldin,4,0.08653628629442722,True,False,0.8449288914676141
p,1000,end,0.4986112340532422,5,5,davies_bouldin,5,0.0748293774518009,False,True,0.4986112340532422
p,1000,end,0.4986112340532422,5,5,davies_bouldin,6,0.07793874621610454,False,False,0.4156540549275484
p,1000,end,0.4986112340532422,5,5,davies_bouldin,7,0.07822409719743122,False,False,0.4253408097017225
p,1000,end,0.4986112340532422,5,5,calinski_harabasz,3,8.098846103894312,True,False,0.8108136262279672
p,1000,end,0.4986112340532422,5,5,calinski_harabasz,4,6.806545608543139,False,False,0.8449288914676141
p,1000,end,0.4986112340532422,5,5,calinski_harabasz,5,5.8965400914013735,False,True,0.4986112340532422
p,1000,end,0.4986112340532422,5,5,calinski_harabasz,6,5.2179652828032275,False,False,0.4156540549275484
p,1000,end,0.4986112340532422,5,5,calinski_harabasz,7,4.717947527571191,False,False,0.4253408097017225
p,1000,end,0.6433007715963246,6,5,accuracy_generalizability,3,0.5496916697359312,True,False,0.04436532924269342
p,1000,end,0.6433007715963246,6,5,accuracy_generalizability,4,0.4308401891470491,False,False,0.14276678643016333
p,1000,end,0.6433007715963246,6,5,accuracy_generalizability,5,0.3763970688326661,False,True,0.15869239274672012
p,1000,end,0.6433007715963246,6,5,accuracy_generalizability,6,0.32737969577090986,False,False,0.10138344006171843
p,1000,end,0.6433007715963246,6,5,accuracy_generalizability,7,0.29463216319946783,False,False,0.3115367435182019
p,1000,end,0.6433007715963246,6,5,ari_generalizability,3,0.13702638990597232,True,False,0.04436532924269342
p,1000,end,0.6433007715963246,6,5,ari_generalizability,4,0.06258946854812723,False,False,0.14276678643016333
p,1000,end,0.6433007715963246,6,5,ari_generalizability,5,0.04599563888053696,False,True,0.15869239274672012
p,1000,end,0.6433007715963246,6,5,ari_generalizability,6,0.030978888617861133,False,False,0.10138344006171843
p,1000,end,0.6433007715963246,6,5,ari_generalizability,7,0.01892199867711696,False,False,0.3115367435182019
p,1000,end,0.6433007715963246,6,5,ari_generalizability_1se,3,0.13702638990597232,True,False,0.04436532924269342
p,1000,end,0.6433007715963246,6,5,ari_generalizability_1se,4,0.06258946854812723,False,False,0.14276678643016333
p,1000,end,0.6433007715963246,6,5,ari_generalizability_1se,5,0.04599563888053696,False,True,0.15869239274672012
p,1000,end,0.6433007715963246,6,5,ari_generalizability_1se,6,0.030978888617861133,False,False,0.10138344006171843
p,1000,end,0.6433007715963246,6,5,ari_generalizability_1se,7,0.01892199867711696,False,False,0.3115367435182019
p,1000,end,0.6433007715963246,6,5,ari_generalizability_quant,3,0.13702638990597232,False,False,0.04436532924269342
p,1000,end,0.6433007715963246,6,5,ari_generalizability_quant,4,0.06258946854812723,True,False,0.14276678643016333
p,1000,end,0.6433007715963246,6,5,ari_generalizability_quant,5,0.04599563888053696,False,True,0.15869239274672012
p,1000,end,0.6433007715963246,6,5,ari_generalizability_quant,6,0.030978888617861133,False,False,0.10138344006171843
p,1000,end,0.6433007715963246,6,5,ari_generalizability_quant,7,0.01892199867711696,False,False,0.3115367435182019
p,1000,end,0.6433007715963246,6,5,ari_stability,3,0.7306765614317701,True,False,0.7542073681181992
p,1000,end,0.6433007715963246,6,5,ari_stability,4,0.4180161482951778,False,False,0.7450306921485325
p,1000,end,0.6433007715963246,6,5,ari_stability,5,0.2966919175738387,False,True,0.7508420631802836
p,1000,end,0.6433007715963246,6,5,ari_stability,6,0.20078427166999535,False,False,0.7549260973473763
p,1000,end,0.6433007715963246,6,5,ari_stability,7,0.14458624174552404,False,False,0.7365677816741204
p,1000,end,0.6433007715963246,6,5,ari_stability_1se,3,0.7306765614317701,True,False,0.7542073681181992
p,1000,end,0.6433007715963246,6,5,ari_stability_1se,4,0.4180161482951778,False,False,0.7450306921485325
p,1000,end,0.6433007715963246,6,5,ari_stability_1se,5,0.2966919175738387,False,True,0.7508420631802836
p,1000,end,0.6433007715963246,6,5,ari_stability_1se,6,0.20078427166999535,False,False,0.7549260973473763
p,1000,end,0.6433007715963246,6,5,ari_stability_1se,7,0.14458624174552404,False,False,0.7365677816741204
p,1000,end,0.6433007715963246,6,5,ari_stability_quant,3,0.7306765614317701,True,False,0.7542073681181992
p,1000,end,0.6433007715963246,6,5,ari_stability_quant,4,0.4180161482951778,False,False,0.7450306921485325
p,1000,end,0.6433007715963246,6,5,ari_stability_quant,5,0.2966919175738387,False,True,0.7508420631802836
p,1000,end,0.6433007715963246,6,5,ari_stability_quant,6,0.20078427166999535,False,False,0.7549260973473763
p,1000,end,0.6433007715963246,6,5,ari_stability_quant,7,0.14458624174552404,False,False,0.7365677816741204
p,1000,end,0.6433007715963246,6,5,consensus_ce_stability,3,0.7056759851968597,True,False,0.7542073681181992
p,1000,end,0.6433007715963246,6,5,consensus_ce_stability,4,0.5057836078255518,False,False,0.7450306921485325
p,1000,end,0.6433007715963246,6,5,consensus_ce_stability,5,0.46962003419398285,False,True,0.7508420631802836
p,1000,end,0.6433007715963246,6,5,consensus_ce_stability,6,0.45690371891731774,False,False,0.7549260973473763
p,1000,end,0.6433007715963246,6,5,consensus_ce_stability,7,0.45957029751622075,False,False,0.7365677816741204
p,1000,end,0.6433007715963246,6,5,consensus_gini_stability,3,0.7455951675086229,True,False,0.7542073681181992
p,1000,end,0.6433007715963246,6,5,consensus_gini_stability,4,0.5530325584888841,False,False,0.7450306921485325
p,1000,end,0.6433007715963246,6,5,consensus_gini_stability,5,0.5176571293575752,False,True,0.7508420631802836
p,1000,end,0.6433007715963246,6,5,consensus_gini_stability,6,0.5122636267961027,False,False,0.7549260973473763
p,1000,end,0.6433007715963246,6,5,consensus_gini_stability,7,0.5218043448476111,False,False,0.7365677816741204
p,1000,end,0.6433007715963246,6,5,consensus_pac_stability,3,0.5870375806092951,True,False,0.7542073681181992
p,1000,end,0.6433007715963246,6,5,consensus_pac_stability,4,0.369210584834334,False,False,0.7450306921485325
p,1000,end,0.6433007715963246,6,5,consensus_pac_stability,5,0.3268659106070714,False,True,0.7508420631802836
p,1000,end,0.6433007715963246,6,5,consensus_pac_stability,6,0.2827360462530576,False,False,0.7549260973473763
p,1000,end,0.6433007715963246,6,5,consensus_pac_stability,7,0.25613875917278184,False,False,0.7365677816741204
p,1000,end,0.6433007715963246,6,5,silhouette,3,0.006264075277457085,False,False,0.7715344640834014
p,1000,end,0.6433007715963246,6,5,silhouette,4,0.006730342223930097,True,False,0.8903439214719585
p,1000,end,0.6433007715963246,6,5,silhouette,5,0.0046687282692023414,False,True,0.6433007715963246
p,1000,end,0.6433007715963246,6,5,silhouette,6,0.004206782423758492,False,False,0.5699125446617391
p,1000,end,0.6433007715963246,6,5,silhouette,7,0.004403814496967065,False,False,0.6680940348600564
p,1000,end,0.6433007715963246,6,5,gap,3,1.3368438963057372,False,False,0.7715344640834014
p,1000,end,0.6433007715963246,6,5,gap,4,1.3387213988000255,False,False,0.8903439214719585
p,1000,end,0.6433007715963246,6,5,gap,5,1.3392973872970835,False,True,0.6433007715963246
p,1000,end,0.6433007715963246,6,5,gap,6,1.3398073971947966,False,False,0.5699125446617391
p,1000,end,0.6433007715963246,6,5,gap,7,1.3414264678971755,True,False,0.6680940348600564
p,1000,end,0.6433007715963246,6,5,davies_bouldin,3,0.08194400651246538,False,False,0.7715344640834014
p,1000,end,0.6433007715963246,6,5,davies_bouldin,4,0.08710632464714556,True,False,0.8903439214719585
p,1000,end,0.6433007715963246,6,5,davies_bouldin,5,0.07834949466060635,False,True,0.6433007715963246
p,1000,end,0.6433007715963246,6,5,davies_bouldin,6,0.08058375052090612,False,False,0.5699125446617391
p,1000,end,0.6433007715963246,6,5,davies_bouldin,7,0.08610281904231043,False,False,0.6680940348600564
p,1000,end,0.6433007715963246,6,5,calinski_harabasz,3,8.801143924404675,True,False,0.7715344640834014
p,1000,end,0.6433007715963246,6,5,calinski_harabasz,4,7.485661576237833,False,False,0.8903439214719585
p,1000,end,0.6433007715963246,6,5,calinski_harabasz,5,6.25196890971802,False,True,0.6433007715963246
p,1000,end,0.6433007715963246,6,5,calinski_harabasz,6,5.476354951680863,False,False,0.5699125446617391
p,1000,end,0.6433007715963246,6,5,calinski_harabasz,7,5.205621016366951,False,False,0.6680940348600564
p,1000,end,0.6403135727630772,7,5,accuracy_generalizability,3,0.5420639298297607,True,False,0.20844029996671112
p,1000,end,0.6403135727630772,7,5,accuracy_generalizability,4,0.43449492355558295,False,False,0.03005120899225363
p,1000,end,0.6403135727630772,7,5,accuracy_generalizability,5,0.3841178706117932,False,True,0.3493704227340529
p,1000,end,0.6403135727630772,7,5,accuracy_generalizability,6,0.32781371200053117,False,False,0.014611478018154449
p,1000,end,0.6403135727630772,7,5,accuracy_generalizability,7,0.3052802464767624,False,False,0.36273037281675663
p,1000,end,0.6403135727630772,7,5,ari_generalizability,3,0.11461751221334854,True,False,0.20844029996671112
p,1000,end,0.6403135727630772,7,5,ari_generalizability,4,0.061934430252953525,False,False,0.03005120899225363
p,1000,end,0.6403135727630772,7,5,ari_generalizability,5,0.04283337232338238,False,True,0.3493704227340529
p,1000,end,0.6403135727630772,7,5,ari_generalizability,6,0.026081908936909107,False,False,0.014611478018154449
p,1000,end,0.6403135727630772,7,5,ari_generalizability,7,0.021967329133849287,False,False,0.36273037281675663
p,1000,end,0.6403135727630772,7,5,ari_generalizability_1se,3,0.11461751221334854,True,False,0.20844029996671112
p,1000,end,0.6403135727630772,7,5,ari_generalizability_1se,4,0.061934430252953525,False,False,0.03005120899225363
p,1000,end,0.6403135727630772,7,5,ari_generalizability_1se,5,0.04283337232338238,False,True,0.3493704227340529
p,1000,end,0.6403135727630772,7,5,ari_generalizability_1se,6,0.026081908936909107,False,False,0.014611478018154449
p,1000,end,0.6403135727630772,7,5,ari_generalizability_1se,7,0.021967329133849287,False,False,0.36273037281675663
p,1000,end,0.6403135727630772,7,5,ari_generalizability_quant,3,0.11461751221334854,False,False,0.20844029996671112
p,1000,end,0.6403135727630772,7,5,ari_generalizability_quant,4,0.061934430252953525,False,False,0.03005120899225363
p,1000,end,0.6403135727630772,7,5,ari_generalizability_quant,5,0.04283337232338238,True,True,0.3493704227340529
p,1000,end,0.6403135727630772,7,5,ari_generalizability_quant,6,0.026081908936909107,False,False,0.014611478018154449
p,1000,end,0.6403135727630772,7,5,ari_generalizability_quant,7,0.021967329133849287,False,False,0.36273037281675663
p,1000,end,0.6403135727630772,7,5,ari_stability,3,0.6602626879067273,True,False,0.7734096677631193
p,1000,end,0.6403135727630772,7,5,ari_stability,4,0.3763767645101477,False,False,0.7658903825614927
p,1000,end,0.6403135727630772,7,5,ari_stability,5,0.2694068206399563,False,True,0.770240784532708
p,1000,end,0.6403135727630772,7,5,ari_stability,6,0.1879376896894872,False,False,0.8639374122621674
p,1000,end,0.6403135727630772,7,5,ari_stability,7,0.15401268234809284,False,False,0.7564325919443416
p,1000,end,0.6403135727630772,7,5,ari_stability_1se,3,0.6602626879067273,True,False,0.7734096677631193
p,1000,end,0.6403135727630772,7,5,ari_stability_1se,4,0.3763767645101477,False,False,0.7658903825614927
p,1000,end,0.6403135727630772,7,5,ari_stability_1se,5,0.2694068206399563,False,True,0.770240784532708
p,1000,end,0.6403135727630772,7,5,ari_stability_1se,6,0.1879376896894872,False,False,0.8639374122621674
p,1000,end,0.6403135727630772,7,5,ari_stability_1se,7,0.15401268234809284,False,False,0.7564325919443416
p,1000,end,0.6403135727630772,7,5,ari_stability_quant,3,0.6602626879067273,True,False,0.7734096677631193
p,1000,end,0.6403135727630772,7,5,ari_stability_quant,4,0.3763767645101477,False,False,0.7658903825614927
p,1000,end,0.6403135727630772,7,5,ari_stability_quant,5,0.2694068206399563,False,True,0.770240784532708
p,1000,end,0.6403135727630772,7,5,ari_stability_quant,6,0.1879376896894872,False,False,0.8639374122621674
p,1000,end,0.6403135727630772,7,5,ari_stability_quant,7,0.15401268234809284,False,False,0.7564325919443416
p,1000,end,0.6403135727630772,7,5,consensus_ce_stability,3,0.6561512767752435,True,False,0.7734096677631193
p,1000,end,0.6403135727630772,7,5,consensus_ce_stability,4,0.47214823305200154,False,False,0.7658903825614927
p,1000,end,0.6403135727630772,7,5,consensus_ce_stability,5,0.44818083443875867,False,True,0.770240784532708
p,1000,end,0.6403135727630772,7,5,consensus_ce_stability,6,0.44202282818424016,False,False,0.8639374122621674
p,1000,end,0.6403135727630772,7,5,consensus_ce_stability,7,0.45828787849071706,False,False,0.7564325919443416
p,1000,end,0.6403135727630772,7,5,consensus_gini_stability,3,0.6911279774133604,True,False,0.7734096677631193
p,1000,end,0.6403135727630772,7,5,consensus_gini_stability,4,0.5196612162079031,False,False,0.7658903825614927
p,1000,end,0.6403135727630772,7,5,consensus_gini_stability,5,0.49586317652957634,False,True,0.770240784532708
p,1000,end,0.6403135727630772,7,5,consensus_gini_stability,6,0.49823789270436497,False,False,0.8639374122621674
p,1000,end,0.6403135727630772,7,5,consensus_gini_stability,7,0.5182384883557579,False,False,0.7564325919443416
p,1000,end,0.6403135727630772,7,5,consensus_pac_stability,3,0.5623669112741828,True,False,0.7734096677631193
p,1000,end,0.6403135727630772,7,5,consensus_pac_stability,4,0.332814765399155,False,False,0.7658903825614927
p,1000,end,0.6403135727630772,7,5,consensus_pac_stability,5,0.30864843228819216,False,True,0.770240784532708
p,1000,end,0.6403135727630772,7,5,consensus_pac_stability,6,0.2665528129864354,False,False,0.8639374122621674
p,1000,end,0.6403135727630772,7,5,consensus_pac_stability,7,0.2681307538358906,False,False,0.7564325919443416
p,1000,end,0.6403135727630772,7,5,silhouette,3,0.006542082740176451,True,False,0.7633853353451798
p,1000,end,0.6403135727630772,7,5,silhouette,4,0.006520168957160583,False,False,0.8190356117771598
p,1000,end,0.6403135727630772,7,5,silhouette,5,0.005410734067243049,False,True,0.6403135727630772
p,1000,end,0.6403135727630772,7,5,silhouette,6,0.006086657931480846,False,False,0.8784235397974667
p,1000,end,0.6403135727630772,7,5,silhouette,7,0.004628402216702439,False,False,0.5759659798609866
p,1000,end,0.6403135727630772,7,5,gap,3,1.3348095982891408,False,False,0.7633853353451798
p,1000,end,0.6403135727630772,7,5,gap,4,1.3366960742842302,False,False,0.8190356117771598
p,1000,end,0.6403135727630772,7,5,gap,5,1.3375357662885818,False,True,0.6403135727630772
p,1000,end,0.6403135727630772,7,5,gap,6,1.3387337416776894,False,False,0.8784235397974667
p,1000,end,0.6403135727630772,7,5,gap,7,1.3405743630754934,True,False,0.5759659798609866
p,1000,end,0.6403135727630772,7,5,davies_bouldin,3,0.08295789390980975,False,False,0.7633853353451798
p,1000,end,0.6403135727630772,7,5,davies_bouldin,4,0.08844781467816805,False,False,0.8190356117771598
p,1000,end,0.6403135727630772,7,5,davies_bouldin,5,0.08258591228546451,False,True,0.6403135727630772
p,1000,end,0.6403135727630772,7,5,davies_bouldin,6,0.09354428260889606,True,False,0.8784235397974667
p,1000,end,0.6403135727630772,7,5,davies_bouldin,7,0.08678591627536122,False,False,0.5759659798609866
p,1000,end,0.6403135727630772,7,5,calinski_harabasz,3,8.492901913959466,True,False,0.7633853353451798
p,1000,end,0.6403135727630772,7,5,calinski_harabasz,4,7.265146344017741,False,False,0.8190356117771598
p,1000,end,0.6403135727630772,7,5,calinski_harabasz,5,6.200665474064234,False,True,0.6403135727630772
p,1000,end,0.6403135727630772,7,5,calinski_harabasz,6,5.632823973202823,False,False,0.8784235397974667
p,1000,end,0.6403135727630772,7,5,calinski_harabasz,7,5.377363659624453,False,False,0.5759659798609866
p,1000,end,0.9743038834177244,8,5,accuracy_generalizability,3,0.5370415855894721,True,False,0.12737759930082512
p,1000,end,0.9743038834177244,8,5,accuracy_generalizability,4,0.42398531692894276,False,False,0.04866613129504345
p,1000,end,0.9743038834177244,8,5,accuracy_generalizability,5,0.3561265722048403,False,True,0.02621086309585212
p,1000,end,0.9743038834177244,8,5,accuracy_generalizability,6,0.3216497991910155,False,False,0.10669941883445515
p,1000,end,0.9743038834177244,8,5,accuracy_generalizability,7,0.29234962058174735,False,False,0.13058322003649298
p,1000,end,0.9743038834177244,8,5,ari_generalizability,3,0.10242992975046915,True,False,0.12737759930082512
p,1000,end,0.9743038834177244,8,5,ari_generalizability,4,0.05603968934552248,False,False,0.04866613129504345
p,1000,end,0.9743038834177244,8,5,ari_generalizability,5,0.034251908479896113,False,True,0.02621086309585212
p,1000,end,0.9743038834177244,8,5,ari_generalizability,6,0.028545207577978658,False,False,0.10669941883445515
p,1000,end,0.9743038834177244,8,5,ari_generalizability,7,0.020180707915301875,False,False,0.13058322003649298
p,1000,end,0.9743038834177244,8,5,ari_generalizability_1se,3,0.10242992975046915,True,False,0.12737759930082512
p,1000,end,0.9743038834177244,8,5,ari_generalizability_1se,4,0.05603968934552248,False,False,0.04866613129504345
p,1000,end,0.9743038834177244,8,5,ari_generalizability_1se,5,0.034251908479896113,False,True,0.02621086309585212
p,1000,end,0.9743038834177244,8,5,ari_generalizability_1se,6,0.028545207577978658,False,False,0.10669941883445515
p,1000,end,0.9743038834177244,8,5,ari_generalizability_1se,7,0.020180707915301875,False,False,0.13058322003649298
p,1000,end,0.9743038834177244,8,5,ari_generalizability_quant,3,0.10242992975046915,False,False,0.12737759930082512
p,1000,end,0.9743038834177244,8,5,ari_generalizability_quant,4,0.05603968934552248,False,False,0.04866613129504345
p,1000,end,0.9743038834177244,8,5,ari_generalizability_quant,5,0.034251908479896113,False,True,0.02621086309585212
p,1000,end,0.9743038834177244,8,5,ari_generalizability_quant,6,0.028545207577978658,False,False,0.10669941883445515
p,1000,end,0.9743038834177244,8,5,ari_generalizability_quant,7,0.020180707915301875,True,False,0.13058322003649298
p,1000,end,0.9743038834177244,8,5,ari_stability,3,0.6004687131315684,False,False,0.6410113030326485
p,1000,end,0.9743038834177244,8,5,ari_stability,4,0.6672628983754268,True,False,0.8836031383096493
p,1000,end,0.9743038834177244,8,5,ari_stability,5,0.5207226403003414,False,True,0.8751289922477704
p,1000,end,0.9743038834177244,8,5,ari_stability,6,0.38256051971153743,False,False,0.9437645734817071
p,1000,end,0.9743038834177244,8,5,ari_stability,7,0.2849066046239329,False,False,0.9369354011956179
p,1000,end,0.9743038834177244,8,5,ari_stability_1se,3,0.6004687131315684,False,False,0.6410113030326485
p,1000,end,0.9743038834177244,8,5,ari_stability_1se,4,0.6672628983754268,True,False,0.8836031383096493
p,1000,end,0.9743038834177244,8,5,ari_stability_1se,5,0.5207226403003414,False,True,0.8751289922477704
p,1000,end,0.9743038834177244,8,5,ari_stability_1se,6,0.38256051971153743,False,False,0.9437645734817071
p,1000,end,0.9743038834177244,8,5,ari_stability_1se,7,0.2849066046239329,False,False,0.9369354011956179
p,1000,end,0.9743038834177244,8,5,ari_stability_quant,3,0.6004687131315684,False,False,0.6410113030326485
p,1000,end,0.9743038834177244,8,5,ari_stability_quant,4,0.6672628983754268,False,False,0.8836031383096493
p,1000,end,0.9743038834177244,8,5,ari_stability_quant,5,0.5207226403003414,True,True,0.8751289922477704
p,1000,end,0.9743038834177244,8,5,ari_stability_quant,6,0.38256051971153743,False,False,0.9437645734817071
p,1000,end,0.9743038834177244,8,5,ari_stability_quant,7,0.2849066046239329,False,False,0.9369354011956179
p,1000,end,0.9743038834177244,8,5,consensus_ce_stability,3,0.6153239322877008,False,False,0.6410113030326485
p,1000,end,0.9743038834177244,8,5,consensus_ce_stability,4,0.7143817176500001,True,False,0.8836031383096493
p,1000,end,0.9743038834177244,8,5,consensus_ce_stability,5,0.6294865691798945,False,True,0.8751289922477704
p,1000,end,0.9743038834177244,8,5,consensus_ce_stability,6,0.5631852981532065,False,False,0.9437645734817071
p,1000,end,0.9743038834177244,8,5,consensus_ce_stability,7,0.5439646587483575,False,False,0.9369354011956179
p,1000,end,0.9743038834177244,8,5,consensus_gini_stability,3,0.6490946329650026,False,False,0.6410113030326485
p,1000,end,0.9743038834177244,8,5,consensus_gini_stability,4,0.7615410520173255,True,False,0.8836031383096493
p,1000,end,0.9743038834177244,8,5,consensus_gini_stability,5,0.6825332406694964,False,True,0.8751289922477704
p,1000,end,0.9743038834177244,8,5,consensus_gini_stability,6,0.6178470963677513,False,False,0.9437645734817071
p,1000,end,0.9743038834177244,8,5,consensus_gini_stability,7,0.5991037876480717,False,False,0.9369354011956179
p,1000,end,0.9743038834177244,8,5,consensus_pac_stability,3,0.5151532132532799,False,False,0.6410113030326485
p,1000,end,0.9743038834177244,8,5,consensus_pac_stability,4,0.5975290193462308,True,False,0.8836031383096493
p,1000,end,0.9743038834177244,8,5,consensus_pac_stability,5,0.4837678452301535,False,True,0.8751289922477704
p,1000,end,0.9743038834177244,8,5,consensus_pac_stability,6,0.41368823660217924,False,False,0.9437645734817071
p,1000,end,0.9743038834177244,8,5,consensus_pac_stability,7,0.38460662663998224,False,False,0.9369354011956179
p,1000,end,0.9743038834177244,8,5,silhouette,3,0.00619545541528194,False,False,0.6552739646293056
p,1000,end,0.9743038834177244,8,5,silhouette,4,0.007112221684515789,False,False,0.8809448365128943
p,1000,end,0.9743038834177244,8,5,silhouette,5,0.007728339159531361,True,True,0.9743038834177244
p,1000,end,0.9743038834177244,8,5,silhouette,6,0.006097486689599281,False,False,0.7888226391890992
p,1000,end,0.9743038834177244,8,5,silhouette,7,0.004847440013708594,False,False,0.6997995954231843
p,1000,end,0.9743038834177244,8,5,gap,3,1.3310247887762543,False,False,0.6552739646293056
p,1000,end,0.9743038834177244,8,5,gap,4,1.3341757671621508,False,False,0.8809448365128943
p,1000,end,0.9743038834177244,8,5,gap,5,1.3364985040517752,False,True,0.9743038834177244
p,1000,end,0.9743038834177244,8,5,gap,6,1.3371276052448131,False,False,0.7888226391890992
p,1000,end,0.9743038834177244,8,5,gap,7,1.3371667838791268,True,False,0.6997995954231843
p,1000,end,0.9743038834177244,8,5,davies_bouldin,3,0.08182756015676301,False,False,0.6552739646293056
p,1000,end,0.9743038834177244,8,5,davies_bouldin,4,0.08916660043074114,False,False,0.8809448365128943
p,1000,end,0.9743038834177244,8,5,davies_bouldin,5,0.09971404101009398,True,True,0.9743038834177244
p,1000,end,0.9743038834177244,8,5,davies_bouldin,6,0.0869403936855433,False,False,0.7888226391890992
p,1000,end,0.9743038834177244,8,5,davies_bouldin,7,0.08402668320748666,False,False,0.6997995954231843
p,1000,end,0.9743038834177244,8,5,calinski_harabasz,3,8.431583469266508,True,False,0.6552739646293056
p,1000,end,0.9743038834177244,8,5,calinski_harabasz,4,7.8776063057871815,False,False,0.8809448365128943
p,1000,end,0.9743038834177244,8,5,calinski_harabasz,5,7.215086673758569,False,True,0.9743038834177244
p,1000,end,0.9743038834177244,8,5,calinski_harabasz,6,6.268461881113613,False,False,0.7888226391890992
p,1000,end,0.9743038834177244,8,5,calinski_harabasz,7,5.467043798600719,False,False,0.6997995954231843
p,1000,end,0.7211998005390279,9,5,accuracy_generalizability,3,0.5588101195881408,True,False,0.33669470941773977
p,1000,end,0.7211998005390279,9,5,accuracy_generalizability,4,0.48516968322833653,False,False,0.3414166698885461
p,1000,end,0.7211998005390279,9,5,accuracy_generalizability,5,0.4076194388181856,False,True,0.32106769241355426
p,1000,end,0.7211998005390279,9,5,accuracy_generalizability,6,0.3467836197932041,False,False,0.4740332277919088
p,1000,end,0.7211998005390279,9,5,accuracy_generalizability,7,0.30864591300704547,False,False,0.284050672487783
p,1000,end,0.7211998005390279,9,5,ari_generalizability,3,0.12662821656577386,True,False,0.33669470941773977
p,1000,end,0.7211998005390279,9,5,ari_generalizability,4,0.11777492172112114,False,False,0.3414166698885461
p,1000,end,0.7211998005390279,9,5,ari_generalizability,5,0.07316944731988353,False,True,0.32106769241355426
p,1000,end,0.7211998005390279,9,5,ari_generalizability,6,0.04119913133185844,False,False,0.4740332277919088
p,1000,end,0.7211998005390279,9,5,ari_generalizability,7,0.027109041668138115,False,False,0.284050672487783
p,1000,end,0.7211998005390279,9,5,ari_generalizability_1se,3,0.12662821656577386,True,False,0.33669470941773977
p,1000,end,0.7211998005390279,9,5,ari_generalizability_1se,4,0.11777492172112114,False,False,0.3414166698885461
p,1000,end,0.7211998005390279,9,5,ari_generalizability_1se,5,0.07316944731988353,False,True,0.32106769241355426
p,1000,end,0.7211998005390279,9,5,ari_generalizability_1se,6,0.04119913133185844,False,False,0.4740332277919088
p,1000,end,0.7211998005390279,9,5,ari_generalizability_1se,7,0.027109041668138115,False,False,0.284050672487783
p,1000,end,0.7211998005390279,9,5,ari_generalizability_quant,3,0.12662821656577386,False,False,0.33669470941773977
p,1000,end,0.7211998005390279,9,5,ari_generalizability_quant,4,0.11777492172112114,False,False,0.3414166698885461
p,1000,end,0.7211998005390279,9,5,ari_generalizability_quant,5,0.07316944731988353,True,True,0.32106769241355426
p,1000,end,0.7211998005390279,9,5,ari_generalizability_quant,6,0.04119913133185844,False,False,0.4740332277919088
p,1000,end,0.7211998005390279,9,5,ari_generalizability_quant,7,0.027109041668138115,False,False,0.284050672487783
p,1000,end,0.7211998005390279,9,5,ari_stability,3,0.8574494695472141,True,False,0.736371224451196
p,1000,end,0.7211998005390279,9,5,ari_stability,4,0.5891870620148167,False,False,0.7439251651213
p,1000,end,0.7211998005390279,9,5,ari_stability,5,0.42446218953241904,False,True,0.8837484669163276
p,1000,end,0.7211998005390279,9,5,ari_stability,6,0.3052962371106589,False,False,0.8654891709793052
p,1000,end,0.7211998005390279,9,5,ari_stability,7,0.2351971589667636,False,False,0.8656275080653916
p,1000,end,0.7211998005390279,9,5,ari_stability_1se,3,0.8574494695472141,True,False,0.736371224451196
p,1000,end,0.7211998005390279,9,5,ari_stability_1se,4,0.5891870620148167,False,False,0.7439251651213
p,1000,end,0.7211998005390279,9,5,ari_stability_1se,5,0.42446218953241904,False,True,0.8837484669163276
p,1000,end,0.7211998005390279,9,5,ari_stability_1se,6,0.3052962371106589,False,False,0.8654891709793052
p,1000,end,0.7211998005390279,9,5,ari_stability_1se,7,0.2351971589667636,False,False,0.8656275080653916
p,1000,end,0.7211998005390279,9,5,ari_stability_quant,3,0.8574494695472141,True,False,0.736371224451196
p,1000,end,0.7211998005390279,9,5,ari_stability_quant,4,0.5891870620148167,False,False,0.7439251651213
p,1000,end,0.7211998005390279,9,5,ari_stability_quant,5,0.42446218953241904,False,True,0.8837484669163276
p,1000,end,0.7211998005390279,9,5,ari_stability_quant,6,0.3052962371106589,False,False,0.8654891709793052
p,1000,end,0.7211998005390279,9,5,ari_stability_quant,7,0.2351971589667636,False,False,0.8656275080653916
p,1000,end,0.7211998005390279,9,5,consensus_ce_stability,3,0.855325266663768,True,False,0.736371224451196
p,1000,end,0.7211998005390279,9,5,consensus_ce_stability,4,0.6340889099604818,False,False,0.7439251651213
p,1000,end,0.7211998005390279,9,5,consensus_ce_stability,5,0.5489942238094355,False,True,0.8837484669163276
p,1000,end,0.7211998005390279,9,5,consensus_ce_stability,6,0.5213175193328343,False,False,0.8654891709793052
p,1000,end,0.7211998005390279,9,5,consensus_ce_stability,7,0.5045579443270783,False,False,0.8656275080653916
p,1000,end,0.7211998005390279,9,5,consensus_gini_stability,3,0.8762770120349742,True,False,0.736371224451196
p,1000,end,0.7211998005390279,9,5,consensus_gini_stability,4,0.681309716704969,False,False,0.7439251651213
p,1000,end,0.7211998005390279,9,5,consensus_gini_stability,5,0.5997209795988261,False,True,0.8837484669163276
p,1000,end,0.7211998005390279,9,5,consensus_gini_stability,6,0.5732512209220268,False,False,0.8654891709793052
p,1000,end,0.7211998005390279,9,5,consensus_gini_stability,7,0.5612797585876151,False,False,0.8656275080653916
p,1000,end,0.7211998005390279,9,5,consensus_pac_stability,3,0.8026764509673115,True,False,0.736371224451196
p,1000,end,0.7211998005390279,9,5,consensus_pac_stability,4,0.4970211251945742,False,False,0.7439251651213
p,1000,end,0.7211998005390279,9,5,consensus_pac_stability,5,0.40580297976428725,False,True,0.8837484669163276
p,1000,end,0.7211998005390279,9,5,consensus_pac_stability,6,0.3724109406270847,False,False,0.8654891709793052
p,1000,end,0.7211998005390279,9,5,consensus_pac_stability,7,0.33178652434956635,False,False,0.8656275080653916
p,1000,end,0.7211998005390279,9,5,silhouette,3,0.006701267108998948,False,False,0.7391886711570982
p,1000,end,0.7211998005390279,9,5,silhouette,4,0.006916321836492268,True,False,0.9020911878961826
p,1000,end,0.7211998005390279,9,5,silhouette,5,0.005211530840867894,False,True,0.7211998005390279
p,1000,end,0.7211998005390279,9,5,silhouette,6,0.006131933198821633,False,False,0.8747725291164851
p,1000,end,0.7211998005390279,9,5,silhouette,7,0.0037120231877275744,False,False,0.5767687548407665
p,1000,end,0.7211998005390279,9,5,gap,3,1.336324818247924,False,False,0.7391886711570982
p,1000,end,0.7211998005390279,9,5,gap,4,1.338651887881614,False,False,0.9020911878961826
p,1000,end,0.7211998005390279,9,5,gap,5,1.3384772218860483,False,True,0.7211998005390279
p,1000,end,0.7211998005390279,9,5,gap,6,1.3402976895659648,True,False,0.8747725291164851
p,1000,end,0.7211998005390279,9,5,gap,7,1.3395788945936928,False,False,0.5767687548407665
p,1000,end,0.7211998005390279,9,5,davies_bouldin,3,0.08253383763205059,False,False,0.7391886711570982
p,1000,end,0.7211998005390279,9,5,davies_bouldin,4,0.08773490560636622,False,False,0.9020911878961826
p,1000,end,0.7211998005390279,9,5,davies_bouldin,5,0.08243381818665242,False,True,0.7211998005390279
p,1000,end,0.7211998005390279,9,5,davies_bouldin,6,0.09701862236021848,True,False,0.8747725291164851
p,1000,end,0.7211998005390279,9,5,davies_bouldin,7,0.08091138257550182,False,False,0.5767687548407665
p,1000,end,0.7211998005390279,9,5,calinski_harabasz,3,9.079264321999839,True,False,0.7391886711570982
p,1000,end,0.7211998005390279,9,5,calinski_harabasz,4,7.885023557070231,False,False,0.9020911878961826
p,1000,end,0.7211998005390279,9,5,calinski_harabasz,5,6.281898987207556,False,True,0.7211998005390279
p,1000,end,0.7211998005390279,9,5,calinski_harabasz,6,5.873381518682605,False,False,0.8747725291164851
p,1000,end,0.7211998005390279,9,5,calinski_harabasz,7,4.951411168646465,False,False,0.5767687548407665
p,1000,end,0.9406340419594637,10,5,accuracy_generalizability,3,0.5484018598460971,True,False,0.1292575475437515
p,1000,end,0.9406340419594637,10,5,accuracy_generalizability,4,0.48045356663478045,False,False,0.466287811816266
p,1000,end,0.9406340419594637,10,5,accuracy_generalizability,5,0.4098784396408757,False,True,0.42432213810016955
p,1000,end,0.9406340419594637,10,5,accuracy_generalizability,6,0.3485485405428864,False,False,0.37113440381518115
p,1000,end,0.9406340419594637,10,5,accuracy_generalizability,7,0.3192401766244945,False,False,0.37801365451975094
p,1000,end,0.9406340419594637,10,5,ari_generalizability,3,0.11000406195986462,True,False,0.1292575475437515
p,1000,end,0.9406340419594637,10,5,ari_generalizability,4,0.10904736094231693,False,False,0.466287811816266
p,1000,end,0.9406340419594637,10,5,ari_generalizability,5,0.07468933617652636,False,True,0.42432213810016955
p,1000,end,0.9406340419594637,10,5,ari_generalizability,6,0.04450819995989088,False,False,0.37113440381518115
p,1000,end,0.9406340419594637,10,5,ari_generalizability,7,0.03268184830325743,False,False,0.37801365451975094
p,1000,end,0.9406340419594637,10,5,ari_generalizability_1se,3,0.11000406195986462,False,False,0.1292575475437515
p,1000,end,0.9406340419594637,10,5,ari_generalizability_1se,4,0.10904736094231693,True,False,0.466287811816266
p,1000,end,0.9406340419594637,10,5,ari_generalizability_1se,5,0.07468933617652636,False,True,0.42432213810016955
p,1000,end,0.9406340419594637,10,5,ari_generalizability_1se,6,0.04450819995989088,False,False,0.37113440381518115
p,1000,end,0.9406340419594637,10,5,ari_generalizability_1se,7,0.03268184830325743,False,False,0.37801365451975094
p,1000,end,0.9406340419594637,10,5,ari_generalizability_quant,3,0.11000406195986462,False,False,0.1292575475437515
p,1000,end,0.9406340419594637,10,5,ari_generalizability_quant,4,0.10904736094231693,False,False,0.466287811816266
p,1000,end,0.9406340419594637,10,5,ari_generalizability_quant,5,0.07468933617652636,False,True,0.42432213810016955
p,1000,end,0.9406340419594637,10,5,ari_generalizability_quant,6,0.04450819995989088,True,False,0.37113440381518115
p,1000,end,0.9406340419594637,10,5,ari_generalizability_quant,7,0.03268184830325743,False,False,0.37801365451975094
p,1000,end,0.9406340419594637,10,5,ari_stability,3,0.771251110884714,True,False,0.6610061567074553
p,1000,end,0.9406340419594637,10,5,ari_stability,4,0.5785727185686104,False,False,0.8562360365584099
p,1000,end,0.9406340419594637,10,5,ari_stability,5,0.44525468529635476,False,True,0.8361364481138566
p,1000,end,0.9406340419594637,10,5,ari_stability,6,0.3313035046050091,False,False,0.8877093440190124
p,1000,end,0.9406340419594637,10,5,ari_stability,7,0.24168463833068532,False,False,0.8599318408118921
p,1000,end,0.9406340419594637,10,5,ari_stability_1se,3,0.771251110884714,True,False,0.6610061567074553
p,1000,end,0.9406340419594637,10,5,ari_stability_1se,4,0.5785727185686104,False,False,0.8562360365584099
p,1000,end,0.9406340419594637,10,5,ari_stability_1se,5,0.44525468529635476,False,True,0.8361364481138566
p,1000,end,0.9406340419594637,10,5,ari_stability_1se,6,0.3313035046050091,False,False,0.8877093440190124
p,1000,end,0.9406340419594637,10,5,ari_stability_1se,7,0.24168463833068532,False,False,0.8599318408118921
p,1000,end,0.9406340419594637,10,5,ari_stability_quant,3,0.771251110884714,True,False,0.6610061567074553
p,1000,end,0.9406340419594637,10,5,ari_stability_quant,4,0.5785727185686104,False,False,0.8562360365584099
p,1000,end,0.9406340419594637,10,5,ari_stability_quant,5,0.44525468529635476,False,True,0.8361364481138566
p,1000,end,0.9406340419594637,10,5,ari_stability_quant,6,0.3313035046050091,False,False,0.8877093440190124
p,1000,end,0.9406340419594637,10,5,ari_stability_quant,7,0.24168463833068532,False,False,0.8599318408118921
p,1000,end,0.9406340419594637,10,5,consensus_ce_stability,3,0.7719878462851992,True,False,0.6610061567074553
p,1000,end,0.9406340419594637,10,5,consensus_ce_stability,4,0.6461350646448777,False,False,0.8562360365584099
p,1000,end,0.9406340419594637,10,5,consensus_ce_stability,5,0.5595587270186315,False,True,0.8361364481138566
p,1000,end,0.9406340419594637,10,5,consensus_ce_stability,6,0.5353121324132957,False,False,0.8877093440190124
p,1000,end,0.9406340419594637,10,5,consensus_ce_stability,7,0.5161017792351845,False,False,0.8599318408118921
p,1000,end,0.9406340419594637,10,5,consensus_gini_stability,3,0.7998284989811929,True,False,0.6610061567074553
p,1000,end,0.9406340419594637,10,5,consensus_gini_stability,4,0.6922662307375753,False,False,0.8562360365584099
p,1000,end,0.9406340419594637,10,5,consensus_gini_stability,5,0.6124937069519888,False,True,0.8361364481138566
p,1000,end,0.9406340419594637,10,5,consensus_gini_stability,6,0.5884993691337504,False,False,0.8877093440190124
p,1000,end,0.9406340419594637,10,5,consensus_gini_stability,7,0.5719967623493115,False,False,0.8599318408118921
p,1000,end,0.9406340419594637,10,5,consensus_pac_stability,3,0.6897700689348454,True,False,0.6610061567074553
p,1000,end,0.9406340419594637,10,5,consensus_pac_stability,4,0.5094418501223037,False,False,0.8562360365584099
p,1000,end,0.9406340419594637,10,5,consensus_pac_stability,5,0.4024149432955304,False,True,0.8361364481138566
p,1000,end,0.9406340419594637,10,5,consensus_pac_stability,6,0.3788410051145208,False,False,0.8877093440190124
p,1000,end,0.9406340419594637,10,5,consensus_pac_stability,7,0.34744496330887253,False,False,0.8599318408118921
p,1000,end,0.9406340419594637,10,5,silhouette,3,0.00654970226182166,False,False,0.6594447922984922
p,1000,end,0.9406340419594637,10,5,silhouette,4,0.007147151761446995,False,False,0.8622691348528138
p,1000,end,0.9406340419594637,10,5,silhouette,5,0.007540562588088752,True,True,0.9406340419594637
p,1000,end,0.9406340419594637,10,5,silhouette,6,0.006280548236431258,False,False,0.8931287750083494
p,1000,end,0.9406340419594637,10,5,silhouette,7,0.004689178588815896,False,False,0.6517390259890012
p,1000,end,0.9406340419594637,10,5,gap,3,1.3395840798429575,False,False,0.6594447922984922
p,1000,end,0.9406340419594637,10,5,gap,4,1.342250111131598,False,False,0.8622691348528138
p,1000,end,0.9406340419594637,10,5,gap,5,1.3442005393157324,False,True,0.9406340419594637
p,1000,end,0.9406340419594637,10,5,gap,6,1.3443472207688245,False,False,0.8931287750083494
p,1000,end,0.9406340419594637,10,5,gap,7,1.3445788693554412,True,False,0.6517390259890012
p,1000,end,0.9406340419594637,10,5,davies_bouldin,3,0.0835082031118374,False,False,0.6594447922984922
p,1000,end,0.9406340419594637,10,5,davies_bouldin,4,0.08694972184584533,False,False,0.8622691348528138
p,1000,end,0.9406340419594637,10,5,davies_bouldin,5,0.09863866476720849,True,True,0.9406340419594637
p,1000,end,0.9406340419594637,10,5,davies_bouldin,6,0.0968100909140321,False,False,0.8931287750083494
p,1000,end,0.9406340419594637,10,5,davies_bouldin,7,0.08425471735100877,False,False,0.6517390259890012
p,1000,end,0.9406340419594637,10,5,calinski_harabasz,3,8.963575422527166,True,False,0.6594447922984922
p,1000,end,0.9406340419594637,10,5,calinski_harabasz,4,7.956646835330333,False,False,0.8622691348528138
p,1000,end,0.9406340419594637,10,5,calinski_harabasz,5,7.1501328748032265,False,True,0.9406340419594637
p,1000,end,0.9406340419594637,10,5,calinski_harabasz,6,6.079366311550977,False,False,0.8931287750083494
p,1000,end,0.9406340419594637,10,5,calinski_harabasz,7,5.3577187612393535,False,False,0.6517390259890012
p,1000,end,0.925404812746334,11,5,accuracy_generalizability,3,0.5734177288487444,True,False,0.38069394480164115
p,1000,end,0.925404812746334,11,5,accuracy_generalizability,4,0.417788934285314,False,False,0.007484258184876246
p,1000,end,0.925404812746334,11,5,accuracy_generalizability,5,0.3721397212093251,False,True,0.014909634397322787
p,1000,end,0.925404812746334,11,5,accuracy_generalizability,6,0.3408423170813544,False,False,0.34346365150963165
p,1000,end,0.925404812746334,11,5,accuracy_generalizability,7,0.2862300866406962,False,False,0.3420278991140817
p,1000,end,0.925404812746334,11,5,ari_generalizability,3,0.17854960868199948,True,False,0.38069394480164115
p,1000,end,0.925404812746334,11,5,ari_generalizability,4,0.05522328414214463,False,False,0.007484258184876246
p,1000,end,0.925404812746334,11,5,ari_generalizability,5,0.0445441343205592,False,True,0.014909634397322787
p,1000,end,0.925404812746334,11,5,ari_generalizability,6,0.0379626360424848,False,False,0.34346365150963165
p,1000,end,0.925404812746334,11,5,ari_generalizability,7,0.021440821635866043,False,False,0.3420278991140817
p,1000,end,0.925404812746334,11,5,ari_generalizability_1se,3,0.17854960868199948,True,False,0.38069394480164115
p,1000,end,0.925404812746334,11,5,ari_generalizability_1se,4,0.05522328414214463,False,False,0.007484258184876246
p,1000,end,0.925404812746334,11,5,ari_generalizability_1se,5,0.0445441343205592,False,True,0.014909634397322787
p,1000,end,0.925404812746334,11,5,ari_generalizability_1se,6,0.0379626360424848,False,False,0.34346365150963165
p,1000,end,0.925404812746334,11,5,ari_generalizability_1se,7,0.021440821635866043,False,False,0.3420278991140817
p,1000,end,0.925404812746334,11,5,ari_generalizability_quant,3,0.17854960868199948,True,False,0.38069394480164115
p,1000,end,0.925404812746334,11,5,ari_generalizability_quant,4,0.05522328414214463,False,False,0.007484258184876246
p,1000,end,0.925404812746334,11,5,ari_generalizability_quant,5,0.0445441343205592,False,True,0.014909634397322787
p,1000,end,0.925404812746334,11,5,ari_generalizability_quant,6,0.0379626360424848,False,False,0.34346365150963165
p,1000,end,0.925404812746334,11,5,ari_generalizability_quant,7,0.021440821635866043,False,False,0.3420278991140817
p,1000,end,0.925404812746334,11,5,ari_stability,3,0.7126625234434815,True,False,0.7243442546171401
p,1000,end,0.925404812746334,11,5,ari_stability,4,0.453297446444737,False,False,0.7162371022314287
p,1000,end,0.925404812746334,11,5,ari_stability,5,0.32365966733845974,False,True,0.8542056159022766
p,1000,end,0.925404812746334,11,5,ari_stability,6,0.23807193454903203,False,False,0.7064179996460117
p,1000,end,0.925404812746334,11,5,ari_stability,7,0.17831234759982104,False,False,0.843778082835823
p,1000,end,0.925404812746334,11,5,ari_stability_1se,3,0.7126625234434815,True,False,0.7243442546171401
p,1000,end,0.925404812746334,11,5,ari_stability_1se,4,0.453297446444737,False,False,0.7162371022314287
p,1000,end,0.925404812746334,11,5,ari_stability_1se,5,0.32365966733845974,False,True,0.8542056159022766
p,1000,end,0.925404812746334,11,5,ari_stability_1se,6,0.23807193454903203,False,False,0.7064179996460117
p,1000,end,0.925404812746334,11,5,ari_stability_1se,7,0.17831234759982104,False,False,0.843778082835823
p,1000,end,0.925404812746334,11,5,ari_stability_quant,3,0.7126625234434815,True,False,0.7243442546171401
p,1000,end,0.925404812746334,11,5,ari_stability_quant,4,0.453297446444737,False,False,0.7162371022314287
p,1000,end,0.925404812746334,11,5,ari_stability_quant,5,0.32365966733845974,False,True,0.8542056159022766
p,1000,end,0.925404812746334,11,5,ari_stability_quant,6,0.23807193454903203,False,False,0.7064179996460117
p,1000,end,0.925404812746334,11,5,ari_stability_quant,7,0.17831234759982104,False,False,0.843778082835823
p,1000,end,0.925404812746334,11,5,consensus_ce_stability,3,0.6965473349988123,True,False,0.7243442546171401
p,1000,end,0.925404812746334,11,5,consensus_ce_stability,4,0.5228364081538545,False,False,0.7162371022314287
p,1000,end,0.925404812746334,11,5,consensus_ce_stability,5,0.4919433862047049,False,True,0.8542056159022766
p,1000,end,0.925404812746334,11,5,consensus_ce_stability,6,0.4787644237630302,False,False,0.7064179996460117
p,1000,end,0.925404812746334,11,5,consensus_ce_stability,7,0.480273836173544,False,False,0.843778082835823
p,1000,end,0.925404812746334,11,5,consensus_gini_stability,3,0.7298364864743171,True,False,0.7243442546171401
p,1000,end,0.925404812746334,11,5,consensus_gini_stability,4,0.5738676606425003,False,False,0.7162371022314287
p,1000,end,0.925404812746334,11,5,consensus_gini_stability,5,0.5416775531866357,False,True,0.8542056159022766
p,1000,end,0.925404812746334,11,5,consensus_gini_stability,6,0.5322123587102396,False,False,0.7064179996460117
p,1000,end,0.925404812746334,11,5,consensus_gini_stability,7,0.5415779325966652,False,False,0.843778082835823
p,1000,end,0.925404812746334,11,5,consensus_pac_stability,3,0.5995499221703358,True,False,0.7243442546171401
p,1000,end,0.925404812746334,11,5,consensus_pac_stability,4,0.37069246164109404,False,False,0.7162371022314287
p,1000,end,0.925404812746334,11,5,consensus_pac_stability,5,0.3478959306204136,False,True,0.8542056159022766
p,1000,end,0.925404812746334,11,5,consensus_pac_stability,6,0.31818367800756064,False,False,0.7064179996460117
p,1000,end,0.925404812746334,11,5,consensus_pac_stability,7,0.28472937513898156,False,False,0.843778082835823
p,1000,end,0.925404812746334,11,5,silhouette,3,0.006236567421574674,False,False,0.7204675854538346
p,1000,end,0.925404812746334,11,5,silhouette,4,0.00702424346214373,False,False,0.8739152601379612
p,1000,end,0.925404812746334,11,5,silhouette,5,0.007426673706574297,True,True,0.925404812746334
p,1000,end,0.925404812746334,11,5,silhouette,6,0.005814717684325956,False,False,0.7443827235568682
p,1000,end,0.925404812746334,11,5,silhouette,7,0.004595860547487029,False,False,0.6067110512664388
p,1000,end,0.925404812746334,11,5,gap,3,1.337972082260098,False,False,0.7204675854538346
p,1000,end,0.925404812746334,11,5,gap,4,1.3402846423995172,False,False,0.8739152601379612
p,1000,end,0.925404812746334,11,5,gap,5,1.3423143467448178,False,True,0.925404812746334
p,1000,end,0.925404812746334,11,5,gap,6,1.3432165424716587,False,False,0.7443827235568682
p,1000,end,0.925404812746334,11,5,gap,7,1.3433281282822627,True,False,0.6067110512664388
p,1000,end,0.925404812746334,11,5,davies_bouldin,3,0.08249802337803677,False,False,0.7204675854538346
p,1000,end,0.925404812746334,11,5,davies_bouldin,4,0.0872574923667911,False,False,0.8739152601379612
p,1000,end,0.925404812746334,11,5,davies_bouldin,5,0.09963654285323105,True,True,0.925404812746334
p,1000,end,0.925404812746334,11,5,davies_bouldin,6,0.08697428167541885,False,False,0.7443827235568682
p,1000,end,0.925404812746334,11,5,davies_bouldin,7,0.08564094648714865,False,False,0.6067110512664388
p,1000,end,0.925404812746334,11,5,calinski_harabasz,3,8.751392972177218,True,False,0.7204675854538346
p,1000,end,0.925404812746334,11,5,calinski_harabasz,4,7.653277777297549,False,False,0.8739152601379612
p,1000,end,0.925404812746334,11,5,calinski_harabasz,5,6.933557320364474,False,True,0.925404812746334
p,1000,end,0.925404812746334,11,5,calinski_harabasz,6,6.147103315616113,False,False,0.7443827235568682
p,1000,end,0.925404812746334,11,5,calinski_harabasz,7,5.389096934913958,False,False,0.6067110512664388
p,1000,end,0.972957207902049,12,5,accuracy_generalizability,3,0.5567061665986492,True,False,0.3180656697121784
p,1000,end,0.972957207902049,12,5,accuracy_generalizability,4,0.44967508905601766,False,False,0.2522206593687089
p,1000,end,0.972957207902049,12,5,accuracy_generalizability,5,0.3904052211030019,False,True,0.2799848065533459
p,1000,end,0.972957207902049,12,5,accuracy_generalizability,6,0.3452471964916925,False,False,0.29113750449576253
p,1000,end,0.972957207902049,12,5,accuracy_generalizability,7,0.311474461800845,False,False,0.28071305940743885
p,1000,end,0.972957207902049,12,5,ari_generalizability,3,0.13707830748831568,True,False,0.3180656697121784
p,1000,end,0.972957207902049,12,5,ari_generalizability,4,0.08321486618073477,False,False,0.2522206593687089
p,1000,end,0.972957207902049,12,5,ari_generalizability,5,0.05735156897005858,False,True,0.2799848065533459
p,1000,end,0.972957207902049,12,5,ari_generalizability,6,0.04198617400208348,False,False,0.29113750449576253
p,1000,end,0.972957207902049,12,5,ari_generalizability,7,0.029338822184370138,False,False,0.28071305940743885
p,1000,end,0.972957207902049,12,5,ari_generalizability_1se,3,0.13707830748831568,True,False,0.3180656697121784
p,1000,end,0.972957207902049,12,5,ari_generalizability_1se,4,0.08321486618073477,False,False,0.2522206593687089
p,1000,end,0.972957207902049,12,5,ari_generalizability_1se,5,0.05735156897005858,False,True,0.2799848065533459
p,1000,end,0.972957207902049,12,5,ari_generalizability_1se,6,0.04198617400208348,False,False,0.29113750449576253
p,1000,end,0.972957207902049,12,5,ari_generalizability_1se,7,0.029338822184370138,False,False,0.28071305940743885
p,1000,end,0.972957207902049,12,5,ari_generalizability_quant,3,0.13707830748831568,False,False,0.3180656697121784
p,1000,end,0.972957207902049,12,5,ari_generalizability_quant,4,0.08321486618073477,True,False,0.2522206593687089
p,1000,end,0.972957207902049,12,5,ari_generalizability_quant,5,0.05735156897005858,False,True,0.2799848065533459
p,1000,end,0.972957207902049,12,5,ari_generalizability_quant,6,0.04198617400208348,False,False,0.29113750449576253
p,1000,end,0.972957207902049,12,5,ari_generalizability_quant,7,0.029338822184370138,False,False,0.28071305940743885
p,1000,end,0.972957207902049,12,5,ari_stability,3,0.8447624205132671,True,False,0.7454711865946726
p,1000,end,0.972957207902049,12,5,ari_stability,4,0.6108712797740281,False,False,0.8828192777813901
p,1000,end,0.972957207902049,12,5,ari_stability,5,0.45584116251256623,False,True,0.8831553789814955
p,1000,end,0.972957207902049,12,5,ari_stability,6,0.31332921658809615,False,False,0.8721575304165322
p,1000,end,0.972957207902049,12,5,ari_stability,7,0.24598018454959536,False,False,0.8742678720361144
p,1000,end,0.972957207902049,12,5,ari_stability_1se,3,0.8447624205132671,True,False,0.7454711865946726
p,1000,end,0.972957207902049,12,5,ari_stability_1se,4,0.6108712797740281,False,False,0.8828192777813901
p,1000,end,0.972957207902049,12,5,ari_stability_1se,5,0.45584116251256623,False,True,0.8831553789814955
p,1000,end,0.972957207902049,12,5,ari_stability_1se,6,0.31332921658809615,False,False,0.8721575304165322
p,1000,end,0.972957207902049,12,5,ari_stability_1se,7,0.24598018454959536,False,False,0.8742678720361144
p,1000,end,0.972957207902049,12,5,ari_stability_quant,3,0.8447624205132671,True,False,0.7454711865946726
p,1000,end,0.972957207902049,12,5,ari_stability_quant,4,0.6108712797740281,False,False,0.8828192777813901
p,1000,end,0.972957207902049,12,5,ari_stability_quant,5,0.45584116251256623,False,True,0.8831553789814955
p,1000,end,0.972957207902049,12,5,ari_stability_quant,6,0.31332921658809615,False,False,0.8721575304165322
p,1000,end,0.972957207902049,12,5,ari_stability_quant,7,0.24598018454959536,False,False,0.8742678720361144
p,1000,end,0.972957207902049,12,5,consensus_ce_stability,3,0.8407128634313429,True,False,0.7454711865946726
p,1000,end,0.972957207902049,12,5,consensus_ce_stability,4,0.6680961324029699,False,False,0.8828192777813901
p,1000,end,0.972957207902049,12,5,consensus_ce_stability,5,0.5710066803735206,False,True,0.8831553789814955
p,1000,end,0.972957207902049,12,5,consensus_ce_stability,6,0.5279018304834705,False,False,0.8721575304165322
p,1000,end,0.972957207902049,12,5,consensus_ce_stability,7,0.5167671712530757,False,False,0.8742678720361144
p,1000,end,0.972957207902049,12,5,consensus_gini_stability,3,0.8641468081945489,True,False,0.7454711865946726
p,1000,end,0.972957207902049,12,5,consensus_gini_stability,4,0.7150069918856977,False,False,0.8828192777813901
p,1000,end,0.972957207902049,12,5,consensus_gini_stability,5,0.6225887191174688,False,True,0.8831553789814955
p,1000,end,0.972957207902049,12,5,consensus_gini_stability,6,0.5802212141252153,False,False,0.8721575304165322
p,1000,end,0.972957207902049,12,5,consensus_gini_stability,7,0.5722092050583418,False,False,0.8742678720361144
p,1000,end,0.972957207902049,12,5,consensus_pac_stability,3,0.7837571714476318,True,False,0.7454711865946726
p,1000,end,0.972957207902049,12,5,consensus_pac_stability,4,0.5342237046920169,False,False,0.8828192777813901
p,1000,end,0.972957207902049,12,5,consensus_pac_stability,5,0.4247631754503002,False,True,0.8831553789814955
p,1000,end,0.972957207902049,12,5,consensus_pac_stability,6,0.37820591505448076,False,False,0.8721575304165322
p,1000,end,0.972957207902049,12,5,consensus_pac_stability,7,0.3521885701578831,False,False,0.8742678720361144
p,1000,end,0.972957207902049,12,5,silhouette,3,0.006655577757184237,False,False,0.7353742515371795
p,1000,end,0.972957207902049,12,5,silhouette,4,0.007278071294347029,False,False,0.8876915656528528
p,1000,end,0.972957207902049,12,5,silhouette,5,0.007554746076471744,True,True,0.972957207902049
p,1000,end,0.972957207902049,12,5,silhouette,6,0.005742603930506875,False,False,0.8319953434762722
p,1000,end,0.972957207902049,12,5,silhouette,7,0.005506275914632062,False,False,0.8168750881628153
p,1000,end,0.972957207902049,12,5,gap,3,1.3422366410392392,False,False,0.7353742515371795
p,1000,end,0.972957207902049,12,5,gap,4,1.3446129136610168,False,False,0.8876915656528528
p,1000,end,0.972957207902049,12,5,gap,5,1.346526421425576,False,True,0.972957207902049
p,1000,end,0.972957207902049,12,5,gap,6,1.3470330013011953,True,False,0.8319953434762722
p,1000,end,0.972957207902049,12,5,gap,7,1.346923820619839,False,False,0.8168750881628153
p,1000,end,0.972957207902049,12,5,davies_bouldin,3,0.08203081945594812,False,False,0.7353742515371795
p,1000,end,0.972957207902049,12,5,davies_bouldin,4,0.08783365213388945,False,False,0.8876915656528528
p,1000,end,0.972957207902049,12,5,davies_bouldin,5,0.09919699992937597,True,True,0.972957207902049
p,1000,end,0.972957207902049,12,5,davies_bouldin,6,0.08820846207526749,False,False,0.8319953434762722
p,1000,end,0.972957207902049,12,5,davies_bouldin,7,0.09288160963182783,False,False,0.8168750881628153
p,1000,end,0.972957207902049,12,5,calinski_harabasz,3,9.004485852277352,True,False,0.7353742515371795
p,1000,end,0.972957207902049,12,5,calinski_harabasz,4,7.833450988427411,False,False,0.8876915656528528
p,1000,end,0.972957207902049,12,5,calinski_harabasz,5,7.043752019654881,False,True,0.972957207902049
p,1000,end,0.972957207902049,12,5,calinski_harabasz,6,6.09474201321232,False,False,0.8319953434762722
p,1000,end,0.972957207902049,12,5,calinski_harabasz,7,5.280045882899411,False,False,0.8168750881628153
p,1000,end,0.6443688506783799,13,5,accuracy_generalizability,3,0.5882899652414438,True,False,0.33518874229695145
p,1000,end,0.6443688506783799,13,5,accuracy_generalizability,4,0.45563420191085957,False,False,0.13016404855555166
p,1000,end,0.6443688506783799,13,5,accuracy_generalizability,5,0.3884976691721823,False,True,0.3208362855909173
p,1000,end,0.6443688506783799,13,5,accuracy_generalizability,6,0.3522952829861827,False,False,0.4830079471425461
p,1000,end,0.6443688506783799,13,5,accuracy_generalizability,7,0.3039606262165638,False,False,0.3375404976141947
p,1000,end,0.6443688506783799,13,5,ari_generalizability,3,0.17961140860237276,True,False,0.33518874229695145
p,1000,end,0.6443688506783799,13,5,ari_generalizability,4,0.08301770037020578,False,False,0.13016404855555166
p,1000,end,0.6443688506783799,13,5,ari_generalizability,5,0.057448794594323796,False,True,0.3208362855909173
p,1000,end,0.6443688506783799,13,5,ari_generalizability,6,0.04612382275752243,False,False,0.4830079471425461
p,1000,end,0.6443688506783799,13,5,ari_generalizability,7,0.028777700451566725,False,False,0.3375404976141947
p,1000,end,0.6443688506783799,13,5,ari_generalizability_1se,3,0.17961140860237276,True,False,0.33518874229695145
p,1000,end,0.6443688506783799,13,5,ari_generalizability_1se,4,0.08301770037020578,False,False,0.13016404855555166
p,1000,end,0.6443688506783799,13,5,ari_generalizability_1se,5,0.057448794594323796,False,True,0.3208362855909173
p,1000,end,0.6443688506783799,13,5,ari_generalizability_1se,6,0.04612382275752243,False,False,0.4830079471425461
p,1000,end,0.6443688506783799,13,5,ari_generalizability_1se,7,0.028777700451566725,False,False,0.3375404976141947
p,1000,end,0.6443688506783799,13,5,ari_generalizability_quant,3,0.17961140860237276,True,False,0.33518874229695145
p,1000,end,0.6443688506783799,13,5,ari_generalizability_quant,4,0.08301770037020578,False,False,0.13016404855555166
p,1000,end,0.6443688506783799,13,5,ari_generalizability_quant,5,0.057448794594323796,False,True,0.3208362855909173
p,1000,end,0.6443688506783799,13,5,ari_generalizability_quant,6,0.04612382275752243,False,False,0.4830079471425461
p,1000,end,0.6443688506783799,13,5,ari_generalizability_quant,7,0.028777700451566725,False,False,0.3375404976141947
p,1000,end,0.6443688506783799,13,5,ari_stability,3,0.8338849404677873,True,False,0.757239384048267
p,1000,end,0.6443688506783799,13,5,ari_stability,4,0.5556954729073182,False,False,0.7552840432868358
p,1000,end,0.6443688506783799,13,5,ari_stability,5,0.3731095595631354,False,True,0.7583667329910465
p,1000,end,0.6443688506783799,13,5,ari_stability,6,0.26794148652368965,False,False,0.7477944429344385
p,1000,end,0.6443688506783799,13,5,ari_stability,7,0.20190344657413523,False,False,0.7435378392468144
p,1000,end,0.6443688506783799,13,5,ari_stability_1se,3,0.8338849404677873,True,False,0.757239384048267
p,1000,end,0.6443688506783799,13,5,ari_stability_1se,4,0.5556954729073182,False,False,0.7552840432868358
p,1000,end,0.6443688506783799,13,5,ari_stability_1se,5,0.3731095595631354,False,True,0.7583667329910465
p,1000,end,0.6443688506783799,13,5,ari_stability_1se,6,0.26794148652368965,False,False,0.7477944429344385
p,1000,end,0.6443688506783799,13,5,ari_stability_1se,7,0.20190344657413523,False,False,0.7435378392468144
p,1000,end,0.6443688506783799,13,5,ari_stability_quant,3,0.8338849404677873,True,False,0.757239384048267
p,1000,end,0.6443688506783799,13,5,ari_stability_quant,4,0.5556954729073182,False,False,0.7552840432868358
p,1000,end,0.6443688506783799,13,5,ari_stability_quant,5,0.3731095595631354,False,True,0.7583667329910465
p,1000,end,0.6443688506783799,13,5,ari_stability_quant,6,0.26794148652368965,False,False,0.7477944429344385
p,1000,end,0.6443688506783799,13,5,ari_stability_quant,7,0.20190344657413523,False,False,0.7435378392468144
p,1000,end,0.6443688506783799,13,5,consensus_ce_stability,3,0.817613839101397,True,False,0.757239384048267
p,1000,end,0.6443688506783799,13,5,consensus_ce_stability,4,0.6026528380645522,False,False,0.7552840432868358
p,1000,end,0.6443688506783799,13,5,consensus_ce_stability,5,0.5325787451554571,False,True,0.7583667329910465
p,1000,end,0.6443688506783799,13,5,consensus_ce_stability,6,0.500169953667745,False,False,0.7477944429344385
p,1000,end,0.6443688506783799,13,5,consensus_ce_stability,7,0.4904583556523042,False,False,0.7435378392468144
p,1000,end,0.6443688506783799,13,5,consensus_gini_stability,3,0.8459609131326334,True,False,0.757239384048267
p,1000,end,0.6443688506783799,13,5,consensus_gini_stability,4,0.6484996344581314,False,False,0.7552840432868358
p,1000,end,0.6443688506783799,13,5,consensus_gini_stability,5,0.5793916920396973,False,True,0.7583667329910465
p,1000,end,0.6443688506783799,13,5,consensus_gini_stability,6,0.5524103519145376,False,False,0.7477944429344385
p,1000,end,0.6443688506783799,13,5,consensus_gini_stability,7,0.548175202010746,False,False,0.7435378392468144
p,1000,end,0.6443688506783799,13,5,consensus_pac_stability,3,0.7568796975761619,True,False,0.757239384048267
p,1000,end,0.6443688506783799,13,5,consensus_pac_stability,4,0.4716895708249944,False,False,0.7552840432868358
p,1000,end,0.6443688506783799,13,5,consensus_pac_stability,5,0.4044660885034468,False,True,0.7583667329910465
p,1000,end,0.6443688506783799,13,5,consensus_pac_stability,6,0.3469148321102957,False,False,0.7477944429344385
p,1000,end,0.6443688506783799,13,5,consensus_pac_stability,7,0.3123744718701357,False,False,0.7435378392468144
p,1000,end,0.6443688506783799,13,5,silhouette,3,0.006925577553572791,True,False,0.7460889661978951
p,1000,end,0.6443688506783799,13,5,silhouette,4,0.006889887828456359,False,False,0.8880110597973901
p,1000,end,0.6443688506783799,13,5,silhouette,5,0.004472684352641839,False,True,0.6443688506783799
p,1000,end,0.6443688506783799,13,5,silhouette,6,0.005885456810452098,False,False,0.8149801742751116
p,1000,end,0.6443688506783799,13,5,silhouette,7,0.00395746075870943,False,False,0.7001828532348973
p,1000,end,0.6443688506783799,13,5,gap,3,1.3298132664553002,False,False,0.7460889661978951
p,1000,end,0.6443688506783799,13,5,gap,4,1.3317667180065236,False,False,0.8880110597973901
p,1000,end,0.6443688506783799,13,5,gap,5,1.3321223164943312,False,True,0.6443688506783799
p,1000,end,0.6443688506783799,13,5,gap,6,1.3331009085653918,False,False,0.8149801742751116
p,1000,end,0.6443688506783799,13,5,gap,7,1.3342493815961802,True,False,0.7001828532348973
p,1000,end,0.6443688506783799,13,5,davies_bouldin,3,0.08292083872825776,False,False,0.7460889661978951
p,1000,end,0.6443688506783799,13,5,davies_bouldin,4,0.08895975909787347,False,False,0.8880110597973901
p,1000,end,0.6443688506783799,13,5,davies_bouldin,5,0.07772634359790151,False,True,0.6443688506783799
p,1000,end,0.6443688506783799,13,5,davies_bouldin,6,0.09189665845778534,True,False,0.8149801742751116
p,1000,end,0.6443688506783799,13,5,davies_bouldin,7,0.08794612827808464,False,False,0.7001828532348973
p,1000,end,0.6443688506783799,13,5,calinski_harabasz,3,9.106099401577065,True,False,0.7460889661978951
p,1000,end,0.6443688506783799,13,5,calinski_harabasz,4,7.70434272592014,False,False,0.8880110597973901
p,1000,end,0.6443688506783799,13,5,calinski_harabasz,5,6.345510446645773,False,True,0.6443688506783799
p,1000,end,0.6443688506783799,13,5,calinski_harabasz,6,5.680304082789161,False,False,0.8149801742751116
p,1000,end,0.6443688506783799,13,5,calinski_harabasz,7,5.261694178424646,False,False,0.7001828532348973
p,1000,end,0.6765173447338418,14,5,accuracy_generalizability,3,0.5755776115408361,True,False,0.36994412515335623
p,1000,end,0.6765173447338418,14,5,accuracy_generalizability,4,0.4219805813987279,False,False,0.0032490382083132556
p,1000,end,0.6765173447338418,14,5,accuracy_generalizability,5,0.3646079750185144,False,True,0.014169672484910559
p,1000,end,0.6765173447338418,14,5,accuracy_generalizability,6,0.3264923579565688,False,False,0.23216657548017136
p,1000,end,0.6765173447338418,14,5,accuracy_generalizability,7,0.29452703211244874,False,False,0.013687250622365728
p,1000,end,0.6765173447338418,14,5,ari_generalizability,3,0.17734244414226155,True,False,0.36994412515335623
p,1000,end,0.6765173447338418,14,5,ari_generalizability,4,0.05166456765362135,False,False,0.0032490382083132556
p,1000,end,0.6765173447338418,14,5,ari_generalizability,5,0.039239327655395305,False,True,0.014169672484910559
p,1000,end,0.6765173447338418,14,5,ari_generalizability,6,0.030710481021045056,False,False,0.23216657548017136
p,1000,end,0.6765173447338418,14,5,ari_generalizability,7,0.021483912471446622,False,False,0.013687250622365728
p,1000,end,0.6765173447338418,14,5,ari_generalizability_1se,3,0.17734244414226155,True,False,0.36994412515335623
p,1000,end,0.6765173447338418,14,5,ari_generalizability_1se,4,0.05166456765362135,False,False,0.0032490382083132556
p,1000,end,0.6765173447338418,14,5,ari_generalizability_1se,5,0.039239327655395305,False,True,0.014169672484910559
p,1000,end,0.6765173447338418,14,5,ari_generalizability_1se,6,0.030710481021045056,False,False,0.23216657548017136
p,1000,end,0.6765173447338418,14,5,ari_generalizability_1se,7,0.021483912471446622,False,False,0.013687250622365728
p,1000,end,0.6765173447338418,14,5,ari_generalizability_quant,3,0.17734244414226155,True,False,0.36994412515335623
p,1000,end,0.6765173447338418,14,5,ari_generalizability_quant,4,0.05166456765362135,False,False,0.0032490382083132556
p,1000,end,0.6765173447338418,14,5,ari_generalizability_quant,5,0.039239327655395305,False,True,0.014169672484910559
p,1000,end,0.6765173447338418,14,5,ari_generalizability_quant,6,0.030710481021045056,False,False,0.23216657548017136
p,1000,end,0.6765173447338418,14,5,ari_generalizability_quant,7,0.021483912471446622,False,False,0.013687250622365728
p,1000,end,0.6765173447338418,14,5,ari_stability,3,0.6708183207773989,True,False,0.7031421080575968
p,1000,end,0.6765173447338418,14,5,ari_stability,4,0.5267188834755885,False,False,0.869036473305377
p,1000,end,0.6765173447338418,14,5,ari_stability,5,0.39661496765708776,False,True,0.88253699034511
p,1000,end,0.6765173447338418,14,5,ari_stability,6,0.28283006239733655,False,False,0.8773205874385348
p,1000,end,0.6765173447338418,14,5,ari_stability,7,0.2096396403515691,False,False,0.9114081662724315
p,1000,end,0.6765173447338418,14,5,ari_stability_1se,3,0.6708183207773989,True,False,0.7031421080575968
p,1000,end,0.6765173447338418,14,5,ari_stability_1se,4,0.5267188834755885,False,False,0.869036473305377
p,1000,end,0.6765173447338418,14,5,ari_stability_1se,5,0.39661496765708776,False,True,0.88253699034511
p,1000,end,0.6765173447338418,14,5,ari_stability_1se,6,0.28283006239733655,False,False,0.8773205874385348
p,1000,end,0.6765173447338418,14,5,ari_stability_1se,7,0.2096396403515691,False,False,0.9114081662724315
p,1000,end,0.6765173447338418,14,5,ari_stability_quant,3,0.6708183207773989,False,False,0.7031421080575968
p,1000,end,0.6765173447338418,14,5,ari_stability_quant,4,0.5267188834755885,True,False,0.869036473305377
p,1000,end,0.6765173447338418,14,5,ari_stability_quant,5,0.39661496765708776,False,True,0.88253699034511
p,1000,end,0.6765173447338418,14,5,ari_stability_quant,6,0.28283006239733655,False,False,0.8773205874385348
p,1000,end,0.6765173447338418,14,5,ari_stability_quant,7,0.2096396403515691,False,False,0.9114081662724315
p,1000,end,0.6765173447338418,14,5,consensus_ce_stability,3,0.6666728484688856,True,False,0.7031421080575968
p,1000,end,0.6765173447338418,14,5,consensus_ce_stability,4,0.5839950167632271,False,False,0.869036473305377
p,1000,end,0.6765173447338418,14,5,consensus_ce_stability,5,0.5419959370219757,False,True,0.88253699034511
p,1000,end,0.6765173447338418,14,5,consensus_ce_stability,6,0.5123671187294401,False,False,0.8773205874385348
p,1000,end,0.6765173447338418,14,5,consensus_ce_stability,7,0.4954526586526682,False,False,0.9114081662724315
p,1000,end,0.6765173447338418,14,5,consensus_gini_stability,3,0.6963287365999361,True,False,0.7031421080575968
p,1000,end,0.6765173447338418,14,5,consensus_gini_stability,4,0.6388581563045931,False,False,0.869036473305377
p,1000,end,0.6765173447338418,14,5,consensus_gini_stability,5,0.5941685936006255,False,True,0.88253699034511
p,1000,end,0.6765173447338418,14,5,consensus_gini_stability,6,0.5648977461406394,False,False,0.8773205874385348
p,1000,end,0.6765173447338418,14,5,consensus_gini_stability,7,0.5536438610213406,False,False,0.9114081662724315
p,1000,end,0.6765173447338418,14,5,consensus_pac_stability,3,0.5793675783855904,True,False,0.7031421080575968
p,1000,end,0.6765173447338418,14,5,consensus_pac_stability,4,0.41532399377362683,False,False,0.869036473305377
p,1000,end,0.6765173447338418,14,5,consensus_pac_stability,5,0.3929401823437847,False,True,0.88253699034511
p,1000,end,0.6765173447338418,14,5,consensus_pac_stability,6,0.3592946408716923,False,False,0.8773205874385348
p,1000,end,0.6765173447338418,14,5,consensus_pac_stability,7,0.3164127195908384,False,False,0.9114081662724315
p,1000,end,0.6765173447338418,14,5,silhouette,3,0.006364654369048833,False,False,0.6997211982370678
p,1000,end,0.6765173447338418,14,5,silhouette,4,0.0072601445213393186,True,False,0.8822991926352345
p,1000,end,0.6765173447338418,14,5,silhouette,5,0.005114717107649088,False,True,0.6765173447338418
p,1000,end,0.6765173447338418,14,5,silhouette,6,0.005585775716882684,False,False,0.811311873205863
p,1000,end,0.6765173447338418,14,5,silhouette,7,0.0051057108907411955,False,False,0.6513341543020295
p,1000,end,0.6765173447338418,14,5,gap,3,1.3359565395464976,False,False,0.6997211982370678
p,1000,end,0.6765173447338418,14,5,gap,4,1.3387295720713084,False,False,0.8822991926352345
p,1000,end,0.6765173447338418,14,5,gap,5,1.3394032418314445,False,True,0.6765173447338418
p,1000,end,0.6765173447338418,14,5,gap,6,1.3410298328720316,False,False,0.811311873205863
p,1000,end,0.6765173447338418,14,5,gap,7,1.3420888602128223,True,False,0.6513341543020295
p,1000,end,0.6765173447338418,14,5,davies_bouldin,3,0.08277065224162754,False,False,0.6997211982370678
p,1000,end,0.6765173447338418,14,5,davies_bouldin,4,0.08948874241214869,False,False,0.8822991926352345
p,1000,end,0.6765173447338418,14,5,davies_bouldin,5,0.07930109672553987,False,True,0.6765173447338418
p,1000,end,0.6765173447338418,14,5,davies_bouldin,6,0.09236599599386591,True,False,0.811311873205863
p,1000,end,0.6765173447338418,14,5,davies_bouldin,7,0.08803782446058676,False,False,0.6513341543020295
p,1000,end,0.6765173447338418,14,5,calinski_harabasz,3,8.618146107053507,True,False,0.6997211982370678
p,1000,end,0.6765173447338418,14,5,calinski_harabasz,4,7.783720297021796,False,False,0.8822991926352345
p,1000,end,0.6765173447338418,14,5,calinski_harabasz,5,6.518723289543842,False,True,0.6765173447338418
p,1000,end,0.6765173447338418,14,5,calinski_harabasz,6,6.0272408124881185,False,False,0.811311873205863
p,1000,end,0.6765173447338418,14,5,calinski_harabasz,7,5.518602988554186,False,False,0.6513341543020295
p,1000,end,0.9713157049065018,15,5,accuracy_generalizability,3,0.4654882249749265,True,False,-0.0003306907348084912
p,1000,end,0.9713157049065018,15,5,accuracy_generalizability,4,0.45192443563040674,False,False,0.47078363562505127
p,1000,end,0.9713157049065018,15,5,accuracy_generalizability,5,0.3827198896911585,False,True,0.3608074683884113
p,1000,end,0.9713157049065018,15,5,accuracy_generalizability,6,0.32609251194289096,False,False,0.44878463944247227
p,1000,end,0.9713157049065018,15,5,accuracy_generalizability,7,0.29149709645171923,False,False,0.44990805367434666
p,1000,end,0.9713157049065018,15,5,ari_generalizability,3,0.027101932512044135,False,False,-0.0003306907348084912
p,1000,end,0.9713157049065018,15,5,ari_generalizability,4,0.08734597739950858,True,False,0.47078363562505127
p,1000,end,0.9713157049065018,15,5,ari_generalizability,5,0.059175788048339145,False,True,0.3608074683884113
p,1000,end,0.9713157049065018,15,5,ari_generalizability,6,0.033447813540304065,False,False,0.44878463944247227
p,1000,end,0.9713157049065018,15,5,ari_generalizability,7,0.023217524123266716,False,False,0.44990805367434666
p,1000,end,0.9713157049065018,15,5,ari_generalizability_1se,3,0.027101932512044135,False,False,-0.0003306907348084912
p,1000,end,0.9713157049065018,15,5,ari_generalizability_1se,4,0.08734597739950858,True,False,0.47078363562505127
p,1000,end,0.9713157049065018,15,5,ari_generalizability_1se,5,0.059175788048339145,False,True,0.3608074683884113
p,1000,end,0.9713157049065018,15,5,ari_generalizability_1se,6,0.033447813540304065,False,False,0.44878463944247227
p,1000,end,0.9713157049065018,15,5,ari_generalizability_1se,7,0.023217524123266716,False,False,0.44990805367434666
p,1000,end,0.9713157049065018,15,5,ari_generalizability_quant,3,0.027101932512044135,False,False,-0.0003306907348084912
p,1000,end,0.9713157049065018,15,5,ari_generalizability_quant,4,0.08734597739950858,False,False,0.47078363562505127
p,1000,end,0.9713157049065018,15,5,ari_generalizability_quant,5,0.059175788048339145,False,True,0.3608074683884113
p,1000,end,0.9713157049065018,15,5,ari_generalizability_quant,6,0.033447813540304065,True,False,0.44878463944247227
p,1000,end,0.9713157049065018,15,5,ari_generalizability_quant,7,0.023217524123266716,False,False,0.44990805367434666
p,1000,end,0.9713157049065018,15,5,ari_stability,3,0.8067048664149782,True,False,0.6165228081806103
p,1000,end,0.9713157049065018,15,5,ari_stability,4,0.7400345431668075,False,False,0.8570624373746623
p,1000,end,0.9713157049065018,15,5,ari_stability,5,0.5876770359427514,False,True,0.8565911870166448
p,1000,end,0.9713157049065018,15,5,ari_stability,6,0.4368207008295019,False,False,0.9416576089251351
p,1000,end,0.9713157049065018,15,5,ari_stability,7,0.3320870340081116,False,False,0.9368369006409162
p,1000,end,0.9713157049065018,15,5,ari_stability_1se,3,0.8067048664149782,True,False,0.6165228081806103
p,1000,end,0.9713157049065018,15,5,ari_stability_1se,4,0.7400345431668075,False,False,0.8570624373746623
p,1000,end,0.9713157049065018,15,5,ari_stability_1se,5,0.5876770359427514,False,True,0.8565911870166448
p,1000,end,0.9713157049065018,15,5,ari_stability_1se,6,0.4368207008295019,False,False,0.9416576089251351
p,1000,end,0.9713157049065018,15,5,ari_stability_1se,7,0.3320870340081116,False,False,0.9368369006409162
p,1000,end,0.9713157049065018,15,5,ari_stability_quant,3,0.8067048664149782,False,False,0.6165228081806103
p,1000,end,0.9713157049065018,15,5,ari_stability_quant,4,0.7400345431668075,False,False,0.8570624373746623
p,1000,end,0.9713157049065018,15,5,ari_stability_quant,5,0.5876770359427514,True,True,0.8565911870166448
p,1000,end,0.9713157049065018,15,5,ari_stability_quant,6,0.4368207008295019,False,False,0.9416576089251351
p,1000,end,0.9713157049065018,15,5,ari_stability_quant,7,0.3320870340081116,False,False,0.9368369006409162
p,1000,end,0.9713157049065018,15,5,consensus_ce_stability,3,0.796552337012059,True,False,0.6165228081806103
p,1000,end,0.9713157049065018,15,5,consensus_ce_stability,4,0.7688641881444708,False,False,0.8570624373746623
p,1000,end,0.9713157049065018,15,5,consensus_ce_stability,5,0.683450761114004,False,True,0.8565911870166448
p,1000,end,0.9713157049065018,15,5,consensus_ce_stability,6,0.617287871676216,False,False,0.9416576089251351
p,1000,end,0.9713157049065018,15,5,consensus_ce_stability,7,0.5728054541871698,False,False,0.9368369006409162
p,1000,end,0.9713157049065018,15,5,consensus_gini_stability,3,0.831924194290956,True,False,0.6165228081806103
p,1000,end,0.9713157049065018,15,5,consensus_gini_stability,4,0.8015958229558667,False,False,0.8570624373746623
p,1000,end,0.9713157049065018,15,5,consensus_gini_stability,5,0.7316450022797255,False,True,0.8565911870166448
p,1000,end,0.9713157049065018,15,5,consensus_gini_stability,6,0.6673265923123438,False,False,0.9416576089251351
p,1000,end,0.9713157049065018,15,5,consensus_gini_stability,7,0.626341838546767,False,False,0.9368369006409162
p,1000,end,0.9713157049065018,15,5,consensus_pac_stability,3,0.7275534800978429,True,False,0.6165228081806103
p,1000,end,0.9713157049065018,15,5,consensus_pac_stability,4,0.6936161885701579,False,False,0.8570624373746623
p,1000,end,0.9713157049065018,15,5,consensus_pac_stability,5,0.5519119412941962,False,True,0.8565911870166448
p,1000,end,0.9713157049065018,15,5,consensus_pac_stability,6,0.489022014676451,False,False,0.9416576089251351
p,1000,end,0.9713157049065018,15,5,consensus_pac_stability,7,0.4268712474983323,False,False,0.9368369006409162
p,1000,end,0.9713157049065018,15,5,silhouette,3,0.006110724409741159,False,False,0.6282108364281839
p,1000,end,0.9713157049065018,15,5,silhouette,4,0.007145459660869625,False,False,0.8547098223428273
p,1000,end,0.9713157049065018,15,5,silhouette,5,0.007984679368519217,True,True,0.9713157049065018
p,1000,end,0.9713157049065018,15,5,silhouette,6,0.0063439834375209996,False,False,0.8508285357198585
p,1000,end,0.9713157049065018,15,5,silhouette,7,0.004754118774974362,False,False,0.75893930892463
p,1000,end,0.9713157049065018,15,5,gap,3,1.335636282779646,False,False,0.6282108364281839
p,1000,end,0.9713157049065018,15,5,gap,4,1.3385718446477703,False,False,0.8547098223428273
p,1000,end,0.9713157049065018,15,5,gap,5,1.3409044114484097,False,True,0.9713157049065018
p,1000,end,0.9713157049065018,15,5,gap,6,1.3415016089549887,False,False,0.8508285357198585
p,1000,end,0.9713157049065018,15,5,gap,7,1.3415140609901783,True,False,0.75893930892463
p,1000,end,0.9713157049065018,15,5,davies_bouldin,3,0.08304227813554951,False,False,0.6282108364281839
p,1000,end,0.9713157049065018,15,5,davies_bouldin,4,0.08882936918407167,False,False,0.8547098223428273
p,1000,end,0.9713157049065018,15,5,davies_bouldin,5,0.09972512722556388,True,True,0.9713157049065018
p,1000,end,0.9713157049065018,15,5,davies_bouldin,6,0.09067736708941493,False,False,0.8508285357198585
p,1000,end,0.9713157049065018,15,5,davies_bouldin,7,0.08965167966045721,False,False,0.75893930892463
p,1000,end,0.9713157049065018,15,5,calinski_harabasz,3,8.759606794623886,True,False,0.6282108364281839
p,1000,end,0.9713157049065018,15,5,calinski_harabasz,4,7.981680106160554,False,False,0.8547098223428273
p,1000,end,0.9713157049065018,15,5,calinski_harabasz,5,7.3215631891800665,False,True,0.9713157049065018
p,1000,end,0.9713157049065018,15,5,calinski_harabasz,6,6.325008364973452,False,False,0.8508285357198585
p,1000,end,0.9713157049065018,15,5,calinski_harabasz,7,5.510871715217152,False,False,0.75893930892463
p,1000,end,0.9583550653362233,16,5,accuracy_generalizability,3,0.4695161521474206,True,False,0.03368861564897774
p,1000,end,0.9583550653362233,16,5,accuracy_generalizability,4,0.4408430132839117,False,False,0.299251311541955
p,1000,end,0.9583550653362233,16,5,accuracy_generalizability,5,0.3862976121524191,False,True,0.372960815703888
p,1000,end,0.9583550653362233,16,5,accuracy_generalizability,6,0.3288617037539673,False,False,0.35696467180401364
p,1000,end,0.9583550653362233,16,5,accuracy_generalizability,7,0.29913180441281056,False,False,0.3653689004358163
p,1000,end,0.9583550653362233,16,5,ari_generalizability,3,0.03915956374678882,False,False,0.03368861564897774
p,1000,end,0.9583550653362233,16,5,ari_generalizability,4,0.07890045869942847,True,False,0.299251311541955
p,1000,end,0.9583550653362233,16,5,ari_generalizability,5,0.055103643771769885,False,True,0.372960815703888
p,1000,end,0.9583550653362233,16,5,ari_generalizability,6,0.03495355042502358,False,False,0.35696467180401364
p,1000,end,0.9583550653362233,16,5,ari_generalizability,7,0.024232430702917685,False,False,0.3653689004358163
p,1000,end,0.9583550653362233,16,5,ari_generalizability_1se,3,0.03915956374678882,False,False,0.03368861564897774
p,1000,end,0.9583550653362233,16,5,ari_generalizability_1se,4,0.07890045869942847,True,False,0.299251311541955
p,1000,end,0.9583550653362233,16,5,ari_generalizability_1se,5,0.055103643771769885,False,True,0.372960815703888
p,1000,end,0.9583550653362233,16,5,ari_generalizability_1se,6,0.03495355042502358,False,False,0.35696467180401364
p,1000,end,0.9583550653362233,16,5,ari_generalizability_1se,7,0.024232430702917685,False,False,0.3653689004358163
p,1000,end,0.9583550653362233,16,5,ari_generalizability_quant,3,0.03915956374678882,False,False,0.03368861564897774
p,1000,end,0.9583550653362233,16,5,ari_generalizability_quant,4,0.07890045869942847,False,False,0.299251311541955
p,1000,end,0.9583550653362233,16,5,ari_generalizability_quant,5,0.055103643771769885,False,True,0.372960815703888
p,1000,end,0.9583550653362233,16,5,ari_generalizability_quant,6,0.03495355042502358,False,False,0.35696467180401364
p,1000,end,0.9583550653362233,16,5,ari_generalizability_quant,7,0.024232430702917685,True,False,0.3653689004358163
p,1000,end,0.9583550653362233,16,5,ari_stability,3,0.6628574695615843,False,False,0.634728258974036
p,1000,end,0.9583550653362233,16,5,ari_stability,4,0.7075369836572024,True,False,0.8512140330382455
p,1000,end,0.9583550653362233,16,5,ari_stability,5,0.5218931401425974,False,True,0.8602310308525134
p,1000,end,0.9583550653362233,16,5,ari_stability,6,0.38905115787075417,False,False,0.8681398582463516
p,1000,end,0.9583550653362233,16,5,ari_stability,7,0.28332592733288103,False,False,0.8610452048864895
p,1000,end,0.9583550653362233,16,5,ari_stability_1se,3,0.6628574695615843,False,False,0.634728258974036
p,1000,end,0.9583550653362233,16,5,ari_stability_1se,4,0.7075369836572024,True,False,0.8512140330382455
p,1000,end,0.9583550653362233,16,5,ari_stability_1se,5,0.5218931401425974,False,True,0.8602310308525134
p,1000,end,0.9583550653362233,16,5,ari_stability_1se,6,0.38905115787075417,False,False,0.8681398582463516
p,1000,end,0.9583550653362233,16,5,ari_stability_1se,7,0.28332592733288103,False,False,0.8610452048864895
p,1000,end,0.9583550653362233,16,5,ari_stability_quant,3,0.6628574695615843,False,False,0.634728258974036
p,1000,end,0.9583550653362233,16,5,ari_stability_quant,4,0.7075369836572024,False,False,0.8512140330382455
p,1000,end,0.9583550653362233,16,5,ari_stability_quant,5,0.5218931401425974,True,True,0.8602310308525134
p,1000,end,0.9583550653362233,16,5,ari_stability_quant,6,0.38905115787075417,False,False,0.8681398582463516
p,1000,end,0.9583550653362233,16,5,ari_stability_quant,7,0.28332592733288103,False,False,0.8610452048864895
p,1000,end,0.9583550653362233,16,5,consensus_ce_stability,3,0.6493722075275218,False,False,0.634728258974036
p,1000,end,0.9583550653362233,16,5,consensus_ce_stability,4,0.7379411630498075,True,False,0.8512140330382455
p,1000,end,0.9583550653362233,16,5,consensus_ce_stability,5,0.6427931130238073,False,True,0.8602310308525134
p,1000,end,0.9583550653362233,16,5,consensus_ce_stability,6,0.5773124264742651,False,False,0.8681398582463516
p,1000,end,0.9583550653362233,16,5,consensus_ce_stability,7,0.5440861081261917,False,False,0.8610452048864895
p,1000,end,0.9583550653362233,16,5,consensus_gini_stability,3,0.6858944589553451,False,False,0.634728258974036
p,1000,end,0.9583550653362233,16,5,consensus_gini_stability,4,0.781324016031672,True,False,0.8512140330382455
p,1000,end,0.9583550653362233,16,5,consensus_gini_stability,5,0.6919388601009034,False,True,0.8602310308525134
p,1000,end,0.9583550653362233,16,5,consensus_gini_stability,6,0.6294252840602821,False,False,0.8681398582463516
p,1000,end,0.9583550653362233,16,5,consensus_gini_stability,7,0.6000543628983276,False,False,0.8610452048864895
p,1000,end,0.9583550653362233,16,5,consensus_pac_stability,3,0.545583277740716,False,False,0.634728258974036
p,1000,end,0.9583550653362233,16,5,consensus_pac_stability,4,0.6292755170113409,True,False,0.8512140330382455
p,1000,end,0.9583550653362233,16,5,consensus_pac_stability,5,0.505169668668001,False,True,0.8602310308525134
p,1000,end,0.9583550653362233,16,5,consensus_pac_stability,6,0.4341027351567712,False,False,0.8681398582463516
p,1000,end,0.9583550653362233,16,5,consensus_pac_stability,7,0.38118923726929066,False,False,0.8610452048864895
p,1000,end,0.9583550653362233,16,5,silhouette,3,0.006133422351364383,False,False,0.630608705621446
p,1000,end,0.9583550653362233,16,5,silhouette,4,0.0071831798011837405,False,False,0.8547854163641506
p,1000,end,0.9583550653362233,16,5,silhouette,5,0.007657960409673606,True,True,0.9583550653362233
p,1000,end,0.9583550653362233,16,5,silhouette,6,0.006205880652763576,False,False,0.8110228729109852
p,1000,end,0.9583550653362233,16,5,silhouette,7,0.005458551682962108,False,False,0.7446984287432296
p,1000,end,0.9583550653362233,16,5,gap,3,1.338665429716194,False,False,0.630608705621446
p,1000,end,0.9583550653362233,16,5,gap,4,1.3416791622316104,False,False,0.8547854163641506
p,1000,end,0.9583550653362233,16,5,gap,5,1.3436869830059983,False,True,0.9583550653362233
p,1000,end,0.9583550653362233,16,5,gap,6,1.343524490228173,False,False,0.8110228729109852
p,1000,end,0.9583550653362233,16,5,gap,7,1.3445112552132663,True,False,0.7446984287432296
p,1000,end,0.9583550653362233,16,5,davies_bouldin,3,0.08228319061365087,False,False,0.630608705621446
p,1000,end,0.9583550653362233,16,5,davies_bouldin,4,0.08775654716232081,False,False,0.8547854163641506
p,1000,end,0.9583550653362233,16,5,davies_bouldin,5,0.09825187016949859,True,True,0.9583550653362233
p,1000,end,0.9583550653362233,16,5,davies_bouldin,6,0.092820545693527,False,False,0.8110228729109852
p,1000,end,0.9583550653362233,16,5,davies_bouldin,7,0.09023532507181031,False,False,0.7446984287432296
p,1000,end,0.9583550653362233,16,5,calinski_harabasz,3,8.620320267263567,True,False,0.630608705621446
p,1000,end,0.9583550653362233,16,5,calinski_harabasz,4,7.945277325302713,False,False,0.8547854163641506
p,1000,end,0.9583550653362233,16,5,calinski_harabasz,5,7.142063595534815,False,True,0.9583550653362233
p,1000,end,0.9583550653362233,16,5,calinski_harabasz,6,5.975551892064401,False,False,0.8110228729109852
p,1000,end,0.9583550653362233,16,5,calinski_harabasz,7,5.460745452072488,False,False,0.7446984287432296
p,1000,end,0.6045805636183116,17,5,accuracy_generalizability,3,0.5457925469471061,True,False,0.1840363861347758
p,1000,end,0.6045805636183116,17,5,accuracy_generalizability,4,0.4268544215125873,False,False,0.005302717040724762
p,1000,end,0.6045805636183116,17,5,accuracy_generalizability,5,0.3679220610596185,False,True,0.011632605047306266
p,1000,end,0.6045805636183116,17,5,accuracy_generalizability,6,0.329619706333591,False,False,0.06951107061026075
p,1000,end,0.6045805636183116,17,5,accuracy_generalizability,7,0.29979615138189053,False,False,0.06311913270050015
p,1000,end,0.6045805636183116,17,5,ari_generalizability,3,0.12076370886726591,True,False,0.1840363861347758
p,1000,end,0.6045805636183116,17,5,ari_generalizability,4,0.04680730969037314,False,False,0.005302717040724762
p,1000,end,0.6045805636183116,17,5,ari_generalizability,5,0.032569857957995246,False,True,0.011632605047306266
p,1000,end,0.6045805636183116,17,5,ari_generalizability,6,0.026529155714472452,False,False,0.06951107061026075
p,1000,end,0.6045805636183116,17,5,ari_generalizability,7,0.01948491678722922,False,False,0.06311913270050015
p,1000,end,0.6045805636183116,17,5,ari_generalizability_1se,3,0.12076370886726591,True,False,0.1840363861347758
p,1000,end,0.6045805636183116,17,5,ari_generalizability_1se,4,0.04680730969037314,False,False,0.005302717040724762
p,1000,end,0.6045805636183116,17,5,ari_generalizability_1se,5,0.032569857957995246,False,True,0.011632605047306266
p,1000,end,0.6045805636183116,17,5,ari_generalizability_1se,6,0.026529155714472452,False,False,0.06951107061026075
p,1000,end,0.6045805636183116,17,5,ari_generalizability_1se,7,0.01948491678722922,False,False,0.06311913270050015
p,1000,end,0.6045805636183116,17,5,ari_generalizability_quant,3,0.12076370886726591,False,False,0.1840363861347758
p,1000,end,0.6045805636183116,17,5,ari_generalizability_quant,4,0.04680730969037314,False,False,0.005302717040724762
p,1000,end,0.6045805636183116,17,5,ari_generalizability_quant,5,0.032569857957995246,False,True,0.011632605047306266
p,1000,end,0.6045805636183116,17,5,ari_generalizability_quant,6,0.026529155714472452,False,False,0.06951107061026075
p,1000,end,0.6045805636183116,17,5,ari_generalizability_quant,7,0.01948491678722922,True,False,0.06311913270050015
p,1000,end,0.6045805636183116,17,5,ari_stability,3,0.6530070134042444,True,False,0.7733398086661393
p,1000,end,0.6045805636183116,17,5,ari_stability,4,0.37816765862733726,False,False,0.782415036466194
p,1000,end,0.6045805636183116,17,5,ari_stability,5,0.26821842859306905,False,True,0.7642720483880177
p,1000,end,0.6045805636183116,17,5,ari_stability,6,0.20065426074598672,False,False,0.8911729387230535
p,1000,end,0.6045805636183116,17,5,ari_stability,7,0.15035943983680924,False,False,0.747471358714863
p,1000,end,0.6045805636183116,17,5,ari_stability_1se,3,0.6530070134042444,True,False,0.7733398086661393
p,1000,end,0.6045805636183116,17,5,ari_stability_1se,4,0.37816765862733726,False,False,0.782415036466194
p,1000,end,0.6045805636183116,17,5,ari_stability_1se,5,0.26821842859306905,False,True,0.7642720483880177
p,1000,end,0.6045805636183116,17,5,ari_stability_1se,6,0.20065426074598672,False,False,0.8911729387230535
p,1000,end,0.6045805636183116,17,5,ari_stability_1se,7,0.15035943983680924,False,False,0.747471358714863
p,1000,end,0.6045805636183116,17,5,ari_stability_quant,3,0.6530070134042444,True,False,0.7733398086661393
p,1000,end,0.6045805636183116,17,5,ari_stability_quant,4,0.37816765862733726,False,False,0.782415036466194
p,1000,end,0.6045805636183116,17,5,ari_stability_quant,5,0.26821842859306905,False,True,0.7642720483880177
p,1000,end,0.6045805636183116,17,5,ari_stability_quant,6,0.20065426074598672,False,False,0.8911729387230535
p,1000,end,0.6045805636183116,17,5,ari_stability_quant,7,0.15035943983680924,False,False,0.747471358714863
p,1000,end,0.6045805636183116,17,5,consensus_ce_stability,3,0.6544270746883012,True,False,0.7733398086661393
p,1000,end,0.6045805636183116,17,5,consensus_ce_stability,4,0.48691271863087043,False,False,0.782415036466194
p,1000,end,0.6045805636183116,17,5,consensus_ce_stability,5,0.4443900265874468,False,True,0.7642720483880177
p,1000,end,0.6045805636183116,17,5,consensus_ce_stability,6,0.44580410378180224,False,False,0.8911729387230535
p,1000,end,0.6045805636183116,17,5,consensus_ce_stability,7,0.4548001400516449,False,False,0.747471358714863
p,1000,end,0.6045805636183116,17,5,consensus_gini_stability,3,0.6909103443717024,True,False,0.7733398086661393
p,1000,end,0.6045805636183116,17,5,consensus_gini_stability,4,0.5369022790051584,False,False,0.782415036466194
p,1000,end,0.6045805636183116,17,5,consensus_gini_stability,5,0.493622656048798,False,True,0.7642720483880177
p,1000,end,0.6045805636183116,17,5,consensus_gini_stability,6,0.5012814360058264,False,False,0.8911729387230535
p,1000,end,0.6045805636183116,17,5,consensus_gini_stability,7,0.5155373641635894,False,False,0.747471358714863
p,1000,end,0.6045805636183116,17,5,consensus_pac_stability,3,0.5496473204358461,True,False,0.7733398086661393
p,1000,end,0.6045805636183116,17,5,consensus_pac_stability,4,0.3391701134089393,False,False,0.782415036466194
p,1000,end,0.6045805636183116,17,5,consensus_pac_stability,5,0.29827351567711813,False,True,0.7642720483880177
p,1000,end,0.6045805636183116,17,5,consensus_pac_stability,6,0.2707458305537025,False,False,0.8911729387230535
p,1000,end,0.6045805636183116,17,5,consensus_pac_stability,7,0.2594236157438292,False,False,0.747471358714863
p,1000,end,0.6045805636183116,17,5,silhouette,3,0.006853232575806372,False,False,0.7703164944025916
p,1000,end,0.6045805636183116,17,5,silhouette,4,0.007218663807139006,True,False,0.8816419729558614
p,1000,end,0.6045805636183116,17,5,silhouette,5,0.004297770840292255,False,True,0.6045805636183116
p,1000,end,0.6045805636183116,17,5,silhouette,6,0.003992276295611402,False,False,0.5210680366882018
p,1000,end,0.6045805636183116,17,5,silhouette,7,0.0034353477002721923,False,False,0.4060091049009693
p,1000,end,0.6045805636183116,17,5,gap,3,1.326720001239888,False,False,0.7703164944025916
p,1000,end,0.6045805636183116,17,5,gap,4,1.3286660800066308,False,False,0.8816419729558614
p,1000,end,0.6045805636183116,17,5,gap,5,1.3296799051615196,False,True,0.6045805636183116
p,1000,end,0.6045805636183116,17,5,gap,6,1.3299748120604988,False,False,0.5210680366882018
p,1000,end,0.6045805636183116,17,5,gap,7,1.3302914973186155,True,False,0.4060091049009693
p,1000,end,0.6045805636183116,17,5,davies_bouldin,3,0.08276521145329419,False,False,0.7703164944025916
p,1000,end,0.6045805636183116,17,5,davies_bouldin,4,0.09019087384145154,True,False,0.8816419729558614
p,1000,end,0.6045805636183116,17,5,davies_bouldin,5,0.07733126869686952,False,True,0.6045805636183116
p,1000,end,0.6045805636183116,17,5,davies_bouldin,6,0.07880518950710977,False,False,0.5210680366882018
p,1000,end,0.6045805636183116,17,5,davies_bouldin,7,0.08271128833376211,False,False,0.4060091049009693
p,1000,end,0.6045805636183116,17,5,calinski_harabasz,3,8.398531073862252,True,False,0.7703164944025916
p,1000,end,0.6045805636183116,17,5,calinski_harabasz,4,7.250946229405081,False,False,0.8816419729558614
p,1000,end,0.6045805636183116,17,5,calinski_harabasz,5,6.250839029488888,False,True,0.6045805636183116
p,1000,end,0.6045805636183116,17,5,calinski_harabasz,6,5.381103039738557,False,False,0.5210680366882018
p,1000,end,0.6045805636183116,17,5,calinski_harabasz,7,4.805858864113691,False,False,0.4060091049009693
p,1000,end,0.9726586067712132,18,5,accuracy_generalizability,3,0.5135093007754328,True,False,0.0041850583407648115
p,1000,end,0.9726586067712132,18,5,accuracy_generalizability,4,0.46426758181481426,False,False,0.44500343062584313
p,1000,end,0.9726586067712132,18,5,accuracy_generalizability,5,0.3960674368609928,False,True,0.4061465795013241
p,1000,end,0.9726586067712132,18,5,accuracy_generalizability,6,0.3434135475825289,False,False,0.44277235030276735
p,1000,end,0.9726586067712132,18,5,accuracy_generalizability,7,0.2943265119806771,False,False,0.3285295231190271
p,1000,end,0.9726586067712132,18,5,ari_generalizability,3,0.07273173428817117,False,False,0.0041850583407648115
p,1000,end,0.9726586067712132,18,5,ari_generalizability,4,0.09740732456045433,True,False,0.44500343062584313
p,1000,end,0.9726586067712132,18,5,ari_generalizability,5,0.06340129428576897,False,True,0.4061465795013241
p,1000,end,0.9726586067712132,18,5,ari_generalizability,6,0.041656504068265834,False,False,0.44277235030276735
p,1000,end,0.9726586067712132,18,5,ari_generalizability,7,0.024203878771307565,False,False,0.3285295231190271
p,1000,end,0.9726586067712132,18,5,ari_generalizability_1se,3,0.07273173428817117,False,False,0.0041850583407648115
p,1000,end,0.9726586067712132,18,5,ari_generalizability_1se,4,0.09740732456045433,True,False,0.44500343062584313
p,1000,end,0.9726586067712132,18,5,ari_generalizability_1se,5,0.06340129428576897,False,True,0.4061465795013241
p,1000,end,0.9726586067712132,18,5,ari_generalizability_1se,6,0.041656504068265834,False,False,0.44277235030276735
p,1000,end,0.9726586067712132,18,5,ari_generalizability_1se,7,0.024203878771307565,False,False,0.3285295231190271
p,1000,end,0.9726586067712132,18,5,ari_generalizability_quant,3,0.07273173428817117,False,False,0.0041850583407648115
p,1000,end,0.9726586067712132,18,5,ari_generalizability_quant,4,0.09740732456045433,False,False,0.44500343062584313
p,1000,end,0.9726586067712132,18,5,ari_generalizability_quant,5,0.06340129428576897,False,True,0.4061465795013241
p,1000,end,0.9726586067712132,18,5,ari_generalizability_quant,6,0.041656504068265834,False,False,0.44277235030276735
p,1000,end,0.9726586067712132,18,5,ari_generalizability_quant,7,0.024203878771307565,True,False,0.3285295231190271
p,1000,end,0.9726586067712132,18,5,ari_stability,3,0.8087991765117301,True,False,0.662490063713747
p,1000,end,0.9726586067712132,18,5,ari_stability,4,0.6797341261400706,False,False,0.8788328129129122
p,1000,end,0.9726586067712132,18,5,ari_stability,5,0.5181929044301125,False,True,0.9450320611838771
p,1000,end,0.9726586067712132,18,5,ari_stability,6,0.3828585048754781,False,False,0.923173544799719
p,1000,end,0.9726586067712132,18,5,ari_stability,7,0.28305667712240157,False,False,0.9106177532890225
p,1000,end,0.9726586067712132,18,5,ari_stability_1se,3,0.8087991765117301,True,False,0.662490063713747
p,1000,end,0.9726586067712132,18,5,ari_stability_1se,4,0.6797341261400706,False,False,0.8788328129129122
p,1000,end,0.9726586067712132,18,5,ari_stability_1se,5,0.5181929044301125,False,True,0.9450320611838771
p,1000,end,0.9726586067712132,18,5,ari_stability_1se,6,0.3828585048754781,False,False,0.923173544799719
p,1000,end,0.9726586067712132,18,5,ari_stability_1se,7,0.28305667712240157,False,False,0.9106177532890225
p,1000,end,0.9726586067712132,18,5,ari_stability_quant,3,0.8087991765117301,True,False,0.662490063713747
p,1000,end,0.9726586067712132,18,5,ari_stability_quant,4,0.6797341261400706,False,False,0.8788328129129122
p,1000,end,0.9726586067712132,18,5,ari_stability_quant,5,0.5181929044301125,False,True,0.9450320611838771
p,1000,end,0.9726586067712132,18,5,ari_stability_quant,6,0.3828585048754781,False,False,0.923173544799719
p,1000,end,0.9726586067712132,18,5,ari_stability_quant,7,0.28305667712240157,False,False,0.9106177532890225
p,1000,end,0.9726586067712132,18,5,consensus_ce_stability,3,0.8148759863447415,True,False,0.662490063713747
p,1000,end,0.9726586067712132,18,5,consensus_ce_stability,4,0.6990351568388302,False,False,0.8788328129129122
p,1000,end,0.9726586067712132,18,5,consensus_ce_stability,5,0.6332211612448748,False,True,0.9450320611838771
p,1000,end,0.9726586067712132,18,5,consensus_ce_stability,6,0.5718156122684805,False,False,0.923173544799719
p,1000,end,0.9726586067712132,18,5,consensus_ce_stability,7,0.5410763865693722,False,False,0.9106177532890225
p,1000,end,0.9726586067712132,18,5,consensus_gini_stability,3,0.8384014584218339,True,False,0.662490063713747
p,1000,end,0.9726586067712132,18,5,consensus_gini_stability,4,0.7432899796018078,False,False,0.8788328129129122
p,1000,end,0.9726586067712132,18,5,consensus_gini_stability,5,0.6820731741995812,False,True,0.9450320611838771
p,1000,end,0.9726586067712132,18,5,consensus_gini_stability,6,0.6245151277546643,False,False,0.923173544799719
p,1000,end,0.9726586067712132,18,5,consensus_gini_stability,7,0.5973220562094519,False,False,0.9106177532890225
p,1000,end,0.9726586067712132,18,5,consensus_pac_stability,3,0.7532390482543918,True,False,0.662490063713747
p,1000,end,0.9726586067712132,18,5,consensus_pac_stability,4,0.5810478096508784,False,False,0.8788328129129122
p,1000,end,0.9726586067712132,18,5,consensus_pac_stability,5,0.4978198799199466,False,True,0.9450320611838771
p,1000,end,0.9726586067712132,18,5,consensus_pac_stability,6,0.42729108294418505,False,False,0.923173544799719
p,1000,end,0.9726586067712132,18,5,consensus_pac_stability,7,0.37787858572381583,False,False,0.9106177532890225
p,1000,end,0.9726586067712132,18,5,silhouette,3,0.006461714865856179,False,False,0.6576993863163081
p,1000,end,0.9726586067712132,18,5,silhouette,4,0.006796486196433878,False,False,0.8798307237499982
p,1000,end,0.9726586067712132,18,5,silhouette,5,0.007573731274242839,True,True,0.9726586067712132
p,1000,end,0.9726586067712132,18,5,silhouette,6,0.00443772038429792,False,False,0.9583548841442769
p,1000,end,0.9726586067712132,18,5,silhouette,7,0.005250584574205998,False,False,0.6757763902943937
p,1000,end,0.9726586067712132,18,5,gap,3,1.3316645796738342,False,False,0.6576993863163081
p,1000,end,0.9726586067712132,18,5,gap,4,1.3344756706411331,False,False,0.8798307237499982
p,1000,end,0.9726586067712132,18,5,gap,5,1.3365818948642385,False,True,0.9726586067712132
p,1000,end,0.9726586067712132,18,5,gap,6,1.3363412791068576,False,False,0.9583548841442769
p,1000,end,0.9726586067712132,18,5,gap,7,1.3375519871001735,True,False,0.6757763902943937
p,1000,end,0.9726586067712132,18,5,davies_bouldin,3,0.08326582115182929,False,False,0.6576993863163081
p,1000,end,0.9726586067712132,18,5,davies_bouldin,4,0.0881820039483856,False,False,0.8798307237499982
p,1000,end,0.9726586067712132,18,5,davies_bouldin,5,0.09938086276456295,False,True,0.9726586067712132
p,1000,end,0.9726586067712132,18,5,davies_bouldin,6,0.10429394770505013,True,False,0.9583548841442769
p,1000,end,0.9726586067712132,18,5,davies_bouldin,7,0.0828652872382662,False,False,0.6757763902943937
p,1000,end,0.9726586067712132,18,5,calinski_harabasz,3,8.903795667884713,True,False,0.6576993863163081
p,1000,end,0.9726586067712132,18,5,calinski_harabasz,4,7.998290870612419,False,False,0.8798307237499982
p,1000,end,0.9726586067712132,18,5,calinski_harabasz,5,7.232090810252332,False,True,0.9726586067712132
p,1000,end,0.9726586067712132,18,5,calinski_harabasz,6,6.018020442697449,False,False,0.9583548841442769
p,1000,end,0.9726586067712132,18,5,calinski_harabasz,7,5.553413392057155,False,False,0.6757763902943937
p,1000,end,0.9514399135964291,19,5,accuracy_generalizability,3,0.5970534099232588,True,False,0.45045009347495596
p,1000,end,0.9514399135964291,19,5,accuracy_generalizability,4,0.48682773692590303,False,False,0.31206304625522535
p,1000,end,0.9514399135964291,19,5,accuracy_generalizability,5,0.40356998613092054,False,True,0.3015416710569988
p,1000,end,0.9514399135964291,19,5,accuracy_generalizability,6,0.369652403631898,False,False,0.35270731233673336
p,1000,end,0.9514399135964291,19,5,accuracy_generalizability,7,0.3233044281228933,False,False,0.4124160109300812
p,1000,end,0.9514399135964291,19,5,ari_generalizability,3,0.1730146106922065,True,False,0.45045009347495596
p,1000,end,0.9514399135964291,19,5,ari_generalizability,4,0.12687239018222818,False,False,0.31206304625522535
p,1000,end,0.9514399135964291,19,5,ari_generalizability,5,0.06898701413943555,False,True,0.3015416710569988
p,1000,end,0.9514399135964291,19,5,ari_generalizability,6,0.05944628163179333,False,False,0.35270731233673336
p,1000,end,0.9514399135964291,19,5,ari_generalizability,7,0.03821668120596561,False,False,0.4124160109300812
p,1000,end,0.9514399135964291,19,5,ari_generalizability_1se,3,0.1730146106922065,True,False,0.45045009347495596
p,1000,end,0.9514399135964291,19,5,ari_generalizability_1se,4,0.12687239018222818,False,False,0.31206304625522535
p,1000,end,0.9514399135964291,19,5,ari_generalizability_1se,5,0.06898701413943555,False,True,0.3015416710569988
p,1000,end,0.9514399135964291,19,5,ari_generalizability_1se,6,0.05944628163179333,False,False,0.35270731233673336
p,1000,end,0.9514399135964291,19,5,ari_generalizability_1se,7,0.03821668120596561,False,False,0.4124160109300812
p,1000,end,0.9514399135964291,19,5,ari_generalizability_quant,3,0.1730146106922065,False,False,0.45045009347495596
p,1000,end,0.9514399135964291,19,5,ari_generalizability_quant,4,0.12687239018222818,True,False,0.31206304625522535
p,1000,end,0.9514399135964291,19,5,ari_generalizability_quant,5,0.06898701413943555,False,True,0.3015416710569988
p,1000,end,0.9514399135964291,19,5,ari_generalizability_quant,6,0.05944628163179333,False,False,0.35270731233673336
p,1000,end,0.9514399135964291,19,5,ari_generalizability_quant,7,0.03821668120596561,False,False,0.4124160109300812
p,1000,end,0.9514399135964291,19,5,ari_stability,3,0.8819192849311623,True,False,0.7550175363108659
p,1000,end,0.9514399135964291,19,5,ari_stability,4,0.6975469485814852,False,False,0.9139501108695363
p,1000,end,0.9514399135964291,19,5,ari_stability,5,0.5113086168975753,False,True,0.9082933813881766
p,1000,end,0.9514399135964291,19,5,ari_stability,6,0.38287023711707774,False,False,0.904347970824699
p,1000,end,0.9514399135964291,19,5,ari_stability,7,0.28210254201007356,False,False,0.8882046367487513
p,1000,end,0.9514399135964291,19,5,ari_stability_1se,3,0.8819192849311623,True,False,0.7550175363108659
p,1000,end,0.9514399135964291,19,5,ari_stability_1se,4,0.6975469485814852,False,False,0.9139501108695363
p,1000,end,0.9514399135964291,19,5,ari_stability_1se,5,0.5113086168975753,False,True,0.9082933813881766
p,1000,end,0.9514399135964291,19,5,ari_stability_1se,6,0.38287023711707774,False,False,0.904347970824699
p,1000,end,0.9514399135964291,19,5,ari_stability_1se,7,0.28210254201007356,False,False,0.8882046367487513
p,1000,end,0.9514399135964291,19,5,ari_stability_quant,3,0.8819192849311623,True,False,0.7550175363108659
p,1000,end,0.9514399135964291,19,5,ari_stability_quant,4,0.6975469485814852,False,False,0.9139501108695363
p,1000,end,0.9514399135964291,19,5,ari_stability_quant,5,0.5113086168975753,False,True,0.9082933813881766
p,1000,end,0.9514399135964291,19,5,ari_stability_quant,6,0.38287023711707774,False,False,0.904347970824699
p,1000,end,0.9514399135964291,19,5,ari_stability_quant,7,0.28210254201007356,False,False,0.8882046367487513
p,1000,end,0.9514399135964291,19,5,consensus_ce_stability,3,0.8842110568793751,True,False,0.7550175363108659
p,1000,end,0.9514399135964291,19,5,consensus_ce_stability,4,0.7339284609465515,False,False,0.9139501108695363
p,1000,end,0.9514399135964291,19,5,consensus_ce_stability,5,0.6215121662538915,False,True,0.9082933813881766
p,1000,end,0.9514399135964291,19,5,consensus_ce_stability,6,0.569707368985988,False,False,0.904347970824699
p,1000,end,0.9514399135964291,19,5,consensus_ce_stability,7,0.5472320481027106,False,False,0.8882046367487513
p,1000,end,0.9514399135964291,19,5,consensus_gini_stability,3,0.9004118107051663,True,False,0.7550175363108659
p,1000,end,0.9514399135964291,19,5,consensus_gini_stability,4,0.7765301364646655,False,False,0.9139501108695363
p,1000,end,0.9514399135964291,19,5,consensus_gini_stability,5,0.6702413563332186,False,True,0.9082933813881766
p,1000,end,0.9514399135964291,19,5,consensus_gini_stability,6,0.6178171969225181,False,False,0.904347970824699
p,1000,end,0.9514399135964291,19,5,consensus_gini_stability,7,0.598010076517252,False,False,0.8882046367487513
p,1000,end,0.9514399135964291,19,5,consensus_pac_stability,3,0.8459630865021125,True,False,0.7550175363108659
p,1000,end,0.9514399135964291,19,5,consensus_pac_stability,4,0.6203050922837448,False,False,0.9139501108695363
p,1000,end,0.9514399135964291,19,5,consensus_pac_stability,5,0.48909495219034915,False,True,0.9082933813881766
p,1000,end,0.9514399135964291,19,5,consensus_pac_stability,6,0.44283655770513675,False,False,0.904347970824699
p,1000,end,0.9514399135964291,19,5,consensus_pac_stability,7,0.4079368467867467,False,False,0.8882046367487513
p,1000,end,0.9514399135964291,19,5,silhouette,3,0.006950176003685738,False,False,0.7493220846027682
p,1000,end,0.9514399135964291,19,5,silhouette,4,0.007539264632538143,True,False,0.9168214422308467
p,1000,end,0.9514399135964291,19,5,silhouette,5,0.007530784824707633,False,True,0.9514399135964291
p,1000,end,0.9514399135964291,19,5,silhouette,6,0.006448983661450261,False,False,0.8855547350987497
p,1000,end,0.9514399135964291,19,5,silhouette,7,0.005489025203634147,False,False,0.7060221643328274
p,1000,end,0.9514399135964291,19,5,gap,3,1.3372914643712086,False,False,0.7493220846027682
p,1000,end,0.9514399135964291,19,5,gap,4,1.3398212421545068,False,False,0.9168214422308467
p,1000,end,0.9514399135964291,19,5,gap,5,1.3413696484058164,False,True,0.9514399135964291
p,1000,end,0.9514399135964291,19,5,gap,6,1.3414800026594556,False,False,0.8855547350987497
p,1000,end,0.9514399135964291,19,5,gap,7,1.3422539407752083,True,False,0.7060221643328274
p,1000,end,0.9514399135964291,19,5,davies_bouldin,3,0.08384033742837503,False,False,0.7493220846027682
p,1000,end,0.9514399135964291,19,5,davies_bouldin,4,0.09042868319955,False,False,0.9168214422308467
p,1000,end,0.9514399135964291,19,5,davies_bouldin,5,0.09979943968307137,True,True,0.9514399135964291
p,1000,end,0.9514399135964291,19,5,davies_bouldin,6,0.09784514965139524,False,False,0.8855547350987497
p,1000,end,0.9514399135964291,19,5,davies_bouldin,7,0.08861778025647278,False,False,0.7060221643328274
p,1000,end,0.9514399135964291,19,5,calinski_harabasz,3,9.319222568646163,True,False,0.7493220846027682
p,1000,end,0.9514399135964291,19,5,calinski_harabasz,4,8.138453982478133,False,False,0.9168214422308467
p,1000,end,0.9514399135964291,19,5,calinski_harabasz,5,7.120269824996246,False,True,0.9514399135964291
p,1000,end,0.9514399135964291,19,5,calinski_harabasz,6,6.03511046171488,False,False,0.8855547350987497
p,1000,end,0.9514399135964291,19,5,calinski_harabasz,7,5.456789084565121,False,False,0.7060221643328274
