axis_name,axis_value,difficulty,baseline_ari,dataset_iteration,true_k,metric_name,k,metric_value,is_optimal,is_correct,metric_ari
difficulty_level,0,easy,1.0,0,5,accuracy_generalizability,3,0.8245821273137405,False,False,0.650510290567423
difficulty_level,0,easy,1.0,0,5,accuracy_generalizability,4,0.9529967533924936,False,False,0.9358935743425748
difficulty_level,0,easy,1.0,0,5,accuracy_generalizability,5,0.9978255421242832,True,True,1.0
difficulty_level,0,easy,1.0,0,5,accuracy_generalizability,6,0.8970757167926725,False,False,0.8667839747576026
difficulty_level,0,easy,1.0,0,5,accuracy_generalizability,7,0.8050445557424882,False,False,0.7637022330530708
difficulty_level,0,easy,1.0,0,5,ari_average,3,0.669539646101775,False,False,0.650510290567423
difficulty_level,0,easy,1.0,0,5,ari_average,4,0.8860977557634933,False,False,0.9358935743425748
difficulty_level,0,easy,1.0,0,5,ari_average,5,0.9991467855413353,True,True,1.0
difficulty_level,0,easy,1.0,0,5,ari_average,6,0.907734939497383,False,False,0.8667839747576026
difficulty_level,0,easy,1.0,0,5,ari_average,7,0.8152164523057044,False,False,0.7637022330530708
difficulty_level,0,easy,1.0,0,5,ari_average_1se,3,0.669539646101775,False,False,0.650510290567423
difficulty_level,0,easy,1.0,0,5,ari_average_1se,4,0.8860977557634933,False,False,0.9358935743425748
difficulty_level,0,easy,1.0,0,5,ari_average_1se,5,0.9991467855413353,True,True,1.0
difficulty_level,0,easy,1.0,0,5,ari_average_1se,6,0.907734939497383,False,False,0.8667839747576026
difficulty_level,0,easy,1.0,0,5,ari_average_1se,7,0.8152164523057044,False,False,0.7637022330530708
difficulty_level,0,easy,1.0,0,5,ari_average_quant,3,0.669539646101775,False,False,0.650510290567423
difficulty_level,0,easy,1.0,0,5,ari_average_quant,4,0.8860977557634933,False,False,0.9358935743425748
difficulty_level,0,easy,1.0,0,5,ari_average_quant,5,0.9991467855413353,True,True,1.0
difficulty_level,0,easy,1.0,0,5,ari_average_quant,6,0.907734939497383,False,False,0.8667839747576026
difficulty_level,0,easy,1.0,0,5,ari_average_quant,7,0.8152164523057044,False,False,0.7637022330530708
difficulty_level,0,easy,1.0,0,5,ari_generalizability,3,0.6125784534725588,False,False,0.650510290567423
difficulty_level,0,easy,1.0,0,5,ari_generalizability,4,0.9079344448009589,False,False,0.9358935743425748
difficulty_level,0,easy,1.0,0,5,ari_generalizability,5,0.9982935710826706,True,True,1.0
difficulty_level,0,easy,1.0,0,5,ari_generalizability,6,0.8842641928698827,False,False,0.8667839747576026
difficulty_level,0,easy,1.0,0,5,ari_generalizability,7,0.7921825890126759,False,False,0.7637022330530708
difficulty_level,0,easy,1.0,0,5,ari_generalizability_1se,3,0.6125784534725588,False,False,0.650510290567423
difficulty_level,0,easy,1.0,0,5,ari_generalizability_1se,4,0.9079344448009589,False,False,0.9358935743425748
difficulty_level,0,easy,1.0,0,5,ari_generalizability_1se,5,0.9982935710826706,True,True,1.0
difficulty_level,0,easy,1.0,0,5,ari_generalizability_1se,6,0.8842641928698827,False,False,0.8667839747576026
difficulty_level,0,easy,1.0,0,5,ari_generalizability_1se,7,0.7921825890126759,False,False,0.7637022330530708
difficulty_level,0,easy,1.0,0,5,ari_generalizability_quant,3,0.6125784534725588,False,False,0.650510290567423
difficulty_level,0,easy,1.0,0,5,ari_generalizability_quant,4,0.9079344448009589,False,False,0.9358935743425748
difficulty_level,0,easy,1.0,0,5,ari_generalizability_quant,5,0.9982935710826706,True,True,1.0
difficulty_level,0,easy,1.0,0,5,ari_generalizability_quant,6,0.8842641928698827,False,False,0.8667839747576026
difficulty_level,0,easy,1.0,0,5,ari_generalizability_quant,7,0.7921825890126759,False,False,0.7637022330530708
difficulty_level,0,easy,1.0,0,5,ari_stability,3,0.7265008387309914,False,False,0.650510290567423
difficulty_level,0,easy,1.0,0,5,ari_stability,4,0.8642610667260278,False,False,0.9358935743425748
difficulty_level,0,easy,1.0,0,5,ari_stability,5,1.0,True,True,1.0
difficulty_level,0,easy,1.0,0,5,ari_stability,6,0.9312056861248835,False,False,0.8667839747576026
difficulty_level,0,easy,1.0,0,5,ari_stability,7,0.8382503155987334,False,False,0.7637022330530708
difficulty_level,0,easy,1.0,0,5,ari_stability_1se,3,0.7265008387309914,False,False,0.650510290567423
difficulty_level,0,easy,1.0,0,5,ari_stability_1se,4,0.8642610667260278,False,False,0.9358935743425748
difficulty_level,0,easy,1.0,0,5,ari_stability_1se,5,1.0,True,True,1.0
difficulty_level,0,easy,1.0,0,5,ari_stability_1se,6,0.9312056861248835,False,False,0.8667839747576026
difficulty_level,0,easy,1.0,0,5,ari_stability_1se,7,0.8382503155987334,False,False,0.7637022330530708
difficulty_level,0,easy,1.0,0,5,ari_stability_quant,3,0.7265008387309914,False,False,0.650510290567423
difficulty_level,0,easy,1.0,0,5,ari_stability_quant,4,0.8642610667260278,False,False,0.9358935743425748
difficulty_level,0,easy,1.0,0,5,ari_stability_quant,5,1.0,True,True,1.0
difficulty_level,0,easy,1.0,0,5,ari_stability_quant,6,0.9312056861248835,False,False,0.8667839747576026
difficulty_level,0,easy,1.0,0,5,ari_stability_quant,7,0.8382503155987334,False,False,0.7637022330530708
difficulty_level,0,easy,1.0,0,5,consensus_ce_stability,3,0.7146200057071707,False,False,0.650510290567423
difficulty_level,0,easy,1.0,0,5,consensus_ce_stability,4,0.8911688405513433,False,False,0.9358935743425748
difficulty_level,0,easy,1.0,0,5,consensus_ce_stability,5,0.9999999999586944,True,True,1.0
difficulty_level,0,easy,1.0,0,5,consensus_ce_stability,6,0.9549693949095421,False,False,0.8667839747576026
difficulty_level,0,easy,1.0,0,5,consensus_ce_stability,7,0.9126183323709653,False,False,0.7637022330530708
difficulty_level,0,easy,1.0,0,5,consensus_gini_stability,3,0.7418004836764995,False,False,0.650510290567423
difficulty_level,0,easy,1.0,0,5,consensus_gini_stability,4,0.9005460334217615,False,False,0.9358935743425748
difficulty_level,0,easy,1.0,0,5,consensus_gini_stability,5,1.0,True,True,1.0
difficulty_level,0,easy,1.0,0,5,consensus_gini_stability,6,0.9637005588214836,False,False,0.8667839747576026
difficulty_level,0,easy,1.0,0,5,consensus_gini_stability,7,0.9230727712848305,False,False,0.7637022330530708
difficulty_level,0,easy,1.0,0,5,consensus_pac_stability,3,0.6290095619301757,False,False,0.650510290567423
difficulty_level,0,easy,1.0,0,5,consensus_pac_stability,4,0.8650460306871247,False,False,0.9358935743425748
difficulty_level,0,easy,1.0,0,5,consensus_pac_stability,5,1.0,True,True,1.0
difficulty_level,0,easy,1.0,0,5,consensus_pac_stability,6,0.9326430953969312,False,False,0.8667839747576026
difficulty_level,0,easy,1.0,0,5,consensus_pac_stability,7,0.8838123193239937,False,False,0.7637022330530708
difficulty_level,0,easy,1.0,0,5,silhouette,3,0.08263273962954475,False,False,0.4773574852229668
difficulty_level,0,easy,1.0,0,5,silhouette,4,0.1541055237340378,False,False,0.9358935743425748
difficulty_level,0,easy,1.0,0,5,silhouette,5,0.1652928636030535,False,True,1.0
difficulty_level,0,easy,1.0,0,5,silhouette,6,0.16390650244620736,False,False,0.9098918308780767
difficulty_level,0,easy,1.0,0,5,silhouette,7,0.22402018265786328,True,False,0.7621365926016925
difficulty_level,0,easy,1.0,0,5,gap,3,0.4296990541691308,False,False,0.4773574852229668
difficulty_level,0,easy,1.0,0,5,gap,4,0.5273535942257848,False,False,0.9358935743425748
difficulty_level,0,easy,1.0,0,5,gap,5,0.5540478562437805,False,True,1.0
difficulty_level,0,easy,1.0,0,5,gap,6,0.6141735957397181,False,False,0.9098918308780767
difficulty_level,0,easy,1.0,0,5,gap,7,0.7478372687640622,True,False,0.7621365926016925
difficulty_level,0,easy,1.0,0,5,davies_bouldin,3,0.2700063933482441,False,False,0.4773574852229668
difficulty_level,0,easy,1.0,0,5,davies_bouldin,4,0.27298194792308267,False,False,0.9358935743425748
difficulty_level,0,easy,1.0,0,5,davies_bouldin,5,0.29165594530294375,False,True,1.0
difficulty_level,0,easy,1.0,0,5,davies_bouldin,6,0.30918374834824347,False,False,0.9098918308780767
difficulty_level,0,easy,1.0,0,5,davies_bouldin,7,0.32168324692332945,True,False,0.7621365926016925
difficulty_level,0,easy,1.0,0,5,calinski_harabasz,3,97.87138026106129,False,False,0.4773574852229668
difficulty_level,0,easy,1.0,0,5,calinski_harabasz,4,128.313836064489,False,False,0.9358935743425748
difficulty_level,0,easy,1.0,0,5,calinski_harabasz,5,112.25782731179723,False,True,1.0
difficulty_level,0,easy,1.0,0,5,calinski_harabasz,6,116.3936387687177,False,False,0.9098918308780767
difficulty_level,0,easy,1.0,0,5,calinski_harabasz,7,148.45869155287502,True,False,0.7621365926016925
difficulty_level,0,easy,1.0,1,5,accuracy_generalizability,3,0.7442981766969864,False,False,0.576225725821588
difficulty_level,0,easy,1.0,1,5,accuracy_generalizability,4,0.930514504874808,False,False,0.8682230944492696
difficulty_level,0,easy,1.0,1,5,accuracy_generalizability,5,1.0,True,True,1.0
difficulty_level,0,easy,1.0,1,5,accuracy_generalizability,6,0.8270577519212463,False,False,0.8802900177065146
difficulty_level,0,easy,1.0,1,5,accuracy_generalizability,7,0.7976340432688435,False,False,0.7810610368242203
difficulty_level,0,easy,1.0,1,5,ari_average,3,0.6092140334425773,False,False,0.576225725821588
difficulty_level,0,easy,1.0,1,5,ari_average,4,0.8716114877270159,False,False,0.8682230944492696
difficulty_level,0,easy,1.0,1,5,ari_average,5,1.0,True,True,1.0
difficulty_level,0,easy,1.0,1,5,ari_average,6,0.8463083994539571,False,False,0.8802900177065146
difficulty_level,0,easy,1.0,1,5,ari_average,7,0.8047434262728408,False,False,0.7810610368242203
difficulty_level,0,easy,1.0,1,5,ari_average_1se,3,0.6092140334425773,False,False,0.576225725821588
difficulty_level,0,easy,1.0,1,5,ari_average_1se,4,0.8716114877270159,False,False,0.8682230944492696
difficulty_level,0,easy,1.0,1,5,ari_average_1se,5,1.0,True,True,1.0
difficulty_level,0,easy,1.0,1,5,ari_average_1se,6,0.8463083994539571,False,False,0.8802900177065146
difficulty_level,0,easy,1.0,1,5,ari_average_1se,7,0.8047434262728408,False,False,0.7810610368242203
difficulty_level,0,easy,1.0,1,5,ari_average_quant,3,0.6092140334425773,False,False,0.576225725821588
difficulty_level,0,easy,1.0,1,5,ari_average_quant,4,0.8716114877270159,False,False,0.8682230944492696
difficulty_level,0,easy,1.0,1,5,ari_average_quant,5,1.0,True,True,1.0
difficulty_level,0,easy,1.0,1,5,ari_average_quant,6,0.8463083994539571,False,False,0.8802900177065146
difficulty_level,0,easy,1.0,1,5,ari_average_quant,7,0.8047434262728408,False,False,0.7810610368242203
difficulty_level,0,easy,1.0,1,5,ari_generalizability,3,0.5682818331511883,False,False,0.576225725821588
difficulty_level,0,easy,1.0,1,5,ari_generalizability,4,0.8525878584622951,False,False,0.8682230944492696
difficulty_level,0,easy,1.0,1,5,ari_generalizability,5,1.0,True,True,1.0
difficulty_level,0,easy,1.0,1,5,ari_generalizability,6,0.8306435048422728,False,False,0.8802900177065146
difficulty_level,0,easy,1.0,1,5,ari_generalizability,7,0.7828472084020334,False,False,0.7810610368242203
difficulty_level,0,easy,1.0,1,5,ari_generalizability_1se,3,0.5682818331511883,False,False,0.576225725821588
difficulty_level,0,easy,1.0,1,5,ari_generalizability_1se,4,0.8525878584622951,False,False,0.8682230944492696
difficulty_level,0,easy,1.0,1,5,ari_generalizability_1se,5,1.0,True,True,1.0
difficulty_level,0,easy,1.0,1,5,ari_generalizability_1se,6,0.8306435048422728,False,False,0.8802900177065146
difficulty_level,0,easy,1.0,1,5,ari_generalizability_1se,7,0.7828472084020334,False,False,0.7810610368242203
difficulty_level,0,easy,1.0,1,5,ari_generalizability_quant,3,0.5682818331511883,False,False,0.576225725821588
difficulty_level,0,easy,1.0,1,5,ari_generalizability_quant,4,0.8525878584622951,False,False,0.8682230944492696
difficulty_level,0,easy,1.0,1,5,ari_generalizability_quant,5,1.0,True,True,1.0
difficulty_level,0,easy,1.0,1,5,ari_generalizability_quant,6,0.8306435048422728,False,False,0.8802900177065146
difficulty_level,0,easy,1.0,1,5,ari_generalizability_quant,7,0.7828472084020334,False,False,0.7810610368242203
difficulty_level,0,easy,1.0,1,5,ari_stability,3,0.6501462337339659,False,False,0.576225725821588
difficulty_level,0,easy,1.0,1,5,ari_stability,4,0.8906351169917367,False,False,0.8682230944492696
difficulty_level,0,easy,1.0,1,5,ari_stability,5,1.0,True,True,1.0
difficulty_level,0,easy,1.0,1,5,ari_stability,6,0.8619732940656413,False,False,0.8802900177065146
difficulty_level,0,easy,1.0,1,5,ari_stability,7,0.826639644143648,False,False,0.7810610368242203
difficulty_level,0,easy,1.0,1,5,ari_stability_1se,3,0.6501462337339659,False,False,0.576225725821588
difficulty_level,0,easy,1.0,1,5,ari_stability_1se,4,0.8906351169917367,False,False,0.8682230944492696
difficulty_level,0,easy,1.0,1,5,ari_stability_1se,5,1.0,True,True,1.0
difficulty_level,0,easy,1.0,1,5,ari_stability_1se,6,0.8619732940656413,False,False,0.8802900177065146
difficulty_level,0,easy,1.0,1,5,ari_stability_1se,7,0.826639644143648,False,False,0.7810610368242203
difficulty_level,0,easy,1.0,1,5,ari_stability_quant,3,0.6501462337339659,False,False,0.576225725821588
difficulty_level,0,easy,1.0,1,5,ari_stability_quant,4,0.8906351169917367,False,False,0.8682230944492696
difficulty_level,0,easy,1.0,1,5,ari_stability_quant,5,1.0,True,True,1.0
difficulty_level,0,easy,1.0,1,5,ari_stability_quant,6,0.8619732940656413,False,False,0.8802900177065146
difficulty_level,0,easy,1.0,1,5,ari_stability_quant,7,0.826639644143648,False,False,0.7810610368242203
difficulty_level,0,easy,1.0,1,5,consensus_ce_stability,3,0.7018820183665064,False,False,0.576225725821588
difficulty_level,0,easy,1.0,1,5,consensus_ce_stability,4,0.9213021988280133,False,False,0.8682230944492696
difficulty_level,0,easy,1.0,1,5,consensus_ce_stability,5,0.9999999999586944,True,True,1.0
difficulty_level,0,easy,1.0,1,5,consensus_ce_stability,6,0.9184954028714083,False,False,0.8802900177065146
difficulty_level,0,easy,1.0,1,5,consensus_ce_stability,7,0.9048396660922032,False,False,0.7810610368242203
difficulty_level,0,easy,1.0,1,5,consensus_gini_stability,3,0.7232678950420771,False,False,0.576225725821588
difficulty_level,0,easy,1.0,1,5,consensus_gini_stability,4,0.9352565372053995,False,False,0.8682230944492696
difficulty_level,0,easy,1.0,1,5,consensus_gini_stability,5,1.0,True,True,1.0
difficulty_level,0,easy,1.0,1,5,consensus_gini_stability,6,0.9252734191473722,False,False,0.8802900177065146
difficulty_level,0,easy,1.0,1,5,consensus_gini_stability,7,0.9162244972699518,False,False,0.7810610368242203
difficulty_level,0,easy,1.0,1,5,consensus_pac_stability,3,0.7116539915499221,False,False,0.576225725821588
difficulty_level,0,easy,1.0,1,5,consensus_pac_stability,4,0.8795499221703358,False,False,0.8682230944492696
difficulty_level,0,easy,1.0,1,5,consensus_pac_stability,5,1.0,True,True,1.0
difficulty_level,0,easy,1.0,1,5,consensus_pac_stability,6,0.899553480097843,False,False,0.8802900177065146
difficulty_level,0,easy,1.0,1,5,consensus_pac_stability,7,0.8732781854569713,False,False,0.7810610368242203
difficulty_level,0,easy,1.0,1,5,silhouette,3,0.10206052324140326,False,False,0.576225725821588
difficulty_level,0,easy,1.0,1,5,silhouette,4,0.13825474457230277,False,False,0.8682230944492696
difficulty_level,0,easy,1.0,1,5,silhouette,5,0.17205827839711652,False,True,1.0
difficulty_level,0,easy,1.0,1,5,silhouette,6,0.19818425531372133,False,False,0.8803049339930137
difficulty_level,0,easy,1.0,1,5,silhouette,7,0.24676360176083814,True,False,0.7807800479580415
difficulty_level,0,easy,1.0,1,5,gap,3,0.6187883934733538,False,False,0.576225725821588
difficulty_level,0,easy,1.0,1,5,gap,4,0.6919033299720709,False,False,0.8682230944492696
difficulty_level,0,easy,1.0,1,5,gap,5,0.7566753760008353,False,True,1.0
difficulty_level,0,easy,1.0,1,5,gap,6,0.8397623271168229,False,False,0.8803049339930137
difficulty_level,0,easy,1.0,1,5,gap,7,0.960762891852502,True,False,0.7807800479580415
difficulty_level,0,easy,1.0,1,5,davies_bouldin,3,0.2512122682898859,False,False,0.576225725821588
difficulty_level,0,easy,1.0,1,5,davies_bouldin,4,0.26543146228616504,False,False,0.8682230944492696
difficulty_level,0,easy,1.0,1,5,davies_bouldin,5,0.29447658038272917,False,True,1.0
difficulty_level,0,easy,1.0,1,5,davies_bouldin,6,0.3157073240829912,False,False,0.8803049339930137
difficulty_level,0,easy,1.0,1,5,davies_bouldin,7,0.34727504368549494,True,False,0.7807800479580415
difficulty_level,0,easy,1.0,1,5,calinski_harabasz,3,105.57205476085656,False,False,0.576225725821588
difficulty_level,0,easy,1.0,1,5,calinski_harabasz,4,118.61655080377233,False,False,0.8682230944492696
difficulty_level,0,easy,1.0,1,5,calinski_harabasz,5,123.35739175767677,False,True,1.0
difficulty_level,0,easy,1.0,1,5,calinski_harabasz,6,135.50352688757098,False,False,0.8803049339930137
difficulty_level,0,easy,1.0,1,5,calinski_harabasz,7,161.6408826890422,True,False,0.7807800479580415
difficulty_level,0,easy,1.0,2,5,accuracy_generalizability,3,0.8216001679309766,False,False,0.7307248407966851
difficulty_level,0,easy,1.0,2,5,accuracy_generalizability,4,0.9172764999577591,False,False,0.8992592273942882
difficulty_level,0,easy,1.0,2,5,accuracy_generalizability,5,1.0,True,True,1.0
difficulty_level,0,easy,1.0,2,5,accuracy_generalizability,6,0.902045766318424,False,False,0.8340227328773308
difficulty_level,0,easy,1.0,2,5,accuracy_generalizability,7,0.8554896982009838,False,False,0.7720129604700823
difficulty_level,0,easy,1.0,2,5,ari_average,3,0.6168192953137214,False,False,0.7307248407966851
difficulty_level,0,easy,1.0,2,5,ari_average,4,0.8440404857931799,False,False,0.8992592273942882
difficulty_level,0,easy,1.0,2,5,ari_average,5,1.0,True,True,1.0
difficulty_level,0,easy,1.0,2,5,ari_average,6,0.8822254658251463,False,False,0.8340227328773308
difficulty_level,0,easy,1.0,2,5,ari_average,7,0.8580284892689511,False,False,0.7720129604700823
difficulty_level,0,easy,1.0,2,5,ari_average_1se,3,0.6168192953137214,False,False,0.7307248407966851
difficulty_level,0,easy,1.0,2,5,ari_average_1se,4,0.8440404857931799,False,False,0.8992592273942882
difficulty_level,0,easy,1.0,2,5,ari_average_1se,5,1.0,True,True,1.0
difficulty_level,0,easy,1.0,2,5,ari_average_1se,6,0.8822254658251463,False,False,0.8340227328773308
difficulty_level,0,easy,1.0,2,5,ari_average_1se,7,0.8580284892689511,False,False,0.7720129604700823
difficulty_level,0,easy,1.0,2,5,ari_average_quant,3,0.6168192953137214,False,False,0.7307248407966851
difficulty_level,0,easy,1.0,2,5,ari_average_quant,4,0.8440404857931799,False,False,0.8992592273942882
difficulty_level,0,easy,1.0,2,5,ari_average_quant,5,1.0,True,True,1.0
difficulty_level,0,easy,1.0,2,5,ari_average_quant,6,0.8822254658251463,False,False,0.8340227328773308
difficulty_level,0,easy,1.0,2,5,ari_average_quant,7,0.8580284892689511,False,False,0.7720129604700823
difficulty_level,0,easy,1.0,2,5,ari_generalizability,3,0.6297676874702222,False,False,0.7307248407966851
difficulty_level,0,easy,1.0,2,5,ari_generalizability,4,0.8584755486884693,False,False,0.8992592273942882
difficulty_level,0,easy,1.0,2,5,ari_generalizability,5,1.0,True,True,1.0
difficulty_level,0,easy,1.0,2,5,ari_generalizability,6,0.8720204149191566,False,False,0.8340227328773308
difficulty_level,0,easy,1.0,2,5,ari_generalizability,7,0.8507819333980232,False,False,0.7720129604700823
difficulty_level,0,easy,1.0,2,5,ari_generalizability_1se,3,0.6297676874702222,False,False,0.7307248407966851
difficulty_level,0,easy,1.0,2,5,ari_generalizability_1se,4,0.8584755486884693,False,False,0.8992592273942882
difficulty_level,0,easy,1.0,2,5,ari_generalizability_1se,5,1.0,True,True,1.0
difficulty_level,0,easy,1.0,2,5,ari_generalizability_1se,6,0.8720204149191566,False,False,0.8340227328773308
difficulty_level,0,easy,1.0,2,5,ari_generalizability_1se,7,0.8507819333980232,False,False,0.7720129604700823
difficulty_level,0,easy,1.0,2,5,ari_generalizability_quant,3,0.6297676874702222,False,False,0.7307248407966851
difficulty_level,0,easy,1.0,2,5,ari_generalizability_quant,4,0.8584755486884693,False,False,0.8992592273942882
difficulty_level,0,easy,1.0,2,5,ari_generalizability_quant,5,1.0,True,True,1.0
difficulty_level,0,easy,1.0,2,5,ari_generalizability_quant,6,0.8720204149191566,False,False,0.8340227328773308
difficulty_level,0,easy,1.0,2,5,ari_generalizability_quant,7,0.8507819333980232,False,False,0.7720129604700823
difficulty_level,0,easy,1.0,2,5,ari_stability,3,0.6038709031572205,False,False,0.7307248407966851
difficulty_level,0,easy,1.0,2,5,ari_stability,4,0.8296054228978902,False,False,0.8992592273942882
difficulty_level,0,easy,1.0,2,5,ari_stability,5,1.0,True,True,1.0
difficulty_level,0,easy,1.0,2,5,ari_stability,6,0.8924305167311358,False,False,0.8340227328773308
difficulty_level,0,easy,1.0,2,5,ari_stability,7,0.8652750451398791,False,False,0.7720129604700823
difficulty_level,0,easy,1.0,2,5,ari_stability_1se,3,0.6038709031572205,False,False,0.7307248407966851
difficulty_level,0,easy,1.0,2,5,ari_stability_1se,4,0.8296054228978902,False,False,0.8992592273942882
difficulty_level,0,easy,1.0,2,5,ari_stability_1se,5,1.0,True,True,1.0
difficulty_level,0,easy,1.0,2,5,ari_stability_1se,6,0.8924305167311358,False,False,0.8340227328773308
difficulty_level,0,easy,1.0,2,5,ari_stability_1se,7,0.8652750451398791,False,False,0.7720129604700823
difficulty_level,0,easy,1.0,2,5,ari_stability_quant,3,0.6038709031572205,False,False,0.7307248407966851
difficulty_level,0,easy,1.0,2,5,ari_stability_quant,4,0.8296054228978902,False,False,0.8992592273942882
difficulty_level,0,easy,1.0,2,5,ari_stability_quant,5,1.0,True,True,1.0
difficulty_level,0,easy,1.0,2,5,ari_stability_quant,6,0.8924305167311358,False,False,0.8340227328773308
difficulty_level,0,easy,1.0,2,5,ari_stability_quant,7,0.8652750451398791,False,False,0.7720129604700823
difficulty_level,0,easy,1.0,2,5,consensus_ce_stability,3,0.6235859723748138,False,False,0.7307248407966851
difficulty_level,0,easy,1.0,2,5,consensus_ce_stability,4,0.8388121492610863,False,False,0.8992592273942882
difficulty_level,0,easy,1.0,2,5,consensus_ce_stability,5,0.9999999999586944,True,True,1.0
difficulty_level,0,easy,1.0,2,5,consensus_ce_stability,6,0.9252885384533828,False,False,0.8340227328773308
difficulty_level,0,easy,1.0,2,5,consensus_ce_stability,7,0.9223546255322637,False,False,0.7720129604700823
difficulty_level,0,easy,1.0,2,5,consensus_gini_stability,3,0.6593024764724184,False,False,0.7307248407966851
difficulty_level,0,easy,1.0,2,5,consensus_gini_stability,4,0.8582215191298864,False,False,0.8992592273942882
difficulty_level,0,easy,1.0,2,5,consensus_gini_stability,5,1.0,True,True,1.0
difficulty_level,0,easy,1.0,2,5,consensus_gini_stability,6,0.9356736166347691,False,False,0.8340227328773308
difficulty_level,0,easy,1.0,2,5,consensus_gini_stability,7,0.9343972258495103,False,False,0.7720129604700823
difficulty_level,0,easy,1.0,2,5,consensus_pac_stability,3,0.5258314431843452,False,False,0.7307248407966851
difficulty_level,0,easy,1.0,2,5,consensus_pac_stability,4,0.7753746942406048,False,False,0.8992592273942882
difficulty_level,0,easy,1.0,2,5,consensus_pac_stability,5,1.0,True,True,1.0
difficulty_level,0,easy,1.0,2,5,consensus_pac_stability,6,0.9000818323326663,False,False,0.8340227328773308
difficulty_level,0,easy,1.0,2,5,consensus_pac_stability,7,0.8879644207249278,False,False,0.7720129604700823
difficulty_level,0,easy,1.0,2,5,silhouette,3,0.126030387641602,False,False,0.7307248407966851
difficulty_level,0,easy,1.0,2,5,silhouette,4,0.15060519042588297,False,False,0.8992592273942882
difficulty_level,0,easy,1.0,2,5,silhouette,5,0.16220679664393872,False,True,1.0
difficulty_level,0,easy,1.0,2,5,silhouette,6,0.20344926492514726,False,False,0.8339676960410013
difficulty_level,0,easy,1.0,2,5,silhouette,7,0.2236593157137404,True,False,0.7721268006625799
difficulty_level,0,easy,1.0,2,5,gap,3,0.5983850584559764,False,False,0.7307248407966851
difficulty_level,0,easy,1.0,2,5,gap,4,0.6435012860080072,False,False,0.8992592273942882
difficulty_level,0,easy,1.0,2,5,gap,5,0.6829667249001936,False,True,1.0
difficulty_level,0,easy,1.0,2,5,gap,6,0.7814847457346072,False,False,0.8339676960410013
difficulty_level,0,easy,1.0,2,5,gap,7,0.8655966915651803,True,False,0.7721268006625799
difficulty_level,0,easy,1.0,2,5,davies_bouldin,3,0.2580198756280386,False,False,0.7307248407966851
difficulty_level,0,easy,1.0,2,5,davies_bouldin,4,0.2647055254949093,False,False,0.8992592273942882
difficulty_level,0,easy,1.0,2,5,davies_bouldin,5,0.287374755137,False,True,1.0
difficulty_level,0,easy,1.0,2,5,davies_bouldin,6,0.30423214109355395,False,False,0.8339676960410013
difficulty_level,0,easy,1.0,2,5,davies_bouldin,7,0.32370567399338884,True,False,0.7721268006625799
difficulty_level,0,easy,1.0,2,5,calinski_harabasz,3,136.10808337643354,False,False,0.7307248407966851
difficulty_level,0,easy,1.0,2,5,calinski_harabasz,4,123.21526859127411,False,False,0.8992592273942882
difficulty_level,0,easy,1.0,2,5,calinski_harabasz,5,114.6770657222169,False,True,1.0
difficulty_level,0,easy,1.0,2,5,calinski_harabasz,6,134.6669886183073,False,False,0.8339676960410013
difficulty_level,0,easy,1.0,2,5,calinski_harabasz,7,146.04175461478974,True,False,0.7721268006625799
difficulty_level,0,easy,1.0,3,5,accuracy_generalizability,3,0.787679865864289,False,False,0.6109455168470556
difficulty_level,0,easy,1.0,3,5,accuracy_generalizability,4,0.9347085087944698,False,False,0.8699575008411611
difficulty_level,0,easy,1.0,3,5,accuracy_generalizability,5,1.0,True,True,1.0
difficulty_level,0,easy,1.0,3,5,accuracy_generalizability,6,0.8743591222726662,False,False,0.9038243513730432
difficulty_level,0,easy,1.0,3,5,accuracy_generalizability,7,0.8721506534090481,False,False,0.788656721839
difficulty_level,0,easy,1.0,3,5,ari_average,3,0.6233398619055576,False,False,0.6109455168470556
difficulty_level,0,easy,1.0,3,5,ari_average,4,0.8855288040906774,False,False,0.8699575008411611
difficulty_level,0,easy,1.0,3,5,ari_average,5,1.0,True,True,1.0
difficulty_level,0,easy,1.0,3,5,ari_average,6,0.9009440665843177,False,False,0.9038243513730432
difficulty_level,0,easy,1.0,3,5,ari_average,7,0.870787309223822,False,False,0.788656721839
difficulty_level,0,easy,1.0,3,5,ari_average_1se,3,0.6233398619055576,False,False,0.6109455168470556
difficulty_level,0,easy,1.0,3,5,ari_average_1se,4,0.8855288040906774,False,False,0.8699575008411611
difficulty_level,0,easy,1.0,3,5,ari_average_1se,5,1.0,True,True,1.0
difficulty_level,0,easy,1.0,3,5,ari_average_1se,6,0.9009440665843177,False,False,0.9038243513730432
difficulty_level,0,easy,1.0,3,5,ari_average_1se,7,0.870787309223822,False,False,0.788656721839
difficulty_level,0,easy,1.0,3,5,ari_average_quant,3,0.6233398619055576,False,False,0.6109455168470556
difficulty_level,0,easy,1.0,3,5,ari_average_quant,4,0.8855288040906774,False,False,0.8699575008411611
difficulty_level,0,easy,1.0,3,5,ari_average_quant,5,1.0,True,True,1.0
difficulty_level,0,easy,1.0,3,5,ari_average_quant,6,0.9009440665843177,False,False,0.9038243513730432
difficulty_level,0,easy,1.0,3,5,ari_average_quant,7,0.870787309223822,False,False,0.788656721839
difficulty_level,0,easy,1.0,3,5,ari_generalizability,3,0.6046050722879841,False,False,0.6109455168470556
difficulty_level,0,easy,1.0,3,5,ari_generalizability,4,0.8876409103241949,False,False,0.8699575008411611
difficulty_level,0,easy,1.0,3,5,ari_generalizability,5,1.0,True,True,1.0
difficulty_level,0,easy,1.0,3,5,ari_generalizability,6,0.8832448998440731,False,False,0.9038243513730432
difficulty_level,0,easy,1.0,3,5,ari_generalizability,7,0.8590690158941792,False,False,0.788656721839
difficulty_level,0,easy,1.0,3,5,ari_generalizability_1se,3,0.6046050722879841,False,False,0.6109455168470556
difficulty_level,0,easy,1.0,3,5,ari_generalizability_1se,4,0.8876409103241949,False,False,0.8699575008411611
difficulty_level,0,easy,1.0,3,5,ari_generalizability_1se,5,1.0,True,True,1.0
difficulty_level,0,easy,1.0,3,5,ari_generalizability_1se,6,0.8832448998440731,False,False,0.9038243513730432
difficulty_level,0,easy,1.0,3,5,ari_generalizability_1se,7,0.8590690158941792,False,False,0.788656721839
difficulty_level,0,easy,1.0,3,5,ari_generalizability_quant,3,0.6046050722879841,False,False,0.6109455168470556
difficulty_level,0,easy,1.0,3,5,ari_generalizability_quant,4,0.8876409103241949,False,False,0.8699575008411611
difficulty_level,0,easy,1.0,3,5,ari_generalizability_quant,5,1.0,True,True,1.0
difficulty_level,0,easy,1.0,3,5,ari_generalizability_quant,6,0.8832448998440731,False,False,0.9038243513730432
difficulty_level,0,easy,1.0,3,5,ari_generalizability_quant,7,0.8590690158941792,False,False,0.788656721839
difficulty_level,0,easy,1.0,3,5,ari_stability,3,0.6420746515231311,False,False,0.6109455168470556
difficulty_level,0,easy,1.0,3,5,ari_stability,4,0.8834166978571596,False,False,0.8699575008411611
difficulty_level,0,easy,1.0,3,5,ari_stability,5,1.0,True,True,1.0
difficulty_level,0,easy,1.0,3,5,ari_stability,6,0.9186432333245625,False,False,0.9038243513730432
difficulty_level,0,easy,1.0,3,5,ari_stability,7,0.8825056025534653,False,False,0.788656721839
difficulty_level,0,easy,1.0,3,5,ari_stability_1se,3,0.6420746515231311,False,False,0.6109455168470556
difficulty_level,0,easy,1.0,3,5,ari_stability_1se,4,0.8834166978571596,False,False,0.8699575008411611
difficulty_level,0,easy,1.0,3,5,ari_stability_1se,5,1.0,True,True,1.0
difficulty_level,0,easy,1.0,3,5,ari_stability_1se,6,0.9186432333245625,False,False,0.9038243513730432
difficulty_level,0,easy,1.0,3,5,ari_stability_1se,7,0.8825056025534653,False,False,0.788656721839
difficulty_level,0,easy,1.0,3,5,ari_stability_quant,3,0.6420746515231311,False,False,0.6109455168470556
difficulty_level,0,easy,1.0,3,5,ari_stability_quant,4,0.8834166978571596,False,False,0.8699575008411611
difficulty_level,0,easy,1.0,3,5,ari_stability_quant,5,1.0,True,True,1.0
difficulty_level,0,easy,1.0,3,5,ari_stability_quant,6,0.9186432333245625,False,False,0.9038243513730432
difficulty_level,0,easy,1.0,3,5,ari_stability_quant,7,0.8825056025534653,False,False,0.788656721839
difficulty_level,0,easy,1.0,3,5,consensus_ce_stability,3,0.6389777364340504,False,False,0.6109455168470556
difficulty_level,0,easy,1.0,3,5,consensus_ce_stability,4,0.8805554534614839,False,False,0.8699575008411611
difficulty_level,0,easy,1.0,3,5,consensus_ce_stability,5,0.9999999999586944,True,True,1.0
difficulty_level,0,easy,1.0,3,5,consensus_ce_stability,6,0.9403343919970583,False,False,0.9038243513730432
difficulty_level,0,easy,1.0,3,5,consensus_ce_stability,7,0.9386632928160361,False,False,0.788656721839
difficulty_level,0,easy,1.0,3,5,consensus_gini_stability,3,0.6718159608364922,False,False,0.6109455168470556
difficulty_level,0,easy,1.0,3,5,consensus_gini_stability,4,0.9083853351043338,False,False,0.8699575008411611
difficulty_level,0,easy,1.0,3,5,consensus_gini_stability,5,1.0,True,True,1.0
difficulty_level,0,easy,1.0,3,5,consensus_gini_stability,6,0.9481011963211602,False,False,0.9038243513730432
difficulty_level,0,easy,1.0,3,5,consensus_gini_stability,7,0.9470426926827157,False,False,0.788656721839
difficulty_level,0,easy,1.0,3,5,consensus_pac_stability,3,0.5586728930398044,False,False,0.6109455168470556
difficulty_level,0,easy,1.0,3,5,consensus_pac_stability,4,0.8495334667556149,False,False,0.8699575008411611
difficulty_level,0,easy,1.0,3,5,consensus_pac_stability,5,1.0,True,True,1.0
difficulty_level,0,easy,1.0,3,5,consensus_pac_stability,6,0.9156442072492773,False,False,0.9038243513730432
difficulty_level,0,easy,1.0,3,5,consensus_pac_stability,7,0.9181400933955971,False,False,0.788656721839
difficulty_level,0,easy,1.0,3,5,silhouette,3,0.07182606552513912,False,False,0.6489173020501617
difficulty_level,0,easy,1.0,3,5,silhouette,4,0.08108441324011753,False,False,0.7441942691292577
difficulty_level,0,easy,1.0,3,5,silhouette,5,0.12674104886568296,False,True,1.0
difficulty_level,0,easy,1.0,3,5,silhouette,6,0.19251675060613904,False,False,0.8970646545622024
difficulty_level,0,easy,1.0,3,5,silhouette,7,0.24413202905840758,True,False,0.7886533290928806
difficulty_level,0,easy,1.0,3,5,gap,3,0.5117971883056853,False,False,0.6489173020501617
difficulty_level,0,easy,1.0,3,5,gap,4,0.5376311116890715,False,False,0.7441942691292577
difficulty_level,0,easy,1.0,3,5,gap,5,0.6160002905405655,False,True,1.0
difficulty_level,0,easy,1.0,3,5,gap,6,0.7862059955862204,False,False,0.8970646545622024
difficulty_level,0,easy,1.0,3,5,gap,7,0.8983790548256358,True,False,0.7886533290928806
difficulty_level,0,easy,1.0,3,5,davies_bouldin,3,0.2373149739706313,False,False,0.6489173020501617
difficulty_level,0,easy,1.0,3,5,davies_bouldin,4,0.25769706682431864,False,False,0.7441942691292577
difficulty_level,0,easy,1.0,3,5,davies_bouldin,5,0.2823796067361936,False,True,1.0
difficulty_level,0,easy,1.0,3,5,davies_bouldin,6,0.30671654243360624,False,False,0.8970646545622024
difficulty_level,0,easy,1.0,3,5,davies_bouldin,7,0.32918531697511266,True,False,0.7886533290928806
difficulty_level,0,easy,1.0,3,5,calinski_harabasz,3,100.38324851264036,False,False,0.6489173020501617
difficulty_level,0,easy,1.0,3,5,calinski_harabasz,4,86.24999978817215,False,False,0.7441942691292577
difficulty_level,0,easy,1.0,3,5,calinski_harabasz,5,103.9109467115621,False,True,1.0
difficulty_level,0,easy,1.0,3,5,calinski_harabasz,6,156.53927100491632,False,False,0.8970646545622024
difficulty_level,0,easy,1.0,3,5,calinski_harabasz,7,177.9809996503797,True,False,0.7886533290928806
difficulty_level,0,easy,1.0,4,5,accuracy_generalizability,3,0.8589987651831419,False,False,0.6816269110528306
difficulty_level,0,easy,1.0,4,5,accuracy_generalizability,4,0.9275786800509058,False,False,0.899483883764801
difficulty_level,0,easy,1.0,4,5,accuracy_generalizability,5,1.0,True,True,1.0
difficulty_level,0,easy,1.0,4,5,accuracy_generalizability,6,0.8902510632028086,False,False,0.8516576317063667
difficulty_level,0,easy,1.0,4,5,accuracy_generalizability,7,0.8274088982833875,False,False,0.8056544792788961
difficulty_level,0,easy,1.0,4,5,ari_average,3,0.7014959966991752,False,False,0.6816269110528306
difficulty_level,0,easy,1.0,4,5,ari_average,4,0.8478413453873296,False,False,0.899483883764801
difficulty_level,0,easy,1.0,4,5,ari_average,5,1.0,True,True,1.0
difficulty_level,0,easy,1.0,4,5,ari_average,6,0.8932760785967094,False,False,0.8516576317063667
difficulty_level,0,easy,1.0,4,5,ari_average,7,0.844578809924403,False,False,0.8056544792788961
difficulty_level,0,easy,1.0,4,5,ari_average_1se,3,0.7014959966991752,False,False,0.6816269110528306
difficulty_level,0,easy,1.0,4,5,ari_average_1se,4,0.8478413453873296,False,False,0.899483883764801
difficulty_level,0,easy,1.0,4,5,ari_average_1se,5,1.0,True,True,1.0
difficulty_level,0,easy,1.0,4,5,ari_average_1se,6,0.8932760785967094,False,False,0.8516576317063667
difficulty_level,0,easy,1.0,4,5,ari_average_1se,7,0.844578809924403,False,False,0.8056544792788961
difficulty_level,0,easy,1.0,4,5,ari_average_quant,3,0.7014959966991752,False,False,0.6816269110528306
difficulty_level,0,easy,1.0,4,5,ari_average_quant,4,0.8478413453873296,False,False,0.899483883764801
difficulty_level,0,easy,1.0,4,5,ari_average_quant,5,1.0,True,True,1.0
difficulty_level,0,easy,1.0,4,5,ari_average_quant,6,0.8932760785967094,False,False,0.8516576317063667
difficulty_level,0,easy,1.0,4,5,ari_average_quant,7,0.844578809924403,False,False,0.8056544792788961
difficulty_level,0,easy,1.0,4,5,ari_generalizability,3,0.7127335015260782,False,False,0.6816269110528306
difficulty_level,0,easy,1.0,4,5,ari_generalizability,4,0.8605693755031674,False,False,0.899483883764801
difficulty_level,0,easy,1.0,4,5,ari_generalizability,5,1.0,True,True,1.0
difficulty_level,0,easy,1.0,4,5,ari_generalizability,6,0.8683757645192993,False,False,0.8516576317063667
difficulty_level,0,easy,1.0,4,5,ari_generalizability,7,0.8271403967200297,False,False,0.8056544792788961
difficulty_level,0,easy,1.0,4,5,ari_generalizability_1se,3,0.7127335015260782,False,False,0.6816269110528306
difficulty_level,0,easy,1.0,4,5,ari_generalizability_1se,4,0.8605693755031674,False,False,0.899483883764801
difficulty_level,0,easy,1.0,4,5,ari_generalizability_1se,5,1.0,True,True,1.0
difficulty_level,0,easy,1.0,4,5,ari_generalizability_1se,6,0.8683757645192993,False,False,0.8516576317063667
difficulty_level,0,easy,1.0,4,5,ari_generalizability_1se,7,0.8271403967200297,False,False,0.8056544792788961
difficulty_level,0,easy,1.0,4,5,ari_generalizability_quant,3,0.7127335015260782,False,False,0.6816269110528306
difficulty_level,0,easy,1.0,4,5,ari_generalizability_quant,4,0.8605693755031674,False,False,0.899483883764801
difficulty_level,0,easy,1.0,4,5,ari_generalizability_quant,5,1.0,True,True,1.0
difficulty_level,0,easy,1.0,4,5,ari_generalizability_quant,6,0.8683757645192993,False,False,0.8516576317063667
difficulty_level,0,easy,1.0,4,5,ari_generalizability_quant,7,0.8271403967200297,False,False,0.8056544792788961
difficulty_level,0,easy,1.0,4,5,ari_stability,3,0.6902584918722723,False,False,0.6816269110528306
difficulty_level,0,easy,1.0,4,5,ari_stability,4,0.8351133152714914,False,False,0.899483883764801
difficulty_level,0,easy,1.0,4,5,ari_stability,5,1.0,True,True,1.0
difficulty_level,0,easy,1.0,4,5,ari_stability,6,0.9181763926741198,False,False,0.8516576317063667
difficulty_level,0,easy,1.0,4,5,ari_stability,7,0.8620172231287769,False,False,0.8056544792788961
difficulty_level,0,easy,1.0,4,5,ari_stability_1se,3,0.6902584918722723,False,False,0.6816269110528306
difficulty_level,0,easy,1.0,4,5,ari_stability_1se,4,0.8351133152714914,False,False,0.899483883764801
difficulty_level,0,easy,1.0,4,5,ari_stability_1se,5,1.0,True,True,1.0
difficulty_level,0,easy,1.0,4,5,ari_stability_1se,6,0.9181763926741198,False,False,0.8516576317063667
difficulty_level,0,easy,1.0,4,5,ari_stability_1se,7,0.8620172231287769,False,False,0.8056544792788961
difficulty_level,0,easy,1.0,4,5,ari_stability_quant,3,0.6902584918722723,False,False,0.6816269110528306
difficulty_level,0,easy,1.0,4,5,ari_stability_quant,4,0.8351133152714914,False,False,0.899483883764801
difficulty_level,0,easy,1.0,4,5,ari_stability_quant,5,1.0,True,True,1.0
difficulty_level,0,easy,1.0,4,5,ari_stability_quant,6,0.9181763926741198,False,False,0.8516576317063667
difficulty_level,0,easy,1.0,4,5,ari_stability_quant,7,0.8620172231287769,False,False,0.8056544792788961
difficulty_level,0,easy,1.0,4,5,consensus_ce_stability,3,0.704497184775563,False,False,0.6816269110528306
difficulty_level,0,easy,1.0,4,5,consensus_ce_stability,4,0.8660102768015385,False,False,0.899483883764801
difficulty_level,0,easy,1.0,4,5,consensus_ce_stability,5,0.9999999999586944,True,True,1.0
difficulty_level,0,easy,1.0,4,5,consensus_ce_stability,6,0.9400586679336754,False,False,0.8516576317063667
difficulty_level,0,easy,1.0,4,5,consensus_ce_stability,7,0.9135420001973981,False,False,0.8056544792788961
difficulty_level,0,easy,1.0,4,5,consensus_gini_stability,3,0.7188721915519071,False,False,0.6816269110528306
difficulty_level,0,easy,1.0,4,5,consensus_gini_stability,4,0.8815326399285579,False,False,0.899483883764801
difficulty_level,0,easy,1.0,4,5,consensus_gini_stability,5,1.0,True,True,1.0
difficulty_level,0,easy,1.0,4,5,consensus_gini_stability,6,0.9487829429036073,False,False,0.8516576317063667
difficulty_level,0,easy,1.0,4,5,consensus_gini_stability,7,0.924706476043218,False,False,0.8056544792788961
difficulty_level,0,easy,1.0,4,5,consensus_pac_stability,3,0.6998914832110296,False,False,0.6816269110528306
difficulty_level,0,easy,1.0,4,5,consensus_pac_stability,4,0.8312483878140983,False,False,0.899483883764801
difficulty_level,0,easy,1.0,4,5,consensus_pac_stability,5,1.0,True,True,1.0
difficulty_level,0,easy,1.0,4,5,consensus_pac_stability,6,0.9223340004447409,False,False,0.8516576317063667
difficulty_level,0,easy,1.0,4,5,consensus_pac_stability,7,0.8872341561040694,False,False,0.8056544792788961
difficulty_level,0,easy,1.0,4,5,silhouette,3,0.11765041794160597,False,False,0.5527311717935156
difficulty_level,0,easy,1.0,4,5,silhouette,4,0.13585922503141176,False,False,0.812507280032212
difficulty_level,0,easy,1.0,4,5,silhouette,5,0.17261123926021749,False,True,1.0
difficulty_level,0,easy,1.0,4,5,silhouette,6,0.23445908975958385,False,False,0.85206470845131
difficulty_level,0,easy,1.0,4,5,silhouette,7,0.25848681012448244,True,False,0.7485027226003548
difficulty_level,0,easy,1.0,4,5,gap,3,0.49181549674383085,False,False,0.5527311717935156
difficulty_level,0,easy,1.0,4,5,gap,4,0.5362269112382023,False,False,0.812507280032212
difficulty_level,0,easy,1.0,4,5,gap,5,0.5956920052273418,False,True,1.0
difficulty_level,0,easy,1.0,4,5,gap,6,0.7393616824471945,False,False,0.85206470845131
difficulty_level,0,easy,1.0,4,5,gap,7,0.8288769401849052,True,False,0.7485027226003548
difficulty_level,0,easy,1.0,4,5,davies_bouldin,3,0.26061526545181396,False,False,0.5527311717935156
difficulty_level,0,easy,1.0,4,5,davies_bouldin,4,0.26256314023983524,False,False,0.812507280032212
difficulty_level,0,easy,1.0,4,5,davies_bouldin,5,0.2881287297396201,False,True,1.0
difficulty_level,0,easy,1.0,4,5,davies_bouldin,6,0.3077949131384798,False,False,0.85206470845131
difficulty_level,0,easy,1.0,4,5,davies_bouldin,7,0.32388527233242065,True,False,0.7485027226003548
difficulty_level,0,easy,1.0,4,5,calinski_harabasz,3,110.88675716173448,False,False,0.5527311717935156
difficulty_level,0,easy,1.0,4,5,calinski_harabasz,4,104.7932028855777,False,False,0.812507280032212
difficulty_level,0,easy,1.0,4,5,calinski_harabasz,5,109.65984060033236,False,True,1.0
difficulty_level,0,easy,1.0,4,5,calinski_harabasz,6,150.22493653045828,False,False,0.85206470845131
difficulty_level,0,easy,1.0,4,5,calinski_harabasz,7,162.40805601399745,True,False,0.7485027226003548
difficulty_level,0,easy,0.6461929525683626,5,5,accuracy_generalizability,3,0.9010845140375086,False,False,0.6960427398487359
difficulty_level,0,easy,0.6461929525683626,5,5,accuracy_generalizability,4,0.8594365073154507,False,False,0.8571301229384515
difficulty_level,0,easy,0.6461929525683626,5,5,accuracy_generalizability,5,1.0,True,True,1.0
difficulty_level,0,easy,0.6461929525683626,5,5,accuracy_generalizability,6,0.8989620453065676,False,False,0.7623654580129281
difficulty_level,0,easy,0.6461929525683626,5,5,accuracy_generalizability,7,0.9169690107717657,False,False,0.6707789707368654
difficulty_level,0,easy,0.6461929525683626,5,5,ari_average,3,0.9185942739383696,False,False,0.6960427398487359
difficulty_level,0,easy,0.6461929525683626,5,5,ari_average,4,0.833198897945648,False,False,0.8571301229384515
difficulty_level,0,easy,0.6461929525683626,5,5,ari_average,5,1.0,True,True,1.0
difficulty_level,0,easy,0.6461929525683626,5,5,ari_average,6,0.8516171442102843,False,False,0.7623654580129281
difficulty_level,0,easy,0.6461929525683626,5,5,ari_average,7,0.8825260744852425,False,False,0.6707789707368654
difficulty_level,0,easy,0.6461929525683626,5,5,ari_average_1se,3,0.9185942739383696,False,False,0.6960427398487359
difficulty_level,0,easy,0.6461929525683626,5,5,ari_average_1se,4,0.833198897945648,False,False,0.8571301229384515
difficulty_level,0,easy,0.6461929525683626,5,5,ari_average_1se,5,1.0,True,True,1.0
difficulty_level,0,easy,0.6461929525683626,5,5,ari_average_1se,6,0.8516171442102843,False,False,0.7623654580129281
difficulty_level,0,easy,0.6461929525683626,5,5,ari_average_1se,7,0.8825260744852425,False,False,0.6707789707368654
difficulty_level,0,easy,0.6461929525683626,5,5,ari_average_quant,3,0.9185942739383696,False,False,0.6960427398487359
difficulty_level,0,easy,0.6461929525683626,5,5,ari_average_quant,4,0.833198897945648,False,False,0.8571301229384515
difficulty_level,0,easy,0.6461929525683626,5,5,ari_average_quant,5,1.0,True,True,1.0
difficulty_level,0,easy,0.6461929525683626,5,5,ari_average_quant,6,0.8516171442102843,False,False,0.7623654580129281
difficulty_level,0,easy,0.6461929525683626,5,5,ari_average_quant,7,0.8825260744852425,False,False,0.6707789707368654
difficulty_level,0,easy,0.6461929525683626,5,5,ari_generalizability,3,0.855415697024168,False,False,0.6960427398487359
difficulty_level,0,easy,0.6461929525683626,5,5,ari_generalizability,4,0.8085869116154791,False,False,0.8571301229384515
difficulty_level,0,easy,0.6461929525683626,5,5,ari_generalizability,5,1.0,True,True,1.0
difficulty_level,0,easy,0.6461929525683626,5,5,ari_generalizability,6,0.8125348989462629,False,False,0.7623654580129281
difficulty_level,0,easy,0.6461929525683626,5,5,ari_generalizability,7,0.8763579899610714,False,False,0.6707789707368654
difficulty_level,0,easy,0.6461929525683626,5,5,ari_generalizability_1se,3,0.855415697024168,False,False,0.6960427398487359
difficulty_level,0,easy,0.6461929525683626,5,5,ari_generalizability_1se,4,0.8085869116154791,False,False,0.8571301229384515
difficulty_level,0,easy,0.6461929525683626,5,5,ari_generalizability_1se,5,1.0,True,True,1.0
difficulty_level,0,easy,0.6461929525683626,5,5,ari_generalizability_1se,6,0.8125348989462629,False,False,0.7623654580129281
difficulty_level,0,easy,0.6461929525683626,5,5,ari_generalizability_1se,7,0.8763579899610714,False,False,0.6707789707368654
difficulty_level,0,easy,0.6461929525683626,5,5,ari_generalizability_quant,3,0.855415697024168,False,False,0.6960427398487359
difficulty_level,0,easy,0.6461929525683626,5,5,ari_generalizability_quant,4,0.8085869116154791,False,False,0.8571301229384515
difficulty_level,0,easy,0.6461929525683626,5,5,ari_generalizability_quant,5,1.0,True,True,1.0
difficulty_level,0,easy,0.6461929525683626,5,5,ari_generalizability_quant,6,0.8125348989462629,False,False,0.7623654580129281
difficulty_level,0,easy,0.6461929525683626,5,5,ari_generalizability_quant,7,0.8763579899610714,False,False,0.6707789707368654
difficulty_level,0,easy,0.6461929525683626,5,5,ari_stability,3,0.9817728508525709,False,False,0.6960427398487359
difficulty_level,0,easy,0.6461929525683626,5,5,ari_stability,4,0.8578108842758173,False,False,0.8571301229384515
difficulty_level,0,easy,0.6461929525683626,5,5,ari_stability,5,1.0,True,True,1.0
difficulty_level,0,easy,0.6461929525683626,5,5,ari_stability,6,0.8906993894743056,False,False,0.7623654580129281
difficulty_level,0,easy,0.6461929525683626,5,5,ari_stability,7,0.8886941590094133,False,False,0.6707789707368654
difficulty_level,0,easy,0.6461929525683626,5,5,ari_stability_1se,3,0.9817728508525709,False,False,0.6960427398487359
difficulty_level,0,easy,0.6461929525683626,5,5,ari_stability_1se,4,0.8578108842758173,False,False,0.8571301229384515
difficulty_level,0,easy,0.6461929525683626,5,5,ari_stability_1se,5,1.0,True,True,1.0
difficulty_level,0,easy,0.6461929525683626,5,5,ari_stability_1se,6,0.8906993894743056,False,False,0.7623654580129281
difficulty_level,0,easy,0.6461929525683626,5,5,ari_stability_1se,7,0.8886941590094133,False,False,0.6707789707368654
difficulty_level,0,easy,0.6461929525683626,5,5,ari_stability_quant,3,0.9817728508525709,False,False,0.6960427398487359
difficulty_level,0,easy,0.6461929525683626,5,5,ari_stability_quant,4,0.8578108842758173,False,False,0.8571301229384515
difficulty_level,0,easy,0.6461929525683626,5,5,ari_stability_quant,5,1.0,True,True,1.0
difficulty_level,0,easy,0.6461929525683626,5,5,ari_stability_quant,6,0.8906993894743056,False,False,0.7623654580129281
difficulty_level,0,easy,0.6461929525683626,5,5,ari_stability_quant,7,0.8886941590094133,False,False,0.6707789707368654
difficulty_level,0,easy,0.6461929525683626,5,5,consensus_ce_stability,3,0.9885988231361513,False,False,0.6960427398487359
difficulty_level,0,easy,0.6461929525683626,5,5,consensus_ce_stability,4,0.8838506270336075,False,False,0.8571301229384515
difficulty_level,0,easy,0.6461929525683626,5,5,consensus_ce_stability,5,0.9999999999586944,True,True,1.0
difficulty_level,0,easy,0.6461929525683626,5,5,consensus_ce_stability,6,0.9266813759952551,False,False,0.7623654580129281
difficulty_level,0,easy,0.6461929525683626,5,5,consensus_ce_stability,7,0.9366092447776477,False,False,0.6707789707368654
difficulty_level,0,easy,0.6461929525683626,5,5,consensus_gini_stability,3,0.9933327183056394,False,False,0.6960427398487359
difficulty_level,0,easy,0.6461929525683626,5,5,consensus_gini_stability,4,0.888143261111352,False,False,0.8571301229384515
difficulty_level,0,easy,0.6461929525683626,5,5,consensus_gini_stability,5,1.0,True,True,1.0
difficulty_level,0,easy,0.6461929525683626,5,5,consensus_gini_stability,6,0.9370060847270947,False,False,0.7623654580129281
difficulty_level,0,easy,0.6461929525683626,5,5,consensus_gini_stability,7,0.9462725148134616,False,False,0.6707789707368654
difficulty_level,0,easy,0.6461929525683626,5,5,consensus_pac_stability,3,0.9999982210362464,False,False,0.6960427398487359
difficulty_level,0,easy,0.6461929525683626,5,5,consensus_pac_stability,4,0.8665830553702468,False,False,0.8571301229384515
difficulty_level,0,easy,0.6461929525683626,5,5,consensus_pac_stability,5,1.0,True,True,1.0
difficulty_level,0,easy,0.6461929525683626,5,5,consensus_pac_stability,6,0.9080684901045142,False,False,0.7623654580129281
difficulty_level,0,easy,0.6461929525683626,5,5,consensus_pac_stability,7,0.9128948187680677,False,False,0.6707789707368654
difficulty_level,0,easy,0.6461929525683626,5,5,silhouette,3,0.12454933001509634,False,False,0.6960427398487359
difficulty_level,0,easy,0.6461929525683626,5,5,silhouette,4,0.12923320560278337,False,False,0.8571301229384515
difficulty_level,0,easy,0.6461929525683626,5,5,silhouette,5,0.18330094512257275,False,True,0.6859732600349552
difficulty_level,0,easy,0.6461929525683626,5,5,silhouette,6,0.20679415075991603,False,False,0.761945925431526
difficulty_level,0,easy,0.6461929525683626,5,5,silhouette,7,0.2286402375933247,True,False,0.5378229143723818
difficulty_level,0,easy,0.6461929525683626,5,5,gap,3,0.5992361996278106,False,False,0.6960427398487359
difficulty_level,0,easy,0.6461929525683626,5,5,gap,4,0.6370565218029096,False,False,0.8571301229384515
difficulty_level,0,easy,0.6461929525683626,5,5,gap,5,0.7783827402987704,False,True,0.6859732600349552
difficulty_level,0,easy,0.6461929525683626,5,5,gap,6,0.8281514301227801,False,False,0.761945925431526
difficulty_level,0,easy,0.6461929525683626,5,5,gap,7,0.9411304558759426,True,False,0.5378229143723818
difficulty_level,0,easy,0.6461929525683626,5,5,davies_bouldin,3,0.25213047101445013,False,False,0.6960427398487359
difficulty_level,0,easy,0.6461929525683626,5,5,davies_bouldin,4,0.2599315252577669,False,False,0.8571301229384515
difficulty_level,0,easy,0.6461929525683626,5,5,davies_bouldin,5,0.28531546572062544,False,True,0.6859732600349552
difficulty_level,0,easy,0.6461929525683626,5,5,davies_bouldin,6,0.31045702723709173,False,False,0.761945925431526
difficulty_level,0,easy,0.6461929525683626,5,5,davies_bouldin,7,0.3275759907804631,True,False,0.5378229143723818
difficulty_level,0,easy,0.6461929525683626,5,5,calinski_harabasz,3,115.98564138162129,False,False,0.6960427398487359
difficulty_level,0,easy,0.6461929525683626,5,5,calinski_harabasz,4,104.4964148377151,False,False,0.8571301229384515
difficulty_level,0,easy,0.6461929525683626,5,5,calinski_harabasz,5,150.55250266269962,False,True,0.6859732600349552
difficulty_level,0,easy,0.6461929525683626,5,5,calinski_harabasz,6,144.51638462899257,False,False,0.761945925431526
difficulty_level,0,easy,0.6461929525683626,5,5,calinski_harabasz,7,166.83067506623632,True,False,0.5378229143723818
difficulty_level,0,easy,1.0,6,5,accuracy_generalizability,3,0.8024292977879777,False,False,0.5617732530004723
difficulty_level,0,easy,1.0,6,5,accuracy_generalizability,4,0.930691344304465,False,False,0.850332843039713
difficulty_level,0,easy,1.0,6,5,accuracy_generalizability,5,1.0,True,True,1.0
difficulty_level,0,easy,1.0,6,5,accuracy_generalizability,6,0.891916480043717,False,False,0.87941213625155
difficulty_level,0,easy,1.0,6,5,accuracy_generalizability,7,0.8409397750766666,False,False,0.8357955817316498
difficulty_level,0,easy,1.0,6,5,ari_average,3,0.7264530428352137,False,False,0.5617732530004723
difficulty_level,0,easy,1.0,6,5,ari_average,4,0.872512436399887,False,False,0.850332843039713
difficulty_level,0,easy,1.0,6,5,ari_average,5,1.0,True,True,1.0
difficulty_level,0,easy,1.0,6,5,ari_average,6,0.889450092556698,False,False,0.87941213625155
difficulty_level,0,easy,1.0,6,5,ari_average,7,0.8704201026024925,False,False,0.8357955817316498
difficulty_level,0,easy,1.0,6,5,ari_average_1se,3,0.7264530428352137,False,False,0.5617732530004723
difficulty_level,0,easy,1.0,6,5,ari_average_1se,4,0.872512436399887,False,False,0.850332843039713
difficulty_level,0,easy,1.0,6,5,ari_average_1se,5,1.0,True,True,1.0
difficulty_level,0,easy,1.0,6,5,ari_average_1se,6,0.889450092556698,False,False,0.87941213625155
difficulty_level,0,easy,1.0,6,5,ari_average_1se,7,0.8704201026024925,False,False,0.8357955817316498
difficulty_level,0,easy,1.0,6,5,ari_average_quant,3,0.7264530428352137,False,False,0.5617732530004723
difficulty_level,0,easy,1.0,6,5,ari_average_quant,4,0.872512436399887,False,False,0.850332843039713
difficulty_level,0,easy,1.0,6,5,ari_average_quant,5,1.0,True,True,1.0
difficulty_level,0,easy,1.0,6,5,ari_average_quant,6,0.889450092556698,False,False,0.87941213625155
difficulty_level,0,easy,1.0,6,5,ari_average_quant,7,0.8704201026024925,False,False,0.8357955817316498
difficulty_level,0,easy,1.0,6,5,ari_generalizability,3,0.6752137798374461,False,False,0.5617732530004723
difficulty_level,0,easy,1.0,6,5,ari_generalizability,4,0.8677344465013732,False,False,0.850332843039713
difficulty_level,0,easy,1.0,6,5,ari_generalizability,5,1.0,True,True,1.0
difficulty_level,0,easy,1.0,6,5,ari_generalizability,6,0.8818663018972914,False,False,0.87941213625155
difficulty_level,0,easy,1.0,6,5,ari_generalizability,7,0.8553358355634241,False,False,0.8357955817316498
difficulty_level,0,easy,1.0,6,5,ari_generalizability_1se,3,0.6752137798374461,False,False,0.5617732530004723
difficulty_level,0,easy,1.0,6,5,ari_generalizability_1se,4,0.8677344465013732,False,False,0.850332843039713
difficulty_level,0,easy,1.0,6,5,ari_generalizability_1se,5,1.0,True,True,1.0
difficulty_level,0,easy,1.0,6,5,ari_generalizability_1se,6,0.8818663018972914,False,False,0.87941213625155
difficulty_level,0,easy,1.0,6,5,ari_generalizability_1se,7,0.8553358355634241,False,False,0.8357955817316498
difficulty_level,0,easy,1.0,6,5,ari_generalizability_quant,3,0.6752137798374461,False,False,0.5617732530004723
difficulty_level,0,easy,1.0,6,5,ari_generalizability_quant,4,0.8677344465013732,False,False,0.850332843039713
difficulty_level,0,easy,1.0,6,5,ari_generalizability_quant,5,1.0,True,True,1.0
difficulty_level,0,easy,1.0,6,5,ari_generalizability_quant,6,0.8818663018972914,False,False,0.87941213625155
difficulty_level,0,easy,1.0,6,5,ari_generalizability_quant,7,0.8553358355634241,False,False,0.8357955817316498
difficulty_level,0,easy,1.0,6,5,ari_stability,3,0.777692305832981,False,False,0.5617732530004723
difficulty_level,0,easy,1.0,6,5,ari_stability,4,0.8772904262984009,False,False,0.850332843039713
difficulty_level,0,easy,1.0,6,5,ari_stability,5,1.0,True,True,1.0
difficulty_level,0,easy,1.0,6,5,ari_stability,6,0.8970338832161044,False,False,0.87941213625155
difficulty_level,0,easy,1.0,6,5,ari_stability,7,0.8855043696415608,False,False,0.8357955817316498
difficulty_level,0,easy,1.0,6,5,ari_stability_1se,3,0.777692305832981,False,False,0.5617732530004723
difficulty_level,0,easy,1.0,6,5,ari_stability_1se,4,0.8772904262984009,False,False,0.850332843039713
difficulty_level,0,easy,1.0,6,5,ari_stability_1se,5,1.0,True,True,1.0
difficulty_level,0,easy,1.0,6,5,ari_stability_1se,6,0.8970338832161044,False,False,0.87941213625155
difficulty_level,0,easy,1.0,6,5,ari_stability_1se,7,0.8855043696415608,False,False,0.8357955817316498
difficulty_level,0,easy,1.0,6,5,ari_stability_quant,3,0.777692305832981,False,False,0.5617732530004723
difficulty_level,0,easy,1.0,6,5,ari_stability_quant,4,0.8772904262984009,False,False,0.850332843039713
difficulty_level,0,easy,1.0,6,5,ari_stability_quant,5,1.0,True,True,1.0
difficulty_level,0,easy,1.0,6,5,ari_stability_quant,6,0.8970338832161044,False,False,0.87941213625155
difficulty_level,0,easy,1.0,6,5,ari_stability_quant,7,0.8855043696415608,False,False,0.8357955817316498
difficulty_level,0,easy,1.0,6,5,consensus_ce_stability,3,0.7321430866242193,False,False,0.5617732530004723
difficulty_level,0,easy,1.0,6,5,consensus_ce_stability,4,0.8787970765789863,False,False,0.850332843039713
difficulty_level,0,easy,1.0,6,5,consensus_ce_stability,5,0.9999999999586944,True,True,1.0
difficulty_level,0,easy,1.0,6,5,consensus_ce_stability,6,0.9397008653375136,False,False,0.87941213625155
difficulty_level,0,easy,1.0,6,5,consensus_ce_stability,7,0.933715378010423,False,False,0.8357955817316498
difficulty_level,0,easy,1.0,6,5,consensus_gini_stability,3,0.7688984607719358,False,False,0.5617732530004723
difficulty_level,0,easy,1.0,6,5,consensus_gini_stability,4,0.9012666166155956,False,False,0.850332843039713
difficulty_level,0,easy,1.0,6,5,consensus_gini_stability,5,1.0,True,True,1.0
difficulty_level,0,easy,1.0,6,5,consensus_gini_stability,6,0.947245407601434,False,False,0.87941213625155
difficulty_level,0,easy,1.0,6,5,consensus_gini_stability,7,0.9449311738983429,False,False,0.8357955817316498
difficulty_level,0,easy,1.0,6,5,consensus_pac_stability,3,0.6905848343340004,False,False,0.5617732530004723
difficulty_level,0,easy,1.0,6,5,consensus_pac_stability,4,0.7857006893484545,False,False,0.850332843039713
difficulty_level,0,easy,1.0,6,5,consensus_pac_stability,5,1.0,True,True,1.0
difficulty_level,0,easy,1.0,6,5,consensus_pac_stability,6,0.9253813653546809,False,False,0.87941213625155
difficulty_level,0,easy,1.0,6,5,consensus_pac_stability,7,0.9059461863464532,False,False,0.8357955817316498
difficulty_level,0,easy,1.0,6,5,silhouette,3,0.12062526639066642,False,False,0.5617732530004723
difficulty_level,0,easy,1.0,6,5,silhouette,4,0.14273392526084414,False,False,0.850332843039713
difficulty_level,0,easy,1.0,6,5,silhouette,5,0.17782656597165958,False,True,1.0
difficulty_level,0,easy,1.0,6,5,silhouette,6,0.19666221940208647,False,False,0.881142699394952
difficulty_level,0,easy,1.0,6,5,silhouette,7,0.2187992061441884,True,False,0.8357955817316498
difficulty_level,0,easy,1.0,6,5,gap,3,0.5404903431492851,False,False,0.5617732530004723
difficulty_level,0,easy,1.0,6,5,gap,4,0.5949270778597118,False,False,0.850332843039713
difficulty_level,0,easy,1.0,6,5,gap,5,0.654312248093909,False,True,1.0
difficulty_level,0,easy,1.0,6,5,gap,6,0.7475186063630499,False,False,0.881142699394952
difficulty_level,0,easy,1.0,6,5,gap,7,0.824792903319798,True,False,0.8357955817316498
difficulty_level,0,easy,1.0,6,5,davies_bouldin,3,0.26969638007302926,False,False,0.5617732530004723
difficulty_level,0,easy,1.0,6,5,davies_bouldin,4,0.2699951171164022,False,False,0.850332843039713
difficulty_level,0,easy,1.0,6,5,davies_bouldin,5,0.2956946804634385,False,True,1.0
difficulty_level,0,easy,1.0,6,5,davies_bouldin,6,0.31609382275762105,False,False,0.881142699394952
difficulty_level,0,easy,1.0,6,5,davies_bouldin,7,0.3386665709990439,True,False,0.8357955817316498
difficulty_level,0,easy,1.0,6,5,calinski_harabasz,3,125.47268899792702,False,False,0.5617732530004723
difficulty_level,0,easy,1.0,6,5,calinski_harabasz,4,121.2974438067282,False,False,0.850332843039713
difficulty_level,0,easy,1.0,6,5,calinski_harabasz,5,122.89262662542795,False,True,1.0
difficulty_level,0,easy,1.0,6,5,calinski_harabasz,6,139.74096740129855,False,False,0.881142699394952
difficulty_level,0,easy,1.0,6,5,calinski_harabasz,7,147.92152460650843,True,False,0.8357955817316498
difficulty_level,0,easy,1.0,7,5,accuracy_generalizability,3,0.9774809551394921,False,False,0.7256468811100577
difficulty_level,0,easy,1.0,7,5,accuracy_generalizability,4,0.943373236467071,False,False,0.9109475741159624
difficulty_level,0,easy,1.0,7,5,accuracy_generalizability,5,1.0,True,True,1.0
difficulty_level,0,easy,1.0,7,5,accuracy_generalizability,6,0.9057142761064313,False,False,0.8323591394025381
difficulty_level,0,easy,1.0,7,5,accuracy_generalizability,7,0.8185163178975731,False,False,0.7282777325424674
difficulty_level,0,easy,1.0,7,5,ari_average,3,0.9536871906699039,False,False,0.7256468811100577
difficulty_level,0,easy,1.0,7,5,ari_average,4,0.9279403565325502,False,False,0.9109475741159624
difficulty_level,0,easy,1.0,7,5,ari_average,5,1.0,True,True,1.0
difficulty_level,0,easy,1.0,7,5,ari_average,6,0.8852489981187407,False,False,0.8323591394025381
difficulty_level,0,easy,1.0,7,5,ari_average,7,0.8228377869849614,False,False,0.7282777325424674
difficulty_level,0,easy,1.0,7,5,ari_average_1se,3,0.9536871906699039,False,False,0.7256468811100577
difficulty_level,0,easy,1.0,7,5,ari_average_1se,4,0.9279403565325502,False,False,0.9109475741159624
difficulty_level,0,easy,1.0,7,5,ari_average_1se,5,1.0,True,True,1.0
difficulty_level,0,easy,1.0,7,5,ari_average_1se,6,0.8852489981187407,False,False,0.8323591394025381
difficulty_level,0,easy,1.0,7,5,ari_average_1se,7,0.8228377869849614,False,False,0.7282777325424674
difficulty_level,0,easy,1.0,7,5,ari_average_quant,3,0.9536871906699039,False,False,0.7256468811100577
difficulty_level,0,easy,1.0,7,5,ari_average_quant,4,0.9279403565325502,False,False,0.9109475741159624
difficulty_level,0,easy,1.0,7,5,ari_average_quant,5,1.0,True,True,1.0
difficulty_level,0,easy,1.0,7,5,ari_average_quant,6,0.8852489981187407,False,False,0.8323591394025381
difficulty_level,0,easy,1.0,7,5,ari_average_quant,7,0.8228377869849614,False,False,0.7282777325424674
difficulty_level,0,easy,1.0,7,5,ari_generalizability,3,0.9540566417305953,False,False,0.7256468811100577
difficulty_level,0,easy,1.0,7,5,ari_generalizability,4,0.9138761501983157,False,False,0.9109475741159624
difficulty_level,0,easy,1.0,7,5,ari_generalizability,5,1.0,True,True,1.0
difficulty_level,0,easy,1.0,7,5,ari_generalizability,6,0.8718564936828614,False,False,0.8323591394025381
difficulty_level,0,easy,1.0,7,5,ari_generalizability,7,0.7881611882312918,False,False,0.7282777325424674
difficulty_level,0,easy,1.0,7,5,ari_generalizability_1se,3,0.9540566417305953,False,False,0.7256468811100577
difficulty_level,0,easy,1.0,7,5,ari_generalizability_1se,4,0.9138761501983157,False,False,0.9109475741159624
difficulty_level,0,easy,1.0,7,5,ari_generalizability_1se,5,1.0,True,True,1.0
difficulty_level,0,easy,1.0,7,5,ari_generalizability_1se,6,0.8718564936828614,False,False,0.8323591394025381
difficulty_level,0,easy,1.0,7,5,ari_generalizability_1se,7,0.7881611882312918,False,False,0.7282777325424674
difficulty_level,0,easy,1.0,7,5,ari_generalizability_quant,3,0.9540566417305953,False,False,0.7256468811100577
difficulty_level,0,easy,1.0,7,5,ari_generalizability_quant,4,0.9138761501983157,False,False,0.9109475741159624
difficulty_level,0,easy,1.0,7,5,ari_generalizability_quant,5,1.0,True,True,1.0
difficulty_level,0,easy,1.0,7,5,ari_generalizability_quant,6,0.8718564936828614,False,False,0.8323591394025381
difficulty_level,0,easy,1.0,7,5,ari_generalizability_quant,7,0.7881611882312918,False,False,0.7282777325424674
difficulty_level,0,easy,1.0,7,5,ari_stability,3,0.9533177396092125,False,False,0.7256468811100577
difficulty_level,0,easy,1.0,7,5,ari_stability,4,0.9420045628667846,False,False,0.9109475741159624
difficulty_level,0,easy,1.0,7,5,ari_stability,5,1.0,True,True,1.0
difficulty_level,0,easy,1.0,7,5,ari_stability,6,0.89864150255462,False,False,0.8323591394025381
difficulty_level,0,easy,1.0,7,5,ari_stability,7,0.8575143857386313,False,False,0.7282777325424674
difficulty_level,0,easy,1.0,7,5,ari_stability_1se,3,0.9533177396092125,False,False,0.7256468811100577
difficulty_level,0,easy,1.0,7,5,ari_stability_1se,4,0.9420045628667846,False,False,0.9109475741159624
difficulty_level,0,easy,1.0,7,5,ari_stability_1se,5,1.0,True,True,1.0
difficulty_level,0,easy,1.0,7,5,ari_stability_1se,6,0.89864150255462,False,False,0.8323591394025381
difficulty_level,0,easy,1.0,7,5,ari_stability_1se,7,0.8575143857386313,False,False,0.7282777325424674
difficulty_level,0,easy,1.0,7,5,ari_stability_quant,3,0.9533177396092125,False,False,0.7256468811100577
difficulty_level,0,easy,1.0,7,5,ari_stability_quant,4,0.9420045628667846,False,False,0.9109475741159624
difficulty_level,0,easy,1.0,7,5,ari_stability_quant,5,1.0,True,True,1.0
difficulty_level,0,easy,1.0,7,5,ari_stability_quant,6,0.89864150255462,False,False,0.8323591394025381
difficulty_level,0,easy,1.0,7,5,ari_stability_quant,7,0.8575143857386313,False,False,0.7282777325424674
difficulty_level,0,easy,1.0,7,5,consensus_ce_stability,3,0.9092873286647591,False,False,0.7256468811100577
difficulty_level,0,easy,1.0,7,5,consensus_ce_stability,4,0.9525399127580492,False,False,0.9109475741159624
difficulty_level,0,easy,1.0,7,5,consensus_ce_stability,5,0.9999999999586944,True,True,1.0
difficulty_level,0,easy,1.0,7,5,consensus_ce_stability,6,0.938704351618803,False,False,0.8323591394025381
difficulty_level,0,easy,1.0,7,5,consensus_ce_stability,7,0.9166302830077927,False,False,0.7282777325424674
difficulty_level,0,easy,1.0,7,5,consensus_gini_stability,3,0.9339969479173371,False,False,0.7256468811100577
difficulty_level,0,easy,1.0,7,5,consensus_gini_stability,4,0.9609179401271213,False,False,0.9109475741159624
difficulty_level,0,easy,1.0,7,5,consensus_gini_stability,5,1.0,True,True,1.0
difficulty_level,0,easy,1.0,7,5,consensus_gini_stability,6,0.9484538771974019,False,False,0.8323591394025381
difficulty_level,0,easy,1.0,7,5,consensus_gini_stability,7,0.9247919976079756,False,False,0.7282777325424674
difficulty_level,0,easy,1.0,7,5,consensus_pac_stability,3,0.8089464087169224,False,False,0.7256468811100577
difficulty_level,0,easy,1.0,7,5,consensus_pac_stability,4,0.9303206582165888,False,False,0.9109475741159624
difficulty_level,0,easy,1.0,7,5,consensus_pac_stability,5,1.0,True,True,1.0
difficulty_level,0,easy,1.0,7,5,consensus_pac_stability,6,0.9066124082721815,False,False,0.8323591394025381
difficulty_level,0,easy,1.0,7,5,consensus_pac_stability,7,0.8940413609072715,False,False,0.7282777325424674
difficulty_level,0,easy,1.0,7,5,silhouette,3,0.1001403591116946,False,False,0.7256468811100577
difficulty_level,0,easy,1.0,7,5,silhouette,4,0.12725401276810808,False,False,0.9109475741159624
difficulty_level,0,easy,1.0,7,5,silhouette,5,0.1625253246137857,False,True,0.7402211891032273
difficulty_level,0,easy,1.0,7,5,silhouette,6,0.19306583972932295,False,False,0.8283078487661296
difficulty_level,0,easy,1.0,7,5,silhouette,7,0.22481777688326268,True,False,0.7249815628924751
difficulty_level,0,easy,1.0,7,5,gap,3,0.6125260726284552,False,False,0.7256468811100577
difficulty_level,0,easy,1.0,7,5,gap,4,0.653602130854722,False,False,0.9109475741159624
difficulty_level,0,easy,1.0,7,5,gap,5,0.7461974992474776,False,True,0.7402211891032273
difficulty_level,0,easy,1.0,7,5,gap,6,0.8015623696303003,False,False,0.8283078487661296
difficulty_level,0,easy,1.0,7,5,gap,7,0.872680132839136,True,False,0.7249815628924751
difficulty_level,0,easy,1.0,7,5,davies_bouldin,3,0.23686363989485984,False,False,0.7256468811100577
difficulty_level,0,easy,1.0,7,5,davies_bouldin,4,0.2470721105877584,False,False,0.9109475741159624
difficulty_level,0,easy,1.0,7,5,davies_bouldin,5,0.2709655982769065,False,True,0.7402211891032273
difficulty_level,0,easy,1.0,7,5,davies_bouldin,6,0.2962871169840211,False,False,0.8283078487661296
difficulty_level,0,easy,1.0,7,5,davies_bouldin,7,0.30788405565541527,True,False,0.7249815628924751
difficulty_level,0,easy,1.0,7,5,calinski_harabasz,3,105.87114410237132,False,False,0.7256468811100577
difficulty_level,0,easy,1.0,7,5,calinski_harabasz,4,99.30709752051119,False,False,0.9109475741159624
difficulty_level,0,easy,1.0,7,5,calinski_harabasz,5,121.4144533632279,False,True,0.7402211891032273
difficulty_level,0,easy,1.0,7,5,calinski_harabasz,6,122.07640719976874,False,False,0.8283078487661296
difficulty_level,0,easy,1.0,7,5,calinski_harabasz,7,129.60541760097206,True,False,0.7249815628924751
difficulty_level,0,easy,0.7479634259151329,8,5,accuracy_generalizability,3,0.8221116949635715,False,False,0.6683625766572376
difficulty_level,0,easy,0.7479634259151329,8,5,accuracy_generalizability,4,0.9567217095327138,False,False,0.9183379707007437
difficulty_level,0,easy,0.7479634259151329,8,5,accuracy_generalizability,5,1.0,True,True,1.0
difficulty_level,0,easy,0.7479634259151329,8,5,accuracy_generalizability,6,0.9082445191911915,False,False,0.8285976343516637
difficulty_level,0,easy,0.7479634259151329,8,5,accuracy_generalizability,7,0.8664017082590966,False,False,0.764188157208892
difficulty_level,0,easy,0.7479634259151329,8,5,ari_average,3,0.6294092339528032,False,False,0.6683625766572376
difficulty_level,0,easy,0.7479634259151329,8,5,ari_average,4,0.9081542064194749,False,False,0.9183379707007437
difficulty_level,0,easy,0.7479634259151329,8,5,ari_average,5,1.0,True,True,1.0
difficulty_level,0,easy,0.7479634259151329,8,5,ari_average,6,0.8833823291180753,False,False,0.8285976343516637
difficulty_level,0,easy,0.7479634259151329,8,5,ari_average,7,0.8619689354691643,False,False,0.764188157208892
difficulty_level,0,easy,0.7479634259151329,8,5,ari_average_1se,3,0.6294092339528032,False,False,0.6683625766572376
difficulty_level,0,easy,0.7479634259151329,8,5,ari_average_1se,4,0.9081542064194749,False,False,0.9183379707007437
difficulty_level,0,easy,0.7479634259151329,8,5,ari_average_1se,5,1.0,True,True,1.0
difficulty_level,0,easy,0.7479634259151329,8,5,ari_average_1se,6,0.8833823291180753,False,False,0.8285976343516637
difficulty_level,0,easy,0.7479634259151329,8,5,ari_average_1se,7,0.8619689354691643,False,False,0.764188157208892
difficulty_level,0,easy,0.7479634259151329,8,5,ari_average_quant,3,0.6294092339528032,False,False,0.6683625766572376
difficulty_level,0,easy,0.7479634259151329,8,5,ari_average_quant,4,0.9081542064194749,False,False,0.9183379707007437
difficulty_level,0,easy,0.7479634259151329,8,5,ari_average_quant,5,1.0,True,True,1.0
difficulty_level,0,easy,0.7479634259151329,8,5,ari_average_quant,6,0.8833823291180753,False,False,0.8285976343516637
difficulty_level,0,easy,0.7479634259151329,8,5,ari_average_quant,7,0.8619689354691643,False,False,0.764188157208892
difficulty_level,0,easy,0.7479634259151329,8,5,ari_generalizability,3,0.6096817082491601,False,False,0.6683625766572376
difficulty_level,0,easy,0.7479634259151329,8,5,ari_generalizability,4,0.9135771966994035,False,False,0.9183379707007437
difficulty_level,0,easy,0.7479634259151329,8,5,ari_generalizability,5,1.0,True,True,1.0
difficulty_level,0,easy,0.7479634259151329,8,5,ari_generalizability,6,0.8685640884219227,False,False,0.8285976343516637
difficulty_level,0,easy,0.7479634259151329,8,5,ari_generalizability,7,0.8590260863435409,False,False,0.764188157208892
difficulty_level,0,easy,0.7479634259151329,8,5,ari_generalizability_1se,3,0.6096817082491601,False,False,0.6683625766572376
difficulty_level,0,easy,0.7479634259151329,8,5,ari_generalizability_1se,4,0.9135771966994035,False,False,0.9183379707007437
difficulty_level,0,easy,0.7479634259151329,8,5,ari_generalizability_1se,5,1.0,True,True,1.0
difficulty_level,0,easy,0.7479634259151329,8,5,ari_generalizability_1se,6,0.8685640884219227,False,False,0.8285976343516637
difficulty_level,0,easy,0.7479634259151329,8,5,ari_generalizability_1se,7,0.8590260863435409,False,False,0.764188157208892
difficulty_level,0,easy,0.7479634259151329,8,5,ari_generalizability_quant,3,0.6096817082491601,False,False,0.6683625766572376
difficulty_level,0,easy,0.7479634259151329,8,5,ari_generalizability_quant,4,0.9135771966994035,False,False,0.9183379707007437
difficulty_level,0,easy,0.7479634259151329,8,5,ari_generalizability_quant,5,1.0,True,True,1.0
difficulty_level,0,easy,0.7479634259151329,8,5,ari_generalizability_quant,6,0.8685640884219227,False,False,0.8285976343516637
difficulty_level,0,easy,0.7479634259151329,8,5,ari_generalizability_quant,7,0.8590260863435409,False,False,0.764188157208892
difficulty_level,0,easy,0.7479634259151329,8,5,ari_stability,3,0.6491367596564462,False,False,0.6683625766572376
difficulty_level,0,easy,0.7479634259151329,8,5,ari_stability,4,0.9027312161395461,False,False,0.9183379707007437
difficulty_level,0,easy,0.7479634259151329,8,5,ari_stability,5,1.0,True,True,1.0
difficulty_level,0,easy,0.7479634259151329,8,5,ari_stability,6,0.8982005698142278,False,False,0.8285976343516637
difficulty_level,0,easy,0.7479634259151329,8,5,ari_stability,7,0.8649117845947876,False,False,0.764188157208892
difficulty_level,0,easy,0.7479634259151329,8,5,ari_stability_1se,3,0.6491367596564462,False,False,0.6683625766572376
difficulty_level,0,easy,0.7479634259151329,8,5,ari_stability_1se,4,0.9027312161395461,False,False,0.9183379707007437
difficulty_level,0,easy,0.7479634259151329,8,5,ari_stability_1se,5,1.0,True,True,1.0
difficulty_level,0,easy,0.7479634259151329,8,5,ari_stability_1se,6,0.8982005698142278,False,False,0.8285976343516637
difficulty_level,0,easy,0.7479634259151329,8,5,ari_stability_1se,7,0.8649117845947876,False,False,0.764188157208892
difficulty_level,0,easy,0.7479634259151329,8,5,ari_stability_quant,3,0.6491367596564462,False,False,0.6683625766572376
difficulty_level,0,easy,0.7479634259151329,8,5,ari_stability_quant,4,0.9027312161395461,False,False,0.9183379707007437
difficulty_level,0,easy,0.7479634259151329,8,5,ari_stability_quant,5,1.0,True,True,1.0
difficulty_level,0,easy,0.7479634259151329,8,5,ari_stability_quant,6,0.8982005698142278,False,False,0.8285976343516637
difficulty_level,0,easy,0.7479634259151329,8,5,ari_stability_quant,7,0.8649117845947876,False,False,0.764188157208892
difficulty_level,0,easy,0.7479634259151329,8,5,consensus_ce_stability,3,0.6855388249074252,False,False,0.6683625766572376
difficulty_level,0,easy,0.7479634259151329,8,5,consensus_ce_stability,4,0.8932143917435817,False,False,0.9183379707007437
difficulty_level,0,easy,0.7479634259151329,8,5,consensus_ce_stability,5,0.9999999999586944,True,True,1.0
difficulty_level,0,easy,0.7479634259151329,8,5,consensus_ce_stability,6,0.9432835683108975,False,False,0.8285976343516637
difficulty_level,0,easy,0.7479634259151329,8,5,consensus_ce_stability,7,0.9299131108534081,False,False,0.764188157208892
difficulty_level,0,easy,0.7479634259151329,8,5,consensus_gini_stability,3,0.7034724582047268,False,False,0.6683625766572376
difficulty_level,0,easy,0.7479634259151329,8,5,consensus_gini_stability,4,0.9073197249382098,False,False,0.9183379707007437
difficulty_level,0,easy,0.7479634259151329,8,5,consensus_gini_stability,5,1.0,True,True,1.0
difficulty_level,0,easy,0.7479634259151329,8,5,consensus_gini_stability,6,0.9516081114722434,False,False,0.8285976343516637
difficulty_level,0,easy,0.7479634259151329,8,5,consensus_gini_stability,7,0.9396333892386406,False,False,0.764188157208892
difficulty_level,0,easy,0.7479634259151329,8,5,consensus_pac_stability,3,0.6504291750055593,False,False,0.6683625766572376
difficulty_level,0,easy,0.7479634259151329,8,5,consensus_pac_stability,4,0.8585910607071381,False,False,0.9183379707007437
difficulty_level,0,easy,0.7479634259151329,8,5,consensus_pac_stability,5,1.0,True,True,1.0
difficulty_level,0,easy,0.7479634259151329,8,5,consensus_pac_stability,6,0.9253724705359129,False,False,0.8285976343516637
difficulty_level,0,easy,0.7479634259151329,8,5,consensus_pac_stability,7,0.9060796086279742,False,False,0.764188157208892
difficulty_level,0,easy,0.7479634259151329,8,5,silhouette,3,0.10177798607796565,False,False,0.6711426166175879
difficulty_level,0,easy,0.7479634259151329,8,5,silhouette,4,0.13796736722992928,False,False,0.9183379707007437
difficulty_level,0,easy,0.7479634259151329,8,5,silhouette,5,0.19627347710841214,False,True,0.7479634259151329
difficulty_level,0,easy,0.7479634259151329,8,5,silhouette,6,0.2193699131094436,False,False,0.8286126160103084
difficulty_level,0,easy,0.7479634259151329,8,5,silhouette,7,0.24955244460453202,True,False,0.7644975500090856
difficulty_level,0,easy,0.7479634259151329,8,5,gap,3,0.531424280716239,False,False,0.6711426166175879
difficulty_level,0,easy,0.7479634259151329,8,5,gap,4,0.582067389982674,False,False,0.9183379707007437
difficulty_level,0,easy,0.7479634259151329,8,5,gap,5,0.7061541510474871,False,True,0.7479634259151329
difficulty_level,0,easy,0.7479634259151329,8,5,gap,6,0.7599161416937328,False,False,0.8286126160103084
difficulty_level,0,easy,0.7479634259151329,8,5,gap,7,0.8835740396304637,True,False,0.7644975500090856
difficulty_level,0,easy,0.7479634259151329,8,5,davies_bouldin,3,0.22566208027949927,False,False,0.6711426166175879
difficulty_level,0,easy,0.7479634259151329,8,5,davies_bouldin,4,0.2516147983539896,False,False,0.9183379707007437
difficulty_level,0,easy,0.7479634259151329,8,5,davies_bouldin,5,0.28119773139587206,False,True,0.7479634259151329
difficulty_level,0,easy,0.7479634259151329,8,5,davies_bouldin,6,0.30771268198250995,False,False,0.8286126160103084
difficulty_level,0,easy,0.7479634259151329,8,5,davies_bouldin,7,0.3333187844562503,True,False,0.7644975500090856
difficulty_level,0,easy,0.7479634259151329,8,5,calinski_harabasz,3,93.0064571386655,False,False,0.6711426166175879
difficulty_level,0,easy,0.7479634259151329,8,5,calinski_harabasz,4,96.24401707326108,False,False,0.9183379707007437
difficulty_level,0,easy,0.7479634259151329,8,5,calinski_harabasz,5,134.4624935207022,False,True,0.7479634259151329
difficulty_level,0,easy,0.7479634259151329,8,5,calinski_harabasz,6,132.5761270056483,False,False,0.8286126160103084
difficulty_level,0,easy,0.7479634259151329,8,5,calinski_harabasz,7,159.99658557155342,True,False,0.7644975500090856
difficulty_level,0,easy,0.7598461226807244,9,5,accuracy_generalizability,3,0.8250791161206844,False,False,0.6726939679186357
difficulty_level,0,easy,0.7598461226807244,9,5,accuracy_generalizability,4,0.9986449346274856,False,False,0.9128021255928784
difficulty_level,0,easy,0.7598461226807244,9,5,accuracy_generalizability,5,1.0,True,True,1.0
difficulty_level,0,easy,0.7598461226807244,9,5,accuracy_generalizability,6,0.9195955786332809,False,False,0.8518863350566726
difficulty_level,0,easy,0.7598461226807244,9,5,accuracy_generalizability,7,0.824015048808065,False,False,0.8083206857060564
difficulty_level,0,easy,0.7598461226807244,9,5,ari_average,3,0.6516930084411189,False,False,0.6726939679186357
difficulty_level,0,easy,0.7598461226807244,9,5,ari_average,4,0.9988189593405563,False,False,0.9128021255928784
difficulty_level,0,easy,0.7598461226807244,9,5,ari_average,5,1.0,True,True,1.0
difficulty_level,0,easy,0.7598461226807244,9,5,ari_average,6,0.9128736361213253,False,False,0.8518863350566726
difficulty_level,0,easy,0.7598461226807244,9,5,ari_average,7,0.8217867540121435,False,False,0.8083206857060564
difficulty_level,0,easy,0.7598461226807244,9,5,ari_average_1se,3,0.6516930084411189,False,False,0.6726939679186357
difficulty_level,0,easy,0.7598461226807244,9,5,ari_average_1se,4,0.9988189593405563,False,False,0.9128021255928784
difficulty_level,0,easy,0.7598461226807244,9,5,ari_average_1se,5,1.0,True,True,1.0
difficulty_level,0,easy,0.7598461226807244,9,5,ari_average_1se,6,0.9128736361213253,False,False,0.8518863350566726
difficulty_level,0,easy,0.7598461226807244,9,5,ari_average_1se,7,0.8217867540121435,False,False,0.8083206857060564
difficulty_level,0,easy,0.7598461226807244,9,5,ari_average_quant,3,0.6516930084411189,False,False,0.6726939679186357
difficulty_level,0,easy,0.7598461226807244,9,5,ari_average_quant,4,0.9988189593405563,False,False,0.9128021255928784
difficulty_level,0,easy,0.7598461226807244,9,5,ari_average_quant,5,1.0,True,True,1.0
difficulty_level,0,easy,0.7598461226807244,9,5,ari_average_quant,6,0.9128736361213253,False,False,0.8518863350566726
difficulty_level,0,easy,0.7598461226807244,9,5,ari_average_quant,7,0.8217867540121435,False,False,0.8083206857060564
difficulty_level,0,easy,0.7598461226807244,9,5,ari_generalizability,3,0.6468335311653821,False,False,0.6726939679186357
difficulty_level,0,easy,0.7598461226807244,9,5,ari_generalizability,4,0.9976379186811127,False,False,0.9128021255928784
difficulty_level,0,easy,0.7598461226807244,9,5,ari_generalizability,5,1.0,True,True,1.0
difficulty_level,0,easy,0.7598461226807244,9,5,ari_generalizability,6,0.8969706878966478,False,False,0.8518863350566726
difficulty_level,0,easy,0.7598461226807244,9,5,ari_generalizability,7,0.8129466033321506,False,False,0.8083206857060564
difficulty_level,0,easy,0.7598461226807244,9,5,ari_generalizability_1se,3,0.6468335311653821,False,False,0.6726939679186357
difficulty_level,0,easy,0.7598461226807244,9,5,ari_generalizability_1se,4,0.9976379186811127,False,False,0.9128021255928784
difficulty_level,0,easy,0.7598461226807244,9,5,ari_generalizability_1se,5,1.0,True,True,1.0
difficulty_level,0,easy,0.7598461226807244,9,5,ari_generalizability_1se,6,0.8969706878966478,False,False,0.8518863350566726
difficulty_level,0,easy,0.7598461226807244,9,5,ari_generalizability_1se,7,0.8129466033321506,False,False,0.8083206857060564
difficulty_level,0,easy,0.7598461226807244,9,5,ari_generalizability_quant,3,0.6468335311653821,False,False,0.6726939679186357
difficulty_level,0,easy,0.7598461226807244,9,5,ari_generalizability_quant,4,0.9976379186811127,False,False,0.9128021255928784
difficulty_level,0,easy,0.7598461226807244,9,5,ari_generalizability_quant,5,1.0,True,True,1.0
difficulty_level,0,easy,0.7598461226807244,9,5,ari_generalizability_quant,6,0.8969706878966478,False,False,0.8518863350566726
difficulty_level,0,easy,0.7598461226807244,9,5,ari_generalizability_quant,7,0.8129466033321506,False,False,0.8083206857060564
difficulty_level,0,easy,0.7598461226807244,9,5,ari_stability,3,0.6565524857168558,False,False,0.6726939679186357
difficulty_level,0,easy,0.7598461226807244,9,5,ari_stability,4,1.0,True,False,0.9128021255928784
difficulty_level,0,easy,0.7598461226807244,9,5,ari_stability,5,1.0,False,True,1.0
difficulty_level,0,easy,0.7598461226807244,9,5,ari_stability,6,0.928776584346003,False,False,0.8518863350566726
difficulty_level,0,easy,0.7598461226807244,9,5,ari_stability,7,0.8306269046921366,False,False,0.8083206857060564
difficulty_level,0,easy,0.7598461226807244,9,5,ari_stability_1se,3,0.6565524857168558,False,False,0.6726939679186357
difficulty_level,0,easy,0.7598461226807244,9,5,ari_stability_1se,4,1.0,False,False,0.9128021255928784
difficulty_level,0,easy,0.7598461226807244,9,5,ari_stability_1se,5,1.0,True,True,1.0
difficulty_level,0,easy,0.7598461226807244,9,5,ari_stability_1se,6,0.928776584346003,False,False,0.8518863350566726
difficulty_level,0,easy,0.7598461226807244,9,5,ari_stability_1se,7,0.8306269046921366,False,False,0.8083206857060564
difficulty_level,0,easy,0.7598461226807244,9,5,ari_stability_quant,3,0.6565524857168558,False,False,0.6726939679186357
difficulty_level,0,easy,0.7598461226807244,9,5,ari_stability_quant,4,1.0,False,False,0.9128021255928784
difficulty_level,0,easy,0.7598461226807244,9,5,ari_stability_quant,5,1.0,True,True,1.0
difficulty_level,0,easy,0.7598461226807244,9,5,ari_stability_quant,6,0.928776584346003,False,False,0.8518863350566726
difficulty_level,0,easy,0.7598461226807244,9,5,ari_stability_quant,7,0.8306269046921366,False,False,0.8083206857060564
difficulty_level,0,easy,0.7598461226807244,9,5,consensus_ce_stability,3,0.6610393523232162,False,False,0.6726939679186357
difficulty_level,0,easy,0.7598461226807244,9,5,consensus_ce_stability,4,0.9999999999586944,True,False,0.9128021255928784
difficulty_level,0,easy,0.7598461226807244,9,5,consensus_ce_stability,5,0.9999999999586944,False,True,1.0
difficulty_level,0,easy,0.7598461226807244,9,5,consensus_ce_stability,6,0.9544956309752789,False,False,0.8518863350566726
difficulty_level,0,easy,0.7598461226807244,9,5,consensus_ce_stability,7,0.903939040156772,False,False,0.8083206857060564
difficulty_level,0,easy,0.7598461226807244,9,5,consensus_gini_stability,3,0.6741200056789803,False,False,0.6726939679186357
difficulty_level,0,easy,0.7598461226807244,9,5,consensus_gini_stability,4,1.0,True,False,0.9128021255928784
difficulty_level,0,easy,0.7598461226807244,9,5,consensus_gini_stability,5,1.0,False,True,1.0
difficulty_level,0,easy,0.7598461226807244,9,5,consensus_gini_stability,6,0.9618550306588256,False,False,0.8518863350566726
difficulty_level,0,easy,0.7598461226807244,9,5,consensus_gini_stability,7,0.91505249759809,False,False,0.8083206857060564
difficulty_level,0,easy,0.7598461226807244,9,5,consensus_pac_stability,3,0.6220965087836335,False,False,0.6726939679186357
difficulty_level,0,easy,0.7598461226807244,9,5,consensus_pac_stability,4,1.0,True,False,0.9128021255928784
difficulty_level,0,easy,0.7598461226807244,9,5,consensus_pac_stability,5,1.0,False,True,1.0
difficulty_level,0,easy,0.7598461226807244,9,5,consensus_pac_stability,6,0.9362730709361797,False,False,0.8518863350566726
difficulty_level,0,easy,0.7598461226807244,9,5,consensus_pac_stability,7,0.8710402490549255,False,False,0.8083206857060564
difficulty_level,0,easy,0.7598461226807244,9,5,silhouette,3,0.12375763388698983,False,False,0.657855477511159
difficulty_level,0,easy,0.7598461226807244,9,5,silhouette,4,0.12626397777732268,False,False,0.9128021255928784
difficulty_level,0,easy,0.7598461226807244,9,5,silhouette,5,0.18729927437623145,False,True,0.7644501156955243
difficulty_level,0,easy,0.7598461226807244,9,5,silhouette,6,0.20341140956964993,False,False,0.694666267580492
difficulty_level,0,easy,0.7598461226807244,9,5,silhouette,7,0.24423019790063555,True,False,0.7599790731363314
difficulty_level,0,easy,0.7598461226807244,9,5,gap,3,0.5250034774244483,False,False,0.657855477511159
difficulty_level,0,easy,0.7598461226807244,9,5,gap,4,0.5674757614895061,False,False,0.9128021255928784
difficulty_level,0,easy,0.7598461226807244,9,5,gap,5,0.6850851149126935,False,True,0.7644501156955243
difficulty_level,0,easy,0.7598461226807244,9,5,gap,6,0.7425968615939684,False,False,0.694666267580492
difficulty_level,0,easy,0.7598461226807244,9,5,gap,7,0.8357686558555546,True,False,0.7599790731363314
difficulty_level,0,easy,0.7598461226807244,9,5,davies_bouldin,3,0.2471557724115249,False,False,0.657855477511159
difficulty_level,0,easy,0.7598461226807244,9,5,davies_bouldin,4,0.25396757448358065,False,False,0.9128021255928784
difficulty_level,0,easy,0.7598461226807244,9,5,davies_bouldin,5,0.2792179063287432,False,True,0.7644501156955243
difficulty_level,0,easy,0.7598461226807244,9,5,davies_bouldin,6,0.3204900475541171,False,False,0.694666267580492
difficulty_level,0,easy,0.7598461226807244,9,5,davies_bouldin,7,0.33860432919967437,True,False,0.7599790731363314
difficulty_level,0,easy,0.7598461226807244,9,5,calinski_harabasz,3,113.26142652572656,False,False,0.657855477511159
difficulty_level,0,easy,0.7598461226807244,9,5,calinski_harabasz,4,105.22728601386285,False,False,0.9128021255928784
difficulty_level,0,easy,0.7598461226807244,9,5,calinski_harabasz,5,139.2245060843291,False,True,0.7644501156955243
difficulty_level,0,easy,0.7598461226807244,9,5,calinski_harabasz,6,138.20343587463918,False,False,0.694666267580492
difficulty_level,0,easy,0.7598461226807244,9,5,calinski_harabasz,7,152.95409809959978,True,False,0.7599790731363314
difficulty_level,0,easy,1.0,10,5,accuracy_generalizability,3,0.7383490449097626,False,False,0.5467589851593089
difficulty_level,0,easy,1.0,10,5,accuracy_generalizability,4,0.9368036081359393,False,False,0.8470468981921345
difficulty_level,0,easy,1.0,10,5,accuracy_generalizability,5,1.0,True,True,1.0
difficulty_level,0,easy,1.0,10,5,accuracy_generalizability,6,0.8336522597669767,False,False,0.9250251992131234
difficulty_level,0,easy,1.0,10,5,accuracy_generalizability,7,0.7724023539152391,False,False,0.825875955312756
difficulty_level,0,easy,1.0,10,5,ari_average,3,0.57271163058364,False,False,0.5467589851593089
difficulty_level,0,easy,1.0,10,5,ari_average,4,0.8559227095048559,False,False,0.8470468981921345
difficulty_level,0,easy,1.0,10,5,ari_average,5,1.0,True,True,1.0
difficulty_level,0,easy,1.0,10,5,ari_average,6,0.8682961338239537,False,False,0.9250251992131234
difficulty_level,0,easy,1.0,10,5,ari_average,7,0.8107979291488561,False,False,0.825875955312756
difficulty_level,0,easy,1.0,10,5,ari_average_1se,3,0.57271163058364,False,False,0.5467589851593089
difficulty_level,0,easy,1.0,10,5,ari_average_1se,4,0.8559227095048559,False,False,0.8470468981921345
difficulty_level,0,easy,1.0,10,5,ari_average_1se,5,1.0,True,True,1.0
difficulty_level,0,easy,1.0,10,5,ari_average_1se,6,0.8682961338239537,False,False,0.9250251992131234
difficulty_level,0,easy,1.0,10,5,ari_average_1se,7,0.8107979291488561,False,False,0.825875955312756
difficulty_level,0,easy,1.0,10,5,ari_average_quant,3,0.57271163058364,False,False,0.5467589851593089
difficulty_level,0,easy,1.0,10,5,ari_average_quant,4,0.8559227095048559,False,False,0.8470468981921345
difficulty_level,0,easy,1.0,10,5,ari_average_quant,5,1.0,True,True,1.0
difficulty_level,0,easy,1.0,10,5,ari_average_quant,6,0.8682961338239537,False,False,0.9250251992131234
difficulty_level,0,easy,1.0,10,5,ari_average_quant,7,0.8107979291488561,False,False,0.825875955312756
difficulty_level,0,easy,1.0,10,5,ari_generalizability,3,0.524409799243956,False,False,0.5467589851593089
difficulty_level,0,easy,1.0,10,5,ari_generalizability,4,0.8607675650308195,False,False,0.8470468981921345
difficulty_level,0,easy,1.0,10,5,ari_generalizability,5,1.0,True,True,1.0
difficulty_level,0,easy,1.0,10,5,ari_generalizability,6,0.8596944409501935,False,False,0.9250251992131234
difficulty_level,0,easy,1.0,10,5,ari_generalizability,7,0.7851203183823712,False,False,0.825875955312756
difficulty_level,0,easy,1.0,10,5,ari_generalizability_1se,3,0.524409799243956,False,False,0.5467589851593089
difficulty_level,0,easy,1.0,10,5,ari_generalizability_1se,4,0.8607675650308195,False,False,0.8470468981921345
difficulty_level,0,easy,1.0,10,5,ari_generalizability_1se,5,1.0,True,True,1.0
difficulty_level,0,easy,1.0,10,5,ari_generalizability_1se,6,0.8596944409501935,False,False,0.9250251992131234
difficulty_level,0,easy,1.0,10,5,ari_generalizability_1se,7,0.7851203183823712,False,False,0.825875955312756
difficulty_level,0,easy,1.0,10,5,ari_generalizability_quant,3,0.524409799243956,False,False,0.5467589851593089
difficulty_level,0,easy,1.0,10,5,ari_generalizability_quant,4,0.8607675650308195,False,False,0.8470468981921345
difficulty_level,0,easy,1.0,10,5,ari_generalizability_quant,5,1.0,True,True,1.0
difficulty_level,0,easy,1.0,10,5,ari_generalizability_quant,6,0.8596944409501935,False,False,0.9250251992131234
difficulty_level,0,easy,1.0,10,5,ari_generalizability_quant,7,0.7851203183823712,False,False,0.825875955312756
difficulty_level,0,easy,1.0,10,5,ari_stability,3,0.6210134619233241,False,False,0.5467589851593089
difficulty_level,0,easy,1.0,10,5,ari_stability,4,0.8510778539788921,False,False,0.8470468981921345
difficulty_level,0,easy,1.0,10,5,ari_stability,5,1.0,True,True,1.0
difficulty_level,0,easy,1.0,10,5,ari_stability,6,0.876897826697713,False,False,0.9250251992131234
difficulty_level,0,easy,1.0,10,5,ari_stability,7,0.836475539915341,False,False,0.825875955312756
difficulty_level,0,easy,1.0,10,5,ari_stability_1se,3,0.6210134619233241,False,False,0.5467589851593089
difficulty_level,0,easy,1.0,10,5,ari_stability_1se,4,0.8510778539788921,False,False,0.8470468981921345
difficulty_level,0,easy,1.0,10,5,ari_stability_1se,5,1.0,True,True,1.0
difficulty_level,0,easy,1.0,10,5,ari_stability_1se,6,0.876897826697713,False,False,0.9250251992131234
difficulty_level,0,easy,1.0,10,5,ari_stability_1se,7,0.836475539915341,False,False,0.825875955312756
difficulty_level,0,easy,1.0,10,5,ari_stability_quant,3,0.6210134619233241,False,False,0.5467589851593089
difficulty_level,0,easy,1.0,10,5,ari_stability_quant,4,0.8510778539788921,False,False,0.8470468981921345
difficulty_level,0,easy,1.0,10,5,ari_stability_quant,5,1.0,True,True,1.0
difficulty_level,0,easy,1.0,10,5,ari_stability_quant,6,0.876897826697713,False,False,0.9250251992131234
difficulty_level,0,easy,1.0,10,5,ari_stability_quant,7,0.836475539915341,False,False,0.825875955312756
difficulty_level,0,easy,1.0,10,5,consensus_ce_stability,3,0.6020155299883677,False,False,0.5467589851593089
difficulty_level,0,easy,1.0,10,5,consensus_ce_stability,4,0.8781998683221969,False,False,0.8470468981921345
difficulty_level,0,easy,1.0,10,5,consensus_ce_stability,5,0.9999999999586944,True,True,1.0
difficulty_level,0,easy,1.0,10,5,consensus_ce_stability,6,0.920808150397576,False,False,0.9250251992131234
difficulty_level,0,easy,1.0,10,5,consensus_ce_stability,7,0.9029164443084012,False,False,0.825875955312756
difficulty_level,0,easy,1.0,10,5,consensus_gini_stability,3,0.6343118607767196,False,False,0.5467589851593089
difficulty_level,0,easy,1.0,10,5,consensus_gini_stability,4,0.8915867641706133,False,False,0.8470468981921345
difficulty_level,0,easy,1.0,10,5,consensus_gini_stability,5,1.0,True,True,1.0
difficulty_level,0,easy,1.0,10,5,consensus_gini_stability,6,0.9300262383140768,False,False,0.9250251992131234
difficulty_level,0,easy,1.0,10,5,consensus_gini_stability,7,0.9147899493409909,False,False,0.825875955312756
difficulty_level,0,easy,1.0,10,5,consensus_pac_stability,3,0.5200444740938404,False,False,0.5467589851593089
difficulty_level,0,easy,1.0,10,5,consensus_pac_stability,4,0.825454302868579,False,False,0.8470468981921345
difficulty_level,0,easy,1.0,10,5,consensus_pac_stability,5,1.0,True,True,1.0
difficulty_level,0,easy,1.0,10,5,consensus_pac_stability,6,0.8939346230820547,False,False,0.9250251992131234
difficulty_level,0,easy,1.0,10,5,consensus_pac_stability,7,0.8651652212586168,False,False,0.825875955312756
difficulty_level,0,easy,1.0,10,5,silhouette,3,0.07594779435501675,False,False,0.5467589851593089
difficulty_level,0,easy,1.0,10,5,silhouette,4,0.11822802169814782,False,False,0.8493025186852222
difficulty_level,0,easy,1.0,10,5,silhouette,5,0.13706260210864657,False,True,1.0
difficulty_level,0,easy,1.0,10,5,silhouette,6,0.14895634140433864,False,False,0.92501926973539
difficulty_level,0,easy,1.0,10,5,silhouette,7,0.1790143869309776,True,False,0.686915194763363
difficulty_level,0,easy,1.0,10,5,gap,3,0.5235139951397798,False,False,0.5467589851593089
difficulty_level,0,easy,1.0,10,5,gap,4,0.5758601846879206,False,False,0.8493025186852222
difficulty_level,0,easy,1.0,10,5,gap,5,0.6328653930225627,False,True,1.0
difficulty_level,0,easy,1.0,10,5,gap,6,0.7031271201490021,False,False,0.92501926973539
difficulty_level,0,easy,1.0,10,5,gap,7,0.7690667972366736,True,False,0.686915194763363
difficulty_level,0,easy,1.0,10,5,davies_bouldin,3,0.23620602423495604,False,False,0.5467589851593089
difficulty_level,0,easy,1.0,10,5,davies_bouldin,4,0.2513174906973343,False,False,0.8493025186852222
difficulty_level,0,easy,1.0,10,5,davies_bouldin,5,0.2820922801097866,False,True,1.0
difficulty_level,0,easy,1.0,10,5,davies_bouldin,6,0.3024641585551227,False,False,0.92501926973539
difficulty_level,0,easy,1.0,10,5,davies_bouldin,7,0.31827711517400303,True,False,0.686915194763363
difficulty_level,0,easy,1.0,10,5,calinski_harabasz,3,89.93227517661757,False,False,0.5467589851593089
difficulty_level,0,easy,1.0,10,5,calinski_harabasz,4,94.79009534320521,False,False,0.8493025186852222
difficulty_level,0,easy,1.0,10,5,calinski_harabasz,5,100.20676466216445,False,True,1.0
difficulty_level,0,easy,1.0,10,5,calinski_harabasz,6,110.47248439977616,False,False,0.92501926973539
difficulty_level,0,easy,1.0,10,5,calinski_harabasz,7,117.07707520073068,True,False,0.686915194763363
difficulty_level,0,easy,0.6315520822539141,11,5,accuracy_generalizability,3,1.0,True,False,0.8496251349438699
difficulty_level,0,easy,0.6315520822539141,11,5,accuracy_generalizability,4,0.8667045461445928,False,False,0.9445480672417081
difficulty_level,0,easy,0.6315520822539141,11,5,accuracy_generalizability,5,0.8159604324717726,False,True,1.0
difficulty_level,0,easy,0.6315520822539141,11,5,accuracy_generalizability,6,0.9180605343896266,False,False,0.678555975289605
difficulty_level,0,easy,0.6315520822539141,11,5,accuracy_generalizability,7,0.8677301990420666,False,False,0.5566616539402512
difficulty_level,0,easy,0.6315520822539141,11,5,ari_average,3,1.0,True,False,0.8496251349438699
difficulty_level,0,easy,0.6315520822539141,11,5,ari_average,4,0.894525947119841,False,False,0.9445480672417081
difficulty_level,0,easy,0.6315520822539141,11,5,ari_average,5,0.8955342320745042,False,True,1.0
difficulty_level,0,easy,0.6315520822539141,11,5,ari_average,6,0.9095728192250411,False,False,0.678555975289605
difficulty_level,0,easy,0.6315520822539141,11,5,ari_average,7,0.8250501026881196,False,False,0.5566616539402512
difficulty_level,0,easy,0.6315520822539141,11,5,ari_average_1se,3,1.0,True,False,0.8496251349438699
difficulty_level,0,easy,0.6315520822539141,11,5,ari_average_1se,4,0.894525947119841,False,False,0.9445480672417081
difficulty_level,0,easy,0.6315520822539141,11,5,ari_average_1se,5,0.8955342320745042,False,True,1.0
difficulty_level,0,easy,0.6315520822539141,11,5,ari_average_1se,6,0.9095728192250411,False,False,0.678555975289605
difficulty_level,0,easy,0.6315520822539141,11,5,ari_average_1se,7,0.8250501026881196,False,False,0.5566616539402512
difficulty_level,0,easy,0.6315520822539141,11,5,ari_average_quant,3,1.0,True,False,0.8496251349438699
difficulty_level,0,easy,0.6315520822539141,11,5,ari_average_quant,4,0.894525947119841,False,False,0.9445480672417081
difficulty_level,0,easy,0.6315520822539141,11,5,ari_average_quant,5,0.8955342320745042,False,True,1.0
difficulty_level,0,easy,0.6315520822539141,11,5,ari_average_quant,6,0.9095728192250411,False,False,0.678555975289605
difficulty_level,0,easy,0.6315520822539141,11,5,ari_average_quant,7,0.8250501026881196,False,False,0.5566616539402512
difficulty_level,0,easy,0.6315520822539141,11,5,ari_generalizability,3,1.0,True,False,0.8496251349438699
difficulty_level,0,easy,0.6315520822539141,11,5,ari_generalizability,4,0.8585129257748056,False,False,0.9445480672417081
difficulty_level,0,easy,0.6315520822539141,11,5,ari_generalizability,5,0.7910684641490084,False,True,1.0
difficulty_level,0,easy,0.6315520822539141,11,5,ari_generalizability,6,0.8641809928679309,False,False,0.678555975289605
difficulty_level,0,easy,0.6315520822539141,11,5,ari_generalizability,7,0.8010700166588647,False,False,0.5566616539402512
difficulty_level,0,easy,0.6315520822539141,11,5,ari_generalizability_1se,3,1.0,True,False,0.8496251349438699
difficulty_level,0,easy,0.6315520822539141,11,5,ari_generalizability_1se,4,0.8585129257748056,False,False,0.9445480672417081
difficulty_level,0,easy,0.6315520822539141,11,5,ari_generalizability_1se,5,0.7910684641490084,False,True,1.0
difficulty_level,0,easy,0.6315520822539141,11,5,ari_generalizability_1se,6,0.8641809928679309,False,False,0.678555975289605
difficulty_level,0,easy,0.6315520822539141,11,5,ari_generalizability_1se,7,0.8010700166588647,False,False,0.5566616539402512
difficulty_level,0,easy,0.6315520822539141,11,5,ari_generalizability_quant,3,1.0,True,False,0.8496251349438699
difficulty_level,0,easy,0.6315520822539141,11,5,ari_generalizability_quant,4,0.8585129257748056,False,False,0.9445480672417081
difficulty_level,0,easy,0.6315520822539141,11,5,ari_generalizability_quant,5,0.7910684641490084,False,True,1.0
difficulty_level,0,easy,0.6315520822539141,11,5,ari_generalizability_quant,6,0.8641809928679309,False,False,0.678555975289605
difficulty_level,0,easy,0.6315520822539141,11,5,ari_generalizability_quant,7,0.8010700166588647,False,False,0.5566616539402512
difficulty_level,0,easy,0.6315520822539141,11,5,ari_stability,3,1.0,True,False,0.8496251349438699
difficulty_level,0,easy,0.6315520822539141,11,5,ari_stability,4,0.9305389684648767,False,False,0.9445480672417081
difficulty_level,0,easy,0.6315520822539141,11,5,ari_stability,5,1.0,False,True,1.0
difficulty_level,0,easy,0.6315520822539141,11,5,ari_stability,6,0.9549646455821513,False,False,0.678555975289605
difficulty_level,0,easy,0.6315520822539141,11,5,ari_stability,7,0.8490301887173745,False,False,0.5566616539402512
difficulty_level,0,easy,0.6315520822539141,11,5,ari_stability_1se,3,1.0,False,False,0.8496251349438699
difficulty_level,0,easy,0.6315520822539141,11,5,ari_stability_1se,4,0.9305389684648767,False,False,0.9445480672417081
difficulty_level,0,easy,0.6315520822539141,11,5,ari_stability_1se,5,1.0,True,True,1.0
difficulty_level,0,easy,0.6315520822539141,11,5,ari_stability_1se,6,0.9549646455821513,False,False,0.678555975289605
difficulty_level,0,easy,0.6315520822539141,11,5,ari_stability_1se,7,0.8490301887173745,False,False,0.5566616539402512
difficulty_level,0,easy,0.6315520822539141,11,5,ari_stability_quant,3,1.0,False,False,0.8496251349438699
difficulty_level,0,easy,0.6315520822539141,11,5,ari_stability_quant,4,0.9305389684648767,False,False,0.9445480672417081
difficulty_level,0,easy,0.6315520822539141,11,5,ari_stability_quant,5,1.0,True,True,1.0
difficulty_level,0,easy,0.6315520822539141,11,5,ari_stability_quant,6,0.9549646455821513,False,False,0.678555975289605
difficulty_level,0,easy,0.6315520822539141,11,5,ari_stability_quant,7,0.8490301887173745,False,False,0.5566616539402512
difficulty_level,0,easy,0.6315520822539141,11,5,consensus_ce_stability,3,0.9999999999586944,True,False,0.8496251349438699
difficulty_level,0,easy,0.6315520822539141,11,5,consensus_ce_stability,4,0.940076515793515,False,False,0.9445480672417081
difficulty_level,0,easy,0.6315520822539141,11,5,consensus_ce_stability,5,0.9999999999586944,False,True,1.0
difficulty_level,0,easy,0.6315520822539141,11,5,consensus_ce_stability,6,0.9659089881938162,False,False,0.678555975289605
difficulty_level,0,easy,0.6315520822539141,11,5,consensus_ce_stability,7,0.917278678209748,False,False,0.5566616539402512
difficulty_level,0,easy,0.6315520822539141,11,5,consensus_gini_stability,3,1.0,True,False,0.8496251349438699
difficulty_level,0,easy,0.6315520822539141,11,5,consensus_gini_stability,4,0.9428337226759322,False,False,0.9445480672417081
difficulty_level,0,easy,0.6315520822539141,11,5,consensus_gini_stability,5,1.0,False,True,1.0
difficulty_level,0,easy,0.6315520822539141,11,5,consensus_gini_stability,6,0.9704739660928037,False,False,0.678555975289605
difficulty_level,0,easy,0.6315520822539141,11,5,consensus_gini_stability,7,0.9289769586937884,False,False,0.5566616539402512
difficulty_level,0,easy,0.6315520822539141,11,5,consensus_pac_stability,3,1.0,True,False,0.8496251349438699
difficulty_level,0,easy,0.6315520822539141,11,5,consensus_pac_stability,4,0.9312679564153881,False,False,0.9445480672417081
difficulty_level,0,easy,0.6315520822539141,11,5,consensus_pac_stability,5,1.0,False,True,1.0
difficulty_level,0,easy,0.6315520822539141,11,5,consensus_pac_stability,6,0.9565950633755838,False,False,0.678555975289605
difficulty_level,0,easy,0.6315520822539141,11,5,consensus_pac_stability,7,0.8861045141205248,False,False,0.5566616539402512
difficulty_level,0,easy,0.6315520822539141,11,5,silhouette,3,0.14713303099693437,False,False,0.8668318130904173
difficulty_level,0,easy,0.6315520822539141,11,5,silhouette,4,0.15612136543941782,False,False,0.9469719841300788
difficulty_level,0,easy,0.6315520822539141,11,5,silhouette,5,0.24244666524714573,False,True,0.6315520822539141
difficulty_level,0,easy,0.6315520822539141,11,5,silhouette,6,0.2664423665322743,False,False,0.6791619780361158
difficulty_level,0,easy,0.6315520822539141,11,5,silhouette,7,0.28941221467445294,True,False,0.5536498842394864
difficulty_level,0,easy,0.6315520822539141,11,5,gap,3,0.5702186803600142,False,False,0.8668318130904173
difficulty_level,0,easy,0.6315520822539141,11,5,gap,4,0.6081079187600356,False,False,0.9469719841300788
difficulty_level,0,easy,0.6315520822539141,11,5,gap,5,0.8171695903452836,False,True,0.6315520822539141
difficulty_level,0,easy,0.6315520822539141,11,5,gap,6,0.866984756315734,False,False,0.6791619780361158
difficulty_level,0,easy,0.6315520822539141,11,5,gap,7,0.993588693900465,True,False,0.5536498842394864
difficulty_level,0,easy,0.6315520822539141,11,5,davies_bouldin,3,0.23326242534390088,False,False,0.8668318130904173
difficulty_level,0,easy,0.6315520822539141,11,5,davies_bouldin,4,0.25721642600987665,False,False,0.9469719841300788
difficulty_level,0,easy,0.6315520822539141,11,5,davies_bouldin,5,0.2880265634168955,False,True,0.6315520822539141
difficulty_level,0,easy,0.6315520822539141,11,5,davies_bouldin,6,0.3134843407739162,False,False,0.6791619780361158
difficulty_level,0,easy,0.6315520822539141,11,5,davies_bouldin,7,0.33179399093081086,True,False,0.5536498842394864
difficulty_level,0,easy,0.6315520822539141,11,5,calinski_harabasz,3,102.98499351571769,False,False,0.8668318130904173
difficulty_level,0,easy,0.6315520822539141,11,5,calinski_harabasz,4,95.51074804346548,False,False,0.9469719841300788
difficulty_level,0,easy,0.6315520822539141,11,5,calinski_harabasz,5,179.08344684304382,False,True,0.6315520822539141
difficulty_level,0,easy,0.6315520822539141,11,5,calinski_harabasz,6,168.7172353395927,False,False,0.6791619780361158
difficulty_level,0,easy,0.6315520822539141,11,5,calinski_harabasz,7,195.35594940231485,True,False,0.5536498842394864
difficulty_level,0,easy,0.6283612080561559,12,5,accuracy_generalizability,3,0.9576855635678853,False,False,0.8207690098476107
difficulty_level,0,easy,0.6283612080561559,12,5,accuracy_generalizability,4,0.9073927537636987,False,False,0.9333076325019589
difficulty_level,0,easy,0.6283612080561559,12,5,accuracy_generalizability,5,0.9967999002584003,True,True,1.0
difficulty_level,0,easy,0.6283612080561559,12,5,accuracy_generalizability,6,0.8797962945807958,False,False,0.7391470307059034
difficulty_level,0,easy,0.6283612080561559,12,5,accuracy_generalizability,7,0.934217562506573,False,False,0.6337006277122483
difficulty_level,0,easy,0.6283612080561559,12,5,ari_average,3,0.9202303419717821,False,False,0.8207690098476107
difficulty_level,0,easy,0.6283612080561559,12,5,ari_average,4,0.9083895381001836,False,False,0.9333076325019589
difficulty_level,0,easy,0.6283612080561559,12,5,ari_average,5,0.998335978800108,True,True,1.0
difficulty_level,0,easy,0.6283612080561559,12,5,ari_average,6,0.802470248260797,False,False,0.7391470307059034
difficulty_level,0,easy,0.6283612080561559,12,5,ari_average,7,0.9071631444477627,False,False,0.6337006277122483
difficulty_level,0,easy,0.6283612080561559,12,5,ari_average_1se,3,0.9202303419717821,False,False,0.8207690098476107
difficulty_level,0,easy,0.6283612080561559,12,5,ari_average_1se,4,0.9083895381001836,False,False,0.9333076325019589
difficulty_level,0,easy,0.6283612080561559,12,5,ari_average_1se,5,0.998335978800108,True,True,1.0
difficulty_level,0,easy,0.6283612080561559,12,5,ari_average_1se,6,0.802470248260797,False,False,0.7391470307059034
difficulty_level,0,easy,0.6283612080561559,12,5,ari_average_1se,7,0.9071631444477627,False,False,0.6337006277122483
difficulty_level,0,easy,0.6283612080561559,12,5,ari_average_quant,3,0.9202303419717821,False,False,0.8207690098476107
difficulty_level,0,easy,0.6283612080561559,12,5,ari_average_quant,4,0.9083895381001836,False,False,0.9333076325019589
difficulty_level,0,easy,0.6283612080561559,12,5,ari_average_quant,5,0.998335978800108,True,True,1.0
difficulty_level,0,easy,0.6283612080561559,12,5,ari_average_quant,6,0.802470248260797,False,False,0.7391470307059034
difficulty_level,0,easy,0.6283612080561559,12,5,ari_average_quant,7,0.9071631444477627,False,False,0.6337006277122483
difficulty_level,0,easy,0.6283612080561559,12,5,ari_generalizability,3,0.9306363829471103,False,False,0.8207690098476107
difficulty_level,0,easy,0.6283612080561559,12,5,ari_generalizability,4,0.8971640850713178,False,False,0.9333076325019589
difficulty_level,0,easy,0.6283612080561559,12,5,ari_generalizability,5,0.9966719576002161,True,True,1.0
difficulty_level,0,easy,0.6283612080561559,12,5,ari_generalizability,6,0.7759220846632761,False,False,0.7391470307059034
difficulty_level,0,easy,0.6283612080561559,12,5,ari_generalizability,7,0.8860348998545888,False,False,0.6337006277122483
difficulty_level,0,easy,0.6283612080561559,12,5,ari_generalizability_1se,3,0.9306363829471103,False,False,0.8207690098476107
difficulty_level,0,easy,0.6283612080561559,12,5,ari_generalizability_1se,4,0.8971640850713178,False,False,0.9333076325019589
difficulty_level,0,easy,0.6283612080561559,12,5,ari_generalizability_1se,5,0.9966719576002161,True,True,1.0
difficulty_level,0,easy,0.6283612080561559,12,5,ari_generalizability_1se,6,0.7759220846632761,False,False,0.7391470307059034
difficulty_level,0,easy,0.6283612080561559,12,5,ari_generalizability_1se,7,0.8860348998545888,False,False,0.6337006277122483
difficulty_level,0,easy,0.6283612080561559,12,5,ari_generalizability_quant,3,0.9306363829471103,False,False,0.8207690098476107
difficulty_level,0,easy,0.6283612080561559,12,5,ari_generalizability_quant,4,0.8971640850713178,False,False,0.9333076325019589
difficulty_level,0,easy,0.6283612080561559,12,5,ari_generalizability_quant,5,0.9966719576002161,True,True,1.0
difficulty_level,0,easy,0.6283612080561559,12,5,ari_generalizability_quant,6,0.7759220846632761,False,False,0.7391470307059034
difficulty_level,0,easy,0.6283612080561559,12,5,ari_generalizability_quant,7,0.8860348998545888,False,False,0.6337006277122483
difficulty_level,0,easy,0.6283612080561559,12,5,ari_stability,3,0.9098243009964538,False,False,0.8207690098476107
difficulty_level,0,easy,0.6283612080561559,12,5,ari_stability,4,0.9196149911290498,False,False,0.9333076325019589
difficulty_level,0,easy,0.6283612080561559,12,5,ari_stability,5,1.0,True,True,1.0
difficulty_level,0,easy,0.6283612080561559,12,5,ari_stability,6,0.8290184118583181,False,False,0.7391470307059034
difficulty_level,0,easy,0.6283612080561559,12,5,ari_stability,7,0.9282913890409367,False,False,0.6337006277122483
difficulty_level,0,easy,0.6283612080561559,12,5,ari_stability_1se,3,0.9098243009964538,False,False,0.8207690098476107
difficulty_level,0,easy,0.6283612080561559,12,5,ari_stability_1se,4,0.9196149911290498,False,False,0.9333076325019589
difficulty_level,0,easy,0.6283612080561559,12,5,ari_stability_1se,5,1.0,True,True,1.0
difficulty_level,0,easy,0.6283612080561559,12,5,ari_stability_1se,6,0.8290184118583181,False,False,0.7391470307059034
difficulty_level,0,easy,0.6283612080561559,12,5,ari_stability_1se,7,0.9282913890409367,False,False,0.6337006277122483
difficulty_level,0,easy,0.6283612080561559,12,5,ari_stability_quant,3,0.9098243009964538,False,False,0.8207690098476107
difficulty_level,0,easy,0.6283612080561559,12,5,ari_stability_quant,4,0.9196149911290498,False,False,0.9333076325019589
difficulty_level,0,easy,0.6283612080561559,12,5,ari_stability_quant,5,1.0,True,True,1.0
difficulty_level,0,easy,0.6283612080561559,12,5,ari_stability_quant,6,0.8290184118583181,False,False,0.7391470307059034
difficulty_level,0,easy,0.6283612080561559,12,5,ari_stability_quant,7,0.9282913890409367,False,False,0.6337006277122483
difficulty_level,0,easy,0.6283612080561559,12,5,consensus_ce_stability,3,0.899681512356643,False,False,0.8207690098476107
difficulty_level,0,easy,0.6283612080561559,12,5,consensus_ce_stability,4,0.925665355769978,False,False,0.9333076325019589
difficulty_level,0,easy,0.6283612080561559,12,5,consensus_ce_stability,5,0.9999999999586944,True,True,1.0
difficulty_level,0,easy,0.6283612080561559,12,5,consensus_ce_stability,6,0.8891760041164195,False,False,0.7391470307059034
difficulty_level,0,easy,0.6283612080561559,12,5,consensus_ce_stability,7,0.9605965753886826,False,False,0.6337006277122483
difficulty_level,0,easy,0.6283612080561559,12,5,consensus_gini_stability,3,0.9217247879955525,False,False,0.8207690098476107
difficulty_level,0,easy,0.6283612080561559,12,5,consensus_gini_stability,4,0.9364325757927943,False,False,0.9333076325019589
difficulty_level,0,easy,0.6283612080561559,12,5,consensus_gini_stability,5,1.0,True,True,1.0
difficulty_level,0,easy,0.6283612080561559,12,5,consensus_gini_stability,6,0.9010155334615016,False,False,0.7391470307059034
difficulty_level,0,easy,0.6283612080561559,12,5,consensus_gini_stability,7,0.9662573335314065,False,False,0.6337006277122483
difficulty_level,0,easy,0.6283612080561559,12,5,consensus_pac_stability,3,0.809919501890149,False,False,0.8207690098476107
difficulty_level,0,easy,0.6283612080561559,12,5,consensus_pac_stability,4,0.9144834334000445,False,False,0.9333076325019589
difficulty_level,0,easy,0.6283612080561559,12,5,consensus_pac_stability,5,1.0,True,True,1.0
difficulty_level,0,easy,0.6283612080561559,12,5,consensus_pac_stability,6,0.8493288859239493,False,False,0.7391470307059034
difficulty_level,0,easy,0.6283612080561559,12,5,consensus_pac_stability,7,0.9489499666444297,False,False,0.6337006277122483
difficulty_level,0,easy,0.6283612080561559,12,5,silhouette,3,0.15229241353608422,False,False,0.7126959714119074
difficulty_level,0,easy,0.6283612080561559,12,5,silhouette,4,0.1875688209113031,False,False,0.9429372815752105
difficulty_level,0,easy,0.6283612080561559,12,5,silhouette,5,0.20967054786546244,False,True,1.0
difficulty_level,0,easy,0.6283612080561559,12,5,silhouette,6,0.2369737889111543,False,False,0.5691460763082853
difficulty_level,0,easy,0.6283612080561559,12,5,silhouette,7,0.2798671931910079,True,False,0.6633435104705985
difficulty_level,0,easy,0.6283612080561559,12,5,gap,3,0.6074142841009937,False,False,0.7126959714119074
difficulty_level,0,easy,0.6283612080561559,12,5,gap,4,0.6664434321594861,False,False,0.9429372815752105
difficulty_level,0,easy,0.6283612080561559,12,5,gap,5,0.709066667683036,False,True,1.0
difficulty_level,0,easy,0.6283612080561559,12,5,gap,6,0.8754318695176693,False,False,0.5691460763082853
difficulty_level,0,easy,0.6283612080561559,12,5,gap,7,0.9626706658534001,True,False,0.6633435104705985
difficulty_level,0,easy,0.6283612080561559,12,5,davies_bouldin,3,0.2601368224954251,False,False,0.7126959714119074
difficulty_level,0,easy,0.6283612080561559,12,5,davies_bouldin,4,0.26525180777514173,False,False,0.9429372815752105
difficulty_level,0,easy,0.6283612080561559,12,5,davies_bouldin,5,0.2947334194562055,False,True,1.0
difficulty_level,0,easy,0.6283612080561559,12,5,davies_bouldin,6,0.3041614626032003,False,False,0.5691460763082853
difficulty_level,0,easy,0.6283612080561559,12,5,davies_bouldin,7,0.32780764423217634,True,False,0.6633435104705985
difficulty_level,0,easy,0.6283612080561559,12,5,calinski_harabasz,3,122.7581009694447,False,False,0.7126959714119074
difficulty_level,0,easy,0.6283612080561559,12,5,calinski_harabasz,4,121.95599355691091,False,False,0.9429372815752105
difficulty_level,0,easy,0.6283612080561559,12,5,calinski_harabasz,5,114.86879346995072,False,True,1.0
difficulty_level,0,easy,0.6283612080561559,12,5,calinski_harabasz,6,165.54381624242862,False,False,0.5691460763082853
difficulty_level,0,easy,0.6283612080561559,12,5,calinski_harabasz,7,175.42531874523613,True,False,0.6633435104705985
difficulty_level,0,easy,0.7628287162376631,13,5,accuracy_generalizability,3,0.8346003519366526,False,False,0.6015533232891098
difficulty_level,0,easy,0.7628287162376631,13,5,accuracy_generalizability,4,0.94296312604516,False,False,0.9276601959269408
difficulty_level,0,easy,0.7628287162376631,13,5,accuracy_generalizability,5,1.0,True,True,1.0
difficulty_level,0,easy,0.7628287162376631,13,5,accuracy_generalizability,6,0.8745598072018292,False,False,0.8375821801733436
difficulty_level,0,easy,0.7628287162376631,13,5,accuracy_generalizability,7,0.8248341127423795,False,False,0.7172517313279578
difficulty_level,0,easy,0.7628287162376631,13,5,ari_average,3,0.6921189913738374,False,False,0.6015533232891098
difficulty_level,0,easy,0.7628287162376631,13,5,ari_average,4,0.8812636937727996,False,False,0.9276601959269408
difficulty_level,0,easy,0.7628287162376631,13,5,ari_average,5,1.0,True,True,1.0
difficulty_level,0,easy,0.7628287162376631,13,5,ari_average,6,0.8609552476904423,False,False,0.8375821801733436
difficulty_level,0,easy,0.7628287162376631,13,5,ari_average,7,0.805670819284541,False,False,0.7172517313279578
difficulty_level,0,easy,0.7628287162376631,13,5,ari_average_1se,3,0.6921189913738374,False,False,0.6015533232891098
difficulty_level,0,easy,0.7628287162376631,13,5,ari_average_1se,4,0.8812636937727996,False,False,0.9276601959269408
difficulty_level,0,easy,0.7628287162376631,13,5,ari_average_1se,5,1.0,True,True,1.0
difficulty_level,0,easy,0.7628287162376631,13,5,ari_average_1se,6,0.8609552476904423,False,False,0.8375821801733436
difficulty_level,0,easy,0.7628287162376631,13,5,ari_average_1se,7,0.805670819284541,False,False,0.7172517313279578
difficulty_level,0,easy,0.7628287162376631,13,5,ari_average_quant,3,0.6921189913738374,False,False,0.6015533232891098
difficulty_level,0,easy,0.7628287162376631,13,5,ari_average_quant,4,0.8812636937727996,False,False,0.9276601959269408
difficulty_level,0,easy,0.7628287162376631,13,5,ari_average_quant,5,1.0,True,True,1.0
difficulty_level,0,easy,0.7628287162376631,13,5,ari_average_quant,6,0.8609552476904423,False,False,0.8375821801733436
difficulty_level,0,easy,0.7628287162376631,13,5,ari_average_quant,7,0.805670819284541,False,False,0.7172517313279578
difficulty_level,0,easy,0.7628287162376631,13,5,ari_generalizability,3,0.6458697099064707,False,False,0.6015533232891098
difficulty_level,0,easy,0.7628287162376631,13,5,ari_generalizability,4,0.8885770479555357,False,False,0.9276601959269408
difficulty_level,0,easy,0.7628287162376631,13,5,ari_generalizability,5,1.0,True,True,1.0
difficulty_level,0,easy,0.7628287162376631,13,5,ari_generalizability,6,0.8452739822832407,False,False,0.8375821801733436
difficulty_level,0,easy,0.7628287162376631,13,5,ari_generalizability,7,0.7828626609247837,False,False,0.7172517313279578
difficulty_level,0,easy,0.7628287162376631,13,5,ari_generalizability_1se,3,0.6458697099064707,False,False,0.6015533232891098
difficulty_level,0,easy,0.7628287162376631,13,5,ari_generalizability_1se,4,0.8885770479555357,False,False,0.9276601959269408
difficulty_level,0,easy,0.7628287162376631,13,5,ari_generalizability_1se,5,1.0,True,True,1.0
difficulty_level,0,easy,0.7628287162376631,13,5,ari_generalizability_1se,6,0.8452739822832407,False,False,0.8375821801733436
difficulty_level,0,easy,0.7628287162376631,13,5,ari_generalizability_1se,7,0.7828626609247837,False,False,0.7172517313279578
difficulty_level,0,easy,0.7628287162376631,13,5,ari_generalizability_quant,3,0.6458697099064707,False,False,0.6015533232891098
difficulty_level,0,easy,0.7628287162376631,13,5,ari_generalizability_quant,4,0.8885770479555357,False,False,0.9276601959269408
difficulty_level,0,easy,0.7628287162376631,13,5,ari_generalizability_quant,5,1.0,True,True,1.0
difficulty_level,0,easy,0.7628287162376631,13,5,ari_generalizability_quant,6,0.8452739822832407,False,False,0.8375821801733436
difficulty_level,0,easy,0.7628287162376631,13,5,ari_generalizability_quant,7,0.7828626609247837,False,False,0.7172517313279578
difficulty_level,0,easy,0.7628287162376631,13,5,ari_stability,3,0.738368272841204,False,False,0.6015533232891098
difficulty_level,0,easy,0.7628287162376631,13,5,ari_stability,4,0.8739503395900635,False,False,0.9276601959269408
difficulty_level,0,easy,0.7628287162376631,13,5,ari_stability,5,1.0,True,True,1.0
difficulty_level,0,easy,0.7628287162376631,13,5,ari_stability,6,0.8766365130976439,False,False,0.8375821801733436
difficulty_level,0,easy,0.7628287162376631,13,5,ari_stability,7,0.828478977644298,False,False,0.7172517313279578
difficulty_level,0,easy,0.7628287162376631,13,5,ari_stability_1se,3,0.738368272841204,False,False,0.6015533232891098
difficulty_level,0,easy,0.7628287162376631,13,5,ari_stability_1se,4,0.8739503395900635,False,False,0.9276601959269408
difficulty_level,0,easy,0.7628287162376631,13,5,ari_stability_1se,5,1.0,True,True,1.0
difficulty_level,0,easy,0.7628287162376631,13,5,ari_stability_1se,6,0.8766365130976439,False,False,0.8375821801733436
difficulty_level,0,easy,0.7628287162376631,13,5,ari_stability_1se,7,0.828478977644298,False,False,0.7172517313279578
difficulty_level,0,easy,0.7628287162376631,13,5,ari_stability_quant,3,0.738368272841204,False,False,0.6015533232891098
difficulty_level,0,easy,0.7628287162376631,13,5,ari_stability_quant,4,0.8739503395900635,False,False,0.9276601959269408
difficulty_level,0,easy,0.7628287162376631,13,5,ari_stability_quant,5,1.0,True,True,1.0
difficulty_level,0,easy,0.7628287162376631,13,5,ari_stability_quant,6,0.8766365130976439,False,False,0.8375821801733436
difficulty_level,0,easy,0.7628287162376631,13,5,ari_stability_quant,7,0.828478977644298,False,False,0.7172517313279578
difficulty_level,0,easy,0.7628287162376631,13,5,consensus_ce_stability,3,0.7393035555584192,False,False,0.6015533232891098
difficulty_level,0,easy,0.7628287162376631,13,5,consensus_ce_stability,4,0.8743891845335199,False,False,0.9276601959269408
difficulty_level,0,easy,0.7628287162376631,13,5,consensus_ce_stability,5,0.9999999999586944,True,True,1.0
difficulty_level,0,easy,0.7628287162376631,13,5,consensus_ce_stability,6,0.9234519865266575,False,False,0.8375821801733436
difficulty_level,0,easy,0.7628287162376631,13,5,consensus_ce_stability,7,0.9066499851536634,False,False,0.7172517313279578
difficulty_level,0,easy,0.7628287162376631,13,5,consensus_gini_stability,3,0.762041313071802,False,False,0.6015533232891098
difficulty_level,0,easy,0.7628287162376631,13,5,consensus_gini_stability,4,0.8908663213976001,False,False,0.9276601959269408
difficulty_level,0,easy,0.7628287162376631,13,5,consensus_gini_stability,5,1.0,True,True,1.0
difficulty_level,0,easy,0.7628287162376631,13,5,consensus_gini_stability,6,0.934998585176033,False,False,0.8375821801733436
difficulty_level,0,easy,0.7628287162376631,13,5,consensus_gini_stability,7,0.9159030947801313,False,False,0.7172517313279578
difficulty_level,0,easy,0.7628287162376631,13,5,consensus_pac_stability,3,0.6555552590615966,False,False,0.6015533232891098
difficulty_level,0,easy,0.7628287162376631,13,5,consensus_pac_stability,4,0.8339817656215255,False,False,0.9276601959269408
difficulty_level,0,easy,0.7628287162376631,13,5,consensus_pac_stability,5,1.0,True,True,1.0
difficulty_level,0,easy,0.7628287162376631,13,5,consensus_pac_stability,6,0.8843344451856794,False,False,0.8375821801733436
difficulty_level,0,easy,0.7628287162376631,13,5,consensus_pac_stability,7,0.8837509450744941,False,False,0.7172517313279578
difficulty_level,0,easy,0.7628287162376631,13,5,silhouette,3,0.11650661275430586,False,False,0.6015533232891098
difficulty_level,0,easy,0.7628287162376631,13,5,silhouette,4,0.15139482547899472,False,False,0.9276601959269408
difficulty_level,0,easy,0.7628287162376631,13,5,silhouette,5,0.20160421932611067,False,True,0.7628287162376631
difficulty_level,0,easy,0.7628287162376631,13,5,silhouette,6,0.19158249254488596,False,False,0.898528204892517
difficulty_level,0,easy,0.7628287162376631,13,5,silhouette,7,0.25748682078032137,True,False,0.7142713079146545
difficulty_level,0,easy,0.7628287162376631,13,5,gap,3,0.5319498712620128,False,False,0.6015533232891098
difficulty_level,0,easy,0.7628287162376631,13,5,gap,4,0.5887583929965636,False,False,0.9276601959269408
difficulty_level,0,easy,0.7628287162376631,13,5,gap,5,0.7086287562117946,False,True,0.7628287162376631
difficulty_level,0,easy,0.7628287162376631,13,5,gap,6,0.7316891057762014,False,False,0.898528204892517
difficulty_level,0,easy,0.7628287162376631,13,5,gap,7,0.8777662362275773,True,False,0.7142713079146545
difficulty_level,0,easy,0.7628287162376631,13,5,davies_bouldin,3,0.24418497749518372,False,False,0.6015533232891098
difficulty_level,0,easy,0.7628287162376631,13,5,davies_bouldin,4,0.2515369155704244,False,False,0.9276601959269408
difficulty_level,0,easy,0.7628287162376631,13,5,davies_bouldin,5,0.27782346610082576,False,True,0.7628287162376631
difficulty_level,0,easy,0.7628287162376631,13,5,davies_bouldin,6,0.31252529484809916,False,False,0.898528204892517
difficulty_level,0,easy,0.7628287162376631,13,5,davies_bouldin,7,0.3382848521893252,True,False,0.7142713079146545
difficulty_level,0,easy,0.7628287162376631,13,5,calinski_harabasz,3,101.64200082863913,False,False,0.6015533232891098
difficulty_level,0,easy,0.7628287162376631,13,5,calinski_harabasz,4,106.1582960867455,False,False,0.9276601959269408
difficulty_level,0,easy,0.7628287162376631,13,5,calinski_harabasz,5,140.7683833312787,False,True,0.7628287162376631
difficulty_level,0,easy,0.7628287162376631,13,5,calinski_harabasz,6,124.66597049168752,False,False,0.898528204892517
difficulty_level,0,easy,0.7628287162376631,13,5,calinski_harabasz,7,161.40432925590062,True,False,0.7142713079146545
difficulty_level,0,easy,1.0,14,5,accuracy_generalizability,3,0.756951462366178,False,False,0.6467321841273107
difficulty_level,0,easy,1.0,14,5,accuracy_generalizability,4,0.8841795135843398,False,False,0.8636983344407423
difficulty_level,0,easy,1.0,14,5,accuracy_generalizability,5,1.0,True,True,1.0
difficulty_level,0,easy,1.0,14,5,accuracy_generalizability,6,0.9082632693999352,False,False,0.7950515805874594
difficulty_level,0,easy,1.0,14,5,accuracy_generalizability,7,0.8864567149970659,False,False,0.7192711852347791
difficulty_level,0,easy,1.0,14,5,ari_average,3,0.5712931453758848,False,False,0.6467321841273107
difficulty_level,0,easy,1.0,14,5,ari_average,4,0.8188483532657955,False,False,0.8636983344407423
difficulty_level,0,easy,1.0,14,5,ari_average,5,1.0,True,True,1.0
difficulty_level,0,easy,1.0,14,5,ari_average,6,0.8609336608776679,False,False,0.7950515805874594
difficulty_level,0,easy,1.0,14,5,ari_average,7,0.8683515149414227,False,False,0.7192711852347791
difficulty_level,0,easy,1.0,14,5,ari_average_1se,3,0.5712931453758848,False,False,0.6467321841273107
difficulty_level,0,easy,1.0,14,5,ari_average_1se,4,0.8188483532657955,False,False,0.8636983344407423
difficulty_level,0,easy,1.0,14,5,ari_average_1se,5,1.0,True,True,1.0
difficulty_level,0,easy,1.0,14,5,ari_average_1se,6,0.8609336608776679,False,False,0.7950515805874594
difficulty_level,0,easy,1.0,14,5,ari_average_1se,7,0.8683515149414227,False,False,0.7192711852347791
difficulty_level,0,easy,1.0,14,5,ari_average_quant,3,0.5712931453758848,False,False,0.6467321841273107
difficulty_level,0,easy,1.0,14,5,ari_average_quant,4,0.8188483532657955,False,False,0.8636983344407423
difficulty_level,0,easy,1.0,14,5,ari_average_quant,5,1.0,True,True,1.0
difficulty_level,0,easy,1.0,14,5,ari_average_quant,6,0.8609336608776679,False,False,0.7950515805874594
difficulty_level,0,easy,1.0,14,5,ari_average_quant,7,0.8683515149414227,False,False,0.7192711852347791
difficulty_level,0,easy,1.0,14,5,ari_generalizability,3,0.5685965323949662,False,False,0.6467321841273107
difficulty_level,0,easy,1.0,14,5,ari_generalizability,4,0.8115337728221143,False,False,0.8636983344407423
difficulty_level,0,easy,1.0,14,5,ari_generalizability,5,1.0,True,True,1.0
difficulty_level,0,easy,1.0,14,5,ari_generalizability,6,0.8411953980929505,False,False,0.7950515805874594
difficulty_level,0,easy,1.0,14,5,ari_generalizability,7,0.8584858725743608,False,False,0.7192711852347791
difficulty_level,0,easy,1.0,14,5,ari_generalizability_1se,3,0.5685965323949662,False,False,0.6467321841273107
difficulty_level,0,easy,1.0,14,5,ari_generalizability_1se,4,0.8115337728221143,False,False,0.8636983344407423
difficulty_level,0,easy,1.0,14,5,ari_generalizability_1se,5,1.0,True,True,1.0
difficulty_level,0,easy,1.0,14,5,ari_generalizability_1se,6,0.8411953980929505,False,False,0.7950515805874594
difficulty_level,0,easy,1.0,14,5,ari_generalizability_1se,7,0.8584858725743608,False,False,0.7192711852347791
difficulty_level,0,easy,1.0,14,5,ari_generalizability_quant,3,0.5685965323949662,False,False,0.6467321841273107
difficulty_level,0,easy,1.0,14,5,ari_generalizability_quant,4,0.8115337728221143,False,False,0.8636983344407423
difficulty_level,0,easy,1.0,14,5,ari_generalizability_quant,5,1.0,True,True,1.0
difficulty_level,0,easy,1.0,14,5,ari_generalizability_quant,6,0.8411953980929505,False,False,0.7950515805874594
difficulty_level,0,easy,1.0,14,5,ari_generalizability_quant,7,0.8584858725743608,False,False,0.7192711852347791
difficulty_level,0,easy,1.0,14,5,ari_stability,3,0.5739897583568034,False,False,0.6467321841273107
difficulty_level,0,easy,1.0,14,5,ari_stability,4,0.826162933709477,False,False,0.8636983344407423
difficulty_level,0,easy,1.0,14,5,ari_stability,5,1.0,True,True,1.0
difficulty_level,0,easy,1.0,14,5,ari_stability,6,0.8806719236623853,False,False,0.7950515805874594
difficulty_level,0,easy,1.0,14,5,ari_stability,7,0.8782171573084845,False,False,0.7192711852347791
difficulty_level,0,easy,1.0,14,5,ari_stability_1se,3,0.5739897583568034,False,False,0.6467321841273107
difficulty_level,0,easy,1.0,14,5,ari_stability_1se,4,0.826162933709477,False,False,0.8636983344407423
difficulty_level,0,easy,1.0,14,5,ari_stability_1se,5,1.0,True,True,1.0
difficulty_level,0,easy,1.0,14,5,ari_stability_1se,6,0.8806719236623853,False,False,0.7950515805874594
difficulty_level,0,easy,1.0,14,5,ari_stability_1se,7,0.8782171573084845,False,False,0.7192711852347791
difficulty_level,0,easy,1.0,14,5,ari_stability_quant,3,0.5739897583568034,False,False,0.6467321841273107
difficulty_level,0,easy,1.0,14,5,ari_stability_quant,4,0.826162933709477,False,False,0.8636983344407423
difficulty_level,0,easy,1.0,14,5,ari_stability_quant,5,1.0,True,True,1.0
difficulty_level,0,easy,1.0,14,5,ari_stability_quant,6,0.8806719236623853,False,False,0.7950515805874594
difficulty_level,0,easy,1.0,14,5,ari_stability_quant,7,0.8782171573084845,False,False,0.7192711852347791
difficulty_level,0,easy,1.0,14,5,consensus_ce_stability,3,0.5172032346355698,False,False,0.6467321841273107
difficulty_level,0,easy,1.0,14,5,consensus_ce_stability,4,0.824322272126173,False,False,0.8636983344407423
difficulty_level,0,easy,1.0,14,5,consensus_ce_stability,5,0.9999999999586944,True,True,1.0
difficulty_level,0,easy,1.0,14,5,consensus_ce_stability,6,0.9286530486927216,False,False,0.7950515805874594
difficulty_level,0,easy,1.0,14,5,consensus_ce_stability,7,0.9388780101884404,False,False,0.7192711852347791
difficulty_level,0,easy,1.0,14,5,consensus_gini_stability,3,0.5583499575450623,False,False,0.6467321841273107
difficulty_level,0,easy,1.0,14,5,consensus_gini_stability,4,0.8478116708804555,False,False,0.8636983344407423
difficulty_level,0,easy,1.0,14,5,consensus_gini_stability,5,1.0,True,True,1.0
difficulty_level,0,easy,1.0,14,5,consensus_gini_stability,6,0.9359633686301853,False,False,0.7950515805874594
difficulty_level,0,easy,1.0,14,5,consensus_gini_stability,7,0.9448204221985517,False,False,0.7192711852347791
difficulty_level,0,easy,1.0,14,5,consensus_pac_stability,3,0.40195774961085173,False,False,0.6467321841273107
difficulty_level,0,easy,1.0,14,5,consensus_pac_stability,4,0.741458750277963,False,False,0.8636983344407423
difficulty_level,0,easy,1.0,14,5,consensus_pac_stability,5,1.0,True,True,1.0
difficulty_level,0,easy,1.0,14,5,consensus_pac_stability,6,0.9067565043362241,False,False,0.7950515805874594
difficulty_level,0,easy,1.0,14,5,consensus_pac_stability,7,0.9245835001111853,False,False,0.7192711852347791
difficulty_level,0,easy,1.0,14,5,silhouette,3,0.08128974879485604,False,False,0.6285708842522197
difficulty_level,0,easy,1.0,14,5,silhouette,4,0.10870048802047241,False,False,0.8775235824054136
difficulty_level,0,easy,1.0,14,5,silhouette,5,0.1359256302932502,False,True,1.0
difficulty_level,0,easy,1.0,14,5,silhouette,6,0.20063733187983215,False,False,0.7950332069304246
difficulty_level,0,easy,1.0,14,5,silhouette,7,0.24775636121700237,True,False,0.7166593271732762
difficulty_level,0,easy,1.0,14,5,gap,3,0.4720609301627583,False,False,0.6285708842522197
difficulty_level,0,easy,1.0,14,5,gap,4,0.5293122616085331,False,False,0.8775235824054136
difficulty_level,0,easy,1.0,14,5,gap,5,0.5756406318484828,False,True,1.0
difficulty_level,0,easy,1.0,14,5,gap,6,0.7060659034275396,False,False,0.7950332069304246
difficulty_level,0,easy,1.0,14,5,gap,7,0.8437072480182284,True,False,0.7166593271732762
difficulty_level,0,easy,1.0,14,5,davies_bouldin,3,0.2166763285047187,False,False,0.6285708842522197
difficulty_level,0,easy,1.0,14,5,davies_bouldin,4,0.24584277382585412,False,False,0.8775235824054136
difficulty_level,0,easy,1.0,14,5,davies_bouldin,5,0.26700442762193466,False,True,1.0
difficulty_level,0,easy,1.0,14,5,davies_bouldin,6,0.2890161671722553,False,False,0.7950332069304246
difficulty_level,0,easy,1.0,14,5,davies_bouldin,7,0.3122650410658322,True,False,0.7166593271732762
difficulty_level,0,easy,1.0,14,5,calinski_harabasz,3,82.50540430554409,False,False,0.6285708842522197
difficulty_level,0,easy,1.0,14,5,calinski_harabasz,4,92.17669508842236,False,False,0.8775235824054136
difficulty_level,0,easy,1.0,14,5,calinski_harabasz,5,93.46521713357059,False,True,1.0
difficulty_level,0,easy,1.0,14,5,calinski_harabasz,6,129.42956732149247,False,False,0.7950332069304246
difficulty_level,0,easy,1.0,14,5,calinski_harabasz,7,162.61125486110745,True,False,0.7166593271732762
difficulty_level,0,easy,1.0,15,5,accuracy_generalizability,3,0.8056865766676868,False,False,0.6281894386295321
difficulty_level,0,easy,1.0,15,5,accuracy_generalizability,4,0.9410146836994246,False,False,0.8807161596513331
difficulty_level,0,easy,1.0,15,5,accuracy_generalizability,5,1.0,True,True,1.0
difficulty_level,0,easy,1.0,15,5,accuracy_generalizability,6,0.8944017475120375,False,False,0.8572058650545179
difficulty_level,0,easy,1.0,15,5,accuracy_generalizability,7,0.8779976866502296,False,False,0.8032299361247651
difficulty_level,0,easy,1.0,15,5,ari_average,3,0.6726992092602128,False,False,0.6281894386295321
difficulty_level,0,easy,1.0,15,5,ari_average,4,0.8753561115390215,False,False,0.8807161596513331
difficulty_level,0,easy,1.0,15,5,ari_average,5,1.0,True,True,1.0
difficulty_level,0,easy,1.0,15,5,ari_average,6,0.8748270179137502,False,False,0.8572058650545179
difficulty_level,0,easy,1.0,15,5,ari_average,7,0.8886934149571755,False,False,0.8032299361247651
difficulty_level,0,easy,1.0,15,5,ari_average_1se,3,0.6726992092602128,False,False,0.6281894386295321
difficulty_level,0,easy,1.0,15,5,ari_average_1se,4,0.8753561115390215,False,False,0.8807161596513331
difficulty_level,0,easy,1.0,15,5,ari_average_1se,5,1.0,True,True,1.0
difficulty_level,0,easy,1.0,15,5,ari_average_1se,6,0.8748270179137502,False,False,0.8572058650545179
difficulty_level,0,easy,1.0,15,5,ari_average_1se,7,0.8886934149571755,False,False,0.8032299361247651
difficulty_level,0,easy,1.0,15,5,ari_average_quant,3,0.6726992092602128,False,False,0.6281894386295321
difficulty_level,0,easy,1.0,15,5,ari_average_quant,4,0.8753561115390215,False,False,0.8807161596513331
difficulty_level,0,easy,1.0,15,5,ari_average_quant,5,1.0,True,True,1.0
difficulty_level,0,easy,1.0,15,5,ari_average_quant,6,0.8748270179137502,False,False,0.8572058650545179
difficulty_level,0,easy,1.0,15,5,ari_average_quant,7,0.8886934149571755,False,False,0.8032299361247651
difficulty_level,0,easy,1.0,15,5,ari_generalizability,3,0.6308945357147752,False,False,0.6281894386295321
difficulty_level,0,easy,1.0,15,5,ari_generalizability,4,0.8882951860047423,False,False,0.8807161596513331
difficulty_level,0,easy,1.0,15,5,ari_generalizability,5,1.0,True,True,1.0
difficulty_level,0,easy,1.0,15,5,ari_generalizability,6,0.8655991039137373,False,False,0.8572058650545179
difficulty_level,0,easy,1.0,15,5,ari_generalizability,7,0.8845556977790691,False,False,0.8032299361247651
difficulty_level,0,easy,1.0,15,5,ari_generalizability_1se,3,0.6308945357147752,False,False,0.6281894386295321
difficulty_level,0,easy,1.0,15,5,ari_generalizability_1se,4,0.8882951860047423,False,False,0.8807161596513331
difficulty_level,0,easy,1.0,15,5,ari_generalizability_1se,5,1.0,True,True,1.0
difficulty_level,0,easy,1.0,15,5,ari_generalizability_1se,6,0.8655991039137373,False,False,0.8572058650545179
difficulty_level,0,easy,1.0,15,5,ari_generalizability_1se,7,0.8845556977790691,False,False,0.8032299361247651
difficulty_level,0,easy,1.0,15,5,ari_generalizability_quant,3,0.6308945357147752,False,False,0.6281894386295321
difficulty_level,0,easy,1.0,15,5,ari_generalizability_quant,4,0.8882951860047423,False,False,0.8807161596513331
difficulty_level,0,easy,1.0,15,5,ari_generalizability_quant,5,1.0,True,True,1.0
difficulty_level,0,easy,1.0,15,5,ari_generalizability_quant,6,0.8655991039137373,False,False,0.8572058650545179
difficulty_level,0,easy,1.0,15,5,ari_generalizability_quant,7,0.8845556977790691,False,False,0.8032299361247651
difficulty_level,0,easy,1.0,15,5,ari_stability,3,0.7145038828056504,False,False,0.6281894386295321
difficulty_level,0,easy,1.0,15,5,ari_stability,4,0.8624170370733011,False,False,0.8807161596513331
difficulty_level,0,easy,1.0,15,5,ari_stability,5,1.0,True,True,1.0
difficulty_level,0,easy,1.0,15,5,ari_stability,6,0.884054931913763,False,False,0.8572058650545179
difficulty_level,0,easy,1.0,15,5,ari_stability,7,0.8928311321352822,False,False,0.8032299361247651
difficulty_level,0,easy,1.0,15,5,ari_stability_1se,3,0.7145038828056504,False,False,0.6281894386295321
difficulty_level,0,easy,1.0,15,5,ari_stability_1se,4,0.8624170370733011,False,False,0.8807161596513331
difficulty_level,0,easy,1.0,15,5,ari_stability_1se,5,1.0,True,True,1.0
difficulty_level,0,easy,1.0,15,5,ari_stability_1se,6,0.884054931913763,False,False,0.8572058650545179
difficulty_level,0,easy,1.0,15,5,ari_stability_1se,7,0.8928311321352822,False,False,0.8032299361247651
difficulty_level,0,easy,1.0,15,5,ari_stability_quant,3,0.7145038828056504,False,False,0.6281894386295321
difficulty_level,0,easy,1.0,15,5,ari_stability_quant,4,0.8624170370733011,False,False,0.8807161596513331
difficulty_level,0,easy,1.0,15,5,ari_stability_quant,5,1.0,True,True,1.0
difficulty_level,0,easy,1.0,15,5,ari_stability_quant,6,0.884054931913763,False,False,0.8572058650545179
difficulty_level,0,easy,1.0,15,5,ari_stability_quant,7,0.8928311321352822,False,False,0.8032299361247651
difficulty_level,0,easy,1.0,15,5,consensus_ce_stability,3,0.6248535721478051,False,False,0.6281894386295321
difficulty_level,0,easy,1.0,15,5,consensus_ce_stability,4,0.8811871057992886,False,False,0.8807161596513331
difficulty_level,0,easy,1.0,15,5,consensus_ce_stability,5,0.9999999999586944,True,True,1.0
difficulty_level,0,easy,1.0,15,5,consensus_ce_stability,6,0.932171673725157,False,False,0.8572058650545179
difficulty_level,0,easy,1.0,15,5,consensus_ce_stability,7,0.9393102895282425,False,False,0.8032299361247651
difficulty_level,0,easy,1.0,15,5,consensus_gini_stability,3,0.6593597918066892,False,False,0.6281894386295321
difficulty_level,0,easy,1.0,15,5,consensus_gini_stability,4,0.9052906750996533,False,False,0.8807161596513331
difficulty_level,0,easy,1.0,15,5,consensus_gini_stability,5,1.0,True,True,1.0
difficulty_level,0,easy,1.0,15,5,consensus_gini_stability,6,0.9386675934068441,False,False,0.8572058650545179
difficulty_level,0,easy,1.0,15,5,consensus_gini_stability,7,0.9483910689605882,False,False,0.8032299361247651
difficulty_level,0,easy,1.0,15,5,consensus_pac_stability,3,0.5460217923059818,False,False,0.6281894386295321
difficulty_level,0,easy,1.0,15,5,consensus_pac_stability,4,0.8208316655548143,False,False,0.8807161596513331
difficulty_level,0,easy,1.0,15,5,consensus_pac_stability,5,1.0,True,True,1.0
difficulty_level,0,easy,1.0,15,5,consensus_pac_stability,6,0.9164580831665555,False,False,0.8572058650545179
difficulty_level,0,easy,1.0,15,5,consensus_pac_stability,7,0.920119190571492,False,False,0.8032299361247651
difficulty_level,0,easy,1.0,15,5,silhouette,3,0.06900906328273387,False,False,0.522486727592692
difficulty_level,0,easy,1.0,15,5,silhouette,4,0.11689789699754911,False,False,0.8807161596513331
difficulty_level,0,easy,1.0,15,5,silhouette,5,0.14719653067079022,False,True,0.7747273321569595
difficulty_level,0,easy,1.0,15,5,silhouette,6,0.20399581219123958,False,False,0.8544364921226308
difficulty_level,0,easy,1.0,15,5,silhouette,7,0.23612880960854546,True,False,0.8009428698986215
difficulty_level,0,easy,1.0,15,5,gap,3,0.49027611765457024,False,False,0.522486727592692
difficulty_level,0,easy,1.0,15,5,gap,4,0.5754644854311497,False,False,0.8807161596513331
difficulty_level,0,easy,1.0,15,5,gap,5,0.6482529163583397,False,True,0.7747273321569595
difficulty_level,0,easy,1.0,15,5,gap,6,0.7853743592622919,False,False,0.8544364921226308
difficulty_level,0,easy,1.0,15,5,gap,7,0.8933632169392887,True,False,0.8009428698986215
difficulty_level,0,easy,1.0,15,5,davies_bouldin,3,0.23092607184950598,False,False,0.522486727592692
difficulty_level,0,easy,1.0,15,5,davies_bouldin,4,0.25708456561439674,False,False,0.8807161596513331
difficulty_level,0,easy,1.0,15,5,davies_bouldin,5,0.2840995839920109,False,True,0.7747273321569595
difficulty_level,0,easy,1.0,15,5,davies_bouldin,6,0.3098542221243893,False,False,0.8544364921226308
difficulty_level,0,easy,1.0,15,5,davies_bouldin,7,0.333077180292395,True,False,0.8009428698986215
difficulty_level,0,easy,1.0,15,5,calinski_harabasz,3,76.94817908652091,False,False,0.522486727592692
difficulty_level,0,easy,1.0,15,5,calinski_harabasz,4,105.28119306601995,False,False,0.8807161596513331
difficulty_level,0,easy,1.0,15,5,calinski_harabasz,5,116.5816375985075,False,True,0.7747273321569595
difficulty_level,0,easy,1.0,15,5,calinski_harabasz,6,153.76233554030318,False,False,0.8544364921226308
difficulty_level,0,easy,1.0,15,5,calinski_harabasz,7,173.30952576300834,True,False,0.8009428698986215
difficulty_level,0,easy,0.6827122509351734,16,5,accuracy_generalizability,3,0.8912929457228681,False,False,0.7071763967433589
difficulty_level,0,easy,0.6827122509351734,16,5,accuracy_generalizability,4,0.8932036129682708,False,False,0.8963016177232889
difficulty_level,0,easy,0.6827122509351734,16,5,accuracy_generalizability,5,0.9972128697386307,True,True,1.0
difficulty_level,0,easy,0.6827122509351734,16,5,accuracy_generalizability,6,0.9563203726415853,False,False,0.7847797808426515
difficulty_level,0,easy,0.6827122509351734,16,5,accuracy_generalizability,7,0.8989507899150998,False,False,0.7066780037402506
difficulty_level,0,easy,0.6827122509351734,16,5,ari_average,3,0.8379782890497303,False,False,0.7071763967433589
difficulty_level,0,easy,0.6827122509351734,16,5,ari_average,4,0.8507243957531158,False,False,0.8963016177232889
difficulty_level,0,easy,0.6827122509351734,16,5,ari_average,5,0.9984728503476021,True,True,1.0
difficulty_level,0,easy,0.6827122509351734,16,5,ari_average,6,0.9282303284379229,False,False,0.7847797808426515
difficulty_level,0,easy,0.6827122509351734,16,5,ari_average,7,0.8780181676341853,False,False,0.7066780037402506
difficulty_level,0,easy,0.6827122509351734,16,5,ari_average_1se,3,0.8379782890497303,False,False,0.7071763967433589
difficulty_level,0,easy,0.6827122509351734,16,5,ari_average_1se,4,0.8507243957531158,False,False,0.8963016177232889
difficulty_level,0,easy,0.6827122509351734,16,5,ari_average_1se,5,0.9984728503476021,True,True,1.0
difficulty_level,0,easy,0.6827122509351734,16,5,ari_average_1se,6,0.9282303284379229,False,False,0.7847797808426515
difficulty_level,0,easy,0.6827122509351734,16,5,ari_average_1se,7,0.8780181676341853,False,False,0.7066780037402506
difficulty_level,0,easy,0.6827122509351734,16,5,ari_average_quant,3,0.8379782890497303,False,False,0.7071763967433589
difficulty_level,0,easy,0.6827122509351734,16,5,ari_average_quant,4,0.8507243957531158,False,False,0.8963016177232889
difficulty_level,0,easy,0.6827122509351734,16,5,ari_average_quant,5,0.9984728503476021,True,True,1.0
difficulty_level,0,easy,0.6827122509351734,16,5,ari_average_quant,6,0.9282303284379229,False,False,0.7847797808426515
difficulty_level,0,easy,0.6827122509351734,16,5,ari_average_quant,7,0.8780181676341853,False,False,0.7066780037402506
difficulty_level,0,easy,0.6827122509351734,16,5,ari_generalizability,3,0.8308031338217324,False,False,0.7071763967433589
difficulty_level,0,easy,0.6827122509351734,16,5,ari_generalizability,4,0.8478053332362453,False,False,0.8963016177232889
difficulty_level,0,easy,0.6827122509351734,16,5,ari_generalizability,5,0.9969457006952044,True,True,1.0
difficulty_level,0,easy,0.6827122509351734,16,5,ari_generalizability,6,0.9118101637058891,False,False,0.7847797808426515
difficulty_level,0,easy,0.6827122509351734,16,5,ari_generalizability,7,0.8669546714710923,False,False,0.7066780037402506
difficulty_level,0,easy,0.6827122509351734,16,5,ari_generalizability_1se,3,0.8308031338217324,False,False,0.7071763967433589
difficulty_level,0,easy,0.6827122509351734,16,5,ari_generalizability_1se,4,0.8478053332362453,False,False,0.8963016177232889
difficulty_level,0,easy,0.6827122509351734,16,5,ari_generalizability_1se,5,0.9969457006952044,True,True,1.0
difficulty_level,0,easy,0.6827122509351734,16,5,ari_generalizability_1se,6,0.9118101637058891,False,False,0.7847797808426515
difficulty_level,0,easy,0.6827122509351734,16,5,ari_generalizability_1se,7,0.8669546714710923,False,False,0.7066780037402506
difficulty_level,0,easy,0.6827122509351734,16,5,ari_generalizability_quant,3,0.8308031338217324,False,False,0.7071763967433589
difficulty_level,0,easy,0.6827122509351734,16,5,ari_generalizability_quant,4,0.8478053332362453,False,False,0.8963016177232889
difficulty_level,0,easy,0.6827122509351734,16,5,ari_generalizability_quant,5,0.9969457006952044,True,True,1.0
difficulty_level,0,easy,0.6827122509351734,16,5,ari_generalizability_quant,6,0.9118101637058891,False,False,0.7847797808426515
difficulty_level,0,easy,0.6827122509351734,16,5,ari_generalizability_quant,7,0.8669546714710923,False,False,0.7066780037402506
difficulty_level,0,easy,0.6827122509351734,16,5,ari_stability,3,0.8451534442777283,False,False,0.7071763967433589
difficulty_level,0,easy,0.6827122509351734,16,5,ari_stability,4,0.8536434582699866,False,False,0.8963016177232889
difficulty_level,0,easy,0.6827122509351734,16,5,ari_stability,5,1.0,True,True,1.0
difficulty_level,0,easy,0.6827122509351734,16,5,ari_stability,6,0.9446504931699569,False,False,0.7847797808426515
difficulty_level,0,easy,0.6827122509351734,16,5,ari_stability,7,0.889081663797279,False,False,0.7066780037402506
difficulty_level,0,easy,0.6827122509351734,16,5,ari_stability_1se,3,0.8451534442777283,False,False,0.7071763967433589
difficulty_level,0,easy,0.6827122509351734,16,5,ari_stability_1se,4,0.8536434582699866,False,False,0.8963016177232889
difficulty_level,0,easy,0.6827122509351734,16,5,ari_stability_1se,5,1.0,True,True,1.0
difficulty_level,0,easy,0.6827122509351734,16,5,ari_stability_1se,6,0.9446504931699569,False,False,0.7847797808426515
difficulty_level,0,easy,0.6827122509351734,16,5,ari_stability_1se,7,0.889081663797279,False,False,0.7066780037402506
difficulty_level,0,easy,0.6827122509351734,16,5,ari_stability_quant,3,0.8451534442777283,False,False,0.7071763967433589
difficulty_level,0,easy,0.6827122509351734,16,5,ari_stability_quant,4,0.8536434582699866,False,False,0.8963016177232889
difficulty_level,0,easy,0.6827122509351734,16,5,ari_stability_quant,5,1.0,True,True,1.0
difficulty_level,0,easy,0.6827122509351734,16,5,ari_stability_quant,6,0.9446504931699569,False,False,0.7847797808426515
difficulty_level,0,easy,0.6827122509351734,16,5,ari_stability_quant,7,0.889081663797279,False,False,0.7066780037402506
difficulty_level,0,easy,0.6827122509351734,16,5,consensus_ce_stability,3,0.8352247974032827,False,False,0.7071763967433589
difficulty_level,0,easy,0.6827122509351734,16,5,consensus_ce_stability,4,0.8686950227645263,False,False,0.8963016177232889
difficulty_level,0,easy,0.6827122509351734,16,5,consensus_ce_stability,5,0.9999999999586944,True,True,1.0
difficulty_level,0,easy,0.6827122509351734,16,5,consensus_ce_stability,6,0.9625794008533379,False,False,0.7847797808426515
difficulty_level,0,easy,0.6827122509351734,16,5,consensus_ce_stability,7,0.9397914089859557,False,False,0.7066780037402506
difficulty_level,0,easy,0.6827122509351734,16,5,consensus_gini_stability,3,0.8603248351828415,False,False,0.7071763967433589
difficulty_level,0,easy,0.6827122509351734,16,5,consensus_gini_stability,4,0.8805114752849859,False,False,0.8963016177232889
difficulty_level,0,easy,0.6827122509351734,16,5,consensus_gini_stability,5,1.0,True,True,1.0
difficulty_level,0,easy,0.6827122509351734,16,5,consensus_gini_stability,6,0.9704949603327365,False,False,0.7847797808426515
difficulty_level,0,easy,0.6827122509351734,16,5,consensus_gini_stability,7,0.9460478664099989,False,False,0.7066780037402506
difficulty_level,0,easy,0.6827122509351734,16,5,consensus_pac_stability,3,0.7412470535912831,False,False,0.7071763967433589
difficulty_level,0,easy,0.6827122509351734,16,5,consensus_pac_stability,4,0.8220306871247498,False,False,0.8963016177232889
difficulty_level,0,easy,0.6827122509351734,16,5,consensus_pac_stability,5,1.0,True,True,1.0
difficulty_level,0,easy,0.6827122509351734,16,5,consensus_pac_stability,6,0.946163219924394,False,False,0.7847797808426515
difficulty_level,0,easy,0.6827122509351734,16,5,consensus_pac_stability,7,0.9259150544807649,False,False,0.7066780037402506
difficulty_level,0,easy,0.6827122509351734,16,5,silhouette,3,0.10138735676450453,False,False,0.6665945306682298
difficulty_level,0,easy,0.6827122509351734,16,5,silhouette,4,0.14308714065812186,False,False,0.8963016177232889
difficulty_level,0,easy,0.6827122509351734,16,5,silhouette,5,0.1779302111526935,False,True,0.6827122509351734
difficulty_level,0,easy,0.6827122509351734,16,5,silhouette,6,0.2094382371415616,False,False,0.7846228893545236
difficulty_level,0,easy,0.6827122509351734,16,5,silhouette,7,0.2221286496473624,True,False,0.7027097876757029
difficulty_level,0,easy,0.6827122509351734,16,5,gap,3,0.6760746480329516,False,False,0.6665945306682298
difficulty_level,0,easy,0.6827122509351734,16,5,gap,4,0.7454586589242957,False,False,0.8963016177232889
difficulty_level,0,easy,0.6827122509351734,16,5,gap,5,0.8447027549238051,False,True,0.6827122509351734
difficulty_level,0,easy,0.6827122509351734,16,5,gap,6,0.9178495484329492,False,False,0.7846228893545236
difficulty_level,0,easy,0.6827122509351734,16,5,gap,7,0.9947707976064244,True,False,0.7027097876757029
difficulty_level,0,easy,0.6827122509351734,16,5,davies_bouldin,3,0.2417688478719599,False,False,0.6665945306682298
difficulty_level,0,easy,0.6827122509351734,16,5,davies_bouldin,4,0.2602567496010556,False,False,0.8963016177232889
difficulty_level,0,easy,0.6827122509351734,16,5,davies_bouldin,5,0.2810627355928392,False,True,0.6827122509351734
difficulty_level,0,easy,0.6827122509351734,16,5,davies_bouldin,6,0.3197399725796781,False,False,0.7846228893545236
difficulty_level,0,easy,0.6827122509351734,16,5,davies_bouldin,7,0.33851696524713487,True,False,0.7027097876757029
difficulty_level,0,easy,0.6827122509351734,16,5,calinski_harabasz,3,99.20749185571812,False,False,0.6665945306682298
difficulty_level,0,easy,0.6827122509351734,16,5,calinski_harabasz,4,111.74247136210651,False,False,0.8963016177232889
difficulty_level,0,easy,0.6827122509351734,16,5,calinski_harabasz,5,135.01488926793024,False,True,0.6827122509351734
difficulty_level,0,easy,0.6827122509351734,16,5,calinski_harabasz,6,141.31857002165026,False,False,0.7846228893545236
difficulty_level,0,easy,0.6827122509351734,16,5,calinski_harabasz,7,149.14027548867398,True,False,0.7027097876757029
difficulty_level,0,easy,0.65041120026124,17,5,accuracy_generalizability,3,0.9401478130227636,False,False,0.7848269710564263
difficulty_level,0,easy,0.65041120026124,17,5,accuracy_generalizability,4,0.9461495322954167,False,False,0.9328615992993465
difficulty_level,0,easy,0.65041120026124,17,5,accuracy_generalizability,5,0.9622265303933306,True,True,1.0
difficulty_level,0,easy,0.65041120026124,17,5,accuracy_generalizability,6,0.8587110252610874,False,False,0.7163526394282688
difficulty_level,0,easy,0.65041120026124,17,5,accuracy_generalizability,7,0.9167514003906049,False,False,0.6059815759464132
difficulty_level,0,easy,0.65041120026124,17,5,ari_average,3,0.9361563674412022,False,False,0.7848269710564263
difficulty_level,0,easy,0.65041120026124,17,5,ari_average,4,0.9338253941335856,False,False,0.9328615992993465
difficulty_level,0,easy,0.65041120026124,17,5,ari_average,5,0.9794543331723414,True,True,1.0
difficulty_level,0,easy,0.65041120026124,17,5,ari_average,6,0.7565818979990587,False,False,0.7163526394282688
difficulty_level,0,easy,0.65041120026124,17,5,ari_average,7,0.8969841214149034,False,False,0.6059815759464132
difficulty_level,0,easy,0.65041120026124,17,5,ari_average_1se,3,0.9361563674412022,False,False,0.7848269710564263
difficulty_level,0,easy,0.65041120026124,17,5,ari_average_1se,4,0.9338253941335856,False,False,0.9328615992993465
difficulty_level,0,easy,0.65041120026124,17,5,ari_average_1se,5,0.9794543331723414,True,True,1.0
difficulty_level,0,easy,0.65041120026124,17,5,ari_average_1se,6,0.7565818979990587,False,False,0.7163526394282688
difficulty_level,0,easy,0.65041120026124,17,5,ari_average_1se,7,0.8969841214149034,False,False,0.6059815759464132
difficulty_level,0,easy,0.65041120026124,17,5,ari_average_quant,3,0.9361563674412022,False,False,0.7848269710564263
difficulty_level,0,easy,0.65041120026124,17,5,ari_average_quant,4,0.9338253941335856,False,False,0.9328615992993465
difficulty_level,0,easy,0.65041120026124,17,5,ari_average_quant,5,0.9794543331723414,False,True,1.0
difficulty_level,0,easy,0.65041120026124,17,5,ari_average_quant,6,0.7565818979990587,False,False,0.7163526394282688
difficulty_level,0,easy,0.65041120026124,17,5,ari_average_quant,7,0.8969841214149034,True,False,0.6059815759464132
difficulty_level,0,easy,0.65041120026124,17,5,ari_generalizability,3,0.9219536497945294,False,False,0.7848269710564263
difficulty_level,0,easy,0.65041120026124,17,5,ari_generalizability,4,0.9286207364575836,False,False,0.9328615992993465
difficulty_level,0,easy,0.65041120026124,17,5,ari_generalizability,5,0.9589086663446831,True,True,1.0
difficulty_level,0,easy,0.65041120026124,17,5,ari_generalizability,6,0.7413624540920697,False,False,0.7163526394282688
difficulty_level,0,easy,0.65041120026124,17,5,ari_generalizability,7,0.8644814448415152,False,False,0.6059815759464132
difficulty_level,0,easy,0.65041120026124,17,5,ari_generalizability_1se,3,0.9219536497945294,False,False,0.7848269710564263
difficulty_level,0,easy,0.65041120026124,17,5,ari_generalizability_1se,4,0.9286207364575836,False,False,0.9328615992993465
difficulty_level,0,easy,0.65041120026124,17,5,ari_generalizability_1se,5,0.9589086663446831,True,True,1.0
difficulty_level,0,easy,0.65041120026124,17,5,ari_generalizability_1se,6,0.7413624540920697,False,False,0.7163526394282688
difficulty_level,0,easy,0.65041120026124,17,5,ari_generalizability_1se,7,0.8644814448415152,False,False,0.6059815759464132
difficulty_level,0,easy,0.65041120026124,17,5,ari_generalizability_quant,3,0.9219536497945294,False,False,0.7848269710564263
difficulty_level,0,easy,0.65041120026124,17,5,ari_generalizability_quant,4,0.9286207364575836,False,False,0.9328615992993465
difficulty_level,0,easy,0.65041120026124,17,5,ari_generalizability_quant,5,0.9589086663446831,False,True,1.0
difficulty_level,0,easy,0.65041120026124,17,5,ari_generalizability_quant,6,0.7413624540920697,False,False,0.7163526394282688
difficulty_level,0,easy,0.65041120026124,17,5,ari_generalizability_quant,7,0.8644814448415152,True,False,0.6059815759464132
difficulty_level,0,easy,0.65041120026124,17,5,ari_stability,3,0.9503590850878748,False,False,0.7848269710564263
difficulty_level,0,easy,0.65041120026124,17,5,ari_stability,4,0.9390300518095875,False,False,0.9328615992993465
difficulty_level,0,easy,0.65041120026124,17,5,ari_stability,5,1.0,True,True,1.0
difficulty_level,0,easy,0.65041120026124,17,5,ari_stability,6,0.7718013419060479,False,False,0.7163526394282688
difficulty_level,0,easy,0.65041120026124,17,5,ari_stability,7,0.9294867979882911,False,False,0.6059815759464132
difficulty_level,0,easy,0.65041120026124,17,5,ari_stability_1se,3,0.9503590850878748,False,False,0.7848269710564263
difficulty_level,0,easy,0.65041120026124,17,5,ari_stability_1se,4,0.9390300518095875,False,False,0.9328615992993465
difficulty_level,0,easy,0.65041120026124,17,5,ari_stability_1se,5,1.0,True,True,1.0
difficulty_level,0,easy,0.65041120026124,17,5,ari_stability_1se,6,0.7718013419060479,False,False,0.7163526394282688
difficulty_level,0,easy,0.65041120026124,17,5,ari_stability_1se,7,0.9294867979882911,False,False,0.6059815759464132
difficulty_level,0,easy,0.65041120026124,17,5,ari_stability_quant,3,0.9503590850878748,False,False,0.7848269710564263
difficulty_level,0,easy,0.65041120026124,17,5,ari_stability_quant,4,0.9390300518095875,False,False,0.9328615992993465
difficulty_level,0,easy,0.65041120026124,17,5,ari_stability_quant,5,1.0,True,True,1.0
difficulty_level,0,easy,0.65041120026124,17,5,ari_stability_quant,6,0.7718013419060479,False,False,0.7163526394282688
difficulty_level,0,easy,0.65041120026124,17,5,ari_stability_quant,7,0.9294867979882911,False,False,0.6059815759464132
difficulty_level,0,easy,0.65041120026124,17,5,consensus_ce_stability,3,0.9236191742182719,False,False,0.7848269710564263
difficulty_level,0,easy,0.65041120026124,17,5,consensus_ce_stability,4,0.9535595970577098,False,False,0.9328615992993465
difficulty_level,0,easy,0.65041120026124,17,5,consensus_ce_stability,5,0.9999999999586944,True,True,1.0
difficulty_level,0,easy,0.65041120026124,17,5,consensus_ce_stability,6,0.865512093735565,False,False,0.7163526394282688
difficulty_level,0,easy,0.65041120026124,17,5,consensus_ce_stability,7,0.9521681168630428,False,False,0.6059815759464132
difficulty_level,0,easy,0.65041120026124,17,5,consensus_gini_stability,3,0.9422647330064728,False,False,0.7848269710564263
difficulty_level,0,easy,0.65041120026124,17,5,consensus_gini_stability,4,0.9581029495543618,False,False,0.9328615992993465
difficulty_level,0,easy,0.65041120026124,17,5,consensus_gini_stability,5,1.0,True,True,1.0
difficulty_level,0,easy,0.65041120026124,17,5,consensus_gini_stability,6,0.8788961503408506,False,False,0.7163526394282688
difficulty_level,0,easy,0.65041120026124,17,5,consensus_gini_stability,7,0.9634269329478005,False,False,0.6059815759464132
difficulty_level,0,easy,0.65041120026124,17,5,consensus_pac_stability,3,0.8590998443406715,False,False,0.7848269710564263
difficulty_level,0,easy,0.65041120026124,17,5,consensus_pac_stability,4,0.9434583055370247,False,False,0.9328615992993465
difficulty_level,0,easy,0.65041120026124,17,5,consensus_pac_stability,5,1.0,True,True,1.0
difficulty_level,0,easy,0.65041120026124,17,5,consensus_pac_stability,6,0.820188570157883,False,False,0.7163526394282688
difficulty_level,0,easy,0.65041120026124,17,5,consensus_pac_stability,7,0.923286635534801,False,False,0.6059815759464132
difficulty_level,0,easy,0.65041120026124,17,5,silhouette,3,0.10467124274384552,False,False,0.7848269710564263
difficulty_level,0,easy,0.65041120026124,17,5,silhouette,4,0.12387875615392485,False,False,0.9328615992993465
difficulty_level,0,easy,0.65041120026124,17,5,silhouette,5,0.20610016371685455,False,True,0.65041120026124
difficulty_level,0,easy,0.65041120026124,17,5,silhouette,6,0.22292323877982093,False,False,0.7172934279159949
difficulty_level,0,easy,0.65041120026124,17,5,silhouette,7,0.2432279736044311,True,False,0.6727087407667204
difficulty_level,0,easy,0.65041120026124,17,5,gap,3,0.4980489101774559,False,False,0.7848269710564263
difficulty_level,0,easy,0.65041120026124,17,5,gap,4,0.5467041452356991,False,False,0.9328615992993465
difficulty_level,0,easy,0.65041120026124,17,5,gap,5,0.7228780080446651,False,True,0.65041120026124
difficulty_level,0,easy,0.65041120026124,17,5,gap,6,0.7656155342837199,False,False,0.7172934279159949
difficulty_level,0,easy,0.65041120026124,17,5,gap,7,0.8421412669306587,True,False,0.6727087407667204
difficulty_level,0,easy,0.65041120026124,17,5,davies_bouldin,3,0.22825199454300943,False,False,0.7848269710564263
difficulty_level,0,easy,0.65041120026124,17,5,davies_bouldin,4,0.25876051546261625,False,False,0.9328615992993465
difficulty_level,0,easy,0.65041120026124,17,5,davies_bouldin,5,0.2980177321267248,False,True,0.65041120026124
difficulty_level,0,easy,0.65041120026124,17,5,davies_bouldin,6,0.3029145777997935,False,False,0.7172934279159949
difficulty_level,0,easy,0.65041120026124,17,5,davies_bouldin,7,0.3297919125294705,True,False,0.6727087407667204
difficulty_level,0,easy,0.65041120026124,17,5,calinski_harabasz,3,95.77079878319054,False,False,0.7848269710564263
difficulty_level,0,easy,0.65041120026124,17,5,calinski_harabasz,4,96.9074095255774,False,False,0.9328615992993465
difficulty_level,0,easy,0.65041120026124,17,5,calinski_harabasz,5,162.23177932110224,True,True,0.65041120026124
difficulty_level,0,easy,0.65041120026124,17,5,calinski_harabasz,6,151.27408431492125,False,False,0.7172934279159949
difficulty_level,0,easy,0.65041120026124,17,5,calinski_harabasz,7,158.07291902960282,False,False,0.6727087407667204
difficulty_level,0,easy,1.0,18,5,accuracy_generalizability,3,0.9972393350355342,True,False,0.8326063089495468
difficulty_level,0,easy,1.0,18,5,accuracy_generalizability,4,0.8847249844712008,False,False,0.9385271096493607
difficulty_level,0,easy,1.0,18,5,accuracy_generalizability,5,0.8475672903829293,False,True,1.0
difficulty_level,0,easy,1.0,18,5,accuracy_generalizability,6,0.8649234560737329,False,False,0.752499095335198
difficulty_level,0,easy,1.0,18,5,accuracy_generalizability,7,0.8575563884010334,False,False,0.65863126232618
difficulty_level,0,easy,1.0,18,5,ari_average,3,0.993465786336643,True,False,0.8326063089495468
difficulty_level,0,easy,1.0,18,5,ari_average,4,0.9088767348199663,False,False,0.9385271096493607
difficulty_level,0,easy,1.0,18,5,ari_average,5,0.9217837195066693,False,True,1.0
difficulty_level,0,easy,1.0,18,5,ari_average,6,0.8315599852478255,False,False,0.752499095335198
difficulty_level,0,easy,1.0,18,5,ari_average,7,0.8409247049734102,False,False,0.65863126232618
difficulty_level,0,easy,1.0,18,5,ari_average_1se,3,0.993465786336643,True,False,0.8326063089495468
difficulty_level,0,easy,1.0,18,5,ari_average_1se,4,0.9088767348199663,False,False,0.9385271096493607
difficulty_level,0,easy,1.0,18,5,ari_average_1se,5,0.9217837195066693,False,True,1.0
difficulty_level,0,easy,1.0,18,5,ari_average_1se,6,0.8315599852478255,False,False,0.752499095335198
difficulty_level,0,easy,1.0,18,5,ari_average_1se,7,0.8409247049734102,False,False,0.65863126232618
difficulty_level,0,easy,1.0,18,5,ari_average_quant,3,0.993465786336643,True,False,0.8326063089495468
difficulty_level,0,easy,1.0,18,5,ari_average_quant,4,0.9088767348199663,False,False,0.9385271096493607
difficulty_level,0,easy,1.0,18,5,ari_average_quant,5,0.9217837195066693,False,True,1.0
difficulty_level,0,easy,1.0,18,5,ari_average_quant,6,0.8315599852478255,False,False,0.752499095335198
difficulty_level,0,easy,1.0,18,5,ari_average_quant,7,0.8409247049734102,False,False,0.65863126232618
difficulty_level,0,easy,1.0,18,5,ari_generalizability,3,0.9942329533397605,True,False,0.8326063089495468
difficulty_level,0,easy,1.0,18,5,ari_generalizability,4,0.8777436570043079,False,False,0.9385271096493607
difficulty_level,0,easy,1.0,18,5,ari_generalizability,5,0.8435674390133387,False,True,1.0
difficulty_level,0,easy,1.0,18,5,ari_generalizability,6,0.8051135432213904,False,False,0.752499095335198
difficulty_level,0,easy,1.0,18,5,ari_generalizability,7,0.8144035876228538,False,False,0.65863126232618
difficulty_level,0,easy,1.0,18,5,ari_generalizability_1se,3,0.9942329533397605,True,False,0.8326063089495468
difficulty_level,0,easy,1.0,18,5,ari_generalizability_1se,4,0.8777436570043079,False,False,0.9385271096493607
difficulty_level,0,easy,1.0,18,5,ari_generalizability_1se,5,0.8435674390133387,False,True,1.0
difficulty_level,0,easy,1.0,18,5,ari_generalizability_1se,6,0.8051135432213904,False,False,0.752499095335198
difficulty_level,0,easy,1.0,18,5,ari_generalizability_1se,7,0.8144035876228538,False,False,0.65863126232618
difficulty_level,0,easy,1.0,18,5,ari_generalizability_quant,3,0.9942329533397605,True,False,0.8326063089495468
difficulty_level,0,easy,1.0,18,5,ari_generalizability_quant,4,0.8777436570043079,False,False,0.9385271096493607
difficulty_level,0,easy,1.0,18,5,ari_generalizability_quant,5,0.8435674390133387,False,True,1.0
difficulty_level,0,easy,1.0,18,5,ari_generalizability_quant,6,0.8051135432213904,False,False,0.752499095335198
difficulty_level,0,easy,1.0,18,5,ari_generalizability_quant,7,0.8144035876228538,False,False,0.65863126232618
difficulty_level,0,easy,1.0,18,5,ari_stability,3,0.9926986193335255,False,False,0.8326063089495468
difficulty_level,0,easy,1.0,18,5,ari_stability,4,0.9400098126356251,False,False,0.9385271096493607
difficulty_level,0,easy,1.0,18,5,ari_stability,5,1.0,True,True,1.0
difficulty_level,0,easy,1.0,18,5,ari_stability,6,0.8580064272742607,False,False,0.752499095335198
difficulty_level,0,easy,1.0,18,5,ari_stability,7,0.8674458223239668,False,False,0.65863126232618
difficulty_level,0,easy,1.0,18,5,ari_stability_1se,3,0.9926986193335255,False,False,0.8326063089495468
difficulty_level,0,easy,1.0,18,5,ari_stability_1se,4,0.9400098126356251,False,False,0.9385271096493607
difficulty_level,0,easy,1.0,18,5,ari_stability_1se,5,1.0,True,True,1.0
difficulty_level,0,easy,1.0,18,5,ari_stability_1se,6,0.8580064272742607,False,False,0.752499095335198
difficulty_level,0,easy,1.0,18,5,ari_stability_1se,7,0.8674458223239668,False,False,0.65863126232618
difficulty_level,0,easy,1.0,18,5,ari_stability_quant,3,0.9926986193335255,False,False,0.8326063089495468
difficulty_level,0,easy,1.0,18,5,ari_stability_quant,4,0.9400098126356251,False,False,0.9385271096493607
difficulty_level,0,easy,1.0,18,5,ari_stability_quant,5,1.0,True,True,1.0
difficulty_level,0,easy,1.0,18,5,ari_stability_quant,6,0.8580064272742607,False,False,0.752499095335198
difficulty_level,0,easy,1.0,18,5,ari_stability_quant,7,0.8674458223239668,False,False,0.65863126232618
difficulty_level,0,easy,1.0,18,5,consensus_ce_stability,3,0.9813689343894867,False,False,0.8326063089495468
difficulty_level,0,easy,1.0,18,5,consensus_ce_stability,4,0.9392398981440507,False,False,0.9385271096493607
difficulty_level,0,easy,1.0,18,5,consensus_ce_stability,5,0.9999999999586944,True,True,1.0
difficulty_level,0,easy,1.0,18,5,consensus_ce_stability,6,0.9073335534221754,False,False,0.752499095335198
difficulty_level,0,easy,1.0,18,5,consensus_ce_stability,7,0.9191547923133067,False,False,0.65863126232618
difficulty_level,0,easy,1.0,18,5,consensus_gini_stability,3,0.9879580588963848,False,False,0.8326063089495468
difficulty_level,0,easy,1.0,18,5,consensus_gini_stability,4,0.9446535482791099,False,False,0.9385271096493607
difficulty_level,0,easy,1.0,18,5,consensus_gini_stability,5,1.0,True,True,1.0
difficulty_level,0,easy,1.0,18,5,consensus_gini_stability,6,0.9182476250026307,False,False,0.752499095335198
difficulty_level,0,easy,1.0,18,5,consensus_gini_stability,7,0.929332962814221,False,False,0.65863126232618
difficulty_level,0,easy,1.0,18,5,consensus_pac_stability,3,0.9740262397153658,False,False,0.8326063089495468
difficulty_level,0,easy,1.0,18,5,consensus_pac_stability,4,0.9286484322881922,False,False,0.9385271096493607
difficulty_level,0,easy,1.0,18,5,consensus_pac_stability,5,1.0,True,True,1.0
difficulty_level,0,easy,1.0,18,5,consensus_pac_stability,6,0.876207249277296,False,False,0.752499095335198
difficulty_level,0,easy,1.0,18,5,consensus_pac_stability,7,0.9029468534578609,False,False,0.65863126232618
difficulty_level,0,easy,1.0,18,5,silhouette,3,0.11319976121435397,False,False,0.8326063089495468
difficulty_level,0,easy,1.0,18,5,silhouette,4,0.1432186854659033,False,False,0.9385271096493607
difficulty_level,0,easy,1.0,18,5,silhouette,5,0.15452676318890357,False,True,1.0
difficulty_level,0,easy,1.0,18,5,silhouette,6,0.23276828691608262,False,False,0.7564179291759899
difficulty_level,0,easy,1.0,18,5,silhouette,7,0.2686801769304763,True,False,0.654176323359295
difficulty_level,0,easy,1.0,18,5,gap,3,0.5403709613480423,False,False,0.8326063089495468
difficulty_level,0,easy,1.0,18,5,gap,4,0.5893185332129978,False,False,0.9385271096493607
difficulty_level,0,easy,1.0,18,5,gap,5,0.6133622539469687,False,True,1.0
difficulty_level,0,easy,1.0,18,5,gap,6,0.7886609160730149,False,False,0.7564179291759899
difficulty_level,0,easy,1.0,18,5,gap,7,0.8961215658652772,True,False,0.654176323359295
difficulty_level,0,easy,1.0,18,5,davies_bouldin,3,0.2413321169495864,False,False,0.8326063089495468
difficulty_level,0,easy,1.0,18,5,davies_bouldin,4,0.26285813258945107,False,False,0.9385271096493607
difficulty_level,0,easy,1.0,18,5,davies_bouldin,5,0.2705742441267567,False,True,1.0
difficulty_level,0,easy,1.0,18,5,davies_bouldin,6,0.3033663403935196,False,False,0.7564179291759899
difficulty_level,0,easy,1.0,18,5,davies_bouldin,7,0.3293793085005948,True,False,0.654176323359295
difficulty_level,0,easy,1.0,18,5,calinski_harabasz,3,100.26608425699298,False,False,0.8326063089495468
difficulty_level,0,easy,1.0,18,5,calinski_harabasz,4,100.17771399524487,False,False,0.9385271096493607
difficulty_level,0,easy,1.0,18,5,calinski_harabasz,5,89.27069762121818,False,True,1.0
difficulty_level,0,easy,1.0,18,5,calinski_harabasz,6,144.97920532395793,False,False,0.7564179291759899
difficulty_level,0,easy,1.0,18,5,calinski_harabasz,7,164.97168559607348,True,False,0.654176323359295
difficulty_level,0,easy,1.0,19,5,accuracy_generalizability,3,0.8606867998448046,False,False,0.595681823103946
difficulty_level,0,easy,1.0,19,5,accuracy_generalizability,4,0.8365368968938041,False,False,0.821272904898786
difficulty_level,0,easy,1.0,19,5,accuracy_generalizability,5,1.0,True,True,1.0
difficulty_level,0,easy,1.0,19,5,accuracy_generalizability,6,0.8258841265497373,False,False,0.9052352149752227
difficulty_level,0,easy,1.0,19,5,accuracy_generalizability,7,0.7856589702514075,False,False,0.7974178475653463
difficulty_level,0,easy,1.0,19,5,ari_average,3,0.6991099579286015,False,False,0.595681823103946
difficulty_level,0,easy,1.0,19,5,ari_average,4,0.7861015217739847,False,False,0.821272904898786
difficulty_level,0,easy,1.0,19,5,ari_average,5,1.0,True,True,1.0
difficulty_level,0,easy,1.0,19,5,ari_average,6,0.8543882576924828,False,False,0.9052352149752227
difficulty_level,0,easy,1.0,19,5,ari_average,7,0.8013892781680437,False,False,0.7974178475653463
difficulty_level,0,easy,1.0,19,5,ari_average_1se,3,0.6991099579286015,False,False,0.595681823103946
difficulty_level,0,easy,1.0,19,5,ari_average_1se,4,0.7861015217739847,False,False,0.821272904898786
difficulty_level,0,easy,1.0,19,5,ari_average_1se,5,1.0,True,True,1.0
difficulty_level,0,easy,1.0,19,5,ari_average_1se,6,0.8543882576924828,False,False,0.9052352149752227
difficulty_level,0,easy,1.0,19,5,ari_average_1se,7,0.8013892781680437,False,False,0.7974178475653463
difficulty_level,0,easy,1.0,19,5,ari_average_quant,3,0.6991099579286015,False,False,0.595681823103946
difficulty_level,0,easy,1.0,19,5,ari_average_quant,4,0.7861015217739847,False,False,0.821272904898786
difficulty_level,0,easy,1.0,19,5,ari_average_quant,5,1.0,True,True,1.0
difficulty_level,0,easy,1.0,19,5,ari_average_quant,6,0.8543882576924828,False,False,0.9052352149752227
difficulty_level,0,easy,1.0,19,5,ari_average_quant,7,0.8013892781680437,False,False,0.7974178475653463
difficulty_level,0,easy,1.0,19,5,ari_generalizability,3,0.6888268396609054,False,False,0.595681823103946
difficulty_level,0,easy,1.0,19,5,ari_generalizability,4,0.7621246419885819,False,False,0.821272904898786
difficulty_level,0,easy,1.0,19,5,ari_generalizability,5,1.0,True,True,1.0
difficulty_level,0,easy,1.0,19,5,ari_generalizability,6,0.84773349294648,False,False,0.9052352149752227
difficulty_level,0,easy,1.0,19,5,ari_generalizability,7,0.7806508951180241,False,False,0.7974178475653463
difficulty_level,0,easy,1.0,19,5,ari_generalizability_1se,3,0.6888268396609054,False,False,0.595681823103946
difficulty_level,0,easy,1.0,19,5,ari_generalizability_1se,4,0.7621246419885819,False,False,0.821272904898786
difficulty_level,0,easy,1.0,19,5,ari_generalizability_1se,5,1.0,True,True,1.0
difficulty_level,0,easy,1.0,19,5,ari_generalizability_1se,6,0.84773349294648,False,False,0.9052352149752227
difficulty_level,0,easy,1.0,19,5,ari_generalizability_1se,7,0.7806508951180241,False,False,0.7974178475653463
difficulty_level,0,easy,1.0,19,5,ari_generalizability_quant,3,0.6888268396609054,False,False,0.595681823103946
difficulty_level,0,easy,1.0,19,5,ari_generalizability_quant,4,0.7621246419885819,False,False,0.821272904898786
difficulty_level,0,easy,1.0,19,5,ari_generalizability_quant,5,1.0,True,True,1.0
difficulty_level,0,easy,1.0,19,5,ari_generalizability_quant,6,0.84773349294648,False,False,0.9052352149752227
difficulty_level,0,easy,1.0,19,5,ari_generalizability_quant,7,0.7806508951180241,False,False,0.7974178475653463
difficulty_level,0,easy,1.0,19,5,ari_stability,3,0.7093930761962981,False,False,0.595681823103946
difficulty_level,0,easy,1.0,19,5,ari_stability,4,0.8100784015593879,False,False,0.821272904898786
difficulty_level,0,easy,1.0,19,5,ari_stability,5,1.0,True,True,1.0
difficulty_level,0,easy,1.0,19,5,ari_stability,6,0.861043022438486,False,False,0.9052352149752227
difficulty_level,0,easy,1.0,19,5,ari_stability,7,0.8221276612180632,False,False,0.7974178475653463
difficulty_level,0,easy,1.0,19,5,ari_stability_1se,3,0.7093930761962981,False,False,0.595681823103946
difficulty_level,0,easy,1.0,19,5,ari_stability_1se,4,0.8100784015593879,False,False,0.821272904898786
difficulty_level,0,easy,1.0,19,5,ari_stability_1se,5,1.0,True,True,1.0
difficulty_level,0,easy,1.0,19,5,ari_stability_1se,6,0.861043022438486,False,False,0.9052352149752227
difficulty_level,0,easy,1.0,19,5,ari_stability_1se,7,0.8221276612180632,False,False,0.7974178475653463
difficulty_level,0,easy,1.0,19,5,ari_stability_quant,3,0.7093930761962981,False,False,0.595681823103946
difficulty_level,0,easy,1.0,19,5,ari_stability_quant,4,0.8100784015593879,False,False,0.821272904898786
difficulty_level,0,easy,1.0,19,5,ari_stability_quant,5,1.0,True,True,1.0
difficulty_level,0,easy,1.0,19,5,ari_stability_quant,6,0.861043022438486,False,False,0.9052352149752227
difficulty_level,0,easy,1.0,19,5,ari_stability_quant,7,0.8221276612180632,False,False,0.7974178475653463
difficulty_level,0,easy,1.0,19,5,consensus_ce_stability,3,0.7081416359681155,False,False,0.595681823103946
difficulty_level,0,easy,1.0,19,5,consensus_ce_stability,4,0.8256625693119805,False,False,0.821272904898786
difficulty_level,0,easy,1.0,19,5,consensus_ce_stability,5,0.9999999999586944,True,True,1.0
difficulty_level,0,easy,1.0,19,5,consensus_ce_stability,6,0.9157778748483916,False,False,0.9052352149752227
difficulty_level,0,easy,1.0,19,5,consensus_ce_stability,7,0.8970135181352056,False,False,0.7974178475653463
difficulty_level,0,easy,1.0,19,5,consensus_gini_stability,3,0.7410044560487925,False,False,0.595681823103946
difficulty_level,0,easy,1.0,19,5,consensus_gini_stability,4,0.8483338919452523,False,False,0.821272904898786
difficulty_level,0,easy,1.0,19,5,consensus_gini_stability,5,1.0,True,True,1.0
difficulty_level,0,easy,1.0,19,5,consensus_gini_stability,6,0.9254031259368503,False,False,0.9052352149752227
difficulty_level,0,easy,1.0,19,5,consensus_gini_stability,7,0.9057027810736533,False,False,0.7974178475653463
difficulty_level,0,easy,1.0,19,5,consensus_pac_stability,3,0.6366208583500111,False,False,0.595681823103946
difficulty_level,0,easy,1.0,19,5,consensus_pac_stability,4,0.7530744941071825,False,False,0.821272904898786
difficulty_level,0,easy,1.0,19,5,consensus_pac_stability,5,1.0,True,True,1.0
difficulty_level,0,easy,1.0,19,5,consensus_pac_stability,6,0.8871816766733378,False,False,0.9052352149752227
difficulty_level,0,easy,1.0,19,5,consensus_pac_stability,7,0.8723611296419835,False,False,0.7974178475653463
difficulty_level,0,easy,1.0,19,5,silhouette,3,0.09382778804791064,False,False,0.6613977310299526
difficulty_level,0,easy,1.0,19,5,silhouette,4,0.13016479390601196,False,False,0.8585765581676364
difficulty_level,0,easy,1.0,19,5,silhouette,5,0.146783340068104,False,True,1.0
difficulty_level,0,easy,1.0,19,5,silhouette,6,0.1850889474830141,False,False,0.9048123382408112
difficulty_level,0,easy,1.0,19,5,silhouette,7,0.24125369833467586,True,False,0.7970310465133258
difficulty_level,0,easy,1.0,19,5,gap,3,0.5525683869005871,False,False,0.6613977310299526
difficulty_level,0,easy,1.0,19,5,gap,4,0.5949817682546321,False,False,0.8585765581676364
difficulty_level,0,easy,1.0,19,5,gap,5,0.6635298501064231,False,True,1.0
difficulty_level,0,easy,1.0,19,5,gap,6,0.7519569628794294,False,False,0.9048123382408112
difficulty_level,0,easy,1.0,19,5,gap,7,0.8901625188307207,True,False,0.7970310465133258
difficulty_level,0,easy,1.0,19,5,davies_bouldin,3,0.2510847893249027,False,False,0.6613977310299526
difficulty_level,0,easy,1.0,19,5,davies_bouldin,4,0.25408264657701535,False,False,0.8585765581676364
difficulty_level,0,easy,1.0,19,5,davies_bouldin,5,0.29414149733475836,False,True,1.0
difficulty_level,0,easy,1.0,19,5,davies_bouldin,6,0.3157201468376642,False,False,0.9048123382408112
difficulty_level,0,easy,1.0,19,5,davies_bouldin,7,0.3472316016414508,True,False,0.7970310465133258
difficulty_level,0,easy,1.0,19,5,calinski_harabasz,3,112.10628188464732,False,False,0.6613977310299526
difficulty_level,0,easy,1.0,19,5,calinski_harabasz,4,104.61795425723089,False,False,0.8585765581676364
difficulty_level,0,easy,1.0,19,5,calinski_harabasz,5,114.09051541517461,False,True,1.0
difficulty_level,0,easy,1.0,19,5,calinski_harabasz,6,129.85357821514137,False,False,0.9048123382408112
difficulty_level,0,easy,1.0,19,5,calinski_harabasz,7,163.26920460065443,True,False,0.7970310465133258
difficulty_level,1,medium,0.7914044156935958,0,5,accuracy_generalizability,3,1.0,True,False,0.7632625463105738
difficulty_level,1,medium,0.7914044156935958,0,5,accuracy_generalizability,4,0.9099050877754525,False,False,0.905452245306477
difficulty_level,1,medium,0.7914044156935958,0,5,accuracy_generalizability,5,0.9808127394006695,False,True,1.0
difficulty_level,1,medium,0.7914044156935958,0,5,accuracy_generalizability,6,0.8014924350055479,False,False,0.8607565525358754
difficulty_level,1,medium,0.7914044156935958,0,5,accuracy_generalizability,7,0.78464516051011,False,False,0.7009359858108312
difficulty_level,1,medium,0.7914044156935958,0,5,ari_average,3,1.0,True,False,0.7632625463105738
difficulty_level,1,medium,0.7914044156935958,0,5,ari_average,4,0.8907608651451413,False,False,0.905452245306477
difficulty_level,1,medium,0.7914044156935958,0,5,ari_average,5,0.9913232756308914,False,True,1.0
difficulty_level,1,medium,0.7914044156935958,0,5,ari_average,6,0.7935428671438188,False,False,0.8607565525358754
difficulty_level,1,medium,0.7914044156935958,0,5,ari_average,7,0.7317262878337154,False,False,0.7009359858108312
difficulty_level,1,medium,0.7914044156935958,0,5,ari_average_1se,3,1.0,True,False,0.7632625463105738
difficulty_level,1,medium,0.7914044156935958,0,5,ari_average_1se,4,0.8907608651451413,False,False,0.905452245306477
difficulty_level,1,medium,0.7914044156935958,0,5,ari_average_1se,5,0.9913232756308914,False,True,1.0
difficulty_level,1,medium,0.7914044156935958,0,5,ari_average_1se,6,0.7935428671438188,False,False,0.8607565525358754
difficulty_level,1,medium,0.7914044156935958,0,5,ari_average_1se,7,0.7317262878337154,False,False,0.7009359858108312
difficulty_level,1,medium,0.7914044156935958,0,5,ari_average_quant,3,1.0,True,False,0.7632625463105738
difficulty_level,1,medium,0.7914044156935958,0,5,ari_average_quant,4,0.8907608651451413,False,False,0.905452245306477
difficulty_level,1,medium,0.7914044156935958,0,5,ari_average_quant,5,0.9913232756308914,False,True,1.0
difficulty_level,1,medium,0.7914044156935958,0,5,ari_average_quant,6,0.7935428671438188,False,False,0.8607565525358754
difficulty_level,1,medium,0.7914044156935958,0,5,ari_average_quant,7,0.7317262878337154,False,False,0.7009359858108312
difficulty_level,1,medium,0.7914044156935958,0,5,ari_generalizability,3,1.0,True,False,0.7632625463105738
difficulty_level,1,medium,0.7914044156935958,0,5,ari_generalizability,4,0.8809458272794213,False,False,0.905452245306477
difficulty_level,1,medium,0.7914044156935958,0,5,ari_generalizability,5,0.9826465512617827,False,True,1.0
difficulty_level,1,medium,0.7914044156935958,0,5,ari_generalizability,6,0.7791299335710502,False,False,0.8607565525358754
difficulty_level,1,medium,0.7914044156935958,0,5,ari_generalizability,7,0.7079504966092287,False,False,0.7009359858108312
difficulty_level,1,medium,0.7914044156935958,0,5,ari_generalizability_1se,3,1.0,True,False,0.7632625463105738
difficulty_level,1,medium,0.7914044156935958,0,5,ari_generalizability_1se,4,0.8809458272794213,False,False,0.905452245306477
difficulty_level,1,medium,0.7914044156935958,0,5,ari_generalizability_1se,5,0.9826465512617827,False,True,1.0
difficulty_level,1,medium,0.7914044156935958,0,5,ari_generalizability_1se,6,0.7791299335710502,False,False,0.8607565525358754
difficulty_level,1,medium,0.7914044156935958,0,5,ari_generalizability_1se,7,0.7079504966092287,False,False,0.7009359858108312
difficulty_level,1,medium,0.7914044156935958,0,5,ari_generalizability_quant,3,1.0,True,False,0.7632625463105738
difficulty_level,1,medium,0.7914044156935958,0,5,ari_generalizability_quant,4,0.8809458272794213,False,False,0.905452245306477
difficulty_level,1,medium,0.7914044156935958,0,5,ari_generalizability_quant,5,0.9826465512617827,False,True,1.0
difficulty_level,1,medium,0.7914044156935958,0,5,ari_generalizability_quant,6,0.7791299335710502,False,False,0.8607565525358754
difficulty_level,1,medium,0.7914044156935958,0,5,ari_generalizability_quant,7,0.7079504966092287,False,False,0.7009359858108312
difficulty_level,1,medium,0.7914044156935958,0,5,ari_stability,3,1.0,True,False,0.7632625463105738
difficulty_level,1,medium,0.7914044156935958,0,5,ari_stability,4,0.9005759030108611,False,False,0.905452245306477
difficulty_level,1,medium,0.7914044156935958,0,5,ari_stability,5,1.0,False,True,1.0
difficulty_level,1,medium,0.7914044156935958,0,5,ari_stability,6,0.8079558007165872,False,False,0.8607565525358754
difficulty_level,1,medium,0.7914044156935958,0,5,ari_stability,7,0.7555020790582024,False,False,0.7009359858108312
difficulty_level,1,medium,0.7914044156935958,0,5,ari_stability_1se,3,1.0,False,False,0.7632625463105738
difficulty_level,1,medium,0.7914044156935958,0,5,ari_stability_1se,4,0.9005759030108611,False,False,0.905452245306477
difficulty_level,1,medium,0.7914044156935958,0,5,ari_stability_1se,5,1.0,True,True,1.0
difficulty_level,1,medium,0.7914044156935958,0,5,ari_stability_1se,6,0.8079558007165872,False,False,0.8607565525358754
difficulty_level,1,medium,0.7914044156935958,0,5,ari_stability_1se,7,0.7555020790582024,False,False,0.7009359858108312
difficulty_level,1,medium,0.7914044156935958,0,5,ari_stability_quant,3,1.0,False,False,0.7632625463105738
difficulty_level,1,medium,0.7914044156935958,0,5,ari_stability_quant,4,0.9005759030108611,False,False,0.905452245306477
difficulty_level,1,medium,0.7914044156935958,0,5,ari_stability_quant,5,1.0,True,True,1.0
difficulty_level,1,medium,0.7914044156935958,0,5,ari_stability_quant,6,0.8079558007165872,False,False,0.8607565525358754
difficulty_level,1,medium,0.7914044156935958,0,5,ari_stability_quant,7,0.7555020790582024,False,False,0.7009359858108312
difficulty_level,1,medium,0.7914044156935958,0,5,consensus_ce_stability,3,0.9999999999586945,True,False,0.7632625463105738
difficulty_level,1,medium,0.7914044156935958,0,5,consensus_ce_stability,4,0.9165904886202438,False,False,0.905452245306477
difficulty_level,1,medium,0.7914044156935958,0,5,consensus_ce_stability,5,0.9999999999586944,False,True,1.0
difficulty_level,1,medium,0.7914044156935958,0,5,consensus_ce_stability,6,0.8759561651882887,False,False,0.8607565525358754
difficulty_level,1,medium,0.7914044156935958,0,5,consensus_ce_stability,7,0.867924172389695,False,False,0.7009359858108312
difficulty_level,1,medium,0.7914044156935958,0,5,consensus_gini_stability,3,1.0,True,False,0.7632625463105738
difficulty_level,1,medium,0.7914044156935958,0,5,consensus_gini_stability,4,0.9206383557777084,False,False,0.905452245306477
difficulty_level,1,medium,0.7914044156935958,0,5,consensus_gini_stability,5,1.0,False,True,1.0
difficulty_level,1,medium,0.7914044156935958,0,5,consensus_gini_stability,6,0.8860955941722911,False,False,0.8607565525358754
difficulty_level,1,medium,0.7914044156935958,0,5,consensus_gini_stability,7,0.8783124284627705,False,False,0.7009359858108312
difficulty_level,1,medium,0.7914044156935958,0,5,consensus_pac_stability,3,1.0,True,False,0.7632625463105738
difficulty_level,1,medium,0.7914044156935958,0,5,consensus_pac_stability,4,0.9019444073826995,False,False,0.905452245306477
difficulty_level,1,medium,0.7914044156935958,0,5,consensus_pac_stability,5,1.0,False,True,1.0
difficulty_level,1,medium,0.7914044156935958,0,5,consensus_pac_stability,6,0.8429219479653102,False,False,0.8607565525358754
difficulty_level,1,medium,0.7914044156935958,0,5,consensus_pac_stability,7,0.8328032021347564,False,False,0.7009359858108312
difficulty_level,1,medium,0.7914044156935958,0,5,silhouette,3,0.12284048701454856,False,False,0.7632625463105738
difficulty_level,1,medium,0.7914044156935958,0,5,silhouette,4,0.13724689961975287,False,False,0.9302634879808825
difficulty_level,1,medium,0.7914044156935958,0,5,silhouette,5,0.180075119228381,False,True,0.7914044156935958
difficulty_level,1,medium,0.7914044156935958,0,5,silhouette,6,0.19025189380721608,False,False,0.8605876244223615
difficulty_level,1,medium,0.7914044156935958,0,5,silhouette,7,0.23045531149183549,True,False,0.7017173469654616
difficulty_level,1,medium,0.7914044156935958,0,5,gap,3,0.2748948870774637,False,False,0.7632625463105738
difficulty_level,1,medium,0.7914044156935958,0,5,gap,4,0.3194615053059806,False,False,0.9302634879808825
difficulty_level,1,medium,0.7914044156935958,0,5,gap,5,0.40916918156174553,False,True,0.7914044156935958
difficulty_level,1,medium,0.7914044156935958,0,5,gap,6,0.4442221875716541,False,False,0.8605876244223615
difficulty_level,1,medium,0.7914044156935958,0,5,gap,7,0.5415562793376711,True,False,0.7017173469654616
difficulty_level,1,medium,0.7914044156935958,0,5,davies_bouldin,3,0.2414208590759189,False,False,0.7632625463105738
difficulty_level,1,medium,0.7914044156935958,0,5,davies_bouldin,4,0.2563404963029047,False,False,0.9302634879808825
difficulty_level,1,medium,0.7914044156935958,0,5,davies_bouldin,5,0.27949780026220655,False,True,0.7914044156935958
difficulty_level,1,medium,0.7914044156935958,0,5,davies_bouldin,6,0.29578048559035586,False,False,0.8605876244223615
difficulty_level,1,medium,0.7914044156935958,0,5,davies_bouldin,7,0.3110651657940598,True,False,0.7017173469654616
difficulty_level,1,medium,0.7914044156935958,0,5,calinski_harabasz,3,124.31316610778683,False,False,0.7632625463105738
difficulty_level,1,medium,0.7914044156935958,0,5,calinski_harabasz,4,114.67934754241652,False,False,0.9302634879808825
difficulty_level,1,medium,0.7914044156935958,0,5,calinski_harabasz,5,132.5936632598004,False,True,0.7914044156935958
difficulty_level,1,medium,0.7914044156935958,0,5,calinski_harabasz,6,122.95222237248439,False,False,0.8605876244223615
difficulty_level,1,medium,0.7914044156935958,0,5,calinski_harabasz,7,140.3125326160389,True,False,0.7017173469654616
difficulty_level,1,medium,0.7154283799463432,1,5,accuracy_generalizability,3,0.9957412341339912,True,False,0.8539450077590189
difficulty_level,1,medium,0.7154283799463432,1,5,accuracy_generalizability,4,0.76202389387999,False,False,0.9492586948052159
difficulty_level,1,medium,0.7154283799463432,1,5,accuracy_generalizability,5,0.6147558335813952,False,True,1.0
difficulty_level,1,medium,0.7154283799463432,1,5,accuracy_generalizability,6,0.7178826589879733,False,False,0.7633292218024108
difficulty_level,1,medium,0.7154283799463432,1,5,accuracy_generalizability,7,0.7334854662367872,False,False,0.6743438173210925
difficulty_level,1,medium,0.7154283799463432,1,5,ari_average,3,0.9898019974100426,True,False,0.8539450077590189
difficulty_level,1,medium,0.7154283799463432,1,5,ari_average,4,0.8633983863881083,False,False,0.9492586948052159
difficulty_level,1,medium,0.7154283799463432,1,5,ari_average,5,0.8018081550430008,False,True,1.0
difficulty_level,1,medium,0.7154283799463432,1,5,ari_average,6,0.8076985498730306,False,False,0.7633292218024108
difficulty_level,1,medium,0.7154283799463432,1,5,ari_average,7,0.7918296171129208,False,False,0.6743438173210925
difficulty_level,1,medium,0.7154283799463432,1,5,ari_average_1se,3,0.9898019974100426,True,False,0.8539450077590189
difficulty_level,1,medium,0.7154283799463432,1,5,ari_average_1se,4,0.8633983863881083,False,False,0.9492586948052159
difficulty_level,1,medium,0.7154283799463432,1,5,ari_average_1se,5,0.8018081550430008,False,True,1.0
difficulty_level,1,medium,0.7154283799463432,1,5,ari_average_1se,6,0.8076985498730306,False,False,0.7633292218024108
difficulty_level,1,medium,0.7154283799463432,1,5,ari_average_1se,7,0.7918296171129208,False,False,0.6743438173210925
difficulty_level,1,medium,0.7154283799463432,1,5,ari_average_quant,3,0.9898019974100426,True,False,0.8539450077590189
difficulty_level,1,medium,0.7154283799463432,1,5,ari_average_quant,4,0.8633983863881083,False,False,0.9492586948052159
difficulty_level,1,medium,0.7154283799463432,1,5,ari_average_quant,5,0.8018081550430008,False,True,1.0
difficulty_level,1,medium,0.7154283799463432,1,5,ari_average_quant,6,0.8076985498730306,False,False,0.7633292218024108
difficulty_level,1,medium,0.7154283799463432,1,5,ari_average_quant,7,0.7918296171129208,False,False,0.6743438173210925
difficulty_level,1,medium,0.7154283799463432,1,5,ari_generalizability,3,0.992960038463467,True,False,0.8539450077590189
difficulty_level,1,medium,0.7154283799463432,1,5,ari_generalizability,4,0.7412163469303554,False,False,0.9492586948052159
difficulty_level,1,medium,0.7154283799463432,1,5,ari_generalizability,5,0.6062666252102415,False,True,1.0
difficulty_level,1,medium,0.7154283799463432,1,5,ari_generalizability,6,0.7005690903862817,False,False,0.7633292218024108
difficulty_level,1,medium,0.7154283799463432,1,5,ari_generalizability,7,0.6913140685486842,False,False,0.6743438173210925
difficulty_level,1,medium,0.7154283799463432,1,5,ari_generalizability_1se,3,0.992960038463467,True,False,0.8539450077590189
difficulty_level,1,medium,0.7154283799463432,1,5,ari_generalizability_1se,4,0.7412163469303554,False,False,0.9492586948052159
difficulty_level,1,medium,0.7154283799463432,1,5,ari_generalizability_1se,5,0.6062666252102415,False,True,1.0
difficulty_level,1,medium,0.7154283799463432,1,5,ari_generalizability_1se,6,0.7005690903862817,False,False,0.7633292218024108
difficulty_level,1,medium,0.7154283799463432,1,5,ari_generalizability_1se,7,0.6913140685486842,False,False,0.6743438173210925
difficulty_level,1,medium,0.7154283799463432,1,5,ari_generalizability_quant,3,0.992960038463467,True,False,0.8539450077590189
difficulty_level,1,medium,0.7154283799463432,1,5,ari_generalizability_quant,4,0.7412163469303554,False,False,0.9492586948052159
difficulty_level,1,medium,0.7154283799463432,1,5,ari_generalizability_quant,5,0.6062666252102415,False,True,1.0
difficulty_level,1,medium,0.7154283799463432,1,5,ari_generalizability_quant,6,0.7005690903862817,False,False,0.7633292218024108
difficulty_level,1,medium,0.7154283799463432,1,5,ari_generalizability_quant,7,0.6913140685486842,False,False,0.6743438173210925
difficulty_level,1,medium,0.7154283799463432,1,5,ari_stability,3,0.986643956356618,False,False,0.8539450077590189
difficulty_level,1,medium,0.7154283799463432,1,5,ari_stability,4,0.9855804258458614,False,False,0.9492586948052159
difficulty_level,1,medium,0.7154283799463432,1,5,ari_stability,5,0.9973496848757603,True,True,1.0
difficulty_level,1,medium,0.7154283799463432,1,5,ari_stability,6,0.914828009359779,False,False,0.7633292218024108
difficulty_level,1,medium,0.7154283799463432,1,5,ari_stability,7,0.8923451656771576,False,False,0.6743438173210925
difficulty_level,1,medium,0.7154283799463432,1,5,ari_stability_1se,3,0.986643956356618,False,False,0.8539450077590189
difficulty_level,1,medium,0.7154283799463432,1,5,ari_stability_1se,4,0.9855804258458614,False,False,0.9492586948052159
difficulty_level,1,medium,0.7154283799463432,1,5,ari_stability_1se,5,0.9973496848757603,True,True,1.0
difficulty_level,1,medium,0.7154283799463432,1,5,ari_stability_1se,6,0.914828009359779,False,False,0.7633292218024108
difficulty_level,1,medium,0.7154283799463432,1,5,ari_stability_1se,7,0.8923451656771576,False,False,0.6743438173210925
difficulty_level,1,medium,0.7154283799463432,1,5,ari_stability_quant,3,0.986643956356618,False,False,0.8539450077590189
difficulty_level,1,medium,0.7154283799463432,1,5,ari_stability_quant,4,0.9855804258458614,False,False,0.9492586948052159
difficulty_level,1,medium,0.7154283799463432,1,5,ari_stability_quant,5,0.9973496848757603,True,True,1.0
difficulty_level,1,medium,0.7154283799463432,1,5,ari_stability_quant,6,0.914828009359779,False,False,0.7633292218024108
difficulty_level,1,medium,0.7154283799463432,1,5,ari_stability_quant,7,0.8923451656771576,False,False,0.6743438173210925
difficulty_level,1,medium,0.7154283799463432,1,5,consensus_ce_stability,3,0.9809944445649265,False,False,0.8539450077590189
difficulty_level,1,medium,0.7154283799463432,1,5,consensus_ce_stability,4,0.9923178270377906,False,False,0.9492586948052159
difficulty_level,1,medium,0.7154283799463432,1,5,consensus_ce_stability,5,0.9999999999586944,True,True,1.0
difficulty_level,1,medium,0.7154283799463432,1,5,consensus_ce_stability,6,0.9424568049858228,False,False,0.7633292218024108
difficulty_level,1,medium,0.7154283799463432,1,5,consensus_ce_stability,7,0.9321967970842171,False,False,0.6743438173210925
difficulty_level,1,medium,0.7154283799463432,1,5,consensus_gini_stability,3,0.9883194760900693,False,False,0.8539450077590189
difficulty_level,1,medium,0.7154283799463432,1,5,consensus_gini_stability,4,0.9950537593534511,False,False,0.9492586948052159
difficulty_level,1,medium,0.7154283799463432,1,5,consensus_gini_stability,5,1.0,True,True,1.0
difficulty_level,1,medium,0.7154283799463432,1,5,consensus_gini_stability,6,0.9498373554029004,False,False,0.7633292218024108
difficulty_level,1,medium,0.7154283799463432,1,5,consensus_gini_stability,7,0.9408832762423588,False,False,0.6743438173210925
difficulty_level,1,medium,0.7154283799463432,1,5,consensus_pac_stability,3,0.9869175005559262,False,False,0.8539450077590189
difficulty_level,1,medium,0.7154283799463432,1,5,consensus_pac_stability,4,0.9896953524571936,False,False,0.9492586948052159
difficulty_level,1,medium,0.7154283799463432,1,5,consensus_pac_stability,5,1.0,True,True,1.0
difficulty_level,1,medium,0.7154283799463432,1,5,consensus_pac_stability,6,0.9312030242383811,False,False,0.7633292218024108
difficulty_level,1,medium,0.7154283799463432,1,5,consensus_pac_stability,7,0.9187164776517679,False,False,0.6743438173210925
difficulty_level,1,medium,0.7154283799463432,1,5,silhouette,3,0.14796147947012472,False,False,0.8539450077590189
difficulty_level,1,medium,0.7154283799463432,1,5,silhouette,4,0.156989875243074,False,False,0.9492586948052159
difficulty_level,1,medium,0.7154283799463432,1,5,silhouette,5,0.18476127758016817,False,True,0.7154283799463432
difficulty_level,1,medium,0.7154283799463432,1,5,silhouette,6,0.2140823421127836,False,False,0.7675501380073017
difficulty_level,1,medium,0.7154283799463432,1,5,silhouette,7,0.2605398314856781,True,False,0.6477026980754548
difficulty_level,1,medium,0.7154283799463432,1,5,gap,3,0.44903219160838503,False,False,0.8539450077590189
difficulty_level,1,medium,0.7154283799463432,1,5,gap,4,0.48210206794991706,False,False,0.9492586948052159
difficulty_level,1,medium,0.7154283799463432,1,5,gap,5,0.5862389254578702,False,True,0.7154283799463432
difficulty_level,1,medium,0.7154283799463432,1,5,gap,6,0.6483812535573481,False,False,0.7675501380073017
difficulty_level,1,medium,0.7154283799463432,1,5,gap,7,0.763852004103903,True,False,0.6477026980754548
difficulty_level,1,medium,0.7154283799463432,1,5,davies_bouldin,3,0.25804297868123593,False,False,0.8539450077590189
difficulty_level,1,medium,0.7154283799463432,1,5,davies_bouldin,4,0.27286086409586596,False,False,0.9492586948052159
difficulty_level,1,medium,0.7154283799463432,1,5,davies_bouldin,5,0.2943193654810196,False,True,0.7154283799463432
difficulty_level,1,medium,0.7154283799463432,1,5,davies_bouldin,6,0.3238160740837484,False,False,0.7675501380073017
difficulty_level,1,medium,0.7154283799463432,1,5,davies_bouldin,7,0.3416662931920526,True,False,0.6477026980754548
difficulty_level,1,medium,0.7154283799463432,1,5,calinski_harabasz,3,143.38161634737557,False,False,0.8539450077590189
difficulty_level,1,medium,0.7154283799463432,1,5,calinski_harabasz,4,120.3091614876969,False,False,0.9492586948052159
difficulty_level,1,medium,0.7154283799463432,1,5,calinski_harabasz,5,144.89855719002375,False,True,0.7154283799463432
difficulty_level,1,medium,0.7154283799463432,1,5,calinski_harabasz,6,144.91494152674784,False,False,0.7675501380073017
difficulty_level,1,medium,0.7154283799463432,1,5,calinski_harabasz,7,168.19280413721208,True,False,0.6477026980754548
difficulty_level,1,medium,1.0,2,5,accuracy_generalizability,3,0.8988228172110939,False,False,0.6307641459103999
difficulty_level,1,medium,1.0,2,5,accuracy_generalizability,4,0.9322864996102505,False,False,0.896197885050649
difficulty_level,1,medium,1.0,2,5,accuracy_generalizability,5,1.0,True,True,1.0
difficulty_level,1,medium,1.0,2,5,accuracy_generalizability,6,0.8419831898078117,False,False,0.8915915585392785
difficulty_level,1,medium,1.0,2,5,accuracy_generalizability,7,0.781827367270477,False,False,0.7858397003066486
difficulty_level,1,medium,1.0,2,5,ari_average,3,0.7847597280164476,False,False,0.6307641459103999
difficulty_level,1,medium,1.0,2,5,ari_average,4,0.8748285977481268,False,False,0.896197885050649
difficulty_level,1,medium,1.0,2,5,ari_average,5,1.0,True,True,1.0
difficulty_level,1,medium,1.0,2,5,ari_average,6,0.8608164911898477,False,False,0.8915915585392785
difficulty_level,1,medium,1.0,2,5,ari_average,7,0.8178070003619027,False,False,0.7858397003066486
difficulty_level,1,medium,1.0,2,5,ari_average_1se,3,0.7847597280164476,False,False,0.6307641459103999
difficulty_level,1,medium,1.0,2,5,ari_average_1se,4,0.8748285977481268,False,False,0.896197885050649
difficulty_level,1,medium,1.0,2,5,ari_average_1se,5,1.0,True,True,1.0
difficulty_level,1,medium,1.0,2,5,ari_average_1se,6,0.8608164911898477,False,False,0.8915915585392785
difficulty_level,1,medium,1.0,2,5,ari_average_1se,7,0.8178070003619027,False,False,0.7858397003066486
difficulty_level,1,medium,1.0,2,5,ari_average_quant,3,0.7847597280164476,False,False,0.6307641459103999
difficulty_level,1,medium,1.0,2,5,ari_average_quant,4,0.8748285977481268,False,False,0.896197885050649
difficulty_level,1,medium,1.0,2,5,ari_average_quant,5,1.0,True,True,1.0
difficulty_level,1,medium,1.0,2,5,ari_average_quant,6,0.8608164911898477,False,False,0.8915915585392785
difficulty_level,1,medium,1.0,2,5,ari_average_quant,7,0.8178070003619027,False,False,0.7858397003066486
difficulty_level,1,medium,1.0,2,5,ari_generalizability,3,0.7876282913387723,False,False,0.6307641459103999
difficulty_level,1,medium,1.0,2,5,ari_generalizability,4,0.8778874884126883,False,False,0.896197885050649
difficulty_level,1,medium,1.0,2,5,ari_generalizability,5,1.0,True,True,1.0
difficulty_level,1,medium,1.0,2,5,ari_generalizability,6,0.850481798510916,False,False,0.8915915585392785
difficulty_level,1,medium,1.0,2,5,ari_generalizability,7,0.7769498548240098,False,False,0.7858397003066486
difficulty_level,1,medium,1.0,2,5,ari_generalizability_1se,3,0.7876282913387723,False,False,0.6307641459103999
difficulty_level,1,medium,1.0,2,5,ari_generalizability_1se,4,0.8778874884126883,False,False,0.896197885050649
difficulty_level,1,medium,1.0,2,5,ari_generalizability_1se,5,1.0,True,True,1.0
difficulty_level,1,medium,1.0,2,5,ari_generalizability_1se,6,0.850481798510916,False,False,0.8915915585392785
difficulty_level,1,medium,1.0,2,5,ari_generalizability_1se,7,0.7769498548240098,False,False,0.7858397003066486
difficulty_level,1,medium,1.0,2,5,ari_generalizability_quant,3,0.7876282913387723,False,False,0.6307641459103999
difficulty_level,1,medium,1.0,2,5,ari_generalizability_quant,4,0.8778874884126883,False,False,0.896197885050649
difficulty_level,1,medium,1.0,2,5,ari_generalizability_quant,5,1.0,True,True,1.0
difficulty_level,1,medium,1.0,2,5,ari_generalizability_quant,6,0.850481798510916,False,False,0.8915915585392785
difficulty_level,1,medium,1.0,2,5,ari_generalizability_quant,7,0.7769498548240098,False,False,0.7858397003066486
difficulty_level,1,medium,1.0,2,5,ari_stability,3,0.781891164694123,False,False,0.6307641459103999
difficulty_level,1,medium,1.0,2,5,ari_stability,4,0.8717697070835655,False,False,0.896197885050649
difficulty_level,1,medium,1.0,2,5,ari_stability,5,1.0,True,True,1.0
difficulty_level,1,medium,1.0,2,5,ari_stability,6,0.8711511838687795,False,False,0.8915915585392785
difficulty_level,1,medium,1.0,2,5,ari_stability,7,0.8586641458997952,False,False,0.7858397003066486
difficulty_level,1,medium,1.0,2,5,ari_stability_1se,3,0.781891164694123,False,False,0.6307641459103999
difficulty_level,1,medium,1.0,2,5,ari_stability_1se,4,0.8717697070835655,False,False,0.896197885050649
difficulty_level,1,medium,1.0,2,5,ari_stability_1se,5,1.0,True,True,1.0
difficulty_level,1,medium,1.0,2,5,ari_stability_1se,6,0.8711511838687795,False,False,0.8915915585392785
difficulty_level,1,medium,1.0,2,5,ari_stability_1se,7,0.8586641458997952,False,False,0.7858397003066486
difficulty_level,1,medium,1.0,2,5,ari_stability_quant,3,0.781891164694123,False,False,0.6307641459103999
difficulty_level,1,medium,1.0,2,5,ari_stability_quant,4,0.8717697070835655,False,False,0.896197885050649
difficulty_level,1,medium,1.0,2,5,ari_stability_quant,5,1.0,True,True,1.0
difficulty_level,1,medium,1.0,2,5,ari_stability_quant,6,0.8711511838687795,False,False,0.8915915585392785
difficulty_level,1,medium,1.0,2,5,ari_stability_quant,7,0.8586641458997952,False,False,0.7858397003066486
difficulty_level,1,medium,1.0,2,5,consensus_ce_stability,3,0.7593344834449944,False,False,0.6307641459103999
difficulty_level,1,medium,1.0,2,5,consensus_ce_stability,4,0.8752504492588827,False,False,0.896197885050649
difficulty_level,1,medium,1.0,2,5,consensus_ce_stability,5,0.9999999999586944,True,True,1.0
difficulty_level,1,medium,1.0,2,5,consensus_ce_stability,6,0.9179275058501606,False,False,0.8915915585392785
difficulty_level,1,medium,1.0,2,5,consensus_ce_stability,7,0.9042302940016939,False,False,0.7858397003066486
difficulty_level,1,medium,1.0,2,5,consensus_gini_stability,3,0.8024995382779458,False,False,0.6307641459103999
difficulty_level,1,medium,1.0,2,5,consensus_gini_stability,4,0.8934923222075749,False,False,0.896197885050649
difficulty_level,1,medium,1.0,2,5,consensus_gini_stability,5,1.0,True,True,1.0
difficulty_level,1,medium,1.0,2,5,consensus_gini_stability,6,0.9264885540899037,False,False,0.8915915585392785
difficulty_level,1,medium,1.0,2,5,consensus_gini_stability,7,0.9152365969969881,False,False,0.7858397003066486
difficulty_level,1,medium,1.0,2,5,consensus_pac_stability,3,0.6033070936179675,False,False,0.6307641459103999
difficulty_level,1,medium,1.0,2,5,consensus_pac_stability,4,0.8570602623971537,False,False,0.896197885050649
difficulty_level,1,medium,1.0,2,5,consensus_pac_stability,5,1.0,True,True,1.0
difficulty_level,1,medium,1.0,2,5,consensus_pac_stability,6,0.898628418945964,False,False,0.8915915585392785
difficulty_level,1,medium,1.0,2,5,consensus_pac_stability,7,0.8720169001556594,False,False,0.7858397003066486
difficulty_level,1,medium,1.0,2,5,silhouette,3,0.09914095941176101,False,False,0.6307641459103999
difficulty_level,1,medium,1.0,2,5,silhouette,4,0.13214240331285926,False,False,0.896197885050649
difficulty_level,1,medium,1.0,2,5,silhouette,5,0.16053175526254568,False,True,1.0
difficulty_level,1,medium,1.0,2,5,silhouette,6,0.17269681558079264,False,False,0.7047743725258783
difficulty_level,1,medium,1.0,2,5,silhouette,7,0.20668797607382802,True,False,0.7870915852200435
difficulty_level,1,medium,1.0,2,5,gap,3,0.3027350789763439,False,False,0.6307641459103999
difficulty_level,1,medium,1.0,2,5,gap,4,0.3576730859800872,False,False,0.896197885050649
difficulty_level,1,medium,1.0,2,5,gap,5,0.40649586956745587,False,True,1.0
difficulty_level,1,medium,1.0,2,5,gap,6,0.48465340114884903,False,False,0.7047743725258783
difficulty_level,1,medium,1.0,2,5,gap,7,0.5573322059367172,True,False,0.7870915852200435
difficulty_level,1,medium,1.0,2,5,davies_bouldin,3,0.24774269789829007,False,False,0.6307641459103999
difficulty_level,1,medium,1.0,2,5,davies_bouldin,4,0.2600657132120197,False,False,0.896197885050649
difficulty_level,1,medium,1.0,2,5,davies_bouldin,5,0.2853513344875567,False,True,1.0
difficulty_level,1,medium,1.0,2,5,davies_bouldin,6,0.30788211411579436,False,False,0.7047743725258783
difficulty_level,1,medium,1.0,2,5,davies_bouldin,7,0.3184053441402963,True,False,0.7870915852200435
difficulty_level,1,medium,1.0,2,5,calinski_harabasz,3,106.35166998398772,False,False,0.6307641459103999
difficulty_level,1,medium,1.0,2,5,calinski_harabasz,4,108.19884736889924,False,False,0.896197885050649
difficulty_level,1,medium,1.0,2,5,calinski_harabasz,5,107.18684923064447,False,True,1.0
difficulty_level,1,medium,1.0,2,5,calinski_harabasz,6,119.73776281373266,False,False,0.7047743725258783
difficulty_level,1,medium,1.0,2,5,calinski_harabasz,7,127.842922523746,True,False,0.7870915852200435
difficulty_level,1,medium,1.0,3,5,accuracy_generalizability,3,1.0,True,False,0.832992537671534
difficulty_level,1,medium,1.0,3,5,accuracy_generalizability,4,0.8519921821633115,False,False,0.9389746827615358
difficulty_level,1,medium,1.0,3,5,accuracy_generalizability,5,0.6985396785923234,False,True,1.0
difficulty_level,1,medium,1.0,3,5,accuracy_generalizability,6,0.6447718349772603,False,False,0.8103450955431035
difficulty_level,1,medium,1.0,3,5,accuracy_generalizability,7,0.706904580073742,False,False,0.7414115824662827
difficulty_level,1,medium,1.0,3,5,ari_average,3,1.0,True,False,0.832992537671534
difficulty_level,1,medium,1.0,3,5,ari_average,4,0.9084741039681642,False,False,0.9389746827615358
difficulty_level,1,medium,1.0,3,5,ari_average,5,0.8618197571754882,False,True,1.0
difficulty_level,1,medium,1.0,3,5,ari_average,6,0.7061246303960935,False,False,0.8103450955431035
difficulty_level,1,medium,1.0,3,5,ari_average,7,0.6987914589589308,False,False,0.7414115824662827
difficulty_level,1,medium,1.0,3,5,ari_average_1se,3,1.0,True,False,0.832992537671534
difficulty_level,1,medium,1.0,3,5,ari_average_1se,4,0.9084741039681642,False,False,0.9389746827615358
difficulty_level,1,medium,1.0,3,5,ari_average_1se,5,0.8618197571754882,False,True,1.0
difficulty_level,1,medium,1.0,3,5,ari_average_1se,6,0.7061246303960935,False,False,0.8103450955431035
difficulty_level,1,medium,1.0,3,5,ari_average_1se,7,0.6987914589589308,False,False,0.7414115824662827
difficulty_level,1,medium,1.0,3,5,ari_average_quant,3,1.0,True,False,0.832992537671534
difficulty_level,1,medium,1.0,3,5,ari_average_quant,4,0.9084741039681642,False,False,0.9389746827615358
difficulty_level,1,medium,1.0,3,5,ari_average_quant,5,0.8618197571754882,False,True,1.0
difficulty_level,1,medium,1.0,3,5,ari_average_quant,6,0.7061246303960935,False,False,0.8103450955431035
difficulty_level,1,medium,1.0,3,5,ari_average_quant,7,0.6987914589589308,False,False,0.7414115824662827
difficulty_level,1,medium,1.0,3,5,ari_generalizability,3,1.0,True,False,0.832992537671534
difficulty_level,1,medium,1.0,3,5,ari_generalizability,4,0.8498497998509452,False,False,0.9389746827615358
difficulty_level,1,medium,1.0,3,5,ari_generalizability,5,0.7236395143509765,False,True,1.0
difficulty_level,1,medium,1.0,3,5,ari_generalizability,6,0.6137514098073401,False,False,0.8103450955431035
difficulty_level,1,medium,1.0,3,5,ari_generalizability,7,0.6424533094501547,False,False,0.7414115824662827
difficulty_level,1,medium,1.0,3,5,ari_generalizability_1se,3,1.0,True,False,0.832992537671534
difficulty_level,1,medium,1.0,3,5,ari_generalizability_1se,4,0.8498497998509452,False,False,0.9389746827615358
difficulty_level,1,medium,1.0,3,5,ari_generalizability_1se,5,0.7236395143509765,False,True,1.0
difficulty_level,1,medium,1.0,3,5,ari_generalizability_1se,6,0.6137514098073401,False,False,0.8103450955431035
difficulty_level,1,medium,1.0,3,5,ari_generalizability_1se,7,0.6424533094501547,False,False,0.7414115824662827
difficulty_level,1,medium,1.0,3,5,ari_generalizability_quant,3,1.0,True,False,0.832992537671534
difficulty_level,1,medium,1.0,3,5,ari_generalizability_quant,4,0.8498497998509452,False,False,0.9389746827615358
difficulty_level,1,medium,1.0,3,5,ari_generalizability_quant,5,0.7236395143509765,False,True,1.0
difficulty_level,1,medium,1.0,3,5,ari_generalizability_quant,6,0.6137514098073401,False,False,0.8103450955431035
difficulty_level,1,medium,1.0,3,5,ari_generalizability_quant,7,0.6424533094501547,False,False,0.7414115824662827
difficulty_level,1,medium,1.0,3,5,ari_stability,3,1.0,True,False,0.832992537671534
difficulty_level,1,medium,1.0,3,5,ari_stability,4,0.967098408085383,False,False,0.9389746827615358
difficulty_level,1,medium,1.0,3,5,ari_stability,5,1.0,False,True,1.0
difficulty_level,1,medium,1.0,3,5,ari_stability,6,0.7984978509848466,False,False,0.8103450955431035
difficulty_level,1,medium,1.0,3,5,ari_stability,7,0.7551296084677068,False,False,0.7414115824662827
difficulty_level,1,medium,1.0,3,5,ari_stability_1se,3,1.0,False,False,0.832992537671534
difficulty_level,1,medium,1.0,3,5,ari_stability_1se,4,0.967098408085383,False,False,0.9389746827615358
difficulty_level,1,medium,1.0,3,5,ari_stability_1se,5,1.0,True,True,1.0
difficulty_level,1,medium,1.0,3,5,ari_stability_1se,6,0.7984978509848466,False,False,0.8103450955431035
difficulty_level,1,medium,1.0,3,5,ari_stability_1se,7,0.7551296084677068,False,False,0.7414115824662827
difficulty_level,1,medium,1.0,3,5,ari_stability_quant,3,1.0,False,False,0.832992537671534
difficulty_level,1,medium,1.0,3,5,ari_stability_quant,4,0.967098408085383,False,False,0.9389746827615358
difficulty_level,1,medium,1.0,3,5,ari_stability_quant,5,1.0,True,True,1.0
difficulty_level,1,medium,1.0,3,5,ari_stability_quant,6,0.7984978509848466,False,False,0.8103450955431035
difficulty_level,1,medium,1.0,3,5,ari_stability_quant,7,0.7551296084677068,False,False,0.7414115824662827
difficulty_level,1,medium,1.0,3,5,consensus_ce_stability,3,0.9999999999586945,True,False,0.832992537671534
difficulty_level,1,medium,1.0,3,5,consensus_ce_stability,4,0.9621490487137688,False,False,0.9389746827615358
difficulty_level,1,medium,1.0,3,5,consensus_ce_stability,5,0.9999999999586944,False,True,1.0
difficulty_level,1,medium,1.0,3,5,consensus_ce_stability,6,0.8490459679516759,False,False,0.8103450955431035
difficulty_level,1,medium,1.0,3,5,consensus_ce_stability,7,0.8597954530428782,False,False,0.7414115824662827
difficulty_level,1,medium,1.0,3,5,consensus_gini_stability,3,1.0,True,False,0.832992537671534
difficulty_level,1,medium,1.0,3,5,consensus_gini_stability,4,0.9673821569594444,False,False,0.9389746827615358
difficulty_level,1,medium,1.0,3,5,consensus_gini_stability,5,1.0,False,True,1.0
difficulty_level,1,medium,1.0,3,5,consensus_gini_stability,6,0.8577723398933806,False,False,0.8103450955431035
difficulty_level,1,medium,1.0,3,5,consensus_gini_stability,7,0.8715127937940551,False,False,0.7414115824662827
difficulty_level,1,medium,1.0,3,5,consensus_pac_stability,3,1.0,True,False,0.832992537671534
difficulty_level,1,medium,1.0,3,5,consensus_pac_stability,4,0.9473195463642429,False,False,0.9389746827615358
difficulty_level,1,medium,1.0,3,5,consensus_pac_stability,5,1.0,False,True,1.0
difficulty_level,1,medium,1.0,3,5,consensus_pac_stability,6,0.8208565710473649,False,False,0.8103450955431035
difficulty_level,1,medium,1.0,3,5,consensus_pac_stability,7,0.82099444073827,False,False,0.7414115824662827
difficulty_level,1,medium,1.0,3,5,silhouette,3,0.12604024696036503,False,False,0.832992537671534
difficulty_level,1,medium,1.0,3,5,silhouette,4,0.14739456965260203,False,False,0.9389746827615358
difficulty_level,1,medium,1.0,3,5,silhouette,5,0.17328336998234628,False,True,0.7562999955187794
difficulty_level,1,medium,1.0,3,5,silhouette,6,0.22477587058712767,False,False,0.6044123547866707
difficulty_level,1,medium,1.0,3,5,silhouette,7,0.2573718662707094,True,False,0.6590043875111055
difficulty_level,1,medium,1.0,3,5,gap,3,0.27654031729934303,False,False,0.832992537671534
difficulty_level,1,medium,1.0,3,5,gap,4,0.3137023800681291,False,False,0.9389746827615358
difficulty_level,1,medium,1.0,3,5,gap,5,0.39031756060007794,False,True,0.7562999955187794
difficulty_level,1,medium,1.0,3,5,gap,6,0.5101799822200253,False,False,0.6044123547866707
difficulty_level,1,medium,1.0,3,5,gap,7,0.5984347274265112,True,False,0.6590043875111055
difficulty_level,1,medium,1.0,3,5,davies_bouldin,3,0.2332894130890359,False,False,0.832992537671534
difficulty_level,1,medium,1.0,3,5,davies_bouldin,4,0.26196103590935504,False,False,0.9389746827615358
difficulty_level,1,medium,1.0,3,5,davies_bouldin,5,0.2705587846673557,False,True,0.7562999955187794
difficulty_level,1,medium,1.0,3,5,davies_bouldin,6,0.29959289950124185,False,False,0.6044123547866707
difficulty_level,1,medium,1.0,3,5,davies_bouldin,7,0.3234088150066203,True,False,0.6590043875111055
difficulty_level,1,medium,1.0,3,5,calinski_harabasz,3,110.80980602552962,False,False,0.832992537671534
difficulty_level,1,medium,1.0,3,5,calinski_harabasz,4,100.32554433065236,False,False,0.9389746827615358
difficulty_level,1,medium,1.0,3,5,calinski_harabasz,5,114.48538914226103,False,True,0.7562999955187794
difficulty_level,1,medium,1.0,3,5,calinski_harabasz,6,144.0555009963202,False,False,0.6044123547866707
difficulty_level,1,medium,1.0,3,5,calinski_harabasz,7,156.46295601325593,True,False,0.6590043875111055
difficulty_level,1,medium,0.6872692061683688,4,5,accuracy_generalizability,3,0.8357244026297305,False,False,0.7380168161421521
difficulty_level,1,medium,0.6872692061683688,4,5,accuracy_generalizability,4,0.958736925341593,False,False,0.9136545342431304
difficulty_level,1,medium,0.6872692061683688,4,5,accuracy_generalizability,5,0.9847677085223442,True,True,1.0
difficulty_level,1,medium,0.6872692061683688,4,5,accuracy_generalizability,6,0.8967758913151862,False,False,0.7724094606589826
difficulty_level,1,medium,0.6872692061683688,4,5,accuracy_generalizability,7,0.8857028832023589,False,False,0.6851306911738401
difficulty_level,1,medium,0.6872692061683688,4,5,ari_average,3,0.6824117047187006,False,False,0.7380168161421521
difficulty_level,1,medium,0.6872692061683688,4,5,ari_average,4,0.9371998753406274,False,False,0.9136545342431304
difficulty_level,1,medium,0.6872692061683688,4,5,ari_average,5,0.9922299374833099,True,True,1.0
difficulty_level,1,medium,0.6872692061683688,4,5,ari_average,6,0.8334130235932765,False,False,0.7724094606589826
difficulty_level,1,medium,0.6872692061683688,4,5,ari_average,7,0.850589688539211,False,False,0.6851306911738401
difficulty_level,1,medium,0.6872692061683688,4,5,ari_average_1se,3,0.6824117047187006,False,False,0.7380168161421521
difficulty_level,1,medium,0.6872692061683688,4,5,ari_average_1se,4,0.9371998753406274,False,False,0.9136545342431304
difficulty_level,1,medium,0.6872692061683688,4,5,ari_average_1se,5,0.9922299374833099,True,True,1.0
difficulty_level,1,medium,0.6872692061683688,4,5,ari_average_1se,6,0.8334130235932765,False,False,0.7724094606589826
difficulty_level,1,medium,0.6872692061683688,4,5,ari_average_1se,7,0.850589688539211,False,False,0.6851306911738401
difficulty_level,1,medium,0.6872692061683688,4,5,ari_average_quant,3,0.6824117047187006,False,False,0.7380168161421521
difficulty_level,1,medium,0.6872692061683688,4,5,ari_average_quant,4,0.9371998753406274,False,False,0.9136545342431304
difficulty_level,1,medium,0.6872692061683688,4,5,ari_average_quant,5,0.9922299374833099,True,True,1.0
difficulty_level,1,medium,0.6872692061683688,4,5,ari_average_quant,6,0.8334130235932765,False,False,0.7724094606589826
difficulty_level,1,medium,0.6872692061683688,4,5,ari_average_quant,7,0.850589688539211,False,False,0.6851306911738401
difficulty_level,1,medium,0.6872692061683688,4,5,ari_generalizability,3,0.7162408144028829,False,False,0.7380168161421521
difficulty_level,1,medium,0.6872692061683688,4,5,ari_generalizability,4,0.9356950538386224,False,False,0.9136545342431304
difficulty_level,1,medium,0.6872692061683688,4,5,ari_generalizability,5,0.9844598749666198,True,True,1.0
difficulty_level,1,medium,0.6872692061683688,4,5,ari_generalizability,6,0.8197707231619222,False,False,0.7724094606589826
difficulty_level,1,medium,0.6872692061683688,4,5,ari_generalizability,7,0.8476525878429524,False,False,0.6851306911738401
difficulty_level,1,medium,0.6872692061683688,4,5,ari_generalizability_1se,3,0.7162408144028829,False,False,0.7380168161421521
difficulty_level,1,medium,0.6872692061683688,4,5,ari_generalizability_1se,4,0.9356950538386224,False,False,0.9136545342431304
difficulty_level,1,medium,0.6872692061683688,4,5,ari_generalizability_1se,5,0.9844598749666198,True,True,1.0
difficulty_level,1,medium,0.6872692061683688,4,5,ari_generalizability_1se,6,0.8197707231619222,False,False,0.7724094606589826
difficulty_level,1,medium,0.6872692061683688,4,5,ari_generalizability_1se,7,0.8476525878429524,False,False,0.6851306911738401
difficulty_level,1,medium,0.6872692061683688,4,5,ari_generalizability_quant,3,0.7162408144028829,False,False,0.7380168161421521
difficulty_level,1,medium,0.6872692061683688,4,5,ari_generalizability_quant,4,0.9356950538386224,False,False,0.9136545342431304
difficulty_level,1,medium,0.6872692061683688,4,5,ari_generalizability_quant,5,0.9844598749666198,True,True,1.0
difficulty_level,1,medium,0.6872692061683688,4,5,ari_generalizability_quant,6,0.8197707231619222,False,False,0.7724094606589826
difficulty_level,1,medium,0.6872692061683688,4,5,ari_generalizability_quant,7,0.8476525878429524,False,False,0.6851306911738401
difficulty_level,1,medium,0.6872692061683688,4,5,ari_stability,3,0.6485825950345182,False,False,0.7380168161421521
difficulty_level,1,medium,0.6872692061683688,4,5,ari_stability,4,0.9387046968426327,False,False,0.9136545342431304
difficulty_level,1,medium,0.6872692061683688,4,5,ari_stability,5,1.0,True,True,1.0
difficulty_level,1,medium,0.6872692061683688,4,5,ari_stability,6,0.8470553240246307,False,False,0.7724094606589826
difficulty_level,1,medium,0.6872692061683688,4,5,ari_stability,7,0.85352678923547,False,False,0.6851306911738401
difficulty_level,1,medium,0.6872692061683688,4,5,ari_stability_1se,3,0.6485825950345182,False,False,0.7380168161421521
difficulty_level,1,medium,0.6872692061683688,4,5,ari_stability_1se,4,0.9387046968426327,False,False,0.9136545342431304
difficulty_level,1,medium,0.6872692061683688,4,5,ari_stability_1se,5,1.0,True,True,1.0
difficulty_level,1,medium,0.6872692061683688,4,5,ari_stability_1se,6,0.8470553240246307,False,False,0.7724094606589826
difficulty_level,1,medium,0.6872692061683688,4,5,ari_stability_1se,7,0.85352678923547,False,False,0.6851306911738401
difficulty_level,1,medium,0.6872692061683688,4,5,ari_stability_quant,3,0.6485825950345182,False,False,0.7380168161421521
difficulty_level,1,medium,0.6872692061683688,4,5,ari_stability_quant,4,0.9387046968426327,False,False,0.9136545342431304
difficulty_level,1,medium,0.6872692061683688,4,5,ari_stability_quant,5,1.0,True,True,1.0
difficulty_level,1,medium,0.6872692061683688,4,5,ari_stability_quant,6,0.8470553240246307,False,False,0.7724094606589826
difficulty_level,1,medium,0.6872692061683688,4,5,ari_stability_quant,7,0.85352678923547,False,False,0.6851306911738401
difficulty_level,1,medium,0.6872692061683688,4,5,consensus_ce_stability,3,0.6737921853712733,False,False,0.7380168161421521
difficulty_level,1,medium,0.6872692061683688,4,5,consensus_ce_stability,4,0.9401449832617285,False,False,0.9136545342431304
difficulty_level,1,medium,0.6872692061683688,4,5,consensus_ce_stability,5,0.9999999999586944,True,True,1.0
difficulty_level,1,medium,0.6872692061683688,4,5,consensus_ce_stability,6,0.9051608990464708,False,False,0.7724094606589826
difficulty_level,1,medium,0.6872692061683688,4,5,consensus_ce_stability,7,0.9267125900120133,False,False,0.6851306911738401
difficulty_level,1,medium,0.6872692061683688,4,5,consensus_gini_stability,3,0.6996528166150138,False,False,0.7380168161421521
difficulty_level,1,medium,0.6872692061683688,4,5,consensus_gini_stability,4,0.9551078645481884,False,False,0.9136545342431304
difficulty_level,1,medium,0.6872692061683688,4,5,consensus_gini_stability,5,1.0,True,True,1.0
difficulty_level,1,medium,0.6872692061683688,4,5,consensus_gini_stability,6,0.9158207738545808,False,False,0.7724094606589826
difficulty_level,1,medium,0.6872692061683688,4,5,consensus_gini_stability,7,0.9348271423445209,False,False,0.6851306911738401
difficulty_level,1,medium,0.6872692061683688,4,5,consensus_pac_stability,3,0.6004723148765844,False,False,0.7380168161421521
difficulty_level,1,medium,0.6872692061683688,4,5,consensus_pac_stability,4,0.9047489437402713,False,False,0.9136545342431304
difficulty_level,1,medium,0.6872692061683688,4,5,consensus_pac_stability,5,1.0,True,True,1.0
difficulty_level,1,medium,0.6872692061683688,4,5,consensus_pac_stability,6,0.8732648432288193,False,False,0.7724094606589826
difficulty_level,1,medium,0.6872692061683688,4,5,consensus_pac_stability,7,0.9090718256615522,False,False,0.6851306911738401
difficulty_level,1,medium,0.6872692061683688,4,5,silhouette,3,0.09058092534343795,False,False,0.5180864002387975
difficulty_level,1,medium,0.6872692061683688,4,5,silhouette,4,0.14094817865905152,False,False,0.9136545342431304
difficulty_level,1,medium,0.6872692061683688,4,5,silhouette,5,0.15570916376249136,False,True,1.0
difficulty_level,1,medium,0.6872692061683688,4,5,silhouette,6,0.22388436657825253,False,False,0.7720985448517917
difficulty_level,1,medium,0.6872692061683688,4,5,silhouette,7,0.26228488258125093,True,False,0.6845803728808562
difficulty_level,1,medium,0.6872692061683688,4,5,gap,3,0.23891929995462924,False,False,0.5180864002387975
difficulty_level,1,medium,0.6872692061683688,4,5,gap,4,0.3211800099040527,False,False,0.9136545342431304
difficulty_level,1,medium,0.6872692061683688,4,5,gap,5,0.3571864551486801,False,True,1.0
difficulty_level,1,medium,0.6872692061683688,4,5,gap,6,0.5109135868055166,False,False,0.7720985448517917
difficulty_level,1,medium,0.6872692061683688,4,5,gap,7,0.6325306812895306,True,False,0.6845803728808562
difficulty_level,1,medium,0.6872692061683688,4,5,davies_bouldin,3,0.27723597089627916,False,False,0.5180864002387975
difficulty_level,1,medium,0.6872692061683688,4,5,davies_bouldin,4,0.27799909493897795,False,False,0.9136545342431304
difficulty_level,1,medium,0.6872692061683688,4,5,davies_bouldin,5,0.2939875356047378,False,True,1.0
difficulty_level,1,medium,0.6872692061683688,4,5,davies_bouldin,6,0.3124843626928708,False,False,0.7720985448517917
difficulty_level,1,medium,0.6872692061683688,4,5,davies_bouldin,7,0.33207836714269945,True,False,0.6845803728808562
difficulty_level,1,medium,0.6872692061683688,4,5,calinski_harabasz,3,106.10525809599619,False,False,0.5180864002387975
difficulty_level,1,medium,0.6872692061683688,4,5,calinski_harabasz,4,124.52918388674247,False,False,0.9136545342431304
difficulty_level,1,medium,0.6872692061683688,4,5,calinski_harabasz,5,113.70980823322742,False,True,1.0
difficulty_level,1,medium,0.6872692061683688,4,5,calinski_harabasz,6,158.84187528504586,False,False,0.7720985448517917
difficulty_level,1,medium,0.6872692061683688,4,5,calinski_harabasz,7,183.55546077110145,True,False,0.6845803728808562
difficulty_level,1,medium,0.7744659925086953,5,5,accuracy_generalizability,3,0.9805069537946492,False,False,0.6865990757617191
difficulty_level,1,medium,0.7744659925086953,5,5,accuracy_generalizability,4,0.9923337779113189,True,False,0.9202251123840086
difficulty_level,1,medium,0.7744659925086953,5,5,accuracy_generalizability,5,0.9769432027034884,False,True,1.0
difficulty_level,1,medium,0.7744659925086953,5,5,accuracy_generalizability,6,0.8371508283352571,False,False,0.8539262175410469
difficulty_level,1,medium,0.7744659925086953,5,5,accuracy_generalizability,7,0.7775058912368019,False,False,0.8080684877744632
difficulty_level,1,medium,0.7744659925086953,5,5,ari_average,3,0.9462600170204434,False,False,0.6865990757617191
difficulty_level,1,medium,0.7744659925086953,5,5,ari_average,4,0.9810130298478973,False,False,0.9202251123840086
difficulty_level,1,medium,0.7744659925086953,5,5,ari_average,5,0.9897340465804652,True,True,1.0
difficulty_level,1,medium,0.7744659925086953,5,5,ari_average,6,0.8522656507090182,False,False,0.8539262175410469
difficulty_level,1,medium,0.7744659925086953,5,5,ari_average,7,0.7856790768219275,False,False,0.8080684877744632
difficulty_level,1,medium,0.7744659925086953,5,5,ari_average_1se,3,0.9462600170204434,False,False,0.6865990757617191
difficulty_level,1,medium,0.7744659925086953,5,5,ari_average_1se,4,0.9810130298478973,False,False,0.9202251123840086
difficulty_level,1,medium,0.7744659925086953,5,5,ari_average_1se,5,0.9897340465804652,True,True,1.0
difficulty_level,1,medium,0.7744659925086953,5,5,ari_average_1se,6,0.8522656507090182,False,False,0.8539262175410469
difficulty_level,1,medium,0.7744659925086953,5,5,ari_average_1se,7,0.7856790768219275,False,False,0.8080684877744632
difficulty_level,1,medium,0.7744659925086953,5,5,ari_average_quant,3,0.9462600170204434,False,False,0.6865990757617191
difficulty_level,1,medium,0.7744659925086953,5,5,ari_average_quant,4,0.9810130298478973,False,False,0.9202251123840086
difficulty_level,1,medium,0.7744659925086953,5,5,ari_average_quant,5,0.9897340465804652,True,True,1.0
difficulty_level,1,medium,0.7744659925086953,5,5,ari_average_quant,6,0.8522656507090182,False,False,0.8539262175410469
difficulty_level,1,medium,0.7744659925086953,5,5,ari_average_quant,7,0.7856790768219275,False,False,0.8080684877744632
difficulty_level,1,medium,0.7744659925086953,5,5,ari_generalizability,3,0.9570325874047095,False,False,0.6865990757617191
difficulty_level,1,medium,0.7744659925086953,5,5,ari_generalizability,4,0.9872264534490387,True,False,0.9202251123840086
difficulty_level,1,medium,0.7744659925086953,5,5,ari_generalizability,5,0.9794680931609304,False,True,1.0
difficulty_level,1,medium,0.7744659925086953,5,5,ari_generalizability,6,0.8330123975756237,False,False,0.8539262175410469
difficulty_level,1,medium,0.7744659925086953,5,5,ari_generalizability,7,0.7772970481012231,False,False,0.8080684877744632
difficulty_level,1,medium,0.7744659925086953,5,5,ari_generalizability_1se,3,0.9570325874047095,False,False,0.6865990757617191
difficulty_level,1,medium,0.7744659925086953,5,5,ari_generalizability_1se,4,0.9872264534490387,True,False,0.9202251123840086
difficulty_level,1,medium,0.7744659925086953,5,5,ari_generalizability_1se,5,0.9794680931609304,False,True,1.0
difficulty_level,1,medium,0.7744659925086953,5,5,ari_generalizability_1se,6,0.8330123975756237,False,False,0.8539262175410469
difficulty_level,1,medium,0.7744659925086953,5,5,ari_generalizability_1se,7,0.7772970481012231,False,False,0.8080684877744632
difficulty_level,1,medium,0.7744659925086953,5,5,ari_generalizability_quant,3,0.9570325874047095,False,False,0.6865990757617191
difficulty_level,1,medium,0.7744659925086953,5,5,ari_generalizability_quant,4,0.9872264534490387,False,False,0.9202251123840086
difficulty_level,1,medium,0.7744659925086953,5,5,ari_generalizability_quant,5,0.9794680931609304,False,True,1.0
difficulty_level,1,medium,0.7744659925086953,5,5,ari_generalizability_quant,6,0.8330123975756237,True,False,0.8539262175410469
difficulty_level,1,medium,0.7744659925086953,5,5,ari_generalizability_quant,7,0.7772970481012231,False,False,0.8080684877744632
difficulty_level,1,medium,0.7744659925086953,5,5,ari_stability,3,0.9354874466361772,False,False,0.6865990757617191
difficulty_level,1,medium,0.7744659925086953,5,5,ari_stability,4,0.9747996062467559,False,False,0.9202251123840086
difficulty_level,1,medium,0.7744659925086953,5,5,ari_stability,5,1.0,True,True,1.0
difficulty_level,1,medium,0.7744659925086953,5,5,ari_stability,6,0.8715189038424124,False,False,0.8539262175410469
difficulty_level,1,medium,0.7744659925086953,5,5,ari_stability,7,0.7940611055426325,False,False,0.8080684877744632
difficulty_level,1,medium,0.7744659925086953,5,5,ari_stability_1se,3,0.9354874466361772,False,False,0.6865990757617191
difficulty_level,1,medium,0.7744659925086953,5,5,ari_stability_1se,4,0.9747996062467559,False,False,0.9202251123840086
difficulty_level,1,medium,0.7744659925086953,5,5,ari_stability_1se,5,1.0,True,True,1.0
difficulty_level,1,medium,0.7744659925086953,5,5,ari_stability_1se,6,0.8715189038424124,False,False,0.8539262175410469
difficulty_level,1,medium,0.7744659925086953,5,5,ari_stability_1se,7,0.7940611055426325,False,False,0.8080684877744632
difficulty_level,1,medium,0.7744659925086953,5,5,ari_stability_quant,3,0.9354874466361772,False,False,0.6865990757617191
difficulty_level,1,medium,0.7744659925086953,5,5,ari_stability_quant,4,0.9747996062467559,False,False,0.9202251123840086
difficulty_level,1,medium,0.7744659925086953,5,5,ari_stability_quant,5,1.0,True,True,1.0
difficulty_level,1,medium,0.7744659925086953,5,5,ari_stability_quant,6,0.8715189038424124,False,False,0.8539262175410469
difficulty_level,1,medium,0.7744659925086953,5,5,ari_stability_quant,7,0.7940611055426325,False,False,0.8080684877744632
difficulty_level,1,medium,0.7744659925086953,5,5,consensus_ce_stability,3,0.9212461516693817,False,False,0.6865990757617191
difficulty_level,1,medium,0.7744659925086953,5,5,consensus_ce_stability,4,0.9746417725941466,False,False,0.9202251123840086
difficulty_level,1,medium,0.7744659925086953,5,5,consensus_ce_stability,5,0.9999999999586944,True,True,1.0
difficulty_level,1,medium,0.7744659925086953,5,5,consensus_ce_stability,6,0.9014127746035907,False,False,0.8539262175410469
difficulty_level,1,medium,0.7744659925086953,5,5,consensus_ce_stability,7,0.8791327219162973,False,False,0.8080684877744632
difficulty_level,1,medium,0.7744659925086953,5,5,consensus_gini_stability,3,0.9443533759172315,False,False,0.6865990757617191
difficulty_level,1,medium,0.7744659925086953,5,5,consensus_gini_stability,4,0.9821134970135369,False,False,0.9202251123840086
difficulty_level,1,medium,0.7744659925086953,5,5,consensus_gini_stability,5,1.0,True,True,1.0
difficulty_level,1,medium,0.7744659925086953,5,5,consensus_gini_stability,6,0.9125127233253443,False,False,0.8539262175410469
difficulty_level,1,medium,0.7744659925086953,5,5,consensus_gini_stability,7,0.891311688713857,False,False,0.8080684877744632
difficulty_level,1,medium,0.7744659925086953,5,5,consensus_pac_stability,3,0.8376526573271069,False,False,0.6865990757617191
difficulty_level,1,medium,0.7744659925086953,5,5,consensus_pac_stability,4,0.9477820769401823,False,False,0.9202251123840086
difficulty_level,1,medium,0.7744659925086953,5,5,consensus_pac_stability,5,1.0,True,True,1.0
difficulty_level,1,medium,0.7744659925086953,5,5,consensus_pac_stability,6,0.8653564598621303,False,False,0.8539262175410469
difficulty_level,1,medium,0.7744659925086953,5,5,consensus_pac_stability,7,0.8409037135868357,False,False,0.8080684877744632
difficulty_level,1,medium,0.7744659925086953,5,5,silhouette,3,0.10104365460520554,False,False,0.6865990757617191
difficulty_level,1,medium,0.7744659925086953,5,5,silhouette,4,0.13941749923227514,False,False,0.8607061408571557
difficulty_level,1,medium,0.7744659925086953,5,5,silhouette,5,0.17007215722514737,False,True,1.0
difficulty_level,1,medium,0.7744659925086953,5,5,silhouette,6,0.1978177950909844,False,False,0.8538280957573601
difficulty_level,1,medium,0.7744659925086953,5,5,silhouette,7,0.22334082450692683,True,False,0.8280713675695038
difficulty_level,1,medium,0.7744659925086953,5,5,gap,3,0.2929633101802498,False,False,0.6865990757617191
difficulty_level,1,medium,0.7744659925086953,5,5,gap,4,0.35860260900683905,False,False,0.8607061408571557
difficulty_level,1,medium,0.7744659925086953,5,5,gap,5,0.41549142191732,False,True,1.0
difficulty_level,1,medium,0.7744659925086953,5,5,gap,6,0.4900460106812847,False,False,0.8538280957573601
difficulty_level,1,medium,0.7744659925086953,5,5,gap,7,0.5575145732669764,True,False,0.8280713675695038
difficulty_level,1,medium,0.7744659925086953,5,5,davies_bouldin,3,0.25767326045052413,False,False,0.6865990757617191
difficulty_level,1,medium,0.7744659925086953,5,5,davies_bouldin,4,0.2819704580721763,False,False,0.8607061408571557
difficulty_level,1,medium,0.7744659925086953,5,5,davies_bouldin,5,0.29623056355314326,False,True,1.0
difficulty_level,1,medium,0.7744659925086953,5,5,davies_bouldin,6,0.31831126129407505,False,False,0.8538280957573601
difficulty_level,1,medium,0.7744659925086953,5,5,davies_bouldin,7,0.3457598037293474,True,False,0.8280713675695038
difficulty_level,1,medium,0.7744659925086953,5,5,calinski_harabasz,3,120.23490918946167,False,False,0.6865990757617191
difficulty_level,1,medium,0.7744659925086953,5,5,calinski_harabasz,4,124.45128833592466,False,False,0.8607061408571557
difficulty_level,1,medium,0.7744659925086953,5,5,calinski_harabasz,5,124.10978987946555,False,True,1.0
difficulty_level,1,medium,0.7744659925086953,5,5,calinski_harabasz,6,132.5525337786416,False,False,0.8538280957573601
difficulty_level,1,medium,0.7744659925086953,5,5,calinski_harabasz,7,137.55605313055176,True,False,0.8280713675695038
difficulty_level,1,medium,1.0,6,5,accuracy_generalizability,3,0.7315196669347115,False,False,0.46301191439656325
difficulty_level,1,medium,1.0,6,5,accuracy_generalizability,4,0.8460575344662881,False,False,0.7775572217534447
difficulty_level,1,medium,1.0,6,5,accuracy_generalizability,5,1.0,True,True,1.0
difficulty_level,1,medium,1.0,6,5,accuracy_generalizability,6,0.8411797106279898,False,False,0.9118432447607101
difficulty_level,1,medium,1.0,6,5,accuracy_generalizability,7,0.7570581680389317,False,False,0.8963856017372054
difficulty_level,1,medium,1.0,6,5,ari_average,3,0.5556769601620581,False,False,0.46301191439656325
difficulty_level,1,medium,1.0,6,5,ari_average,4,0.7365864351206561,False,False,0.7775572217534447
difficulty_level,1,medium,1.0,6,5,ari_average,5,1.0,True,True,1.0
difficulty_level,1,medium,1.0,6,5,ari_average,6,0.8774488311542745,False,False,0.9118432447607101
difficulty_level,1,medium,1.0,6,5,ari_average,7,0.8106369802855181,False,False,0.8963856017372054
difficulty_level,1,medium,1.0,6,5,ari_average_1se,3,0.5556769601620581,False,False,0.46301191439656325
difficulty_level,1,medium,1.0,6,5,ari_average_1se,4,0.7365864351206561,False,False,0.7775572217534447
difficulty_level,1,medium,1.0,6,5,ari_average_1se,5,1.0,True,True,1.0
difficulty_level,1,medium,1.0,6,5,ari_average_1se,6,0.8774488311542745,False,False,0.9118432447607101
difficulty_level,1,medium,1.0,6,5,ari_average_1se,7,0.8106369802855181,False,False,0.8963856017372054
difficulty_level,1,medium,1.0,6,5,ari_average_quant,3,0.5556769601620581,False,False,0.46301191439656325
difficulty_level,1,medium,1.0,6,5,ari_average_quant,4,0.7365864351206561,False,False,0.7775572217534447
difficulty_level,1,medium,1.0,6,5,ari_average_quant,5,1.0,True,True,1.0
difficulty_level,1,medium,1.0,6,5,ari_average_quant,6,0.8774488311542745,False,False,0.9118432447607101
difficulty_level,1,medium,1.0,6,5,ari_average_quant,7,0.8106369802855181,False,False,0.8963856017372054
difficulty_level,1,medium,1.0,6,5,ari_generalizability,3,0.5201027738170357,False,False,0.46301191439656325
difficulty_level,1,medium,1.0,6,5,ari_generalizability,4,0.7104231517501246,False,False,0.7775572217534447
difficulty_level,1,medium,1.0,6,5,ari_generalizability,5,1.0,True,True,1.0
difficulty_level,1,medium,1.0,6,5,ari_generalizability,6,0.8684853591538381,False,False,0.9118432447607101
difficulty_level,1,medium,1.0,6,5,ari_generalizability,7,0.7772087785379489,False,False,0.8963856017372054
difficulty_level,1,medium,1.0,6,5,ari_generalizability_1se,3,0.5201027738170357,False,False,0.46301191439656325
difficulty_level,1,medium,1.0,6,5,ari_generalizability_1se,4,0.7104231517501246,False,False,0.7775572217534447
difficulty_level,1,medium,1.0,6,5,ari_generalizability_1se,5,1.0,True,True,1.0
difficulty_level,1,medium,1.0,6,5,ari_generalizability_1se,6,0.8684853591538381,False,False,0.9118432447607101
difficulty_level,1,medium,1.0,6,5,ari_generalizability_1se,7,0.7772087785379489,False,False,0.8963856017372054
difficulty_level,1,medium,1.0,6,5,ari_generalizability_quant,3,0.5201027738170357,False,False,0.46301191439656325
difficulty_level,1,medium,1.0,6,5,ari_generalizability_quant,4,0.7104231517501246,False,False,0.7775572217534447
difficulty_level,1,medium,1.0,6,5,ari_generalizability_quant,5,1.0,True,True,1.0
difficulty_level,1,medium,1.0,6,5,ari_generalizability_quant,6,0.8684853591538381,False,False,0.9118432447607101
difficulty_level,1,medium,1.0,6,5,ari_generalizability_quant,7,0.7772087785379489,False,False,0.8963856017372054
difficulty_level,1,medium,1.0,6,5,ari_stability,3,0.5912511465070803,False,False,0.46301191439656325
difficulty_level,1,medium,1.0,6,5,ari_stability,4,0.7627497184911871,False,False,0.7775572217534447
difficulty_level,1,medium,1.0,6,5,ari_stability,5,1.0,True,True,1.0
difficulty_level,1,medium,1.0,6,5,ari_stability,6,0.8864123031547111,False,False,0.9118432447607101
difficulty_level,1,medium,1.0,6,5,ari_stability,7,0.8440651820330869,False,False,0.8963856017372054
difficulty_level,1,medium,1.0,6,5,ari_stability_1se,3,0.5912511465070803,False,False,0.46301191439656325
difficulty_level,1,medium,1.0,6,5,ari_stability_1se,4,0.7627497184911871,False,False,0.7775572217534447
difficulty_level,1,medium,1.0,6,5,ari_stability_1se,5,1.0,True,True,1.0
difficulty_level,1,medium,1.0,6,5,ari_stability_1se,6,0.8864123031547111,False,False,0.9118432447607101
difficulty_level,1,medium,1.0,6,5,ari_stability_1se,7,0.8440651820330869,False,False,0.8963856017372054
difficulty_level,1,medium,1.0,6,5,ari_stability_quant,3,0.5912511465070803,False,False,0.46301191439656325
difficulty_level,1,medium,1.0,6,5,ari_stability_quant,4,0.7627497184911871,False,False,0.7775572217534447
difficulty_level,1,medium,1.0,6,5,ari_stability_quant,5,1.0,True,True,1.0
difficulty_level,1,medium,1.0,6,5,ari_stability_quant,6,0.8864123031547111,False,False,0.9118432447607101
difficulty_level,1,medium,1.0,6,5,ari_stability_quant,7,0.8440651820330869,False,False,0.8963856017372054
difficulty_level,1,medium,1.0,6,5,consensus_ce_stability,3,0.6156094901840085,False,False,0.46301191439656325
difficulty_level,1,medium,1.0,6,5,consensus_ce_stability,4,0.8150449792775781,False,False,0.7775572217534447
difficulty_level,1,medium,1.0,6,5,consensus_ce_stability,5,0.9999999999586944,True,True,1.0
difficulty_level,1,medium,1.0,6,5,consensus_ce_stability,6,0.9286107836289681,False,False,0.9118432447607101
difficulty_level,1,medium,1.0,6,5,consensus_ce_stability,7,0.9107551198732611,False,False,0.8963856017372054
difficulty_level,1,medium,1.0,6,5,consensus_gini_stability,3,0.6307976556409234,False,False,0.46301191439656325
difficulty_level,1,medium,1.0,6,5,consensus_gini_stability,4,0.8271617243079684,False,False,0.7775572217534447
difficulty_level,1,medium,1.0,6,5,consensus_gini_stability,5,1.0,True,True,1.0
difficulty_level,1,medium,1.0,6,5,consensus_gini_stability,6,0.9364038744490526,False,False,0.9118432447607101
difficulty_level,1,medium,1.0,6,5,consensus_gini_stability,7,0.9215124051407382,False,False,0.8963856017372054
difficulty_level,1,medium,1.0,6,5,consensus_pac_stability,3,0.5644776517678453,False,False,0.46301191439656325
difficulty_level,1,medium,1.0,6,5,consensus_pac_stability,4,0.7869575272403825,False,False,0.7775572217534447
difficulty_level,1,medium,1.0,6,5,consensus_pac_stability,5,1.0,True,True,1.0
difficulty_level,1,medium,1.0,6,5,consensus_pac_stability,6,0.9108543473426729,False,False,0.9118432447607101
difficulty_level,1,medium,1.0,6,5,consensus_pac_stability,7,0.8770202357126974,False,False,0.8963856017372054
difficulty_level,1,medium,1.0,6,5,silhouette,3,0.10936913879359113,False,False,0.46301191439656325
difficulty_level,1,medium,1.0,6,5,silhouette,4,0.157821270550974,False,False,0.8333981259479887
difficulty_level,1,medium,1.0,6,5,silhouette,5,0.17193790566151682,False,True,1.0
difficulty_level,1,medium,1.0,6,5,silhouette,6,0.2049879695030038,False,False,0.911879409262561
difficulty_level,1,medium,1.0,6,5,silhouette,7,0.22344218650554135,True,False,0.8343758354946609
difficulty_level,1,medium,1.0,6,5,gap,3,0.20063232375003714,False,False,0.46301191439656325
difficulty_level,1,medium,1.0,6,5,gap,4,0.2666171992211037,False,False,0.8333981259479887
difficulty_level,1,medium,1.0,6,5,gap,5,0.3160052589981337,False,True,1.0
difficulty_level,1,medium,1.0,6,5,gap,6,0.39005634657112154,False,False,0.911879409262561
difficulty_level,1,medium,1.0,6,5,gap,7,0.45591845313409607,True,False,0.8343758354946609
difficulty_level,1,medium,1.0,6,5,davies_bouldin,3,0.26090984230305064,False,False,0.46301191439656325
difficulty_level,1,medium,1.0,6,5,davies_bouldin,4,0.26259825178809293,False,False,0.8333981259479887
difficulty_level,1,medium,1.0,6,5,davies_bouldin,5,0.28744596778428944,False,True,1.0
difficulty_level,1,medium,1.0,6,5,davies_bouldin,6,0.30688196024789455,False,False,0.911879409262561
difficulty_level,1,medium,1.0,6,5,davies_bouldin,7,0.3236617755191841,True,False,0.8343758354946609
difficulty_level,1,medium,1.0,6,5,calinski_harabasz,3,111.00092478309097,False,False,0.46301191439656325
difficulty_level,1,medium,1.0,6,5,calinski_harabasz,4,118.12924258302132,False,False,0.8333981259479887
difficulty_level,1,medium,1.0,6,5,calinski_harabasz,5,115.34879349621447,False,True,1.0
difficulty_level,1,medium,1.0,6,5,calinski_harabasz,6,124.99606111655503,False,False,0.911879409262561
difficulty_level,1,medium,1.0,6,5,calinski_harabasz,7,130.18403203849033,True,False,0.8343758354946609
difficulty_level,1,medium,0.7319702697699808,7,5,accuracy_generalizability,3,0.7822828802611241,False,False,0.6613742468210964
difficulty_level,1,medium,0.7319702697699808,7,5,accuracy_generalizability,4,0.9767432570687449,False,False,0.8999922572334009
difficulty_level,1,medium,0.7319702697699808,7,5,accuracy_generalizability,5,1.0,True,True,1.0
difficulty_level,1,medium,0.7319702697699808,7,5,accuracy_generalizability,6,0.9173407883007652,False,False,0.8230714709686254
difficulty_level,1,medium,0.7319702697699808,7,5,accuracy_generalizability,7,0.9259922492381377,False,False,0.7512024785815258
difficulty_level,1,medium,0.7319702697699808,7,5,ari_average,3,0.6629396388529524,False,False,0.6613742468210964
difficulty_level,1,medium,0.7319702697699808,7,5,ari_average,4,0.9641361540008705,False,False,0.8999922572334009
difficulty_level,1,medium,0.7319702697699808,7,5,ari_average,5,1.0,True,True,1.0
difficulty_level,1,medium,0.7319702697699808,7,5,ari_average,6,0.887702728392532,False,False,0.8230714709686254
difficulty_level,1,medium,0.7319702697699808,7,5,ari_average,7,0.9241579462130788,False,False,0.7512024785815258
difficulty_level,1,medium,0.7319702697699808,7,5,ari_average_1se,3,0.6629396388529524,False,False,0.6613742468210964
difficulty_level,1,medium,0.7319702697699808,7,5,ari_average_1se,4,0.9641361540008705,False,False,0.8999922572334009
difficulty_level,1,medium,0.7319702697699808,7,5,ari_average_1se,5,1.0,True,True,1.0
difficulty_level,1,medium,0.7319702697699808,7,5,ari_average_1se,6,0.887702728392532,False,False,0.8230714709686254
difficulty_level,1,medium,0.7319702697699808,7,5,ari_average_1se,7,0.9241579462130788,False,False,0.7512024785815258
difficulty_level,1,medium,0.7319702697699808,7,5,ari_average_quant,3,0.6629396388529524,False,False,0.6613742468210964
difficulty_level,1,medium,0.7319702697699808,7,5,ari_average_quant,4,0.9641361540008705,False,False,0.8999922572334009
difficulty_level,1,medium,0.7319702697699808,7,5,ari_average_quant,5,1.0,True,True,1.0
difficulty_level,1,medium,0.7319702697699808,7,5,ari_average_quant,6,0.887702728392532,False,False,0.8230714709686254
difficulty_level,1,medium,0.7319702697699808,7,5,ari_average_quant,7,0.9241579462130788,False,False,0.7512024785815258
difficulty_level,1,medium,0.7319702697699808,7,5,ari_generalizability,3,0.6164944442489503,False,False,0.6613742468210964
difficulty_level,1,medium,0.7319702697699808,7,5,ari_generalizability,4,0.9564636430221737,False,False,0.8999922572334009
difficulty_level,1,medium,0.7319702697699808,7,5,ari_generalizability,5,1.0,True,True,1.0
difficulty_level,1,medium,0.7319702697699808,7,5,ari_generalizability,6,0.8694121143943283,False,False,0.8230714709686254
difficulty_level,1,medium,0.7319702697699808,7,5,ari_generalizability,7,0.9131366970337248,False,False,0.7512024785815258
difficulty_level,1,medium,0.7319702697699808,7,5,ari_generalizability_1se,3,0.6164944442489503,False,False,0.6613742468210964
difficulty_level,1,medium,0.7319702697699808,7,5,ari_generalizability_1se,4,0.9564636430221737,False,False,0.8999922572334009
difficulty_level,1,medium,0.7319702697699808,7,5,ari_generalizability_1se,5,1.0,True,True,1.0
difficulty_level,1,medium,0.7319702697699808,7,5,ari_generalizability_1se,6,0.8694121143943283,False,False,0.8230714709686254
difficulty_level,1,medium,0.7319702697699808,7,5,ari_generalizability_1se,7,0.9131366970337248,False,False,0.7512024785815258
difficulty_level,1,medium,0.7319702697699808,7,5,ari_generalizability_quant,3,0.6164944442489503,False,False,0.6613742468210964
difficulty_level,1,medium,0.7319702697699808,7,5,ari_generalizability_quant,4,0.9564636430221737,False,False,0.8999922572334009
difficulty_level,1,medium,0.7319702697699808,7,5,ari_generalizability_quant,5,1.0,True,True,1.0
difficulty_level,1,medium,0.7319702697699808,7,5,ari_generalizability_quant,6,0.8694121143943283,False,False,0.8230714709686254
difficulty_level,1,medium,0.7319702697699808,7,5,ari_generalizability_quant,7,0.9131366970337248,False,False,0.7512024785815258
difficulty_level,1,medium,0.7319702697699808,7,5,ari_stability,3,0.7093848334569545,False,False,0.6613742468210964
difficulty_level,1,medium,0.7319702697699808,7,5,ari_stability,4,0.9718086649795672,False,False,0.8999922572334009
difficulty_level,1,medium,0.7319702697699808,7,5,ari_stability,5,1.0,True,True,1.0
difficulty_level,1,medium,0.7319702697699808,7,5,ari_stability,6,0.9059933423907356,False,False,0.8230714709686254
difficulty_level,1,medium,0.7319702697699808,7,5,ari_stability,7,0.9351791953924328,False,False,0.7512024785815258
difficulty_level,1,medium,0.7319702697699808,7,5,ari_stability_1se,3,0.7093848334569545,False,False,0.6613742468210964
difficulty_level,1,medium,0.7319702697699808,7,5,ari_stability_1se,4,0.9718086649795672,False,False,0.8999922572334009
difficulty_level,1,medium,0.7319702697699808,7,5,ari_stability_1se,5,1.0,True,True,1.0
difficulty_level,1,medium,0.7319702697699808,7,5,ari_stability_1se,6,0.9059933423907356,False,False,0.8230714709686254
difficulty_level,1,medium,0.7319702697699808,7,5,ari_stability_1se,7,0.9351791953924328,False,False,0.7512024785815258
difficulty_level,1,medium,0.7319702697699808,7,5,ari_stability_quant,3,0.7093848334569545,False,False,0.6613742468210964
difficulty_level,1,medium,0.7319702697699808,7,5,ari_stability_quant,4,0.9718086649795672,False,False,0.8999922572334009
difficulty_level,1,medium,0.7319702697699808,7,5,ari_stability_quant,5,1.0,True,True,1.0
difficulty_level,1,medium,0.7319702697699808,7,5,ari_stability_quant,6,0.9059933423907356,False,False,0.8230714709686254
difficulty_level,1,medium,0.7319702697699808,7,5,ari_stability_quant,7,0.9351791953924328,False,False,0.7512024785815258
difficulty_level,1,medium,0.7319702697699808,7,5,consensus_ce_stability,3,0.6854760650299944,False,False,0.6613742468210964
difficulty_level,1,medium,0.7319702697699808,7,5,consensus_ce_stability,4,0.982777156810312,False,False,0.8999922572334009
difficulty_level,1,medium,0.7319702697699808,7,5,consensus_ce_stability,5,0.9999999999586944,True,True,1.0
difficulty_level,1,medium,0.7319702697699808,7,5,consensus_ce_stability,6,0.9409971855310206,False,False,0.8230714709686254
difficulty_level,1,medium,0.7319702697699808,7,5,consensus_ce_stability,7,0.9639872895879782,False,False,0.7512024785815258
difficulty_level,1,medium,0.7319702697699808,7,5,consensus_gini_stability,3,0.7102949271238,False,False,0.6613742468210964
difficulty_level,1,medium,0.7319702697699808,7,5,consensus_gini_stability,4,0.9890079482345105,False,False,0.8999922572334009
difficulty_level,1,medium,0.7319702697699808,7,5,consensus_gini_stability,5,1.0,True,True,1.0
difficulty_level,1,medium,0.7319702697699808,7,5,consensus_gini_stability,6,0.9485348199604099,False,False,0.8230714709686254
difficulty_level,1,medium,0.7319702697699808,7,5,consensus_gini_stability,7,0.9711311390551401,False,False,0.7512024785815258
difficulty_level,1,medium,0.7319702697699808,7,5,consensus_pac_stability,3,0.5954129419613076,False,False,0.6613742468210964
difficulty_level,1,medium,0.7319702697699808,7,5,consensus_pac_stability,4,0.9801725594841005,False,False,0.8999922572334009
difficulty_level,1,medium,0.7319702697699808,7,5,consensus_pac_stability,5,1.0,True,True,1.0
difficulty_level,1,medium,0.7319702697699808,7,5,consensus_pac_stability,6,0.9208138759172781,False,False,0.8230714709686254
difficulty_level,1,medium,0.7319702697699808,7,5,consensus_pac_stability,7,0.9464247275961752,False,False,0.7512024785815258
difficulty_level,1,medium,0.7319702697699808,7,5,silhouette,3,0.13320668345277012,False,False,0.6613742468210964
difficulty_level,1,medium,0.7319702697699808,7,5,silhouette,4,0.1608443162122516,False,False,0.8999922572334009
difficulty_level,1,medium,0.7319702697699808,7,5,silhouette,5,0.19250776905765649,False,True,0.7319702697699808
difficulty_level,1,medium,0.7319702697699808,7,5,silhouette,6,0.22160595228177674,False,False,0.8201022530712856
difficulty_level,1,medium,0.7319702697699808,7,5,silhouette,7,0.2701495944026019,True,False,0.7512219440484563
difficulty_level,1,medium,0.7319702697699808,7,5,gap,3,0.2738207756635678,False,False,0.6613742468210964
difficulty_level,1,medium,0.7319702697699808,7,5,gap,4,0.33939849066673666,False,False,0.8999922572334009
difficulty_level,1,medium,0.7319702697699808,7,5,gap,5,0.39551899069696184,False,True,0.7319702697699808
difficulty_level,1,medium,0.7319702697699808,7,5,gap,6,0.47863441279512386,False,False,0.8201022530712856
difficulty_level,1,medium,0.7319702697699808,7,5,gap,7,0.6148570765129371,True,False,0.7512219440484563
difficulty_level,1,medium,0.7319702697699808,7,5,davies_bouldin,3,0.261470121874874,False,False,0.6613742468210964
difficulty_level,1,medium,0.7319702697699808,7,5,davies_bouldin,4,0.2806449316097341,False,False,0.8999922572334009
difficulty_level,1,medium,0.7319702697699808,7,5,davies_bouldin,5,0.30291501722495606,False,True,0.7319702697699808
difficulty_level,1,medium,0.7319702697699808,7,5,davies_bouldin,6,0.31482791724347514,False,False,0.8201022530712856
difficulty_level,1,medium,0.7319702697699808,7,5,davies_bouldin,7,0.34023792117141893,True,False,0.7512219440484563
difficulty_level,1,medium,0.7319702697699808,7,5,calinski_harabasz,3,131.0117299580457,False,False,0.6613742468210964
difficulty_level,1,medium,0.7319702697699808,7,5,calinski_harabasz,4,132.1606442941071,False,False,0.8999922572334009
difficulty_level,1,medium,0.7319702697699808,7,5,calinski_harabasz,5,130.0482667290275,False,True,0.7319702697699808
difficulty_level,1,medium,0.7319702697699808,7,5,calinski_harabasz,6,141.39240593052563,False,False,0.8201022530712856
difficulty_level,1,medium,0.7319702697699808,7,5,calinski_harabasz,7,173.60876936971692,True,False,0.7512219440484563
difficulty_level,1,medium,0.6822695199237561,8,5,accuracy_generalizability,3,0.8718397271824939,False,False,0.7230825603000417
difficulty_level,1,medium,0.6822695199237561,8,5,accuracy_generalizability,4,0.9860686483440407,True,False,0.9273358870370416
difficulty_level,1,medium,0.6822695199237561,8,5,accuracy_generalizability,5,0.924285612307153,False,True,1.0
difficulty_level,1,medium,0.6822695199237561,8,5,accuracy_generalizability,6,0.875299149238434,False,False,0.7579229364559684
difficulty_level,1,medium,0.6822695199237561,8,5,accuracy_generalizability,7,0.8833399145141475,False,False,0.6558978886756731
difficulty_level,1,medium,0.6822695199237561,8,5,ari_average,3,0.8719573181110348,False,False,0.7230825603000417
difficulty_level,1,medium,0.6822695199237561,8,5,ari_average,4,0.9789913638876878,True,False,0.9273358870370416
difficulty_level,1,medium,0.6822695199237561,8,5,ari_average,5,0.9588562812546912,False,True,1.0
difficulty_level,1,medium,0.6822695199237561,8,5,ari_average,6,0.8311254994273284,False,False,0.7579229364559684
difficulty_level,1,medium,0.6822695199237561,8,5,ari_average,7,0.845599177392752,False,False,0.6558978886756731
difficulty_level,1,medium,0.6822695199237561,8,5,ari_average_1se,3,0.8719573181110348,False,False,0.7230825603000417
difficulty_level,1,medium,0.6822695199237561,8,5,ari_average_1se,4,0.9789913638876878,True,False,0.9273358870370416
difficulty_level,1,medium,0.6822695199237561,8,5,ari_average_1se,5,0.9588562812546912,False,True,1.0
difficulty_level,1,medium,0.6822695199237561,8,5,ari_average_1se,6,0.8311254994273284,False,False,0.7579229364559684
difficulty_level,1,medium,0.6822695199237561,8,5,ari_average_1se,7,0.845599177392752,False,False,0.6558978886756731
difficulty_level,1,medium,0.6822695199237561,8,5,ari_average_quant,3,0.8719573181110348,False,False,0.7230825603000417
difficulty_level,1,medium,0.6822695199237561,8,5,ari_average_quant,4,0.9789913638876878,False,False,0.9273358870370416
difficulty_level,1,medium,0.6822695199237561,8,5,ari_average_quant,5,0.9588562812546912,True,True,1.0
difficulty_level,1,medium,0.6822695199237561,8,5,ari_average_quant,6,0.8311254994273284,False,False,0.7579229364559684
difficulty_level,1,medium,0.6822695199237561,8,5,ari_average_quant,7,0.845599177392752,False,False,0.6558978886756731
difficulty_level,1,medium,0.6822695199237561,8,5,ari_generalizability,3,0.8099690394987538,False,False,0.7230825603000417
difficulty_level,1,medium,0.6822695199237561,8,5,ari_generalizability,4,0.9777652840796901,True,False,0.9273358870370416
difficulty_level,1,medium,0.6822695199237561,8,5,ari_generalizability,5,0.9177125625093825,False,True,1.0
difficulty_level,1,medium,0.6822695199237561,8,5,ari_generalizability,6,0.7984420822908826,False,False,0.7579229364559684
difficulty_level,1,medium,0.6822695199237561,8,5,ari_generalizability,7,0.8373720149145233,False,False,0.6558978886756731
difficulty_level,1,medium,0.6822695199237561,8,5,ari_generalizability_1se,3,0.8099690394987538,False,False,0.7230825603000417
difficulty_level,1,medium,0.6822695199237561,8,5,ari_generalizability_1se,4,0.9777652840796901,True,False,0.9273358870370416
difficulty_level,1,medium,0.6822695199237561,8,5,ari_generalizability_1se,5,0.9177125625093825,False,True,1.0
difficulty_level,1,medium,0.6822695199237561,8,5,ari_generalizability_1se,6,0.7984420822908826,False,False,0.7579229364559684
difficulty_level,1,medium,0.6822695199237561,8,5,ari_generalizability_1se,7,0.8373720149145233,False,False,0.6558978886756731
difficulty_level,1,medium,0.6822695199237561,8,5,ari_generalizability_quant,3,0.8099690394987538,False,False,0.7230825603000417
difficulty_level,1,medium,0.6822695199237561,8,5,ari_generalizability_quant,4,0.9777652840796901,False,False,0.9273358870370416
difficulty_level,1,medium,0.6822695199237561,8,5,ari_generalizability_quant,5,0.9177125625093825,False,True,1.0
difficulty_level,1,medium,0.6822695199237561,8,5,ari_generalizability_quant,6,0.7984420822908826,False,False,0.7579229364559684
difficulty_level,1,medium,0.6822695199237561,8,5,ari_generalizability_quant,7,0.8373720149145233,True,False,0.6558978886756731
difficulty_level,1,medium,0.6822695199237561,8,5,ari_stability,3,0.9339455967233161,False,False,0.7230825603000417
difficulty_level,1,medium,0.6822695199237561,8,5,ari_stability,4,0.9802174436956855,False,False,0.9273358870370416
difficulty_level,1,medium,0.6822695199237561,8,5,ari_stability,5,1.0,True,True,1.0
difficulty_level,1,medium,0.6822695199237561,8,5,ari_stability,6,0.8638089165637745,False,False,0.7579229364559684
difficulty_level,1,medium,0.6822695199237561,8,5,ari_stability,7,0.8538263398709806,False,False,0.6558978886756731
difficulty_level,1,medium,0.6822695199237561,8,5,ari_stability_1se,3,0.9339455967233161,False,False,0.7230825603000417
difficulty_level,1,medium,0.6822695199237561,8,5,ari_stability_1se,4,0.9802174436956855,False,False,0.9273358870370416
difficulty_level,1,medium,0.6822695199237561,8,5,ari_stability_1se,5,1.0,True,True,1.0
difficulty_level,1,medium,0.6822695199237561,8,5,ari_stability_1se,6,0.8638089165637745,False,False,0.7579229364559684
difficulty_level,1,medium,0.6822695199237561,8,5,ari_stability_1se,7,0.8538263398709806,False,False,0.6558978886756731
difficulty_level,1,medium,0.6822695199237561,8,5,ari_stability_quant,3,0.9339455967233161,False,False,0.7230825603000417
difficulty_level,1,medium,0.6822695199237561,8,5,ari_stability_quant,4,0.9802174436956855,False,False,0.9273358870370416
difficulty_level,1,medium,0.6822695199237561,8,5,ari_stability_quant,5,1.0,True,True,1.0
difficulty_level,1,medium,0.6822695199237561,8,5,ari_stability_quant,6,0.8638089165637745,False,False,0.7579229364559684
difficulty_level,1,medium,0.6822695199237561,8,5,ari_stability_quant,7,0.8538263398709806,False,False,0.6558978886756731
difficulty_level,1,medium,0.6822695199237561,8,5,consensus_ce_stability,3,0.9129981265849578,False,False,0.7230825603000417
difficulty_level,1,medium,0.6822695199237561,8,5,consensus_ce_stability,4,0.9761155035989514,False,False,0.9273358870370416
difficulty_level,1,medium,0.6822695199237561,8,5,consensus_ce_stability,5,0.9999999999586944,True,True,1.0
difficulty_level,1,medium,0.6822695199237561,8,5,consensus_ce_stability,6,0.9128249053662195,False,False,0.7579229364559684
difficulty_level,1,medium,0.6822695199237561,8,5,consensus_ce_stability,7,0.9220172362768967,False,False,0.6558978886756731
difficulty_level,1,medium,0.6822695199237561,8,5,consensus_gini_stability,3,0.9316226096622034,False,False,0.7230825603000417
difficulty_level,1,medium,0.6822695199237561,8,5,consensus_gini_stability,4,0.9825852276593071,False,False,0.9273358870370416
difficulty_level,1,medium,0.6822695199237561,8,5,consensus_gini_stability,5,1.0,True,True,1.0
difficulty_level,1,medium,0.6822695199237561,8,5,consensus_gini_stability,6,0.925575274796197,False,False,0.7579229364559684
difficulty_level,1,medium,0.6822695199237561,8,5,consensus_gini_stability,7,0.9334262916281953,False,False,0.6558978886756731
difficulty_level,1,medium,0.6822695199237561,8,5,consensus_pac_stability,3,0.8378981543251056,False,False,0.7230825603000417
difficulty_level,1,medium,0.6822695199237561,8,5,consensus_pac_stability,4,0.9498928174338448,False,False,0.9273358870370416
difficulty_level,1,medium,0.6822695199237561,8,5,consensus_pac_stability,5,1.0,True,True,1.0
difficulty_level,1,medium,0.6822695199237561,8,5,consensus_pac_stability,6,0.8749833222148099,False,False,0.7579229364559684
difficulty_level,1,medium,0.6822695199237561,8,5,consensus_pac_stability,7,0.8959661996886813,False,False,0.6558978886756731
difficulty_level,1,medium,0.6822695199237561,8,5,silhouette,3,0.13895735775874557,False,False,0.7970026164691552
difficulty_level,1,medium,0.6822695199237561,8,5,silhouette,4,0.15915833177852778,False,False,0.9273358870370416
difficulty_level,1,medium,0.6822695199237561,8,5,silhouette,5,0.2141382690909729,False,True,0.6822695199237561
difficulty_level,1,medium,0.6822695199237561,8,5,silhouette,6,0.2213160163628913,False,False,0.7542524472724985
difficulty_level,1,medium,0.6822695199237561,8,5,silhouette,7,0.23185373044321653,True,False,0.6579566445350509
difficulty_level,1,medium,0.6822695199237561,8,5,gap,3,0.24026503980044467,False,False,0.7970026164691552
difficulty_level,1,medium,0.6822695199237561,8,5,gap,4,0.30460196963498554,False,False,0.9273358870370416
difficulty_level,1,medium,0.6822695199237561,8,5,gap,5,0.4449473409202849,False,True,0.6822695199237561
difficulty_level,1,medium,0.6822695199237561,8,5,gap,6,0.46972201029754856,False,False,0.7542524472724985
difficulty_level,1,medium,0.6822695199237561,8,5,gap,7,0.5633386894368453,True,False,0.6579566445350509
difficulty_level,1,medium,0.6822695199237561,8,5,davies_bouldin,3,0.23545767461627817,False,False,0.7970026164691552
difficulty_level,1,medium,0.6822695199237561,8,5,davies_bouldin,4,0.2742165953462663,False,False,0.9273358870370416
difficulty_level,1,medium,0.6822695199237561,8,5,davies_bouldin,5,0.29837983493212433,False,True,0.6822695199237561
difficulty_level,1,medium,0.6822695199237561,8,5,davies_bouldin,6,0.307956460738786,False,False,0.7542524472724985
difficulty_level,1,medium,0.6822695199237561,8,5,davies_bouldin,7,0.3250051759266397,True,False,0.6579566445350509
difficulty_level,1,medium,0.6822695199237561,8,5,calinski_harabasz,3,116.79480173362622,False,False,0.7970026164691552
difficulty_level,1,medium,0.6822695199237561,8,5,calinski_harabasz,4,121.02567382507685,False,False,0.9273358870370416
difficulty_level,1,medium,0.6822695199237561,8,5,calinski_harabasz,5,164.52312752446858,True,True,0.6822695199237561
difficulty_level,1,medium,0.6822695199237561,8,5,calinski_harabasz,6,145.14457557991764,False,False,0.7542524472724985
difficulty_level,1,medium,0.6822695199237561,8,5,calinski_harabasz,7,159.1036720072564,False,False,0.6579566445350509
difficulty_level,1,medium,0.6892408514578277,9,5,accuracy_generalizability,3,0.9927150530239068,True,False,0.808061596772815
difficulty_level,1,medium,0.6892408514578277,9,5,accuracy_generalizability,4,0.8967413460569901,False,False,0.9342004189189683
difficulty_level,1,medium,0.6892408514578277,9,5,accuracy_generalizability,5,0.8280615103504245,False,True,1.0
difficulty_level,1,medium,0.6892408514578277,9,5,accuracy_generalizability,6,0.8153784435915425,False,False,0.7562959393767112
difficulty_level,1,medium,0.6892408514578277,9,5,accuracy_generalizability,7,0.8442066415265237,False,False,0.6606703038087685
difficulty_level,1,medium,0.6892408514578277,9,5,ari_average,3,0.991264266661761,True,False,0.808061596772815
difficulty_level,1,medium,0.6892408514578277,9,5,ari_average,4,0.9081403613273857,False,False,0.9342004189189683
difficulty_level,1,medium,0.6892408514578277,9,5,ari_average,5,0.9129324244171658,False,True,1.0
difficulty_level,1,medium,0.6892408514578277,9,5,ari_average,6,0.8123027635220168,False,False,0.7562959393767112
difficulty_level,1,medium,0.6892408514578277,9,5,ari_average,7,0.8438951654953946,False,False,0.6606703038087685
difficulty_level,1,medium,0.6892408514578277,9,5,ari_average_1se,3,0.991264266661761,True,False,0.808061596772815
difficulty_level,1,medium,0.6892408514578277,9,5,ari_average_1se,4,0.9081403613273857,False,False,0.9342004189189683
difficulty_level,1,medium,0.6892408514578277,9,5,ari_average_1se,5,0.9129324244171658,False,True,1.0
difficulty_level,1,medium,0.6892408514578277,9,5,ari_average_1se,6,0.8123027635220168,False,False,0.7562959393767112
difficulty_level,1,medium,0.6892408514578277,9,5,ari_average_1se,7,0.8438951654953946,False,False,0.6606703038087685
difficulty_level,1,medium,0.6892408514578277,9,5,ari_average_quant,3,0.991264266661761,True,False,0.808061596772815
difficulty_level,1,medium,0.6892408514578277,9,5,ari_average_quant,4,0.9081403613273857,False,False,0.9342004189189683
difficulty_level,1,medium,0.6892408514578277,9,5,ari_average_quant,5,0.9129324244171658,False,True,1.0
difficulty_level,1,medium,0.6892408514578277,9,5,ari_average_quant,6,0.8123027635220168,False,False,0.7562959393767112
difficulty_level,1,medium,0.6892408514578277,9,5,ari_average_quant,7,0.8438951654953946,False,False,0.6606703038087685
difficulty_level,1,medium,0.6892408514578277,9,5,ari_generalizability,3,0.9891987688478165,True,False,0.808061596772815
difficulty_level,1,medium,0.6892408514578277,9,5,ari_generalizability,4,0.8804174098168086,False,False,0.9342004189189683
difficulty_level,1,medium,0.6892408514578277,9,5,ari_generalizability,5,0.8258648488343318,False,True,1.0
difficulty_level,1,medium,0.6892408514578277,9,5,ari_generalizability,6,0.7589340389609329,False,False,0.7562959393767112
difficulty_level,1,medium,0.6892408514578277,9,5,ari_generalizability,7,0.7996944333392902,False,False,0.6606703038087685
difficulty_level,1,medium,0.6892408514578277,9,5,ari_generalizability_1se,3,0.9891987688478165,True,False,0.808061596772815
difficulty_level,1,medium,0.6892408514578277,9,5,ari_generalizability_1se,4,0.8804174098168086,False,False,0.9342004189189683
difficulty_level,1,medium,0.6892408514578277,9,5,ari_generalizability_1se,5,0.8258648488343318,False,True,1.0
difficulty_level,1,medium,0.6892408514578277,9,5,ari_generalizability_1se,6,0.7589340389609329,False,False,0.7562959393767112
difficulty_level,1,medium,0.6892408514578277,9,5,ari_generalizability_1se,7,0.7996944333392902,False,False,0.6606703038087685
difficulty_level,1,medium,0.6892408514578277,9,5,ari_generalizability_quant,3,0.9891987688478165,True,False,0.808061596772815
difficulty_level,1,medium,0.6892408514578277,9,5,ari_generalizability_quant,4,0.8804174098168086,False,False,0.9342004189189683
difficulty_level,1,medium,0.6892408514578277,9,5,ari_generalizability_quant,5,0.8258648488343318,False,True,1.0
difficulty_level,1,medium,0.6892408514578277,9,5,ari_generalizability_quant,6,0.7589340389609329,False,False,0.7562959393767112
difficulty_level,1,medium,0.6892408514578277,9,5,ari_generalizability_quant,7,0.7996944333392902,False,False,0.6606703038087685
difficulty_level,1,medium,0.6892408514578277,9,5,ari_stability,3,0.9933297644757053,False,False,0.808061596772815
difficulty_level,1,medium,0.6892408514578277,9,5,ari_stability,4,0.9358633128379634,False,False,0.9342004189189683
difficulty_level,1,medium,0.6892408514578277,9,5,ari_stability,5,1.0,True,True,1.0
difficulty_level,1,medium,0.6892408514578277,9,5,ari_stability,6,0.8656714880831009,False,False,0.7562959393767112
difficulty_level,1,medium,0.6892408514578277,9,5,ari_stability,7,0.8880958976514985,False,False,0.6606703038087685
difficulty_level,1,medium,0.6892408514578277,9,5,ari_stability_1se,3,0.9933297644757053,False,False,0.808061596772815
difficulty_level,1,medium,0.6892408514578277,9,5,ari_stability_1se,4,0.9358633128379634,False,False,0.9342004189189683
difficulty_level,1,medium,0.6892408514578277,9,5,ari_stability_1se,5,1.0,True,True,1.0
difficulty_level,1,medium,0.6892408514578277,9,5,ari_stability_1se,6,0.8656714880831009,False,False,0.7562959393767112
difficulty_level,1,medium,0.6892408514578277,9,5,ari_stability_1se,7,0.8880958976514985,False,False,0.6606703038087685
difficulty_level,1,medium,0.6892408514578277,9,5,ari_stability_quant,3,0.9933297644757053,False,False,0.808061596772815
difficulty_level,1,medium,0.6892408514578277,9,5,ari_stability_quant,4,0.9358633128379634,False,False,0.9342004189189683
difficulty_level,1,medium,0.6892408514578277,9,5,ari_stability_quant,5,1.0,True,True,1.0
difficulty_level,1,medium,0.6892408514578277,9,5,ari_stability_quant,6,0.8656714880831009,False,False,0.7562959393767112
difficulty_level,1,medium,0.6892408514578277,9,5,ari_stability_quant,7,0.8880958976514985,False,False,0.6606703038087685
difficulty_level,1,medium,0.6892408514578277,9,5,consensus_ce_stability,3,0.9800840020257506,False,False,0.808061596772815
difficulty_level,1,medium,0.6892408514578277,9,5,consensus_ce_stability,4,0.9466594579461962,False,False,0.9342004189189683
difficulty_level,1,medium,0.6892408514578277,9,5,consensus_ce_stability,5,0.9999999999586944,True,True,1.0
difficulty_level,1,medium,0.6892408514578277,9,5,consensus_ce_stability,6,0.9081512358297789,False,False,0.7562959393767112
difficulty_level,1,medium,0.6892408514578277,9,5,consensus_ce_stability,7,0.9357434386975666,False,False,0.6606703038087685
difficulty_level,1,medium,0.6892408514578277,9,5,consensus_gini_stability,3,0.9877998227040462,False,False,0.808061596772815
difficulty_level,1,medium,0.6892408514578277,9,5,consensus_gini_stability,4,0.9469545081421141,False,False,0.9342004189189683
difficulty_level,1,medium,0.6892408514578277,9,5,consensus_gini_stability,5,1.0,True,True,1.0
difficulty_level,1,medium,0.6892408514578277,9,5,consensus_gini_stability,6,0.9209011303673552,False,False,0.7562959393767112
difficulty_level,1,medium,0.6892408514578277,9,5,consensus_gini_stability,7,0.9458881056273865,False,False,0.6606703038087685
difficulty_level,1,medium,0.6892408514578277,9,5,consensus_pac_stability,3,0.9867742939737603,False,False,0.808061596772815
difficulty_level,1,medium,0.6892408514578277,9,5,consensus_pac_stability,4,0.9458661329775406,False,False,0.9342004189189683
difficulty_level,1,medium,0.6892408514578277,9,5,consensus_pac_stability,5,1.0,True,True,1.0
difficulty_level,1,medium,0.6892408514578277,9,5,consensus_pac_stability,6,0.8717562819657549,False,False,0.7562959393767112
difficulty_level,1,medium,0.6892408514578277,9,5,consensus_pac_stability,7,0.9108427840782745,False,False,0.6606703038087685
difficulty_level,1,medium,0.6892408514578277,9,5,silhouette,3,0.13347878121184606,False,False,0.808061596772815
difficulty_level,1,medium,0.6892408514578277,9,5,silhouette,4,0.13815202351283176,False,False,0.9342004189189683
difficulty_level,1,medium,0.6892408514578277,9,5,silhouette,5,0.21135674160848983,False,True,0.6892408514578277
difficulty_level,1,medium,0.6892408514578277,9,5,silhouette,6,0.20313996246888777,False,False,0.7554185069746636
difficulty_level,1,medium,0.6892408514578277,9,5,silhouette,7,0.24731341684399763,True,False,0.6669958494228485
difficulty_level,1,medium,0.6892408514578277,9,5,gap,3,0.29365747960563837,False,False,0.808061596772815
difficulty_level,1,medium,0.6892408514578277,9,5,gap,4,0.31484269989737257,False,False,0.9342004189189683
difficulty_level,1,medium,0.6892408514578277,9,5,gap,5,0.47483390129475644,False,True,0.6892408514578277
difficulty_level,1,medium,0.6892408514578277,9,5,gap,6,0.4874824684491781,False,False,0.7554185069746636
difficulty_level,1,medium,0.6892408514578277,9,5,gap,7,0.5880141683064224,True,False,0.6669958494228485
difficulty_level,1,medium,0.6892408514578277,9,5,davies_bouldin,3,0.2600650924054719,False,False,0.808061596772815
difficulty_level,1,medium,0.6892408514578277,9,5,davies_bouldin,4,0.258301421846856,False,False,0.9342004189189683
difficulty_level,1,medium,0.6892408514578277,9,5,davies_bouldin,5,0.28384294308337876,False,True,0.6892408514578277
difficulty_level,1,medium,0.6892408514578277,9,5,davies_bouldin,6,0.3090046535679888,False,False,0.7554185069746636
difficulty_level,1,medium,0.6892408514578277,9,5,davies_bouldin,7,0.32412625780078175,True,False,0.6669958494228485
difficulty_level,1,medium,0.6892408514578277,9,5,calinski_harabasz,3,156.87181335838105,False,False,0.808061596772815
difficulty_level,1,medium,0.6892408514578277,9,5,calinski_harabasz,4,122.70521625964322,False,False,0.9342004189189683
difficulty_level,1,medium,0.6892408514578277,9,5,calinski_harabasz,5,176.59844243236932,True,True,0.6892408514578277
difficulty_level,1,medium,0.6892408514578277,9,5,calinski_harabasz,6,149.40887559032015,False,False,0.7554185069746636
difficulty_level,1,medium,0.6892408514578277,9,5,calinski_harabasz,7,166.24908413816638,False,False,0.6669958494228485
difficulty_level,1,medium,0.8009726423674918,10,5,accuracy_generalizability,3,0.9804468363973001,False,False,0.6915062668289816
difficulty_level,1,medium,0.8009726423674918,10,5,accuracy_generalizability,4,0.9887115314563705,False,False,0.9381410343457554
difficulty_level,1,medium,0.8009726423674918,10,5,accuracy_generalizability,5,0.9894097175157612,True,True,1.0
difficulty_level,1,medium,0.8009726423674918,10,5,accuracy_generalizability,6,0.8175031228263442,False,False,0.8623938224795401
difficulty_level,1,medium,0.8009726423674918,10,5,accuracy_generalizability,7,0.7606195675820735,False,False,0.8285934485181823
difficulty_level,1,medium,0.8009726423674918,10,5,ari_average,3,0.9705468317409098,False,False,0.6915062668289816
difficulty_level,1,medium,0.8009726423674918,10,5,ari_average,4,0.9678597872504732,False,False,0.9381410343457554
difficulty_level,1,medium,0.8009726423674918,10,5,ari_average,5,0.9961923057935058,True,True,1.0
difficulty_level,1,medium,0.8009726423674918,10,5,ari_average,6,0.8371771460504192,False,False,0.8623938224795401
difficulty_level,1,medium,0.8009726423674918,10,5,ari_average,7,0.7615957388072963,False,False,0.8285934485181823
difficulty_level,1,medium,0.8009726423674918,10,5,ari_average_1se,3,0.9705468317409098,False,False,0.6915062668289816
difficulty_level,1,medium,0.8009726423674918,10,5,ari_average_1se,4,0.9678597872504732,False,False,0.9381410343457554
difficulty_level,1,medium,0.8009726423674918,10,5,ari_average_1se,5,0.9961923057935058,True,True,1.0
difficulty_level,1,medium,0.8009726423674918,10,5,ari_average_1se,6,0.8371771460504192,False,False,0.8623938224795401
difficulty_level,1,medium,0.8009726423674918,10,5,ari_average_1se,7,0.7615957388072963,False,False,0.8285934485181823
difficulty_level,1,medium,0.8009726423674918,10,5,ari_average_quant,3,0.9705468317409098,False,False,0.6915062668289816
difficulty_level,1,medium,0.8009726423674918,10,5,ari_average_quant,4,0.9678597872504732,False,False,0.9381410343457554
difficulty_level,1,medium,0.8009726423674918,10,5,ari_average_quant,5,0.9961923057935058,True,True,1.0
difficulty_level,1,medium,0.8009726423674918,10,5,ari_average_quant,6,0.8371771460504192,False,False,0.8623938224795401
difficulty_level,1,medium,0.8009726423674918,10,5,ari_average_quant,7,0.7615957388072963,False,False,0.8285934485181823
difficulty_level,1,medium,0.8009726423674918,10,5,ari_generalizability,3,0.9583531712211277,False,False,0.6915062668289816
difficulty_level,1,medium,0.8009726423674918,10,5,ari_generalizability,4,0.9798258360440062,False,False,0.9381410343457554
difficulty_level,1,medium,0.8009726423674918,10,5,ari_generalizability,5,0.9923846115870117,True,True,1.0
difficulty_level,1,medium,0.8009726423674918,10,5,ari_generalizability,6,0.8158902840242788,False,False,0.8623938224795401
difficulty_level,1,medium,0.8009726423674918,10,5,ari_generalizability,7,0.7393911671875948,False,False,0.8285934485181823
difficulty_level,1,medium,0.8009726423674918,10,5,ari_generalizability_1se,3,0.9583531712211277,False,False,0.6915062668289816
difficulty_level,1,medium,0.8009726423674918,10,5,ari_generalizability_1se,4,0.9798258360440062,False,False,0.9381410343457554
difficulty_level,1,medium,0.8009726423674918,10,5,ari_generalizability_1se,5,0.9923846115870117,True,True,1.0
difficulty_level,1,medium,0.8009726423674918,10,5,ari_generalizability_1se,6,0.8158902840242788,False,False,0.8623938224795401
difficulty_level,1,medium,0.8009726423674918,10,5,ari_generalizability_1se,7,0.7393911671875948,False,False,0.8285934485181823
difficulty_level,1,medium,0.8009726423674918,10,5,ari_generalizability_quant,3,0.9583531712211277,False,False,0.6915062668289816
difficulty_level,1,medium,0.8009726423674918,10,5,ari_generalizability_quant,4,0.9798258360440062,False,False,0.9381410343457554
difficulty_level,1,medium,0.8009726423674918,10,5,ari_generalizability_quant,5,0.9923846115870117,True,True,1.0
difficulty_level,1,medium,0.8009726423674918,10,5,ari_generalizability_quant,6,0.8158902840242788,False,False,0.8623938224795401
difficulty_level,1,medium,0.8009726423674918,10,5,ari_generalizability_quant,7,0.7393911671875948,False,False,0.8285934485181823
difficulty_level,1,medium,0.8009726423674918,10,5,ari_stability,3,0.9827404922606917,False,False,0.6915062668289816
difficulty_level,1,medium,0.8009726423674918,10,5,ari_stability,4,0.9558937384569401,False,False,0.9381410343457554
difficulty_level,1,medium,0.8009726423674918,10,5,ari_stability,5,1.0,True,True,1.0
difficulty_level,1,medium,0.8009726423674918,10,5,ari_stability,6,0.8584640080765595,False,False,0.8623938224795401
difficulty_level,1,medium,0.8009726423674918,10,5,ari_stability,7,0.7838003104269977,False,False,0.8285934485181823
difficulty_level,1,medium,0.8009726423674918,10,5,ari_stability_1se,3,0.9827404922606917,False,False,0.6915062668289816
difficulty_level,1,medium,0.8009726423674918,10,5,ari_stability_1se,4,0.9558937384569401,False,False,0.9381410343457554
difficulty_level,1,medium,0.8009726423674918,10,5,ari_stability_1se,5,1.0,True,True,1.0
difficulty_level,1,medium,0.8009726423674918,10,5,ari_stability_1se,6,0.8584640080765595,False,False,0.8623938224795401
difficulty_level,1,medium,0.8009726423674918,10,5,ari_stability_1se,7,0.7838003104269977,False,False,0.8285934485181823
difficulty_level,1,medium,0.8009726423674918,10,5,ari_stability_quant,3,0.9827404922606917,False,False,0.6915062668289816
difficulty_level,1,medium,0.8009726423674918,10,5,ari_stability_quant,4,0.9558937384569401,False,False,0.9381410343457554
difficulty_level,1,medium,0.8009726423674918,10,5,ari_stability_quant,5,1.0,True,True,1.0
difficulty_level,1,medium,0.8009726423674918,10,5,ari_stability_quant,6,0.8584640080765595,False,False,0.8623938224795401
difficulty_level,1,medium,0.8009726423674918,10,5,ari_stability_quant,7,0.7838003104269977,False,False,0.8285934485181823
difficulty_level,1,medium,0.8009726423674918,10,5,consensus_ce_stability,3,0.974378396276487,False,False,0.6915062668289816
difficulty_level,1,medium,0.8009726423674918,10,5,consensus_ce_stability,4,0.9643429826572648,False,False,0.9381410343457554
difficulty_level,1,medium,0.8009726423674918,10,5,consensus_ce_stability,5,0.9999999999586944,True,True,1.0
difficulty_level,1,medium,0.8009726423674918,10,5,consensus_ce_stability,6,0.902075935846419,False,False,0.8623938224795401
difficulty_level,1,medium,0.8009726423674918,10,5,consensus_ce_stability,7,0.8739486141388718,False,False,0.8285934485181823
difficulty_level,1,medium,0.8009726423674918,10,5,consensus_gini_stability,3,0.9842875665125106,False,False,0.6915062668289816
difficulty_level,1,medium,0.8009726423674918,10,5,consensus_gini_stability,4,0.9723728388112142,False,False,0.9381410343457554
difficulty_level,1,medium,0.8009726423674918,10,5,consensus_gini_stability,5,1.0,True,True,1.0
difficulty_level,1,medium,0.8009726423674918,10,5,consensus_gini_stability,6,0.9148922174032215,False,False,0.8623938224795401
difficulty_level,1,medium,0.8009726423674918,10,5,consensus_gini_stability,7,0.8856176303473506,False,False,0.8285934485181823
difficulty_level,1,medium,0.8009726423674918,10,5,consensus_pac_stability,3,0.9827734044918834,False,False,0.6915062668289816
difficulty_level,1,medium,0.8009726423674918,10,5,consensus_pac_stability,4,0.9284936624416278,False,False,0.9381410343457554
difficulty_level,1,medium,0.8009726423674918,10,5,consensus_pac_stability,5,1.0,True,True,1.0
difficulty_level,1,medium,0.8009726423674918,10,5,consensus_pac_stability,6,0.8593248832555036,False,False,0.8623938224795401
difficulty_level,1,medium,0.8009726423674918,10,5,consensus_pac_stability,7,0.8350251278630199,False,False,0.8285934485181823
difficulty_level,1,medium,0.8009726423674918,10,5,silhouette,3,0.12063460192469347,False,False,0.747999225913858
difficulty_level,1,medium,0.8009726423674918,10,5,silhouette,4,0.15663756613435778,False,False,0.9381410343457554
difficulty_level,1,medium,0.8009726423674918,10,5,silhouette,5,0.17782619467565738,False,True,0.8009726423674918
difficulty_level,1,medium,0.8009726423674918,10,5,silhouette,6,0.20998678652602654,False,False,0.8626592760771479
difficulty_level,1,medium,0.8009726423674918,10,5,silhouette,7,0.2511553561484584,True,False,0.7518802489967316
difficulty_level,1,medium,0.8009726423674918,10,5,gap,3,0.26451916501675754,False,False,0.747999225913858
difficulty_level,1,medium,0.8009726423674918,10,5,gap,4,0.3207585158198274,False,False,0.9381410343457554
difficulty_level,1,medium,0.8009726423674918,10,5,gap,5,0.418237839150839,False,True,0.8009726423674918
difficulty_level,1,medium,0.8009726423674918,10,5,gap,6,0.46645445690259457,False,False,0.8626592760771479
difficulty_level,1,medium,0.8009726423674918,10,5,gap,7,0.5657341853670612,True,False,0.7518802489967316
difficulty_level,1,medium,0.8009726423674918,10,5,davies_bouldin,3,0.2586608025407899,False,False,0.747999225913858
difficulty_level,1,medium,0.8009726423674918,10,5,davies_bouldin,4,0.26977714598923846,False,False,0.9381410343457554
difficulty_level,1,medium,0.8009726423674918,10,5,davies_bouldin,5,0.29415381215779035,False,True,0.8009726423674918
difficulty_level,1,medium,0.8009726423674918,10,5,davies_bouldin,6,0.326456292675209,False,False,0.8626592760771479
difficulty_level,1,medium,0.8009726423674918,10,5,davies_bouldin,7,0.345765225732871,True,False,0.7518802489967316
difficulty_level,1,medium,0.8009726423674918,10,5,calinski_harabasz,3,125.45734319150577,False,False,0.747999225913858
difficulty_level,1,medium,0.8009726423674918,10,5,calinski_harabasz,4,122.38877095887507,False,False,0.9381410343457554
difficulty_level,1,medium,0.8009726423674918,10,5,calinski_harabasz,5,143.19011940613436,False,True,0.8009726423674918
difficulty_level,1,medium,0.8009726423674918,10,5,calinski_harabasz,6,137.6234025274314,False,False,0.8626592760771479
difficulty_level,1,medium,0.8009726423674918,10,5,calinski_harabasz,7,154.5099943723284,True,False,0.7518802489967316
difficulty_level,1,medium,0.7447545590946133,11,5,accuracy_generalizability,3,0.7944811427864118,False,False,0.7177364347626883
difficulty_level,1,medium,0.7447545590946133,11,5,accuracy_generalizability,4,0.9134137253754764,False,False,0.9036598153674773
difficulty_level,1,medium,0.7447545590946133,11,5,accuracy_generalizability,5,0.9966887970712823,True,True,1.0
difficulty_level,1,medium,0.7447545590946133,11,5,accuracy_generalizability,6,0.90999022555214,False,False,0.8296598565816325
difficulty_level,1,medium,0.7447545590946133,11,5,accuracy_generalizability,7,0.8382124404980332,False,False,0.7641967669064275
difficulty_level,1,medium,0.7447545590946133,11,5,ari_average,3,0.6548979766373394,False,False,0.7177364347626883
difficulty_level,1,medium,0.7447545590946133,11,5,ari_average,4,0.8615719831839344,False,False,0.9036598153674773
difficulty_level,1,medium,0.7447545590946133,11,5,ari_average,5,0.9981933513858492,True,True,1.0
difficulty_level,1,medium,0.7447545590946133,11,5,ari_average,6,0.889901728894232,False,False,0.8296598565816325
difficulty_level,1,medium,0.7447545590946133,11,5,ari_average,7,0.844341593291905,False,False,0.7641967669064275
difficulty_level,1,medium,0.7447545590946133,11,5,ari_average_1se,3,0.6548979766373394,False,False,0.7177364347626883
difficulty_level,1,medium,0.7447545590946133,11,5,ari_average_1se,4,0.8615719831839344,False,False,0.9036598153674773
difficulty_level,1,medium,0.7447545590946133,11,5,ari_average_1se,5,0.9981933513858492,True,True,1.0
difficulty_level,1,medium,0.7447545590946133,11,5,ari_average_1se,6,0.889901728894232,False,False,0.8296598565816325
difficulty_level,1,medium,0.7447545590946133,11,5,ari_average_1se,7,0.844341593291905,False,False,0.7641967669064275
difficulty_level,1,medium,0.7447545590946133,11,5,ari_average_quant,3,0.6548979766373394,False,False,0.7177364347626883
difficulty_level,1,medium,0.7447545590946133,11,5,ari_average_quant,4,0.8615719831839344,False,False,0.9036598153674773
difficulty_level,1,medium,0.7447545590946133,11,5,ari_average_quant,5,0.9981933513858492,True,True,1.0
difficulty_level,1,medium,0.7447545590946133,11,5,ari_average_quant,6,0.889901728894232,False,False,0.8296598565816325
difficulty_level,1,medium,0.7447545590946133,11,5,ari_average_quant,7,0.844341593291905,False,False,0.7641967669064275
difficulty_level,1,medium,0.7447545590946133,11,5,ari_generalizability,3,0.6559438980425736,False,False,0.7177364347626883
difficulty_level,1,medium,0.7447545590946133,11,5,ari_generalizability,4,0.843993025065036,False,False,0.9036598153674773
difficulty_level,1,medium,0.7447545590946133,11,5,ari_generalizability,5,0.9963867027716983,True,True,1.0
difficulty_level,1,medium,0.7447545590946133,11,5,ari_generalizability,6,0.8723151337718243,False,False,0.8296598565816325
difficulty_level,1,medium,0.7447545590946133,11,5,ari_generalizability,7,0.8245629086140491,False,False,0.7641967669064275
difficulty_level,1,medium,0.7447545590946133,11,5,ari_generalizability_1se,3,0.6559438980425736,False,False,0.7177364347626883
difficulty_level,1,medium,0.7447545590946133,11,5,ari_generalizability_1se,4,0.843993025065036,False,False,0.9036598153674773
difficulty_level,1,medium,0.7447545590946133,11,5,ari_generalizability_1se,5,0.9963867027716983,True,True,1.0
difficulty_level,1,medium,0.7447545590946133,11,5,ari_generalizability_1se,6,0.8723151337718243,False,False,0.8296598565816325
difficulty_level,1,medium,0.7447545590946133,11,5,ari_generalizability_1se,7,0.8245629086140491,False,False,0.7641967669064275
difficulty_level,1,medium,0.7447545590946133,11,5,ari_generalizability_quant,3,0.6559438980425736,False,False,0.7177364347626883
difficulty_level,1,medium,0.7447545590946133,11,5,ari_generalizability_quant,4,0.843993025065036,False,False,0.9036598153674773
difficulty_level,1,medium,0.7447545590946133,11,5,ari_generalizability_quant,5,0.9963867027716983,True,True,1.0
difficulty_level,1,medium,0.7447545590946133,11,5,ari_generalizability_quant,6,0.8723151337718243,False,False,0.8296598565816325
difficulty_level,1,medium,0.7447545590946133,11,5,ari_generalizability_quant,7,0.8245629086140491,False,False,0.7641967669064275
difficulty_level,1,medium,0.7447545590946133,11,5,ari_stability,3,0.6538520552321052,False,False,0.7177364347626883
difficulty_level,1,medium,0.7447545590946133,11,5,ari_stability,4,0.8791509413028326,False,False,0.9036598153674773
difficulty_level,1,medium,0.7447545590946133,11,5,ari_stability,5,1.0,True,True,1.0
difficulty_level,1,medium,0.7447545590946133,11,5,ari_stability,6,0.9074883240166399,False,False,0.8296598565816325
difficulty_level,1,medium,0.7447545590946133,11,5,ari_stability,7,0.8641202779697611,False,False,0.7641967669064275
difficulty_level,1,medium,0.7447545590946133,11,5,ari_stability_1se,3,0.6538520552321052,False,False,0.7177364347626883
difficulty_level,1,medium,0.7447545590946133,11,5,ari_stability_1se,4,0.8791509413028326,False,False,0.9036598153674773
difficulty_level,1,medium,0.7447545590946133,11,5,ari_stability_1se,5,1.0,True,True,1.0
difficulty_level,1,medium,0.7447545590946133,11,5,ari_stability_1se,6,0.9074883240166399,False,False,0.8296598565816325
difficulty_level,1,medium,0.7447545590946133,11,5,ari_stability_1se,7,0.8641202779697611,False,False,0.7641967669064275
difficulty_level,1,medium,0.7447545590946133,11,5,ari_stability_quant,3,0.6538520552321052,False,False,0.7177364347626883
difficulty_level,1,medium,0.7447545590946133,11,5,ari_stability_quant,4,0.8791509413028326,False,False,0.9036598153674773
difficulty_level,1,medium,0.7447545590946133,11,5,ari_stability_quant,5,1.0,True,True,1.0
difficulty_level,1,medium,0.7447545590946133,11,5,ari_stability_quant,6,0.9074883240166399,False,False,0.8296598565816325
difficulty_level,1,medium,0.7447545590946133,11,5,ari_stability_quant,7,0.8641202779697611,False,False,0.7641967669064275
difficulty_level,1,medium,0.7447545590946133,11,5,consensus_ce_stability,3,0.7085117527163707,False,False,0.7177364347626883
difficulty_level,1,medium,0.7447545590946133,11,5,consensus_ce_stability,4,0.8972784944189635,False,False,0.9036598153674773
difficulty_level,1,medium,0.7447545590946133,11,5,consensus_ce_stability,5,0.9999999999586944,True,True,1.0
difficulty_level,1,medium,0.7447545590946133,11,5,consensus_ce_stability,6,0.9299619459520239,False,False,0.8296598565816325
difficulty_level,1,medium,0.7447545590946133,11,5,consensus_ce_stability,7,0.9225921925192196,False,False,0.7641967669064275
difficulty_level,1,medium,0.7447545590946133,11,5,consensus_gini_stability,3,0.7184224818070707,False,False,0.7177364347626883
difficulty_level,1,medium,0.7447545590946133,11,5,consensus_gini_stability,4,0.9039722384393796,False,False,0.9036598153674773
difficulty_level,1,medium,0.7447545590946133,11,5,consensus_gini_stability,5,1.0,True,True,1.0
difficulty_level,1,medium,0.7447545590946133,11,5,consensus_gini_stability,6,0.9414230650635288,False,False,0.8296598565816325
difficulty_level,1,medium,0.7447545590946133,11,5,consensus_gini_stability,7,0.9341024408255943,False,False,0.7641967669064275
difficulty_level,1,medium,0.7447545590946133,11,5,consensus_pac_stability,3,0.6790998443406715,False,False,0.7177364347626883
difficulty_level,1,medium,0.7447545590946133,11,5,consensus_pac_stability,4,0.8840391372025795,False,False,0.9036598153674773
difficulty_level,1,medium,0.7447545590946133,11,5,consensus_pac_stability,5,1.0,True,True,1.0
difficulty_level,1,medium,0.7447545590946133,11,5,consensus_pac_stability,6,0.9014036024016011,False,False,0.8296598565816325
difficulty_level,1,medium,0.7447545590946133,11,5,consensus_pac_stability,7,0.8903606849010451,False,False,0.7641967669064275
difficulty_level,1,medium,0.7447545590946133,11,5,silhouette,3,0.0969776889217782,False,False,0.6232849581062371
difficulty_level,1,medium,0.7447545590946133,11,5,silhouette,4,0.16488729333622654,False,False,0.9174186413957345
difficulty_level,1,medium,0.7447545590946133,11,5,silhouette,5,0.17738490184734929,False,True,1.0
difficulty_level,1,medium,0.7447545590946133,11,5,silhouette,6,0.1846767090206584,True,False,0.8262851617102662
difficulty_level,1,medium,0.7447545590946133,11,5,silhouette,7,0.18298142880063611,False,False,0.7619408570995028
difficulty_level,1,medium,0.7447545590946133,11,5,gap,3,0.24265444438911743,False,False,0.6232849581062371
difficulty_level,1,medium,0.7447545590946133,11,5,gap,4,0.35386075535010697,False,False,0.9174186413957345
difficulty_level,1,medium,0.7447545590946133,11,5,gap,5,0.39085928638274225,False,True,1.0
difficulty_level,1,medium,0.7447545590946133,11,5,gap,6,0.4608428127454367,False,False,0.8262851617102662
difficulty_level,1,medium,0.7447545590946133,11,5,gap,7,0.5098795252868378,True,False,0.7619408570995028
difficulty_level,1,medium,0.7447545590946133,11,5,davies_bouldin,3,0.24391079985470482,False,False,0.6232849581062371
difficulty_level,1,medium,0.7447545590946133,11,5,davies_bouldin,4,0.27292204558649896,False,False,0.9174186413957345
difficulty_level,1,medium,0.7447545590946133,11,5,davies_bouldin,5,0.2984817515080358,False,True,1.0
difficulty_level,1,medium,0.7447545590946133,11,5,davies_bouldin,6,0.3137277238075311,False,False,0.8262851617102662
difficulty_level,1,medium,0.7447545590946133,11,5,davies_bouldin,7,0.3296814923117913,True,False,0.7619408570995028
difficulty_level,1,medium,0.7447545590946133,11,5,calinski_harabasz,3,111.23384377315779,False,False,0.6232849581062371
difficulty_level,1,medium,0.7447545590946133,11,5,calinski_harabasz,4,146.56269054316462,True,False,0.9174186413957345
difficulty_level,1,medium,0.7447545590946133,11,5,calinski_harabasz,5,131.7483579436135,False,True,1.0
difficulty_level,1,medium,0.7447545590946133,11,5,calinski_harabasz,6,137.23952193899783,False,False,0.8262851617102662
difficulty_level,1,medium,0.7447545590946133,11,5,calinski_harabasz,7,134.76875070802825,False,False,0.7619408570995028
difficulty_level,1,medium,1.0,12,5,accuracy_generalizability,3,0.8255351337502544,False,False,0.6370665653970378
difficulty_level,1,medium,1.0,12,5,accuracy_generalizability,4,0.932032638318948,False,False,0.8779044482735774
difficulty_level,1,medium,1.0,12,5,accuracy_generalizability,5,0.997565294235831,True,True,1.0
difficulty_level,1,medium,1.0,12,5,accuracy_generalizability,6,0.8870999117065888,False,False,0.8523076207151391
difficulty_level,1,medium,1.0,12,5,accuracy_generalizability,7,0.8421530322343154,False,False,0.7937991148927994
difficulty_level,1,medium,1.0,12,5,ari_average,3,0.7432204013456163,False,False,0.6370665653970378
difficulty_level,1,medium,1.0,12,5,ari_average,4,0.8739089487764502,False,False,0.8779044482735774
difficulty_level,1,medium,1.0,12,5,ari_average,5,0.9988164019454993,True,True,1.0
difficulty_level,1,medium,1.0,12,5,ari_average,6,0.8727626758025034,False,False,0.8523076207151391
difficulty_level,1,medium,1.0,12,5,ari_average,7,0.8612628127475642,False,False,0.7937991148927994
difficulty_level,1,medium,1.0,12,5,ari_average_1se,3,0.7432204013456163,False,False,0.6370665653970378
difficulty_level,1,medium,1.0,12,5,ari_average_1se,4,0.8739089487764502,False,False,0.8779044482735774
difficulty_level,1,medium,1.0,12,5,ari_average_1se,5,0.9988164019454993,True,True,1.0
difficulty_level,1,medium,1.0,12,5,ari_average_1se,6,0.8727626758025034,False,False,0.8523076207151391
difficulty_level,1,medium,1.0,12,5,ari_average_1se,7,0.8612628127475642,False,False,0.7937991148927994
difficulty_level,1,medium,1.0,12,5,ari_average_quant,3,0.7432204013456163,False,False,0.6370665653970378
difficulty_level,1,medium,1.0,12,5,ari_average_quant,4,0.8739089487764502,False,False,0.8779044482735774
difficulty_level,1,medium,1.0,12,5,ari_average_quant,5,0.9988164019454993,True,True,1.0
difficulty_level,1,medium,1.0,12,5,ari_average_quant,6,0.8727626758025034,False,False,0.8523076207151391
difficulty_level,1,medium,1.0,12,5,ari_average_quant,7,0.8612628127475642,False,False,0.7937991148927994
difficulty_level,1,medium,1.0,12,5,ari_generalizability,3,0.6971848019411372,False,False,0.6370665653970378
difficulty_level,1,medium,1.0,12,5,ari_generalizability,4,0.8622077570403668,False,False,0.8779044482735774
difficulty_level,1,medium,1.0,12,5,ari_generalizability,5,0.9976328038909986,True,True,1.0
difficulty_level,1,medium,1.0,12,5,ari_generalizability,6,0.8582992799103978,False,False,0.8523076207151391
difficulty_level,1,medium,1.0,12,5,ari_generalizability,7,0.8430831818136517,False,False,0.7937991148927994
difficulty_level,1,medium,1.0,12,5,ari_generalizability_1se,3,0.6971848019411372,False,False,0.6370665653970378
difficulty_level,1,medium,1.0,12,5,ari_generalizability_1se,4,0.8622077570403668,False,False,0.8779044482735774
difficulty_level,1,medium,1.0,12,5,ari_generalizability_1se,5,0.9976328038909986,True,True,1.0
difficulty_level,1,medium,1.0,12,5,ari_generalizability_1se,6,0.8582992799103978,False,False,0.8523076207151391
difficulty_level,1,medium,1.0,12,5,ari_generalizability_1se,7,0.8430831818136517,False,False,0.7937991148927994
difficulty_level,1,medium,1.0,12,5,ari_generalizability_quant,3,0.6971848019411372,False,False,0.6370665653970378
difficulty_level,1,medium,1.0,12,5,ari_generalizability_quant,4,0.8622077570403668,False,False,0.8779044482735774
difficulty_level,1,medium,1.0,12,5,ari_generalizability_quant,5,0.9976328038909986,True,True,1.0
difficulty_level,1,medium,1.0,12,5,ari_generalizability_quant,6,0.8582992799103978,False,False,0.8523076207151391
difficulty_level,1,medium,1.0,12,5,ari_generalizability_quant,7,0.8430831818136517,False,False,0.7937991148927994
difficulty_level,1,medium,1.0,12,5,ari_stability,3,0.7892560007500953,False,False,0.6370665653970378
difficulty_level,1,medium,1.0,12,5,ari_stability,4,0.8856101405125336,False,False,0.8779044482735774
difficulty_level,1,medium,1.0,12,5,ari_stability,5,1.0,True,True,1.0
difficulty_level,1,medium,1.0,12,5,ari_stability,6,0.8872260716946088,False,False,0.8523076207151391
difficulty_level,1,medium,1.0,12,5,ari_stability,7,0.8794424436814771,False,False,0.7937991148927994
difficulty_level,1,medium,1.0,12,5,ari_stability_1se,3,0.7892560007500953,False,False,0.6370665653970378
difficulty_level,1,medium,1.0,12,5,ari_stability_1se,4,0.8856101405125336,False,False,0.8779044482735774
difficulty_level,1,medium,1.0,12,5,ari_stability_1se,5,1.0,True,True,1.0
difficulty_level,1,medium,1.0,12,5,ari_stability_1se,6,0.8872260716946088,False,False,0.8523076207151391
difficulty_level,1,medium,1.0,12,5,ari_stability_1se,7,0.8794424436814771,False,False,0.7937991148927994
difficulty_level,1,medium,1.0,12,5,ari_stability_quant,3,0.7892560007500953,False,False,0.6370665653970378
difficulty_level,1,medium,1.0,12,5,ari_stability_quant,4,0.8856101405125336,False,False,0.8779044482735774
difficulty_level,1,medium,1.0,12,5,ari_stability_quant,5,1.0,True,True,1.0
difficulty_level,1,medium,1.0,12,5,ari_stability_quant,6,0.8872260716946088,False,False,0.8523076207151391
difficulty_level,1,medium,1.0,12,5,ari_stability_quant,7,0.8794424436814771,False,False,0.7937991148927994
difficulty_level,1,medium,1.0,12,5,consensus_ce_stability,3,0.7600639817275139,False,False,0.6370665653970378
difficulty_level,1,medium,1.0,12,5,consensus_ce_stability,4,0.9064822881633087,False,False,0.8779044482735774
difficulty_level,1,medium,1.0,12,5,consensus_ce_stability,5,0.9999999999586944,True,True,1.0
difficulty_level,1,medium,1.0,12,5,consensus_ce_stability,6,0.9228588411980354,False,False,0.8523076207151391
difficulty_level,1,medium,1.0,12,5,consensus_ce_stability,7,0.9205341455171914,False,False,0.7937991148927994
difficulty_level,1,medium,1.0,12,5,consensus_gini_stability,3,0.7904621822679534,False,False,0.6370665653970378
difficulty_level,1,medium,1.0,12,5,consensus_gini_stability,4,0.9109339981166023,False,False,0.8779044482735774
difficulty_level,1,medium,1.0,12,5,consensus_gini_stability,5,1.0,True,True,1.0
difficulty_level,1,medium,1.0,12,5,consensus_gini_stability,6,0.9344234451524053,False,False,0.8523076207151391
difficulty_level,1,medium,1.0,12,5,consensus_gini_stability,7,0.9310635749272381,False,False,0.7937991148927994
difficulty_level,1,medium,1.0,12,5,consensus_pac_stability,3,0.6696010673782522,False,False,0.6370665653970378
difficulty_level,1,medium,1.0,12,5,consensus_pac_stability,4,0.8879519679786524,False,False,0.8779044482735774
difficulty_level,1,medium,1.0,12,5,consensus_pac_stability,5,1.0,True,True,1.0
difficulty_level,1,medium,1.0,12,5,consensus_pac_stability,6,0.8945234600845008,False,False,0.8523076207151391
difficulty_level,1,medium,1.0,12,5,consensus_pac_stability,7,0.8938083166555482,False,False,0.7937991148927994
difficulty_level,1,medium,1.0,12,5,silhouette,3,0.121253515102011,False,False,0.4846626586929084
difficulty_level,1,medium,1.0,12,5,silhouette,4,0.14959837391951422,False,False,0.9064265421561679
difficulty_level,1,medium,1.0,12,5,silhouette,5,0.17728856080089633,False,True,1.0
difficulty_level,1,medium,1.0,12,5,silhouette,6,0.20630440803433192,True,False,0.8484134672468548
difficulty_level,1,medium,1.0,12,5,silhouette,7,0.1994009761987852,False,False,0.790924156504781
difficulty_level,1,medium,1.0,12,5,gap,3,0.2717653012739891,False,False,0.4846626586929084
difficulty_level,1,medium,1.0,12,5,gap,4,0.3406033207833694,False,False,0.9064265421561679
difficulty_level,1,medium,1.0,12,5,gap,5,0.3919551518160258,False,True,1.0
difficulty_level,1,medium,1.0,12,5,gap,6,0.47832743140239486,False,False,0.8484134672468548
difficulty_level,1,medium,1.0,12,5,gap,7,0.5449223016972535,True,False,0.790924156504781
difficulty_level,1,medium,1.0,12,5,davies_bouldin,3,0.2655012590279327,False,False,0.4846626586929084
difficulty_level,1,medium,1.0,12,5,davies_bouldin,4,0.2554936755887196,False,False,0.9064265421561679
difficulty_level,1,medium,1.0,12,5,davies_bouldin,5,0.2906311583874942,False,True,1.0
difficulty_level,1,medium,1.0,12,5,davies_bouldin,6,0.3074652541237133,False,False,0.8484134672468548
difficulty_level,1,medium,1.0,12,5,davies_bouldin,7,0.32540524126993425,True,False,0.790924156504781
difficulty_level,1,medium,1.0,12,5,calinski_harabasz,3,105.64391987193933,False,False,0.4846626586929084
difficulty_level,1,medium,1.0,12,5,calinski_harabasz,4,116.02578490990273,False,False,0.9064265421561679
difficulty_level,1,medium,1.0,12,5,calinski_harabasz,5,114.4127068012227,False,True,1.0
difficulty_level,1,medium,1.0,12,5,calinski_harabasz,6,129.22331459347376,False,False,0.8484134672468548
difficulty_level,1,medium,1.0,12,5,calinski_harabasz,7,134.42490346576537,True,False,0.790924156504781
difficulty_level,1,medium,0.6199840753158697,13,5,accuracy_generalizability,3,1.0,True,False,0.827721134088197
difficulty_level,1,medium,0.6199840753158697,13,5,accuracy_generalizability,4,0.7479955705810414,False,False,0.9396359437442143
difficulty_level,1,medium,0.6199840753158697,13,5,accuracy_generalizability,5,0.5987773238388532,False,True,1.0
difficulty_level,1,medium,0.6199840753158697,13,5,accuracy_generalizability,6,0.7318479991003918,False,False,0.6774751587227573
difficulty_level,1,medium,0.6199840753158697,13,5,accuracy_generalizability,7,0.840740591988425,False,False,0.5541817660271815
difficulty_level,1,medium,0.6199840753158697,13,5,ari_average,3,1.0,True,False,0.827721134088197
difficulty_level,1,medium,0.6199840753158697,13,5,ari_average,4,0.8152052911468265,False,False,0.9396359437442143
difficulty_level,1,medium,0.6199840753158697,13,5,ari_average,5,0.7725860567567652,False,True,1.0
difficulty_level,1,medium,0.6199840753158697,13,5,ari_average,6,0.7895766738642773,False,False,0.6774751587227573
difficulty_level,1,medium,0.6199840753158697,13,5,ari_average,7,0.8026022924406475,False,False,0.5541817660271815
difficulty_level,1,medium,0.6199840753158697,13,5,ari_average_1se,3,1.0,True,False,0.827721134088197
difficulty_level,1,medium,0.6199840753158697,13,5,ari_average_1se,4,0.8152052911468265,False,False,0.9396359437442143
difficulty_level,1,medium,0.6199840753158697,13,5,ari_average_1se,5,0.7725860567567652,False,True,1.0
difficulty_level,1,medium,0.6199840753158697,13,5,ari_average_1se,6,0.7895766738642773,False,False,0.6774751587227573
difficulty_level,1,medium,0.6199840753158697,13,5,ari_average_1se,7,0.8026022924406475,False,False,0.5541817660271815
difficulty_level,1,medium,0.6199840753158697,13,5,ari_average_quant,3,1.0,True,False,0.827721134088197
difficulty_level,1,medium,0.6199840753158697,13,5,ari_average_quant,4,0.8152052911468265,False,False,0.9396359437442143
difficulty_level,1,medium,0.6199840753158697,13,5,ari_average_quant,5,0.7725860567567652,False,True,1.0
difficulty_level,1,medium,0.6199840753158697,13,5,ari_average_quant,6,0.7895766738642773,False,False,0.6774751587227573
difficulty_level,1,medium,0.6199840753158697,13,5,ari_average_quant,7,0.8026022924406475,False,False,0.5541817660271815
difficulty_level,1,medium,0.6199840753158697,13,5,ari_generalizability,3,1.0,True,False,0.827721134088197
difficulty_level,1,medium,0.6199840753158697,13,5,ari_generalizability,4,0.7017342760354046,False,False,0.9396359437442143
difficulty_level,1,medium,0.6199840753158697,13,5,ari_generalizability,5,0.5451721135135305,False,True,1.0
difficulty_level,1,medium,0.6199840753158697,13,5,ari_generalizability,6,0.6742221657194992,False,False,0.6774751587227573
difficulty_level,1,medium,0.6199840753158697,13,5,ari_generalizability,7,0.7613205209642893,False,False,0.5541817660271815
difficulty_level,1,medium,0.6199840753158697,13,5,ari_generalizability_1se,3,1.0,True,False,0.827721134088197
difficulty_level,1,medium,0.6199840753158697,13,5,ari_generalizability_1se,4,0.7017342760354046,False,False,0.9396359437442143
difficulty_level,1,medium,0.6199840753158697,13,5,ari_generalizability_1se,5,0.5451721135135305,False,True,1.0
difficulty_level,1,medium,0.6199840753158697,13,5,ari_generalizability_1se,6,0.6742221657194992,False,False,0.6774751587227573
difficulty_level,1,medium,0.6199840753158697,13,5,ari_generalizability_1se,7,0.7613205209642893,False,False,0.5541817660271815
difficulty_level,1,medium,0.6199840753158697,13,5,ari_generalizability_quant,3,1.0,True,False,0.827721134088197
difficulty_level,1,medium,0.6199840753158697,13,5,ari_generalizability_quant,4,0.7017342760354046,False,False,0.9396359437442143
difficulty_level,1,medium,0.6199840753158697,13,5,ari_generalizability_quant,5,0.5451721135135305,False,True,1.0
difficulty_level,1,medium,0.6199840753158697,13,5,ari_generalizability_quant,6,0.6742221657194992,False,False,0.6774751587227573
difficulty_level,1,medium,0.6199840753158697,13,5,ari_generalizability_quant,7,0.7613205209642893,False,False,0.5541817660271815
difficulty_level,1,medium,0.6199840753158697,13,5,ari_stability,3,1.0,True,False,0.827721134088197
difficulty_level,1,medium,0.6199840753158697,13,5,ari_stability,4,0.928676306258248,False,False,0.9396359437442143
difficulty_level,1,medium,0.6199840753158697,13,5,ari_stability,5,1.0,False,True,1.0
difficulty_level,1,medium,0.6199840753158697,13,5,ari_stability,6,0.9049311820090555,False,False,0.6774751587227573
difficulty_level,1,medium,0.6199840753158697,13,5,ari_stability,7,0.8438840639170054,False,False,0.5541817660271815
difficulty_level,1,medium,0.6199840753158697,13,5,ari_stability_1se,3,1.0,False,False,0.827721134088197
difficulty_level,1,medium,0.6199840753158697,13,5,ari_stability_1se,4,0.928676306258248,False,False,0.9396359437442143
difficulty_level,1,medium,0.6199840753158697,13,5,ari_stability_1se,5,1.0,True,True,1.0
difficulty_level,1,medium,0.6199840753158697,13,5,ari_stability_1se,6,0.9049311820090555,False,False,0.6774751587227573
difficulty_level,1,medium,0.6199840753158697,13,5,ari_stability_1se,7,0.8438840639170054,False,False,0.5541817660271815
difficulty_level,1,medium,0.6199840753158697,13,5,ari_stability_quant,3,1.0,False,False,0.827721134088197
difficulty_level,1,medium,0.6199840753158697,13,5,ari_stability_quant,4,0.928676306258248,False,False,0.9396359437442143
difficulty_level,1,medium,0.6199840753158697,13,5,ari_stability_quant,5,1.0,True,True,1.0
difficulty_level,1,medium,0.6199840753158697,13,5,ari_stability_quant,6,0.9049311820090555,False,False,0.6774751587227573
difficulty_level,1,medium,0.6199840753158697,13,5,ari_stability_quant,7,0.8438840639170054,False,False,0.5541817660271815
difficulty_level,1,medium,0.6199840753158697,13,5,consensus_ce_stability,3,0.9999999999586944,True,False,0.827721134088197
difficulty_level,1,medium,0.6199840753158697,13,5,consensus_ce_stability,4,0.9494099617751646,False,False,0.9396359437442143
difficulty_level,1,medium,0.6199840753158697,13,5,consensus_ce_stability,5,0.9999999999586944,False,True,1.0
difficulty_level,1,medium,0.6199840753158697,13,5,consensus_ce_stability,6,0.9322292985078882,False,False,0.6774751587227573
difficulty_level,1,medium,0.6199840753158697,13,5,consensus_ce_stability,7,0.9053446387390929,False,False,0.5541817660271815
difficulty_level,1,medium,0.6199840753158697,13,5,consensus_gini_stability,3,1.0,True,False,0.827721134088197
difficulty_level,1,medium,0.6199840753158697,13,5,consensus_gini_stability,4,0.9503472124610203,False,False,0.9396359437442143
difficulty_level,1,medium,0.6199840753158697,13,5,consensus_gini_stability,5,1.0,False,True,1.0
difficulty_level,1,medium,0.6199840753158697,13,5,consensus_gini_stability,6,0.9430337375968035,False,False,0.6774751587227573
difficulty_level,1,medium,0.6199840753158697,13,5,consensus_gini_stability,7,0.9174461678653356,False,False,0.5541817660271815
difficulty_level,1,medium,0.6199840753158697,13,5,consensus_pac_stability,3,1.0,True,False,0.827721134088197
difficulty_level,1,medium,0.6199840753158697,13,5,consensus_pac_stability,4,0.9467734044918835,False,False,0.9396359437442143
difficulty_level,1,medium,0.6199840753158697,13,5,consensus_pac_stability,5,1.0,False,True,1.0
difficulty_level,1,medium,0.6199840753158697,13,5,consensus_pac_stability,6,0.9151434289526351,False,False,0.6774751587227573
difficulty_level,1,medium,0.6199840753158697,13,5,consensus_pac_stability,7,0.8721307538358906,False,False,0.5541817660271815
difficulty_level,1,medium,0.6199840753158697,13,5,silhouette,3,0.14291153967345208,False,False,0.827721134088197
difficulty_level,1,medium,0.6199840753158697,13,5,silhouette,4,0.16697065007925993,False,False,0.9396359437442143
difficulty_level,1,medium,0.6199840753158697,13,5,silhouette,5,0.21603089773267073,False,True,0.6199840753158697
difficulty_level,1,medium,0.6199840753158697,13,5,silhouette,6,0.2450189479093941,False,False,0.6777340598469325
difficulty_level,1,medium,0.6199840753158697,13,5,silhouette,7,0.2575802120414356,True,False,0.5533188923966436
difficulty_level,1,medium,0.6199840753158697,13,5,gap,3,0.31225832692489064,False,False,0.827721134088197
difficulty_level,1,medium,0.6199840753158697,13,5,gap,4,0.35515005225105156,False,False,0.9396359437442143
difficulty_level,1,medium,0.6199840753158697,13,5,gap,5,0.5008203780218405,False,True,0.6199840753158697
difficulty_level,1,medium,0.6199840753158697,13,5,gap,6,0.5641783556060211,False,False,0.6777340598469325
difficulty_level,1,medium,0.6199840753158697,13,5,gap,7,0.664454559505133,True,False,0.5533188923966436
difficulty_level,1,medium,0.6199840753158697,13,5,davies_bouldin,3,0.2446326433328761,False,False,0.827721134088197
difficulty_level,1,medium,0.6199840753158697,13,5,davies_bouldin,4,0.2552569748887296,False,False,0.9396359437442143
difficulty_level,1,medium,0.6199840753158697,13,5,davies_bouldin,5,0.2809246797864103,False,True,0.6199840753158697
difficulty_level,1,medium,0.6199840753158697,13,5,davies_bouldin,6,0.3041958744405074,False,False,0.6777340598469325
difficulty_level,1,medium,0.6199840753158697,13,5,davies_bouldin,7,0.32120726697672575,True,False,0.5533188923966436
difficulty_level,1,medium,0.6199840753158697,13,5,calinski_harabasz,3,114.66745086533804,False,False,0.827721134088197
difficulty_level,1,medium,0.6199840753158697,13,5,calinski_harabasz,4,106.28865349215612,False,False,0.9396359437442143
difficulty_level,1,medium,0.6199840753158697,13,5,calinski_harabasz,5,154.5001234944137,False,True,0.6199840753158697
difficulty_level,1,medium,0.6199840753158697,13,5,calinski_harabasz,6,153.8388391003733,False,False,0.6777340598469325
difficulty_level,1,medium,0.6199840753158697,13,5,calinski_harabasz,7,170.2304081787504,True,False,0.5533188923966436
difficulty_level,1,medium,0.7299311215204595,14,5,accuracy_generalizability,3,0.8519423090598993,False,False,0.702811511631973
difficulty_level,1,medium,0.7299311215204595,14,5,accuracy_generalizability,4,0.912780681442553,False,False,0.9164774038914066
difficulty_level,1,medium,0.7299311215204595,14,5,accuracy_generalizability,5,0.9947394923059367,True,True,1.0
difficulty_level,1,medium,0.7299311215204595,14,5,accuracy_generalizability,6,0.9243541081726935,False,False,0.8165374387499309
difficulty_level,1,medium,0.7299311215204595,14,5,accuracy_generalizability,7,0.9173997198372047,False,False,0.7424211913198303
difficulty_level,1,medium,0.7299311215204595,14,5,ari_average,3,0.747630726978135,False,False,0.702811511631973
difficulty_level,1,medium,0.7299311215204595,14,5,ari_average,4,0.8649634826637633,False,False,0.9164774038914066
difficulty_level,1,medium,0.7299311215204595,14,5,ari_average,5,0.9973700040587599,True,True,1.0
difficulty_level,1,medium,0.7299311215204595,14,5,ari_average,6,0.8947755449268807,False,False,0.8165374387499309
difficulty_level,1,medium,0.7299311215204595,14,5,ari_average,7,0.9072691705937109,False,False,0.7424211913198303
difficulty_level,1,medium,0.7299311215204595,14,5,ari_average_1se,3,0.747630726978135,False,False,0.702811511631973
difficulty_level,1,medium,0.7299311215204595,14,5,ari_average_1se,4,0.8649634826637633,False,False,0.9164774038914066
difficulty_level,1,medium,0.7299311215204595,14,5,ari_average_1se,5,0.9973700040587599,True,True,1.0
difficulty_level,1,medium,0.7299311215204595,14,5,ari_average_1se,6,0.8947755449268807,False,False,0.8165374387499309
difficulty_level,1,medium,0.7299311215204595,14,5,ari_average_1se,7,0.9072691705937109,False,False,0.7424211913198303
difficulty_level,1,medium,0.7299311215204595,14,5,ari_average_quant,3,0.747630726978135,False,False,0.702811511631973
difficulty_level,1,medium,0.7299311215204595,14,5,ari_average_quant,4,0.8649634826637633,False,False,0.9164774038914066
difficulty_level,1,medium,0.7299311215204595,14,5,ari_average_quant,5,0.9973700040587599,True,True,1.0
difficulty_level,1,medium,0.7299311215204595,14,5,ari_average_quant,6,0.8947755449268807,False,False,0.8165374387499309
difficulty_level,1,medium,0.7299311215204595,14,5,ari_average_quant,7,0.9072691705937109,False,False,0.7424211913198303
difficulty_level,1,medium,0.7299311215204595,14,5,ari_generalizability,3,0.7268772111444887,False,False,0.702811511631973
difficulty_level,1,medium,0.7299311215204595,14,5,ari_generalizability,4,0.8677463097289446,False,False,0.9164774038914066
difficulty_level,1,medium,0.7299311215204595,14,5,ari_generalizability,5,0.9947400081175197,True,True,1.0
difficulty_level,1,medium,0.7299311215204595,14,5,ari_generalizability,6,0.868982101094393,False,False,0.8165374387499309
difficulty_level,1,medium,0.7299311215204595,14,5,ari_generalizability,7,0.8991338947598823,False,False,0.7424211913198303
difficulty_level,1,medium,0.7299311215204595,14,5,ari_generalizability_1se,3,0.7268772111444887,False,False,0.702811511631973
difficulty_level,1,medium,0.7299311215204595,14,5,ari_generalizability_1se,4,0.8677463097289446,False,False,0.9164774038914066
difficulty_level,1,medium,0.7299311215204595,14,5,ari_generalizability_1se,5,0.9947400081175197,True,True,1.0
difficulty_level,1,medium,0.7299311215204595,14,5,ari_generalizability_1se,6,0.868982101094393,False,False,0.8165374387499309
difficulty_level,1,medium,0.7299311215204595,14,5,ari_generalizability_1se,7,0.8991338947598823,False,False,0.7424211913198303
difficulty_level,1,medium,0.7299311215204595,14,5,ari_generalizability_quant,3,0.7268772111444887,False,False,0.702811511631973
difficulty_level,1,medium,0.7299311215204595,14,5,ari_generalizability_quant,4,0.8677463097289446,False,False,0.9164774038914066
difficulty_level,1,medium,0.7299311215204595,14,5,ari_generalizability_quant,5,0.9947400081175197,True,True,1.0
difficulty_level,1,medium,0.7299311215204595,14,5,ari_generalizability_quant,6,0.868982101094393,False,False,0.8165374387499309
difficulty_level,1,medium,0.7299311215204595,14,5,ari_generalizability_quant,7,0.8991338947598823,False,False,0.7424211913198303
difficulty_level,1,medium,0.7299311215204595,14,5,ari_stability,3,0.768384242811781,False,False,0.702811511631973
difficulty_level,1,medium,0.7299311215204595,14,5,ari_stability,4,0.862180655598582,False,False,0.9164774038914066
difficulty_level,1,medium,0.7299311215204595,14,5,ari_stability,5,1.0,True,True,1.0
difficulty_level,1,medium,0.7299311215204595,14,5,ari_stability,6,0.9205689887593682,False,False,0.8165374387499309
difficulty_level,1,medium,0.7299311215204595,14,5,ari_stability,7,0.9154044464275393,False,False,0.7424211913198303
difficulty_level,1,medium,0.7299311215204595,14,5,ari_stability_1se,3,0.768384242811781,False,False,0.702811511631973
difficulty_level,1,medium,0.7299311215204595,14,5,ari_stability_1se,4,0.862180655598582,False,False,0.9164774038914066
difficulty_level,1,medium,0.7299311215204595,14,5,ari_stability_1se,5,1.0,True,True,1.0
difficulty_level,1,medium,0.7299311215204595,14,5,ari_stability_1se,6,0.9205689887593682,False,False,0.8165374387499309
difficulty_level,1,medium,0.7299311215204595,14,5,ari_stability_1se,7,0.9154044464275393,False,False,0.7424211913198303
difficulty_level,1,medium,0.7299311215204595,14,5,ari_stability_quant,3,0.768384242811781,False,False,0.702811511631973
difficulty_level,1,medium,0.7299311215204595,14,5,ari_stability_quant,4,0.862180655598582,False,False,0.9164774038914066
difficulty_level,1,medium,0.7299311215204595,14,5,ari_stability_quant,5,1.0,True,True,1.0
difficulty_level,1,medium,0.7299311215204595,14,5,ari_stability_quant,6,0.9205689887593682,False,False,0.8165374387499309
difficulty_level,1,medium,0.7299311215204595,14,5,ari_stability_quant,7,0.9154044464275393,False,False,0.7424211913198303
difficulty_level,1,medium,0.7299311215204595,14,5,consensus_ce_stability,3,0.7807983949033154,False,False,0.702811511631973
difficulty_level,1,medium,0.7299311215204595,14,5,consensus_ce_stability,4,0.8686463491380361,False,False,0.9164774038914066
difficulty_level,1,medium,0.7299311215204595,14,5,consensus_ce_stability,5,0.9999999999586944,True,True,1.0
difficulty_level,1,medium,0.7299311215204595,14,5,consensus_ce_stability,6,0.9431691387247962,False,False,0.8165374387499309
difficulty_level,1,medium,0.7299311215204595,14,5,consensus_ce_stability,7,0.9541261909326325,False,False,0.7424211913198303
difficulty_level,1,medium,0.7299311215204595,14,5,consensus_gini_stability,3,0.7889795288900093,False,False,0.702811511631973
difficulty_level,1,medium,0.7299311215204595,14,5,consensus_gini_stability,4,0.8843632616854333,False,False,0.9164774038914066
difficulty_level,1,medium,0.7299311215204595,14,5,consensus_gini_stability,5,1.0,True,True,1.0
difficulty_level,1,medium,0.7299311215204595,14,5,consensus_gini_stability,6,0.9510581132022693,False,False,0.8165374387499309
difficulty_level,1,medium,0.7299311215204595,14,5,consensus_gini_stability,7,0.9600410231370272,False,False,0.7424211913198303
difficulty_level,1,medium,0.7299311215204595,14,5,consensus_pac_stability,3,0.7682801867911941,False,False,0.702811511631973
difficulty_level,1,medium,0.7299311215204595,14,5,consensus_pac_stability,4,0.8192439404047143,False,False,0.9164774038914066
difficulty_level,1,medium,0.7299311215204595,14,5,consensus_pac_stability,5,1.0,True,True,1.0
difficulty_level,1,medium,0.7299311215204595,14,5,consensus_pac_stability,6,0.9222432732933067,False,False,0.8165374387499309
difficulty_level,1,medium,0.7299311215204595,14,5,consensus_pac_stability,7,0.9420262397153658,False,False,0.7424211913198303
difficulty_level,1,medium,0.7299311215204595,14,5,silhouette,3,0.11538591855715782,False,False,0.7561349338281624
difficulty_level,1,medium,0.7299311215204595,14,5,silhouette,4,0.116225847530379,False,False,0.9164774038914066
difficulty_level,1,medium,0.7299311215204595,14,5,silhouette,5,0.17052893449465711,False,True,0.7299311215204595
difficulty_level,1,medium,0.7299311215204595,14,5,silhouette,6,0.18760232569746427,False,False,0.8123085581025256
difficulty_level,1,medium,0.7299311215204595,14,5,silhouette,7,0.22655454300697161,True,False,0.7352714349108446
difficulty_level,1,medium,0.7299311215204595,14,5,gap,3,0.21475959017423918,False,False,0.7561349338281624
difficulty_level,1,medium,0.7299311215204595,14,5,gap,4,0.26287780814737616,False,False,0.9164774038914066
difficulty_level,1,medium,0.7299311215204595,14,5,gap,5,0.36463617007077254,False,True,0.7299311215204595
difficulty_level,1,medium,0.7299311215204595,14,5,gap,6,0.4023326596730943,False,False,0.8123085581025256
difficulty_level,1,medium,0.7299311215204595,14,5,gap,7,0.49215124311666614,True,False,0.7352714349108446
difficulty_level,1,medium,0.7299311215204595,14,5,davies_bouldin,3,0.24139632316510543,False,False,0.7561349338281624
difficulty_level,1,medium,0.7299311215204595,14,5,davies_bouldin,4,0.2672972791625274,False,False,0.9164774038914066
difficulty_level,1,medium,0.7299311215204595,14,5,davies_bouldin,5,0.2884555707259127,False,True,0.7299311215204595
difficulty_level,1,medium,0.7299311215204595,14,5,davies_bouldin,6,0.3018835870251965,False,False,0.8123085581025256
difficulty_level,1,medium,0.7299311215204595,14,5,davies_bouldin,7,0.3212810147880685,True,False,0.7352714349108446
difficulty_level,1,medium,0.7299311215204595,14,5,calinski_harabasz,3,131.07418476259735,False,False,0.7561349338281624
difficulty_level,1,medium,0.7299311215204595,14,5,calinski_harabasz,4,121.51189610959985,False,False,0.9164774038914066
difficulty_level,1,medium,0.7299311215204595,14,5,calinski_harabasz,5,144.60574970549555,False,True,0.7299311215204595
difficulty_level,1,medium,0.7299311215204595,14,5,calinski_harabasz,6,134.17009840194382,False,False,0.8123085581025256
difficulty_level,1,medium,0.7299311215204595,14,5,calinski_harabasz,7,147.7673097070169,True,False,0.7352714349108446
difficulty_level,1,medium,0.7728300798555028,15,5,accuracy_generalizability,3,0.9838016026247927,False,False,0.6519441822197315
difficulty_level,1,medium,0.7728300798555028,15,5,accuracy_generalizability,4,0.9080571495453338,False,False,0.8736264095090831
difficulty_level,1,medium,0.7728300798555028,15,5,accuracy_generalizability,5,0.9903177073385618,True,True,1.0
difficulty_level,1,medium,0.7728300798555028,15,5,accuracy_generalizability,6,0.9090891828058433,False,False,0.8640622207868374
difficulty_level,1,medium,0.7728300798555028,15,5,accuracy_generalizability,7,0.8329839355407087,False,False,0.8154106943919844
difficulty_level,1,medium,0.7728300798555028,15,5,ari_average,3,0.979813558860506,False,False,0.6519441822197315
difficulty_level,1,medium,0.7728300798555028,15,5,ari_average,4,0.8631186147413635,False,False,0.8736264095090831
difficulty_level,1,medium,0.7728300798555028,15,5,ari_average,5,0.9955861031547546,True,True,1.0
difficulty_level,1,medium,0.7728300798555028,15,5,ari_average,6,0.9133262846679925,False,False,0.8640622207868374
difficulty_level,1,medium,0.7728300798555028,15,5,ari_average,7,0.8453370855317105,False,False,0.8154106943919844
difficulty_level,1,medium,0.7728300798555028,15,5,ari_average_1se,3,0.979813558860506,False,False,0.6519441822197315
difficulty_level,1,medium,0.7728300798555028,15,5,ari_average_1se,4,0.8631186147413635,False,False,0.8736264095090831
difficulty_level,1,medium,0.7728300798555028,15,5,ari_average_1se,5,0.9955861031547546,True,True,1.0
difficulty_level,1,medium,0.7728300798555028,15,5,ari_average_1se,6,0.9133262846679925,False,False,0.8640622207868374
difficulty_level,1,medium,0.7728300798555028,15,5,ari_average_1se,7,0.8453370855317105,False,False,0.8154106943919844
difficulty_level,1,medium,0.7728300798555028,15,5,ari_average_quant,3,0.979813558860506,False,False,0.6519441822197315
difficulty_level,1,medium,0.7728300798555028,15,5,ari_average_quant,4,0.8631186147413635,False,False,0.8736264095090831
difficulty_level,1,medium,0.7728300798555028,15,5,ari_average_quant,5,0.9955861031547546,True,True,1.0
difficulty_level,1,medium,0.7728300798555028,15,5,ari_average_quant,6,0.9133262846679925,False,False,0.8640622207868374
difficulty_level,1,medium,0.7728300798555028,15,5,ari_average_quant,7,0.8453370855317105,False,False,0.8154106943919844
difficulty_level,1,medium,0.7728300798555028,15,5,ari_generalizability,3,0.9709743183789158,False,False,0.6519441822197315
difficulty_level,1,medium,0.7728300798555028,15,5,ari_generalizability,4,0.8388254036754879,False,False,0.8736264095090831
difficulty_level,1,medium,0.7728300798555028,15,5,ari_generalizability,5,0.9911722063095091,True,True,1.0
difficulty_level,1,medium,0.7728300798555028,15,5,ari_generalizability,6,0.8932118614871736,False,False,0.8640622207868374
difficulty_level,1,medium,0.7728300798555028,15,5,ari_generalizability,7,0.8320972789524689,False,False,0.8154106943919844
difficulty_level,1,medium,0.7728300798555028,15,5,ari_generalizability_1se,3,0.9709743183789158,False,False,0.6519441822197315
difficulty_level,1,medium,0.7728300798555028,15,5,ari_generalizability_1se,4,0.8388254036754879,False,False,0.8736264095090831
difficulty_level,1,medium,0.7728300798555028,15,5,ari_generalizability_1se,5,0.9911722063095091,True,True,1.0
difficulty_level,1,medium,0.7728300798555028,15,5,ari_generalizability_1se,6,0.8932118614871736,False,False,0.8640622207868374
difficulty_level,1,medium,0.7728300798555028,15,5,ari_generalizability_1se,7,0.8320972789524689,False,False,0.8154106943919844
difficulty_level,1,medium,0.7728300798555028,15,5,ari_generalizability_quant,3,0.9709743183789158,False,False,0.6519441822197315
difficulty_level,1,medium,0.7728300798555028,15,5,ari_generalizability_quant,4,0.8388254036754879,False,False,0.8736264095090831
difficulty_level,1,medium,0.7728300798555028,15,5,ari_generalizability_quant,5,0.9911722063095091,True,True,1.0
difficulty_level,1,medium,0.7728300798555028,15,5,ari_generalizability_quant,6,0.8932118614871736,False,False,0.8640622207868374
difficulty_level,1,medium,0.7728300798555028,15,5,ari_generalizability_quant,7,0.8320972789524689,False,False,0.8154106943919844
difficulty_level,1,medium,0.7728300798555028,15,5,ari_stability,3,0.9886527993420964,False,False,0.6519441822197315
difficulty_level,1,medium,0.7728300798555028,15,5,ari_stability,4,0.8874118258072398,False,False,0.8736264095090831
difficulty_level,1,medium,0.7728300798555028,15,5,ari_stability,5,1.0,True,True,1.0
difficulty_level,1,medium,0.7728300798555028,15,5,ari_stability,6,0.9334407078488112,False,False,0.8640622207868374
difficulty_level,1,medium,0.7728300798555028,15,5,ari_stability,7,0.8585768921109522,False,False,0.8154106943919844
difficulty_level,1,medium,0.7728300798555028,15,5,ari_stability_1se,3,0.9886527993420964,False,False,0.6519441822197315
difficulty_level,1,medium,0.7728300798555028,15,5,ari_stability_1se,4,0.8874118258072398,False,False,0.8736264095090831
difficulty_level,1,medium,0.7728300798555028,15,5,ari_stability_1se,5,1.0,True,True,1.0
difficulty_level,1,medium,0.7728300798555028,15,5,ari_stability_1se,6,0.9334407078488112,False,False,0.8640622207868374
difficulty_level,1,medium,0.7728300798555028,15,5,ari_stability_1se,7,0.8585768921109522,False,False,0.8154106943919844
difficulty_level,1,medium,0.7728300798555028,15,5,ari_stability_quant,3,0.9886527993420964,False,False,0.6519441822197315
difficulty_level,1,medium,0.7728300798555028,15,5,ari_stability_quant,4,0.8874118258072398,False,False,0.8736264095090831
difficulty_level,1,medium,0.7728300798555028,15,5,ari_stability_quant,5,1.0,True,True,1.0
difficulty_level,1,medium,0.7728300798555028,15,5,ari_stability_quant,6,0.9334407078488112,False,False,0.8640622207868374
difficulty_level,1,medium,0.7728300798555028,15,5,ari_stability_quant,7,0.8585768921109522,False,False,0.8154106943919844
difficulty_level,1,medium,0.7728300798555028,15,5,consensus_ce_stability,3,0.9999999999586944,True,False,0.6519441822197315
difficulty_level,1,medium,0.7728300798555028,15,5,consensus_ce_stability,4,0.9109836581698446,False,False,0.8736264095090831
difficulty_level,1,medium,0.7728300798555028,15,5,consensus_ce_stability,5,0.9999999999586944,False,True,1.0
difficulty_level,1,medium,0.7728300798555028,15,5,consensus_ce_stability,6,0.9534841832834824,False,False,0.8640622207868374
difficulty_level,1,medium,0.7728300798555028,15,5,consensus_ce_stability,7,0.9150588729216886,False,False,0.8154106943919844
difficulty_level,1,medium,0.7728300798555028,15,5,consensus_gini_stability,3,1.0,True,False,0.6519441822197315
difficulty_level,1,medium,0.7728300798555028,15,5,consensus_gini_stability,4,0.9114434017909993,False,False,0.8736264095090831
difficulty_level,1,medium,0.7728300798555028,15,5,consensus_gini_stability,5,1.0,False,True,1.0
difficulty_level,1,medium,0.7728300798555028,15,5,consensus_gini_stability,6,0.9625454627340326,False,False,0.8640622207868374
difficulty_level,1,medium,0.7728300798555028,15,5,consensus_gini_stability,7,0.925903437542151,False,False,0.8154106943919844
difficulty_level,1,medium,0.7728300798555028,15,5,consensus_pac_stability,3,1.0,True,False,0.6519441822197315
difficulty_level,1,medium,0.7728300798555028,15,5,consensus_pac_stability,4,0.9097149210584834,False,False,0.8736264095090831
difficulty_level,1,medium,0.7728300798555028,15,5,consensus_pac_stability,5,1.0,False,True,1.0
difficulty_level,1,medium,0.7728300798555028,15,5,consensus_pac_stability,6,0.9325648209917723,False,False,0.8640622207868374
difficulty_level,1,medium,0.7728300798555028,15,5,consensus_pac_stability,7,0.8826506559928842,False,False,0.8154106943919844
difficulty_level,1,medium,0.7728300798555028,15,5,silhouette,3,0.10745044659731787,False,False,0.6519441822197315
difficulty_level,1,medium,0.7728300798555028,15,5,silhouette,4,0.14154672678895483,False,False,0.8786431750944925
difficulty_level,1,medium,0.7728300798555028,15,5,silhouette,5,0.15295505916094948,False,True,0.7728300798555028
difficulty_level,1,medium,0.7728300798555028,15,5,silhouette,6,0.18149507461900063,False,False,0.8610355905342467
difficulty_level,1,medium,0.7728300798555028,15,5,silhouette,7,0.21258173708707948,True,False,0.7629688819525535
difficulty_level,1,medium,0.7728300798555028,15,5,gap,3,0.26751357146050303,False,False,0.6519441822197315
difficulty_level,1,medium,0.7728300798555028,15,5,gap,4,0.3436186865076838,False,False,0.8786431750944925
difficulty_level,1,medium,0.7728300798555028,15,5,gap,5,0.40500603777811506,False,True,0.7728300798555028
difficulty_level,1,medium,0.7728300798555028,15,5,gap,6,0.4653671938385031,False,False,0.8610355905342467
difficulty_level,1,medium,0.7728300798555028,15,5,gap,7,0.5410992994385175,True,False,0.7629688819525535
difficulty_level,1,medium,0.7728300798555028,15,5,davies_bouldin,3,0.2344558176134789,False,False,0.6519441822197315
difficulty_level,1,medium,0.7728300798555028,15,5,davies_bouldin,4,0.25528175629980465,False,False,0.8786431750944925
difficulty_level,1,medium,0.7728300798555028,15,5,davies_bouldin,5,0.28888548664795194,False,True,0.7728300798555028
difficulty_level,1,medium,0.7728300798555028,15,5,davies_bouldin,6,0.29359632739647906,False,False,0.8610355905342467
difficulty_level,1,medium,0.7728300798555028,15,5,davies_bouldin,7,0.30833814270177884,True,False,0.7629688819525535
difficulty_level,1,medium,0.7728300798555028,15,5,calinski_harabasz,3,102.48218334608316,False,False,0.6519441822197315
difficulty_level,1,medium,0.7728300798555028,15,5,calinski_harabasz,4,118.23477112461912,False,False,0.8786431750944925
difficulty_level,1,medium,0.7728300798555028,15,5,calinski_harabasz,5,121.1828624255161,False,True,0.7728300798555028
difficulty_level,1,medium,0.7728300798555028,15,5,calinski_harabasz,6,123.96290011500422,False,False,0.8610355905342467
difficulty_level,1,medium,0.7728300798555028,15,5,calinski_harabasz,7,133.17741441490617,True,False,0.7629688819525535
difficulty_level,1,medium,1.0,16,5,accuracy_generalizability,3,0.9657154712476183,False,False,0.7043871741118394
difficulty_level,1,medium,1.0,16,5,accuracy_generalizability,4,0.991647015753834,True,False,0.9005416931956752
difficulty_level,1,medium,1.0,16,5,accuracy_generalizability,5,0.9338439988305043,False,True,1.0
difficulty_level,1,medium,1.0,16,5,accuracy_generalizability,6,0.89068321694961,False,False,0.7727482026636459
difficulty_level,1,medium,1.0,16,5,accuracy_generalizability,7,0.8698105604181559,False,False,0.6933818604833312
difficulty_level,1,medium,1.0,16,5,ari_average,3,0.9704485741101645,False,False,0.7043871741118394
difficulty_level,1,medium,1.0,16,5,ari_average,4,0.9912816924884469,True,False,0.9005416931956752
difficulty_level,1,medium,1.0,16,5,ari_average,5,0.9644122885812275,False,True,1.0
difficulty_level,1,medium,1.0,16,5,ari_average,6,0.8504173105142206,False,False,0.7727482026636459
difficulty_level,1,medium,1.0,16,5,ari_average,7,0.8482198840964604,False,False,0.6933818604833312
difficulty_level,1,medium,1.0,16,5,ari_average_1se,3,0.9704485741101645,False,False,0.7043871741118394
difficulty_level,1,medium,1.0,16,5,ari_average_1se,4,0.9912816924884469,True,False,0.9005416931956752
difficulty_level,1,medium,1.0,16,5,ari_average_1se,5,0.9644122885812275,False,True,1.0
difficulty_level,1,medium,1.0,16,5,ari_average_1se,6,0.8504173105142206,False,False,0.7727482026636459
difficulty_level,1,medium,1.0,16,5,ari_average_1se,7,0.8482198840964604,False,False,0.6933818604833312
difficulty_level,1,medium,1.0,16,5,ari_average_quant,3,0.9704485741101645,False,False,0.7043871741118394
difficulty_level,1,medium,1.0,16,5,ari_average_quant,4,0.9912816924884469,False,False,0.9005416931956752
difficulty_level,1,medium,1.0,16,5,ari_average_quant,5,0.9644122885812275,True,True,1.0
difficulty_level,1,medium,1.0,16,5,ari_average_quant,6,0.8504173105142206,False,False,0.7727482026636459
difficulty_level,1,medium,1.0,16,5,ari_average_quant,7,0.8482198840964604,False,False,0.6933818604833312
difficulty_level,1,medium,1.0,16,5,ari_generalizability,3,0.9523824874795207,False,False,0.7043871741118394
difficulty_level,1,medium,1.0,16,5,ari_generalizability,4,0.9864761580310849,True,False,0.9005416931956752
difficulty_level,1,medium,1.0,16,5,ari_generalizability,5,0.9288245771624549,False,True,1.0
difficulty_level,1,medium,1.0,16,5,ari_generalizability,6,0.8149230900604878,False,False,0.7727482026636459
difficulty_level,1,medium,1.0,16,5,ari_generalizability,7,0.8338482949521675,False,False,0.6933818604833312
difficulty_level,1,medium,1.0,16,5,ari_generalizability_1se,3,0.9523824874795207,False,False,0.7043871741118394
difficulty_level,1,medium,1.0,16,5,ari_generalizability_1se,4,0.9864761580310849,True,False,0.9005416931956752
difficulty_level,1,medium,1.0,16,5,ari_generalizability_1se,5,0.9288245771624549,False,True,1.0
difficulty_level,1,medium,1.0,16,5,ari_generalizability_1se,6,0.8149230900604878,False,False,0.7727482026636459
difficulty_level,1,medium,1.0,16,5,ari_generalizability_1se,7,0.8338482949521675,False,False,0.6933818604833312
difficulty_level,1,medium,1.0,16,5,ari_generalizability_quant,3,0.9523824874795207,False,False,0.7043871741118394
difficulty_level,1,medium,1.0,16,5,ari_generalizability_quant,4,0.9864761580310849,False,False,0.9005416931956752
difficulty_level,1,medium,1.0,16,5,ari_generalizability_quant,5,0.9288245771624549,False,True,1.0
difficulty_level,1,medium,1.0,16,5,ari_generalizability_quant,6,0.8149230900604878,False,False,0.7727482026636459
difficulty_level,1,medium,1.0,16,5,ari_generalizability_quant,7,0.8338482949521675,True,False,0.6933818604833312
difficulty_level,1,medium,1.0,16,5,ari_stability,3,0.9885146607408083,False,False,0.7043871741118394
difficulty_level,1,medium,1.0,16,5,ari_stability,4,0.9960872269458091,False,False,0.9005416931956752
difficulty_level,1,medium,1.0,16,5,ari_stability,5,1.0,True,True,1.0
difficulty_level,1,medium,1.0,16,5,ari_stability,6,0.8859115309679534,False,False,0.7727482026636459
difficulty_level,1,medium,1.0,16,5,ari_stability,7,0.862591473240754,False,False,0.6933818604833312
difficulty_level,1,medium,1.0,16,5,ari_stability_1se,3,0.9885146607408083,False,False,0.7043871741118394
difficulty_level,1,medium,1.0,16,5,ari_stability_1se,4,0.9960872269458091,False,False,0.9005416931956752
difficulty_level,1,medium,1.0,16,5,ari_stability_1se,5,1.0,True,True,1.0
difficulty_level,1,medium,1.0,16,5,ari_stability_1se,6,0.8859115309679534,False,False,0.7727482026636459
difficulty_level,1,medium,1.0,16,5,ari_stability_1se,7,0.862591473240754,False,False,0.6933818604833312
difficulty_level,1,medium,1.0,16,5,ari_stability_quant,3,0.9885146607408083,False,False,0.7043871741118394
difficulty_level,1,medium,1.0,16,5,ari_stability_quant,4,0.9960872269458091,False,False,0.9005416931956752
difficulty_level,1,medium,1.0,16,5,ari_stability_quant,5,1.0,True,True,1.0
difficulty_level,1,medium,1.0,16,5,ari_stability_quant,6,0.8859115309679534,False,False,0.7727482026636459
difficulty_level,1,medium,1.0,16,5,ari_stability_quant,7,0.862591473240754,False,False,0.6933818604833312
difficulty_level,1,medium,1.0,16,5,consensus_ce_stability,3,0.9771770811299818,False,False,0.7043871741118394
difficulty_level,1,medium,1.0,16,5,consensus_ce_stability,4,0.9999999999586944,True,False,0.9005416931956752
difficulty_level,1,medium,1.0,16,5,consensus_ce_stability,5,0.9999999999586944,False,True,1.0
difficulty_level,1,medium,1.0,16,5,consensus_ce_stability,6,0.9271181255073205,False,False,0.7727482026636459
difficulty_level,1,medium,1.0,16,5,consensus_ce_stability,7,0.92340068269699,False,False,0.6933818604833312
difficulty_level,1,medium,1.0,16,5,consensus_gini_stability,3,0.985944621446734,False,False,0.7043871741118394
difficulty_level,1,medium,1.0,16,5,consensus_gini_stability,4,1.0,True,False,0.9005416931956752
difficulty_level,1,medium,1.0,16,5,consensus_gini_stability,5,1.0,False,True,1.0
difficulty_level,1,medium,1.0,16,5,consensus_gini_stability,6,0.9373065124347952,False,False,0.7727482026636459
difficulty_level,1,medium,1.0,16,5,consensus_gini_stability,7,0.9315805249128956,False,False,0.6933818604833312
difficulty_level,1,medium,1.0,16,5,consensus_pac_stability,3,0.9826995774961085,False,False,0.7043871741118394
difficulty_level,1,medium,1.0,16,5,consensus_pac_stability,4,1.0,True,False,0.9005416931956752
difficulty_level,1,medium,1.0,16,5,consensus_pac_stability,5,1.0,False,True,1.0
difficulty_level,1,medium,1.0,16,5,consensus_pac_stability,6,0.9002197020235713,False,False,0.7727482026636459
difficulty_level,1,medium,1.0,16,5,consensus_pac_stability,7,0.9074600845007783,False,False,0.6933818604833312
difficulty_level,1,medium,1.0,16,5,silhouette,3,0.11864630901970175,False,False,0.7043871741118394
difficulty_level,1,medium,1.0,16,5,silhouette,4,0.1494431728429361,False,False,0.906509239270565
difficulty_level,1,medium,1.0,16,5,silhouette,5,0.1708466001873853,False,True,0.6558807429695317
difficulty_level,1,medium,1.0,16,5,silhouette,6,0.2018222458079409,False,False,0.7743877609838173
difficulty_level,1,medium,1.0,16,5,silhouette,7,0.2432554423511376,True,False,0.6855401005196752
difficulty_level,1,medium,1.0,16,5,gap,3,0.36350840511373583,False,False,0.7043871741118394
difficulty_level,1,medium,1.0,16,5,gap,4,0.4157966922422123,False,False,0.906509239270565
difficulty_level,1,medium,1.0,16,5,gap,5,0.46984813160371,False,True,0.6558807429695317
difficulty_level,1,medium,1.0,16,5,gap,6,0.5655780322785411,False,False,0.7743877609838173
difficulty_level,1,medium,1.0,16,5,gap,7,0.6752799472297859,True,False,0.6855401005196752
difficulty_level,1,medium,1.0,16,5,davies_bouldin,3,0.2665910681183869,False,False,0.7043871741118394
difficulty_level,1,medium,1.0,16,5,davies_bouldin,4,0.2678561288284638,False,False,0.906509239270565
difficulty_level,1,medium,1.0,16,5,davies_bouldin,5,0.29736356204882985,False,True,0.6558807429695317
difficulty_level,1,medium,1.0,16,5,davies_bouldin,6,0.31873887127367845,False,False,0.7743877609838173
difficulty_level,1,medium,1.0,16,5,davies_bouldin,7,0.34215606723346015,True,False,0.6855401005196752
difficulty_level,1,medium,1.0,16,5,calinski_harabasz,3,129.28882608944917,False,False,0.7043871741118394
difficulty_level,1,medium,1.0,16,5,calinski_harabasz,4,122.74766960197017,False,False,0.906509239270565
difficulty_level,1,medium,1.0,16,5,calinski_harabasz,5,121.37693195097349,False,True,0.6558807429695317
difficulty_level,1,medium,1.0,16,5,calinski_harabasz,6,139.5654617644002,False,False,0.7743877609838173
difficulty_level,1,medium,1.0,16,5,calinski_harabasz,7,160.66937322793646,True,False,0.6855401005196752
difficulty_level,1,medium,1.0,17,5,accuracy_generalizability,3,0.858684218174107,False,False,0.6858980621465488
difficulty_level,1,medium,1.0,17,5,accuracy_generalizability,4,0.9928400601984915,False,False,0.8916124220117886
difficulty_level,1,medium,1.0,17,5,accuracy_generalizability,5,1.0,True,True,1.0
difficulty_level,1,medium,1.0,17,5,accuracy_generalizability,6,0.8719701153054273,False,False,0.8739371332845159
difficulty_level,1,medium,1.0,17,5,accuracy_generalizability,7,0.8428101032891814,False,False,0.7562187967033589
difficulty_level,1,medium,1.0,17,5,ari_average,3,0.7038093825368088,False,False,0.6858980621465488
difficulty_level,1,medium,1.0,17,5,ari_average,4,0.9924127540177848,False,False,0.8916124220117886
difficulty_level,1,medium,1.0,17,5,ari_average,5,1.0,True,True,1.0
difficulty_level,1,medium,1.0,17,5,ari_average,6,0.8665041020095076,False,False,0.8739371332845159
difficulty_level,1,medium,1.0,17,5,ari_average,7,0.827047105747262,False,False,0.7562187967033589
difficulty_level,1,medium,1.0,17,5,ari_average_1se,3,0.7038093825368088,False,False,0.6858980621465488
difficulty_level,1,medium,1.0,17,5,ari_average_1se,4,0.9924127540177848,False,False,0.8916124220117886
difficulty_level,1,medium,1.0,17,5,ari_average_1se,5,1.0,True,True,1.0
difficulty_level,1,medium,1.0,17,5,ari_average_1se,6,0.8665041020095076,False,False,0.8739371332845159
difficulty_level,1,medium,1.0,17,5,ari_average_1se,7,0.827047105747262,False,False,0.7562187967033589
difficulty_level,1,medium,1.0,17,5,ari_average_quant,3,0.7038093825368088,False,False,0.6858980621465488
difficulty_level,1,medium,1.0,17,5,ari_average_quant,4,0.9924127540177848,False,False,0.8916124220117886
difficulty_level,1,medium,1.0,17,5,ari_average_quant,5,1.0,True,True,1.0
difficulty_level,1,medium,1.0,17,5,ari_average_quant,6,0.8665041020095076,False,False,0.8739371332845159
difficulty_level,1,medium,1.0,17,5,ari_average_quant,7,0.827047105747262,False,False,0.7562187967033589
difficulty_level,1,medium,1.0,17,5,ari_generalizability,3,0.6942750649677114,False,False,0.6858980621465488
difficulty_level,1,medium,1.0,17,5,ari_generalizability,4,0.9912020778127806,False,False,0.8916124220117886
difficulty_level,1,medium,1.0,17,5,ari_generalizability,5,1.0,True,True,1.0
difficulty_level,1,medium,1.0,17,5,ari_generalizability,6,0.8590390960805077,False,False,0.8739371332845159
difficulty_level,1,medium,1.0,17,5,ari_generalizability,7,0.8046210992393327,False,False,0.7562187967033589
difficulty_level,1,medium,1.0,17,5,ari_generalizability_1se,3,0.6942750649677114,False,False,0.6858980621465488
difficulty_level,1,medium,1.0,17,5,ari_generalizability_1se,4,0.9912020778127806,False,False,0.8916124220117886
difficulty_level,1,medium,1.0,17,5,ari_generalizability_1se,5,1.0,True,True,1.0
difficulty_level,1,medium,1.0,17,5,ari_generalizability_1se,6,0.8590390960805077,False,False,0.8739371332845159
difficulty_level,1,medium,1.0,17,5,ari_generalizability_1se,7,0.8046210992393327,False,False,0.7562187967033589
difficulty_level,1,medium,1.0,17,5,ari_generalizability_quant,3,0.6942750649677114,False,False,0.6858980621465488
difficulty_level,1,medium,1.0,17,5,ari_generalizability_quant,4,0.9912020778127806,False,False,0.8916124220117886
difficulty_level,1,medium,1.0,17,5,ari_generalizability_quant,5,1.0,True,True,1.0
difficulty_level,1,medium,1.0,17,5,ari_generalizability_quant,6,0.8590390960805077,False,False,0.8739371332845159
difficulty_level,1,medium,1.0,17,5,ari_generalizability_quant,7,0.8046210992393327,False,False,0.7562187967033589
difficulty_level,1,medium,1.0,17,5,ari_stability,3,0.7133437001059059,False,False,0.6858980621465488
difficulty_level,1,medium,1.0,17,5,ari_stability,4,0.9936234302227893,False,False,0.8916124220117886
difficulty_level,1,medium,1.0,17,5,ari_stability,5,1.0,True,True,1.0
difficulty_level,1,medium,1.0,17,5,ari_stability,6,0.8739691079385071,False,False,0.8739371332845159
difficulty_level,1,medium,1.0,17,5,ari_stability,7,0.8494731122551914,False,False,0.7562187967033589
difficulty_level,1,medium,1.0,17,5,ari_stability_1se,3,0.7133437001059059,False,False,0.6858980621465488
difficulty_level,1,medium,1.0,17,5,ari_stability_1se,4,0.9936234302227893,False,False,0.8916124220117886
difficulty_level,1,medium,1.0,17,5,ari_stability_1se,5,1.0,True,True,1.0
difficulty_level,1,medium,1.0,17,5,ari_stability_1se,6,0.8739691079385071,False,False,0.8739371332845159
difficulty_level,1,medium,1.0,17,5,ari_stability_1se,7,0.8494731122551914,False,False,0.7562187967033589
difficulty_level,1,medium,1.0,17,5,ari_stability_quant,3,0.7133437001059059,False,False,0.6858980621465488
difficulty_level,1,medium,1.0,17,5,ari_stability_quant,4,0.9936234302227893,False,False,0.8916124220117886
difficulty_level,1,medium,1.0,17,5,ari_stability_quant,5,1.0,True,True,1.0
difficulty_level,1,medium,1.0,17,5,ari_stability_quant,6,0.8739691079385071,False,False,0.8739371332845159
difficulty_level,1,medium,1.0,17,5,ari_stability_quant,7,0.8494731122551914,False,False,0.7562187967033589
difficulty_level,1,medium,1.0,17,5,consensus_ce_stability,3,0.7263839647140036,False,False,0.6858980621465488
difficulty_level,1,medium,1.0,17,5,consensus_ce_stability,4,0.9839330218821564,False,False,0.8916124220117886
difficulty_level,1,medium,1.0,17,5,consensus_ce_stability,5,0.9999999999586944,True,True,1.0
difficulty_level,1,medium,1.0,17,5,consensus_ce_stability,6,0.9166113134641641,False,False,0.8739371332845159
difficulty_level,1,medium,1.0,17,5,consensus_ce_stability,7,0.9192217582418167,False,False,0.7562187967033589
difficulty_level,1,medium,1.0,17,5,consensus_gini_stability,3,0.7426475502715405,False,False,0.6858980621465488
difficulty_level,1,medium,1.0,17,5,consensus_gini_stability,4,0.9901418149444409,False,False,0.8916124220117886
difficulty_level,1,medium,1.0,17,5,consensus_gini_stability,5,1.0,True,True,1.0
difficulty_level,1,medium,1.0,17,5,consensus_gini_stability,6,0.9251316127625784,False,False,0.8739371332845159
difficulty_level,1,medium,1.0,17,5,consensus_gini_stability,7,0.9268340395741023,False,False,0.7562187967033589
difficulty_level,1,medium,1.0,17,5,consensus_pac_stability,3,0.6644056037358239,False,False,0.6858980621465488
difficulty_level,1,medium,1.0,17,5,consensus_pac_stability,4,0.9889908828107628,False,False,0.8916124220117886
difficulty_level,1,medium,1.0,17,5,consensus_pac_stability,5,1.0,True,True,1.0
difficulty_level,1,medium,1.0,17,5,consensus_pac_stability,6,0.8923291082944185,False,False,0.8739371332845159
difficulty_level,1,medium,1.0,17,5,consensus_pac_stability,7,0.8988783633533467,False,False,0.7562187967033589
difficulty_level,1,medium,1.0,17,5,silhouette,3,0.11229790824112898,False,False,0.6858980621465488
difficulty_level,1,medium,1.0,17,5,silhouette,4,0.13618599588798963,False,False,0.8916124220117886
difficulty_level,1,medium,1.0,17,5,silhouette,5,0.17192883279883506,False,True,1.0
difficulty_level,1,medium,1.0,17,5,silhouette,6,0.20060446885608083,False,False,0.8976811237480073
difficulty_level,1,medium,1.0,17,5,silhouette,7,0.24189797294288534,True,False,0.7558336102723593
difficulty_level,1,medium,1.0,17,5,gap,3,0.2658762763729019,False,False,0.6858980621465488
difficulty_level,1,medium,1.0,17,5,gap,4,0.3178195385339482,False,False,0.8916124220117886
difficulty_level,1,medium,1.0,17,5,gap,5,0.3921203473761441,False,True,1.0
difficulty_level,1,medium,1.0,17,5,gap,6,0.4706311271167287,False,False,0.8976811237480073
difficulty_level,1,medium,1.0,17,5,gap,7,0.5838427597150933,True,False,0.7558336102723593
difficulty_level,1,medium,1.0,17,5,davies_bouldin,3,0.24941973883005011,False,False,0.6858980621465488
difficulty_level,1,medium,1.0,17,5,davies_bouldin,4,0.27039645026665515,False,False,0.8916124220117886
difficulty_level,1,medium,1.0,17,5,davies_bouldin,5,0.2932278884656265,False,True,1.0
difficulty_level,1,medium,1.0,17,5,davies_bouldin,6,0.3114026173751411,False,False,0.8976811237480073
difficulty_level,1,medium,1.0,17,5,davies_bouldin,7,0.3355905574559946,True,False,0.7558336102723593
difficulty_level,1,medium,1.0,17,5,calinski_harabasz,3,117.67028676226882,False,False,0.6858980621465488
difficulty_level,1,medium,1.0,17,5,calinski_harabasz,4,114.14969312172225,False,False,0.8916124220117886
difficulty_level,1,medium,1.0,17,5,calinski_harabasz,5,124.49912056494618,False,True,1.0
difficulty_level,1,medium,1.0,17,5,calinski_harabasz,6,134.71645154782644,False,False,0.8976811237480073
difficulty_level,1,medium,1.0,17,5,calinski_harabasz,7,157.60994284308427,True,False,0.7558336102723593
difficulty_level,1,medium,1.0,18,5,accuracy_generalizability,3,0.9062869626504313,False,False,0.6789886488995517
difficulty_level,1,medium,1.0,18,5,accuracy_generalizability,4,0.9547531338402672,False,False,0.908912246354589
difficulty_level,1,medium,1.0,18,5,accuracy_generalizability,5,0.9978610731541222,True,True,1.0
difficulty_level,1,medium,1.0,18,5,accuracy_generalizability,6,0.8985794096539709,False,False,0.8667702048494762
difficulty_level,1,medium,1.0,18,5,accuracy_generalizability,7,0.8745531795751927,False,False,0.7557983369114823
difficulty_level,1,medium,1.0,18,5,ari_average,3,0.8294561745123165,False,False,0.6789886488995517
difficulty_level,1,medium,1.0,18,5,ari_average,4,0.9167621482638431,False,False,0.908912246354589
difficulty_level,1,medium,1.0,18,5,ari_average,5,0.9989773600486486,True,True,1.0
difficulty_level,1,medium,1.0,18,5,ari_average,6,0.9147632241174066,False,False,0.8667702048494762
difficulty_level,1,medium,1.0,18,5,ari_average,7,0.8877127782768655,False,False,0.7557983369114823
difficulty_level,1,medium,1.0,18,5,ari_average_1se,3,0.8294561745123165,False,False,0.6789886488995517
difficulty_level,1,medium,1.0,18,5,ari_average_1se,4,0.9167621482638431,False,False,0.908912246354589
difficulty_level,1,medium,1.0,18,5,ari_average_1se,5,0.9989773600486486,True,True,1.0
difficulty_level,1,medium,1.0,18,5,ari_average_1se,6,0.9147632241174066,False,False,0.8667702048494762
difficulty_level,1,medium,1.0,18,5,ari_average_1se,7,0.8877127782768655,False,False,0.7557983369114823
difficulty_level,1,medium,1.0,18,5,ari_average_quant,3,0.8294561745123165,False,False,0.6789886488995517
difficulty_level,1,medium,1.0,18,5,ari_average_quant,4,0.9167621482638431,False,False,0.908912246354589
difficulty_level,1,medium,1.0,18,5,ari_average_quant,5,0.9989773600486486,True,True,1.0
difficulty_level,1,medium,1.0,18,5,ari_average_quant,6,0.9147632241174066,False,False,0.8667702048494762
difficulty_level,1,medium,1.0,18,5,ari_average_quant,7,0.8877127782768655,False,False,0.7557983369114823
difficulty_level,1,medium,1.0,18,5,ari_generalizability,3,0.8108097492717542,False,False,0.6789886488995517
difficulty_level,1,medium,1.0,18,5,ari_generalizability,4,0.9277520383681187,False,False,0.908912246354589
difficulty_level,1,medium,1.0,18,5,ari_generalizability,5,0.997954720097297,True,True,1.0
difficulty_level,1,medium,1.0,18,5,ari_generalizability,6,0.8900187064355047,False,False,0.8667702048494762
difficulty_level,1,medium,1.0,18,5,ari_generalizability,7,0.8498417460921452,False,False,0.7557983369114823
difficulty_level,1,medium,1.0,18,5,ari_generalizability_1se,3,0.8108097492717542,False,False,0.6789886488995517
difficulty_level,1,medium,1.0,18,5,ari_generalizability_1se,4,0.9277520383681187,False,False,0.908912246354589
difficulty_level,1,medium,1.0,18,5,ari_generalizability_1se,5,0.997954720097297,True,True,1.0
difficulty_level,1,medium,1.0,18,5,ari_generalizability_1se,6,0.8900187064355047,False,False,0.8667702048494762
difficulty_level,1,medium,1.0,18,5,ari_generalizability_1se,7,0.8498417460921452,False,False,0.7557983369114823
difficulty_level,1,medium,1.0,18,5,ari_generalizability_quant,3,0.8108097492717542,False,False,0.6789886488995517
difficulty_level,1,medium,1.0,18,5,ari_generalizability_quant,4,0.9277520383681187,False,False,0.908912246354589
difficulty_level,1,medium,1.0,18,5,ari_generalizability_quant,5,0.997954720097297,True,True,1.0
difficulty_level,1,medium,1.0,18,5,ari_generalizability_quant,6,0.8900187064355047,False,False,0.8667702048494762
difficulty_level,1,medium,1.0,18,5,ari_generalizability_quant,7,0.8498417460921452,False,False,0.7557983369114823
difficulty_level,1,medium,1.0,18,5,ari_stability,3,0.8481025997528788,False,False,0.6789886488995517
difficulty_level,1,medium,1.0,18,5,ari_stability,4,0.9057722581595676,False,False,0.908912246354589
difficulty_level,1,medium,1.0,18,5,ari_stability,5,1.0,True,True,1.0
difficulty_level,1,medium,1.0,18,5,ari_stability,6,0.9395077417993085,False,False,0.8667702048494762
difficulty_level,1,medium,1.0,18,5,ari_stability,7,0.9255838104615853,False,False,0.7557983369114823
difficulty_level,1,medium,1.0,18,5,ari_stability_1se,3,0.8481025997528788,False,False,0.6789886488995517
difficulty_level,1,medium,1.0,18,5,ari_stability_1se,4,0.9057722581595676,False,False,0.908912246354589
difficulty_level,1,medium,1.0,18,5,ari_stability_1se,5,1.0,True,True,1.0
difficulty_level,1,medium,1.0,18,5,ari_stability_1se,6,0.9395077417993085,False,False,0.8667702048494762
difficulty_level,1,medium,1.0,18,5,ari_stability_1se,7,0.9255838104615853,False,False,0.7557983369114823
difficulty_level,1,medium,1.0,18,5,ari_stability_quant,3,0.8481025997528788,False,False,0.6789886488995517
difficulty_level,1,medium,1.0,18,5,ari_stability_quant,4,0.9057722581595676,False,False,0.908912246354589
difficulty_level,1,medium,1.0,18,5,ari_stability_quant,5,1.0,True,True,1.0
difficulty_level,1,medium,1.0,18,5,ari_stability_quant,6,0.9395077417993085,False,False,0.8667702048494762
difficulty_level,1,medium,1.0,18,5,ari_stability_quant,7,0.9255838104615853,False,False,0.7557983369114823
difficulty_level,1,medium,1.0,18,5,consensus_ce_stability,3,0.8511927036651211,False,False,0.6789886488995517
difficulty_level,1,medium,1.0,18,5,consensus_ce_stability,4,0.9160782941140758,False,False,0.908912246354589
difficulty_level,1,medium,1.0,18,5,consensus_ce_stability,5,0.9999999999586944,True,True,1.0
difficulty_level,1,medium,1.0,18,5,consensus_ce_stability,6,0.9546007833178083,False,False,0.8667702048494762
difficulty_level,1,medium,1.0,18,5,consensus_ce_stability,7,0.9494868945104884,False,False,0.7557983369114823
difficulty_level,1,medium,1.0,18,5,consensus_gini_stability,3,0.8827291456349688,False,False,0.6789886488995517
difficulty_level,1,medium,1.0,18,5,consensus_gini_stability,4,0.925473296229983,False,False,0.908912246354589
difficulty_level,1,medium,1.0,18,5,consensus_gini_stability,5,1.0,True,True,1.0
difficulty_level,1,medium,1.0,18,5,consensus_gini_stability,6,0.964404050522705,False,False,0.8667702048494762
difficulty_level,1,medium,1.0,18,5,consensus_gini_stability,7,0.9598763850420962,False,False,0.7557983369114823
difficulty_level,1,medium,1.0,18,5,consensus_pac_stability,3,0.7477891927951967,False,False,0.6789886488995517
difficulty_level,1,medium,1.0,18,5,consensus_pac_stability,4,0.9022379364020459,False,False,0.908912246354589
difficulty_level,1,medium,1.0,18,5,consensus_pac_stability,5,1.0,True,True,1.0
difficulty_level,1,medium,1.0,18,5,consensus_pac_stability,6,0.9214178341116299,False,False,0.8667702048494762
difficulty_level,1,medium,1.0,18,5,consensus_pac_stability,7,0.9260609295085612,False,False,0.7557983369114823
difficulty_level,1,medium,1.0,18,5,silhouette,3,0.12170506127070291,False,False,0.7210851486155073
difficulty_level,1,medium,1.0,18,5,silhouette,4,0.13567718520501795,False,False,0.908912246354589
difficulty_level,1,medium,1.0,18,5,silhouette,5,0.14179995398663403,False,True,1.0
difficulty_level,1,medium,1.0,18,5,silhouette,6,0.22198501896747563,True,False,0.6842875381948237
difficulty_level,1,medium,1.0,18,5,silhouette,7,0.21802637282021145,False,False,0.7551990606026625
difficulty_level,1,medium,1.0,18,5,gap,3,0.26025073300263024,False,False,0.7210851486155073
difficulty_level,1,medium,1.0,18,5,gap,4,0.3057572337852772,False,False,0.908912246354589
difficulty_level,1,medium,1.0,18,5,gap,5,0.35830067509002284,False,True,1.0
difficulty_level,1,medium,1.0,18,5,gap,6,0.5049313718846378,False,False,0.6842875381948237
difficulty_level,1,medium,1.0,18,5,gap,7,0.5231412026161752,True,False,0.7551990606026625
difficulty_level,1,medium,1.0,18,5,davies_bouldin,3,0.248204911639218,False,False,0.7210851486155073
difficulty_level,1,medium,1.0,18,5,davies_bouldin,4,0.25760775333631736,False,False,0.908912246354589
difficulty_level,1,medium,1.0,18,5,davies_bouldin,5,0.3016286012996566,False,True,1.0
difficulty_level,1,medium,1.0,18,5,davies_bouldin,6,0.3296904049440467,False,False,0.6842875381948237
difficulty_level,1,medium,1.0,18,5,davies_bouldin,7,0.3344059178875434,True,False,0.7551990606026625
difficulty_level,1,medium,1.0,18,5,calinski_harabasz,3,128.99862990980355,False,False,0.7210851486155073
difficulty_level,1,medium,1.0,18,5,calinski_harabasz,4,118.24191407003829,False,False,0.908912246354589
difficulty_level,1,medium,1.0,18,5,calinski_harabasz,5,117.02775435560763,False,True,1.0
difficulty_level,1,medium,1.0,18,5,calinski_harabasz,6,158.2620367927277,True,False,0.6842875381948237
difficulty_level,1,medium,1.0,18,5,calinski_harabasz,7,140.81070760698702,False,False,0.7551990606026625
difficulty_level,1,medium,0.7084443251958933,19,5,accuracy_generalizability,3,0.9682572655481466,False,False,0.7801558325780917
difficulty_level,1,medium,0.7084443251958933,19,5,accuracy_generalizability,4,0.932662537424147,False,False,0.9105807416073001
difficulty_level,1,medium,0.7084443251958933,19,5,accuracy_generalizability,5,0.9848120273861078,True,True,1.0
difficulty_level,1,medium,0.7084443251958933,19,5,accuracy_generalizability,6,0.9471188649998515,False,False,0.766799043361854
difficulty_level,1,medium,0.7084443251958933,19,5,accuracy_generalizability,7,0.9004523685724366,False,False,0.6771089380769604
difficulty_level,1,medium,0.7084443251958933,19,5,ari_average,3,0.9588861087018666,False,False,0.7801558325780917
difficulty_level,1,medium,0.7084443251958933,19,5,ari_average,4,0.9328741832819518,False,False,0.9105807416073001
difficulty_level,1,medium,0.7084443251958933,19,5,ari_average,5,0.9920316770738641,True,True,1.0
difficulty_level,1,medium,0.7084443251958933,19,5,ari_average,6,0.9119809603763243,False,False,0.766799043361854
difficulty_level,1,medium,0.7084443251958933,19,5,ari_average,7,0.8759496285950853,False,False,0.6771089380769604
difficulty_level,1,medium,0.7084443251958933,19,5,ari_average_1se,3,0.9588861087018666,False,False,0.7801558325780917
difficulty_level,1,medium,0.7084443251958933,19,5,ari_average_1se,4,0.9328741832819518,False,False,0.9105807416073001
difficulty_level,1,medium,0.7084443251958933,19,5,ari_average_1se,5,0.9920316770738641,True,True,1.0
difficulty_level,1,medium,0.7084443251958933,19,5,ari_average_1se,6,0.9119809603763243,False,False,0.766799043361854
difficulty_level,1,medium,0.7084443251958933,19,5,ari_average_1se,7,0.8759496285950853,False,False,0.6771089380769604
difficulty_level,1,medium,0.7084443251958933,19,5,ari_average_quant,3,0.9588861087018666,False,False,0.7801558325780917
difficulty_level,1,medium,0.7084443251958933,19,5,ari_average_quant,4,0.9328741832819518,False,False,0.9105807416073001
difficulty_level,1,medium,0.7084443251958933,19,5,ari_average_quant,5,0.9920316770738641,True,True,1.0
difficulty_level,1,medium,0.7084443251958933,19,5,ari_average_quant,6,0.9119809603763243,False,False,0.766799043361854
difficulty_level,1,medium,0.7084443251958933,19,5,ari_average_quant,7,0.8759496285950853,False,False,0.6771089380769604
difficulty_level,1,medium,0.7084443251958933,19,5,ari_generalizability,3,0.9554707979122594,False,False,0.7801558325780917
difficulty_level,1,medium,0.7084443251958933,19,5,ari_generalizability,4,0.9209809888757157,False,False,0.9105807416073001
difficulty_level,1,medium,0.7084443251958933,19,5,ari_generalizability,5,0.9840633541477283,True,True,1.0
difficulty_level,1,medium,0.7084443251958933,19,5,ari_generalizability,6,0.8914937902806344,False,False,0.766799043361854
difficulty_level,1,medium,0.7084443251958933,19,5,ari_generalizability,7,0.8635445068815331,False,False,0.6771089380769604
difficulty_level,1,medium,0.7084443251958933,19,5,ari_generalizability_1se,3,0.9554707979122594,False,False,0.7801558325780917
difficulty_level,1,medium,0.7084443251958933,19,5,ari_generalizability_1se,4,0.9209809888757157,False,False,0.9105807416073001
difficulty_level,1,medium,0.7084443251958933,19,5,ari_generalizability_1se,5,0.9840633541477283,True,True,1.0
difficulty_level,1,medium,0.7084443251958933,19,5,ari_generalizability_1se,6,0.8914937902806344,False,False,0.766799043361854
difficulty_level,1,medium,0.7084443251958933,19,5,ari_generalizability_1se,7,0.8635445068815331,False,False,0.6771089380769604
difficulty_level,1,medium,0.7084443251958933,19,5,ari_generalizability_quant,3,0.9554707979122594,False,False,0.7801558325780917
difficulty_level,1,medium,0.7084443251958933,19,5,ari_generalizability_quant,4,0.9209809888757157,False,False,0.9105807416073001
difficulty_level,1,medium,0.7084443251958933,19,5,ari_generalizability_quant,5,0.9840633541477283,True,True,1.0
difficulty_level,1,medium,0.7084443251958933,19,5,ari_generalizability_quant,6,0.8914937902806344,False,False,0.766799043361854
difficulty_level,1,medium,0.7084443251958933,19,5,ari_generalizability_quant,7,0.8635445068815331,False,False,0.6771089380769604
difficulty_level,1,medium,0.7084443251958933,19,5,ari_stability,3,0.962301419491474,False,False,0.7801558325780917
difficulty_level,1,medium,0.7084443251958933,19,5,ari_stability,4,0.9447673776881877,False,False,0.9105807416073001
difficulty_level,1,medium,0.7084443251958933,19,5,ari_stability,5,1.0,True,True,1.0
difficulty_level,1,medium,0.7084443251958933,19,5,ari_stability,6,0.9324681304720138,False,False,0.766799043361854
difficulty_level,1,medium,0.7084443251958933,19,5,ari_stability,7,0.8883547503086373,False,False,0.6771089380769604
difficulty_level,1,medium,0.7084443251958933,19,5,ari_stability_1se,3,0.962301419491474,False,False,0.7801558325780917
difficulty_level,1,medium,0.7084443251958933,19,5,ari_stability_1se,4,0.9447673776881877,False,False,0.9105807416073001
difficulty_level,1,medium,0.7084443251958933,19,5,ari_stability_1se,5,1.0,True,True,1.0
difficulty_level,1,medium,0.7084443251958933,19,5,ari_stability_1se,6,0.9324681304720138,False,False,0.766799043361854
difficulty_level,1,medium,0.7084443251958933,19,5,ari_stability_1se,7,0.8883547503086373,False,False,0.6771089380769604
difficulty_level,1,medium,0.7084443251958933,19,5,ari_stability_quant,3,0.962301419491474,False,False,0.7801558325780917
difficulty_level,1,medium,0.7084443251958933,19,5,ari_stability_quant,4,0.9447673776881877,False,False,0.9105807416073001
difficulty_level,1,medium,0.7084443251958933,19,5,ari_stability_quant,5,1.0,True,True,1.0
difficulty_level,1,medium,0.7084443251958933,19,5,ari_stability_quant,6,0.9324681304720138,False,False,0.766799043361854
difficulty_level,1,medium,0.7084443251958933,19,5,ari_stability_quant,7,0.8883547503086373,False,False,0.6771089380769604
difficulty_level,1,medium,0.7084443251958933,19,5,consensus_ce_stability,3,0.9285886158847774,False,False,0.7801558325780917
difficulty_level,1,medium,0.7084443251958933,19,5,consensus_ce_stability,4,0.9461991288196147,False,False,0.9105807416073001
difficulty_level,1,medium,0.7084443251958933,19,5,consensus_ce_stability,5,0.9999999999586944,True,True,1.0
difficulty_level,1,medium,0.7084443251958933,19,5,consensus_ce_stability,6,0.9571033797079708,False,False,0.766799043361854
difficulty_level,1,medium,0.7084443251958933,19,5,consensus_ce_stability,7,0.933440898608641,False,False,0.6771089380769604
difficulty_level,1,medium,0.7084443251958933,19,5,consensus_gini_stability,3,0.9487258113587617,False,False,0.7801558325780917
difficulty_level,1,medium,0.7084443251958933,19,5,consensus_gini_stability,4,0.9545337262932676,False,False,0.9105807416073001
difficulty_level,1,medium,0.7084443251958933,19,5,consensus_gini_stability,5,1.0,True,True,1.0
difficulty_level,1,medium,0.7084443251958933,19,5,consensus_gini_stability,6,0.9617577775424508,False,False,0.766799043361854
difficulty_level,1,medium,0.7084443251958933,19,5,consensus_gini_stability,7,0.9403222574341935,False,False,0.6771089380769604
difficulty_level,1,medium,0.7084443251958933,19,5,consensus_pac_stability,3,0.8633835890593728,False,False,0.7801558325780917
difficulty_level,1,medium,0.7084443251958933,19,5,consensus_pac_stability,4,0.9137424949966645,False,False,0.9105807416073001
difficulty_level,1,medium,0.7084443251958933,19,5,consensus_pac_stability,5,1.0,True,True,1.0
difficulty_level,1,medium,0.7084443251958933,19,5,consensus_pac_stability,6,0.9486706693351123,False,False,0.766799043361854
difficulty_level,1,medium,0.7084443251958933,19,5,consensus_pac_stability,7,0.9131545474760951,False,False,0.6771089380769604
difficulty_level,1,medium,0.7084443251958933,19,5,silhouette,3,0.1359334767949798,False,False,0.6605543595658506
difficulty_level,1,medium,0.7084443251958933,19,5,silhouette,4,0.15949585548532436,False,False,0.9393933877680035
difficulty_level,1,medium,0.7084443251958933,19,5,silhouette,5,0.19058312437025704,False,True,0.7084443251958933
difficulty_level,1,medium,0.7084443251958933,19,5,silhouette,6,0.215995588868895,False,False,0.7670175666865336
difficulty_level,1,medium,0.7084443251958933,19,5,silhouette,7,0.23789259952537592,True,False,0.6770872088527226
difficulty_level,1,medium,0.7084443251958933,19,5,gap,3,0.2516708288452971,False,False,0.6605543595658506
difficulty_level,1,medium,0.7084443251958933,19,5,gap,4,0.29334337244492126,False,False,0.9393933877680035
difficulty_level,1,medium,0.7084443251958933,19,5,gap,5,0.4066560833479276,False,True,0.7084443251958933
difficulty_level,1,medium,0.7084443251958933,19,5,gap,6,0.4618118079340885,False,False,0.7670175666865336
difficulty_level,1,medium,0.7084443251958933,19,5,gap,7,0.5579637040628089,True,False,0.6770872088527226
difficulty_level,1,medium,0.7084443251958933,19,5,davies_bouldin,3,0.2654415871847459,False,False,0.6605543595658506
difficulty_level,1,medium,0.7084443251958933,19,5,davies_bouldin,4,0.25651524384827656,False,False,0.9393933877680035
difficulty_level,1,medium,0.7084443251958933,19,5,davies_bouldin,5,0.2807272909260339,False,True,0.7084443251958933
difficulty_level,1,medium,0.7084443251958933,19,5,davies_bouldin,6,0.2951470563425411,False,False,0.7670175666865336
difficulty_level,1,medium,0.7084443251958933,19,5,davies_bouldin,7,0.31566759869321814,True,False,0.6770872088527226
difficulty_level,1,medium,0.7084443251958933,19,5,calinski_harabasz,3,124.20597319460889,False,False,0.6605543595658506
difficulty_level,1,medium,0.7084443251958933,19,5,calinski_harabasz,4,112.56566746809665,False,False,0.9393933877680035
difficulty_level,1,medium,0.7084443251958933,19,5,calinski_harabasz,5,142.89191733009585,False,True,0.7084443251958933
difficulty_level,1,medium,0.7084443251958933,19,5,calinski_harabasz,6,140.46338370910235,False,False,0.7670175666865336
difficulty_level,1,medium,0.7084443251958933,19,5,calinski_harabasz,7,156.17136648551644,True,False,0.6770872088527226
difficulty_level,2,hard,0.6744615060640591,0,5,accuracy_generalizability,3,0.8895032282554663,False,False,0.7348352566198579
difficulty_level,2,hard,0.6744615060640591,0,5,accuracy_generalizability,4,0.9322481557214627,True,False,0.9093014565312044
difficulty_level,2,hard,0.6744615060640591,0,5,accuracy_generalizability,5,0.8875951265703905,False,True,1.0
difficulty_level,2,hard,0.6744615060640591,0,5,accuracy_generalizability,6,0.8480444845241123,False,False,0.7915040509780137
difficulty_level,2,hard,0.6744615060640591,0,5,accuracy_generalizability,7,0.8115011257682592,False,False,0.7195226341348265
difficulty_level,2,hard,0.6744615060640591,0,5,ari_average,3,0.804938547347528,False,False,0.7348352566198579
difficulty_level,2,hard,0.6744615060640591,0,5,ari_average,4,0.9201058716111894,False,False,0.9093014565312044
difficulty_level,2,hard,0.6744615060640591,0,5,ari_average,5,0.9419753736820655,True,True,1.0
difficulty_level,2,hard,0.6744615060640591,0,5,ari_average,6,0.8315602843031429,False,False,0.7915040509780137
difficulty_level,2,hard,0.6744615060640591,0,5,ari_average,7,0.7931693376204751,False,False,0.7195226341348265
difficulty_level,2,hard,0.6744615060640591,0,5,ari_average_1se,3,0.804938547347528,False,False,0.7348352566198579
difficulty_level,2,hard,0.6744615060640591,0,5,ari_average_1se,4,0.9201058716111894,False,False,0.9093014565312044
difficulty_level,2,hard,0.6744615060640591,0,5,ari_average_1se,5,0.9419753736820655,True,True,1.0
difficulty_level,2,hard,0.6744615060640591,0,5,ari_average_1se,6,0.8315602843031429,False,False,0.7915040509780137
difficulty_level,2,hard,0.6744615060640591,0,5,ari_average_1se,7,0.7931693376204751,False,False,0.7195226341348265
difficulty_level,2,hard,0.6744615060640591,0,5,ari_average_quant,3,0.804938547347528,False,False,0.7348352566198579
difficulty_level,2,hard,0.6744615060640591,0,5,ari_average_quant,4,0.9201058716111894,False,False,0.9093014565312044
difficulty_level,2,hard,0.6744615060640591,0,5,ari_average_quant,5,0.9419753736820655,True,True,1.0
difficulty_level,2,hard,0.6744615060640591,0,5,ari_average_quant,6,0.8315602843031429,False,False,0.7915040509780137
difficulty_level,2,hard,0.6744615060640591,0,5,ari_average_quant,7,0.7931693376204751,False,False,0.7195226341348265
difficulty_level,2,hard,0.6744615060640591,0,5,ari_generalizability,3,0.8199962916588958,False,False,0.7348352566198579
difficulty_level,2,hard,0.6744615060640591,0,5,ari_generalizability,4,0.9038922196191304,True,False,0.9093014565312044
difficulty_level,2,hard,0.6744615060640591,0,5,ari_generalizability,5,0.883950747364131,False,True,1.0
difficulty_level,2,hard,0.6744615060640591,0,5,ari_generalizability,6,0.7993073791476151,False,False,0.7915040509780137
difficulty_level,2,hard,0.6744615060640591,0,5,ari_generalizability,7,0.7790158061709148,False,False,0.7195226341348265
difficulty_level,2,hard,0.6744615060640591,0,5,ari_generalizability_1se,3,0.8199962916588958,False,False,0.7348352566198579
difficulty_level,2,hard,0.6744615060640591,0,5,ari_generalizability_1se,4,0.9038922196191304,True,False,0.9093014565312044
difficulty_level,2,hard,0.6744615060640591,0,5,ari_generalizability_1se,5,0.883950747364131,False,True,1.0
difficulty_level,2,hard,0.6744615060640591,0,5,ari_generalizability_1se,6,0.7993073791476151,False,False,0.7915040509780137
difficulty_level,2,hard,0.6744615060640591,0,5,ari_generalizability_1se,7,0.7790158061709148,False,False,0.7195226341348265
difficulty_level,2,hard,0.6744615060640591,0,5,ari_generalizability_quant,3,0.8199962916588958,False,False,0.7348352566198579
difficulty_level,2,hard,0.6744615060640591,0,5,ari_generalizability_quant,4,0.9038922196191304,False,False,0.9093014565312044
difficulty_level,2,hard,0.6744615060640591,0,5,ari_generalizability_quant,5,0.883950747364131,False,True,1.0
difficulty_level,2,hard,0.6744615060640591,0,5,ari_generalizability_quant,6,0.7993073791476151,True,False,0.7915040509780137
difficulty_level,2,hard,0.6744615060640591,0,5,ari_generalizability_quant,7,0.7790158061709148,False,False,0.7195226341348265
difficulty_level,2,hard,0.6744615060640591,0,5,ari_stability,3,0.7898808030361606,False,False,0.7348352566198579
difficulty_level,2,hard,0.6744615060640591,0,5,ari_stability,4,0.9363195236032483,False,False,0.9093014565312044
difficulty_level,2,hard,0.6744615060640591,0,5,ari_stability,5,1.0,True,True,1.0
difficulty_level,2,hard,0.6744615060640591,0,5,ari_stability,6,0.8638131894586707,False,False,0.7915040509780137
difficulty_level,2,hard,0.6744615060640591,0,5,ari_stability,7,0.8073228690700354,False,False,0.7195226341348265
difficulty_level,2,hard,0.6744615060640591,0,5,ari_stability_1se,3,0.7898808030361606,False,False,0.7348352566198579
difficulty_level,2,hard,0.6744615060640591,0,5,ari_stability_1se,4,0.9363195236032483,False,False,0.9093014565312044
difficulty_level,2,hard,0.6744615060640591,0,5,ari_stability_1se,5,1.0,True,True,1.0
difficulty_level,2,hard,0.6744615060640591,0,5,ari_stability_1se,6,0.8638131894586707,False,False,0.7915040509780137
difficulty_level,2,hard,0.6744615060640591,0,5,ari_stability_1se,7,0.8073228690700354,False,False,0.7195226341348265
difficulty_level,2,hard,0.6744615060640591,0,5,ari_stability_quant,3,0.7898808030361606,False,False,0.7348352566198579
difficulty_level,2,hard,0.6744615060640591,0,5,ari_stability_quant,4,0.9363195236032483,False,False,0.9093014565312044
difficulty_level,2,hard,0.6744615060640591,0,5,ari_stability_quant,5,1.0,True,True,1.0
difficulty_level,2,hard,0.6744615060640591,0,5,ari_stability_quant,6,0.8638131894586707,False,False,0.7915040509780137
difficulty_level,2,hard,0.6744615060640591,0,5,ari_stability_quant,7,0.8073228690700354,False,False,0.7195226341348265
difficulty_level,2,hard,0.6744615060640591,0,5,consensus_ce_stability,3,0.7770537603202889,False,False,0.7348352566198579
difficulty_level,2,hard,0.6744615060640591,0,5,consensus_ce_stability,4,0.9391963177246412,False,False,0.9093014565312044
difficulty_level,2,hard,0.6744615060640591,0,5,consensus_ce_stability,5,0.9999999999586944,True,True,1.0
difficulty_level,2,hard,0.6744615060640591,0,5,consensus_ce_stability,6,0.9028850998027294,False,False,0.7915040509780137
difficulty_level,2,hard,0.6744615060640591,0,5,consensus_ce_stability,7,0.8962607522493932,False,False,0.7195226341348265
difficulty_level,2,hard,0.6744615060640591,0,5,consensus_gini_stability,3,0.7951984645591981,False,False,0.7348352566198579
difficulty_level,2,hard,0.6744615060640591,0,5,consensus_gini_stability,4,0.9515477724987562,False,False,0.9093014565312044
difficulty_level,2,hard,0.6744615060640591,0,5,consensus_gini_stability,5,1.0,True,True,1.0
difficulty_level,2,hard,0.6744615060640591,0,5,consensus_gini_stability,6,0.9137953550672948,False,False,0.7915040509780137
difficulty_level,2,hard,0.6744615060640591,0,5,consensus_gini_stability,7,0.9065617849834662,False,False,0.7195226341348265
difficulty_level,2,hard,0.6744615060640591,0,5,consensus_pac_stability,3,0.710798309984434,False,False,0.7348352566198579
difficulty_level,2,hard,0.6744615060640591,0,5,consensus_pac_stability,4,0.9049081609962197,False,False,0.9093014565312044
difficulty_level,2,hard,0.6744615060640591,0,5,consensus_pac_stability,5,1.0,True,True,1.0
difficulty_level,2,hard,0.6744615060640591,0,5,consensus_pac_stability,6,0.8656535468089838,False,False,0.7915040509780137
difficulty_level,2,hard,0.6744615060640591,0,5,consensus_pac_stability,7,0.8651563264398487,False,False,0.7195226341348265
difficulty_level,2,hard,0.6744615060640591,0,5,silhouette,3,0.1116381569538529,False,False,0.7646541613217546
difficulty_level,2,hard,0.6744615060640591,0,5,silhouette,4,0.13679433211704622,False,False,0.9112330869715405
difficulty_level,2,hard,0.6744615060640591,0,5,silhouette,5,0.15218654941037027,False,True,0.6744615060640591
difficulty_level,2,hard,0.6744615060640591,0,5,silhouette,6,0.1854649077021802,False,False,0.7955952879423106
difficulty_level,2,hard,0.6744615060640591,0,5,silhouette,7,0.2246067373911812,True,False,0.7121339077371416
difficulty_level,2,hard,0.6744615060640591,0,5,gap,3,0.1380330046909357,False,False,0.7646541613217546
difficulty_level,2,hard,0.6744615060640591,0,5,gap,4,0.18413784332038574,False,False,0.9112330869715405
difficulty_level,2,hard,0.6744615060640591,0,5,gap,5,0.2381321907088889,False,True,0.6744615060640591
difficulty_level,2,hard,0.6744615060640591,0,5,gap,6,0.31508801732818803,False,False,0.7955952879423106
difficulty_level,2,hard,0.6744615060640591,0,5,gap,7,0.41159889868035826,True,False,0.7121339077371416
difficulty_level,2,hard,0.6744615060640591,0,5,davies_bouldin,3,0.22510862015172461,False,False,0.7646541613217546
difficulty_level,2,hard,0.6744615060640591,0,5,davies_bouldin,4,0.25907737583560564,False,False,0.9112330869715405
difficulty_level,2,hard,0.6744615060640591,0,5,davies_bouldin,5,0.2745443303998018,False,True,0.6744615060640591
difficulty_level,2,hard,0.6744615060640591,0,5,davies_bouldin,6,0.2944549657285048,False,False,0.7955952879423106
difficulty_level,2,hard,0.6744615060640591,0,5,davies_bouldin,7,0.3158867443349878,True,False,0.7121339077371416
difficulty_level,2,hard,0.6744615060640591,0,5,calinski_harabasz,3,102.6411872464438,False,False,0.7646541613217546
difficulty_level,2,hard,0.6744615060640591,0,5,calinski_harabasz,4,100.32973856365668,False,False,0.9112330869715405
difficulty_level,2,hard,0.6744615060640591,0,5,calinski_harabasz,5,103.2526431489683,False,True,0.6744615060640591
difficulty_level,2,hard,0.6744615060640591,0,5,calinski_harabasz,6,115.44414911662548,False,False,0.7955952879423106
difficulty_level,2,hard,0.6744615060640591,0,5,calinski_harabasz,7,133.23374207371927,True,False,0.7121339077371416
difficulty_level,2,hard,0.7265529347291382,1,5,accuracy_generalizability,3,0.9362678710450006,True,False,0.7644076021542492
difficulty_level,2,hard,0.7265529347291382,1,5,accuracy_generalizability,4,0.8986033689962184,False,False,0.9413727557935077
difficulty_level,2,hard,0.7265529347291382,1,5,accuracy_generalizability,5,0.710331910440677,False,True,1.0
difficulty_level,2,hard,0.7265529347291382,1,5,accuracy_generalizability,6,0.7842937717581593,False,False,0.7850956295534449
difficulty_level,2,hard,0.7265529347291382,1,5,accuracy_generalizability,7,0.767587128005322,False,False,0.7009922791870282
difficulty_level,2,hard,0.7265529347291382,1,5,ari_average,3,0.8702155142014156,False,False,0.7644076021542492
difficulty_level,2,hard,0.7265529347291382,1,5,ari_average,4,0.9404207544534577,True,False,0.9413727557935077
difficulty_level,2,hard,0.7265529347291382,1,5,ari_average,5,0.8534984215652611,False,True,1.0
difficulty_level,2,hard,0.7265529347291382,1,5,ari_average,6,0.8695544565339405,False,False,0.7850956295534449
difficulty_level,2,hard,0.7265529347291382,1,5,ari_average,7,0.8141434160662081,False,False,0.7009922791870282
difficulty_level,2,hard,0.7265529347291382,1,5,ari_average_1se,3,0.8702155142014156,False,False,0.7644076021542492
difficulty_level,2,hard,0.7265529347291382,1,5,ari_average_1se,4,0.9404207544534577,True,False,0.9413727557935077
difficulty_level,2,hard,0.7265529347291382,1,5,ari_average_1se,5,0.8534984215652611,False,True,1.0
difficulty_level,2,hard,0.7265529347291382,1,5,ari_average_1se,6,0.8695544565339405,False,False,0.7850956295534449
difficulty_level,2,hard,0.7265529347291382,1,5,ari_average_1se,7,0.8141434160662081,False,False,0.7009922791870282
difficulty_level,2,hard,0.7265529347291382,1,5,ari_average_quant,3,0.8702155142014156,False,False,0.7644076021542492
difficulty_level,2,hard,0.7265529347291382,1,5,ari_average_quant,4,0.9404207544534577,False,False,0.9413727557935077
difficulty_level,2,hard,0.7265529347291382,1,5,ari_average_quant,5,0.8534984215652611,False,True,1.0
difficulty_level,2,hard,0.7265529347291382,1,5,ari_average_quant,6,0.8695544565339405,False,False,0.7850956295534449
difficulty_level,2,hard,0.7265529347291382,1,5,ari_average_quant,7,0.8141434160662081,True,False,0.7009922791870282
difficulty_level,2,hard,0.7265529347291382,1,5,ari_generalizability,3,0.890365414679382,False,False,0.7644076021542492
difficulty_level,2,hard,0.7265529347291382,1,5,ari_generalizability,4,0.8921215880026705,True,False,0.9413727557935077
difficulty_level,2,hard,0.7265529347291382,1,5,ari_generalizability,5,0.7069968431305221,False,True,1.0
difficulty_level,2,hard,0.7265529347291382,1,5,ari_generalizability,6,0.7857818184022313,False,False,0.7850956295534449
difficulty_level,2,hard,0.7265529347291382,1,5,ari_generalizability,7,0.7515683362277257,False,False,0.7009922791870282
difficulty_level,2,hard,0.7265529347291382,1,5,ari_generalizability_1se,3,0.890365414679382,False,False,0.7644076021542492
difficulty_level,2,hard,0.7265529347291382,1,5,ari_generalizability_1se,4,0.8921215880026705,True,False,0.9413727557935077
difficulty_level,2,hard,0.7265529347291382,1,5,ari_generalizability_1se,5,0.7069968431305221,False,True,1.0
difficulty_level,2,hard,0.7265529347291382,1,5,ari_generalizability_1se,6,0.7857818184022313,False,False,0.7850956295534449
difficulty_level,2,hard,0.7265529347291382,1,5,ari_generalizability_1se,7,0.7515683362277257,False,False,0.7009922791870282
difficulty_level,2,hard,0.7265529347291382,1,5,ari_generalizability_quant,3,0.890365414679382,False,False,0.7644076021542492
difficulty_level,2,hard,0.7265529347291382,1,5,ari_generalizability_quant,4,0.8921215880026705,False,False,0.9413727557935077
difficulty_level,2,hard,0.7265529347291382,1,5,ari_generalizability_quant,5,0.7069968431305221,False,True,1.0
difficulty_level,2,hard,0.7265529347291382,1,5,ari_generalizability_quant,6,0.7857818184022313,False,False,0.7850956295534449
difficulty_level,2,hard,0.7265529347291382,1,5,ari_generalizability_quant,7,0.7515683362277257,True,False,0.7009922791870282
difficulty_level,2,hard,0.7265529347291382,1,5,ari_stability,3,0.8500656137234492,False,False,0.7644076021542492
difficulty_level,2,hard,0.7265529347291382,1,5,ari_stability,4,0.9887199209042453,False,False,0.9413727557935077
difficulty_level,2,hard,0.7265529347291382,1,5,ari_stability,5,1.0,True,True,1.0
difficulty_level,2,hard,0.7265529347291382,1,5,ari_stability,6,0.9533270946656498,False,False,0.7850956295534449
difficulty_level,2,hard,0.7265529347291382,1,5,ari_stability,7,0.8767184959046904,False,False,0.7009922791870282
difficulty_level,2,hard,0.7265529347291382,1,5,ari_stability_1se,3,0.8500656137234492,False,False,0.7644076021542492
difficulty_level,2,hard,0.7265529347291382,1,5,ari_stability_1se,4,0.9887199209042453,False,False,0.9413727557935077
difficulty_level,2,hard,0.7265529347291382,1,5,ari_stability_1se,5,1.0,True,True,1.0
difficulty_level,2,hard,0.7265529347291382,1,5,ari_stability_1se,6,0.9533270946656498,False,False,0.7850956295534449
difficulty_level,2,hard,0.7265529347291382,1,5,ari_stability_1se,7,0.8767184959046904,False,False,0.7009922791870282
difficulty_level,2,hard,0.7265529347291382,1,5,ari_stability_quant,3,0.8500656137234492,False,False,0.7644076021542492
difficulty_level,2,hard,0.7265529347291382,1,5,ari_stability_quant,4,0.9887199209042453,False,False,0.9413727557935077
difficulty_level,2,hard,0.7265529347291382,1,5,ari_stability_quant,5,1.0,True,True,1.0
difficulty_level,2,hard,0.7265529347291382,1,5,ari_stability_quant,6,0.9533270946656498,False,False,0.7850956295534449
difficulty_level,2,hard,0.7265529347291382,1,5,ari_stability_quant,7,0.8767184959046904,False,False,0.7009922791870282
difficulty_level,2,hard,0.7265529347291382,1,5,consensus_ce_stability,3,0.8520021161631063,False,False,0.7644076021542492
difficulty_level,2,hard,0.7265529347291382,1,5,consensus_ce_stability,4,0.987984713074552,False,False,0.9413727557935077
difficulty_level,2,hard,0.7265529347291382,1,5,consensus_ce_stability,5,0.9999999999586944,True,True,1.0
difficulty_level,2,hard,0.7265529347291382,1,5,consensus_ce_stability,6,0.9605782147764181,False,False,0.7850956295534449
difficulty_level,2,hard,0.7265529347291382,1,5,consensus_ce_stability,7,0.9287611085746265,False,False,0.7009922791870282
difficulty_level,2,hard,0.7265529347291382,1,5,consensus_gini_stability,3,0.8599023317197226,False,False,0.7644076021542492
difficulty_level,2,hard,0.7265529347291382,1,5,consensus_gini_stability,4,0.9925912726260312,False,False,0.9413727557935077
difficulty_level,2,hard,0.7265529347291382,1,5,consensus_gini_stability,5,1.0,True,True,1.0
difficulty_level,2,hard,0.7265529347291382,1,5,consensus_gini_stability,6,0.9678426117178082,False,False,0.7850956295534449
difficulty_level,2,hard,0.7265529347291382,1,5,consensus_gini_stability,7,0.9383724856954218,False,False,0.7009922791870282
difficulty_level,2,hard,0.7265529347291382,1,5,consensus_pac_stability,3,0.827806982432733,False,False,0.7644076021542492
difficulty_level,2,hard,0.7265529347291382,1,5,consensus_pac_stability,4,0.9910082277073604,False,False,0.9413727557935077
difficulty_level,2,hard,0.7265529347291382,1,5,consensus_pac_stability,5,1.0,True,True,1.0
difficulty_level,2,hard,0.7265529347291382,1,5,consensus_pac_stability,6,0.9490513675783856,False,False,0.7850956295534449
difficulty_level,2,hard,0.7265529347291382,1,5,consensus_pac_stability,7,0.8953755837224817,False,False,0.7009922791870282
difficulty_level,2,hard,0.7265529347291382,1,5,silhouette,3,0.14007420364040646,False,False,0.7644076021542492
difficulty_level,2,hard,0.7265529347291382,1,5,silhouette,4,0.1608570928898778,False,False,0.9413727557935077
difficulty_level,2,hard,0.7265529347291382,1,5,silhouette,5,0.19537857344529472,False,True,0.7265529347291382
difficulty_level,2,hard,0.7265529347291382,1,5,silhouette,6,0.2092780388762723,False,False,0.6437449805274413
difficulty_level,2,hard,0.7265529347291382,1,5,silhouette,7,0.22938913979623704,True,False,0.7037955438899809
difficulty_level,2,hard,0.7265529347291382,1,5,gap,3,0.12015088538946728,False,False,0.7644076021542492
difficulty_level,2,hard,0.7265529347291382,1,5,gap,4,0.15875962919977304,False,False,0.9413727557935077
difficulty_level,2,hard,0.7265529347291382,1,5,gap,5,0.2587382957884561,False,True,0.7265529347291382
difficulty_level,2,hard,0.7265529347291382,1,5,gap,6,0.31838892812272945,False,False,0.6437449805274413
difficulty_level,2,hard,0.7265529347291382,1,5,gap,7,0.3521098939656415,True,False,0.7037955438899809
difficulty_level,2,hard,0.7265529347291382,1,5,davies_bouldin,3,0.2626570178944114,False,False,0.7644076021542492
difficulty_level,2,hard,0.7265529347291382,1,5,davies_bouldin,4,0.2561647232010209,False,False,0.9413727557935077
difficulty_level,2,hard,0.7265529347291382,1,5,davies_bouldin,5,0.27763443832841617,False,True,0.7265529347291382
difficulty_level,2,hard,0.7265529347291382,1,5,davies_bouldin,6,0.2966124367159926,False,False,0.6437449805274413
difficulty_level,2,hard,0.7265529347291382,1,5,davies_bouldin,7,0.3169931811484673,True,False,0.7037955438899809
difficulty_level,2,hard,0.7265529347291382,1,5,calinski_harabasz,3,143.2690641187146,False,False,0.7644076021542492
difficulty_level,2,hard,0.7265529347291382,1,5,calinski_harabasz,4,123.83775785370548,False,False,0.9413727557935077
difficulty_level,2,hard,0.7265529347291382,1,5,calinski_harabasz,5,145.48885076562908,True,True,0.7265529347291382
difficulty_level,2,hard,0.7265529347291382,1,5,calinski_harabasz,6,144.61876251248145,False,False,0.6437449805274413
difficulty_level,2,hard,0.7265529347291382,1,5,calinski_harabasz,7,135.40905132178708,False,False,0.7037955438899809
difficulty_level,2,hard,0.6394455934701443,2,5,accuracy_generalizability,3,0.6936200770348838,False,False,0.8279862492833101
difficulty_level,2,hard,0.6394455934701443,2,5,accuracy_generalizability,4,0.5452102859990693,False,False,0.944243514772469
difficulty_level,2,hard,0.6394455934701443,2,5,accuracy_generalizability,5,0.49481572983213207,False,True,1.0
difficulty_level,2,hard,0.6394455934701443,2,5,accuracy_generalizability,6,0.6874941600400898,False,False,0.6967262129595094
difficulty_level,2,hard,0.6394455934701443,2,5,accuracy_generalizability,7,0.7673986071721486,True,False,0.587313422386162
difficulty_level,2,hard,0.6394455934701443,2,5,ari_average,3,0.7597556677479799,True,False,0.8279862492833101
difficulty_level,2,hard,0.6394455934701443,2,5,ari_average,4,0.68030547455662,False,False,0.944243514772469
difficulty_level,2,hard,0.6394455934701443,2,5,ari_average,5,0.7144171063134703,False,True,1.0
difficulty_level,2,hard,0.6394455934701443,2,5,ari_average,6,0.7285919252578783,False,False,0.6967262129595094
difficulty_level,2,hard,0.6394455934701443,2,5,ari_average,7,0.7565713465798305,False,False,0.587313422386162
difficulty_level,2,hard,0.6394455934701443,2,5,ari_average_1se,3,0.7597556677479799,False,False,0.8279862492833101
difficulty_level,2,hard,0.6394455934701443,2,5,ari_average_1se,4,0.68030547455662,False,False,0.944243514772469
difficulty_level,2,hard,0.6394455934701443,2,5,ari_average_1se,5,0.7144171063134703,False,True,1.0
difficulty_level,2,hard,0.6394455934701443,2,5,ari_average_1se,6,0.7285919252578783,False,False,0.6967262129595094
difficulty_level,2,hard,0.6394455934701443,2,5,ari_average_1se,7,0.7565713465798305,True,False,0.587313422386162
difficulty_level,2,hard,0.6394455934701443,2,5,ari_average_quant,3,0.7597556677479799,False,False,0.8279862492833101
difficulty_level,2,hard,0.6394455934701443,2,5,ari_average_quant,4,0.68030547455662,False,False,0.944243514772469
difficulty_level,2,hard,0.6394455934701443,2,5,ari_average_quant,5,0.7144171063134703,False,True,1.0
difficulty_level,2,hard,0.6394455934701443,2,5,ari_average_quant,6,0.7285919252578783,False,False,0.6967262129595094
difficulty_level,2,hard,0.6394455934701443,2,5,ari_average_quant,7,0.7565713465798305,True,False,0.587313422386162
difficulty_level,2,hard,0.6394455934701443,2,5,ari_generalizability,3,0.6207697488186935,False,False,0.8279862492833101
difficulty_level,2,hard,0.6394455934701443,2,5,ari_generalizability,4,0.4509750752131504,False,False,0.944243514772469
difficulty_level,2,hard,0.6394455934701443,2,5,ari_generalizability,5,0.4288342126269409,False,True,1.0
difficulty_level,2,hard,0.6394455934701443,2,5,ari_generalizability,6,0.633827330120293,False,False,0.6967262129595094
difficulty_level,2,hard,0.6394455934701443,2,5,ari_generalizability,7,0.7043491362585743,True,False,0.587313422386162
difficulty_level,2,hard,0.6394455934701443,2,5,ari_generalizability_1se,3,0.6207697488186935,False,False,0.8279862492833101
difficulty_level,2,hard,0.6394455934701443,2,5,ari_generalizability_1se,4,0.4509750752131504,False,False,0.944243514772469
difficulty_level,2,hard,0.6394455934701443,2,5,ari_generalizability_1se,5,0.4288342126269409,False,True,1.0
difficulty_level,2,hard,0.6394455934701443,2,5,ari_generalizability_1se,6,0.633827330120293,False,False,0.6967262129595094
difficulty_level,2,hard,0.6394455934701443,2,5,ari_generalizability_1se,7,0.7043491362585743,True,False,0.587313422386162
difficulty_level,2,hard,0.6394455934701443,2,5,ari_generalizability_quant,3,0.6207697488186935,False,False,0.8279862492833101
difficulty_level,2,hard,0.6394455934701443,2,5,ari_generalizability_quant,4,0.4509750752131504,False,False,0.944243514772469
difficulty_level,2,hard,0.6394455934701443,2,5,ari_generalizability_quant,5,0.4288342126269409,False,True,1.0
difficulty_level,2,hard,0.6394455934701443,2,5,ari_generalizability_quant,6,0.633827330120293,False,False,0.6967262129595094
difficulty_level,2,hard,0.6394455934701443,2,5,ari_generalizability_quant,7,0.7043491362585743,True,False,0.587313422386162
difficulty_level,2,hard,0.6394455934701443,2,5,ari_stability,3,0.8987415866772657,False,False,0.8279862492833101
difficulty_level,2,hard,0.6394455934701443,2,5,ari_stability,4,0.9096358739000895,False,False,0.944243514772469
difficulty_level,2,hard,0.6394455934701443,2,5,ari_stability,5,1.0,True,True,1.0
difficulty_level,2,hard,0.6394455934701443,2,5,ari_stability,6,0.823356520395464,False,False,0.6967262129595094
difficulty_level,2,hard,0.6394455934701443,2,5,ari_stability,7,0.8087935569010871,False,False,0.587313422386162
difficulty_level,2,hard,0.6394455934701443,2,5,ari_stability_1se,3,0.8987415866772657,False,False,0.8279862492833101
difficulty_level,2,hard,0.6394455934701443,2,5,ari_stability_1se,4,0.9096358739000895,False,False,0.944243514772469
difficulty_level,2,hard,0.6394455934701443,2,5,ari_stability_1se,5,1.0,True,True,1.0
difficulty_level,2,hard,0.6394455934701443,2,5,ari_stability_1se,6,0.823356520395464,False,False,0.6967262129595094
difficulty_level,2,hard,0.6394455934701443,2,5,ari_stability_1se,7,0.8087935569010871,False,False,0.587313422386162
difficulty_level,2,hard,0.6394455934701443,2,5,ari_stability_quant,3,0.8987415866772657,False,False,0.8279862492833101
difficulty_level,2,hard,0.6394455934701443,2,5,ari_stability_quant,4,0.9096358739000895,False,False,0.944243514772469
difficulty_level,2,hard,0.6394455934701443,2,5,ari_stability_quant,5,1.0,True,True,1.0
difficulty_level,2,hard,0.6394455934701443,2,5,ari_stability_quant,6,0.823356520395464,False,False,0.6967262129595094
difficulty_level,2,hard,0.6394455934701443,2,5,ari_stability_quant,7,0.8087935569010871,False,False,0.587313422386162
difficulty_level,2,hard,0.6394455934701443,2,5,consensus_ce_stability,3,0.9130319619255945,False,False,0.8279862492833101
difficulty_level,2,hard,0.6394455934701443,2,5,consensus_ce_stability,4,0.9243753656603919,False,False,0.944243514772469
difficulty_level,2,hard,0.6394455934701443,2,5,consensus_ce_stability,5,0.9999999999586944,True,True,1.0
difficulty_level,2,hard,0.6394455934701443,2,5,consensus_ce_stability,6,0.8800917020544952,False,False,0.6967262129595094
difficulty_level,2,hard,0.6394455934701443,2,5,consensus_ce_stability,7,0.8983437341212833,False,False,0.587313422386162
difficulty_level,2,hard,0.6394455934701443,2,5,consensus_gini_stability,3,0.924534284808404,False,False,0.8279862492833101
difficulty_level,2,hard,0.6394455934701443,2,5,consensus_gini_stability,4,0.9320687916366346,False,False,0.944243514772469
difficulty_level,2,hard,0.6394455934701443,2,5,consensus_gini_stability,5,1.0,True,True,1.0
difficulty_level,2,hard,0.6394455934701443,2,5,consensus_gini_stability,6,0.8945254030334088,False,False,0.6967262129595094
difficulty_level,2,hard,0.6394455934701443,2,5,consensus_gini_stability,7,0.9072925697846482,False,False,0.587313422386162
difficulty_level,2,hard,0.6394455934701443,2,5,consensus_pac_stability,3,0.894494996664443,False,False,0.8279862492833101
difficulty_level,2,hard,0.6394455934701443,2,5,consensus_pac_stability,4,0.8921263064265066,False,False,0.944243514772469
difficulty_level,2,hard,0.6394455934701443,2,5,consensus_pac_stability,5,1.0,True,True,1.0
difficulty_level,2,hard,0.6394455934701443,2,5,consensus_pac_stability,6,0.8331189682010229,False,False,0.6967262129595094
difficulty_level,2,hard,0.6394455934701443,2,5,consensus_pac_stability,7,0.8754912163664665,False,False,0.587313422386162
difficulty_level,2,hard,0.6394455934701443,2,5,silhouette,3,0.14629962368903157,False,False,0.8526785507854031
difficulty_level,2,hard,0.6394455934701443,2,5,silhouette,4,0.15118993898912575,False,False,0.9427133954376575
difficulty_level,2,hard,0.6394455934701443,2,5,silhouette,5,0.17426607633340685,False,True,0.6394455934701443
difficulty_level,2,hard,0.6394455934701443,2,5,silhouette,6,0.20176481370720398,False,False,0.6957536136782319
difficulty_level,2,hard,0.6394455934701443,2,5,silhouette,7,0.2218066328354613,True,False,0.6450307247549594
difficulty_level,2,hard,0.6394455934701443,2,5,gap,3,0.18550778117937305,False,False,0.8526785507854031
difficulty_level,2,hard,0.6394455934701443,2,5,gap,4,0.20812228201856975,False,False,0.9427133954376575
difficulty_level,2,hard,0.6394455934701443,2,5,gap,5,0.30304322615792856,False,True,0.6394455934701443
difficulty_level,2,hard,0.6394455934701443,2,5,gap,6,0.35190629664915285,False,False,0.6957536136782319
difficulty_level,2,hard,0.6394455934701443,2,5,gap,7,0.4055778714494771,True,False,0.6450307247549594
difficulty_level,2,hard,0.6394455934701443,2,5,davies_bouldin,3,0.24392251157041933,False,False,0.8526785507854031
difficulty_level,2,hard,0.6394455934701443,2,5,davies_bouldin,4,0.2469072672111,False,False,0.9427133954376575
difficulty_level,2,hard,0.6394455934701443,2,5,davies_bouldin,5,0.2656908259466122,False,True,0.6394455934701443
difficulty_level,2,hard,0.6394455934701443,2,5,davies_bouldin,6,0.2838688044987935,False,False,0.6957536136782319
difficulty_level,2,hard,0.6394455934701443,2,5,davies_bouldin,7,0.3023482235778156,True,False,0.6450307247549594
difficulty_level,2,hard,0.6394455934701443,2,5,calinski_harabasz,3,123.62541568270322,True,False,0.8526785507854031
difficulty_level,2,hard,0.6394455934701443,2,5,calinski_harabasz,4,100.37440462375146,False,False,0.9427133954376575
difficulty_level,2,hard,0.6394455934701443,2,5,calinski_harabasz,5,123.34444678364318,False,True,0.6394455934701443
difficulty_level,2,hard,0.6394455934701443,2,5,calinski_harabasz,6,121.20703457086506,False,False,0.6957536136782319
difficulty_level,2,hard,0.6394455934701443,2,5,calinski_harabasz,7,122.20095811970263,False,False,0.6450307247549594
difficulty_level,2,hard,0.6710338651952796,3,5,accuracy_generalizability,3,0.9199673206191755,True,False,0.8078425070382409
difficulty_level,2,hard,0.6710338651952796,3,5,accuracy_generalizability,4,0.6234757128117979,False,False,0.9488173225786947
difficulty_level,2,hard,0.6710338651952796,3,5,accuracy_generalizability,5,0.5579404757231442,False,True,1.0
difficulty_level,2,hard,0.6710338651952796,3,5,accuracy_generalizability,6,0.6624619858197844,False,False,0.723246709847377
difficulty_level,2,hard,0.6710338651952796,3,5,accuracy_generalizability,7,0.6826889822992988,False,False,0.6127658785634629
difficulty_level,2,hard,0.6710338651952796,3,5,ari_average,3,0.9501265393972999,True,False,0.8078425070382409
difficulty_level,2,hard,0.6710338651952796,3,5,ari_average,4,0.7928484371732631,False,False,0.9488173225786947
difficulty_level,2,hard,0.6710338651952796,3,5,ari_average,5,0.6846713197586967,False,True,1.0
difficulty_level,2,hard,0.6710338651952796,3,5,ari_average,6,0.7441554318196424,False,False,0.723246709847377
difficulty_level,2,hard,0.6710338651952796,3,5,ari_average,7,0.7270556222715042,False,False,0.6127658785634629
difficulty_level,2,hard,0.6710338651952796,3,5,ari_average_1se,3,0.9501265393972999,True,False,0.8078425070382409
difficulty_level,2,hard,0.6710338651952796,3,5,ari_average_1se,4,0.7928484371732631,False,False,0.9488173225786947
difficulty_level,2,hard,0.6710338651952796,3,5,ari_average_1se,5,0.6846713197586967,False,True,1.0
difficulty_level,2,hard,0.6710338651952796,3,5,ari_average_1se,6,0.7441554318196424,False,False,0.723246709847377
difficulty_level,2,hard,0.6710338651952796,3,5,ari_average_1se,7,0.7270556222715042,False,False,0.6127658785634629
difficulty_level,2,hard,0.6710338651952796,3,5,ari_average_quant,3,0.9501265393972999,False,False,0.8078425070382409
difficulty_level,2,hard,0.6710338651952796,3,5,ari_average_quant,4,0.7928484371732631,True,False,0.9488173225786947
difficulty_level,2,hard,0.6710338651952796,3,5,ari_average_quant,5,0.6846713197586967,False,True,1.0
difficulty_level,2,hard,0.6710338651952796,3,5,ari_average_quant,6,0.7441554318196424,False,False,0.723246709847377
difficulty_level,2,hard,0.6710338651952796,3,5,ari_average_quant,7,0.7270556222715042,False,False,0.6127658785634629
difficulty_level,2,hard,0.6710338651952796,3,5,ari_generalizability,3,0.9002530787945999,True,False,0.8078425070382409
difficulty_level,2,hard,0.6710338651952796,3,5,ari_generalizability,4,0.5856968743465262,False,False,0.9488173225786947
difficulty_level,2,hard,0.6710338651952796,3,5,ari_generalizability,5,0.48320831193686054,False,True,1.0
difficulty_level,2,hard,0.6710338651952796,3,5,ari_generalizability,6,0.6165862834176263,False,False,0.723246709847377
difficulty_level,2,hard,0.6710338651952796,3,5,ari_generalizability,7,0.6343407223217676,False,False,0.6127658785634629
difficulty_level,2,hard,0.6710338651952796,3,5,ari_generalizability_1se,3,0.9002530787945999,True,False,0.8078425070382409
difficulty_level,2,hard,0.6710338651952796,3,5,ari_generalizability_1se,4,0.5856968743465262,False,False,0.9488173225786947
difficulty_level,2,hard,0.6710338651952796,3,5,ari_generalizability_1se,5,0.48320831193686054,False,True,1.0
difficulty_level,2,hard,0.6710338651952796,3,5,ari_generalizability_1se,6,0.6165862834176263,False,False,0.723246709847377
difficulty_level,2,hard,0.6710338651952796,3,5,ari_generalizability_1se,7,0.6343407223217676,False,False,0.6127658785634629
difficulty_level,2,hard,0.6710338651952796,3,5,ari_generalizability_quant,3,0.9002530787945999,False,False,0.8078425070382409
difficulty_level,2,hard,0.6710338651952796,3,5,ari_generalizability_quant,4,0.5856968743465262,False,False,0.9488173225786947
difficulty_level,2,hard,0.6710338651952796,3,5,ari_generalizability_quant,5,0.48320831193686054,False,True,1.0
difficulty_level,2,hard,0.6710338651952796,3,5,ari_generalizability_quant,6,0.6165862834176263,False,False,0.723246709847377
difficulty_level,2,hard,0.6710338651952796,3,5,ari_generalizability_quant,7,0.6343407223217676,True,False,0.6127658785634629
difficulty_level,2,hard,0.6710338651952796,3,5,ari_stability,3,1.0,True,False,0.8078425070382409
difficulty_level,2,hard,0.6710338651952796,3,5,ari_stability,4,1.0,False,False,0.9488173225786947
difficulty_level,2,hard,0.6710338651952796,3,5,ari_stability,5,0.8861343275805325,False,True,1.0
difficulty_level,2,hard,0.6710338651952796,3,5,ari_stability,6,0.8717245802216587,False,False,0.723246709847377
difficulty_level,2,hard,0.6710338651952796,3,5,ari_stability,7,0.819770522221241,False,False,0.6127658785634629
difficulty_level,2,hard,0.6710338651952796,3,5,ari_stability_1se,3,1.0,False,False,0.8078425070382409
difficulty_level,2,hard,0.6710338651952796,3,5,ari_stability_1se,4,1.0,True,False,0.9488173225786947
difficulty_level,2,hard,0.6710338651952796,3,5,ari_stability_1se,5,0.8861343275805325,False,True,1.0
difficulty_level,2,hard,0.6710338651952796,3,5,ari_stability_1se,6,0.8717245802216587,False,False,0.723246709847377
difficulty_level,2,hard,0.6710338651952796,3,5,ari_stability_1se,7,0.819770522221241,False,False,0.6127658785634629
difficulty_level,2,hard,0.6710338651952796,3,5,ari_stability_quant,3,1.0,False,False,0.8078425070382409
difficulty_level,2,hard,0.6710338651952796,3,5,ari_stability_quant,4,1.0,True,False,0.9488173225786947
difficulty_level,2,hard,0.6710338651952796,3,5,ari_stability_quant,5,0.8861343275805325,False,True,1.0
difficulty_level,2,hard,0.6710338651952796,3,5,ari_stability_quant,6,0.8717245802216587,False,False,0.723246709847377
difficulty_level,2,hard,0.6710338651952796,3,5,ari_stability_quant,7,0.819770522221241,False,False,0.6127658785634629
difficulty_level,2,hard,0.6710338651952796,3,5,consensus_ce_stability,3,0.9999999999586944,True,False,0.8078425070382409
difficulty_level,2,hard,0.6710338651952796,3,5,consensus_ce_stability,4,0.9999999999586944,False,False,0.9488173225786947
difficulty_level,2,hard,0.6710338651952796,3,5,consensus_ce_stability,5,0.8949687763250499,False,True,1.0
difficulty_level,2,hard,0.6710338651952796,3,5,consensus_ce_stability,6,0.9091373734326124,False,False,0.723246709847377
difficulty_level,2,hard,0.6710338651952796,3,5,consensus_ce_stability,7,0.9052374389941056,False,False,0.6127658785634629
difficulty_level,2,hard,0.6710338651952796,3,5,consensus_gini_stability,3,1.0,True,False,0.8078425070382409
difficulty_level,2,hard,0.6710338651952796,3,5,consensus_gini_stability,4,1.0,False,False,0.9488173225786947
difficulty_level,2,hard,0.6710338651952796,3,5,consensus_gini_stability,5,0.9061909249346358,False,True,1.0
difficulty_level,2,hard,0.6710338651952796,3,5,consensus_gini_stability,6,0.9233149101089059,False,False,0.723246709847377
difficulty_level,2,hard,0.6710338651952796,3,5,consensus_gini_stability,7,0.9165507662522996,False,False,0.6127658785634629
difficulty_level,2,hard,0.6710338651952796,3,5,consensus_pac_stability,3,1.0,True,False,0.8078425070382409
difficulty_level,2,hard,0.6710338651952796,3,5,consensus_pac_stability,4,1.0,False,False,0.9488173225786947
difficulty_level,2,hard,0.6710338651952796,3,5,consensus_pac_stability,5,0.8587298198799199,False,True,1.0
difficulty_level,2,hard,0.6710338651952796,3,5,consensus_pac_stability,6,0.8736286413164331,False,False,0.723246709847377
difficulty_level,2,hard,0.6710338651952796,3,5,consensus_pac_stability,7,0.8740787191460974,False,False,0.6127658785634629
difficulty_level,2,hard,0.6710338651952796,3,5,silhouette,3,0.13745687179448385,False,False,0.8177232884625336
difficulty_level,2,hard,0.6710338651952796,3,5,silhouette,4,0.14608087599338312,False,False,0.9488173225786947
difficulty_level,2,hard,0.6710338651952796,3,5,silhouette,5,0.1898136983031107,False,True,0.6710338651952796
difficulty_level,2,hard,0.6710338651952796,3,5,silhouette,6,0.20065691284281292,False,False,0.5635091874919721
difficulty_level,2,hard,0.6710338651952796,3,5,silhouette,7,0.22295578384039746,True,False,0.6158435948754938
difficulty_level,2,hard,0.6710338651952796,3,5,gap,3,0.16432610995047625,False,False,0.8177232884625336
difficulty_level,2,hard,0.6710338651952796,3,5,gap,4,0.19757242225342075,False,False,0.9488173225786947
difficulty_level,2,hard,0.6710338651952796,3,5,gap,5,0.31524774922291243,False,True,0.6710338651952796
difficulty_level,2,hard,0.6710338651952796,3,5,gap,6,0.3918436741702642,False,False,0.5635091874919721
difficulty_level,2,hard,0.6710338651952796,3,5,gap,7,0.4523063488792367,True,False,0.6158435948754938
difficulty_level,2,hard,0.6710338651952796,3,5,davies_bouldin,3,0.2455000098495775,False,False,0.8177232884625336
difficulty_level,2,hard,0.6710338651952796,3,5,davies_bouldin,4,0.25389200997542716,False,False,0.9488173225786947
difficulty_level,2,hard,0.6710338651952796,3,5,davies_bouldin,5,0.27552480760989745,False,True,0.6710338651952796
difficulty_level,2,hard,0.6710338651952796,3,5,davies_bouldin,6,0.2956000966788697,False,False,0.5635091874919721
difficulty_level,2,hard,0.6710338651952796,3,5,davies_bouldin,7,0.30511719670481774,True,False,0.6158435948754938
difficulty_level,2,hard,0.6710338651952796,3,5,calinski_harabasz,3,128.83183715316667,False,False,0.8177232884625336
difficulty_level,2,hard,0.6710338651952796,3,5,calinski_harabasz,4,110.89130561181813,False,False,0.9488173225786947
difficulty_level,2,hard,0.6710338651952796,3,5,calinski_harabasz,5,143.63138533142813,False,True,0.6710338651952796
difficulty_level,2,hard,0.6710338651952796,3,5,calinski_harabasz,6,150.19249183547228,False,False,0.5635091874919721
difficulty_level,2,hard,0.6710338651952796,3,5,calinski_harabasz,7,150.41479378461293,True,False,0.6158435948754938
difficulty_level,2,hard,0.7563547257382945,4,5,accuracy_generalizability,3,0.9315429400736902,True,False,0.6993941902168289
difficulty_level,2,hard,0.7563547257382945,4,5,accuracy_generalizability,4,0.9259927459228474,False,False,0.9316512171003629
difficulty_level,2,hard,0.7563547257382945,4,5,accuracy_generalizability,5,0.734309026360951,False,True,1.0
difficulty_level,2,hard,0.7563547257382945,4,5,accuracy_generalizability,6,0.7897928567947756,False,False,0.8272733500918389
difficulty_level,2,hard,0.7563547257382945,4,5,accuracy_generalizability,7,0.7641835044037063,False,False,0.7575641954557861
difficulty_level,2,hard,0.7563547257382945,4,5,ari_average,3,0.9265010533953603,False,False,0.6993941902168289
difficulty_level,2,hard,0.7563547257382945,4,5,ari_average,4,0.9602949251015318,True,False,0.9316512171003629
difficulty_level,2,hard,0.7563547257382945,4,5,ari_average,5,0.8724475628945386,False,True,1.0
difficulty_level,2,hard,0.7563547257382945,4,5,ari_average,6,0.8712247012557444,False,False,0.8272733500918389
difficulty_level,2,hard,0.7563547257382945,4,5,ari_average,7,0.8325635136038758,False,False,0.7575641954557861
difficulty_level,2,hard,0.7563547257382945,4,5,ari_average_1se,3,0.9265010533953603,False,False,0.6993941902168289
difficulty_level,2,hard,0.7563547257382945,4,5,ari_average_1se,4,0.9602949251015318,True,False,0.9316512171003629
difficulty_level,2,hard,0.7563547257382945,4,5,ari_average_1se,5,0.8724475628945386,False,True,1.0
difficulty_level,2,hard,0.7563547257382945,4,5,ari_average_1se,6,0.8712247012557444,False,False,0.8272733500918389
difficulty_level,2,hard,0.7563547257382945,4,5,ari_average_1se,7,0.8325635136038758,False,False,0.7575641954557861
difficulty_level,2,hard,0.7563547257382945,4,5,ari_average_quant,3,0.9265010533953603,False,False,0.6993941902168289
difficulty_level,2,hard,0.7563547257382945,4,5,ari_average_quant,4,0.9602949251015318,False,False,0.9316512171003629
difficulty_level,2,hard,0.7563547257382945,4,5,ari_average_quant,5,0.8724475628945386,False,True,1.0
difficulty_level,2,hard,0.7563547257382945,4,5,ari_average_quant,6,0.8712247012557444,False,False,0.8272733500918389
difficulty_level,2,hard,0.7563547257382945,4,5,ari_average_quant,7,0.8325635136038758,True,False,0.7575641954557861
difficulty_level,2,hard,0.7563547257382945,4,5,ari_generalizability,3,0.873536451274232,False,False,0.6993941902168289
difficulty_level,2,hard,0.7563547257382945,4,5,ari_generalizability,4,0.9205898502030635,True,False,0.9316512171003629
difficulty_level,2,hard,0.7563547257382945,4,5,ari_generalizability,5,0.7497263299636423,False,True,1.0
difficulty_level,2,hard,0.7563547257382945,4,5,ari_generalizability,6,0.798981350593669,False,False,0.8272733500918389
difficulty_level,2,hard,0.7563547257382945,4,5,ari_generalizability,7,0.7578954075663851,False,False,0.7575641954557861
difficulty_level,2,hard,0.7563547257382945,4,5,ari_generalizability_1se,3,0.873536451274232,False,False,0.6993941902168289
difficulty_level,2,hard,0.7563547257382945,4,5,ari_generalizability_1se,4,0.9205898502030635,True,False,0.9316512171003629
difficulty_level,2,hard,0.7563547257382945,4,5,ari_generalizability_1se,5,0.7497263299636423,False,True,1.0
difficulty_level,2,hard,0.7563547257382945,4,5,ari_generalizability_1se,6,0.798981350593669,False,False,0.8272733500918389
difficulty_level,2,hard,0.7563547257382945,4,5,ari_generalizability_1se,7,0.7578954075663851,False,False,0.7575641954557861
difficulty_level,2,hard,0.7563547257382945,4,5,ari_generalizability_quant,3,0.873536451274232,False,False,0.6993941902168289
difficulty_level,2,hard,0.7563547257382945,4,5,ari_generalizability_quant,4,0.9205898502030635,False,False,0.9316512171003629
difficulty_level,2,hard,0.7563547257382945,4,5,ari_generalizability_quant,5,0.7497263299636423,False,True,1.0
difficulty_level,2,hard,0.7563547257382945,4,5,ari_generalizability_quant,6,0.798981350593669,False,False,0.8272733500918389
difficulty_level,2,hard,0.7563547257382945,4,5,ari_generalizability_quant,7,0.7578954075663851,True,False,0.7575641954557861
difficulty_level,2,hard,0.7563547257382945,4,5,ari_stability,3,0.9794656555164886,False,False,0.6993941902168289
difficulty_level,2,hard,0.7563547257382945,4,5,ari_stability,4,1.0,True,False,0.9316512171003629
difficulty_level,2,hard,0.7563547257382945,4,5,ari_stability,5,0.9951687958254354,False,True,1.0
difficulty_level,2,hard,0.7563547257382945,4,5,ari_stability,6,0.9434680519178198,False,False,0.8272733500918389
difficulty_level,2,hard,0.7563547257382945,4,5,ari_stability,7,0.9072316196413672,False,False,0.7575641954557861
difficulty_level,2,hard,0.7563547257382945,4,5,ari_stability_1se,3,0.9794656555164886,False,False,0.6993941902168289
difficulty_level,2,hard,0.7563547257382945,4,5,ari_stability_1se,4,1.0,True,False,0.9316512171003629
difficulty_level,2,hard,0.7563547257382945,4,5,ari_stability_1se,5,0.9951687958254354,False,True,1.0
difficulty_level,2,hard,0.7563547257382945,4,5,ari_stability_1se,6,0.9434680519178198,False,False,0.8272733500918389
difficulty_level,2,hard,0.7563547257382945,4,5,ari_stability_1se,7,0.9072316196413672,False,False,0.7575641954557861
difficulty_level,2,hard,0.7563547257382945,4,5,ari_stability_quant,3,0.9794656555164886,False,False,0.6993941902168289
difficulty_level,2,hard,0.7563547257382945,4,5,ari_stability_quant,4,1.0,True,False,0.9316512171003629
difficulty_level,2,hard,0.7563547257382945,4,5,ari_stability_quant,5,0.9951687958254354,False,True,1.0
difficulty_level,2,hard,0.7563547257382945,4,5,ari_stability_quant,6,0.9434680519178198,False,False,0.8272733500918389
difficulty_level,2,hard,0.7563547257382945,4,5,ari_stability_quant,7,0.9072316196413672,False,False,0.7575641954557861
difficulty_level,2,hard,0.7563547257382945,4,5,consensus_ce_stability,3,0.96654291308422,False,False,0.6993941902168289
difficulty_level,2,hard,0.7563547257382945,4,5,consensus_ce_stability,4,0.9999999999586944,True,False,0.9316512171003629
difficulty_level,2,hard,0.7563547257382945,4,5,consensus_ce_stability,5,0.9999999999586944,False,True,1.0
difficulty_level,2,hard,0.7563547257382945,4,5,consensus_ce_stability,6,0.9609542440694604,False,False,0.8272733500918389
difficulty_level,2,hard,0.7563547257382945,4,5,consensus_ce_stability,7,0.9382002604086483,False,False,0.7575641954557861
difficulty_level,2,hard,0.7563547257382945,4,5,consensus_gini_stability,3,0.978662478833603,False,False,0.6993941902168289
difficulty_level,2,hard,0.7563547257382945,4,5,consensus_gini_stability,4,1.0,True,False,0.9316512171003629
difficulty_level,2,hard,0.7563547257382945,4,5,consensus_gini_stability,5,1.0,False,True,1.0
difficulty_level,2,hard,0.7563547257382945,4,5,consensus_gini_stability,6,0.9661235123203208,False,False,0.8272733500918389
difficulty_level,2,hard,0.7563547257382945,4,5,consensus_gini_stability,7,0.948953725214898,False,False,0.7575641954557861
difficulty_level,2,hard,0.7563547257382945,4,5,consensus_pac_stability,3,0.9599537469424061,False,False,0.6993941902168289
difficulty_level,2,hard,0.7563547257382945,4,5,consensus_pac_stability,4,1.0,True,False,0.9316512171003629
difficulty_level,2,hard,0.7563547257382945,4,5,consensus_pac_stability,5,1.0,False,True,1.0
difficulty_level,2,hard,0.7563547257382945,4,5,consensus_pac_stability,6,0.9587867467200356,False,False,0.8272733500918389
difficulty_level,2,hard,0.7563547257382945,4,5,consensus_pac_stability,7,0.9119421836780075,False,False,0.7575641954557861
difficulty_level,2,hard,0.7563547257382945,4,5,silhouette,3,0.11556995489609893,False,False,0.6993941902168289
difficulty_level,2,hard,0.7563547257382945,4,5,silhouette,4,0.14296992416395118,False,False,0.9316512171003629
difficulty_level,2,hard,0.7563547257382945,4,5,silhouette,5,0.1826060814859614,False,True,0.7563547257382945
difficulty_level,2,hard,0.7563547257382945,4,5,silhouette,6,0.197796724222931,False,False,0.8236153764816347
difficulty_level,2,hard,0.7563547257382945,4,5,silhouette,7,0.225289111913538,True,False,0.7418225171281569
difficulty_level,2,hard,0.7563547257382945,4,5,gap,3,0.07901060484448408,False,False,0.6993941902168289
difficulty_level,2,hard,0.7563547257382945,4,5,gap,4,0.13538979420678388,False,False,0.9316512171003629
difficulty_level,2,hard,0.7563547257382945,4,5,gap,5,0.22676257965269997,False,True,0.7563547257382945
difficulty_level,2,hard,0.7563547257382945,4,5,gap,6,0.2548244026056139,False,False,0.8236153764816347
difficulty_level,2,hard,0.7563547257382945,4,5,gap,7,0.33322557129086405,True,False,0.7418225171281569
difficulty_level,2,hard,0.7563547257382945,4,5,davies_bouldin,3,0.23021627677707032,False,False,0.6993941902168289
difficulty_level,2,hard,0.7563547257382945,4,5,davies_bouldin,4,0.25973999555993454,False,False,0.9316512171003629
difficulty_level,2,hard,0.7563547257382945,4,5,davies_bouldin,5,0.2816762183565175,False,True,0.7563547257382945
difficulty_level,2,hard,0.7563547257382945,4,5,davies_bouldin,6,0.28283057051509636,False,False,0.8236153764816347
difficulty_level,2,hard,0.7563547257382945,4,5,davies_bouldin,7,0.3026032943632216,True,False,0.7418225171281569
difficulty_level,2,hard,0.7563547257382945,4,5,calinski_harabasz,3,103.39641488604104,False,False,0.6993941902168289
difficulty_level,2,hard,0.7563547257382945,4,5,calinski_harabasz,4,106.76163747208736,False,False,0.9316512171003629
difficulty_level,2,hard,0.7563547257382945,4,5,calinski_harabasz,5,126.75381997994495,True,True,0.7563547257382945
difficulty_level,2,hard,0.7563547257382945,4,5,calinski_harabasz,6,115.44868096638837,False,False,0.8236153764816347
difficulty_level,2,hard,0.7563547257382945,4,5,calinski_harabasz,7,126.25679980272837,False,False,0.7418225171281569
difficulty_level,2,hard,0.5853601358169748,5,5,accuracy_generalizability,3,0.617179487790748,True,False,0.862567518024072
difficulty_level,2,hard,0.5853601358169748,5,5,accuracy_generalizability,4,0.43208590980587347,False,False,0.9511773837649091
difficulty_level,2,hard,0.5853601358169748,5,5,accuracy_generalizability,5,0.39158294006504746,False,True,1.0
difficulty_level,2,hard,0.5853601358169748,5,5,accuracy_generalizability,6,0.5079178777038613,False,False,0.6325949260959387
difficulty_level,2,hard,0.5853601358169748,5,5,accuracy_generalizability,7,0.6099931021638584,False,False,0.488262234462205
difficulty_level,2,hard,0.5853601358169748,5,5,ari_average,3,0.7085716808439596,True,False,0.862567518024072
difficulty_level,2,hard,0.5853601358169748,5,5,ari_average,4,0.6038954944558609,False,False,0.9511773837649091
difficulty_level,2,hard,0.5853601358169748,5,5,ari_average,5,0.6113725066937413,False,True,1.0
difficulty_level,2,hard,0.5853601358169748,5,5,ari_average,6,0.6829110637336291,False,False,0.6325949260959387
difficulty_level,2,hard,0.5853601358169748,5,5,ari_average,7,0.6693679610239254,False,False,0.488262234462205
difficulty_level,2,hard,0.5853601358169748,5,5,ari_average_1se,3,0.7085716808439596,True,False,0.862567518024072
difficulty_level,2,hard,0.5853601358169748,5,5,ari_average_1se,4,0.6038954944558609,False,False,0.9511773837649091
difficulty_level,2,hard,0.5853601358169748,5,5,ari_average_1se,5,0.6113725066937413,False,True,1.0
difficulty_level,2,hard,0.5853601358169748,5,5,ari_average_1se,6,0.6829110637336291,False,False,0.6325949260959387
difficulty_level,2,hard,0.5853601358169748,5,5,ari_average_1se,7,0.6693679610239254,False,False,0.488262234462205
difficulty_level,2,hard,0.5853601358169748,5,5,ari_average_quant,3,0.7085716808439596,False,False,0.862567518024072
difficulty_level,2,hard,0.5853601358169748,5,5,ari_average_quant,4,0.6038954944558609,False,False,0.9511773837649091
difficulty_level,2,hard,0.5853601358169748,5,5,ari_average_quant,5,0.6113725066937413,False,True,1.0
difficulty_level,2,hard,0.5853601358169748,5,5,ari_average_quant,6,0.6829110637336291,False,False,0.6325949260959387
difficulty_level,2,hard,0.5853601358169748,5,5,ari_average_quant,7,0.6693679610239254,True,False,0.488262234462205
difficulty_level,2,hard,0.5853601358169748,5,5,ari_generalizability,3,0.5152456787359777,False,False,0.862567518024072
difficulty_level,2,hard,0.5853601358169748,5,5,ari_generalizability,4,0.2799988043240226,False,False,0.9511773837649091
difficulty_level,2,hard,0.5853601358169748,5,5,ari_generalizability,5,0.2662683850769518,False,True,1.0
difficulty_level,2,hard,0.5853601358169748,5,5,ari_generalizability,6,0.44183694558010894,False,False,0.6325949260959387
difficulty_level,2,hard,0.5853601358169748,5,5,ari_generalizability,7,0.5569790269696222,True,False,0.488262234462205
difficulty_level,2,hard,0.5853601358169748,5,5,ari_generalizability_1se,3,0.5152456787359777,False,False,0.862567518024072
difficulty_level,2,hard,0.5853601358169748,5,5,ari_generalizability_1se,4,0.2799988043240226,False,False,0.9511773837649091
difficulty_level,2,hard,0.5853601358169748,5,5,ari_generalizability_1se,5,0.2662683850769518,False,True,1.0
difficulty_level,2,hard,0.5853601358169748,5,5,ari_generalizability_1se,6,0.44183694558010894,False,False,0.6325949260959387
difficulty_level,2,hard,0.5853601358169748,5,5,ari_generalizability_1se,7,0.5569790269696222,True,False,0.488262234462205
difficulty_level,2,hard,0.5853601358169748,5,5,ari_generalizability_quant,3,0.5152456787359777,False,False,0.862567518024072
difficulty_level,2,hard,0.5853601358169748,5,5,ari_generalizability_quant,4,0.2799988043240226,False,False,0.9511773837649091
difficulty_level,2,hard,0.5853601358169748,5,5,ari_generalizability_quant,5,0.2662683850769518,False,True,1.0
difficulty_level,2,hard,0.5853601358169748,5,5,ari_generalizability_quant,6,0.44183694558010894,False,False,0.6325949260959387
difficulty_level,2,hard,0.5853601358169748,5,5,ari_generalizability_quant,7,0.5569790269696222,True,False,0.488262234462205
difficulty_level,2,hard,0.5853601358169748,5,5,ari_stability,3,0.9018976829519418,False,False,0.862567518024072
difficulty_level,2,hard,0.5853601358169748,5,5,ari_stability,4,0.9277921845876991,False,False,0.9511773837649091
difficulty_level,2,hard,0.5853601358169748,5,5,ari_stability,5,0.9564766283105308,True,True,1.0
difficulty_level,2,hard,0.5853601358169748,5,5,ari_stability,6,0.9239851818871494,False,False,0.6325949260959387
difficulty_level,2,hard,0.5853601358169748,5,5,ari_stability,7,0.7817568950782281,False,False,0.488262234462205
difficulty_level,2,hard,0.5853601358169748,5,5,ari_stability_1se,3,0.9018976829519418,False,False,0.862567518024072
difficulty_level,2,hard,0.5853601358169748,5,5,ari_stability_1se,4,0.9277921845876991,False,False,0.9511773837649091
difficulty_level,2,hard,0.5853601358169748,5,5,ari_stability_1se,5,0.9564766283105308,True,True,1.0
difficulty_level,2,hard,0.5853601358169748,5,5,ari_stability_1se,6,0.9239851818871494,False,False,0.6325949260959387
difficulty_level,2,hard,0.5853601358169748,5,5,ari_stability_1se,7,0.7817568950782281,False,False,0.488262234462205
difficulty_level,2,hard,0.5853601358169748,5,5,ari_stability_quant,3,0.9018976829519418,False,False,0.862567518024072
difficulty_level,2,hard,0.5853601358169748,5,5,ari_stability_quant,4,0.9277921845876991,False,False,0.9511773837649091
difficulty_level,2,hard,0.5853601358169748,5,5,ari_stability_quant,5,0.9564766283105308,False,True,1.0
difficulty_level,2,hard,0.5853601358169748,5,5,ari_stability_quant,6,0.9239851818871494,False,False,0.6325949260959387
difficulty_level,2,hard,0.5853601358169748,5,5,ari_stability_quant,7,0.7817568950782281,True,False,0.488262234462205
difficulty_level,2,hard,0.5853601358169748,5,5,consensus_ce_stability,3,0.8969800930957884,False,False,0.862567518024072
difficulty_level,2,hard,0.5853601358169748,5,5,consensus_ce_stability,4,0.9283825034582678,False,False,0.9511773837649091
difficulty_level,2,hard,0.5853601358169748,5,5,consensus_ce_stability,5,0.9440676899023734,True,True,1.0
difficulty_level,2,hard,0.5853601358169748,5,5,consensus_ce_stability,6,0.9433987938301556,False,False,0.6325949260959387
difficulty_level,2,hard,0.5853601358169748,5,5,consensus_ce_stability,7,0.8737148196432444,False,False,0.488262234462205
difficulty_level,2,hard,0.5853601358169748,5,5,consensus_gini_stability,3,0.9071683320273084,False,False,0.862567518024072
difficulty_level,2,hard,0.5853601358169748,5,5,consensus_gini_stability,4,0.9360526384556724,False,False,0.9511773837649091
difficulty_level,2,hard,0.5853601358169748,5,5,consensus_gini_stability,5,0.962873125970424,True,True,1.0
difficulty_level,2,hard,0.5853601358169748,5,5,consensus_gini_stability,6,0.9511878106847589,False,False,0.6325949260959387
difficulty_level,2,hard,0.5853601358169748,5,5,consensus_gini_stability,7,0.8872078833848069,False,False,0.488262234462205
difficulty_level,2,hard,0.5853601358169748,5,5,consensus_pac_stability,3,0.8600587058038692,False,False,0.862567518024072
difficulty_level,2,hard,0.5853601358169748,5,5,consensus_pac_stability,4,0.9047791861240827,False,False,0.9511773837649091
difficulty_level,2,hard,0.5853601358169748,5,5,consensus_pac_stability,5,0.9150020013342228,False,True,1.0
difficulty_level,2,hard,0.5853601358169748,5,5,consensus_pac_stability,6,0.9304772070269068,True,False,0.6325949260959387
difficulty_level,2,hard,0.5853601358169748,5,5,consensus_pac_stability,7,0.8420155659328441,False,False,0.488262234462205
difficulty_level,2,hard,0.5853601358169748,5,5,silhouette,3,0.11635892165193876,False,False,0.8370290484569403
difficulty_level,2,hard,0.5853601358169748,5,5,silhouette,4,0.13021378060610636,False,False,0.9549979879306655
difficulty_level,2,hard,0.5853601358169748,5,5,silhouette,5,0.19185583258734729,False,True,0.5853601358169748
difficulty_level,2,hard,0.5853601358169748,5,5,silhouette,6,0.22408822102064307,False,False,0.44861820972703365
difficulty_level,2,hard,0.5853601358169748,5,5,silhouette,7,0.24165512337798753,True,False,0.4991444799284535
difficulty_level,2,hard,0.5853601358169748,5,5,gap,3,0.08696577749699763,False,False,0.8370290484569403
difficulty_level,2,hard,0.5853601358169748,5,5,gap,4,0.11552657479534822,False,False,0.9549979879306655
difficulty_level,2,hard,0.5853601358169748,5,5,gap,5,0.264607075354645,False,True,0.5853601358169748
difficulty_level,2,hard,0.5853601358169748,5,5,gap,6,0.4040680222680173,False,False,0.44861820972703365
difficulty_level,2,hard,0.5853601358169748,5,5,gap,7,0.43859264365978845,True,False,0.4991444799284535
difficulty_level,2,hard,0.5853601358169748,5,5,davies_bouldin,3,0.22629577830250128,False,False,0.8370290484569403
difficulty_level,2,hard,0.5853601358169748,5,5,davies_bouldin,4,0.24060139484908838,False,False,0.9549979879306655
difficulty_level,2,hard,0.5853601358169748,5,5,davies_bouldin,5,0.26673354305860003,False,True,0.5853601358169748
difficulty_level,2,hard,0.5853601358169748,5,5,davies_bouldin,6,0.28720683219244636,False,False,0.44861820972703365
difficulty_level,2,hard,0.5853601358169748,5,5,davies_bouldin,7,0.3063483693143387,True,False,0.4991444799284535
difficulty_level,2,hard,0.5853601358169748,5,5,calinski_harabasz,3,78.05144513635665,False,False,0.8370290484569403
difficulty_level,2,hard,0.5853601358169748,5,5,calinski_harabasz,4,72.8392397603271,False,False,0.9549979879306655
difficulty_level,2,hard,0.5853601358169748,5,5,calinski_harabasz,5,126.843376015838,False,True,0.5853601358169748
difficulty_level,2,hard,0.5853601358169748,5,5,calinski_harabasz,6,164.0741275136313,True,False,0.44861820972703365
difficulty_level,2,hard,0.5853601358169748,5,5,calinski_harabasz,7,152.44425735837464,False,False,0.4991444799284535
difficulty_level,2,hard,0.6490500667422453,6,5,accuracy_generalizability,3,0.9958791310484166,True,False,0.8425761878818198
difficulty_level,2,hard,0.6490500667422453,6,5,accuracy_generalizability,4,0.6767861618404533,False,False,0.950563305422614
difficulty_level,2,hard,0.6490500667422453,6,5,accuracy_generalizability,5,0.5172533694425636,False,True,1.0
difficulty_level,2,hard,0.6490500667422453,6,5,accuracy_generalizability,6,0.6312579006772778,False,False,0.6992690996527798
difficulty_level,2,hard,0.6490500667422453,6,5,accuracy_generalizability,7,0.6801368219590239,False,False,0.58368229335535
difficulty_level,2,hard,0.6490500667422453,6,5,ari_average,3,0.9974498492846117,True,False,0.8425761878818198
difficulty_level,2,hard,0.6490500667422453,6,5,ari_average,4,0.8095481852393391,False,False,0.950563305422614
difficulty_level,2,hard,0.6490500667422453,6,5,ari_average,5,0.7218340434749219,False,True,1.0
difficulty_level,2,hard,0.6490500667422453,6,5,ari_average,6,0.7024191805131261,False,False,0.6992690996527798
difficulty_level,2,hard,0.6490500667422453,6,5,ari_average,7,0.7302421227504245,False,False,0.58368229335535
difficulty_level,2,hard,0.6490500667422453,6,5,ari_average_1se,3,0.9974498492846117,True,False,0.8425761878818198
difficulty_level,2,hard,0.6490500667422453,6,5,ari_average_1se,4,0.8095481852393391,False,False,0.950563305422614
difficulty_level,2,hard,0.6490500667422453,6,5,ari_average_1se,5,0.7218340434749219,False,True,1.0
difficulty_level,2,hard,0.6490500667422453,6,5,ari_average_1se,6,0.7024191805131261,False,False,0.6992690996527798
difficulty_level,2,hard,0.6490500667422453,6,5,ari_average_1se,7,0.7302421227504245,False,False,0.58368229335535
difficulty_level,2,hard,0.6490500667422453,6,5,ari_average_quant,3,0.9974498492846117,True,False,0.8425761878818198
difficulty_level,2,hard,0.6490500667422453,6,5,ari_average_quant,4,0.8095481852393391,False,False,0.950563305422614
difficulty_level,2,hard,0.6490500667422453,6,5,ari_average_quant,5,0.7218340434749219,False,True,1.0
difficulty_level,2,hard,0.6490500667422453,6,5,ari_average_quant,6,0.7024191805131261,False,False,0.6992690996527798
difficulty_level,2,hard,0.6490500667422453,6,5,ari_average_quant,7,0.7302421227504245,False,False,0.58368229335535
difficulty_level,2,hard,0.6490500667422453,6,5,ari_generalizability,3,0.9948996985692233,True,False,0.8425761878818198
difficulty_level,2,hard,0.6490500667422453,6,5,ari_generalizability,4,0.627461034337182,False,False,0.950563305422614
difficulty_level,2,hard,0.6490500667422453,6,5,ari_generalizability,5,0.4543831034427509,False,True,1.0
difficulty_level,2,hard,0.6490500667422453,6,5,ari_generalizability,6,0.5894041880555345,False,False,0.6992690996527798
difficulty_level,2,hard,0.6490500667422453,6,5,ari_generalizability,7,0.6352478542003177,False,False,0.58368229335535
difficulty_level,2,hard,0.6490500667422453,6,5,ari_generalizability_1se,3,0.9948996985692233,True,False,0.8425761878818198
difficulty_level,2,hard,0.6490500667422453,6,5,ari_generalizability_1se,4,0.627461034337182,False,False,0.950563305422614
difficulty_level,2,hard,0.6490500667422453,6,5,ari_generalizability_1se,5,0.4543831034427509,False,True,1.0
difficulty_level,2,hard,0.6490500667422453,6,5,ari_generalizability_1se,6,0.5894041880555345,False,False,0.6992690996527798
difficulty_level,2,hard,0.6490500667422453,6,5,ari_generalizability_1se,7,0.6352478542003177,False,False,0.58368229335535
difficulty_level,2,hard,0.6490500667422453,6,5,ari_generalizability_quant,3,0.9948996985692233,True,False,0.8425761878818198
difficulty_level,2,hard,0.6490500667422453,6,5,ari_generalizability_quant,4,0.627461034337182,False,False,0.950563305422614
difficulty_level,2,hard,0.6490500667422453,6,5,ari_generalizability_quant,5,0.4543831034427509,False,True,1.0
difficulty_level,2,hard,0.6490500667422453,6,5,ari_generalizability_quant,6,0.5894041880555345,False,False,0.6992690996527798
difficulty_level,2,hard,0.6490500667422453,6,5,ari_generalizability_quant,7,0.6352478542003177,False,False,0.58368229335535
difficulty_level,2,hard,0.6490500667422453,6,5,ari_stability,3,1.0,True,False,0.8425761878818198
difficulty_level,2,hard,0.6490500667422453,6,5,ari_stability,4,0.9916353361414957,False,False,0.950563305422614
difficulty_level,2,hard,0.6490500667422453,6,5,ari_stability,5,0.989284983507093,False,True,1.0
difficulty_level,2,hard,0.6490500667422453,6,5,ari_stability,6,0.8154341729707175,False,False,0.6992690996527798
difficulty_level,2,hard,0.6490500667422453,6,5,ari_stability,7,0.8252363913005314,False,False,0.58368229335535
difficulty_level,2,hard,0.6490500667422453,6,5,ari_stability_1se,3,1.0,True,False,0.8425761878818198
difficulty_level,2,hard,0.6490500667422453,6,5,ari_stability_1se,4,0.9916353361414957,False,False,0.950563305422614
difficulty_level,2,hard,0.6490500667422453,6,5,ari_stability_1se,5,0.989284983507093,False,True,1.0
difficulty_level,2,hard,0.6490500667422453,6,5,ari_stability_1se,6,0.8154341729707175,False,False,0.6992690996527798
difficulty_level,2,hard,0.6490500667422453,6,5,ari_stability_1se,7,0.8252363913005314,False,False,0.58368229335535
difficulty_level,2,hard,0.6490500667422453,6,5,ari_stability_quant,3,1.0,True,False,0.8425761878818198
difficulty_level,2,hard,0.6490500667422453,6,5,ari_stability_quant,4,0.9916353361414957,False,False,0.950563305422614
difficulty_level,2,hard,0.6490500667422453,6,5,ari_stability_quant,5,0.989284983507093,False,True,1.0
difficulty_level,2,hard,0.6490500667422453,6,5,ari_stability_quant,6,0.8154341729707175,False,False,0.6992690996527798
difficulty_level,2,hard,0.6490500667422453,6,5,ari_stability_quant,7,0.8252363913005314,False,False,0.58368229335535
difficulty_level,2,hard,0.6490500667422453,6,5,consensus_ce_stability,3,0.9999999999586944,True,False,0.8425761878818198
difficulty_level,2,hard,0.6490500667422453,6,5,consensus_ce_stability,4,0.9911616586478643,False,False,0.950563305422614
difficulty_level,2,hard,0.6490500667422453,6,5,consensus_ce_stability,5,0.9824898613251113,False,True,1.0
difficulty_level,2,hard,0.6490500667422453,6,5,consensus_ce_stability,6,0.8705271477441249,False,False,0.6992690996527798
difficulty_level,2,hard,0.6490500667422453,6,5,consensus_ce_stability,7,0.8951905582717731,False,False,0.58368229335535
difficulty_level,2,hard,0.6490500667422453,6,5,consensus_gini_stability,3,1.0,True,False,0.8425761878818198
difficulty_level,2,hard,0.6490500667422453,6,5,consensus_gini_stability,4,0.9944853127192366,False,False,0.950563305422614
difficulty_level,2,hard,0.6490500667422453,6,5,consensus_gini_stability,5,0.9893579225325634,False,True,1.0
difficulty_level,2,hard,0.6490500667422453,6,5,consensus_gini_stability,6,0.8842711883288971,False,False,0.6992690996527798
difficulty_level,2,hard,0.6490500667422453,6,5,consensus_gini_stability,7,0.906289734881796,False,False,0.58368229335535
difficulty_level,2,hard,0.6490500667422453,6,5,consensus_pac_stability,3,1.0,True,False,0.8425761878818198
difficulty_level,2,hard,0.6490500667422453,6,5,consensus_pac_stability,4,0.9919172781854569,False,False,0.950563305422614
difficulty_level,2,hard,0.6490500667422453,6,5,consensus_pac_stability,5,0.9900057816321992,False,True,1.0
difficulty_level,2,hard,0.6490500667422453,6,5,consensus_pac_stability,6,0.8287356015121192,False,False,0.6992690996527798
difficulty_level,2,hard,0.6490500667422453,6,5,consensus_pac_stability,7,0.8749077162552813,False,False,0.58368229335535
difficulty_level,2,hard,0.6490500667422453,6,5,silhouette,3,0.1733502954885427,False,False,0.8425761878818198
difficulty_level,2,hard,0.6490500667422453,6,5,silhouette,4,0.19503152886647945,False,False,0.950563305422614
difficulty_level,2,hard,0.6490500667422453,6,5,silhouette,5,0.23005315673778107,False,True,0.6490500667422453
difficulty_level,2,hard,0.6490500667422453,6,5,silhouette,6,0.21882291517718416,False,False,0.6986599974785235
difficulty_level,2,hard,0.6490500667422453,6,5,silhouette,7,0.2635553965844657,True,False,0.5806404209415437
difficulty_level,2,hard,0.6490500667422453,6,5,gap,3,0.1703168323921851,False,False,0.8425761878818198
difficulty_level,2,hard,0.6490500667422453,6,5,gap,4,0.21282820710778338,False,False,0.950563305422614
difficulty_level,2,hard,0.6490500667422453,6,5,gap,5,0.3617968789383248,False,True,0.6490500667422453
difficulty_level,2,hard,0.6490500667422453,6,5,gap,6,0.3576833882306669,False,False,0.6986599974785235
difficulty_level,2,hard,0.6490500667422453,6,5,gap,7,0.5049456516141237,True,False,0.5806404209415437
difficulty_level,2,hard,0.6490500667422453,6,5,davies_bouldin,3,0.2597809831354634,False,False,0.8425761878818198
difficulty_level,2,hard,0.6490500667422453,6,5,davies_bouldin,4,0.27403422449939785,False,False,0.950563305422614
difficulty_level,2,hard,0.6490500667422453,6,5,davies_bouldin,5,0.29699733443456505,False,True,0.6490500667422453
difficulty_level,2,hard,0.6490500667422453,6,5,davies_bouldin,6,0.3060370563093881,False,False,0.6986599974785235
difficulty_level,2,hard,0.6490500667422453,6,5,davies_bouldin,7,0.327492326369251,True,False,0.5806404209415437
difficulty_level,2,hard,0.6490500667422453,6,5,calinski_harabasz,3,150.5367621107313,False,False,0.8425761878818198
difficulty_level,2,hard,0.6490500667422453,6,5,calinski_harabasz,4,131.35962853813155,False,False,0.950563305422614
difficulty_level,2,hard,0.6490500667422453,6,5,calinski_harabasz,5,178.16713374513432,False,True,0.6490500667422453
difficulty_level,2,hard,0.6490500667422453,6,5,calinski_harabasz,6,143.29801543194148,False,False,0.6986599974785235
difficulty_level,2,hard,0.6490500667422453,6,5,calinski_harabasz,7,180.05905590797488,True,False,0.5806404209415437
difficulty_level,2,hard,0.6080917349828744,7,5,accuracy_generalizability,3,0.6092926174063499,True,False,0.8523971312198007
difficulty_level,2,hard,0.6080917349828744,7,5,accuracy_generalizability,4,0.41291948147611146,False,False,0.9546424709489006
difficulty_level,2,hard,0.6080917349828744,7,5,accuracy_generalizability,5,0.5007471069639765,False,True,1.0
difficulty_level,2,hard,0.6080917349828744,7,5,accuracy_generalizability,6,0.5733638565773049,False,False,0.6570781442414104
difficulty_level,2,hard,0.6080917349828744,7,5,accuracy_generalizability,7,0.5986671322832974,False,False,0.5180346909320007
difficulty_level,2,hard,0.6080917349828744,7,5,ari_average,3,0.7518049820135541,True,False,0.8523971312198007
difficulty_level,2,hard,0.6080917349828744,7,5,ari_average,4,0.6066267490591342,False,False,0.9546424709489006
difficulty_level,2,hard,0.6080917349828744,7,5,ari_average,5,0.6174955773172062,False,True,1.0
difficulty_level,2,hard,0.6080917349828744,7,5,ari_average,6,0.6395875892208351,False,False,0.6570781442414104
difficulty_level,2,hard,0.6080917349828744,7,5,ari_average,7,0.693659116542359,False,False,0.5180346909320007
difficulty_level,2,hard,0.6080917349828744,7,5,ari_average_1se,3,0.7518049820135541,True,False,0.8523971312198007
difficulty_level,2,hard,0.6080917349828744,7,5,ari_average_1se,4,0.6066267490591342,False,False,0.9546424709489006
difficulty_level,2,hard,0.6080917349828744,7,5,ari_average_1se,5,0.6174955773172062,False,True,1.0
difficulty_level,2,hard,0.6080917349828744,7,5,ari_average_1se,6,0.6395875892208351,False,False,0.6570781442414104
difficulty_level,2,hard,0.6080917349828744,7,5,ari_average_1se,7,0.693659116542359,False,False,0.5180346909320007
difficulty_level,2,hard,0.6080917349828744,7,5,ari_average_quant,3,0.7518049820135541,True,False,0.8523971312198007
difficulty_level,2,hard,0.6080917349828744,7,5,ari_average_quant,4,0.6066267490591342,False,False,0.9546424709489006
difficulty_level,2,hard,0.6080917349828744,7,5,ari_average_quant,5,0.6174955773172062,False,True,1.0
difficulty_level,2,hard,0.6080917349828744,7,5,ari_average_quant,6,0.6395875892208351,False,False,0.6570781442414104
difficulty_level,2,hard,0.6080917349828744,7,5,ari_average_quant,7,0.693659116542359,False,False,0.5180346909320007
difficulty_level,2,hard,0.6080917349828744,7,5,ari_generalizability,3,0.507597872540709,False,False,0.8523971312198007
difficulty_level,2,hard,0.6080917349828744,7,5,ari_generalizability,4,0.2736489879780882,False,False,0.9546424709489006
difficulty_level,2,hard,0.6080917349828744,7,5,ari_generalizability,5,0.3925473959890953,False,True,1.0
difficulty_level,2,hard,0.6080917349828744,7,5,ari_generalizability,6,0.5049328583197857,False,False,0.6570781442414104
difficulty_level,2,hard,0.6080917349828744,7,5,ari_generalizability,7,0.5356344016544792,True,False,0.5180346909320007
difficulty_level,2,hard,0.6080917349828744,7,5,ari_generalizability_1se,3,0.507597872540709,False,False,0.8523971312198007
difficulty_level,2,hard,0.6080917349828744,7,5,ari_generalizability_1se,4,0.2736489879780882,False,False,0.9546424709489006
difficulty_level,2,hard,0.6080917349828744,7,5,ari_generalizability_1se,5,0.3925473959890953,False,True,1.0
difficulty_level,2,hard,0.6080917349828744,7,5,ari_generalizability_1se,6,0.5049328583197857,False,False,0.6570781442414104
difficulty_level,2,hard,0.6080917349828744,7,5,ari_generalizability_1se,7,0.5356344016544792,True,False,0.5180346909320007
difficulty_level,2,hard,0.6080917349828744,7,5,ari_generalizability_quant,3,0.507597872540709,False,False,0.8523971312198007
difficulty_level,2,hard,0.6080917349828744,7,5,ari_generalizability_quant,4,0.2736489879780882,False,False,0.9546424709489006
difficulty_level,2,hard,0.6080917349828744,7,5,ari_generalizability_quant,5,0.3925473959890953,False,True,1.0
difficulty_level,2,hard,0.6080917349828744,7,5,ari_generalizability_quant,6,0.5049328583197857,False,False,0.6570781442414104
difficulty_level,2,hard,0.6080917349828744,7,5,ari_generalizability_quant,7,0.5356344016544792,True,False,0.5180346909320007
difficulty_level,2,hard,0.6080917349828744,7,5,ari_stability,3,0.9960120914863991,True,False,0.8523971312198007
difficulty_level,2,hard,0.6080917349828744,7,5,ari_stability,4,0.9396045101401802,False,False,0.9546424709489006
difficulty_level,2,hard,0.6080917349828744,7,5,ari_stability,5,0.842443758645317,False,True,1.0
difficulty_level,2,hard,0.6080917349828744,7,5,ari_stability,6,0.7742423201218849,False,False,0.6570781442414104
difficulty_level,2,hard,0.6080917349828744,7,5,ari_stability,7,0.8516838314302388,False,False,0.5180346909320007
difficulty_level,2,hard,0.6080917349828744,7,5,ari_stability_1se,3,0.9960120914863991,True,False,0.8523971312198007
difficulty_level,2,hard,0.6080917349828744,7,5,ari_stability_1se,4,0.9396045101401802,False,False,0.9546424709489006
difficulty_level,2,hard,0.6080917349828744,7,5,ari_stability_1se,5,0.842443758645317,False,True,1.0
difficulty_level,2,hard,0.6080917349828744,7,5,ari_stability_1se,6,0.7742423201218849,False,False,0.6570781442414104
difficulty_level,2,hard,0.6080917349828744,7,5,ari_stability_1se,7,0.8516838314302388,False,False,0.5180346909320007
difficulty_level,2,hard,0.6080917349828744,7,5,ari_stability_quant,3,0.9960120914863991,True,False,0.8523971312198007
difficulty_level,2,hard,0.6080917349828744,7,5,ari_stability_quant,4,0.9396045101401802,False,False,0.9546424709489006
difficulty_level,2,hard,0.6080917349828744,7,5,ari_stability_quant,5,0.842443758645317,False,True,1.0
difficulty_level,2,hard,0.6080917349828744,7,5,ari_stability_quant,6,0.7742423201218849,False,False,0.6570781442414104
difficulty_level,2,hard,0.6080917349828744,7,5,ari_stability_quant,7,0.8516838314302388,False,False,0.5180346909320007
difficulty_level,2,hard,0.6080917349828744,7,5,consensus_ce_stability,3,0.9920388101789543,True,False,0.8523971312198007
difficulty_level,2,hard,0.6080917349828744,7,5,consensus_ce_stability,4,0.9421231283234396,False,False,0.9546424709489006
difficulty_level,2,hard,0.6080917349828744,7,5,consensus_ce_stability,5,0.8202932868444397,False,True,1.0
difficulty_level,2,hard,0.6080917349828744,7,5,consensus_ce_stability,6,0.8227338877461234,False,False,0.6570781442414104
difficulty_level,2,hard,0.6080917349828744,7,5,consensus_ce_stability,7,0.9130528551902971,False,False,0.5180346909320007
difficulty_level,2,hard,0.6080917349828744,7,5,consensus_gini_stability,3,0.9953456110605529,True,False,0.8523971312198007
difficulty_level,2,hard,0.6080917349828744,7,5,consensus_gini_stability,4,0.9493602720389208,False,False,0.9546424709489006
difficulty_level,2,hard,0.6080917349828744,7,5,consensus_gini_stability,5,0.8434484008145074,False,True,1.0
difficulty_level,2,hard,0.6080917349828744,7,5,consensus_gini_stability,6,0.8460097226527995,False,False,0.6570781442414104
difficulty_level,2,hard,0.6080917349828744,7,5,consensus_gini_stability,7,0.9258887310433708,False,False,0.5180346909320007
difficulty_level,2,hard,0.6080917349828744,7,5,consensus_pac_stability,3,0.999995552590616,True,False,0.8523971312198007
difficulty_level,2,hard,0.6080917349828744,7,5,consensus_pac_stability,4,0.9435650433622415,False,False,0.9546424709489006
difficulty_level,2,hard,0.6080917349828744,7,5,consensus_pac_stability,5,0.7440080053368913,False,True,1.0
difficulty_level,2,hard,0.6080917349828744,7,5,consensus_pac_stability,6,0.7584905492550589,False,False,0.6570781442414104
difficulty_level,2,hard,0.6080917349828744,7,5,consensus_pac_stability,7,0.88658216588837,False,False,0.5180346909320007
difficulty_level,2,hard,0.6080917349828744,7,5,silhouette,3,0.12175677339459712,False,False,0.8827638202184068
difficulty_level,2,hard,0.6080917349828744,7,5,silhouette,4,0.12204219853957803,False,False,0.9546424709489006
difficulty_level,2,hard,0.6080917349828744,7,5,silhouette,5,0.19766660952197845,False,True,0.6080917349828744
difficulty_level,2,hard,0.6080917349828744,7,5,silhouette,6,0.21686386839517588,False,False,0.6568314772088537
difficulty_level,2,hard,0.6080917349828744,7,5,silhouette,7,0.27649381495165704,True,False,0.4599646211071696
difficulty_level,2,hard,0.6080917349828744,7,5,gap,3,0.060463999693212145,False,False,0.8827638202184068
difficulty_level,2,hard,0.6080917349828744,7,5,gap,4,0.08488673149881976,False,False,0.9546424709489006
difficulty_level,2,hard,0.6080917349828744,7,5,gap,5,0.24391118302259684,False,True,0.6080917349828744
difficulty_level,2,hard,0.6080917349828744,7,5,gap,6,0.2793935628849482,False,False,0.6568314772088537
difficulty_level,2,hard,0.6080917349828744,7,5,gap,7,0.4695739738273481,True,False,0.4599646211071696
difficulty_level,2,hard,0.6080917349828744,7,5,davies_bouldin,3,0.20987917830440586,False,False,0.8827638202184068
difficulty_level,2,hard,0.6080917349828744,7,5,davies_bouldin,4,0.23259005776315766,False,False,0.9546424709489006
difficulty_level,2,hard,0.6080917349828744,7,5,davies_bouldin,5,0.25639607251321556,False,True,0.6080917349828744
difficulty_level,2,hard,0.6080917349828744,7,5,davies_bouldin,6,0.2699698763561132,False,False,0.6568314772088537
difficulty_level,2,hard,0.6080917349828744,7,5,davies_bouldin,7,0.30577733960271347,True,False,0.4599646211071696
difficulty_level,2,hard,0.6080917349828744,7,5,calinski_harabasz,3,87.86502726401324,False,False,0.8827638202184068
difficulty_level,2,hard,0.6080917349828744,7,5,calinski_harabasz,4,76.8731319945243,False,False,0.9546424709489006
difficulty_level,2,hard,0.6080917349828744,7,5,calinski_harabasz,5,135.2375018062929,False,True,0.6080917349828744
difficulty_level,2,hard,0.6080917349828744,7,5,calinski_harabasz,6,125.34272334634491,False,False,0.6568314772088537
difficulty_level,2,hard,0.6080917349828744,7,5,calinski_harabasz,7,180.6529809848245,True,False,0.4599646211071696
difficulty_level,2,hard,1.0,8,5,accuracy_generalizability,3,0.9848509141145247,True,False,0.751918178066451
difficulty_level,2,hard,1.0,8,5,accuracy_generalizability,4,0.9216014758584212,False,False,0.9228399416165443
difficulty_level,2,hard,1.0,8,5,accuracy_generalizability,5,0.9230075124638291,False,True,1.0
difficulty_level,2,hard,1.0,8,5,accuracy_generalizability,6,0.8454679881754051,False,False,0.7676307637948043
difficulty_level,2,hard,1.0,8,5,accuracy_generalizability,7,0.8515783427912313,False,False,0.6768733387782235
difficulty_level,2,hard,1.0,8,5,ari_average,3,0.9767660474169145,True,False,0.751918178066451
difficulty_level,2,hard,1.0,8,5,ari_average,4,0.9011208119700139,False,False,0.9228399416165443
difficulty_level,2,hard,1.0,8,5,ari_average,5,0.9603308077665476,False,True,1.0
difficulty_level,2,hard,1.0,8,5,ari_average,6,0.8143881196062125,False,False,0.7676307637948043
difficulty_level,2,hard,1.0,8,5,ari_average,7,0.8347513935494905,False,False,0.6768733387782235
difficulty_level,2,hard,1.0,8,5,ari_average_1se,3,0.9767660474169145,True,False,0.751918178066451
difficulty_level,2,hard,1.0,8,5,ari_average_1se,4,0.9011208119700139,False,False,0.9228399416165443
difficulty_level,2,hard,1.0,8,5,ari_average_1se,5,0.9603308077665476,False,True,1.0
difficulty_level,2,hard,1.0,8,5,ari_average_1se,6,0.8143881196062125,False,False,0.7676307637948043
difficulty_level,2,hard,1.0,8,5,ari_average_1se,7,0.8347513935494905,False,False,0.6768733387782235
difficulty_level,2,hard,1.0,8,5,ari_average_quant,3,0.9767660474169145,False,False,0.751918178066451
difficulty_level,2,hard,1.0,8,5,ari_average_quant,4,0.9011208119700139,False,False,0.9228399416165443
difficulty_level,2,hard,1.0,8,5,ari_average_quant,5,0.9603308077665476,False,True,1.0
difficulty_level,2,hard,1.0,8,5,ari_average_quant,6,0.8143881196062125,False,False,0.7676307637948043
difficulty_level,2,hard,1.0,8,5,ari_average_quant,7,0.8347513935494905,True,False,0.6768733387782235
difficulty_level,2,hard,1.0,8,5,ari_generalizability,3,0.9748956252644005,True,False,0.751918178066451
difficulty_level,2,hard,1.0,8,5,ari_generalizability,4,0.8856587817451098,False,False,0.9228399416165443
difficulty_level,2,hard,1.0,8,5,ari_generalizability,5,0.9206616155330951,False,True,1.0
difficulty_level,2,hard,1.0,8,5,ari_generalizability,6,0.7784312495787716,False,False,0.7676307637948043
difficulty_level,2,hard,1.0,8,5,ari_generalizability,7,0.8142720229931345,False,False,0.6768733387782235
difficulty_level,2,hard,1.0,8,5,ari_generalizability_1se,3,0.9748956252644005,True,False,0.751918178066451
difficulty_level,2,hard,1.0,8,5,ari_generalizability_1se,4,0.8856587817451098,False,False,0.9228399416165443
difficulty_level,2,hard,1.0,8,5,ari_generalizability_1se,5,0.9206616155330951,False,True,1.0
difficulty_level,2,hard,1.0,8,5,ari_generalizability_1se,6,0.7784312495787716,False,False,0.7676307637948043
difficulty_level,2,hard,1.0,8,5,ari_generalizability_1se,7,0.8142720229931345,False,False,0.6768733387782235
difficulty_level,2,hard,1.0,8,5,ari_generalizability_quant,3,0.9748956252644005,False,False,0.751918178066451
difficulty_level,2,hard,1.0,8,5,ari_generalizability_quant,4,0.8856587817451098,False,False,0.9228399416165443
difficulty_level,2,hard,1.0,8,5,ari_generalizability_quant,5,0.9206616155330951,False,True,1.0
difficulty_level,2,hard,1.0,8,5,ari_generalizability_quant,6,0.7784312495787716,False,False,0.7676307637948043
difficulty_level,2,hard,1.0,8,5,ari_generalizability_quant,7,0.8142720229931345,True,False,0.6768733387782235
difficulty_level,2,hard,1.0,8,5,ari_stability,3,0.9786364695694286,False,False,0.751918178066451
difficulty_level,2,hard,1.0,8,5,ari_stability,4,0.9165828421949179,False,False,0.9228399416165443
difficulty_level,2,hard,1.0,8,5,ari_stability,5,1.0,True,True,1.0
difficulty_level,2,hard,1.0,8,5,ari_stability,6,0.8503449896336532,False,False,0.7676307637948043
difficulty_level,2,hard,1.0,8,5,ari_stability,7,0.8552307641058465,False,False,0.6768733387782235
difficulty_level,2,hard,1.0,8,5,ari_stability_1se,3,0.9786364695694286,False,False,0.751918178066451
difficulty_level,2,hard,1.0,8,5,ari_stability_1se,4,0.9165828421949179,False,False,0.9228399416165443
difficulty_level,2,hard,1.0,8,5,ari_stability_1se,5,1.0,True,True,1.0
difficulty_level,2,hard,1.0,8,5,ari_stability_1se,6,0.8503449896336532,False,False,0.7676307637948043
difficulty_level,2,hard,1.0,8,5,ari_stability_1se,7,0.8552307641058465,False,False,0.6768733387782235
difficulty_level,2,hard,1.0,8,5,ari_stability_quant,3,0.9786364695694286,False,False,0.751918178066451
difficulty_level,2,hard,1.0,8,5,ari_stability_quant,4,0.9165828421949179,False,False,0.9228399416165443
difficulty_level,2,hard,1.0,8,5,ari_stability_quant,5,1.0,True,True,1.0
difficulty_level,2,hard,1.0,8,5,ari_stability_quant,6,0.8503449896336532,False,False,0.7676307637948043
difficulty_level,2,hard,1.0,8,5,ari_stability_quant,7,0.8552307641058465,False,False,0.6768733387782235
difficulty_level,2,hard,1.0,8,5,consensus_ce_stability,3,0.9698291711780531,False,False,0.751918178066451
difficulty_level,2,hard,1.0,8,5,consensus_ce_stability,4,0.9366677724754106,False,False,0.9228399416165443
difficulty_level,2,hard,1.0,8,5,consensus_ce_stability,5,0.9999999999586944,True,True,1.0
difficulty_level,2,hard,1.0,8,5,consensus_ce_stability,6,0.8955760424899202,False,False,0.7676307637948043
difficulty_level,2,hard,1.0,8,5,consensus_ce_stability,7,0.9188584809663444,False,False,0.6768733387782235
difficulty_level,2,hard,1.0,8,5,consensus_gini_stability,3,0.9822215038356192,False,False,0.751918178066451
difficulty_level,2,hard,1.0,8,5,consensus_gini_stability,4,0.9383774792310078,False,False,0.9228399416165443
difficulty_level,2,hard,1.0,8,5,consensus_gini_stability,5,1.0,True,True,1.0
difficulty_level,2,hard,1.0,8,5,consensus_gini_stability,6,0.907016964782001,False,False,0.7676307637948043
difficulty_level,2,hard,1.0,8,5,consensus_gini_stability,7,0.9296145181441455,False,False,0.6768733387782235
difficulty_level,2,hard,1.0,8,5,consensus_pac_stability,3,0.9959412941961308,False,False,0.751918178066451
difficulty_level,2,hard,1.0,8,5,consensus_pac_stability,4,0.9375770513675784,False,False,0.9228399416165443
difficulty_level,2,hard,1.0,8,5,consensus_pac_stability,5,1.0,True,True,1.0
difficulty_level,2,hard,1.0,8,5,consensus_pac_stability,6,0.8599003780297976,False,False,0.7676307637948043
difficulty_level,2,hard,1.0,8,5,consensus_pac_stability,7,0.8880569268401156,False,False,0.6768733387782235
difficulty_level,2,hard,1.0,8,5,silhouette,3,0.11608426015623745,False,False,0.673359290670383
difficulty_level,2,hard,1.0,8,5,silhouette,4,0.1392030446978643,False,False,0.9228399416165443
difficulty_level,2,hard,1.0,8,5,silhouette,5,0.15572071633772733,False,True,1.0
difficulty_level,2,hard,1.0,8,5,silhouette,6,0.2056142039372366,False,False,0.7689178311281382
difficulty_level,2,hard,1.0,8,5,silhouette,7,0.23200257728105536,True,False,0.7019431102087585
difficulty_level,2,hard,1.0,8,5,gap,3,0.0557711890778414,False,False,0.673359290670383
difficulty_level,2,hard,1.0,8,5,gap,4,0.10738779976793822,False,False,0.9228399416165443
difficulty_level,2,hard,1.0,8,5,gap,5,0.13890801314270362,False,True,1.0
difficulty_level,2,hard,1.0,8,5,gap,6,0.2555877247681728,False,False,0.7689178311281382
difficulty_level,2,hard,1.0,8,5,gap,7,0.3218158238791169,True,False,0.7019431102087585
difficulty_level,2,hard,1.0,8,5,davies_bouldin,3,0.2294923921332931,False,False,0.673359290670383
difficulty_level,2,hard,1.0,8,5,davies_bouldin,4,0.24680641292711394,False,False,0.9228399416165443
difficulty_level,2,hard,1.0,8,5,davies_bouldin,5,0.2740978580956477,False,True,1.0
difficulty_level,2,hard,1.0,8,5,davies_bouldin,6,0.29539761774203144,False,False,0.7689178311281382
difficulty_level,2,hard,1.0,8,5,davies_bouldin,7,0.31040263913839744,True,False,0.7019431102087585
difficulty_level,2,hard,1.0,8,5,calinski_harabasz,3,96.8945507451273,False,False,0.673359290670383
difficulty_level,2,hard,1.0,8,5,calinski_harabasz,4,99.35806667276512,False,False,0.9228399416165443
difficulty_level,2,hard,1.0,8,5,calinski_harabasz,5,91.94141151594503,False,True,1.0
difficulty_level,2,hard,1.0,8,5,calinski_harabasz,6,122.11854772563096,False,False,0.7689178311281382
difficulty_level,2,hard,1.0,8,5,calinski_harabasz,7,127.91519163087096,True,False,0.7019431102087585
difficulty_level,2,hard,1.0,9,5,accuracy_generalizability,3,1.0,True,False,0.7910510158798805
difficulty_level,2,hard,1.0,9,5,accuracy_generalizability,4,0.8064619624399567,False,False,0.9450197748395863
difficulty_level,2,hard,1.0,9,5,accuracy_generalizability,5,0.6379985074238796,False,True,1.0
difficulty_level,2,hard,1.0,9,5,accuracy_generalizability,6,0.6396474617855603,False,False,0.8370259453311434
difficulty_level,2,hard,1.0,9,5,accuracy_generalizability,7,0.6962327809075757,False,False,0.6876087907217204
difficulty_level,2,hard,1.0,9,5,ari_average,3,0.9980013543581253,True,False,0.7910510158798805
difficulty_level,2,hard,1.0,9,5,ari_average,4,0.8898860385696821,False,False,0.9450197748395863
difficulty_level,2,hard,1.0,9,5,ari_average,5,0.8247095020716224,False,True,1.0
difficulty_level,2,hard,1.0,9,5,ari_average,6,0.7147678570935655,False,False,0.8370259453311434
difficulty_level,2,hard,1.0,9,5,ari_average,7,0.7338972829192766,False,False,0.6876087907217204
difficulty_level,2,hard,1.0,9,5,ari_average_1se,3,0.9980013543581253,True,False,0.7910510158798805
difficulty_level,2,hard,1.0,9,5,ari_average_1se,4,0.8898860385696821,False,False,0.9450197748395863
difficulty_level,2,hard,1.0,9,5,ari_average_1se,5,0.8247095020716224,False,True,1.0
difficulty_level,2,hard,1.0,9,5,ari_average_1se,6,0.7147678570935655,False,False,0.8370259453311434
difficulty_level,2,hard,1.0,9,5,ari_average_1se,7,0.7338972829192766,False,False,0.6876087907217204
difficulty_level,2,hard,1.0,9,5,ari_average_quant,3,0.9980013543581253,True,False,0.7910510158798805
difficulty_level,2,hard,1.0,9,5,ari_average_quant,4,0.8898860385696821,False,False,0.9450197748395863
difficulty_level,2,hard,1.0,9,5,ari_average_quant,5,0.8247095020716224,False,True,1.0
difficulty_level,2,hard,1.0,9,5,ari_average_quant,6,0.7147678570935655,False,False,0.8370259453311434
difficulty_level,2,hard,1.0,9,5,ari_average_quant,7,0.7338972829192766,False,False,0.6876087907217204
difficulty_level,2,hard,1.0,9,5,ari_generalizability,3,1.0,True,False,0.7910510158798805
difficulty_level,2,hard,1.0,9,5,ari_generalizability,4,0.8096402047553057,False,False,0.9450197748395863
difficulty_level,2,hard,1.0,9,5,ari_generalizability,5,0.6494190041432449,False,True,1.0
difficulty_level,2,hard,1.0,9,5,ari_generalizability,6,0.6077819272483405,False,False,0.8370259453311434
difficulty_level,2,hard,1.0,9,5,ari_generalizability,7,0.6527802082199327,False,False,0.6876087907217204
difficulty_level,2,hard,1.0,9,5,ari_generalizability_1se,3,1.0,True,False,0.7910510158798805
difficulty_level,2,hard,1.0,9,5,ari_generalizability_1se,4,0.8096402047553057,False,False,0.9450197748395863
difficulty_level,2,hard,1.0,9,5,ari_generalizability_1se,5,0.6494190041432449,False,True,1.0
difficulty_level,2,hard,1.0,9,5,ari_generalizability_1se,6,0.6077819272483405,False,False,0.8370259453311434
difficulty_level,2,hard,1.0,9,5,ari_generalizability_1se,7,0.6527802082199327,False,False,0.6876087907217204
difficulty_level,2,hard,1.0,9,5,ari_generalizability_quant,3,1.0,True,False,0.7910510158798805
difficulty_level,2,hard,1.0,9,5,ari_generalizability_quant,4,0.8096402047553057,False,False,0.9450197748395863
difficulty_level,2,hard,1.0,9,5,ari_generalizability_quant,5,0.6494190041432449,False,True,1.0
difficulty_level,2,hard,1.0,9,5,ari_generalizability_quant,6,0.6077819272483405,False,False,0.8370259453311434
difficulty_level,2,hard,1.0,9,5,ari_generalizability_quant,7,0.6527802082199327,False,False,0.6876087907217204
difficulty_level,2,hard,1.0,9,5,ari_stability,3,0.9960027087162509,False,False,0.7910510158798805
difficulty_level,2,hard,1.0,9,5,ari_stability,4,0.970131872384059,False,False,0.9450197748395863
difficulty_level,2,hard,1.0,9,5,ari_stability,5,1.0,True,True,1.0
difficulty_level,2,hard,1.0,9,5,ari_stability,6,0.8217537869387904,False,False,0.8370259453311434
difficulty_level,2,hard,1.0,9,5,ari_stability,7,0.8150143576186202,False,False,0.6876087907217204
difficulty_level,2,hard,1.0,9,5,ari_stability_1se,3,0.9960027087162509,False,False,0.7910510158798805
difficulty_level,2,hard,1.0,9,5,ari_stability_1se,4,0.970131872384059,False,False,0.9450197748395863
difficulty_level,2,hard,1.0,9,5,ari_stability_1se,5,1.0,True,True,1.0
difficulty_level,2,hard,1.0,9,5,ari_stability_1se,6,0.8217537869387904,False,False,0.8370259453311434
difficulty_level,2,hard,1.0,9,5,ari_stability_1se,7,0.8150143576186202,False,False,0.6876087907217204
difficulty_level,2,hard,1.0,9,5,ari_stability_quant,3,0.9960027087162509,False,False,0.7910510158798805
difficulty_level,2,hard,1.0,9,5,ari_stability_quant,4,0.970131872384059,False,False,0.9450197748395863
difficulty_level,2,hard,1.0,9,5,ari_stability_quant,5,1.0,True,True,1.0
difficulty_level,2,hard,1.0,9,5,ari_stability_quant,6,0.8217537869387904,False,False,0.8370259453311434
difficulty_level,2,hard,1.0,9,5,ari_stability_quant,7,0.8150143576186202,False,False,0.6876087907217204
difficulty_level,2,hard,1.0,9,5,consensus_ce_stability,3,0.9999999999586945,True,False,0.7910510158798805
difficulty_level,2,hard,1.0,9,5,consensus_ce_stability,4,0.9648072778212599,False,False,0.9450197748395863
difficulty_level,2,hard,1.0,9,5,consensus_ce_stability,5,0.9999999999586944,False,True,1.0
difficulty_level,2,hard,1.0,9,5,consensus_ce_stability,6,0.8753827715955391,False,False,0.8370259453311434
difficulty_level,2,hard,1.0,9,5,consensus_ce_stability,7,0.8948680898403539,False,False,0.6876087907217204
difficulty_level,2,hard,1.0,9,5,consensus_gini_stability,3,1.0,True,False,0.7910510158798805
difficulty_level,2,hard,1.0,9,5,consensus_gini_stability,4,0.969681975238376,False,False,0.9450197748395863
difficulty_level,2,hard,1.0,9,5,consensus_gini_stability,5,1.0,False,True,1.0
difficulty_level,2,hard,1.0,9,5,consensus_gini_stability,6,0.8830512344648602,False,False,0.8370259453311434
difficulty_level,2,hard,1.0,9,5,consensus_gini_stability,7,0.9075483137462358,False,False,0.6876087907217204
difficulty_level,2,hard,1.0,9,5,consensus_pac_stability,3,1.0,True,False,0.7910510158798805
difficulty_level,2,hard,1.0,9,5,consensus_pac_stability,4,0.9459773182121414,False,False,0.9450197748395863
difficulty_level,2,hard,1.0,9,5,consensus_pac_stability,5,1.0,False,True,1.0
difficulty_level,2,hard,1.0,9,5,consensus_pac_stability,6,0.8561681120747164,False,False,0.8370259453311434
difficulty_level,2,hard,1.0,9,5,consensus_pac_stability,7,0.8563895930620413,False,False,0.6876087907217204
difficulty_level,2,hard,1.0,9,5,silhouette,3,0.10806844357865597,False,False,0.7910510158798805
difficulty_level,2,hard,1.0,9,5,silhouette,4,0.113251393832541,False,False,0.9450197748395863
difficulty_level,2,hard,1.0,9,5,silhouette,5,0.12573843288518086,False,True,1.0
difficulty_level,2,hard,1.0,9,5,silhouette,6,0.22156345209676181,False,False,0.6341099010803449
difficulty_level,2,hard,1.0,9,5,silhouette,7,0.24748112848825327,True,False,0.5662931491568372
difficulty_level,2,hard,1.0,9,5,gap,3,0.07069601221498445,False,False,0.7910510158798805
difficulty_level,2,hard,1.0,9,5,gap,4,0.0946240675160972,False,False,0.9450197748395863
difficulty_level,2,hard,1.0,9,5,gap,5,0.12670355213486495,False,True,1.0
difficulty_level,2,hard,1.0,9,5,gap,6,0.335802796936834,False,False,0.6341099010803449
difficulty_level,2,hard,1.0,9,5,gap,7,0.42604240779010105,True,False,0.5662931491568372
difficulty_level,2,hard,1.0,9,5,davies_bouldin,3,0.2245955966949048,False,False,0.7910510158798805
difficulty_level,2,hard,1.0,9,5,davies_bouldin,4,0.2391114322045079,False,False,0.9450197748395863
difficulty_level,2,hard,1.0,9,5,davies_bouldin,5,0.2627433508533257,False,True,1.0
difficulty_level,2,hard,1.0,9,5,davies_bouldin,6,0.2854462350593031,False,False,0.6341099010803449
difficulty_level,2,hard,1.0,9,5,davies_bouldin,7,0.30786992157751386,True,False,0.5662931491568372
difficulty_level,2,hard,1.0,9,5,calinski_harabasz,3,93.32116527120456,False,False,0.7910510158798805
difficulty_level,2,hard,1.0,9,5,calinski_harabasz,4,80.57470265625494,False,False,0.9450197748395863
difficulty_level,2,hard,1.0,9,5,calinski_harabasz,5,77.58521004541488,False,True,1.0
difficulty_level,2,hard,1.0,9,5,calinski_harabasz,6,148.67877432255975,False,False,0.6341099010803449
difficulty_level,2,hard,1.0,9,5,calinski_harabasz,7,161.28732328583675,True,False,0.5662931491568372
difficulty_level,2,hard,1.0,10,5,accuracy_generalizability,3,0.8533071588833189,False,False,0.6494881529108012
difficulty_level,2,hard,1.0,10,5,accuracy_generalizability,4,1.0,True,False,0.9359903822593421
difficulty_level,2,hard,1.0,10,5,accuracy_generalizability,5,0.7778111302188442,False,True,1.0
difficulty_level,2,hard,1.0,10,5,accuracy_generalizability,6,0.7196876987670715,False,False,0.8660089466948474
difficulty_level,2,hard,1.0,10,5,accuracy_generalizability,7,0.7681486838230247,False,False,0.7337906453384959
difficulty_level,2,hard,1.0,10,5,ari_average,3,0.674717617991847,False,False,0.6494881529108012
difficulty_level,2,hard,1.0,10,5,ari_average,4,1.0,True,False,0.9359903822593421
difficulty_level,2,hard,1.0,10,5,ari_average,5,0.9073881718936065,False,True,1.0
difficulty_level,2,hard,1.0,10,5,ari_average,6,0.7904191080337174,False,False,0.8660089466948474
difficulty_level,2,hard,1.0,10,5,ari_average,7,0.8235958652395837,False,False,0.7337906453384959
difficulty_level,2,hard,1.0,10,5,ari_average_1se,3,0.674717617991847,False,False,0.6494881529108012
difficulty_level,2,hard,1.0,10,5,ari_average_1se,4,1.0,True,False,0.9359903822593421
difficulty_level,2,hard,1.0,10,5,ari_average_1se,5,0.9073881718936065,False,True,1.0
difficulty_level,2,hard,1.0,10,5,ari_average_1se,6,0.7904191080337174,False,False,0.8660089466948474
difficulty_level,2,hard,1.0,10,5,ari_average_1se,7,0.8235958652395837,False,False,0.7337906453384959
difficulty_level,2,hard,1.0,10,5,ari_average_quant,3,0.674717617991847,False,False,0.6494881529108012
difficulty_level,2,hard,1.0,10,5,ari_average_quant,4,1.0,True,False,0.9359903822593421
difficulty_level,2,hard,1.0,10,5,ari_average_quant,5,0.9073881718936065,False,True,1.0
difficulty_level,2,hard,1.0,10,5,ari_average_quant,6,0.7904191080337174,False,False,0.8660089466948474
difficulty_level,2,hard,1.0,10,5,ari_average_quant,7,0.8235958652395837,False,False,0.7337906453384959
difficulty_level,2,hard,1.0,10,5,ari_generalizability,3,0.6744193170381082,False,False,0.6494881529108012
difficulty_level,2,hard,1.0,10,5,ari_generalizability,4,1.0,True,False,0.9359903822593421
difficulty_level,2,hard,1.0,10,5,ari_generalizability,5,0.8164776823879426,False,True,1.0
difficulty_level,2,hard,1.0,10,5,ari_generalizability,6,0.720859892223596,False,False,0.8660089466948474
difficulty_level,2,hard,1.0,10,5,ari_generalizability,7,0.750712412733203,False,False,0.7337906453384959
difficulty_level,2,hard,1.0,10,5,ari_generalizability_1se,3,0.6744193170381082,False,False,0.6494881529108012
difficulty_level,2,hard,1.0,10,5,ari_generalizability_1se,4,1.0,True,False,0.9359903822593421
difficulty_level,2,hard,1.0,10,5,ari_generalizability_1se,5,0.8164776823879426,False,True,1.0
difficulty_level,2,hard,1.0,10,5,ari_generalizability_1se,6,0.720859892223596,False,False,0.8660089466948474
difficulty_level,2,hard,1.0,10,5,ari_generalizability_1se,7,0.750712412733203,False,False,0.7337906453384959
difficulty_level,2,hard,1.0,10,5,ari_generalizability_quant,3,0.6744193170381082,False,False,0.6494881529108012
difficulty_level,2,hard,1.0,10,5,ari_generalizability_quant,4,1.0,True,False,0.9359903822593421
difficulty_level,2,hard,1.0,10,5,ari_generalizability_quant,5,0.8164776823879426,False,True,1.0
difficulty_level,2,hard,1.0,10,5,ari_generalizability_quant,6,0.720859892223596,False,False,0.8660089466948474
difficulty_level,2,hard,1.0,10,5,ari_generalizability_quant,7,0.750712412733203,False,False,0.7337906453384959
difficulty_level,2,hard,1.0,10,5,ari_stability,3,0.6750159189455861,False,False,0.6494881529108012
difficulty_level,2,hard,1.0,10,5,ari_stability,4,1.0,True,False,0.9359903822593421
difficulty_level,2,hard,1.0,10,5,ari_stability,5,0.9982986613992701,False,True,1.0
difficulty_level,2,hard,1.0,10,5,ari_stability,6,0.8599783238438389,False,False,0.8660089466948474
difficulty_level,2,hard,1.0,10,5,ari_stability,7,0.8964793177459645,False,False,0.7337906453384959
difficulty_level,2,hard,1.0,10,5,ari_stability_1se,3,0.6750159189455861,False,False,0.6494881529108012
difficulty_level,2,hard,1.0,10,5,ari_stability_1se,4,1.0,True,False,0.9359903822593421
difficulty_level,2,hard,1.0,10,5,ari_stability_1se,5,0.9982986613992701,False,True,1.0
difficulty_level,2,hard,1.0,10,5,ari_stability_1se,6,0.8599783238438389,False,False,0.8660089466948474
difficulty_level,2,hard,1.0,10,5,ari_stability_1se,7,0.8964793177459645,False,False,0.7337906453384959
difficulty_level,2,hard,1.0,10,5,ari_stability_quant,3,0.6750159189455861,False,False,0.6494881529108012
difficulty_level,2,hard,1.0,10,5,ari_stability_quant,4,1.0,True,False,0.9359903822593421
difficulty_level,2,hard,1.0,10,5,ari_stability_quant,5,0.9982986613992701,False,True,1.0
difficulty_level,2,hard,1.0,10,5,ari_stability_quant,6,0.8599783238438389,False,False,0.8660089466948474
difficulty_level,2,hard,1.0,10,5,ari_stability_quant,7,0.8964793177459645,False,False,0.7337906453384959
difficulty_level,2,hard,1.0,10,5,consensus_ce_stability,3,0.7155094461015085,False,False,0.6494881529108012
difficulty_level,2,hard,1.0,10,5,consensus_ce_stability,4,0.9999999999586944,True,False,0.9359903822593421
difficulty_level,2,hard,1.0,10,5,consensus_ce_stability,5,0.9999999999586944,False,True,1.0
difficulty_level,2,hard,1.0,10,5,consensus_ce_stability,6,0.9076211153810403,False,False,0.8660089466948474
difficulty_level,2,hard,1.0,10,5,consensus_ce_stability,7,0.9392624368888627,False,False,0.7337906453384959
difficulty_level,2,hard,1.0,10,5,consensus_gini_stability,3,0.7296735902114184,False,False,0.6494881529108012
difficulty_level,2,hard,1.0,10,5,consensus_gini_stability,4,1.0,True,False,0.9359903822593421
difficulty_level,2,hard,1.0,10,5,consensus_gini_stability,5,1.0,False,True,1.0
difficulty_level,2,hard,1.0,10,5,consensus_gini_stability,6,0.9138113841909793,False,False,0.8660089466948474
difficulty_level,2,hard,1.0,10,5,consensus_gini_stability,7,0.9469948249783768,False,False,0.7337906453384959
difficulty_level,2,hard,1.0,10,5,consensus_pac_stability,3,0.6609063820324661,False,False,0.6494881529108012
difficulty_level,2,hard,1.0,10,5,consensus_pac_stability,4,1.0,True,False,0.9359903822593421
difficulty_level,2,hard,1.0,10,5,consensus_pac_stability,5,1.0,False,True,1.0
difficulty_level,2,hard,1.0,10,5,consensus_pac_stability,6,0.889330664887703,False,False,0.8660089466948474
difficulty_level,2,hard,1.0,10,5,consensus_pac_stability,7,0.9224336224149433,False,False,0.7337906453384959
difficulty_level,2,hard,1.0,10,5,silhouette,3,0.11574649623314018,False,False,0.6794186229280397
difficulty_level,2,hard,1.0,10,5,silhouette,4,0.13661815392742255,False,False,0.9359903822593421
difficulty_level,2,hard,1.0,10,5,silhouette,5,0.15442378229265338,False,True,1.0
difficulty_level,2,hard,1.0,10,5,silhouette,6,0.186849493812709,False,False,0.8855796133641438
difficulty_level,2,hard,1.0,10,5,silhouette,7,0.23350398739373987,True,False,0.7369986013279276
difficulty_level,2,hard,1.0,10,5,gap,3,0.19229813590607314,False,False,0.6794186229280397
difficulty_level,2,hard,1.0,10,5,gap,4,0.2467941172772541,False,False,0.9359903822593421
difficulty_level,2,hard,1.0,10,5,gap,5,0.2882200991712196,False,True,1.0
difficulty_level,2,hard,1.0,10,5,gap,6,0.3768124123081602,False,False,0.8855796133641438
difficulty_level,2,hard,1.0,10,5,gap,7,0.4797680098397059,True,False,0.7369986013279276
difficulty_level,2,hard,1.0,10,5,davies_bouldin,3,0.2324195876666588,False,False,0.6794186229280397
difficulty_level,2,hard,1.0,10,5,davies_bouldin,4,0.2562417277925869,False,False,0.9359903822593421
difficulty_level,2,hard,1.0,10,5,davies_bouldin,5,0.2851479142728932,False,True,1.0
difficulty_level,2,hard,1.0,10,5,davies_bouldin,6,0.3103328138342813,False,False,0.8855796133641438
difficulty_level,2,hard,1.0,10,5,davies_bouldin,7,0.3261281323182589,True,False,0.7369986013279276
difficulty_level,2,hard,1.0,10,5,calinski_harabasz,3,109.358045383217,False,False,0.6794186229280397
difficulty_level,2,hard,1.0,10,5,calinski_harabasz,4,110.171049178081,False,False,0.9359903822593421
difficulty_level,2,hard,1.0,10,5,calinski_harabasz,5,105.10243092789308,False,True,1.0
difficulty_level,2,hard,1.0,10,5,calinski_harabasz,6,121.97484394681243,False,False,0.8855796133641438
difficulty_level,2,hard,1.0,10,5,calinski_harabasz,7,141.83760533866985,True,False,0.7369986013279276
difficulty_level,2,hard,0.5946218746184028,11,5,accuracy_generalizability,3,0.6447379473083799,False,False,0.8481414170512286
difficulty_level,2,hard,0.5946218746184028,11,5,accuracy_generalizability,4,0.4545448790797569,False,False,0.9487685792870897
difficulty_level,2,hard,0.5946218746184028,11,5,accuracy_generalizability,5,0.4425859986398862,False,True,1.0
difficulty_level,2,hard,0.5946218746184028,11,5,accuracy_generalizability,6,0.648091259058969,False,False,0.6423291046309513
difficulty_level,2,hard,0.5946218746184028,11,5,accuracy_generalizability,7,0.7094850833286266,True,False,0.5044361635826804
difficulty_level,2,hard,0.5946218746184028,11,5,ari_average,3,0.7356514502277668,True,False,0.8481414170512286
difficulty_level,2,hard,0.5946218746184028,11,5,ari_average,4,0.6285103333256594,False,False,0.9487685792870897
difficulty_level,2,hard,0.5946218746184028,11,5,ari_average,5,0.6749525854213019,False,True,1.0
difficulty_level,2,hard,0.5946218746184028,11,5,ari_average,6,0.7269875051901942,False,False,0.6423291046309513
difficulty_level,2,hard,0.5946218746184028,11,5,ari_average,7,0.6870639145072278,False,False,0.5044361635826804
difficulty_level,2,hard,0.5946218746184028,11,5,ari_average_1se,3,0.7356514502277668,True,False,0.8481414170512286
difficulty_level,2,hard,0.5946218746184028,11,5,ari_average_1se,4,0.6285103333256594,False,False,0.9487685792870897
difficulty_level,2,hard,0.5946218746184028,11,5,ari_average_1se,5,0.6749525854213019,False,True,1.0
difficulty_level,2,hard,0.5946218746184028,11,5,ari_average_1se,6,0.7269875051901942,False,False,0.6423291046309513
difficulty_level,2,hard,0.5946218746184028,11,5,ari_average_1se,7,0.6870639145072278,False,False,0.5044361635826804
difficulty_level,2,hard,0.5946218746184028,11,5,ari_average_quant,3,0.7356514502277668,False,False,0.8481414170512286
difficulty_level,2,hard,0.5946218746184028,11,5,ari_average_quant,4,0.6285103333256594,False,False,0.9487685792870897
difficulty_level,2,hard,0.5946218746184028,11,5,ari_average_quant,5,0.6749525854213019,False,True,1.0
difficulty_level,2,hard,0.5946218746184028,11,5,ari_average_quant,6,0.7269875051901942,False,False,0.6423291046309513
difficulty_level,2,hard,0.5946218746184028,11,5,ari_average_quant,7,0.6870639145072278,True,False,0.5044361635826804
difficulty_level,2,hard,0.5946218746184028,11,5,ari_generalizability,3,0.5557163638617096,False,False,0.8481414170512286
difficulty_level,2,hard,0.5946218746184028,11,5,ari_generalizability,4,0.323336317852347,False,False,0.9487685792870897
difficulty_level,2,hard,0.5946218746184028,11,5,ari_generalizability,5,0.3499051708426039,False,True,1.0
difficulty_level,2,hard,0.5946218746184028,11,5,ari_generalizability,6,0.5780053301505225,False,False,0.6423291046309513
difficulty_level,2,hard,0.5946218746184028,11,5,ari_generalizability,7,0.6351805387998415,True,False,0.5044361635826804
difficulty_level,2,hard,0.5946218746184028,11,5,ari_generalizability_1se,3,0.5557163638617096,False,False,0.8481414170512286
difficulty_level,2,hard,0.5946218746184028,11,5,ari_generalizability_1se,4,0.323336317852347,False,False,0.9487685792870897
difficulty_level,2,hard,0.5946218746184028,11,5,ari_generalizability_1se,5,0.3499051708426039,False,True,1.0
difficulty_level,2,hard,0.5946218746184028,11,5,ari_generalizability_1se,6,0.5780053301505225,False,False,0.6423291046309513
difficulty_level,2,hard,0.5946218746184028,11,5,ari_generalizability_1se,7,0.6351805387998415,True,False,0.5044361635826804
difficulty_level,2,hard,0.5946218746184028,11,5,ari_generalizability_quant,3,0.5557163638617096,False,False,0.8481414170512286
difficulty_level,2,hard,0.5946218746184028,11,5,ari_generalizability_quant,4,0.323336317852347,False,False,0.9487685792870897
difficulty_level,2,hard,0.5946218746184028,11,5,ari_generalizability_quant,5,0.3499051708426039,False,True,1.0
difficulty_level,2,hard,0.5946218746184028,11,5,ari_generalizability_quant,6,0.5780053301505225,False,False,0.6423291046309513
difficulty_level,2,hard,0.5946218746184028,11,5,ari_generalizability_quant,7,0.6351805387998415,True,False,0.5044361635826804
difficulty_level,2,hard,0.5946218746184028,11,5,ari_stability,3,0.9155865365938238,False,False,0.8481414170512286
difficulty_level,2,hard,0.5946218746184028,11,5,ari_stability,4,0.9336843487989716,False,False,0.9487685792870897
difficulty_level,2,hard,0.5946218746184028,11,5,ari_stability,5,1.0,True,True,1.0
difficulty_level,2,hard,0.5946218746184028,11,5,ari_stability,6,0.8759696802298658,False,False,0.6423291046309513
difficulty_level,2,hard,0.5946218746184028,11,5,ari_stability,7,0.7389472902146142,False,False,0.5044361635826804
difficulty_level,2,hard,0.5946218746184028,11,5,ari_stability_1se,3,0.9155865365938238,False,False,0.8481414170512286
difficulty_level,2,hard,0.5946218746184028,11,5,ari_stability_1se,4,0.9336843487989716,False,False,0.9487685792870897
difficulty_level,2,hard,0.5946218746184028,11,5,ari_stability_1se,5,1.0,True,True,1.0
difficulty_level,2,hard,0.5946218746184028,11,5,ari_stability_1se,6,0.8759696802298658,False,False,0.6423291046309513
difficulty_level,2,hard,0.5946218746184028,11,5,ari_stability_1se,7,0.7389472902146142,False,False,0.5044361635826804
difficulty_level,2,hard,0.5946218746184028,11,5,ari_stability_quant,3,0.9155865365938238,False,False,0.8481414170512286
difficulty_level,2,hard,0.5946218746184028,11,5,ari_stability_quant,4,0.9336843487989716,False,False,0.9487685792870897
difficulty_level,2,hard,0.5946218746184028,11,5,ari_stability_quant,5,1.0,True,True,1.0
difficulty_level,2,hard,0.5946218746184028,11,5,ari_stability_quant,6,0.8759696802298658,False,False,0.6423291046309513
difficulty_level,2,hard,0.5946218746184028,11,5,ari_stability_quant,7,0.7389472902146142,False,False,0.5044361635826804
difficulty_level,2,hard,0.5946218746184028,11,5,consensus_ce_stability,3,0.8987509493380248,False,False,0.8481414170512286
difficulty_level,2,hard,0.5946218746184028,11,5,consensus_ce_stability,4,0.9362355202531416,False,False,0.9487685792870897
difficulty_level,2,hard,0.5946218746184028,11,5,consensus_ce_stability,5,0.9999999999586944,True,True,1.0
difficulty_level,2,hard,0.5946218746184028,11,5,consensus_ce_stability,6,0.9077334065743695,False,False,0.6423291046309513
difficulty_level,2,hard,0.5946218746184028,11,5,consensus_ce_stability,7,0.8648973392356306,False,False,0.5044361635826804
difficulty_level,2,hard,0.5946218746184028,11,5,consensus_gini_stability,3,0.9122948700785287,False,False,0.8481414170512286
difficulty_level,2,hard,0.5946218746184028,11,5,consensus_gini_stability,4,0.9432742994992526,False,False,0.9487685792870897
difficulty_level,2,hard,0.5946218746184028,11,5,consensus_gini_stability,5,1.0,True,True,1.0
difficulty_level,2,hard,0.5946218746184028,11,5,consensus_gini_stability,6,0.919493320684452,False,False,0.6423291046309513
difficulty_level,2,hard,0.5946218746184028,11,5,consensus_gini_stability,7,0.876443289427003,False,False,0.5044361635826804
difficulty_level,2,hard,0.5946218746184028,11,5,consensus_pac_stability,3,0.8444038247720702,False,False,0.8481414170512286
difficulty_level,2,hard,0.5946218746184028,11,5,consensus_pac_stability,4,0.9183055370246831,False,False,0.9487685792870897
difficulty_level,2,hard,0.5946218746184028,11,5,consensus_pac_stability,5,1.0,True,True,1.0
difficulty_level,2,hard,0.5946218746184028,11,5,consensus_pac_stability,6,0.8855814987769625,False,False,0.6423291046309513
difficulty_level,2,hard,0.5946218746184028,11,5,consensus_pac_stability,7,0.8346675561485435,False,False,0.5044361635826804
difficulty_level,2,hard,0.5946218746184028,11,5,silhouette,3,0.14344705085033405,False,False,0.8481414170512286
difficulty_level,2,hard,0.5946218746184028,11,5,silhouette,4,0.146008022576137,False,False,0.9513484705200423
difficulty_level,2,hard,0.5946218746184028,11,5,silhouette,5,0.22613001077470585,False,True,0.5946218746184028
difficulty_level,2,hard,0.5946218746184028,11,5,silhouette,6,0.20945616841308876,False,False,0.6421218154836622
difficulty_level,2,hard,0.5946218746184028,11,5,silhouette,7,0.2792144986125796,True,False,0.504420374227931
difficulty_level,2,hard,0.5946218746184028,11,5,gap,3,0.038349653348953794,False,False,0.8481414170512286
difficulty_level,2,hard,0.5946218746184028,11,5,gap,4,0.060883405991353,False,False,0.9513484705200423
difficulty_level,2,hard,0.5946218746184028,11,5,gap,5,0.24561683715448446,False,True,0.5946218746184028
difficulty_level,2,hard,0.5946218746184028,11,5,gap,6,0.2229881285906039,False,False,0.6421218154836622
difficulty_level,2,hard,0.5946218746184028,11,5,gap,7,0.42336389600644786,True,False,0.504420374227931
difficulty_level,2,hard,0.5946218746184028,11,5,davies_bouldin,3,0.24060344789640747,False,False,0.8481414170512286
difficulty_level,2,hard,0.5946218746184028,11,5,davies_bouldin,4,0.24415805336059593,False,False,0.9513484705200423
difficulty_level,2,hard,0.5946218746184028,11,5,davies_bouldin,5,0.2704657475321183,False,True,0.5946218746184028
difficulty_level,2,hard,0.5946218746184028,11,5,davies_bouldin,6,0.28253923812837833,False,False,0.6421218154836622
difficulty_level,2,hard,0.5946218746184028,11,5,davies_bouldin,7,0.30792662145407973,True,False,0.504420374227931
difficulty_level,2,hard,0.5946218746184028,11,5,calinski_harabasz,3,109.15606350759425,False,False,0.8481414170512286
difficulty_level,2,hard,0.5946218746184028,11,5,calinski_harabasz,4,90.55134989353232,False,False,0.9513484705200423
difficulty_level,2,hard,0.5946218746184028,11,5,calinski_harabasz,5,161.20732911317597,False,True,0.5946218746184028
difficulty_level,2,hard,0.5946218746184028,11,5,calinski_harabasz,6,121.87558684379573,False,False,0.6421218154836622
difficulty_level,2,hard,0.5946218746184028,11,5,calinski_harabasz,7,181.45667350234118,True,False,0.504420374227931
difficulty_level,2,hard,0.7337024238529727,12,5,accuracy_generalizability,3,1.0,True,False,0.7818774496552062
difficulty_level,2,hard,0.7337024238529727,12,5,accuracy_generalizability,4,0.8495532528110901,False,False,0.9272332212186338
difficulty_level,2,hard,0.7337024238529727,12,5,accuracy_generalizability,5,0.7172897754269721,False,True,1.0
difficulty_level,2,hard,0.7337024238529727,12,5,accuracy_generalizability,6,0.7569453156622973,False,False,0.8005347363033392
difficulty_level,2,hard,0.7337024238529727,12,5,accuracy_generalizability,7,0.7428772988362198,False,False,0.6897231711619626
difficulty_level,2,hard,0.7337024238529727,12,5,ari_average,3,1.0,True,False,0.7818774496552062
difficulty_level,2,hard,0.7337024238529727,12,5,ari_average,4,0.8747872144181029,False,False,0.9272332212186338
difficulty_level,2,hard,0.7337024238529727,12,5,ari_average,5,0.8622711000018616,False,True,1.0
difficulty_level,2,hard,0.7337024238529727,12,5,ari_average,6,0.8197138920426759,False,False,0.8005347363033392
difficulty_level,2,hard,0.7337024238529727,12,5,ari_average,7,0.7548523239610706,False,False,0.6897231711619626
difficulty_level,2,hard,0.7337024238529727,12,5,ari_average_1se,3,1.0,True,False,0.7818774496552062
difficulty_level,2,hard,0.7337024238529727,12,5,ari_average_1se,4,0.8747872144181029,False,False,0.9272332212186338
difficulty_level,2,hard,0.7337024238529727,12,5,ari_average_1se,5,0.8622711000018616,False,True,1.0
difficulty_level,2,hard,0.7337024238529727,12,5,ari_average_1se,6,0.8197138920426759,False,False,0.8005347363033392
difficulty_level,2,hard,0.7337024238529727,12,5,ari_average_1se,7,0.7548523239610706,False,False,0.6897231711619626
difficulty_level,2,hard,0.7337024238529727,12,5,ari_average_quant,3,1.0,True,False,0.7818774496552062
difficulty_level,2,hard,0.7337024238529727,12,5,ari_average_quant,4,0.8747872144181029,False,False,0.9272332212186338
difficulty_level,2,hard,0.7337024238529727,12,5,ari_average_quant,5,0.8622711000018616,False,True,1.0
difficulty_level,2,hard,0.7337024238529727,12,5,ari_average_quant,6,0.8197138920426759,False,False,0.8005347363033392
difficulty_level,2,hard,0.7337024238529727,12,5,ari_average_quant,7,0.7548523239610706,False,False,0.6897231711619626
difficulty_level,2,hard,0.7337024238529727,12,5,ari_generalizability,3,1.0,True,False,0.7818774496552062
difficulty_level,2,hard,0.7337024238529727,12,5,ari_generalizability,4,0.8252766185857208,False,False,0.9272332212186338
difficulty_level,2,hard,0.7337024238529727,12,5,ari_generalizability,5,0.7245422000037227,False,True,1.0
difficulty_level,2,hard,0.7337024238529727,12,5,ari_generalizability,6,0.7361906558592449,False,False,0.8005347363033392
difficulty_level,2,hard,0.7337024238529727,12,5,ari_generalizability,7,0.6981280878367742,False,False,0.6897231711619626
difficulty_level,2,hard,0.7337024238529727,12,5,ari_generalizability_1se,3,1.0,True,False,0.7818774496552062
difficulty_level,2,hard,0.7337024238529727,12,5,ari_generalizability_1se,4,0.8252766185857208,False,False,0.9272332212186338
difficulty_level,2,hard,0.7337024238529727,12,5,ari_generalizability_1se,5,0.7245422000037227,False,True,1.0
difficulty_level,2,hard,0.7337024238529727,12,5,ari_generalizability_1se,6,0.7361906558592449,False,False,0.8005347363033392
difficulty_level,2,hard,0.7337024238529727,12,5,ari_generalizability_1se,7,0.6981280878367742,False,False,0.6897231711619626
difficulty_level,2,hard,0.7337024238529727,12,5,ari_generalizability_quant,3,1.0,True,False,0.7818774496552062
difficulty_level,2,hard,0.7337024238529727,12,5,ari_generalizability_quant,4,0.8252766185857208,False,False,0.9272332212186338
difficulty_level,2,hard,0.7337024238529727,12,5,ari_generalizability_quant,5,0.7245422000037227,False,True,1.0
difficulty_level,2,hard,0.7337024238529727,12,5,ari_generalizability_quant,6,0.7361906558592449,False,False,0.8005347363033392
difficulty_level,2,hard,0.7337024238529727,12,5,ari_generalizability_quant,7,0.6981280878367742,False,False,0.6897231711619626
difficulty_level,2,hard,0.7337024238529727,12,5,ari_stability,3,1.0,True,False,0.7818774496552062
difficulty_level,2,hard,0.7337024238529727,12,5,ari_stability,4,0.9242978102504851,False,False,0.9272332212186338
difficulty_level,2,hard,0.7337024238529727,12,5,ari_stability,5,1.0,False,True,1.0
difficulty_level,2,hard,0.7337024238529727,12,5,ari_stability,6,0.9032371282261066,False,False,0.8005347363033392
difficulty_level,2,hard,0.7337024238529727,12,5,ari_stability,7,0.811576560085367,False,False,0.6897231711619626
difficulty_level,2,hard,0.7337024238529727,12,5,ari_stability_1se,3,1.0,False,False,0.7818774496552062
difficulty_level,2,hard,0.7337024238529727,12,5,ari_stability_1se,4,0.9242978102504851,False,False,0.9272332212186338
difficulty_level,2,hard,0.7337024238529727,12,5,ari_stability_1se,5,1.0,True,True,1.0
difficulty_level,2,hard,0.7337024238529727,12,5,ari_stability_1se,6,0.9032371282261066,False,False,0.8005347363033392
difficulty_level,2,hard,0.7337024238529727,12,5,ari_stability_1se,7,0.811576560085367,False,False,0.6897231711619626
difficulty_level,2,hard,0.7337024238529727,12,5,ari_stability_quant,3,1.0,False,False,0.7818774496552062
difficulty_level,2,hard,0.7337024238529727,12,5,ari_stability_quant,4,0.9242978102504851,False,False,0.9272332212186338
difficulty_level,2,hard,0.7337024238529727,12,5,ari_stability_quant,5,1.0,True,True,1.0
difficulty_level,2,hard,0.7337024238529727,12,5,ari_stability_quant,6,0.9032371282261066,False,False,0.8005347363033392
difficulty_level,2,hard,0.7337024238529727,12,5,ari_stability_quant,7,0.811576560085367,False,False,0.6897231711619626
difficulty_level,2,hard,0.7337024238529727,12,5,consensus_ce_stability,3,0.9999999999586944,True,False,0.7818774496552062
difficulty_level,2,hard,0.7337024238529727,12,5,consensus_ce_stability,4,0.9469980565348532,False,False,0.9272332212186338
difficulty_level,2,hard,0.7337024238529727,12,5,consensus_ce_stability,5,0.9999999999586944,False,True,1.0
difficulty_level,2,hard,0.7337024238529727,12,5,consensus_ce_stability,6,0.9271952262237433,False,False,0.8005347363033392
difficulty_level,2,hard,0.7337024238529727,12,5,consensus_ce_stability,7,0.89709177656091,False,False,0.6897231711619626
difficulty_level,2,hard,0.7337024238529727,12,5,consensus_gini_stability,3,1.0,True,False,0.7818774496552062
difficulty_level,2,hard,0.7337024238529727,12,5,consensus_gini_stability,4,0.9475691267050482,False,False,0.9272332212186338
difficulty_level,2,hard,0.7337024238529727,12,5,consensus_gini_stability,5,1.0,False,True,1.0
difficulty_level,2,hard,0.7337024238529727,12,5,consensus_gini_stability,6,0.9395767036516649,False,False,0.8005347363033392
difficulty_level,2,hard,0.7337024238529727,12,5,consensus_gini_stability,7,0.9061635881234815,False,False,0.6897231711619626
difficulty_level,2,hard,0.7337024238529727,12,5,consensus_pac_stability,3,1.0,True,False,0.7818774496552062
difficulty_level,2,hard,0.7337024238529727,12,5,consensus_pac_stability,4,0.9454302868579053,False,False,0.9272332212186338
difficulty_level,2,hard,0.7337024238529727,12,5,consensus_pac_stability,5,1.0,False,True,1.0
difficulty_level,2,hard,0.7337024238529727,12,5,consensus_pac_stability,6,0.889832332666222,False,False,0.8005347363033392
difficulty_level,2,hard,0.7337024238529727,12,5,consensus_pac_stability,7,0.8723068712474984,False,False,0.6897231711619626
difficulty_level,2,hard,0.7337024238529727,12,5,silhouette,3,0.1182101904319438,False,False,0.7818774496552062
difficulty_level,2,hard,0.7337024238529727,12,5,silhouette,4,0.12421702727946843,False,False,0.9322069783617158
difficulty_level,2,hard,0.7337024238529727,12,5,silhouette,5,0.173730552018057,False,True,0.7337024238529727
difficulty_level,2,hard,0.7337024238529727,12,5,silhouette,6,0.22119165004139413,False,False,0.6211197359586837
difficulty_level,2,hard,0.7337024238529727,12,5,silhouette,7,0.22630731687242436,True,False,0.6912471152301979
difficulty_level,2,hard,0.7337024238529727,12,5,gap,3,0.06093396215329072,False,False,0.7818774496552062
difficulty_level,2,hard,0.7337024238529727,12,5,gap,4,0.092213183448564,False,False,0.9322069783617158
difficulty_level,2,hard,0.7337024238529727,12,5,gap,5,0.20206948260304003,False,True,0.7337024238529727
difficulty_level,2,hard,0.7337024238529727,12,5,gap,6,0.32694199752221387,False,False,0.6211197359586837
difficulty_level,2,hard,0.7337024238529727,12,5,gap,7,0.33490629353019585,True,False,0.6912471152301979
difficulty_level,2,hard,0.7337024238529727,12,5,davies_bouldin,3,0.22598453444940955,False,False,0.7818774496552062
difficulty_level,2,hard,0.7337024238529727,12,5,davies_bouldin,4,0.22683747098859014,False,False,0.9322069783617158
difficulty_level,2,hard,0.7337024238529727,12,5,davies_bouldin,5,0.2540612883085178,False,True,0.7337024238529727
difficulty_level,2,hard,0.7337024238529727,12,5,davies_bouldin,6,0.2882000973313831,False,False,0.6211197359586837
difficulty_level,2,hard,0.7337024238529727,12,5,davies_bouldin,7,0.30177303751614026,True,False,0.6912471152301979
difficulty_level,2,hard,0.7337024238529727,12,5,calinski_harabasz,3,112.17965437368237,False,False,0.7818774496552062
difficulty_level,2,hard,0.7337024238529727,12,5,calinski_harabasz,4,97.80450022237218,False,False,0.9322069783617158
difficulty_level,2,hard,0.7337024238529727,12,5,calinski_harabasz,5,128.59765022775912,False,True,0.7337024238529727
difficulty_level,2,hard,0.7337024238529727,12,5,calinski_harabasz,6,159.07445098991968,True,False,0.6211197359586837
difficulty_level,2,hard,0.7337024238529727,12,5,calinski_harabasz,7,137.51350524254616,False,False,0.6912471152301979
difficulty_level,2,hard,1.0,13,5,accuracy_generalizability,3,0.8413524839902623,True,False,0.7931054474846994
difficulty_level,2,hard,1.0,13,5,accuracy_generalizability,4,0.6755519442200657,False,False,0.9435253749799808
difficulty_level,2,hard,1.0,13,5,accuracy_generalizability,5,0.5636040537401708,False,True,1.0
difficulty_level,2,hard,1.0,13,5,accuracy_generalizability,6,0.7359989361242785,False,False,0.7164132298451419
difficulty_level,2,hard,1.0,13,5,accuracy_generalizability,7,0.8055152539689033,False,False,0.6052610494741918
difficulty_level,2,hard,1.0,13,5,ari_average,3,0.8367993404309949,True,False,0.7931054474846994
difficulty_level,2,hard,1.0,13,5,ari_average,4,0.8129756979068702,False,False,0.9435253749799808
difficulty_level,2,hard,1.0,13,5,ari_average,5,0.7483981703918388,False,True,1.0
difficulty_level,2,hard,1.0,13,5,ari_average,6,0.7821900174654145,False,False,0.7164132298451419
difficulty_level,2,hard,1.0,13,5,ari_average,7,0.8275999076845761,False,False,0.6052610494741918
difficulty_level,2,hard,1.0,13,5,ari_average_1se,3,0.8367993404309949,False,False,0.7931054474846994
difficulty_level,2,hard,1.0,13,5,ari_average_1se,4,0.8129756979068702,False,False,0.9435253749799808
difficulty_level,2,hard,1.0,13,5,ari_average_1se,5,0.7483981703918388,False,True,1.0
difficulty_level,2,hard,1.0,13,5,ari_average_1se,6,0.7821900174654145,False,False,0.7164132298451419
difficulty_level,2,hard,1.0,13,5,ari_average_1se,7,0.8275999076845761,True,False,0.6052610494741918
difficulty_level,2,hard,1.0,13,5,ari_average_quant,3,0.8367993404309949,False,False,0.7931054474846994
difficulty_level,2,hard,1.0,13,5,ari_average_quant,4,0.8129756979068702,False,False,0.9435253749799808
difficulty_level,2,hard,1.0,13,5,ari_average_quant,5,0.7483981703918388,False,True,1.0
difficulty_level,2,hard,1.0,13,5,ari_average_quant,6,0.7821900174654145,False,False,0.7164132298451419
difficulty_level,2,hard,1.0,13,5,ari_average_quant,7,0.8275999076845761,True,False,0.6052610494741918
difficulty_level,2,hard,1.0,13,5,ari_generalizability,3,0.7854941044337793,True,False,0.7931054474846994
difficulty_level,2,hard,1.0,13,5,ari_generalizability,4,0.6299581036544456,False,False,0.9435253749799808
difficulty_level,2,hard,1.0,13,5,ari_generalizability,5,0.4967963407836772,False,True,1.0
difficulty_level,2,hard,1.0,13,5,ari_generalizability,6,0.6981524831649967,False,False,0.7164132298451419
difficulty_level,2,hard,1.0,13,5,ari_generalizability,7,0.7672993608661911,False,False,0.6052610494741918
difficulty_level,2,hard,1.0,13,5,ari_generalizability_1se,3,0.7854941044337793,False,False,0.7931054474846994
difficulty_level,2,hard,1.0,13,5,ari_generalizability_1se,4,0.6299581036544456,False,False,0.9435253749799808
difficulty_level,2,hard,1.0,13,5,ari_generalizability_1se,5,0.4967963407836772,False,True,1.0
difficulty_level,2,hard,1.0,13,5,ari_generalizability_1se,6,0.6981524831649967,False,False,0.7164132298451419
difficulty_level,2,hard,1.0,13,5,ari_generalizability_1se,7,0.7672993608661911,True,False,0.6052610494741918
difficulty_level,2,hard,1.0,13,5,ari_generalizability_quant,3,0.7854941044337793,False,False,0.7931054474846994
difficulty_level,2,hard,1.0,13,5,ari_generalizability_quant,4,0.6299581036544456,False,False,0.9435253749799808
difficulty_level,2,hard,1.0,13,5,ari_generalizability_quant,5,0.4967963407836772,False,True,1.0
difficulty_level,2,hard,1.0,13,5,ari_generalizability_quant,6,0.6981524831649967,False,False,0.7164132298451419
difficulty_level,2,hard,1.0,13,5,ari_generalizability_quant,7,0.7672993608661911,True,False,0.6052610494741918
difficulty_level,2,hard,1.0,13,5,ari_stability,3,0.8881045764282107,False,False,0.7931054474846994
difficulty_level,2,hard,1.0,13,5,ari_stability,4,0.9959932921592944,False,False,0.9435253749799808
difficulty_level,2,hard,1.0,13,5,ari_stability,5,1.0,True,True,1.0
difficulty_level,2,hard,1.0,13,5,ari_stability,6,0.8662275517658322,False,False,0.7164132298451419
difficulty_level,2,hard,1.0,13,5,ari_stability,7,0.8879004545029613,False,False,0.6052610494741918
difficulty_level,2,hard,1.0,13,5,ari_stability_1se,3,0.8881045764282107,False,False,0.7931054474846994
difficulty_level,2,hard,1.0,13,5,ari_stability_1se,4,0.9959932921592944,False,False,0.9435253749799808
difficulty_level,2,hard,1.0,13,5,ari_stability_1se,5,1.0,True,True,1.0
difficulty_level,2,hard,1.0,13,5,ari_stability_1se,6,0.8662275517658322,False,False,0.7164132298451419
difficulty_level,2,hard,1.0,13,5,ari_stability_1se,7,0.8879004545029613,False,False,0.6052610494741918
difficulty_level,2,hard,1.0,13,5,ari_stability_quant,3,0.8881045764282107,False,False,0.7931054474846994
difficulty_level,2,hard,1.0,13,5,ari_stability_quant,4,0.9959932921592944,False,False,0.9435253749799808
difficulty_level,2,hard,1.0,13,5,ari_stability_quant,5,1.0,True,True,1.0
difficulty_level,2,hard,1.0,13,5,ari_stability_quant,6,0.8662275517658322,False,False,0.7164132298451419
difficulty_level,2,hard,1.0,13,5,ari_stability_quant,7,0.8879004545029613,False,False,0.6052610494741918
difficulty_level,2,hard,1.0,13,5,consensus_ce_stability,3,0.892491072046586,False,False,0.7931054474846994
difficulty_level,2,hard,1.0,13,5,consensus_ce_stability,4,0.9926225650472433,False,False,0.9435253749799808
difficulty_level,2,hard,1.0,13,5,consensus_ce_stability,5,0.9999999999586944,True,True,1.0
difficulty_level,2,hard,1.0,13,5,consensus_ce_stability,6,0.910452036129738,False,False,0.7164132298451419
difficulty_level,2,hard,1.0,13,5,consensus_ce_stability,7,0.9323943224088966,False,False,0.6052610494741918
difficulty_level,2,hard,1.0,13,5,consensus_gini_stability,3,0.9029365628792672,False,False,0.7931054474846994
difficulty_level,2,hard,1.0,13,5,consensus_gini_stability,4,0.995441972158115,False,False,0.9435253749799808
difficulty_level,2,hard,1.0,13,5,consensus_gini_stability,5,1.0,True,True,1.0
difficulty_level,2,hard,1.0,13,5,consensus_gini_stability,6,0.9228463451786162,False,False,0.7164132298451419
difficulty_level,2,hard,1.0,13,5,consensus_gini_stability,7,0.9437102429484155,False,False,0.6052610494741918
difficulty_level,2,hard,1.0,13,5,consensus_pac_stability,3,0.8565007782966422,False,False,0.7931054474846994
difficulty_level,2,hard,1.0,13,5,consensus_pac_stability,4,0.9941703357794085,False,False,0.9435253749799808
difficulty_level,2,hard,1.0,13,5,consensus_pac_stability,5,1.0,True,True,1.0
difficulty_level,2,hard,1.0,13,5,consensus_pac_stability,6,0.8757456081832333,False,False,0.7164132298451419
difficulty_level,2,hard,1.0,13,5,consensus_pac_stability,7,0.9034689793195464,False,False,0.6052610494741918
difficulty_level,2,hard,1.0,13,5,silhouette,3,0.140598034441012,False,False,0.8227940204592585
difficulty_level,2,hard,1.0,13,5,silhouette,4,0.1632998885900182,False,False,0.9435253749799808
difficulty_level,2,hard,1.0,13,5,silhouette,5,0.21181976029377506,False,True,0.6629905511301074
difficulty_level,2,hard,1.0,13,5,silhouette,6,0.22308690671472922,False,False,0.5506358090163971
difficulty_level,2,hard,1.0,13,5,silhouette,7,0.24319411696651255,True,False,0.6052189115829222
difficulty_level,2,hard,1.0,13,5,gap,3,0.07546068754325752,False,False,0.8227940204592585
difficulty_level,2,hard,1.0,13,5,gap,4,0.1273526671206806,False,False,0.9435253749799808
difficulty_level,2,hard,1.0,13,5,gap,5,0.2708076300650184,False,True,0.6629905511301074
difficulty_level,2,hard,1.0,13,5,gap,6,0.3512019017168875,False,False,0.5506358090163971
difficulty_level,2,hard,1.0,13,5,gap,7,0.3971731685786217,True,False,0.6052189115829222
difficulty_level,2,hard,1.0,13,5,davies_bouldin,3,0.2328380989286702,False,False,0.8227940204592585
difficulty_level,2,hard,1.0,13,5,davies_bouldin,4,0.2598664235260638,False,False,0.9435253749799808
difficulty_level,2,hard,1.0,13,5,davies_bouldin,5,0.2830327987051382,False,True,0.6629905511301074
difficulty_level,2,hard,1.0,13,5,davies_bouldin,6,0.30192407349898975,False,False,0.5506358090163971
difficulty_level,2,hard,1.0,13,5,davies_bouldin,7,0.32658274572932044,True,False,0.6052189115829222
difficulty_level,2,hard,1.0,13,5,calinski_harabasz,3,132.20400094201312,False,False,0.8227940204592585
difficulty_level,2,hard,1.0,13,5,calinski_harabasz,4,124.21020352349291,False,False,0.9435253749799808
difficulty_level,2,hard,1.0,13,5,calinski_harabasz,5,168.67573491827076,False,True,0.6629905511301074
difficulty_level,2,hard,1.0,13,5,calinski_harabasz,6,174.0191789218329,True,False,0.5506358090163971
difficulty_level,2,hard,1.0,13,5,calinski_harabasz,7,165.77310656839057,False,False,0.6052189115829222
difficulty_level,2,hard,1.0,14,5,accuracy_generalizability,3,0.9252534547588946,False,False,0.6889688923233237
difficulty_level,2,hard,1.0,14,5,accuracy_generalizability,4,0.9953617285515484,True,False,0.926986544261471
difficulty_level,2,hard,1.0,14,5,accuracy_generalizability,5,0.8556355307725129,False,True,1.0
difficulty_level,2,hard,1.0,14,5,accuracy_generalizability,6,0.8180820693305645,False,False,0.8530226701066487
difficulty_level,2,hard,1.0,14,5,accuracy_generalizability,7,0.7698152725069402,False,False,0.8010573670835731
difficulty_level,2,hard,1.0,14,5,ari_average,3,0.8846405653537027,False,False,0.6889688923233237
difficulty_level,2,hard,1.0,14,5,ari_average,4,0.9953489315259012,True,False,0.926986544261471
difficulty_level,2,hard,1.0,14,5,ari_average,5,0.9368190471511216,False,True,1.0
difficulty_level,2,hard,1.0,14,5,ari_average,6,0.8559295618204592,False,False,0.8530226701066487
difficulty_level,2,hard,1.0,14,5,ari_average,7,0.8042410724481683,False,False,0.8010573670835731
difficulty_level,2,hard,1.0,14,5,ari_average_1se,3,0.8846405653537027,False,False,0.6889688923233237
difficulty_level,2,hard,1.0,14,5,ari_average_1se,4,0.9953489315259012,True,False,0.926986544261471
difficulty_level,2,hard,1.0,14,5,ari_average_1se,5,0.9368190471511216,False,True,1.0
difficulty_level,2,hard,1.0,14,5,ari_average_1se,6,0.8559295618204592,False,False,0.8530226701066487
difficulty_level,2,hard,1.0,14,5,ari_average_1se,7,0.8042410724481683,False,False,0.8010573670835731
difficulty_level,2,hard,1.0,14,5,ari_average_quant,3,0.8846405653537027,False,False,0.6889688923233237
difficulty_level,2,hard,1.0,14,5,ari_average_quant,4,0.9953489315259012,True,False,0.926986544261471
difficulty_level,2,hard,1.0,14,5,ari_average_quant,5,0.9368190471511216,False,True,1.0
difficulty_level,2,hard,1.0,14,5,ari_average_quant,6,0.8559295618204592,False,False,0.8530226701066487
difficulty_level,2,hard,1.0,14,5,ari_average_quant,7,0.8042410724481683,False,False,0.8010573670835731
difficulty_level,2,hard,1.0,14,5,ari_generalizability,3,0.8527854168452972,False,False,0.6889688923233237
difficulty_level,2,hard,1.0,14,5,ari_generalizability,4,0.9944717715112747,True,False,0.926986544261471
difficulty_level,2,hard,1.0,14,5,ari_generalizability,5,0.8736380943022433,False,True,1.0
difficulty_level,2,hard,1.0,14,5,ari_generalizability,6,0.8108032172606779,False,False,0.8530226701066487
difficulty_level,2,hard,1.0,14,5,ari_generalizability,7,0.768239338655817,False,False,0.8010573670835731
difficulty_level,2,hard,1.0,14,5,ari_generalizability_1se,3,0.8527854168452972,False,False,0.6889688923233237
difficulty_level,2,hard,1.0,14,5,ari_generalizability_1se,4,0.9944717715112747,True,False,0.926986544261471
difficulty_level,2,hard,1.0,14,5,ari_generalizability_1se,5,0.8736380943022433,False,True,1.0
difficulty_level,2,hard,1.0,14,5,ari_generalizability_1se,6,0.8108032172606779,False,False,0.8530226701066487
difficulty_level,2,hard,1.0,14,5,ari_generalizability_1se,7,0.768239338655817,False,False,0.8010573670835731
difficulty_level,2,hard,1.0,14,5,ari_generalizability_quant,3,0.8527854168452972,False,False,0.6889688923233237
difficulty_level,2,hard,1.0,14,5,ari_generalizability_quant,4,0.9944717715112747,True,False,0.926986544261471
difficulty_level,2,hard,1.0,14,5,ari_generalizability_quant,5,0.8736380943022433,False,True,1.0
difficulty_level,2,hard,1.0,14,5,ari_generalizability_quant,6,0.8108032172606779,False,False,0.8530226701066487
difficulty_level,2,hard,1.0,14,5,ari_generalizability_quant,7,0.768239338655817,False,False,0.8010573670835731
difficulty_level,2,hard,1.0,14,5,ari_stability,3,0.9164957138621083,False,False,0.6889688923233237
difficulty_level,2,hard,1.0,14,5,ari_stability,4,0.9962260915405274,False,False,0.926986544261471
difficulty_level,2,hard,1.0,14,5,ari_stability,5,1.0,True,True,1.0
difficulty_level,2,hard,1.0,14,5,ari_stability,6,0.9010559063802402,False,False,0.8530226701066487
difficulty_level,2,hard,1.0,14,5,ari_stability,7,0.8402428062405193,False,False,0.8010573670835731
difficulty_level,2,hard,1.0,14,5,ari_stability_1se,3,0.9164957138621083,False,False,0.6889688923233237
difficulty_level,2,hard,1.0,14,5,ari_stability_1se,4,0.9962260915405274,False,False,0.926986544261471
difficulty_level,2,hard,1.0,14,5,ari_stability_1se,5,1.0,True,True,1.0
difficulty_level,2,hard,1.0,14,5,ari_stability_1se,6,0.9010559063802402,False,False,0.8530226701066487
difficulty_level,2,hard,1.0,14,5,ari_stability_1se,7,0.8402428062405193,False,False,0.8010573670835731
difficulty_level,2,hard,1.0,14,5,ari_stability_quant,3,0.9164957138621083,False,False,0.6889688923233237
difficulty_level,2,hard,1.0,14,5,ari_stability_quant,4,0.9962260915405274,False,False,0.926986544261471
difficulty_level,2,hard,1.0,14,5,ari_stability_quant,5,1.0,True,True,1.0
difficulty_level,2,hard,1.0,14,5,ari_stability_quant,6,0.9010559063802402,False,False,0.8530226701066487
difficulty_level,2,hard,1.0,14,5,ari_stability_quant,7,0.8402428062405193,False,False,0.8010573670835731
difficulty_level,2,hard,1.0,14,5,consensus_ce_stability,3,0.9254170140544854,False,False,0.6889688923233237
difficulty_level,2,hard,1.0,14,5,consensus_ce_stability,4,0.9952916619239318,False,False,0.926986544261471
difficulty_level,2,hard,1.0,14,5,consensus_ce_stability,5,0.9999999999586944,True,True,1.0
difficulty_level,2,hard,1.0,14,5,consensus_ce_stability,6,0.9212675378065809,False,False,0.8530226701066487
difficulty_level,2,hard,1.0,14,5,consensus_ce_stability,7,0.9033586672500635,False,False,0.8010573670835731
difficulty_level,2,hard,1.0,14,5,consensus_gini_stability,3,0.9458499638633742,False,False,0.6889688923233237
difficulty_level,2,hard,1.0,14,5,consensus_gini_stability,4,0.9972577298691652,False,False,0.926986544261471
difficulty_level,2,hard,1.0,14,5,consensus_gini_stability,5,1.0,True,True,1.0
difficulty_level,2,hard,1.0,14,5,consensus_gini_stability,6,0.9330648298064746,False,False,0.8530226701066487
difficulty_level,2,hard,1.0,14,5,consensus_gini_stability,7,0.9156361578104361,False,False,0.8010573670835731
difficulty_level,2,hard,1.0,14,5,consensus_pac_stability,3,0.8439439626417612,False,False,0.6889688923233237
difficulty_level,2,hard,1.0,14,5,consensus_pac_stability,4,1.0,True,False,0.926986544261471
difficulty_level,2,hard,1.0,14,5,consensus_pac_stability,5,1.0,False,True,1.0
difficulty_level,2,hard,1.0,14,5,consensus_pac_stability,6,0.8841903491216366,False,False,0.8530226701066487
difficulty_level,2,hard,1.0,14,5,consensus_pac_stability,7,0.8649633088725817,False,False,0.8010573670835731
difficulty_level,2,hard,1.0,14,5,silhouette,3,0.11766567261002717,False,False,0.6889688923233237
difficulty_level,2,hard,1.0,14,5,silhouette,4,0.1458526834297136,False,False,0.926986544261471
difficulty_level,2,hard,1.0,14,5,silhouette,5,0.164390281820739,False,True,1.0
difficulty_level,2,hard,1.0,14,5,silhouette,6,0.19210854289254425,False,False,0.8551901012171863
difficulty_level,2,hard,1.0,14,5,silhouette,7,0.23309552270844458,True,False,0.7613027866819388
difficulty_level,2,hard,1.0,14,5,gap,3,0.050294736053189126,False,False,0.6889688923233237
difficulty_level,2,hard,1.0,14,5,gap,4,0.09954499731491495,False,False,0.926986544261471
difficulty_level,2,hard,1.0,14,5,gap,5,0.14587343311254486,False,True,1.0
difficulty_level,2,hard,1.0,14,5,gap,6,0.23620177582802349,False,False,0.8551901012171863
difficulty_level,2,hard,1.0,14,5,gap,7,0.32975780167082647,True,False,0.7613027866819388
difficulty_level,2,hard,1.0,14,5,davies_bouldin,3,0.24914152057150687,False,False,0.6889688923233237
difficulty_level,2,hard,1.0,14,5,davies_bouldin,4,0.2573313250254309,False,False,0.926986544261471
difficulty_level,2,hard,1.0,14,5,davies_bouldin,5,0.2874665724086793,False,True,1.0
difficulty_level,2,hard,1.0,14,5,davies_bouldin,6,0.3053036594328023,False,False,0.8551901012171863
difficulty_level,2,hard,1.0,14,5,davies_bouldin,7,0.32587099934202274,True,False,0.7613027866819388
difficulty_level,2,hard,1.0,14,5,calinski_harabasz,3,113.3052215230288,False,False,0.6889688923233237
difficulty_level,2,hard,1.0,14,5,calinski_harabasz,4,109.55190705783257,False,False,0.926986544261471
difficulty_level,2,hard,1.0,14,5,calinski_harabasz,5,107.02459709890373,False,True,1.0
difficulty_level,2,hard,1.0,14,5,calinski_harabasz,6,124.4255964389686,False,False,0.8551901012171863
difficulty_level,2,hard,1.0,14,5,calinski_harabasz,7,140.3204123429552,True,False,0.7613027866819388
difficulty_level,2,hard,1.0,15,5,accuracy_generalizability,3,0.827323489228339,False,False,0.6711370030191699
difficulty_level,2,hard,1.0,15,5,accuracy_generalizability,4,0.9247401752492839,False,False,0.8964885011270358
difficulty_level,2,hard,1.0,15,5,accuracy_generalizability,5,0.997862395111696,True,True,1.0
difficulty_level,2,hard,1.0,15,5,accuracy_generalizability,6,0.8917593138455712,False,False,0.8868128222599572
difficulty_level,2,hard,1.0,15,5,accuracy_generalizability,7,0.8238834715167683,False,False,0.7634028994720826
difficulty_level,2,hard,1.0,15,5,ari_average,3,0.6454535912429747,False,False,0.6711370030191699
difficulty_level,2,hard,1.0,15,5,ari_average,4,0.850729229976556,False,False,0.8964885011270358
difficulty_level,2,hard,1.0,15,5,ari_average,5,0.9989035373495948,True,True,1.0
difficulty_level,2,hard,1.0,15,5,ari_average,6,0.9045346833304633,False,False,0.8868128222599572
difficulty_level,2,hard,1.0,15,5,ari_average,7,0.8069484153821561,False,False,0.7634028994720826
difficulty_level,2,hard,1.0,15,5,ari_average_1se,3,0.6454535912429747,False,False,0.6711370030191699
difficulty_level,2,hard,1.0,15,5,ari_average_1se,4,0.850729229976556,False,False,0.8964885011270358
difficulty_level,2,hard,1.0,15,5,ari_average_1se,5,0.9989035373495948,True,True,1.0
difficulty_level,2,hard,1.0,15,5,ari_average_1se,6,0.9045346833304633,False,False,0.8868128222599572
difficulty_level,2,hard,1.0,15,5,ari_average_1se,7,0.8069484153821561,False,False,0.7634028994720826
difficulty_level,2,hard,1.0,15,5,ari_average_quant,3,0.6454535912429747,False,False,0.6711370030191699
difficulty_level,2,hard,1.0,15,5,ari_average_quant,4,0.850729229976556,False,False,0.8964885011270358
difficulty_level,2,hard,1.0,15,5,ari_average_quant,5,0.9989035373495948,True,True,1.0
difficulty_level,2,hard,1.0,15,5,ari_average_quant,6,0.9045346833304633,False,False,0.8868128222599572
difficulty_level,2,hard,1.0,15,5,ari_average_quant,7,0.8069484153821561,False,False,0.7634028994720826
difficulty_level,2,hard,1.0,15,5,ari_generalizability,3,0.6893235975973344,False,False,0.6711370030191699
difficulty_level,2,hard,1.0,15,5,ari_generalizability,4,0.8496904326057187,False,False,0.8964885011270358
difficulty_level,2,hard,1.0,15,5,ari_generalizability,5,0.9978070746991895,True,True,1.0
difficulty_level,2,hard,1.0,15,5,ari_generalizability,6,0.8872460723808628,False,False,0.8868128222599572
difficulty_level,2,hard,1.0,15,5,ari_generalizability,7,0.7956358034571213,False,False,0.7634028994720826
difficulty_level,2,hard,1.0,15,5,ari_generalizability_1se,3,0.6893235975973344,False,False,0.6711370030191699
difficulty_level,2,hard,1.0,15,5,ari_generalizability_1se,4,0.8496904326057187,False,False,0.8964885011270358
difficulty_level,2,hard,1.0,15,5,ari_generalizability_1se,5,0.9978070746991895,True,True,1.0
difficulty_level,2,hard,1.0,15,5,ari_generalizability_1se,6,0.8872460723808628,False,False,0.8868128222599572
difficulty_level,2,hard,1.0,15,5,ari_generalizability_1se,7,0.7956358034571213,False,False,0.7634028994720826
difficulty_level,2,hard,1.0,15,5,ari_generalizability_quant,3,0.6893235975973344,False,False,0.6711370030191699
difficulty_level,2,hard,1.0,15,5,ari_generalizability_quant,4,0.8496904326057187,False,False,0.8964885011270358
difficulty_level,2,hard,1.0,15,5,ari_generalizability_quant,5,0.9978070746991895,True,True,1.0
difficulty_level,2,hard,1.0,15,5,ari_generalizability_quant,6,0.8872460723808628,False,False,0.8868128222599572
difficulty_level,2,hard,1.0,15,5,ari_generalizability_quant,7,0.7956358034571213,False,False,0.7634028994720826
difficulty_level,2,hard,1.0,15,5,ari_stability,3,0.6015835848886151,False,False,0.6711370030191699
difficulty_level,2,hard,1.0,15,5,ari_stability,4,0.851768027347393,False,False,0.8964885011270358
difficulty_level,2,hard,1.0,15,5,ari_stability,5,1.0,True,True,1.0
difficulty_level,2,hard,1.0,15,5,ari_stability,6,0.9218232942800644,False,False,0.8868128222599572
difficulty_level,2,hard,1.0,15,5,ari_stability,7,0.8182610273071907,False,False,0.7634028994720826
difficulty_level,2,hard,1.0,15,5,ari_stability_1se,3,0.6015835848886151,False,False,0.6711370030191699
difficulty_level,2,hard,1.0,15,5,ari_stability_1se,4,0.851768027347393,False,False,0.8964885011270358
difficulty_level,2,hard,1.0,15,5,ari_stability_1se,5,1.0,True,True,1.0
difficulty_level,2,hard,1.0,15,5,ari_stability_1se,6,0.9218232942800644,False,False,0.8868128222599572
difficulty_level,2,hard,1.0,15,5,ari_stability_1se,7,0.8182610273071907,False,False,0.7634028994720826
difficulty_level,2,hard,1.0,15,5,ari_stability_quant,3,0.6015835848886151,False,False,0.6711370030191699
difficulty_level,2,hard,1.0,15,5,ari_stability_quant,4,0.851768027347393,False,False,0.8964885011270358
difficulty_level,2,hard,1.0,15,5,ari_stability_quant,5,1.0,True,True,1.0
difficulty_level,2,hard,1.0,15,5,ari_stability_quant,6,0.9218232942800644,False,False,0.8868128222599572
difficulty_level,2,hard,1.0,15,5,ari_stability_quant,7,0.8182610273071907,False,False,0.7634028994720826
difficulty_level,2,hard,1.0,15,5,consensus_ce_stability,3,0.5902774730058495,False,False,0.6711370030191699
difficulty_level,2,hard,1.0,15,5,consensus_ce_stability,4,0.8729487088181573,False,False,0.8964885011270358
difficulty_level,2,hard,1.0,15,5,consensus_ce_stability,5,0.9999999999586944,True,True,1.0
difficulty_level,2,hard,1.0,15,5,consensus_ce_stability,6,0.9345796582555768,False,False,0.8868128222599572
difficulty_level,2,hard,1.0,15,5,consensus_ce_stability,7,0.898649373462471,False,False,0.7634028994720826
difficulty_level,2,hard,1.0,15,5,consensus_gini_stability,3,0.643401243906974,False,False,0.6711370030191699
difficulty_level,2,hard,1.0,15,5,consensus_gini_stability,4,0.8910024834215824,False,False,0.8964885011270358
difficulty_level,2,hard,1.0,15,5,consensus_gini_stability,5,1.0,True,True,1.0
difficulty_level,2,hard,1.0,15,5,consensus_gini_stability,6,0.9471104767190615,False,False,0.8868128222599572
difficulty_level,2,hard,1.0,15,5,consensus_gini_stability,7,0.9100394378297589,False,False,0.7634028994720826
difficulty_level,2,hard,1.0,15,5,consensus_pac_stability,3,0.4191710028908161,False,False,0.6711370030191699
difficulty_level,2,hard,1.0,15,5,consensus_pac_stability,4,0.8119501890148988,False,False,0.8964885011270358
difficulty_level,2,hard,1.0,15,5,consensus_pac_stability,5,1.0,True,True,1.0
difficulty_level,2,hard,1.0,15,5,consensus_pac_stability,6,0.9036024016010674,False,False,0.8868128222599572
difficulty_level,2,hard,1.0,15,5,consensus_pac_stability,7,0.8638772515010007,False,False,0.7634028994720826
difficulty_level,2,hard,1.0,15,5,silhouette,3,0.10203788772500699,False,False,0.5772221330512263
difficulty_level,2,hard,1.0,15,5,silhouette,4,0.1332703778174882,False,False,0.8412523780319473
difficulty_level,2,hard,1.0,15,5,silhouette,5,0.15063110122976,False,True,1.0
difficulty_level,2,hard,1.0,15,5,silhouette,6,0.1879236151477929,False,False,0.8865066100548308
difficulty_level,2,hard,1.0,15,5,silhouette,7,0.21027392908351977,True,False,0.7580470652954749
difficulty_level,2,hard,1.0,15,5,gap,3,0.007159184096220628,False,False,0.5772221330512263
difficulty_level,2,hard,1.0,15,5,gap,4,0.0700794206308224,False,False,0.8412523780319473
difficulty_level,2,hard,1.0,15,5,gap,5,0.11058428048060698,False,True,1.0
difficulty_level,2,hard,1.0,15,5,gap,6,0.20477947260245877,False,False,0.8865066100548308
difficulty_level,2,hard,1.0,15,5,gap,7,0.2711782200853001,True,False,0.7580470652954749
difficulty_level,2,hard,1.0,15,5,davies_bouldin,3,0.23051057044284273,False,False,0.5772221330512263
difficulty_level,2,hard,1.0,15,5,davies_bouldin,4,0.2563398614090346,False,False,0.8412523780319473
difficulty_level,2,hard,1.0,15,5,davies_bouldin,5,0.26909079358810356,False,True,1.0
difficulty_level,2,hard,1.0,15,5,davies_bouldin,6,0.2888376222578306,False,False,0.8865066100548308
difficulty_level,2,hard,1.0,15,5,davies_bouldin,7,0.3037425636272155,True,False,0.7580470652954749
difficulty_level,2,hard,1.0,15,5,calinski_harabasz,3,92.4216195276524,False,False,0.5772221330512263
difficulty_level,2,hard,1.0,15,5,calinski_harabasz,4,102.89095432542881,False,False,0.8412523780319473
difficulty_level,2,hard,1.0,15,5,calinski_harabasz,5,98.99237972394137,False,True,1.0
difficulty_level,2,hard,1.0,15,5,calinski_harabasz,6,119.1791859988172,False,False,0.8865066100548308
difficulty_level,2,hard,1.0,15,5,calinski_harabasz,7,125.22216735371373,True,False,0.7580470652954749
difficulty_level,2,hard,0.8315117429438883,16,5,accuracy_generalizability,3,0.9953369943627939,False,False,0.7185794731103905
difficulty_level,2,hard,0.8315117429438883,16,5,accuracy_generalizability,4,1.0,True,False,0.9304784209539374
difficulty_level,2,hard,0.8315117429438883,16,5,accuracy_generalizability,5,0.7731892989136289,False,True,1.0
difficulty_level,2,hard,0.8315117429438883,16,5,accuracy_generalizability,6,0.6747229868864631,False,False,0.8940350494246042
difficulty_level,2,hard,0.8315117429438883,16,5,accuracy_generalizability,7,0.7102196213047356,False,False,0.7387001518374683
difficulty_level,2,hard,0.8315117429438883,16,5,ari_average,3,0.9825588183600431,False,False,0.7185794731103905
difficulty_level,2,hard,0.8315117429438883,16,5,ari_average,4,1.0,True,False,0.9304784209539374
difficulty_level,2,hard,0.8315117429438883,16,5,ari_average,5,0.9055980213742392,False,True,1.0
difficulty_level,2,hard,0.8315117429438883,16,5,ari_average,6,0.7628145808881678,False,False,0.8940350494246042
difficulty_level,2,hard,0.8315117429438883,16,5,ari_average,7,0.7440516177096838,False,False,0.7387001518374683
difficulty_level,2,hard,0.8315117429438883,16,5,ari_average_1se,3,0.9825588183600431,False,False,0.7185794731103905
difficulty_level,2,hard,0.8315117429438883,16,5,ari_average_1se,4,1.0,True,False,0.9304784209539374
difficulty_level,2,hard,0.8315117429438883,16,5,ari_average_1se,5,0.9055980213742392,False,True,1.0
difficulty_level,2,hard,0.8315117429438883,16,5,ari_average_1se,6,0.7628145808881678,False,False,0.8940350494246042
difficulty_level,2,hard,0.8315117429438883,16,5,ari_average_1se,7,0.7440516177096838,False,False,0.7387001518374683
difficulty_level,2,hard,0.8315117429438883,16,5,ari_average_quant,3,0.9825588183600431,False,False,0.7185794731103905
difficulty_level,2,hard,0.8315117429438883,16,5,ari_average_quant,4,1.0,True,False,0.9304784209539374
difficulty_level,2,hard,0.8315117429438883,16,5,ari_average_quant,5,0.9055980213742392,False,True,1.0
difficulty_level,2,hard,0.8315117429438883,16,5,ari_average_quant,6,0.7628145808881678,False,False,0.8940350494246042
difficulty_level,2,hard,0.8315117429438883,16,5,ari_average_quant,7,0.7440516177096838,False,False,0.7387001518374683
difficulty_level,2,hard,0.8315117429438883,16,5,ari_generalizability,3,0.9901999171534078,False,False,0.7185794731103905
difficulty_level,2,hard,0.8315117429438883,16,5,ari_generalizability,4,1.0,True,False,0.9304784209539374
difficulty_level,2,hard,0.8315117429438883,16,5,ari_generalizability,5,0.8111960427484786,False,True,1.0
difficulty_level,2,hard,0.8315117429438883,16,5,ari_generalizability,6,0.6822910227794461,False,False,0.8940350494246042
difficulty_level,2,hard,0.8315117429438883,16,5,ari_generalizability,7,0.6893195241443617,False,False,0.7387001518374683
difficulty_level,2,hard,0.8315117429438883,16,5,ari_generalizability_1se,3,0.9901999171534078,False,False,0.7185794731103905
difficulty_level,2,hard,0.8315117429438883,16,5,ari_generalizability_1se,4,1.0,True,False,0.9304784209539374
difficulty_level,2,hard,0.8315117429438883,16,5,ari_generalizability_1se,5,0.8111960427484786,False,True,1.0
difficulty_level,2,hard,0.8315117429438883,16,5,ari_generalizability_1se,6,0.6822910227794461,False,False,0.8940350494246042
difficulty_level,2,hard,0.8315117429438883,16,5,ari_generalizability_1se,7,0.6893195241443617,False,False,0.7387001518374683
difficulty_level,2,hard,0.8315117429438883,16,5,ari_generalizability_quant,3,0.9901999171534078,False,False,0.7185794731103905
difficulty_level,2,hard,0.8315117429438883,16,5,ari_generalizability_quant,4,1.0,True,False,0.9304784209539374
difficulty_level,2,hard,0.8315117429438883,16,5,ari_generalizability_quant,5,0.8111960427484786,False,True,1.0
difficulty_level,2,hard,0.8315117429438883,16,5,ari_generalizability_quant,6,0.6822910227794461,False,False,0.8940350494246042
difficulty_level,2,hard,0.8315117429438883,16,5,ari_generalizability_quant,7,0.6893195241443617,False,False,0.7387001518374683
difficulty_level,2,hard,0.8315117429438883,16,5,ari_stability,3,0.9749177195666785,False,False,0.7185794731103905
difficulty_level,2,hard,0.8315117429438883,16,5,ari_stability,4,1.0,True,False,0.9304784209539374
difficulty_level,2,hard,0.8315117429438883,16,5,ari_stability,5,1.0,False,True,1.0
difficulty_level,2,hard,0.8315117429438883,16,5,ari_stability,6,0.8433381389968896,False,False,0.8940350494246042
difficulty_level,2,hard,0.8315117429438883,16,5,ari_stability,7,0.7987837112750055,False,False,0.7387001518374683
difficulty_level,2,hard,0.8315117429438883,16,5,ari_stability_1se,3,0.9749177195666785,False,False,0.7185794731103905
difficulty_level,2,hard,0.8315117429438883,16,5,ari_stability_1se,4,1.0,False,False,0.9304784209539374
difficulty_level,2,hard,0.8315117429438883,16,5,ari_stability_1se,5,1.0,True,True,1.0
difficulty_level,2,hard,0.8315117429438883,16,5,ari_stability_1se,6,0.8433381389968896,False,False,0.8940350494246042
difficulty_level,2,hard,0.8315117429438883,16,5,ari_stability_1se,7,0.7987837112750055,False,False,0.7387001518374683
difficulty_level,2,hard,0.8315117429438883,16,5,ari_stability_quant,3,0.9749177195666785,False,False,0.7185794731103905
difficulty_level,2,hard,0.8315117429438883,16,5,ari_stability_quant,4,1.0,False,False,0.9304784209539374
difficulty_level,2,hard,0.8315117429438883,16,5,ari_stability_quant,5,1.0,True,True,1.0
difficulty_level,2,hard,0.8315117429438883,16,5,ari_stability_quant,6,0.8433381389968896,False,False,0.8940350494246042
difficulty_level,2,hard,0.8315117429438883,16,5,ari_stability_quant,7,0.7987837112750055,False,False,0.7387001518374683
difficulty_level,2,hard,0.8315117429438883,16,5,consensus_ce_stability,3,0.9711606863612999,False,False,0.7185794731103905
difficulty_level,2,hard,0.8315117429438883,16,5,consensus_ce_stability,4,0.9999999999586944,True,False,0.9304784209539374
difficulty_level,2,hard,0.8315117429438883,16,5,consensus_ce_stability,5,0.9999999999586944,False,True,1.0
difficulty_level,2,hard,0.8315117429438883,16,5,consensus_ce_stability,6,0.8968194950815843,False,False,0.8940350494246042
difficulty_level,2,hard,0.8315117429438883,16,5,consensus_ce_stability,7,0.8862725062866887,False,False,0.7387001518374683
difficulty_level,2,hard,0.8315117429438883,16,5,consensus_gini_stability,3,0.9822621307685313,False,False,0.7185794731103905
difficulty_level,2,hard,0.8315117429438883,16,5,consensus_gini_stability,4,1.0,True,False,0.9304784209539374
difficulty_level,2,hard,0.8315117429438883,16,5,consensus_gini_stability,5,1.0,False,True,1.0
difficulty_level,2,hard,0.8315117429438883,16,5,consensus_gini_stability,6,0.906770851692446,False,False,0.8940350494246042
difficulty_level,2,hard,0.8315117429438883,16,5,consensus_gini_stability,7,0.8978937090503654,False,False,0.7387001518374683
difficulty_level,2,hard,0.8315117429438883,16,5,consensus_pac_stability,3,0.9784273960418056,False,False,0.7185794731103905
difficulty_level,2,hard,0.8315117429438883,16,5,consensus_pac_stability,4,1.0,True,False,0.9304784209539374
difficulty_level,2,hard,0.8315117429438883,16,5,consensus_pac_stability,5,1.0,False,True,1.0
difficulty_level,2,hard,0.8315117429438883,16,5,consensus_pac_stability,6,0.8616126306426506,False,False,0.8940350494246042
difficulty_level,2,hard,0.8315117429438883,16,5,consensus_pac_stability,7,0.8453822548365577,False,False,0.7387001518374683
difficulty_level,2,hard,0.8315117429438883,16,5,silhouette,3,0.11420208491782252,False,False,0.7185794731103905
difficulty_level,2,hard,0.8315117429438883,16,5,silhouette,4,0.1396082920954398,False,False,0.9304784209539374
difficulty_level,2,hard,0.8315117429438883,16,5,silhouette,5,0.15593886546618854,False,True,0.8315117429438883
difficulty_level,2,hard,0.8315117429438883,16,5,silhouette,6,0.1841119118029463,False,False,0.8940350494246042
difficulty_level,2,hard,0.8315117429438883,16,5,silhouette,7,0.22571304236311956,True,False,0.7383598961447685
difficulty_level,2,hard,0.8315117429438883,16,5,gap,3,0.10533352545624908,False,False,0.7185794731103905
difficulty_level,2,hard,0.8315117429438883,16,5,gap,4,0.14965323445546197,False,False,0.9304784209539374
difficulty_level,2,hard,0.8315117429438883,16,5,gap,5,0.19132894000474288,False,True,0.8315117429438883
difficulty_level,2,hard,0.8315117429438883,16,5,gap,6,0.252910527569826,False,False,0.8940350494246042
difficulty_level,2,hard,0.8315117429438883,16,5,gap,7,0.3542950822951738,True,False,0.7383598961447685
difficulty_level,2,hard,0.8315117429438883,16,5,davies_bouldin,3,0.23840927781334562,False,False,0.7185794731103905
difficulty_level,2,hard,0.8315117429438883,16,5,davies_bouldin,4,0.2538053846893409,False,False,0.9304784209539374
difficulty_level,2,hard,0.8315117429438883,16,5,davies_bouldin,5,0.27399291248953855,False,True,0.8315117429438883
difficulty_level,2,hard,0.8315117429438883,16,5,davies_bouldin,6,0.2897977702086958,False,False,0.8940350494246042
difficulty_level,2,hard,0.8315117429438883,16,5,davies_bouldin,7,0.30621872176545173,True,False,0.7383598961447685
difficulty_level,2,hard,0.8315117429438883,16,5,calinski_harabasz,3,110.87561034477079,False,False,0.7185794731103905
difficulty_level,2,hard,0.8315117429438883,16,5,calinski_harabasz,4,104.59902339777196,False,False,0.9304784209539374
difficulty_level,2,hard,0.8315117429438883,16,5,calinski_harabasz,5,100.85740159838991,False,True,0.8315117429438883
difficulty_level,2,hard,0.8315117429438883,16,5,calinski_harabasz,6,107.34297487505695,False,False,0.8940350494246042
difficulty_level,2,hard,0.8315117429438883,16,5,calinski_harabasz,7,127.41531921655641,True,False,0.7383598961447685
difficulty_level,2,hard,0.6346262009434118,17,5,accuracy_generalizability,3,0.727887761230003,False,False,0.7934516761529848
difficulty_level,2,hard,0.6346262009434118,17,5,accuracy_generalizability,4,0.5855793382082428,False,False,0.9325093020590172
difficulty_level,2,hard,0.6346262009434118,17,5,accuracy_generalizability,5,0.5478603147077011,False,True,1.0
difficulty_level,2,hard,0.6346262009434118,17,5,accuracy_generalizability,6,0.7404359732264846,False,False,0.7001818229664216
difficulty_level,2,hard,0.6346262009434118,17,5,accuracy_generalizability,7,0.8633697284914746,True,False,0.5816566937354329
difficulty_level,2,hard,0.6346262009434118,17,5,ari_average,3,0.7518819315445152,False,False,0.7934516761529848
difficulty_level,2,hard,0.6346262009434118,17,5,ari_average,4,0.6984227803317161,False,False,0.9325093020590172
difficulty_level,2,hard,0.6346262009434118,17,5,ari_average,5,0.7412406659412492,False,True,1.0
difficulty_level,2,hard,0.6346262009434118,17,5,ari_average,6,0.8069708802041348,False,False,0.7001818229664216
difficulty_level,2,hard,0.6346262009434118,17,5,ari_average,7,0.8565424656532169,True,False,0.5816566937354329
difficulty_level,2,hard,0.6346262009434118,17,5,ari_average_1se,3,0.7518819315445152,False,False,0.7934516761529848
difficulty_level,2,hard,0.6346262009434118,17,5,ari_average_1se,4,0.6984227803317161,False,False,0.9325093020590172
difficulty_level,2,hard,0.6346262009434118,17,5,ari_average_1se,5,0.7412406659412492,False,True,1.0
difficulty_level,2,hard,0.6346262009434118,17,5,ari_average_1se,6,0.8069708802041348,False,False,0.7001818229664216
difficulty_level,2,hard,0.6346262009434118,17,5,ari_average_1se,7,0.8565424656532169,True,False,0.5816566937354329
difficulty_level,2,hard,0.6346262009434118,17,5,ari_average_quant,3,0.7518819315445152,False,False,0.7934516761529848
difficulty_level,2,hard,0.6346262009434118,17,5,ari_average_quant,4,0.6984227803317161,False,False,0.9325093020590172
difficulty_level,2,hard,0.6346262009434118,17,5,ari_average_quant,5,0.7412406659412492,False,True,1.0
difficulty_level,2,hard,0.6346262009434118,17,5,ari_average_quant,6,0.8069708802041348,False,False,0.7001818229664216
difficulty_level,2,hard,0.6346262009434118,17,5,ari_average_quant,7,0.8565424656532169,True,False,0.5816566937354329
difficulty_level,2,hard,0.6346262009434118,17,5,ari_generalizability,3,0.6550636290389561,False,False,0.7934516761529848
difficulty_level,2,hard,0.6346262009434118,17,5,ari_generalizability,4,0.4883784317472596,False,False,0.9325093020590172
difficulty_level,2,hard,0.6346262009434118,17,5,ari_generalizability,5,0.48248133188249837,False,True,1.0
difficulty_level,2,hard,0.6346262009434118,17,5,ari_generalizability,6,0.6960297108175537,False,False,0.7001818229664216
difficulty_level,2,hard,0.6346262009434118,17,5,ari_generalizability,7,0.8069373267668347,True,False,0.5816566937354329
difficulty_level,2,hard,0.6346262009434118,17,5,ari_generalizability_1se,3,0.6550636290389561,False,False,0.7934516761529848
difficulty_level,2,hard,0.6346262009434118,17,5,ari_generalizability_1se,4,0.4883784317472596,False,False,0.9325093020590172
difficulty_level,2,hard,0.6346262009434118,17,5,ari_generalizability_1se,5,0.48248133188249837,False,True,1.0
difficulty_level,2,hard,0.6346262009434118,17,5,ari_generalizability_1se,6,0.6960297108175537,False,False,0.7001818229664216
difficulty_level,2,hard,0.6346262009434118,17,5,ari_generalizability_1se,7,0.8069373267668347,True,False,0.5816566937354329
difficulty_level,2,hard,0.6346262009434118,17,5,ari_generalizability_quant,3,0.6550636290389561,False,False,0.7934516761529848
difficulty_level,2,hard,0.6346262009434118,17,5,ari_generalizability_quant,4,0.4883784317472596,False,False,0.9325093020590172
difficulty_level,2,hard,0.6346262009434118,17,5,ari_generalizability_quant,5,0.48248133188249837,False,True,1.0
difficulty_level,2,hard,0.6346262009434118,17,5,ari_generalizability_quant,6,0.6960297108175537,False,False,0.7001818229664216
difficulty_level,2,hard,0.6346262009434118,17,5,ari_generalizability_quant,7,0.8069373267668347,True,False,0.5816566937354329
difficulty_level,2,hard,0.6346262009434118,17,5,ari_stability,3,0.8487002340500744,False,False,0.7934516761529848
difficulty_level,2,hard,0.6346262009434118,17,5,ari_stability,4,0.908467128916173,False,False,0.9325093020590172
difficulty_level,2,hard,0.6346262009434118,17,5,ari_stability,5,1.0,True,True,1.0
difficulty_level,2,hard,0.6346262009434118,17,5,ari_stability,6,0.9179120495907158,False,False,0.7001818229664216
difficulty_level,2,hard,0.6346262009434118,17,5,ari_stability,7,0.9061476045395994,False,False,0.5816566937354329
difficulty_level,2,hard,0.6346262009434118,17,5,ari_stability_1se,3,0.8487002340500744,False,False,0.7934516761529848
difficulty_level,2,hard,0.6346262009434118,17,5,ari_stability_1se,4,0.908467128916173,False,False,0.9325093020590172
difficulty_level,2,hard,0.6346262009434118,17,5,ari_stability_1se,5,1.0,True,True,1.0
difficulty_level,2,hard,0.6346262009434118,17,5,ari_stability_1se,6,0.9179120495907158,False,False,0.7001818229664216
difficulty_level,2,hard,0.6346262009434118,17,5,ari_stability_1se,7,0.9061476045395994,False,False,0.5816566937354329
difficulty_level,2,hard,0.6346262009434118,17,5,ari_stability_quant,3,0.8487002340500744,False,False,0.7934516761529848
difficulty_level,2,hard,0.6346262009434118,17,5,ari_stability_quant,4,0.908467128916173,False,False,0.9325093020590172
difficulty_level,2,hard,0.6346262009434118,17,5,ari_stability_quant,5,1.0,True,True,1.0
difficulty_level,2,hard,0.6346262009434118,17,5,ari_stability_quant,6,0.9179120495907158,False,False,0.7001818229664216
difficulty_level,2,hard,0.6346262009434118,17,5,ari_stability_quant,7,0.9061476045395994,False,False,0.5816566937354329
difficulty_level,2,hard,0.6346262009434118,17,5,consensus_ce_stability,3,0.8732919622054871,False,False,0.7934516761529848
difficulty_level,2,hard,0.6346262009434118,17,5,consensus_ce_stability,4,0.9214341223285487,False,False,0.9325093020590172
difficulty_level,2,hard,0.6346262009434118,17,5,consensus_ce_stability,5,0.9999999999586944,True,True,1.0
difficulty_level,2,hard,0.6346262009434118,17,5,consensus_ce_stability,6,0.942445957723422,False,False,0.7001818229664216
difficulty_level,2,hard,0.6346262009434118,17,5,consensus_ce_stability,7,0.943947219331589,False,False,0.5816566937354329
difficulty_level,2,hard,0.6346262009434118,17,5,consensus_gini_stability,3,0.8902219295510346,False,False,0.7934516761529848
difficulty_level,2,hard,0.6346262009434118,17,5,consensus_gini_stability,4,0.9286039011795774,False,False,0.9325093020590172
difficulty_level,2,hard,0.6346262009434118,17,5,consensus_gini_stability,5,1.0,True,True,1.0
difficulty_level,2,hard,0.6346262009434118,17,5,consensus_gini_stability,6,0.9530501303456377,False,False,0.7001818229664216
difficulty_level,2,hard,0.6346262009434118,17,5,consensus_gini_stability,7,0.9524973943464353,False,False,0.5816566937354329
difficulty_level,2,hard,0.6346262009434118,17,5,consensus_pac_stability,3,0.813422281521014,False,False,0.7934516761529848
difficulty_level,2,hard,0.6346262009434118,17,5,consensus_pac_stability,4,0.9066808983766956,False,False,0.9325093020590172
difficulty_level,2,hard,0.6346262009434118,17,5,consensus_pac_stability,5,1.0,True,True,1.0
difficulty_level,2,hard,0.6346262009434118,17,5,consensus_pac_stability,6,0.9253493440071159,False,False,0.7001818229664216
difficulty_level,2,hard,0.6346262009434118,17,5,consensus_pac_stability,7,0.9288921503224372,False,False,0.5816566937354329
difficulty_level,2,hard,0.6346262009434118,17,5,silhouette,3,0.12904113870269726,False,False,0.7934516761529848
difficulty_level,2,hard,0.6346262009434118,17,5,silhouette,4,0.149769010747757,False,False,0.9325093020590172
difficulty_level,2,hard,0.6346262009434118,17,5,silhouette,5,0.20043218596484785,False,True,0.6346262009434118
difficulty_level,2,hard,0.6346262009434118,17,5,silhouette,6,0.20907504645911634,False,False,0.7021638290094284
difficulty_level,2,hard,0.6346262009434118,17,5,silhouette,7,0.24844661582582814,True,False,0.5843974353065701
difficulty_level,2,hard,0.6346262009434118,17,5,gap,3,0.15148737413356628,False,False,0.7934516761529848
difficulty_level,2,hard,0.6346262009434118,17,5,gap,4,0.1895720927693656,False,False,0.9325093020590172
difficulty_level,2,hard,0.6346262009434118,17,5,gap,5,0.33131254375994956,False,True,0.6346262009434118
difficulty_level,2,hard,0.6346262009434118,17,5,gap,6,0.3629572802395966,False,False,0.7021638290094284
difficulty_level,2,hard,0.6346262009434118,17,5,gap,7,0.4913456870262305,True,False,0.5843974353065701
difficulty_level,2,hard,0.6346262009434118,17,5,davies_bouldin,3,0.23026263169398253,False,False,0.7934516761529848
difficulty_level,2,hard,0.6346262009434118,17,5,davies_bouldin,4,0.2495203676540765,False,False,0.9325093020590172
difficulty_level,2,hard,0.6346262009434118,17,5,davies_bouldin,5,0.2706687192745383,False,True,0.6346262009434118
difficulty_level,2,hard,0.6346262009434118,17,5,davies_bouldin,6,0.29185280819390097,False,False,0.7021638290094284
difficulty_level,2,hard,0.6346262009434118,17,5,davies_bouldin,7,0.31306111904337797,True,False,0.5843974353065701
difficulty_level,2,hard,0.6346262009434118,17,5,calinski_harabasz,3,107.03248190964233,False,False,0.7934516761529848
difficulty_level,2,hard,0.6346262009434118,17,5,calinski_harabasz,4,98.28574479749746,False,False,0.9325093020590172
difficulty_level,2,hard,0.6346262009434118,17,5,calinski_harabasz,5,145.4477385087545,False,True,0.6346262009434118
difficulty_level,2,hard,0.6346262009434118,17,5,calinski_harabasz,6,132.32037379523763,False,False,0.7021638290094284
difficulty_level,2,hard,0.6346262009434118,17,5,calinski_harabasz,7,161.49358318820316,True,False,0.5843974353065701
difficulty_level,2,hard,0.7458832980165221,18,5,accuracy_generalizability,3,0.8571823981079997,False,False,0.7405979926174118
difficulty_level,2,hard,0.7458832980165221,18,5,accuracy_generalizability,4,0.9672149178065012,True,False,0.9342968071615704
difficulty_level,2,hard,0.7458832980165221,18,5,accuracy_generalizability,5,0.9572626674563368,False,True,1.0
difficulty_level,2,hard,0.7458832980165221,18,5,accuracy_generalizability,6,0.8696427402198397,False,False,0.8107605609810351
difficulty_level,2,hard,0.7458832980165221,18,5,accuracy_generalizability,7,0.8639095767019128,False,False,0.7399476568427382
difficulty_level,2,hard,0.7458832980165221,18,5,ari_average,3,0.7664196568436451,False,False,0.7405979926174118
difficulty_level,2,hard,0.7458832980165221,18,5,ari_average,4,0.9376027998199912,False,False,0.9342968071615704
difficulty_level,2,hard,0.7458832980165221,18,5,ari_average,5,0.9788603478368567,True,True,1.0
difficulty_level,2,hard,0.7458832980165221,18,5,ari_average,6,0.8491323574631974,False,False,0.8107605609810351
difficulty_level,2,hard,0.7458832980165221,18,5,ari_average,7,0.8616340223287198,False,False,0.7399476568427382
difficulty_level,2,hard,0.7458832980165221,18,5,ari_average_1se,3,0.7664196568436451,False,False,0.7405979926174118
difficulty_level,2,hard,0.7458832980165221,18,5,ari_average_1se,4,0.9376027998199912,False,False,0.9342968071615704
difficulty_level,2,hard,0.7458832980165221,18,5,ari_average_1se,5,0.9788603478368567,True,True,1.0
difficulty_level,2,hard,0.7458832980165221,18,5,ari_average_1se,6,0.8491323574631974,False,False,0.8107605609810351
difficulty_level,2,hard,0.7458832980165221,18,5,ari_average_1se,7,0.8616340223287198,False,False,0.7399476568427382
difficulty_level,2,hard,0.7458832980165221,18,5,ari_average_quant,3,0.7664196568436451,False,False,0.7405979926174118
difficulty_level,2,hard,0.7458832980165221,18,5,ari_average_quant,4,0.9376027998199912,False,False,0.9342968071615704
difficulty_level,2,hard,0.7458832980165221,18,5,ari_average_quant,5,0.9788603478368567,True,True,1.0
difficulty_level,2,hard,0.7458832980165221,18,5,ari_average_quant,6,0.8491323574631974,False,False,0.8107605609810351
difficulty_level,2,hard,0.7458832980165221,18,5,ari_average_quant,7,0.8616340223287198,False,False,0.7399476568427382
difficulty_level,2,hard,0.7458832980165221,18,5,ari_generalizability,3,0.7358535166224698,False,False,0.7405979926174118
difficulty_level,2,hard,0.7458832980165221,18,5,ari_generalizability,4,0.9458453436896471,False,False,0.9342968071615704
difficulty_level,2,hard,0.7458832980165221,18,5,ari_generalizability,5,0.9577206956737137,True,True,1.0
difficulty_level,2,hard,0.7458832980165221,18,5,ari_generalizability,6,0.8241742950783015,False,False,0.8107605609810351
difficulty_level,2,hard,0.7458832980165221,18,5,ari_generalizability,7,0.8492760306758579,False,False,0.7399476568427382
difficulty_level,2,hard,0.7458832980165221,18,5,ari_generalizability_1se,3,0.7358535166224698,False,False,0.7405979926174118
difficulty_level,2,hard,0.7458832980165221,18,5,ari_generalizability_1se,4,0.9458453436896471,False,False,0.9342968071615704
difficulty_level,2,hard,0.7458832980165221,18,5,ari_generalizability_1se,5,0.9577206956737137,True,True,1.0
difficulty_level,2,hard,0.7458832980165221,18,5,ari_generalizability_1se,6,0.8241742950783015,False,False,0.8107605609810351
difficulty_level,2,hard,0.7458832980165221,18,5,ari_generalizability_1se,7,0.8492760306758579,False,False,0.7399476568427382
difficulty_level,2,hard,0.7458832980165221,18,5,ari_generalizability_quant,3,0.7358535166224698,False,False,0.7405979926174118
difficulty_level,2,hard,0.7458832980165221,18,5,ari_generalizability_quant,4,0.9458453436896471,False,False,0.9342968071615704
difficulty_level,2,hard,0.7458832980165221,18,5,ari_generalizability_quant,5,0.9577206956737137,False,True,1.0
difficulty_level,2,hard,0.7458832980165221,18,5,ari_generalizability_quant,6,0.8241742950783015,False,False,0.8107605609810351
difficulty_level,2,hard,0.7458832980165221,18,5,ari_generalizability_quant,7,0.8492760306758579,True,False,0.7399476568427382
difficulty_level,2,hard,0.7458832980165221,18,5,ari_stability,3,0.7969857970648205,False,False,0.7405979926174118
difficulty_level,2,hard,0.7458832980165221,18,5,ari_stability,4,0.9293602559503354,False,False,0.9342968071615704
difficulty_level,2,hard,0.7458832980165221,18,5,ari_stability,5,1.0,True,True,1.0
difficulty_level,2,hard,0.7458832980165221,18,5,ari_stability,6,0.8740904198480934,False,False,0.8107605609810351
difficulty_level,2,hard,0.7458832980165221,18,5,ari_stability,7,0.8739920139815812,False,False,0.7399476568427382
difficulty_level,2,hard,0.7458832980165221,18,5,ari_stability_1se,3,0.7969857970648205,False,False,0.7405979926174118
difficulty_level,2,hard,0.7458832980165221,18,5,ari_stability_1se,4,0.9293602559503354,False,False,0.9342968071615704
difficulty_level,2,hard,0.7458832980165221,18,5,ari_stability_1se,5,1.0,True,True,1.0
difficulty_level,2,hard,0.7458832980165221,18,5,ari_stability_1se,6,0.8740904198480934,False,False,0.8107605609810351
difficulty_level,2,hard,0.7458832980165221,18,5,ari_stability_1se,7,0.8739920139815812,False,False,0.7399476568427382
difficulty_level,2,hard,0.7458832980165221,18,5,ari_stability_quant,3,0.7969857970648205,False,False,0.7405979926174118
difficulty_level,2,hard,0.7458832980165221,18,5,ari_stability_quant,4,0.9293602559503354,False,False,0.9342968071615704
difficulty_level,2,hard,0.7458832980165221,18,5,ari_stability_quant,5,1.0,True,True,1.0
difficulty_level,2,hard,0.7458832980165221,18,5,ari_stability_quant,6,0.8740904198480934,False,False,0.8107605609810351
difficulty_level,2,hard,0.7458832980165221,18,5,ari_stability_quant,7,0.8739920139815812,False,False,0.7399476568427382
difficulty_level,2,hard,0.7458832980165221,18,5,consensus_ce_stability,3,0.8022166769201734,False,False,0.7405979926174118
difficulty_level,2,hard,0.7458832980165221,18,5,consensus_ce_stability,4,0.9286149647300529,False,False,0.9342968071615704
difficulty_level,2,hard,0.7458832980165221,18,5,consensus_ce_stability,5,0.9999999999586944,True,True,1.0
difficulty_level,2,hard,0.7458832980165221,18,5,consensus_ce_stability,6,0.9158603759877321,False,False,0.8107605609810351
difficulty_level,2,hard,0.7458832980165221,18,5,consensus_ce_stability,7,0.9224299051553146,False,False,0.7399476568427382
difficulty_level,2,hard,0.7458832980165221,18,5,consensus_gini_stability,3,0.8188052494565172,False,False,0.7405979926174118
difficulty_level,2,hard,0.7458832980165221,18,5,consensus_gini_stability,4,0.9383679799573393,False,False,0.9342968071615704
difficulty_level,2,hard,0.7458832980165221,18,5,consensus_gini_stability,5,1.0,True,True,1.0
difficulty_level,2,hard,0.7458832980165221,18,5,consensus_gini_stability,6,0.9264093199256233,False,False,0.8107605609810351
difficulty_level,2,hard,0.7458832980165221,18,5,consensus_gini_stability,7,0.9335356645756255,False,False,0.7399476568427382
difficulty_level,2,hard,0.7458832980165221,18,5,consensus_pac_stability,3,0.7836860128974872,False,False,0.7405979926174118
difficulty_level,2,hard,0.7458832980165221,18,5,consensus_pac_stability,4,0.8887249277295975,False,False,0.9342968071615704
difficulty_level,2,hard,0.7458832980165221,18,5,consensus_pac_stability,5,1.0,True,True,1.0
difficulty_level,2,hard,0.7458832980165221,18,5,consensus_pac_stability,6,0.8854809873248832,False,False,0.8107605609810351
difficulty_level,2,hard,0.7458832980165221,18,5,consensus_pac_stability,7,0.8906711140760507,False,False,0.7399476568427382
difficulty_level,2,hard,0.7458832980165221,18,5,silhouette,3,0.10845363957531744,False,False,0.7405979926174118
difficulty_level,2,hard,0.7458832980165221,18,5,silhouette,4,0.13133281171546474,False,False,0.9342968071615704
difficulty_level,2,hard,0.7458832980165221,18,5,silhouette,5,0.17124326479883473,False,True,0.7458832980165221
difficulty_level,2,hard,0.7458832980165221,18,5,silhouette,6,0.18919168382157833,False,False,0.8114391221028804
difficulty_level,2,hard,0.7458832980165221,18,5,silhouette,7,0.22204630021271607,True,False,0.7181359187239982
difficulty_level,2,hard,0.7458832980165221,18,5,gap,3,0.08315686331062366,False,False,0.7405979926174118
difficulty_level,2,hard,0.7458832980165221,18,5,gap,4,0.1247464997886869,False,False,0.9342968071615704
difficulty_level,2,hard,0.7458832980165221,18,5,gap,5,0.2119962313630115,False,True,0.7458832980165221
difficulty_level,2,hard,0.7458832980165221,18,5,gap,6,0.2539632699417087,False,False,0.8114391221028804
difficulty_level,2,hard,0.7458832980165221,18,5,gap,7,0.34004567668366015,True,False,0.7181359187239982
difficulty_level,2,hard,0.7458832980165221,18,5,davies_bouldin,3,0.2209809768524367,False,False,0.7405979926174118
difficulty_level,2,hard,0.7458832980165221,18,5,davies_bouldin,4,0.2356545184623961,False,False,0.9342968071615704
difficulty_level,2,hard,0.7458832980165221,18,5,davies_bouldin,5,0.256936116303184,False,True,0.7458832980165221
difficulty_level,2,hard,0.7458832980165221,18,5,davies_bouldin,6,0.2898114530459778,False,False,0.8114391221028804
difficulty_level,2,hard,0.7458832980165221,18,5,davies_bouldin,7,0.3190011106740198,True,False,0.7181359187239982
difficulty_level,2,hard,0.7458832980165221,18,5,calinski_harabasz,3,95.89251315985237,False,False,0.7405979926174118
difficulty_level,2,hard,0.7458832980165221,18,5,calinski_harabasz,4,92.70764917102547,False,False,0.9342968071615704
difficulty_level,2,hard,0.7458832980165221,18,5,calinski_harabasz,5,113.29640115040192,False,True,0.7458832980165221
difficulty_level,2,hard,0.7458832980165221,18,5,calinski_harabasz,6,109.60284674713718,False,False,0.8114391221028804
difficulty_level,2,hard,0.7458832980165221,18,5,calinski_harabasz,7,123.79947457290976,True,False,0.7181359187239982
difficulty_level,2,hard,0.7753500350376809,19,5,accuracy_generalizability,3,0.9901325044742558,True,False,0.7898303192232874
difficulty_level,2,hard,0.7753500350376809,19,5,accuracy_generalizability,4,0.8872744307725959,False,False,0.9468171392430267
difficulty_level,2,hard,0.7753500350376809,19,5,accuracy_generalizability,5,0.7212585907032032,False,True,1.0
difficulty_level,2,hard,0.7753500350376809,19,5,accuracy_generalizability,6,0.7281117939649965,False,False,0.8291454274781842
difficulty_level,2,hard,0.7753500350376809,19,5,accuracy_generalizability,7,0.6894169123696885,False,False,0.6947602530179896
difficulty_level,2,hard,0.7753500350376809,19,5,ari_average,3,0.9742677488866727,True,False,0.7898303192232874
difficulty_level,2,hard,0.7753500350376809,19,5,ari_average,4,0.9458917809639383,False,False,0.9468171392430267
difficulty_level,2,hard,0.7753500350376809,19,5,ari_average,5,0.8662879772120178,False,True,1.0
difficulty_level,2,hard,0.7753500350376809,19,5,ari_average,6,0.820031830733993,False,False,0.8291454274781842
difficulty_level,2,hard,0.7753500350376809,19,5,ari_average,7,0.745174864740977,False,False,0.6947602530179896
difficulty_level,2,hard,0.7753500350376809,19,5,ari_average_1se,3,0.9742677488866727,True,False,0.7898303192232874
difficulty_level,2,hard,0.7753500350376809,19,5,ari_average_1se,4,0.9458917809639383,False,False,0.9468171392430267
difficulty_level,2,hard,0.7753500350376809,19,5,ari_average_1se,5,0.8662879772120178,False,True,1.0
difficulty_level,2,hard,0.7753500350376809,19,5,ari_average_1se,6,0.820031830733993,False,False,0.8291454274781842
difficulty_level,2,hard,0.7753500350376809,19,5,ari_average_1se,7,0.745174864740977,False,False,0.6947602530179896
difficulty_level,2,hard,0.7753500350376809,19,5,ari_average_quant,3,0.9742677488866727,False,False,0.7898303192232874
difficulty_level,2,hard,0.7753500350376809,19,5,ari_average_quant,4,0.9458917809639383,False,False,0.9468171392430267
difficulty_level,2,hard,0.7753500350376809,19,5,ari_average_quant,5,0.8662879772120178,False,True,1.0
difficulty_level,2,hard,0.7753500350376809,19,5,ari_average_quant,6,0.820031830733993,True,False,0.8291454274781842
difficulty_level,2,hard,0.7753500350376809,19,5,ari_average_quant,7,0.745174864740977,False,False,0.6947602530179896
difficulty_level,2,hard,0.7753500350376809,19,5,ari_generalizability,3,0.9807624561124686,True,False,0.7898303192232874
difficulty_level,2,hard,0.7753500350376809,19,5,ari_generalizability,4,0.8917835619278768,False,False,0.9468171392430267
difficulty_level,2,hard,0.7753500350376809,19,5,ari_generalizability,5,0.7485476383414944,False,True,1.0
difficulty_level,2,hard,0.7753500350376809,19,5,ari_generalizability,6,0.7243456037691783,False,False,0.8291454274781842
difficulty_level,2,hard,0.7753500350376809,19,5,ari_generalizability,7,0.662198183231844,False,False,0.6947602530179896
difficulty_level,2,hard,0.7753500350376809,19,5,ari_generalizability_1se,3,0.9807624561124686,True,False,0.7898303192232874
difficulty_level,2,hard,0.7753500350376809,19,5,ari_generalizability_1se,4,0.8917835619278768,False,False,0.9468171392430267
difficulty_level,2,hard,0.7753500350376809,19,5,ari_generalizability_1se,5,0.7485476383414944,False,True,1.0
difficulty_level,2,hard,0.7753500350376809,19,5,ari_generalizability_1se,6,0.7243456037691783,False,False,0.8291454274781842
difficulty_level,2,hard,0.7753500350376809,19,5,ari_generalizability_1se,7,0.662198183231844,False,False,0.6947602530179896
difficulty_level,2,hard,0.7753500350376809,19,5,ari_generalizability_quant,3,0.9807624561124686,True,False,0.7898303192232874
difficulty_level,2,hard,0.7753500350376809,19,5,ari_generalizability_quant,4,0.8917835619278768,False,False,0.9468171392430267
difficulty_level,2,hard,0.7753500350376809,19,5,ari_generalizability_quant,5,0.7485476383414944,False,True,1.0
difficulty_level,2,hard,0.7753500350376809,19,5,ari_generalizability_quant,6,0.7243456037691783,False,False,0.8291454274781842
difficulty_level,2,hard,0.7753500350376809,19,5,ari_generalizability_quant,7,0.662198183231844,False,False,0.6947602530179896
difficulty_level,2,hard,0.7753500350376809,19,5,ari_stability,3,0.9677730416608767,False,False,0.7898303192232874
difficulty_level,2,hard,0.7753500350376809,19,5,ari_stability,4,1.0,True,False,0.9468171392430267
difficulty_level,2,hard,0.7753500350376809,19,5,ari_stability,5,0.984028316082541,False,True,1.0
difficulty_level,2,hard,0.7753500350376809,19,5,ari_stability,6,0.9157180576988079,False,False,0.8291454274781842
difficulty_level,2,hard,0.7753500350376809,19,5,ari_stability,7,0.82815154625011,False,False,0.6947602530179896
difficulty_level,2,hard,0.7753500350376809,19,5,ari_stability_1se,3,0.9677730416608767,False,False,0.7898303192232874
difficulty_level,2,hard,0.7753500350376809,19,5,ari_stability_1se,4,1.0,True,False,0.9468171392430267
difficulty_level,2,hard,0.7753500350376809,19,5,ari_stability_1se,5,0.984028316082541,False,True,1.0
difficulty_level,2,hard,0.7753500350376809,19,5,ari_stability_1se,6,0.9157180576988079,False,False,0.8291454274781842
difficulty_level,2,hard,0.7753500350376809,19,5,ari_stability_1se,7,0.82815154625011,False,False,0.6947602530179896
difficulty_level,2,hard,0.7753500350376809,19,5,ari_stability_quant,3,0.9677730416608767,False,False,0.7898303192232874
difficulty_level,2,hard,0.7753500350376809,19,5,ari_stability_quant,4,1.0,True,False,0.9468171392430267
difficulty_level,2,hard,0.7753500350376809,19,5,ari_stability_quant,5,0.984028316082541,False,True,1.0
difficulty_level,2,hard,0.7753500350376809,19,5,ari_stability_quant,6,0.9157180576988079,False,False,0.8291454274781842
difficulty_level,2,hard,0.7753500350376809,19,5,ari_stability_quant,7,0.82815154625011,False,False,0.6947602530179896
difficulty_level,2,hard,0.7753500350376809,19,5,consensus_ce_stability,3,0.9495110989495351,False,False,0.7898303192232874
difficulty_level,2,hard,0.7753500350376809,19,5,consensus_ce_stability,4,0.9999999999586944,True,False,0.9468171392430267
difficulty_level,2,hard,0.7753500350376809,19,5,consensus_ce_stability,5,0.9861693152852977,False,True,1.0
difficulty_level,2,hard,0.7753500350376809,19,5,consensus_ce_stability,6,0.9294883873643057,False,False,0.8291454274781842
difficulty_level,2,hard,0.7753500350376809,19,5,consensus_ce_stability,7,0.8961637904323965,False,False,0.6947602530179896
difficulty_level,2,hard,0.7753500350376809,19,5,consensus_gini_stability,3,0.9653110844235862,False,False,0.7898303192232874
difficulty_level,2,hard,0.7753500350376809,19,5,consensus_gini_stability,4,1.0,True,False,0.9468171392430267
difficulty_level,2,hard,0.7753500350376809,19,5,consensus_gini_stability,5,0.9915016923574734,False,True,1.0
difficulty_level,2,hard,0.7753500350376809,19,5,consensus_gini_stability,6,0.9427561012370517,False,False,0.8291454274781842
difficulty_level,2,hard,0.7753500350376809,19,5,consensus_gini_stability,7,0.9075975113508272,False,False,0.6947602530179896
difficulty_level,2,hard,0.7753500350376809,19,5,consensus_pac_stability,3,0.9033942628418946,False,False,0.7898303192232874
difficulty_level,2,hard,0.7753500350376809,19,5,consensus_pac_stability,4,1.0,True,False,0.9468171392430267
difficulty_level,2,hard,0.7753500350376809,19,5,consensus_pac_stability,5,0.9901881254169447,False,True,1.0
difficulty_level,2,hard,0.7753500350376809,19,5,consensus_pac_stability,6,0.8908276628863687,False,False,0.8291454274781842
difficulty_level,2,hard,0.7753500350376809,19,5,consensus_pac_stability,7,0.8700724927729597,False,False,0.6947602530179896
difficulty_level,2,hard,0.7753500350376809,19,5,silhouette,3,0.12165822189455995,False,False,0.7898303192232874
difficulty_level,2,hard,0.7753500350376809,19,5,silhouette,4,0.143731790781936,False,False,0.9468171392430267
difficulty_level,2,hard,0.7753500350376809,19,5,silhouette,5,0.19317234642714107,False,True,0.7753500350376809
difficulty_level,2,hard,0.7753500350376809,19,5,silhouette,6,0.22279468917907658,False,False,0.6374338730696313
difficulty_level,2,hard,0.7753500350376809,19,5,silhouette,7,0.23959279631931144,True,False,0.6891136491793148
difficulty_level,2,hard,0.7753500350376809,19,5,gap,3,0.05963236512573644,False,False,0.7898303192232874
difficulty_level,2,hard,0.7753500350376809,19,5,gap,4,0.10112760013885236,False,False,0.9468171392430267
difficulty_level,2,hard,0.7753500350376809,19,5,gap,5,0.2248033280763604,False,True,0.7753500350376809
difficulty_level,2,hard,0.7753500350376809,19,5,gap,6,0.29973566190562373,False,False,0.6374338730696313
difficulty_level,2,hard,0.7753500350376809,19,5,gap,7,0.35066297534457114,True,False,0.6891136491793148
difficulty_level,2,hard,0.7753500350376809,19,5,davies_bouldin,3,0.2369703974543712,False,False,0.7898303192232874
difficulty_level,2,hard,0.7753500350376809,19,5,davies_bouldin,4,0.24677404840542438,False,False,0.9468171392430267
difficulty_level,2,hard,0.7753500350376809,19,5,davies_bouldin,5,0.2829220058252094,False,True,0.7753500350376809
difficulty_level,2,hard,0.7753500350376809,19,5,davies_bouldin,6,0.29772642710846603,False,False,0.6374338730696313
difficulty_level,2,hard,0.7753500350376809,19,5,davies_bouldin,7,0.309880117698352,True,False,0.6891136491793148
difficulty_level,2,hard,0.7753500350376809,19,5,calinski_harabasz,3,112.1346971126426,False,False,0.7898303192232874
difficulty_level,2,hard,0.7753500350376809,19,5,calinski_harabasz,4,103.86219893976492,False,False,0.9468171392430267
difficulty_level,2,hard,0.7753500350376809,19,5,calinski_harabasz,5,141.02021565254861,False,True,0.7753500350376809
difficulty_level,2,hard,0.7753500350376809,19,5,calinski_harabasz,6,147.4950583313263,True,False,0.6374338730696313
difficulty_level,2,hard,0.7753500350376809,19,5,calinski_harabasz,7,144.49908810702917,False,False,0.6891136491793148
