axis_name,axis_value,difficulty,baseline_ari,dataset_iteration,true_k,metric_name,k,metric_value,is_optimal,is_correct,metric_ari
difficulty_level,0,easy,1.0,0,5,accuracy_generalizability,3,0.9083033042288801,False,False,0.6935653067022052
difficulty_level,0,easy,1.0,0,5,accuracy_generalizability,4,0.8929341604734241,False,False,0.8349692184627492
difficulty_level,0,easy,1.0,0,5,accuracy_generalizability,5,1.0,True,True,1.0
difficulty_level,0,easy,1.0,0,5,accuracy_generalizability,6,0.8917106819359114,False,False,0.9137706894990332
difficulty_level,0,easy,1.0,0,5,accuracy_generalizability,7,0.8615079739577519,False,False,0.8207232761530464
difficulty_level,0,easy,1.0,0,5,ari_average,3,0.7896623523635974,False,False,0.6935653067022052
difficulty_level,0,easy,1.0,0,5,ari_average,4,0.7999105113535867,False,False,0.8349692184627492
difficulty_level,0,easy,1.0,0,5,ari_average,5,1.0,True,True,1.0
difficulty_level,0,easy,1.0,0,5,ari_average,6,0.9127836436535458,False,False,0.9137706894990332
difficulty_level,0,easy,1.0,0,5,ari_average,7,0.8546578774210921,False,False,0.8207232761530464
difficulty_level,0,easy,1.0,0,5,ari_average_1se,3,0.7896623523635974,False,False,0.6935653067022052
difficulty_level,0,easy,1.0,0,5,ari_average_1se,4,0.7999105113535867,False,False,0.8349692184627492
difficulty_level,0,easy,1.0,0,5,ari_average_1se,5,1.0,True,True,1.0
difficulty_level,0,easy,1.0,0,5,ari_average_1se,6,0.9127836436535458,False,False,0.9137706894990332
difficulty_level,0,easy,1.0,0,5,ari_average_1se,7,0.8546578774210921,False,False,0.8207232761530464
difficulty_level,0,easy,1.0,0,5,ari_average_quant,3,0.7896623523635974,False,False,0.6935653067022052
difficulty_level,0,easy,1.0,0,5,ari_average_quant,4,0.7999105113535867,False,False,0.8349692184627492
difficulty_level,0,easy,1.0,0,5,ari_average_quant,5,1.0,True,True,1.0
difficulty_level,0,easy,1.0,0,5,ari_average_quant,6,0.9127836436535458,False,False,0.9137706894990332
difficulty_level,0,easy,1.0,0,5,ari_average_quant,7,0.8546578774210921,False,False,0.8207232761530464
difficulty_level,0,easy,1.0,0,5,ari_generalizability,3,0.7405557414831416,False,False,0.6935653067022052
difficulty_level,0,easy,1.0,0,5,ari_generalizability,4,0.7611855680186338,False,False,0.8349692184627492
difficulty_level,0,easy,1.0,0,5,ari_generalizability,5,1.0,True,True,1.0
difficulty_level,0,easy,1.0,0,5,ari_generalizability,6,0.8968151192006948,False,False,0.9137706894990332
difficulty_level,0,easy,1.0,0,5,ari_generalizability,7,0.8355662660208063,False,False,0.8207232761530464
difficulty_level,0,easy,1.0,0,5,ari_generalizability_1se,3,0.7405557414831416,False,False,0.6935653067022052
difficulty_level,0,easy,1.0,0,5,ari_generalizability_1se,4,0.7611855680186338,False,False,0.8349692184627492
difficulty_level,0,easy,1.0,0,5,ari_generalizability_1se,5,1.0,True,True,1.0
difficulty_level,0,easy,1.0,0,5,ari_generalizability_1se,6,0.8968151192006948,False,False,0.9137706894990332
difficulty_level,0,easy,1.0,0,5,ari_generalizability_1se,7,0.8355662660208063,False,False,0.8207232761530464
difficulty_level,0,easy,1.0,0,5,ari_generalizability_quant,3,0.7405557414831416,False,False,0.6935653067022052
difficulty_level,0,easy,1.0,0,5,ari_generalizability_quant,4,0.7611855680186338,False,False,0.8349692184627492
difficulty_level,0,easy,1.0,0,5,ari_generalizability_quant,5,1.0,True,True,1.0
difficulty_level,0,easy,1.0,0,5,ari_generalizability_quant,6,0.8968151192006948,False,False,0.9137706894990332
difficulty_level,0,easy,1.0,0,5,ari_generalizability_quant,7,0.8355662660208063,False,False,0.8207232761530464
difficulty_level,0,easy,1.0,0,5,ari_stability,3,0.8387689632440533,False,False,0.6935653067022052
difficulty_level,0,easy,1.0,0,5,ari_stability,4,0.8386354546885398,False,False,0.8349692184627492
difficulty_level,0,easy,1.0,0,5,ari_stability,5,1.0,True,True,1.0
difficulty_level,0,easy,1.0,0,5,ari_stability,6,0.9287521681063966,False,False,0.9137706894990332
difficulty_level,0,easy,1.0,0,5,ari_stability,7,0.873749488821378,False,False,0.8207232761530464
difficulty_level,0,easy,1.0,0,5,ari_stability_1se,3,0.8387689632440533,False,False,0.6935653067022052
difficulty_level,0,easy,1.0,0,5,ari_stability_1se,4,0.8386354546885398,False,False,0.8349692184627492
difficulty_level,0,easy,1.0,0,5,ari_stability_1se,5,1.0,True,True,1.0
difficulty_level,0,easy,1.0,0,5,ari_stability_1se,6,0.9287521681063966,False,False,0.9137706894990332
difficulty_level,0,easy,1.0,0,5,ari_stability_1se,7,0.873749488821378,False,False,0.8207232761530464
difficulty_level,0,easy,1.0,0,5,ari_stability_quant,3,0.8387689632440533,False,False,0.6935653067022052
difficulty_level,0,easy,1.0,0,5,ari_stability_quant,4,0.8386354546885398,False,False,0.8349692184627492
difficulty_level,0,easy,1.0,0,5,ari_stability_quant,5,1.0,True,True,1.0
difficulty_level,0,easy,1.0,0,5,ari_stability_quant,6,0.9287521681063966,False,False,0.9137706894990332
difficulty_level,0,easy,1.0,0,5,ari_stability_quant,7,0.873749488821378,False,False,0.8207232761530464
difficulty_level,0,easy,1.0,0,5,consensus_ce_stability,3,0.8616016009724089,False,False,0.6935653067022052
difficulty_level,0,easy,1.0,0,5,consensus_ce_stability,4,0.8749210793521413,False,False,0.8349692184627492
difficulty_level,0,easy,1.0,0,5,consensus_ce_stability,5,0.9999999999586944,True,True,1.0
difficulty_level,0,easy,1.0,0,5,consensus_ce_stability,6,0.9429734971201039,False,False,0.9137706894990332
difficulty_level,0,easy,1.0,0,5,consensus_ce_stability,7,0.915536119023338,False,False,0.8207232761530464
difficulty_level,0,easy,1.0,0,5,consensus_gini_stability,3,0.8623313575319257,False,False,0.6935653067022052
difficulty_level,0,easy,1.0,0,5,consensus_gini_stability,4,0.8796353100033225,False,False,0.8349692184627492
difficulty_level,0,easy,1.0,0,5,consensus_gini_stability,5,1.0,True,True,1.0
difficulty_level,0,easy,1.0,0,5,consensus_gini_stability,6,0.9505057239637577,False,False,0.9137706894990332
difficulty_level,0,easy,1.0,0,5,consensus_gini_stability,7,0.926555321125517,False,False,0.8207232761530464
difficulty_level,0,easy,1.0,0,5,consensus_pac_stability,3,0.8596423211605803,False,False,0.6935653067022052
difficulty_level,0,easy,1.0,0,5,consensus_pac_stability,4,0.8596693346673336,False,False,0.8349692184627492
difficulty_level,0,easy,1.0,0,5,consensus_pac_stability,5,1.0,True,True,1.0
difficulty_level,0,easy,1.0,0,5,consensus_pac_stability,6,0.9167348674337169,False,False,0.9137706894990332
difficulty_level,0,easy,1.0,0,5,consensus_pac_stability,7,0.8855477738869435,False,False,0.8207232761530464
difficulty_level,0,easy,1.0,0,5,silhouette,3,0.2985549471776341,False,False,0.7178538327970149
difficulty_level,0,easy,1.0,0,5,silhouette,4,0.34765400127693663,False,False,0.8349692184627492
difficulty_level,0,easy,1.0,0,5,silhouette,5,0.39323429425728457,False,True,1.0
difficulty_level,0,easy,1.0,0,5,silhouette,6,0.3940987304512456,True,False,0.9110591151021776
difficulty_level,0,easy,1.0,0,5,silhouette,7,0.39189285842071897,False,False,0.8377032539406761
difficulty_level,0,easy,1.0,0,5,gap,3,0.6187607217178606,False,False,0.7178538327970149
difficulty_level,0,easy,1.0,0,5,gap,4,0.7774918574461047,False,False,0.8349692184627492
difficulty_level,0,easy,1.0,0,5,gap,5,0.9513956893618278,False,True,1.0
difficulty_level,0,easy,1.0,0,5,gap,6,1.0613540182329704,False,False,0.9110591151021776
difficulty_level,0,easy,1.0,0,5,gap,7,1.173001800798879,True,False,0.8377032539406761
difficulty_level,0,easy,1.0,0,5,davies_bouldin,3,0.38278569904926546,False,False,0.7178538327970149
difficulty_level,0,easy,1.0,0,5,davies_bouldin,4,0.4353493439053075,False,False,0.8349692184627492
difficulty_level,0,easy,1.0,0,5,davies_bouldin,5,0.46132040802445967,False,True,1.0
difficulty_level,0,easy,1.0,0,5,davies_bouldin,6,0.47021384970773644,False,False,0.9110591151021776
difficulty_level,0,easy,1.0,0,5,davies_bouldin,7,0.4752966450930254,True,False,0.8377032539406761
difficulty_level,0,easy,1.0,0,5,calinski_harabasz,3,545.3952075686967,False,False,0.7178538327970149
difficulty_level,0,easy,1.0,0,5,calinski_harabasz,4,548.10886062923,False,False,0.8349692184627492
difficulty_level,0,easy,1.0,0,5,calinski_harabasz,5,589.4772277390042,True,True,1.0
difficulty_level,0,easy,1.0,0,5,calinski_harabasz,6,577.0281501850616,False,False,0.9110591151021776
difficulty_level,0,easy,1.0,0,5,calinski_harabasz,7,580.6689465453524,False,False,0.8377032539406761
difficulty_level,0,easy,1.0,1,5,accuracy_generalizability,3,0.9682365827671502,False,False,0.5765096327679048
difficulty_level,0,easy,1.0,1,5,accuracy_generalizability,4,0.9989602912483179,False,False,0.9011086979477712
difficulty_level,0,easy,1.0,1,5,accuracy_generalizability,5,1.0,True,True,1.0
difficulty_level,0,easy,1.0,1,5,accuracy_generalizability,6,0.8313714155116488,False,False,0.9344711811687847
difficulty_level,0,easy,1.0,1,5,accuracy_generalizability,7,0.7757889063152477,False,False,0.8210676587995375
difficulty_level,0,easy,1.0,1,5,ari_average,3,0.9658855051408365,False,False,0.5765096327679048
difficulty_level,0,easy,1.0,1,5,ari_average,4,0.9987600539529637,False,False,0.9011086979477712
difficulty_level,0,easy,1.0,1,5,ari_average,5,1.0,True,True,1.0
difficulty_level,0,easy,1.0,1,5,ari_average,6,0.8520278003565747,False,False,0.9344711811687847
difficulty_level,0,easy,1.0,1,5,ari_average,7,0.7643020958083144,False,False,0.8210676587995375
difficulty_level,0,easy,1.0,1,5,ari_average_1se,3,0.9658855051408365,False,False,0.5765096327679048
difficulty_level,0,easy,1.0,1,5,ari_average_1se,4,0.9987600539529637,False,False,0.9011086979477712
difficulty_level,0,easy,1.0,1,5,ari_average_1se,5,1.0,True,True,1.0
difficulty_level,0,easy,1.0,1,5,ari_average_1se,6,0.8520278003565747,False,False,0.9344711811687847
difficulty_level,0,easy,1.0,1,5,ari_average_1se,7,0.7643020958083144,False,False,0.8210676587995375
difficulty_level,0,easy,1.0,1,5,ari_average_quant,3,0.9658855051408365,False,False,0.5765096327679048
difficulty_level,0,easy,1.0,1,5,ari_average_quant,4,0.9987600539529637,False,False,0.9011086979477712
difficulty_level,0,easy,1.0,1,5,ari_average_quant,5,1.0,True,True,1.0
difficulty_level,0,easy,1.0,1,5,ari_average_quant,6,0.8520278003565747,False,False,0.9344711811687847
difficulty_level,0,easy,1.0,1,5,ari_average_quant,7,0.7643020958083144,False,False,0.8210676587995375
difficulty_level,0,easy,1.0,1,5,ari_generalizability,3,0.9374261485364582,False,False,0.5765096327679048
difficulty_level,0,easy,1.0,1,5,ari_generalizability,4,0.9975201079059274,False,False,0.9011086979477712
difficulty_level,0,easy,1.0,1,5,ari_generalizability,5,1.0,True,True,1.0
difficulty_level,0,easy,1.0,1,5,ari_generalizability,6,0.8408928727334067,False,False,0.9344711811687847
difficulty_level,0,easy,1.0,1,5,ari_generalizability,7,0.751286099100603,False,False,0.8210676587995375
difficulty_level,0,easy,1.0,1,5,ari_generalizability_1se,3,0.9374261485364582,False,False,0.5765096327679048
difficulty_level,0,easy,1.0,1,5,ari_generalizability_1se,4,0.9975201079059274,False,False,0.9011086979477712
difficulty_level,0,easy,1.0,1,5,ari_generalizability_1se,5,1.0,True,True,1.0
difficulty_level,0,easy,1.0,1,5,ari_generalizability_1se,6,0.8408928727334067,False,False,0.9344711811687847
difficulty_level,0,easy,1.0,1,5,ari_generalizability_1se,7,0.751286099100603,False,False,0.8210676587995375
difficulty_level,0,easy,1.0,1,5,ari_generalizability_quant,3,0.9374261485364582,False,False,0.5765096327679048
difficulty_level,0,easy,1.0,1,5,ari_generalizability_quant,4,0.9975201079059274,False,False,0.9011086979477712
difficulty_level,0,easy,1.0,1,5,ari_generalizability_quant,5,1.0,True,True,1.0
difficulty_level,0,easy,1.0,1,5,ari_generalizability_quant,6,0.8408928727334067,False,False,0.9344711811687847
difficulty_level,0,easy,1.0,1,5,ari_generalizability_quant,7,0.751286099100603,False,False,0.8210676587995375
difficulty_level,0,easy,1.0,1,5,ari_stability,3,0.9943448617452149,False,False,0.5765096327679048
difficulty_level,0,easy,1.0,1,5,ari_stability,4,1.0,True,False,0.9011086979477712
difficulty_level,0,easy,1.0,1,5,ari_stability,5,1.0,False,True,1.0
difficulty_level,0,easy,1.0,1,5,ari_stability,6,0.8631627279797428,False,False,0.9344711811687847
difficulty_level,0,easy,1.0,1,5,ari_stability,7,0.7773180925160258,False,False,0.8210676587995375
difficulty_level,0,easy,1.0,1,5,ari_stability_1se,3,0.9943448617452149,False,False,0.5765096327679048
difficulty_level,0,easy,1.0,1,5,ari_stability_1se,4,1.0,False,False,0.9011086979477712
difficulty_level,0,easy,1.0,1,5,ari_stability_1se,5,1.0,True,True,1.0
difficulty_level,0,easy,1.0,1,5,ari_stability_1se,6,0.8631627279797428,False,False,0.9344711811687847
difficulty_level,0,easy,1.0,1,5,ari_stability_1se,7,0.7773180925160258,False,False,0.8210676587995375
difficulty_level,0,easy,1.0,1,5,ari_stability_quant,3,0.9943448617452149,False,False,0.5765096327679048
difficulty_level,0,easy,1.0,1,5,ari_stability_quant,4,1.0,False,False,0.9011086979477712
difficulty_level,0,easy,1.0,1,5,ari_stability_quant,5,1.0,True,True,1.0
difficulty_level,0,easy,1.0,1,5,ari_stability_quant,6,0.8631627279797428,False,False,0.9344711811687847
difficulty_level,0,easy,1.0,1,5,ari_stability_quant,7,0.7773180925160258,False,False,0.8210676587995375
difficulty_level,0,easy,1.0,1,5,consensus_ce_stability,3,0.9999999999586945,True,False,0.5765096327679048
difficulty_level,0,easy,1.0,1,5,consensus_ce_stability,4,0.9999999999586944,False,False,0.9011086979477712
difficulty_level,0,easy,1.0,1,5,consensus_ce_stability,5,0.9999999999586944,False,True,1.0
difficulty_level,0,easy,1.0,1,5,consensus_ce_stability,6,0.9047445990472213,False,False,0.9344711811687847
difficulty_level,0,easy,1.0,1,5,consensus_ce_stability,7,0.8706599315025969,False,False,0.8210676587995375
difficulty_level,0,easy,1.0,1,5,consensus_gini_stability,3,1.0,True,False,0.5765096327679048
difficulty_level,0,easy,1.0,1,5,consensus_gini_stability,4,1.0,False,False,0.9011086979477712
difficulty_level,0,easy,1.0,1,5,consensus_gini_stability,5,1.0,False,True,1.0
difficulty_level,0,easy,1.0,1,5,consensus_gini_stability,6,0.9153340552492973,False,False,0.9344711811687847
difficulty_level,0,easy,1.0,1,5,consensus_gini_stability,7,0.879372337411428,False,False,0.8210676587995375
difficulty_level,0,easy,1.0,1,5,consensus_pac_stability,3,1.0,True,False,0.5765096327679048
difficulty_level,0,easy,1.0,1,5,consensus_pac_stability,4,1.0,False,False,0.9011086979477712
difficulty_level,0,easy,1.0,1,5,consensus_pac_stability,5,1.0,False,True,1.0
difficulty_level,0,easy,1.0,1,5,consensus_pac_stability,6,0.8675647823911956,False,False,0.9344711811687847
difficulty_level,0,easy,1.0,1,5,consensus_pac_stability,7,0.8433076538269134,False,False,0.8210676587995375
difficulty_level,0,easy,1.0,1,5,silhouette,3,0.2626414555659117,False,False,0.5765096327679048
difficulty_level,0,easy,1.0,1,5,silhouette,4,0.3249740006193768,False,False,0.9011086979477712
difficulty_level,0,easy,1.0,1,5,silhouette,5,0.38391229579429104,True,True,1.0
difficulty_level,0,easy,1.0,1,5,silhouette,6,0.3509607394600477,False,False,0.8820851467747459
difficulty_level,0,easy,1.0,1,5,silhouette,7,0.33478319569402726,False,False,0.8057351099582576
difficulty_level,0,easy,1.0,1,5,gap,3,0.5862998969109796,False,False,0.5765096327679048
difficulty_level,0,easy,1.0,1,5,gap,4,0.7851319971442727,False,False,0.9011086979477712
difficulty_level,0,easy,1.0,1,5,gap,5,0.9749165773976287,False,True,1.0
difficulty_level,0,easy,1.0,1,5,gap,6,1.0479086343994375,False,False,0.8820851467747459
difficulty_level,0,easy,1.0,1,5,gap,7,1.1258930679593266,True,False,0.8057351099582576
difficulty_level,0,easy,1.0,1,5,davies_bouldin,3,0.380775089174115,False,False,0.5765096327679048
difficulty_level,0,easy,1.0,1,5,davies_bouldin,4,0.3988021494027383,False,False,0.9011086979477712
difficulty_level,0,easy,1.0,1,5,davies_bouldin,5,0.4566919912351955,True,True,1.0
difficulty_level,0,easy,1.0,1,5,davies_bouldin,6,0.4503356761483646,False,False,0.8820851467747459
difficulty_level,0,easy,1.0,1,5,davies_bouldin,7,0.45590373678246704,False,False,0.8057351099582576
difficulty_level,0,easy,1.0,1,5,calinski_harabasz,3,453.0564554690901,False,False,0.5765096327679048
difficulty_level,0,easy,1.0,1,5,calinski_harabasz,4,521.5453344659004,False,False,0.9011086979477712
difficulty_level,0,easy,1.0,1,5,calinski_harabasz,5,582.512859731512,True,True,1.0
difficulty_level,0,easy,1.0,1,5,calinski_harabasz,6,535.6292573894792,False,False,0.8820851467747459
difficulty_level,0,easy,1.0,1,5,calinski_harabasz,7,513.0503551544869,False,False,0.8057351099582576
difficulty_level,0,easy,1.0,2,5,accuracy_generalizability,3,0.9506580266836697,False,False,0.6151298588144627
difficulty_level,0,easy,1.0,2,5,accuracy_generalizability,4,0.7131948038873858,False,False,0.9101430356545355
difficulty_level,0,easy,1.0,2,5,accuracy_generalizability,5,1.0,True,True,1.0
difficulty_level,0,easy,1.0,2,5,accuracy_generalizability,6,0.9152942643558285,False,False,0.8571133688067529
difficulty_level,0,easy,1.0,2,5,accuracy_generalizability,7,0.8443802771704002,False,False,0.7696371429709933
difficulty_level,0,easy,1.0,2,5,ari_average,3,0.8924147380098121,False,False,0.6151298588144627
difficulty_level,0,easy,1.0,2,5,ari_average,4,0.696035026970709,False,False,0.9101430356545355
difficulty_level,0,easy,1.0,2,5,ari_average,5,1.0,True,True,1.0
difficulty_level,0,easy,1.0,2,5,ari_average,6,0.8809190565640219,False,False,0.8571133688067529
difficulty_level,0,easy,1.0,2,5,ari_average,7,0.8207390681307879,False,False,0.7696371429709933
difficulty_level,0,easy,1.0,2,5,ari_average_1se,3,0.8924147380098121,False,False,0.6151298588144627
difficulty_level,0,easy,1.0,2,5,ari_average_1se,4,0.696035026970709,False,False,0.9101430356545355
difficulty_level,0,easy,1.0,2,5,ari_average_1se,5,1.0,True,True,1.0
difficulty_level,0,easy,1.0,2,5,ari_average_1se,6,0.8809190565640219,False,False,0.8571133688067529
difficulty_level,0,easy,1.0,2,5,ari_average_1se,7,0.8207390681307879,False,False,0.7696371429709933
difficulty_level,0,easy,1.0,2,5,ari_average_quant,3,0.8924147380098121,False,False,0.6151298588144627
difficulty_level,0,easy,1.0,2,5,ari_average_quant,4,0.696035026970709,False,False,0.9101430356545355
difficulty_level,0,easy,1.0,2,5,ari_average_quant,5,1.0,True,True,1.0
difficulty_level,0,easy,1.0,2,5,ari_average_quant,6,0.8809190565640219,False,False,0.8571133688067529
difficulty_level,0,easy,1.0,2,5,ari_average_quant,7,0.8207390681307879,False,False,0.7696371429709933
difficulty_level,0,easy,1.0,2,5,ari_generalizability,3,0.8679179516939493,False,False,0.6151298588144627
difficulty_level,0,easy,1.0,2,5,ari_generalizability,4,0.6168022561756803,False,False,0.9101430356545355
difficulty_level,0,easy,1.0,2,5,ari_generalizability,5,1.0,True,True,1.0
difficulty_level,0,easy,1.0,2,5,ari_generalizability,6,0.8683516325840628,False,False,0.8571133688067529
difficulty_level,0,easy,1.0,2,5,ari_generalizability,7,0.8077846676188579,False,False,0.7696371429709933
difficulty_level,0,easy,1.0,2,5,ari_generalizability_1se,3,0.8679179516939493,False,False,0.6151298588144627
difficulty_level,0,easy,1.0,2,5,ari_generalizability_1se,4,0.6168022561756803,False,False,0.9101430356545355
difficulty_level,0,easy,1.0,2,5,ari_generalizability_1se,5,1.0,True,True,1.0
difficulty_level,0,easy,1.0,2,5,ari_generalizability_1se,6,0.8683516325840628,False,False,0.8571133688067529
difficulty_level,0,easy,1.0,2,5,ari_generalizability_1se,7,0.8077846676188579,False,False,0.7696371429709933
difficulty_level,0,easy,1.0,2,5,ari_generalizability_quant,3,0.8679179516939493,False,False,0.6151298588144627
difficulty_level,0,easy,1.0,2,5,ari_generalizability_quant,4,0.6168022561756803,False,False,0.9101430356545355
difficulty_level,0,easy,1.0,2,5,ari_generalizability_quant,5,1.0,True,True,1.0
difficulty_level,0,easy,1.0,2,5,ari_generalizability_quant,6,0.8683516325840628,False,False,0.8571133688067529
difficulty_level,0,easy,1.0,2,5,ari_generalizability_quant,7,0.8077846676188579,False,False,0.7696371429709933
difficulty_level,0,easy,1.0,2,5,ari_stability,3,0.916911524325675,False,False,0.6151298588144627
difficulty_level,0,easy,1.0,2,5,ari_stability,4,0.7752677977657376,False,False,0.9101430356545355
difficulty_level,0,easy,1.0,2,5,ari_stability,5,1.0,True,True,1.0
difficulty_level,0,easy,1.0,2,5,ari_stability,6,0.8934864805439812,False,False,0.8571133688067529
difficulty_level,0,easy,1.0,2,5,ari_stability,7,0.8336934686427183,False,False,0.7696371429709933
difficulty_level,0,easy,1.0,2,5,ari_stability_1se,3,0.916911524325675,False,False,0.6151298588144627
difficulty_level,0,easy,1.0,2,5,ari_stability_1se,4,0.7752677977657376,False,False,0.9101430356545355
difficulty_level,0,easy,1.0,2,5,ari_stability_1se,5,1.0,True,True,1.0
difficulty_level,0,easy,1.0,2,5,ari_stability_1se,6,0.8934864805439812,False,False,0.8571133688067529
difficulty_level,0,easy,1.0,2,5,ari_stability_1se,7,0.8336934686427183,False,False,0.7696371429709933
difficulty_level,0,easy,1.0,2,5,ari_stability_quant,3,0.916911524325675,False,False,0.6151298588144627
difficulty_level,0,easy,1.0,2,5,ari_stability_quant,4,0.7752677977657376,False,False,0.9101430356545355
difficulty_level,0,easy,1.0,2,5,ari_stability_quant,5,1.0,True,True,1.0
difficulty_level,0,easy,1.0,2,5,ari_stability_quant,6,0.8934864805439812,False,False,0.8571133688067529
difficulty_level,0,easy,1.0,2,5,ari_stability_quant,7,0.8336934686427183,False,False,0.7696371429709933
difficulty_level,0,easy,1.0,2,5,consensus_ce_stability,3,0.9161138540812827,False,False,0.6151298588144627
difficulty_level,0,easy,1.0,2,5,consensus_ce_stability,4,0.7972719124796458,False,False,0.9101430356545355
difficulty_level,0,easy,1.0,2,5,consensus_ce_stability,5,0.9999999999586944,True,True,1.0
difficulty_level,0,easy,1.0,2,5,consensus_ce_stability,6,0.9265952519157465,False,False,0.8571133688067529
difficulty_level,0,easy,1.0,2,5,consensus_ce_stability,7,0.906992628873266,False,False,0.7696371429709933
difficulty_level,0,easy,1.0,2,5,consensus_gini_stability,3,0.9341709547274601,False,False,0.6151298588144627
difficulty_level,0,easy,1.0,2,5,consensus_gini_stability,4,0.8103713474383112,False,False,0.9101430356545355
difficulty_level,0,easy,1.0,2,5,consensus_gini_stability,5,1.0,True,True,1.0
difficulty_level,0,easy,1.0,2,5,consensus_gini_stability,6,0.933271608708689,False,False,0.8571133688067529
difficulty_level,0,easy,1.0,2,5,consensus_gini_stability,7,0.9146589624518299,False,False,0.7696371429709933
difficulty_level,0,easy,1.0,2,5,consensus_pac_stability,3,0.8351675837918959,False,False,0.6151298588144627
difficulty_level,0,easy,1.0,2,5,consensus_pac_stability,4,0.7447403701850925,False,False,0.9101430356545355
difficulty_level,0,easy,1.0,2,5,consensus_pac_stability,5,1.0,True,True,1.0
difficulty_level,0,easy,1.0,2,5,consensus_pac_stability,6,0.9071540770385192,False,False,0.8571133688067529
difficulty_level,0,easy,1.0,2,5,consensus_pac_stability,7,0.8807238619309655,False,False,0.7696371429709933
difficulty_level,0,easy,1.0,2,5,silhouette,3,0.29346543421481247,False,False,0.6151298588144627
difficulty_level,0,easy,1.0,2,5,silhouette,4,0.33959191205937106,False,False,0.6768427136309779
difficulty_level,0,easy,1.0,2,5,silhouette,5,0.3705626963048803,True,True,1.0
difficulty_level,0,easy,1.0,2,5,silhouette,6,0.36346918978180126,False,False,0.8720745601916613
difficulty_level,0,easy,1.0,2,5,silhouette,7,0.35422172897040766,False,False,0.807586109168479
difficulty_level,0,easy,1.0,2,5,gap,3,0.5572649579585267,False,False,0.6151298588144627
difficulty_level,0,easy,1.0,2,5,gap,4,0.7296224960923716,False,False,0.6768427136309779
difficulty_level,0,easy,1.0,2,5,gap,5,0.941453959419249,False,True,1.0
difficulty_level,0,easy,1.0,2,5,gap,6,1.0437388157495313,False,False,0.8720745601916613
difficulty_level,0,easy,1.0,2,5,gap,7,1.1327114840446928,True,False,0.807586109168479
difficulty_level,0,easy,1.0,2,5,davies_bouldin,3,0.3674974805839527,False,False,0.6151298588144627
difficulty_level,0,easy,1.0,2,5,davies_bouldin,4,0.43008397352814076,False,False,0.6768427136309779
difficulty_level,0,easy,1.0,2,5,davies_bouldin,5,0.4542166997649137,False,True,1.0
difficulty_level,0,easy,1.0,2,5,davies_bouldin,6,0.4702328039372562,True,False,0.8720745601916613
difficulty_level,0,easy,1.0,2,5,davies_bouldin,7,0.4649856237979462,False,False,0.807586109168479
difficulty_level,0,easy,1.0,2,5,calinski_harabasz,3,495.41935657453485,False,False,0.6151298588144627
difficulty_level,0,easy,1.0,2,5,calinski_harabasz,4,524.9787260254449,False,False,0.6768427136309779
difficulty_level,0,easy,1.0,2,5,calinski_harabasz,5,610.6096043701757,True,True,1.0
difficulty_level,0,easy,1.0,2,5,calinski_harabasz,6,588.8575396664646,False,False,0.8720745601916613
difficulty_level,0,easy,1.0,2,5,calinski_harabasz,7,571.1835360812863,False,False,0.807586109168479
difficulty_level,0,easy,1.0,3,5,accuracy_generalizability,3,0.9881695084636394,False,False,0.5452982633565047
difficulty_level,0,easy,1.0,3,5,accuracy_generalizability,4,0.8868483496875478,False,False,0.8678593339832218
difficulty_level,0,easy,1.0,3,5,accuracy_generalizability,5,0.9996103018640451,True,True,1.0
difficulty_level,0,easy,1.0,3,5,accuracy_generalizability,6,0.8982974098224955,False,False,0.8958379078415467
difficulty_level,0,easy,1.0,3,5,accuracy_generalizability,7,0.874340287424302,False,False,0.8495233767372957
difficulty_level,0,easy,1.0,3,5,ari_average,3,0.9898592869348988,False,False,0.5452982633565047
difficulty_level,0,easy,1.0,3,5,ari_average,4,0.815954509108392,False,False,0.8678593339832218
difficulty_level,0,easy,1.0,3,5,ari_average,5,0.9988900243598519,True,True,1.0
difficulty_level,0,easy,1.0,3,5,ari_average,6,0.9037960727985265,False,False,0.8958379078415467
difficulty_level,0,easy,1.0,3,5,ari_average,7,0.8630601752981029,False,False,0.8495233767372957
difficulty_level,0,easy,1.0,3,5,ari_average_1se,3,0.9898592869348988,False,False,0.5452982633565047
difficulty_level,0,easy,1.0,3,5,ari_average_1se,4,0.815954509108392,False,False,0.8678593339832218
difficulty_level,0,easy,1.0,3,5,ari_average_1se,5,0.9988900243598519,True,True,1.0
difficulty_level,0,easy,1.0,3,5,ari_average_1se,6,0.9037960727985265,False,False,0.8958379078415467
difficulty_level,0,easy,1.0,3,5,ari_average_1se,7,0.8630601752981029,False,False,0.8495233767372957
difficulty_level,0,easy,1.0,3,5,ari_average_quant,3,0.9898592869348988,False,False,0.5452982633565047
difficulty_level,0,easy,1.0,3,5,ari_average_quant,4,0.815954509108392,False,False,0.8678593339832218
difficulty_level,0,easy,1.0,3,5,ari_average_quant,5,0.9988900243598519,True,True,1.0
difficulty_level,0,easy,1.0,3,5,ari_average_quant,6,0.9037960727985265,False,False,0.8958379078415467
difficulty_level,0,easy,1.0,3,5,ari_average_quant,7,0.8630601752981029,False,False,0.8495233767372957
difficulty_level,0,easy,1.0,3,5,ari_generalizability,3,0.9797185738697977,False,False,0.5452982633565047
difficulty_level,0,easy,1.0,3,5,ari_generalizability,4,0.7616625945396216,False,False,0.8678593339832218
difficulty_level,0,easy,1.0,3,5,ari_generalizability,5,0.9991030437161146,True,True,1.0
difficulty_level,0,easy,1.0,3,5,ari_generalizability,6,0.8959397165790396,False,False,0.8958379078415467
difficulty_level,0,easy,1.0,3,5,ari_generalizability,7,0.8516618777040239,False,False,0.8495233767372957
difficulty_level,0,easy,1.0,3,5,ari_generalizability_1se,3,0.9797185738697977,False,False,0.5452982633565047
difficulty_level,0,easy,1.0,3,5,ari_generalizability_1se,4,0.7616625945396216,False,False,0.8678593339832218
difficulty_level,0,easy,1.0,3,5,ari_generalizability_1se,5,0.9991030437161146,True,True,1.0
difficulty_level,0,easy,1.0,3,5,ari_generalizability_1se,6,0.8959397165790396,False,False,0.8958379078415467
difficulty_level,0,easy,1.0,3,5,ari_generalizability_1se,7,0.8516618777040239,False,False,0.8495233767372957
difficulty_level,0,easy,1.0,3,5,ari_generalizability_quant,3,0.9797185738697977,False,False,0.5452982633565047
difficulty_level,0,easy,1.0,3,5,ari_generalizability_quant,4,0.7616625945396216,False,False,0.8678593339832218
difficulty_level,0,easy,1.0,3,5,ari_generalizability_quant,5,0.9991030437161146,True,True,1.0
difficulty_level,0,easy,1.0,3,5,ari_generalizability_quant,6,0.8959397165790396,False,False,0.8958379078415467
difficulty_level,0,easy,1.0,3,5,ari_generalizability_quant,7,0.8516618777040239,False,False,0.8495233767372957
difficulty_level,0,easy,1.0,3,5,ari_stability,3,1.0,True,False,0.5452982633565047
difficulty_level,0,easy,1.0,3,5,ari_stability,4,0.8702464236771621,False,False,0.8678593339832218
difficulty_level,0,easy,1.0,3,5,ari_stability,5,0.9986770050035892,False,True,1.0
difficulty_level,0,easy,1.0,3,5,ari_stability,6,0.9116524290180129,False,False,0.8958379078415467
difficulty_level,0,easy,1.0,3,5,ari_stability,7,0.8744584728921816,False,False,0.8495233767372957
difficulty_level,0,easy,1.0,3,5,ari_stability_1se,3,1.0,True,False,0.5452982633565047
difficulty_level,0,easy,1.0,3,5,ari_stability_1se,4,0.8702464236771621,False,False,0.8678593339832218
difficulty_level,0,easy,1.0,3,5,ari_stability_1se,5,0.9986770050035892,False,True,1.0
difficulty_level,0,easy,1.0,3,5,ari_stability_1se,6,0.9116524290180129,False,False,0.8958379078415467
difficulty_level,0,easy,1.0,3,5,ari_stability_1se,7,0.8744584728921816,False,False,0.8495233767372957
difficulty_level,0,easy,1.0,3,5,ari_stability_quant,3,1.0,True,False,0.5452982633565047
difficulty_level,0,easy,1.0,3,5,ari_stability_quant,4,0.8702464236771621,False,False,0.8678593339832218
difficulty_level,0,easy,1.0,3,5,ari_stability_quant,5,0.9986770050035892,False,True,1.0
difficulty_level,0,easy,1.0,3,5,ari_stability_quant,6,0.9116524290180129,False,False,0.8958379078415467
difficulty_level,0,easy,1.0,3,5,ari_stability_quant,7,0.8744584728921816,False,False,0.8495233767372957
difficulty_level,0,easy,1.0,3,5,consensus_ce_stability,3,0.9999999999586944,True,False,0.5452982633565047
difficulty_level,0,easy,1.0,3,5,consensus_ce_stability,4,0.8915139846230162,False,False,0.8678593339832218
difficulty_level,0,easy,1.0,3,5,consensus_ce_stability,5,0.9999999999586944,False,True,1.0
difficulty_level,0,easy,1.0,3,5,consensus_ce_stability,6,0.9498821013862302,False,False,0.8958379078415467
difficulty_level,0,easy,1.0,3,5,consensus_ce_stability,7,0.923782088279091,False,False,0.8495233767372957
difficulty_level,0,easy,1.0,3,5,consensus_gini_stability,3,1.0,True,False,0.5452982633565047
difficulty_level,0,easy,1.0,3,5,consensus_gini_stability,4,0.896009327588617,False,False,0.8678593339832218
difficulty_level,0,easy,1.0,3,5,consensus_gini_stability,5,1.0,False,True,1.0
difficulty_level,0,easy,1.0,3,5,consensus_gini_stability,6,0.9549649821439063,False,False,0.8958379078415467
difficulty_level,0,easy,1.0,3,5,consensus_gini_stability,7,0.9312347324212542,False,False,0.8495233767372957
difficulty_level,0,easy,1.0,3,5,consensus_pac_stability,3,1.0,True,False,0.5452982633565047
difficulty_level,0,easy,1.0,3,5,consensus_pac_stability,4,0.8781565782891446,False,False,0.8678593339832218
difficulty_level,0,easy,1.0,3,5,consensus_pac_stability,5,1.0,False,True,1.0
difficulty_level,0,easy,1.0,3,5,consensus_pac_stability,6,0.9327483741870936,False,False,0.8958379078415467
difficulty_level,0,easy,1.0,3,5,consensus_pac_stability,7,0.8996303151575787,False,False,0.8495233767372957
difficulty_level,0,easy,1.0,3,5,silhouette,3,0.2500529276722553,False,False,0.5452982633565047
difficulty_level,0,easy,1.0,3,5,silhouette,4,0.30443792673061165,False,False,0.8678593339832218
difficulty_level,0,easy,1.0,3,5,silhouette,5,0.3598541127193295,True,True,1.0
difficulty_level,0,easy,1.0,3,5,silhouette,6,0.35319866199204747,False,False,0.8994461946046655
difficulty_level,0,easy,1.0,3,5,silhouette,7,0.35798144920738095,False,False,0.8578071108772767
difficulty_level,0,easy,1.0,3,5,gap,3,0.6222761702330217,False,False,0.5452982633565047
difficulty_level,0,easy,1.0,3,5,gap,4,0.7965130441997843,False,False,0.8678593339832218
difficulty_level,0,easy,1.0,3,5,gap,5,0.9626951154902699,False,True,1.0
difficulty_level,0,easy,1.0,3,5,gap,6,1.0480733356660181,False,False,0.8994461946046655
difficulty_level,0,easy,1.0,3,5,gap,7,1.1285555373919802,True,False,0.8578071108772767
difficulty_level,0,easy,1.0,3,5,davies_bouldin,3,0.3807551339436926,False,False,0.5452982633565047
difficulty_level,0,easy,1.0,3,5,davies_bouldin,4,0.3915086174479024,False,False,0.8678593339832218
difficulty_level,0,easy,1.0,3,5,davies_bouldin,5,0.4403719538617047,False,True,1.0
difficulty_level,0,easy,1.0,3,5,davies_bouldin,6,0.4485024856276096,False,False,0.8994461946046655
difficulty_level,0,easy,1.0,3,5,davies_bouldin,7,0.45560683746587527,True,False,0.8578071108772767
difficulty_level,0,easy,1.0,3,5,calinski_harabasz,3,472.81487470139166,False,False,0.5452982633565047
difficulty_level,0,easy,1.0,3,5,calinski_harabasz,4,510.01158816463584,False,False,0.8678593339832218
difficulty_level,0,easy,1.0,3,5,calinski_harabasz,5,547.9151902524401,True,True,1.0
difficulty_level,0,easy,1.0,3,5,calinski_harabasz,6,517.5197268870552,False,False,0.8994461946046655
difficulty_level,0,easy,1.0,3,5,calinski_harabasz,7,498.8766686608772,False,False,0.8578071108772767
difficulty_level,0,easy,1.0,4,5,accuracy_generalizability,3,1.0,True,False,0.6746252551188343
difficulty_level,0,easy,1.0,4,5,accuracy_generalizability,4,1.0,False,False,0.8939493218851674
difficulty_level,0,easy,1.0,4,5,accuracy_generalizability,5,1.0,False,True,1.0
difficulty_level,0,easy,1.0,4,5,accuracy_generalizability,6,0.9311616529664412,False,False,0.8737028384606381
difficulty_level,0,easy,1.0,4,5,accuracy_generalizability,7,0.8503677443633441,False,False,0.7685110754831627
difficulty_level,0,easy,1.0,4,5,ari_average,3,1.0,True,False,0.6746252551188343
difficulty_level,0,easy,1.0,4,5,ari_average,4,1.0,False,False,0.8939493218851674
difficulty_level,0,easy,1.0,4,5,ari_average,5,1.0,False,True,1.0
difficulty_level,0,easy,1.0,4,5,ari_average,6,0.9113466579930996,False,False,0.8737028384606381
difficulty_level,0,easy,1.0,4,5,ari_average,7,0.8209767081025326,False,False,0.7685110754831627
difficulty_level,0,easy,1.0,4,5,ari_average_1se,3,1.0,False,False,0.6746252551188343
difficulty_level,0,easy,1.0,4,5,ari_average_1se,4,1.0,False,False,0.8939493218851674
difficulty_level,0,easy,1.0,4,5,ari_average_1se,5,1.0,True,True,1.0
difficulty_level,0,easy,1.0,4,5,ari_average_1se,6,0.9113466579930996,False,False,0.8737028384606381
difficulty_level,0,easy,1.0,4,5,ari_average_1se,7,0.8209767081025326,False,False,0.7685110754831627
difficulty_level,0,easy,1.0,4,5,ari_average_quant,3,1.0,False,False,0.6746252551188343
difficulty_level,0,easy,1.0,4,5,ari_average_quant,4,1.0,False,False,0.8939493218851674
difficulty_level,0,easy,1.0,4,5,ari_average_quant,5,1.0,True,True,1.0
difficulty_level,0,easy,1.0,4,5,ari_average_quant,6,0.9113466579930996,False,False,0.8737028384606381
difficulty_level,0,easy,1.0,4,5,ari_average_quant,7,0.8209767081025326,False,False,0.7685110754831627
difficulty_level,0,easy,1.0,4,5,ari_generalizability,3,1.0,True,False,0.6746252551188343
difficulty_level,0,easy,1.0,4,5,ari_generalizability,4,1.0,False,False,0.8939493218851674
difficulty_level,0,easy,1.0,4,5,ari_generalizability,5,1.0,False,True,1.0
difficulty_level,0,easy,1.0,4,5,ari_generalizability,6,0.8990240637139943,False,False,0.8737028384606381
difficulty_level,0,easy,1.0,4,5,ari_generalizability,7,0.8068422532353472,False,False,0.7685110754831627
difficulty_level,0,easy,1.0,4,5,ari_generalizability_1se,3,1.0,False,False,0.6746252551188343
difficulty_level,0,easy,1.0,4,5,ari_generalizability_1se,4,1.0,False,False,0.8939493218851674
difficulty_level,0,easy,1.0,4,5,ari_generalizability_1se,5,1.0,True,True,1.0
difficulty_level,0,easy,1.0,4,5,ari_generalizability_1se,6,0.8990240637139943,False,False,0.8737028384606381
difficulty_level,0,easy,1.0,4,5,ari_generalizability_1se,7,0.8068422532353472,False,False,0.7685110754831627
difficulty_level,0,easy,1.0,4,5,ari_generalizability_quant,3,1.0,False,False,0.6746252551188343
difficulty_level,0,easy,1.0,4,5,ari_generalizability_quant,4,1.0,False,False,0.8939493218851674
difficulty_level,0,easy,1.0,4,5,ari_generalizability_quant,5,1.0,True,True,1.0
difficulty_level,0,easy,1.0,4,5,ari_generalizability_quant,6,0.8990240637139943,False,False,0.8737028384606381
difficulty_level,0,easy,1.0,4,5,ari_generalizability_quant,7,0.8068422532353472,False,False,0.7685110754831627
difficulty_level,0,easy,1.0,4,5,ari_stability,3,1.0,True,False,0.6746252551188343
difficulty_level,0,easy,1.0,4,5,ari_stability,4,1.0,False,False,0.8939493218851674
difficulty_level,0,easy,1.0,4,5,ari_stability,5,1.0,False,True,1.0
difficulty_level,0,easy,1.0,4,5,ari_stability,6,0.9236692522722048,False,False,0.8737028384606381
difficulty_level,0,easy,1.0,4,5,ari_stability,7,0.8351111629697181,False,False,0.7685110754831627
difficulty_level,0,easy,1.0,4,5,ari_stability_1se,3,1.0,False,False,0.6746252551188343
difficulty_level,0,easy,1.0,4,5,ari_stability_1se,4,1.0,False,False,0.8939493218851674
difficulty_level,0,easy,1.0,4,5,ari_stability_1se,5,1.0,True,True,1.0
difficulty_level,0,easy,1.0,4,5,ari_stability_1se,6,0.9236692522722048,False,False,0.8737028384606381
difficulty_level,0,easy,1.0,4,5,ari_stability_1se,7,0.8351111629697181,False,False,0.7685110754831627
difficulty_level,0,easy,1.0,4,5,ari_stability_quant,3,1.0,False,False,0.6746252551188343
difficulty_level,0,easy,1.0,4,5,ari_stability_quant,4,1.0,False,False,0.8939493218851674
difficulty_level,0,easy,1.0,4,5,ari_stability_quant,5,1.0,True,True,1.0
difficulty_level,0,easy,1.0,4,5,ari_stability_quant,6,0.9236692522722048,False,False,0.8737028384606381
difficulty_level,0,easy,1.0,4,5,ari_stability_quant,7,0.8351111629697181,False,False,0.7685110754831627
difficulty_level,0,easy,1.0,4,5,consensus_ce_stability,3,0.9999999999586944,True,False,0.6746252551188343
difficulty_level,0,easy,1.0,4,5,consensus_ce_stability,4,0.9999999999586944,False,False,0.8939493218851674
difficulty_level,0,easy,1.0,4,5,consensus_ce_stability,5,0.9999999999586944,False,True,1.0
difficulty_level,0,easy,1.0,4,5,consensus_ce_stability,6,0.9497826784316753,False,False,0.8737028384606381
difficulty_level,0,easy,1.0,4,5,consensus_ce_stability,7,0.9101443593149255,False,False,0.7685110754831627
difficulty_level,0,easy,1.0,4,5,consensus_gini_stability,3,1.0,True,False,0.6746252551188343
difficulty_level,0,easy,1.0,4,5,consensus_gini_stability,4,1.0,False,False,0.8939493218851674
difficulty_level,0,easy,1.0,4,5,consensus_gini_stability,5,1.0,False,True,1.0
difficulty_level,0,easy,1.0,4,5,consensus_gini_stability,6,0.9557477490835303,False,False,0.8737028384606381
difficulty_level,0,easy,1.0,4,5,consensus_gini_stability,7,0.918018193313032,False,False,0.7685110754831627
difficulty_level,0,easy,1.0,4,5,consensus_pac_stability,3,1.0,True,False,0.6746252551188343
difficulty_level,0,easy,1.0,4,5,consensus_pac_stability,4,1.0,False,False,0.8939493218851674
difficulty_level,0,easy,1.0,4,5,consensus_pac_stability,5,1.0,False,True,1.0
difficulty_level,0,easy,1.0,4,5,consensus_pac_stability,6,0.9293401700850425,False,False,0.8737028384606381
difficulty_level,0,easy,1.0,4,5,consensus_pac_stability,7,0.8838424212106053,False,False,0.7685110754831627
difficulty_level,0,easy,1.0,4,5,silhouette,3,0.33068612374745215,False,False,0.6746252551188343
difficulty_level,0,easy,1.0,4,5,silhouette,4,0.39332745287708787,False,False,0.8939493218851674
difficulty_level,0,easy,1.0,4,5,silhouette,5,0.437095321030551,True,True,1.0
difficulty_level,0,easy,1.0,4,5,silhouette,6,0.41877767221503515,False,False,0.8665476696947805
difficulty_level,0,easy,1.0,4,5,silhouette,7,0.39455849692812306,False,False,0.7826905597743706
difficulty_level,0,easy,1.0,4,5,gap,3,0.6866916433252719,False,False,0.6746252551188343
difficulty_level,0,easy,1.0,4,5,gap,4,0.9172433367545647,False,False,0.8939493218851674
difficulty_level,0,easy,1.0,4,5,gap,5,1.0995547746187757,False,True,1.0
difficulty_level,0,easy,1.0,4,5,gap,6,1.2294322496462726,False,False,0.8665476696947805
difficulty_level,0,easy,1.0,4,5,gap,7,1.3215586419519543,True,False,0.7826905597743706
difficulty_level,0,easy,1.0,4,5,davies_bouldin,3,0.4250153291149955,False,False,0.6746252551188343
difficulty_level,0,easy,1.0,4,5,davies_bouldin,4,0.4474368394539656,False,False,0.8939493218851674
difficulty_level,0,easy,1.0,4,5,davies_bouldin,5,0.4819942682702204,False,True,1.0
difficulty_level,0,easy,1.0,4,5,davies_bouldin,6,0.487879454347386,True,False,0.8665476696947805
difficulty_level,0,easy,1.0,4,5,davies_bouldin,7,0.48071258694865365,False,False,0.7826905597743706
difficulty_level,0,easy,1.0,4,5,calinski_harabasz,3,681.2398182789954,False,False,0.6746252551188343
difficulty_level,0,easy,1.0,4,5,calinski_harabasz,4,754.4082616340949,False,False,0.8939493218851674
difficulty_level,0,easy,1.0,4,5,calinski_harabasz,5,784.7399444617558,True,True,1.0
difficulty_level,0,easy,1.0,4,5,calinski_harabasz,6,774.9341774273628,False,False,0.8665476696947805
difficulty_level,0,easy,1.0,4,5,calinski_harabasz,7,744.1143416746836,False,False,0.7826905597743706
difficulty_level,0,easy,1.0,5,5,accuracy_generalizability,3,0.9603029586487309,False,False,0.7801258998216172
difficulty_level,0,easy,1.0,5,5,accuracy_generalizability,4,1.0,True,False,0.916254362782845
difficulty_level,0,easy,1.0,5,5,accuracy_generalizability,5,1.0,False,True,1.0
difficulty_level,0,easy,1.0,5,5,accuracy_generalizability,6,0.8249236315172447,False,False,0.8356292684143056
difficulty_level,0,easy,1.0,5,5,accuracy_generalizability,7,0.8751585125715047,False,False,0.7804444482678657
difficulty_level,0,easy,1.0,5,5,ari_average,3,0.9547255655957588,False,False,0.7801258998216172
difficulty_level,0,easy,1.0,5,5,ari_average,4,1.0,True,False,0.916254362782845
difficulty_level,0,easy,1.0,5,5,ari_average,5,1.0,False,True,1.0
difficulty_level,0,easy,1.0,5,5,ari_average,6,0.7953250807637275,False,False,0.8356292684143056
difficulty_level,0,easy,1.0,5,5,ari_average,7,0.8019674584672682,False,False,0.7804444482678657
difficulty_level,0,easy,1.0,5,5,ari_average_1se,3,0.9547255655957588,False,False,0.7801258998216172
difficulty_level,0,easy,1.0,5,5,ari_average_1se,4,1.0,False,False,0.916254362782845
difficulty_level,0,easy,1.0,5,5,ari_average_1se,5,1.0,True,True,1.0
difficulty_level,0,easy,1.0,5,5,ari_average_1se,6,0.7953250807637275,False,False,0.8356292684143056
difficulty_level,0,easy,1.0,5,5,ari_average_1se,7,0.8019674584672682,False,False,0.7804444482678657
difficulty_level,0,easy,1.0,5,5,ari_average_quant,3,0.9547255655957588,False,False,0.7801258998216172
difficulty_level,0,easy,1.0,5,5,ari_average_quant,4,1.0,False,False,0.916254362782845
difficulty_level,0,easy,1.0,5,5,ari_average_quant,5,1.0,True,True,1.0
difficulty_level,0,easy,1.0,5,5,ari_average_quant,6,0.7953250807637275,False,False,0.8356292684143056
difficulty_level,0,easy,1.0,5,5,ari_average_quant,7,0.8019674584672682,False,False,0.7804444482678657
difficulty_level,0,easy,1.0,5,5,ari_generalizability,3,0.9289150827301118,False,False,0.7801258998216172
difficulty_level,0,easy,1.0,5,5,ari_generalizability,4,1.0,True,False,0.916254362782845
difficulty_level,0,easy,1.0,5,5,ari_generalizability,5,1.0,False,True,1.0
difficulty_level,0,easy,1.0,5,5,ari_generalizability,6,0.7730543002871832,False,False,0.8356292684143056
difficulty_level,0,easy,1.0,5,5,ari_generalizability,7,0.7855576059408795,False,False,0.7804444482678657
difficulty_level,0,easy,1.0,5,5,ari_generalizability_1se,3,0.9289150827301118,False,False,0.7801258998216172
difficulty_level,0,easy,1.0,5,5,ari_generalizability_1se,4,1.0,False,False,0.916254362782845
difficulty_level,0,easy,1.0,5,5,ari_generalizability_1se,5,1.0,True,True,1.0
difficulty_level,0,easy,1.0,5,5,ari_generalizability_1se,6,0.7730543002871832,False,False,0.8356292684143056
difficulty_level,0,easy,1.0,5,5,ari_generalizability_1se,7,0.7855576059408795,False,False,0.7804444482678657
difficulty_level,0,easy,1.0,5,5,ari_generalizability_quant,3,0.9289150827301118,False,False,0.7801258998216172
difficulty_level,0,easy,1.0,5,5,ari_generalizability_quant,4,1.0,False,False,0.916254362782845
difficulty_level,0,easy,1.0,5,5,ari_generalizability_quant,5,1.0,True,True,1.0
difficulty_level,0,easy,1.0,5,5,ari_generalizability_quant,6,0.7730543002871832,False,False,0.8356292684143056
difficulty_level,0,easy,1.0,5,5,ari_generalizability_quant,7,0.7855576059408795,False,False,0.7804444482678657
difficulty_level,0,easy,1.0,5,5,ari_stability,3,0.9805360484614057,False,False,0.7801258998216172
difficulty_level,0,easy,1.0,5,5,ari_stability,4,1.0,True,False,0.916254362782845
difficulty_level,0,easy,1.0,5,5,ari_stability,5,1.0,False,True,1.0
difficulty_level,0,easy,1.0,5,5,ari_stability,6,0.8175958612402716,False,False,0.8356292684143056
difficulty_level,0,easy,1.0,5,5,ari_stability,7,0.8183773109936565,False,False,0.7804444482678657
difficulty_level,0,easy,1.0,5,5,ari_stability_1se,3,0.9805360484614057,False,False,0.7801258998216172
difficulty_level,0,easy,1.0,5,5,ari_stability_1se,4,1.0,False,False,0.916254362782845
difficulty_level,0,easy,1.0,5,5,ari_stability_1se,5,1.0,True,True,1.0
difficulty_level,0,easy,1.0,5,5,ari_stability_1se,6,0.8175958612402716,False,False,0.8356292684143056
difficulty_level,0,easy,1.0,5,5,ari_stability_1se,7,0.8183773109936565,False,False,0.7804444482678657
difficulty_level,0,easy,1.0,5,5,ari_stability_quant,3,0.9805360484614057,False,False,0.7801258998216172
difficulty_level,0,easy,1.0,5,5,ari_stability_quant,4,1.0,False,False,0.916254362782845
difficulty_level,0,easy,1.0,5,5,ari_stability_quant,5,1.0,True,True,1.0
difficulty_level,0,easy,1.0,5,5,ari_stability_quant,6,0.8175958612402716,False,False,0.8356292684143056
difficulty_level,0,easy,1.0,5,5,ari_stability_quant,7,0.8183773109936565,False,False,0.7804444482678657
difficulty_level,0,easy,1.0,5,5,consensus_ce_stability,3,0.9629623214635625,False,False,0.7801258998216172
difficulty_level,0,easy,1.0,5,5,consensus_ce_stability,4,0.9999999999586944,True,False,0.916254362782845
difficulty_level,0,easy,1.0,5,5,consensus_ce_stability,5,0.9999999999586944,False,True,1.0
difficulty_level,0,easy,1.0,5,5,consensus_ce_stability,6,0.8818650577532368,False,False,0.8356292684143056
difficulty_level,0,easy,1.0,5,5,consensus_ce_stability,7,0.8955232230159578,False,False,0.7804444482678657
difficulty_level,0,easy,1.0,5,5,consensus_gini_stability,3,0.9753884582813139,False,False,0.7801258998216172
difficulty_level,0,easy,1.0,5,5,consensus_gini_stability,4,1.0,True,False,0.916254362782845
difficulty_level,0,easy,1.0,5,5,consensus_gini_stability,5,1.0,False,True,1.0
difficulty_level,0,easy,1.0,5,5,consensus_gini_stability,6,0.8895371490082264,False,False,0.8356292684143056
difficulty_level,0,easy,1.0,5,5,consensus_gini_stability,7,0.9051645713374386,False,False,0.7804444482678657
difficulty_level,0,easy,1.0,5,5,consensus_pac_stability,3,0.9388619309654828,False,False,0.7801258998216172
difficulty_level,0,easy,1.0,5,5,consensus_pac_stability,4,1.0,True,False,0.916254362782845
difficulty_level,0,easy,1.0,5,5,consensus_pac_stability,5,1.0,False,True,1.0
difficulty_level,0,easy,1.0,5,5,consensus_pac_stability,6,0.858407703851926,False,False,0.8356292684143056
difficulty_level,0,easy,1.0,5,5,consensus_pac_stability,7,0.865887943971986,False,False,0.7804444482678657
difficulty_level,0,easy,1.0,5,5,silhouette,3,0.29024973650625174,False,False,0.7801258998216172
difficulty_level,0,easy,1.0,5,5,silhouette,4,0.36847481695484785,False,False,0.916254362782845
difficulty_level,0,easy,1.0,5,5,silhouette,5,0.4232549972341892,True,True,1.0
difficulty_level,0,easy,1.0,5,5,silhouette,6,0.3645649091192854,False,False,0.7721094815400347
difficulty_level,0,easy,1.0,5,5,silhouette,7,0.36044234063162606,False,False,0.7023529721787279
difficulty_level,0,easy,1.0,5,5,gap,3,0.710824393525554,False,False,0.7801258998216172
difficulty_level,0,easy,1.0,5,5,gap,4,0.9299232421579866,False,False,0.916254362782845
difficulty_level,0,easy,1.0,5,5,gap,5,1.1186089576624454,False,True,1.0
difficulty_level,0,easy,1.0,5,5,gap,6,1.2208181294246199,False,False,0.7721094815400347
difficulty_level,0,easy,1.0,5,5,gap,7,1.3253384056861197,True,False,0.7023529721787279
difficulty_level,0,easy,1.0,5,5,davies_bouldin,3,0.3664274954919134,False,False,0.7801258998216172
difficulty_level,0,easy,1.0,5,5,davies_bouldin,4,0.41965517398089736,False,False,0.916254362782845
difficulty_level,0,easy,1.0,5,5,davies_bouldin,5,0.48058575153222827,True,True,1.0
difficulty_level,0,easy,1.0,5,5,davies_bouldin,6,0.45943164743685805,False,False,0.7721094815400347
difficulty_level,0,easy,1.0,5,5,davies_bouldin,7,0.4618628544014796,False,False,0.7023529721787279
difficulty_level,0,easy,1.0,5,5,calinski_harabasz,3,501.7160558123839,False,False,0.7801258998216172
difficulty_level,0,easy,1.0,5,5,calinski_harabasz,4,589.3674384407205,False,False,0.916254362782845
difficulty_level,0,easy,1.0,5,5,calinski_harabasz,5,644.4741976586954,True,True,1.0
difficulty_level,0,easy,1.0,5,5,calinski_harabasz,6,619.5910087037412,False,False,0.7721094815400347
difficulty_level,0,easy,1.0,5,5,calinski_harabasz,7,614.247044151402,False,False,0.7023529721787279
difficulty_level,0,easy,1.0,6,5,accuracy_generalizability,3,0.8786363869014483,False,False,0.6739395334502645
difficulty_level,0,easy,1.0,6,5,accuracy_generalizability,4,0.867203571059227,False,False,0.8135185080978106
difficulty_level,0,easy,1.0,6,5,accuracy_generalizability,5,1.0,True,True,1.0
difficulty_level,0,easy,1.0,6,5,accuracy_generalizability,6,0.9303326043248737,False,False,0.884790243868382
difficulty_level,0,easy,1.0,6,5,accuracy_generalizability,7,0.8210142027050293,False,False,0.8038823053626905
difficulty_level,0,easy,1.0,6,5,ari_average,3,0.7837296914434289,False,False,0.6739395334502645
difficulty_level,0,easy,1.0,6,5,ari_average,4,0.8143351854167138,False,False,0.8135185080978106
difficulty_level,0,easy,1.0,6,5,ari_average,5,1.0,True,True,1.0
difficulty_level,0,easy,1.0,6,5,ari_average,6,0.9186282657878406,False,False,0.884790243868382
difficulty_level,0,easy,1.0,6,5,ari_average,7,0.8205492591161153,False,False,0.8038823053626905
difficulty_level,0,easy,1.0,6,5,ari_average_1se,3,0.7837296914434289,False,False,0.6739395334502645
difficulty_level,0,easy,1.0,6,5,ari_average_1se,4,0.8143351854167138,False,False,0.8135185080978106
difficulty_level,0,easy,1.0,6,5,ari_average_1se,5,1.0,True,True,1.0
difficulty_level,0,easy,1.0,6,5,ari_average_1se,6,0.9186282657878406,False,False,0.884790243868382
difficulty_level,0,easy,1.0,6,5,ari_average_1se,7,0.8205492591161153,False,False,0.8038823053626905
difficulty_level,0,easy,1.0,6,5,ari_average_quant,3,0.7837296914434289,False,False,0.6739395334502645
difficulty_level,0,easy,1.0,6,5,ari_average_quant,4,0.8143351854167138,False,False,0.8135185080978106
difficulty_level,0,easy,1.0,6,5,ari_average_quant,5,1.0,True,True,1.0
difficulty_level,0,easy,1.0,6,5,ari_average_quant,6,0.9186282657878406,False,False,0.884790243868382
difficulty_level,0,easy,1.0,6,5,ari_average_quant,7,0.8205492591161153,False,False,0.8038823053626905
difficulty_level,0,easy,1.0,6,5,ari_generalizability,3,0.7220231370091468,False,False,0.6739395334502645
difficulty_level,0,easy,1.0,6,5,ari_generalizability,4,0.7578136551628308,False,False,0.8135185080978106
difficulty_level,0,easy,1.0,6,5,ari_generalizability,5,1.0,True,True,1.0
difficulty_level,0,easy,1.0,6,5,ari_generalizability,6,0.9177141922654887,False,False,0.884790243868382
difficulty_level,0,easy,1.0,6,5,ari_generalizability,7,0.810868830611465,False,False,0.8038823053626905
difficulty_level,0,easy,1.0,6,5,ari_generalizability_1se,3,0.7220231370091468,False,False,0.6739395334502645
difficulty_level,0,easy,1.0,6,5,ari_generalizability_1se,4,0.7578136551628308,False,False,0.8135185080978106
difficulty_level,0,easy,1.0,6,5,ari_generalizability_1se,5,1.0,True,True,1.0
difficulty_level,0,easy,1.0,6,5,ari_generalizability_1se,6,0.9177141922654887,False,False,0.884790243868382
difficulty_level,0,easy,1.0,6,5,ari_generalizability_1se,7,0.810868830611465,False,False,0.8038823053626905
difficulty_level,0,easy,1.0,6,5,ari_generalizability_quant,3,0.7220231370091468,False,False,0.6739395334502645
difficulty_level,0,easy,1.0,6,5,ari_generalizability_quant,4,0.7578136551628308,False,False,0.8135185080978106
difficulty_level,0,easy,1.0,6,5,ari_generalizability_quant,5,1.0,True,True,1.0
difficulty_level,0,easy,1.0,6,5,ari_generalizability_quant,6,0.9177141922654887,False,False,0.884790243868382
difficulty_level,0,easy,1.0,6,5,ari_generalizability_quant,7,0.810868830611465,False,False,0.8038823053626905
difficulty_level,0,easy,1.0,6,5,ari_stability,3,0.845436245877711,False,False,0.6739395334502645
difficulty_level,0,easy,1.0,6,5,ari_stability,4,0.8708567156705969,False,False,0.8135185080978106
difficulty_level,0,easy,1.0,6,5,ari_stability,5,1.0,True,True,1.0
difficulty_level,0,easy,1.0,6,5,ari_stability,6,0.9195423393101926,False,False,0.884790243868382
difficulty_level,0,easy,1.0,6,5,ari_stability,7,0.830229687620766,False,False,0.8038823053626905
difficulty_level,0,easy,1.0,6,5,ari_stability_1se,3,0.845436245877711,False,False,0.6739395334502645
difficulty_level,0,easy,1.0,6,5,ari_stability_1se,4,0.8708567156705969,False,False,0.8135185080978106
difficulty_level,0,easy,1.0,6,5,ari_stability_1se,5,1.0,True,True,1.0
difficulty_level,0,easy,1.0,6,5,ari_stability_1se,6,0.9195423393101926,False,False,0.884790243868382
difficulty_level,0,easy,1.0,6,5,ari_stability_1se,7,0.830229687620766,False,False,0.8038823053626905
difficulty_level,0,easy,1.0,6,5,ari_stability_quant,3,0.845436245877711,False,False,0.6739395334502645
difficulty_level,0,easy,1.0,6,5,ari_stability_quant,4,0.8708567156705969,False,False,0.8135185080978106
difficulty_level,0,easy,1.0,6,5,ari_stability_quant,5,1.0,True,True,1.0
difficulty_level,0,easy,1.0,6,5,ari_stability_quant,6,0.9195423393101926,False,False,0.884790243868382
difficulty_level,0,easy,1.0,6,5,ari_stability_quant,7,0.830229687620766,False,False,0.8038823053626905
difficulty_level,0,easy,1.0,6,5,consensus_ce_stability,3,0.8349531009832829,False,False,0.6739395334502645
difficulty_level,0,easy,1.0,6,5,consensus_ce_stability,4,0.8858156523195231,False,False,0.8135185080978106
difficulty_level,0,easy,1.0,6,5,consensus_ce_stability,5,0.9999999999586944,True,True,1.0
difficulty_level,0,easy,1.0,6,5,consensus_ce_stability,6,0.9566849584347075,False,False,0.884790243868382
difficulty_level,0,easy,1.0,6,5,consensus_ce_stability,7,0.909421859431028,False,False,0.8038823053626905
difficulty_level,0,easy,1.0,6,5,consensus_gini_stability,3,0.8538332132382472,False,False,0.6739395334502645
difficulty_level,0,easy,1.0,6,5,consensus_gini_stability,4,0.8963103602590254,False,False,0.8135185080978106
difficulty_level,0,easy,1.0,6,5,consensus_gini_stability,5,1.0,True,True,1.0
difficulty_level,0,easy,1.0,6,5,consensus_gini_stability,6,0.9614222664599752,False,False,0.884790243868382
difficulty_level,0,easy,1.0,6,5,consensus_gini_stability,7,0.9196620676222682,False,False,0.8038823053626905
difficulty_level,0,easy,1.0,6,5,consensus_pac_stability,3,0.7925712856428214,False,False,0.6739395334502645
difficulty_level,0,easy,1.0,6,5,consensus_pac_stability,4,0.8500255127563782,False,False,0.8135185080978106
difficulty_level,0,easy,1.0,6,5,consensus_pac_stability,5,1.0,True,True,1.0
difficulty_level,0,easy,1.0,6,5,consensus_pac_stability,6,0.9458409204602302,False,False,0.884790243868382
difficulty_level,0,easy,1.0,6,5,consensus_pac_stability,7,0.8766833416708354,False,False,0.8038823053626905
difficulty_level,0,easy,1.0,6,5,silhouette,3,0.2720022616635753,False,False,0.6739395334502645
difficulty_level,0,easy,1.0,6,5,silhouette,4,0.3363710524993624,False,False,0.8135185080978106
difficulty_level,0,easy,1.0,6,5,silhouette,5,0.3978215281945685,True,True,1.0
difficulty_level,0,easy,1.0,6,5,silhouette,6,0.39542793787538,False,False,0.9056175758218602
difficulty_level,0,easy,1.0,6,5,silhouette,7,0.38213772406460034,False,False,0.8261443458365915
difficulty_level,0,easy,1.0,6,5,gap,3,0.5605878409495801,False,False,0.6739395334502645
difficulty_level,0,easy,1.0,6,5,gap,4,0.751921789091039,False,False,0.8135185080978106
difficulty_level,0,easy,1.0,6,5,gap,5,0.9701321743632452,False,True,1.0
difficulty_level,0,easy,1.0,6,5,gap,6,1.0695872458463693,False,False,0.9056175758218602
difficulty_level,0,easy,1.0,6,5,gap,7,1.1589947339638869,True,False,0.8261443458365915
difficulty_level,0,easy,1.0,6,5,davies_bouldin,3,0.3624857381455182,False,False,0.6739395334502645
difficulty_level,0,easy,1.0,6,5,davies_bouldin,4,0.4122685519042049,False,False,0.8135185080978106
difficulty_level,0,easy,1.0,6,5,davies_bouldin,5,0.4612838095485554,False,True,1.0
difficulty_level,0,easy,1.0,6,5,davies_bouldin,6,0.46637746876143443,False,False,0.9056175758218602
difficulty_level,0,easy,1.0,6,5,davies_bouldin,7,0.47138056588883975,True,False,0.8261443458365915
difficulty_level,0,easy,1.0,6,5,calinski_harabasz,3,464.52844893928307,False,False,0.6739395334502645
difficulty_level,0,easy,1.0,6,5,calinski_harabasz,4,522.796334964272,False,False,0.8135185080978106
difficulty_level,0,easy,1.0,6,5,calinski_harabasz,5,615.139185552639,True,True,1.0
difficulty_level,0,easy,1.0,6,5,calinski_harabasz,6,589.7392198216954,False,False,0.9056175758218602
difficulty_level,0,easy,1.0,6,5,calinski_harabasz,7,572.1927014973013,False,False,0.8261443458365915
difficulty_level,0,easy,1.0,7,5,accuracy_generalizability,3,0.9089129608207343,False,False,0.6387436456987856
difficulty_level,0,easy,1.0,7,5,accuracy_generalizability,4,0.9154395052591584,False,False,0.8621106900864354
difficulty_level,0,easy,1.0,7,5,accuracy_generalizability,5,1.0,True,True,1.0
difficulty_level,0,easy,1.0,7,5,accuracy_generalizability,6,0.9520825098460605,False,False,0.8549592836995359
difficulty_level,0,easy,1.0,7,5,accuracy_generalizability,7,0.8638315802361607,False,False,0.7568942894922093
difficulty_level,0,easy,1.0,7,5,ari_average,3,0.8396308968827649,False,False,0.6387436456987856
difficulty_level,0,easy,1.0,7,5,ari_average,4,0.8671118746551462,False,False,0.8621106900864354
difficulty_level,0,easy,1.0,7,5,ari_average,5,1.0,True,True,1.0
difficulty_level,0,easy,1.0,7,5,ari_average,6,0.9241192198022651,False,False,0.8549592836995359
difficulty_level,0,easy,1.0,7,5,ari_average,7,0.8338412868902597,False,False,0.7568942894922093
difficulty_level,0,easy,1.0,7,5,ari_average_1se,3,0.8396308968827649,False,False,0.6387436456987856
difficulty_level,0,easy,1.0,7,5,ari_average_1se,4,0.8671118746551462,False,False,0.8621106900864354
difficulty_level,0,easy,1.0,7,5,ari_average_1se,5,1.0,True,True,1.0
difficulty_level,0,easy,1.0,7,5,ari_average_1se,6,0.9241192198022651,False,False,0.8549592836995359
difficulty_level,0,easy,1.0,7,5,ari_average_1se,7,0.8338412868902597,False,False,0.7568942894922093
difficulty_level,0,easy,1.0,7,5,ari_average_quant,3,0.8396308968827649,False,False,0.6387436456987856
difficulty_level,0,easy,1.0,7,5,ari_average_quant,4,0.8671118746551462,False,False,0.8621106900864354
difficulty_level,0,easy,1.0,7,5,ari_average_quant,5,1.0,True,True,1.0
difficulty_level,0,easy,1.0,7,5,ari_average_quant,6,0.9241192198022651,False,False,0.8549592836995359
difficulty_level,0,easy,1.0,7,5,ari_average_quant,7,0.8338412868902597,False,False,0.7568942894922093
difficulty_level,0,easy,1.0,7,5,ari_generalizability,3,0.7830375196159228,False,False,0.6387436456987856
difficulty_level,0,easy,1.0,7,5,ari_generalizability,4,0.8229172404501479,False,False,0.8621106900864354
difficulty_level,0,easy,1.0,7,5,ari_generalizability,5,1.0,True,True,1.0
difficulty_level,0,easy,1.0,7,5,ari_generalizability,6,0.9163698823589523,False,False,0.8549592836995359
difficulty_level,0,easy,1.0,7,5,ari_generalizability,7,0.8162963443734259,False,False,0.7568942894922093
difficulty_level,0,easy,1.0,7,5,ari_generalizability_1se,3,0.7830375196159228,False,False,0.6387436456987856
difficulty_level,0,easy,1.0,7,5,ari_generalizability_1se,4,0.8229172404501479,False,False,0.8621106900864354
difficulty_level,0,easy,1.0,7,5,ari_generalizability_1se,5,1.0,True,True,1.0
difficulty_level,0,easy,1.0,7,5,ari_generalizability_1se,6,0.9163698823589523,False,False,0.8549592836995359
difficulty_level,0,easy,1.0,7,5,ari_generalizability_1se,7,0.8162963443734259,False,False,0.7568942894922093
difficulty_level,0,easy,1.0,7,5,ari_generalizability_quant,3,0.7830375196159228,False,False,0.6387436456987856
difficulty_level,0,easy,1.0,7,5,ari_generalizability_quant,4,0.8229172404501479,False,False,0.8621106900864354
difficulty_level,0,easy,1.0,7,5,ari_generalizability_quant,5,1.0,True,True,1.0
difficulty_level,0,easy,1.0,7,5,ari_generalizability_quant,6,0.9163698823589523,False,False,0.8549592836995359
difficulty_level,0,easy,1.0,7,5,ari_generalizability_quant,7,0.8162963443734259,False,False,0.7568942894922093
difficulty_level,0,easy,1.0,7,5,ari_stability,3,0.8962242741496069,False,False,0.6387436456987856
difficulty_level,0,easy,1.0,7,5,ari_stability,4,0.9113065088601444,False,False,0.8621106900864354
difficulty_level,0,easy,1.0,7,5,ari_stability,5,1.0,True,True,1.0
difficulty_level,0,easy,1.0,7,5,ari_stability,6,0.9318685572455778,False,False,0.8549592836995359
difficulty_level,0,easy,1.0,7,5,ari_stability,7,0.8513862294070935,False,False,0.7568942894922093
difficulty_level,0,easy,1.0,7,5,ari_stability_1se,3,0.8962242741496069,False,False,0.6387436456987856
difficulty_level,0,easy,1.0,7,5,ari_stability_1se,4,0.9113065088601444,False,False,0.8621106900864354
difficulty_level,0,easy,1.0,7,5,ari_stability_1se,5,1.0,True,True,1.0
difficulty_level,0,easy,1.0,7,5,ari_stability_1se,6,0.9318685572455778,False,False,0.8549592836995359
difficulty_level,0,easy,1.0,7,5,ari_stability_1se,7,0.8513862294070935,False,False,0.7568942894922093
difficulty_level,0,easy,1.0,7,5,ari_stability_quant,3,0.8962242741496069,False,False,0.6387436456987856
difficulty_level,0,easy,1.0,7,5,ari_stability_quant,4,0.9113065088601444,False,False,0.8621106900864354
difficulty_level,0,easy,1.0,7,5,ari_stability_quant,5,1.0,True,True,1.0
difficulty_level,0,easy,1.0,7,5,ari_stability_quant,6,0.9318685572455778,False,False,0.8549592836995359
difficulty_level,0,easy,1.0,7,5,ari_stability_quant,7,0.8513862294070935,False,False,0.7568942894922093
difficulty_level,0,easy,1.0,7,5,consensus_ce_stability,3,0.8869053222664577,False,False,0.6387436456987856
difficulty_level,0,easy,1.0,7,5,consensus_ce_stability,4,0.9172074543268103,False,False,0.8621106900864354
difficulty_level,0,easy,1.0,7,5,consensus_ce_stability,5,0.9999999999586944,True,True,1.0
difficulty_level,0,easy,1.0,7,5,consensus_ce_stability,6,0.9527186047788393,False,False,0.8549592836995359
difficulty_level,0,easy,1.0,7,5,consensus_ce_stability,7,0.9123358386393646,False,False,0.7568942894922093
difficulty_level,0,easy,1.0,7,5,consensus_gini_stability,3,0.8906261936366365,False,False,0.6387436456987856
difficulty_level,0,easy,1.0,7,5,consensus_gini_stability,4,0.9199313526167742,False,False,0.8621106900864354
difficulty_level,0,easy,1.0,7,5,consensus_gini_stability,5,1.0,True,True,1.0
difficulty_level,0,easy,1.0,7,5,consensus_gini_stability,6,0.9573305955964058,False,False,0.8549592836995359
difficulty_level,0,easy,1.0,7,5,consensus_gini_stability,7,0.9224451245709672,False,False,0.7568942894922093
difficulty_level,0,easy,1.0,7,5,consensus_pac_stability,3,0.8760935467733867,False,False,0.6387436456987856
difficulty_level,0,easy,1.0,7,5,consensus_pac_stability,4,0.909288644322161,False,False,0.8621106900864354
difficulty_level,0,easy,1.0,7,5,consensus_pac_stability,5,1.0,True,True,1.0
difficulty_level,0,easy,1.0,7,5,consensus_pac_stability,6,0.9370980490245122,False,False,0.8549592836995359
difficulty_level,0,easy,1.0,7,5,consensus_pac_stability,7,0.879943971985993,False,False,0.7568942894922093
difficulty_level,0,easy,1.0,7,5,silhouette,3,0.29254559983022604,False,False,0.6387436456987856
difficulty_level,0,easy,1.0,7,5,silhouette,4,0.3514956231005323,False,False,0.8621106900864354
difficulty_level,0,easy,1.0,7,5,silhouette,5,0.4104540112937242,True,True,1.0
difficulty_level,0,easy,1.0,7,5,silhouette,6,0.4032963879176592,False,False,0.8428031227844839
difficulty_level,0,easy,1.0,7,5,silhouette,7,0.3990646738616373,False,False,0.7444907986261553
difficulty_level,0,easy,1.0,7,5,gap,3,0.713923633451305,False,False,0.6387436456987856
difficulty_level,0,easy,1.0,7,5,gap,4,0.9227741372037954,False,False,0.8621106900864354
difficulty_level,0,easy,1.0,7,5,gap,5,1.1270685115297159,False,True,1.0
difficulty_level,0,easy,1.0,7,5,gap,6,1.265791711343395,False,False,0.8428031227844839
difficulty_level,0,easy,1.0,7,5,gap,7,1.3667062951195366,True,False,0.7444907986261553
difficulty_level,0,easy,1.0,7,5,davies_bouldin,3,0.394939170804289,False,False,0.6387436456987856
difficulty_level,0,easy,1.0,7,5,davies_bouldin,4,0.4134452957374684,False,False,0.8621106900864354
difficulty_level,0,easy,1.0,7,5,davies_bouldin,5,0.4740268957383481,False,True,1.0
difficulty_level,0,easy,1.0,7,5,davies_bouldin,6,0.48802215680382,True,False,0.8428031227844839
difficulty_level,0,easy,1.0,7,5,davies_bouldin,7,0.4857579947745807,False,False,0.7444907986261553
difficulty_level,0,easy,1.0,7,5,calinski_harabasz,3,541.3816975886624,False,False,0.6387436456987856
difficulty_level,0,easy,1.0,7,5,calinski_harabasz,4,607.4306377437586,False,False,0.8621106900864354
difficulty_level,0,easy,1.0,7,5,calinski_harabasz,5,678.5252612730285,False,True,1.0
difficulty_level,0,easy,1.0,7,5,calinski_harabasz,6,688.3599432947561,True,False,0.8428031227844839
difficulty_level,0,easy,1.0,7,5,calinski_harabasz,7,674.4688617583082,False,False,0.7444907986261553
difficulty_level,0,easy,1.0,8,5,accuracy_generalizability,3,0.9961106267164135,False,False,0.7022417440082357
difficulty_level,0,easy,1.0,8,5,accuracy_generalizability,4,1.0,True,False,0.8120370508699677
difficulty_level,0,easy,1.0,8,5,accuracy_generalizability,5,0.9982970395936123,False,True,1.0
difficulty_level,0,easy,1.0,8,5,accuracy_generalizability,6,0.9575744262808749,False,False,0.8272263595325083
difficulty_level,0,easy,1.0,8,5,accuracy_generalizability,7,0.8780593241974232,False,False,0.7418107395042186
difficulty_level,0,easy,1.0,8,5,ari_average,3,0.9946652410666565,False,False,0.7022417440082357
difficulty_level,0,easy,1.0,8,5,ari_average,4,1.0,True,False,0.8120370508699677
difficulty_level,0,easy,1.0,8,5,ari_average,5,0.9987080134729459,False,True,1.0
difficulty_level,0,easy,1.0,8,5,ari_average,6,0.9328595337618011,False,False,0.8272263595325083
difficulty_level,0,easy,1.0,8,5,ari_average,7,0.8490499562282119,False,False,0.7418107395042186
difficulty_level,0,easy,1.0,8,5,ari_average_1se,3,0.9946652410666565,False,False,0.7022417440082357
difficulty_level,0,easy,1.0,8,5,ari_average_1se,4,1.0,True,False,0.8120370508699677
difficulty_level,0,easy,1.0,8,5,ari_average_1se,5,0.9987080134729459,False,True,1.0
difficulty_level,0,easy,1.0,8,5,ari_average_1se,6,0.9328595337618011,False,False,0.8272263595325083
difficulty_level,0,easy,1.0,8,5,ari_average_1se,7,0.8490499562282119,False,False,0.7418107395042186
difficulty_level,0,easy,1.0,8,5,ari_average_quant,3,0.9946652410666565,False,False,0.7022417440082357
difficulty_level,0,easy,1.0,8,5,ari_average_quant,4,1.0,True,False,0.8120370508699677
difficulty_level,0,easy,1.0,8,5,ari_average_quant,5,0.9987080134729459,False,True,1.0
difficulty_level,0,easy,1.0,8,5,ari_average_quant,6,0.9328595337618011,False,False,0.8272263595325083
difficulty_level,0,easy,1.0,8,5,ari_average_quant,7,0.8490499562282119,False,False,0.7418107395042186
difficulty_level,0,easy,1.0,8,5,ari_generalizability,3,0.9893304821333132,False,False,0.7022417440082357
difficulty_level,0,easy,1.0,8,5,ari_generalizability,4,1.0,True,False,0.8120370508699677
difficulty_level,0,easy,1.0,8,5,ari_generalizability,5,0.9974160269458919,False,True,1.0
difficulty_level,0,easy,1.0,8,5,ari_generalizability,6,0.9254594768207133,False,False,0.8272263595325083
difficulty_level,0,easy,1.0,8,5,ari_generalizability,7,0.8422021893359058,False,False,0.7418107395042186
difficulty_level,0,easy,1.0,8,5,ari_generalizability_1se,3,0.9893304821333132,False,False,0.7022417440082357
difficulty_level,0,easy,1.0,8,5,ari_generalizability_1se,4,1.0,True,False,0.8120370508699677
difficulty_level,0,easy,1.0,8,5,ari_generalizability_1se,5,0.9974160269458919,False,True,1.0
difficulty_level,0,easy,1.0,8,5,ari_generalizability_1se,6,0.9254594768207133,False,False,0.8272263595325083
difficulty_level,0,easy,1.0,8,5,ari_generalizability_1se,7,0.8422021893359058,False,False,0.7418107395042186
difficulty_level,0,easy,1.0,8,5,ari_generalizability_quant,3,0.9893304821333132,False,False,0.7022417440082357
difficulty_level,0,easy,1.0,8,5,ari_generalizability_quant,4,1.0,True,False,0.8120370508699677
difficulty_level,0,easy,1.0,8,5,ari_generalizability_quant,5,0.9974160269458919,False,True,1.0
difficulty_level,0,easy,1.0,8,5,ari_generalizability_quant,6,0.9254594768207133,False,False,0.8272263595325083
difficulty_level,0,easy,1.0,8,5,ari_generalizability_quant,7,0.8422021893359058,False,False,0.7418107395042186
difficulty_level,0,easy,1.0,8,5,ari_stability,3,1.0,True,False,0.7022417440082357
difficulty_level,0,easy,1.0,8,5,ari_stability,4,1.0,False,False,0.8120370508699677
difficulty_level,0,easy,1.0,8,5,ari_stability,5,1.0,False,True,1.0
difficulty_level,0,easy,1.0,8,5,ari_stability,6,0.9402595907028888,False,False,0.8272263595325083
difficulty_level,0,easy,1.0,8,5,ari_stability,7,0.8558977231205183,False,False,0.7418107395042186
difficulty_level,0,easy,1.0,8,5,ari_stability_1se,3,1.0,False,False,0.7022417440082357
difficulty_level,0,easy,1.0,8,5,ari_stability_1se,4,1.0,False,False,0.8120370508699677
difficulty_level,0,easy,1.0,8,5,ari_stability_1se,5,1.0,True,True,1.0
difficulty_level,0,easy,1.0,8,5,ari_stability_1se,6,0.9402595907028888,False,False,0.8272263595325083
difficulty_level,0,easy,1.0,8,5,ari_stability_1se,7,0.8558977231205183,False,False,0.7418107395042186
difficulty_level,0,easy,1.0,8,5,ari_stability_quant,3,1.0,False,False,0.7022417440082357
difficulty_level,0,easy,1.0,8,5,ari_stability_quant,4,1.0,False,False,0.8120370508699677
difficulty_level,0,easy,1.0,8,5,ari_stability_quant,5,1.0,True,True,1.0
difficulty_level,0,easy,1.0,8,5,ari_stability_quant,6,0.9402595907028888,False,False,0.8272263595325083
difficulty_level,0,easy,1.0,8,5,ari_stability_quant,7,0.8558977231205183,False,False,0.7418107395042186
difficulty_level,0,easy,1.0,8,5,consensus_ce_stability,3,0.9999999999586944,True,False,0.7022417440082357
difficulty_level,0,easy,1.0,8,5,consensus_ce_stability,4,0.9999999999586944,False,False,0.8120370508699677
difficulty_level,0,easy,1.0,8,5,consensus_ce_stability,5,0.9999999999586944,False,True,1.0
difficulty_level,0,easy,1.0,8,5,consensus_ce_stability,6,0.9582332964129818,False,False,0.8272263595325083
difficulty_level,0,easy,1.0,8,5,consensus_ce_stability,7,0.9209727307216508,False,False,0.7418107395042186
difficulty_level,0,easy,1.0,8,5,consensus_gini_stability,3,1.0,True,False,0.7022417440082357
difficulty_level,0,easy,1.0,8,5,consensus_gini_stability,4,1.0,False,False,0.8120370508699677
difficulty_level,0,easy,1.0,8,5,consensus_gini_stability,5,1.0,False,True,1.0
difficulty_level,0,easy,1.0,8,5,consensus_gini_stability,6,0.964124168467663,False,False,0.8272263595325083
difficulty_level,0,easy,1.0,8,5,consensus_gini_stability,7,0.9283608571920994,False,False,0.7418107395042186
difficulty_level,0,easy,1.0,8,5,consensus_pac_stability,3,1.0,True,False,0.7022417440082357
difficulty_level,0,easy,1.0,8,5,consensus_pac_stability,4,1.0,False,False,0.8120370508699677
difficulty_level,0,easy,1.0,8,5,consensus_pac_stability,5,1.0,False,True,1.0
difficulty_level,0,easy,1.0,8,5,consensus_pac_stability,6,0.9423766883441721,False,False,0.8272263595325083
difficulty_level,0,easy,1.0,8,5,consensus_pac_stability,7,0.9006263131565783,False,False,0.7418107395042186
difficulty_level,0,easy,1.0,8,5,silhouette,3,0.3017908298266059,False,False,0.7022417440082357
difficulty_level,0,easy,1.0,8,5,silhouette,4,0.3583533737443084,False,False,0.8120370508699677
difficulty_level,0,easy,1.0,8,5,silhouette,5,0.38802845684223686,True,True,1.0
difficulty_level,0,easy,1.0,8,5,silhouette,6,0.36562651834397236,False,False,0.8266055345716175
difficulty_level,0,easy,1.0,8,5,silhouette,7,0.3451904301295339,False,False,0.7367268027441556
difficulty_level,0,easy,1.0,8,5,gap,3,0.6727796112378961,False,False,0.7022417440082357
difficulty_level,0,easy,1.0,8,5,gap,4,0.8688037782467575,False,False,0.8120370508699677
difficulty_level,0,easy,1.0,8,5,gap,5,1.0214622650178402,False,True,1.0
difficulty_level,0,easy,1.0,8,5,gap,6,1.1290123832708687,False,False,0.8266055345716175
difficulty_level,0,easy,1.0,8,5,gap,7,1.214117813456804,True,False,0.7367268027441556
difficulty_level,0,easy,1.0,8,5,davies_bouldin,3,0.38182846807943754,False,False,0.7022417440082357
difficulty_level,0,easy,1.0,8,5,davies_bouldin,4,0.4426538191080735,False,False,0.8120370508699677
difficulty_level,0,easy,1.0,8,5,davies_bouldin,5,0.448023500514644,False,True,1.0
difficulty_level,0,easy,1.0,8,5,davies_bouldin,6,0.45601381937483193,True,False,0.8266055345716175
difficulty_level,0,easy,1.0,8,5,davies_bouldin,7,0.4458898751134623,False,False,0.7367268027441556
difficulty_level,0,easy,1.0,8,5,calinski_harabasz,3,553.932855236685,False,False,0.7022417440082357
difficulty_level,0,easy,1.0,8,5,calinski_harabasz,4,601.3363029346802,False,False,0.8120370508699677
difficulty_level,0,easy,1.0,8,5,calinski_harabasz,5,613.6735232625015,True,True,1.0
difficulty_level,0,easy,1.0,8,5,calinski_harabasz,6,597.0927984503671,False,False,0.8266055345716175
difficulty_level,0,easy,1.0,8,5,calinski_harabasz,7,575.3248125408652,False,False,0.7367268027441556
difficulty_level,0,easy,1.0,9,5,accuracy_generalizability,3,1.0,True,False,0.673789615512104
difficulty_level,0,easy,1.0,9,5,accuracy_generalizability,4,0.9980877508143536,False,False,0.8723772530897207
difficulty_level,0,easy,1.0,9,5,accuracy_generalizability,5,1.0,False,True,1.0
difficulty_level,0,easy,1.0,9,5,accuracy_generalizability,6,0.8836335631547038,False,False,0.9205265635681024
difficulty_level,0,easy,1.0,9,5,accuracy_generalizability,7,0.9166058329032304,False,False,0.7573461704142325
difficulty_level,0,easy,1.0,9,5,ari_average,3,1.0,True,False,0.673789615512104
difficulty_level,0,easy,1.0,9,5,ari_average,4,0.9987145647487954,False,False,0.8723772530897207
difficulty_level,0,easy,1.0,9,5,ari_average,5,1.0,False,True,1.0
difficulty_level,0,easy,1.0,9,5,ari_average,6,0.8923617110201759,False,False,0.9205265635681024
difficulty_level,0,easy,1.0,9,5,ari_average,7,0.8802822397026917,False,False,0.7573461704142325
difficulty_level,0,easy,1.0,9,5,ari_average_1se,3,1.0,False,False,0.673789615512104
difficulty_level,0,easy,1.0,9,5,ari_average_1se,4,0.9987145647487954,False,False,0.8723772530897207
difficulty_level,0,easy,1.0,9,5,ari_average_1se,5,1.0,True,True,1.0
difficulty_level,0,easy,1.0,9,5,ari_average_1se,6,0.8923617110201759,False,False,0.9205265635681024
difficulty_level,0,easy,1.0,9,5,ari_average_1se,7,0.8802822397026917,False,False,0.7573461704142325
difficulty_level,0,easy,1.0,9,5,ari_average_quant,3,1.0,False,False,0.673789615512104
difficulty_level,0,easy,1.0,9,5,ari_average_quant,4,0.9987145647487954,False,False,0.8723772530897207
difficulty_level,0,easy,1.0,9,5,ari_average_quant,5,1.0,True,True,1.0
difficulty_level,0,easy,1.0,9,5,ari_average_quant,6,0.8923617110201759,False,False,0.9205265635681024
difficulty_level,0,easy,1.0,9,5,ari_average_quant,7,0.8802822397026917,False,False,0.7573461704142325
difficulty_level,0,easy,1.0,9,5,ari_generalizability,3,1.0,True,False,0.673789615512104
difficulty_level,0,easy,1.0,9,5,ari_generalizability,4,0.9974291294975908,False,False,0.8723772530897207
difficulty_level,0,easy,1.0,9,5,ari_generalizability,5,1.0,False,True,1.0
difficulty_level,0,easy,1.0,9,5,ari_generalizability,6,0.8732419707897721,False,False,0.9205265635681024
difficulty_level,0,easy,1.0,9,5,ari_generalizability,7,0.8670398691636837,False,False,0.7573461704142325
difficulty_level,0,easy,1.0,9,5,ari_generalizability_1se,3,1.0,False,False,0.673789615512104
difficulty_level,0,easy,1.0,9,5,ari_generalizability_1se,4,0.9974291294975908,False,False,0.8723772530897207
difficulty_level,0,easy,1.0,9,5,ari_generalizability_1se,5,1.0,True,True,1.0
difficulty_level,0,easy,1.0,9,5,ari_generalizability_1se,6,0.8732419707897721,False,False,0.9205265635681024
difficulty_level,0,easy,1.0,9,5,ari_generalizability_1se,7,0.8670398691636837,False,False,0.7573461704142325
difficulty_level,0,easy,1.0,9,5,ari_generalizability_quant,3,1.0,False,False,0.673789615512104
difficulty_level,0,easy,1.0,9,5,ari_generalizability_quant,4,0.9974291294975908,False,False,0.8723772530897207
difficulty_level,0,easy,1.0,9,5,ari_generalizability_quant,5,1.0,True,True,1.0
difficulty_level,0,easy,1.0,9,5,ari_generalizability_quant,6,0.8732419707897721,False,False,0.9205265635681024
difficulty_level,0,easy,1.0,9,5,ari_generalizability_quant,7,0.8670398691636837,False,False,0.7573461704142325
difficulty_level,0,easy,1.0,9,5,ari_stability,3,1.0,True,False,0.673789615512104
difficulty_level,0,easy,1.0,9,5,ari_stability,4,1.0,False,False,0.8723772530897207
difficulty_level,0,easy,1.0,9,5,ari_stability,5,1.0,False,True,1.0
difficulty_level,0,easy,1.0,9,5,ari_stability,6,0.9114814512505798,False,False,0.9205265635681024
difficulty_level,0,easy,1.0,9,5,ari_stability,7,0.8935246102416999,False,False,0.7573461704142325
difficulty_level,0,easy,1.0,9,5,ari_stability_1se,3,1.0,False,False,0.673789615512104
difficulty_level,0,easy,1.0,9,5,ari_stability_1se,4,1.0,False,False,0.8723772530897207
difficulty_level,0,easy,1.0,9,5,ari_stability_1se,5,1.0,True,True,1.0
difficulty_level,0,easy,1.0,9,5,ari_stability_1se,6,0.9114814512505798,False,False,0.9205265635681024
difficulty_level,0,easy,1.0,9,5,ari_stability_1se,7,0.8935246102416999,False,False,0.7573461704142325
difficulty_level,0,easy,1.0,9,5,ari_stability_quant,3,1.0,False,False,0.673789615512104
difficulty_level,0,easy,1.0,9,5,ari_stability_quant,4,1.0,False,False,0.8723772530897207
difficulty_level,0,easy,1.0,9,5,ari_stability_quant,5,1.0,True,True,1.0
difficulty_level,0,easy,1.0,9,5,ari_stability_quant,6,0.9114814512505798,False,False,0.9205265635681024
difficulty_level,0,easy,1.0,9,5,ari_stability_quant,7,0.8935246102416999,False,False,0.7573461704142325
difficulty_level,0,easy,1.0,9,5,consensus_ce_stability,3,0.9999999999586944,True,False,0.673789615512104
difficulty_level,0,easy,1.0,9,5,consensus_ce_stability,4,0.9999999999586944,False,False,0.8723772530897207
difficulty_level,0,easy,1.0,9,5,consensus_ce_stability,5,0.9999999999586944,False,True,1.0
difficulty_level,0,easy,1.0,9,5,consensus_ce_stability,6,0.9349884485844864,False,False,0.9205265635681024
difficulty_level,0,easy,1.0,9,5,consensus_ce_stability,7,0.9379691823687645,False,False,0.7573461704142325
difficulty_level,0,easy,1.0,9,5,consensus_gini_stability,3,1.0,True,False,0.673789615512104
difficulty_level,0,easy,1.0,9,5,consensus_gini_stability,4,1.0,False,False,0.8723772530897207
difficulty_level,0,easy,1.0,9,5,consensus_gini_stability,5,1.0,False,True,1.0
difficulty_level,0,easy,1.0,9,5,consensus_gini_stability,6,0.9428573351726477,False,False,0.9205265635681024
difficulty_level,0,easy,1.0,9,5,consensus_gini_stability,7,0.9462236977535149,False,False,0.7573461704142325
difficulty_level,0,easy,1.0,9,5,consensus_pac_stability,3,1.0,True,False,0.673789615512104
difficulty_level,0,easy,1.0,9,5,consensus_pac_stability,4,1.0,False,False,0.8723772530897207
difficulty_level,0,easy,1.0,9,5,consensus_pac_stability,5,1.0,False,True,1.0
difficulty_level,0,easy,1.0,9,5,consensus_pac_stability,6,0.908327663831916,False,False,0.9205265635681024
difficulty_level,0,easy,1.0,9,5,consensus_pac_stability,7,0.914327663831916,False,False,0.7573461704142325
difficulty_level,0,easy,1.0,9,5,silhouette,3,0.27806202958477094,False,False,0.673789615512104
difficulty_level,0,easy,1.0,9,5,silhouette,4,0.3373232426105,False,False,0.8723772530897207
difficulty_level,0,easy,1.0,9,5,silhouette,5,0.3763773774811066,False,True,1.0
difficulty_level,0,easy,1.0,9,5,silhouette,6,0.3811700575802762,True,False,0.934198781066087
difficulty_level,0,easy,1.0,9,5,silhouette,7,0.35536466759611846,False,False,0.7740399822602266
difficulty_level,0,easy,1.0,9,5,gap,3,0.7338301737151554,False,False,0.673789615512104
difficulty_level,0,easy,1.0,9,5,gap,4,0.9053417985237449,False,False,0.8723772530897207
difficulty_level,0,easy,1.0,9,5,gap,5,1.0602822325437522,False,True,1.0
difficulty_level,0,easy,1.0,9,5,gap,6,1.1557214406876586,False,False,0.934198781066087
difficulty_level,0,easy,1.0,9,5,gap,7,1.2597736121778276,True,False,0.7740399822602266
difficulty_level,0,easy,1.0,9,5,davies_bouldin,3,0.37478573969560025,False,False,0.673789615512104
difficulty_level,0,easy,1.0,9,5,davies_bouldin,4,0.39989275113839434,False,False,0.8723772530897207
difficulty_level,0,easy,1.0,9,5,davies_bouldin,5,0.44076226007689406,False,True,1.0
difficulty_level,0,easy,1.0,9,5,davies_bouldin,6,0.4553089201401585,True,False,0.934198781066087
difficulty_level,0,easy,1.0,9,5,davies_bouldin,7,0.45517911089779783,False,False,0.7740399822602266
difficulty_level,0,easy,1.0,9,5,calinski_harabasz,3,481.4675202123933,False,False,0.673789615512104
difficulty_level,0,easy,1.0,9,5,calinski_harabasz,4,513.9508619392941,False,False,0.8723772530897207
difficulty_level,0,easy,1.0,9,5,calinski_harabasz,5,540.0633738947616,True,True,1.0
difficulty_level,0,easy,1.0,9,5,calinski_harabasz,6,519.9983955414141,False,False,0.934198781066087
difficulty_level,0,easy,1.0,9,5,calinski_harabasz,7,521.3046530283285,False,False,0.7740399822602266
difficulty_level,0,easy,1.0,10,5,accuracy_generalizability,3,0.7976548616465405,False,False,0.5094582992434422
difficulty_level,0,easy,1.0,10,5,accuracy_generalizability,4,0.9891646913748525,False,False,0.8397187803939649
difficulty_level,0,easy,1.0,10,5,accuracy_generalizability,5,1.0,True,True,1.0
difficulty_level,0,easy,1.0,10,5,accuracy_generalizability,6,0.9568774038091173,False,False,0.9327505733869553
difficulty_level,0,easy,1.0,10,5,accuracy_generalizability,7,0.8720845980193362,False,False,0.867645681134939
difficulty_level,0,easy,1.0,10,5,ari_average,3,0.6677871384257625,False,False,0.5094582992434422
difficulty_level,0,easy,1.0,10,5,ari_average,4,0.9798075208953623,False,False,0.8397187803939649
difficulty_level,0,easy,1.0,10,5,ari_average,5,1.0,True,True,1.0
difficulty_level,0,easy,1.0,10,5,ari_average,6,0.9594734372678119,False,False,0.9327505733869553
difficulty_level,0,easy,1.0,10,5,ari_average,7,0.8730217133763287,False,False,0.867645681134939
difficulty_level,0,easy,1.0,10,5,ari_average_1se,3,0.6677871384257625,False,False,0.5094582992434422
difficulty_level,0,easy,1.0,10,5,ari_average_1se,4,0.9798075208953623,False,False,0.8397187803939649
difficulty_level,0,easy,1.0,10,5,ari_average_1se,5,1.0,True,True,1.0
difficulty_level,0,easy,1.0,10,5,ari_average_1se,6,0.9594734372678119,False,False,0.9327505733869553
difficulty_level,0,easy,1.0,10,5,ari_average_1se,7,0.8730217133763287,False,False,0.867645681134939
difficulty_level,0,easy,1.0,10,5,ari_average_quant,3,0.6677871384257625,False,False,0.5094582992434422
difficulty_level,0,easy,1.0,10,5,ari_average_quant,4,0.9798075208953623,False,False,0.8397187803939649
difficulty_level,0,easy,1.0,10,5,ari_average_quant,5,1.0,True,True,1.0
difficulty_level,0,easy,1.0,10,5,ari_average_quant,6,0.9594734372678119,False,False,0.9327505733869553
difficulty_level,0,easy,1.0,10,5,ari_average_quant,7,0.8730217133763287,False,False,0.867645681134939
difficulty_level,0,easy,1.0,10,5,ari_generalizability,3,0.5520086384405439,False,False,0.5094582992434422
difficulty_level,0,easy,1.0,10,5,ari_generalizability,4,0.9749355498184465,False,False,0.8397187803939649
difficulty_level,0,easy,1.0,10,5,ari_generalizability,5,1.0,True,True,1.0
difficulty_level,0,easy,1.0,10,5,ari_generalizability,6,0.9564724079360435,False,False,0.9327505733869553
difficulty_level,0,easy,1.0,10,5,ari_generalizability,7,0.8643439161705774,False,False,0.867645681134939
difficulty_level,0,easy,1.0,10,5,ari_generalizability_1se,3,0.5520086384405439,False,False,0.5094582992434422
difficulty_level,0,easy,1.0,10,5,ari_generalizability_1se,4,0.9749355498184465,False,False,0.8397187803939649
difficulty_level,0,easy,1.0,10,5,ari_generalizability_1se,5,1.0,True,True,1.0
difficulty_level,0,easy,1.0,10,5,ari_generalizability_1se,6,0.9564724079360435,False,False,0.9327505733869553
difficulty_level,0,easy,1.0,10,5,ari_generalizability_1se,7,0.8643439161705774,False,False,0.867645681134939
difficulty_level,0,easy,1.0,10,5,ari_generalizability_quant,3,0.5520086384405439,False,False,0.5094582992434422
difficulty_level,0,easy,1.0,10,5,ari_generalizability_quant,4,0.9749355498184465,False,False,0.8397187803939649
difficulty_level,0,easy,1.0,10,5,ari_generalizability_quant,5,1.0,True,True,1.0
difficulty_level,0,easy,1.0,10,5,ari_generalizability_quant,6,0.9564724079360435,False,False,0.9327505733869553
difficulty_level,0,easy,1.0,10,5,ari_generalizability_quant,7,0.8643439161705774,False,False,0.867645681134939
difficulty_level,0,easy,1.0,10,5,ari_stability,3,0.783565638410981,False,False,0.5094582992434422
difficulty_level,0,easy,1.0,10,5,ari_stability,4,0.984679491972278,False,False,0.8397187803939649
difficulty_level,0,easy,1.0,10,5,ari_stability,5,1.0,True,True,1.0
difficulty_level,0,easy,1.0,10,5,ari_stability,6,0.9624744665995801,False,False,0.9327505733869553
difficulty_level,0,easy,1.0,10,5,ari_stability,7,0.8816995105820803,False,False,0.867645681134939
difficulty_level,0,easy,1.0,10,5,ari_stability_1se,3,0.783565638410981,False,False,0.5094582992434422
difficulty_level,0,easy,1.0,10,5,ari_stability_1se,4,0.984679491972278,False,False,0.8397187803939649
difficulty_level,0,easy,1.0,10,5,ari_stability_1se,5,1.0,True,True,1.0
difficulty_level,0,easy,1.0,10,5,ari_stability_1se,6,0.9624744665995801,False,False,0.9327505733869553
difficulty_level,0,easy,1.0,10,5,ari_stability_1se,7,0.8816995105820803,False,False,0.867645681134939
difficulty_level,0,easy,1.0,10,5,ari_stability_quant,3,0.783565638410981,False,False,0.5094582992434422
difficulty_level,0,easy,1.0,10,5,ari_stability_quant,4,0.984679491972278,False,False,0.8397187803939649
difficulty_level,0,easy,1.0,10,5,ari_stability_quant,5,1.0,True,True,1.0
difficulty_level,0,easy,1.0,10,5,ari_stability_quant,6,0.9624744665995801,False,False,0.9327505733869553
difficulty_level,0,easy,1.0,10,5,ari_stability_quant,7,0.8816995105820803,False,False,0.867645681134939
difficulty_level,0,easy,1.0,10,5,consensus_ce_stability,3,0.7634951037364633,False,False,0.5094582992434422
difficulty_level,0,easy,1.0,10,5,consensus_ce_stability,4,0.9923651034883569,False,False,0.8397187803939649
difficulty_level,0,easy,1.0,10,5,consensus_ce_stability,5,0.9999999999586944,True,True,1.0
difficulty_level,0,easy,1.0,10,5,consensus_ce_stability,6,0.9784677903790489,False,False,0.9327505733869553
difficulty_level,0,easy,1.0,10,5,consensus_ce_stability,7,0.9231459439585192,False,False,0.867645681134939
difficulty_level,0,easy,1.0,10,5,consensus_gini_stability,3,0.7797050283938736,False,False,0.5094582992434422
difficulty_level,0,easy,1.0,10,5,consensus_gini_stability,4,0.9955396361197761,False,False,0.8397187803939649
difficulty_level,0,easy,1.0,10,5,consensus_gini_stability,5,1.0,True,True,1.0
difficulty_level,0,easy,1.0,10,5,consensus_gini_stability,6,0.9812222636401775,False,False,0.9327505733869553
difficulty_level,0,easy,1.0,10,5,consensus_gini_stability,7,0.9323404680569056,False,False,0.867645681134939
difficulty_level,0,easy,1.0,10,5,consensus_pac_stability,3,0.7336258129064532,False,False,0.5094582992434422
difficulty_level,0,easy,1.0,10,5,consensus_pac_stability,4,0.9999944972486243,False,False,0.8397187803939649
difficulty_level,0,easy,1.0,10,5,consensus_pac_stability,5,1.0,True,True,1.0
difficulty_level,0,easy,1.0,10,5,consensus_pac_stability,6,0.9743231615807904,False,False,0.9327505733869553
difficulty_level,0,easy,1.0,10,5,consensus_pac_stability,7,0.8935567783891946,False,False,0.867645681134939
difficulty_level,0,easy,1.0,10,5,silhouette,3,0.274238904923476,False,False,0.5094582992434422
difficulty_level,0,easy,1.0,10,5,silhouette,4,0.33901420198300697,False,False,0.8397187803939649
difficulty_level,0,easy,1.0,10,5,silhouette,5,0.4066873917079958,True,True,1.0
difficulty_level,0,easy,1.0,10,5,silhouette,6,0.4013666034363667,False,False,0.9345072897334643
difficulty_level,0,easy,1.0,10,5,silhouette,7,0.38886377574139447,False,False,0.8631057462475238
difficulty_level,0,easy,1.0,10,5,gap,3,0.5493802225533866,False,False,0.5094582992434422
difficulty_level,0,easy,1.0,10,5,gap,4,0.7684176463109367,False,False,0.8397187803939649
difficulty_level,0,easy,1.0,10,5,gap,5,1.0009956890642258,False,True,1.0
difficulty_level,0,easy,1.0,10,5,gap,6,1.0877773329767813,False,False,0.9345072897334643
difficulty_level,0,easy,1.0,10,5,gap,7,1.1688772215901828,True,False,0.8631057462475238
difficulty_level,0,easy,1.0,10,5,davies_bouldin,3,0.39688890329914345,False,False,0.5094582992434422
difficulty_level,0,easy,1.0,10,5,davies_bouldin,4,0.4173663703904685,False,False,0.8397187803939649
difficulty_level,0,easy,1.0,10,5,davies_bouldin,5,0.47569695139060725,True,True,1.0
difficulty_level,0,easy,1.0,10,5,davies_bouldin,6,0.46740204924580275,False,False,0.9345072897334643
difficulty_level,0,easy,1.0,10,5,davies_bouldin,7,0.4683862634529848,False,False,0.8631057462475238
difficulty_level,0,easy,1.0,10,5,calinski_harabasz,3,472.61088908895226,False,False,0.5094582992434422
difficulty_level,0,easy,1.0,10,5,calinski_harabasz,4,563.1218206812742,False,False,0.8397187803939649
difficulty_level,0,easy,1.0,10,5,calinski_harabasz,5,669.860935799467,True,True,1.0
difficulty_level,0,easy,1.0,10,5,calinski_harabasz,6,625.6293262378549,False,False,0.9345072897334643
difficulty_level,0,easy,1.0,10,5,calinski_harabasz,7,597.4533277394145,False,False,0.8631057462475238
difficulty_level,0,easy,1.0,11,5,accuracy_generalizability,3,0.9818931773252905,False,False,0.8464727316874787
difficulty_level,0,easy,1.0,11,5,accuracy_generalizability,4,0.9885266311191114,False,False,0.9518471571744298
difficulty_level,0,easy,1.0,11,5,accuracy_generalizability,5,1.0,True,True,1.0
difficulty_level,0,easy,1.0,11,5,accuracy_generalizability,6,0.9091809000883243,False,False,0.7291369816559052
difficulty_level,0,easy,1.0,11,5,accuracy_generalizability,7,0.8214343978479174,False,False,0.5697678426230478
difficulty_level,0,easy,1.0,11,5,ari_average,3,0.9868166313496567,False,False,0.8464727316874787
difficulty_level,0,easy,1.0,11,5,ari_average,4,0.991556497908662,False,False,0.9518471571744298
difficulty_level,0,easy,1.0,11,5,ari_average,5,1.0,True,True,1.0
difficulty_level,0,easy,1.0,11,5,ari_average,6,0.7974129488021963,False,False,0.7291369816559052
difficulty_level,0,easy,1.0,11,5,ari_average,7,0.7615795906723062,False,False,0.5697678426230478
difficulty_level,0,easy,1.0,11,5,ari_average_1se,3,0.9868166313496567,False,False,0.8464727316874787
difficulty_level,0,easy,1.0,11,5,ari_average_1se,4,0.991556497908662,False,False,0.9518471571744298
difficulty_level,0,easy,1.0,11,5,ari_average_1se,5,1.0,True,True,1.0
difficulty_level,0,easy,1.0,11,5,ari_average_1se,6,0.7974129488021963,False,False,0.7291369816559052
difficulty_level,0,easy,1.0,11,5,ari_average_1se,7,0.7615795906723062,False,False,0.5697678426230478
difficulty_level,0,easy,1.0,11,5,ari_average_quant,3,0.9868166313496567,False,False,0.8464727316874787
difficulty_level,0,easy,1.0,11,5,ari_average_quant,4,0.991556497908662,False,False,0.9518471571744298
difficulty_level,0,easy,1.0,11,5,ari_average_quant,5,1.0,True,True,1.0
difficulty_level,0,easy,1.0,11,5,ari_average_quant,6,0.7974129488021963,False,False,0.7291369816559052
difficulty_level,0,easy,1.0,11,5,ari_average_quant,7,0.7615795906723062,False,False,0.5697678426230478
difficulty_level,0,easy,1.0,11,5,ari_generalizability,3,0.9788447885246595,False,False,0.8464727316874787
difficulty_level,0,easy,1.0,11,5,ari_generalizability,4,0.9876331468363226,False,False,0.9518471571744298
difficulty_level,0,easy,1.0,11,5,ari_generalizability,5,1.0,True,True,1.0
difficulty_level,0,easy,1.0,11,5,ari_generalizability,6,0.7840656268535983,False,False,0.7291369816559052
difficulty_level,0,easy,1.0,11,5,ari_generalizability,7,0.7406660983339488,False,False,0.5697678426230478
difficulty_level,0,easy,1.0,11,5,ari_generalizability_1se,3,0.9788447885246595,False,False,0.8464727316874787
difficulty_level,0,easy,1.0,11,5,ari_generalizability_1se,4,0.9876331468363226,False,False,0.9518471571744298
difficulty_level,0,easy,1.0,11,5,ari_generalizability_1se,5,1.0,True,True,1.0
difficulty_level,0,easy,1.0,11,5,ari_generalizability_1se,6,0.7840656268535983,False,False,0.7291369816559052
difficulty_level,0,easy,1.0,11,5,ari_generalizability_1se,7,0.7406660983339488,False,False,0.5697678426230478
difficulty_level,0,easy,1.0,11,5,ari_generalizability_quant,3,0.9788447885246595,False,False,0.8464727316874787
difficulty_level,0,easy,1.0,11,5,ari_generalizability_quant,4,0.9876331468363226,False,False,0.9518471571744298
difficulty_level,0,easy,1.0,11,5,ari_generalizability_quant,5,1.0,True,True,1.0
difficulty_level,0,easy,1.0,11,5,ari_generalizability_quant,6,0.7840656268535983,False,False,0.7291369816559052
difficulty_level,0,easy,1.0,11,5,ari_generalizability_quant,7,0.7406660983339488,False,False,0.5697678426230478
difficulty_level,0,easy,1.0,11,5,ari_stability,3,0.994788474174654,False,False,0.8464727316874787
difficulty_level,0,easy,1.0,11,5,ari_stability,4,0.9954798489810013,False,False,0.9518471571744298
difficulty_level,0,easy,1.0,11,5,ari_stability,5,1.0,True,True,1.0
difficulty_level,0,easy,1.0,11,5,ari_stability,6,0.8107602707507939,False,False,0.7291369816559052
difficulty_level,0,easy,1.0,11,5,ari_stability,7,0.7824930830106638,False,False,0.5697678426230478
difficulty_level,0,easy,1.0,11,5,ari_stability_1se,3,0.994788474174654,False,False,0.8464727316874787
difficulty_level,0,easy,1.0,11,5,ari_stability_1se,4,0.9954798489810013,False,False,0.9518471571744298
difficulty_level,0,easy,1.0,11,5,ari_stability_1se,5,1.0,True,True,1.0
difficulty_level,0,easy,1.0,11,5,ari_stability_1se,6,0.8107602707507939,False,False,0.7291369816559052
difficulty_level,0,easy,1.0,11,5,ari_stability_1se,7,0.7824930830106638,False,False,0.5697678426230478
difficulty_level,0,easy,1.0,11,5,ari_stability_quant,3,0.994788474174654,False,False,0.8464727316874787
difficulty_level,0,easy,1.0,11,5,ari_stability_quant,4,0.9954798489810013,False,False,0.9518471571744298
difficulty_level,0,easy,1.0,11,5,ari_stability_quant,5,1.0,True,True,1.0
difficulty_level,0,easy,1.0,11,5,ari_stability_quant,6,0.8107602707507939,False,False,0.7291369816559052
difficulty_level,0,easy,1.0,11,5,ari_stability_quant,7,0.7824930830106638,False,False,0.5697678426230478
difficulty_level,0,easy,1.0,11,5,consensus_ce_stability,3,0.9919242386024357,False,False,0.8464727316874787
difficulty_level,0,easy,1.0,11,5,consensus_ce_stability,4,0.9968923793664621,False,False,0.9518471571744298
difficulty_level,0,easy,1.0,11,5,consensus_ce_stability,5,0.9999999999586944,True,True,1.0
difficulty_level,0,easy,1.0,11,5,consensus_ce_stability,6,0.8724238559395775,False,False,0.7291369816559052
difficulty_level,0,easy,1.0,11,5,consensus_ce_stability,7,0.8635569410972661,False,False,0.5697678426230478
difficulty_level,0,easy,1.0,11,5,consensus_gini_stability,3,0.9952922675685739,False,False,0.8464727316874787
difficulty_level,0,easy,1.0,11,5,consensus_gini_stability,4,0.9981874679523424,False,False,0.9518471571744298
difficulty_level,0,easy,1.0,11,5,consensus_gini_stability,5,1.0,True,True,1.0
difficulty_level,0,easy,1.0,11,5,consensus_gini_stability,6,0.8838520798555316,False,False,0.7291369816559052
difficulty_level,0,easy,1.0,11,5,consensus_gini_stability,7,0.8752648253329699,False,False,0.5697678426230478
difficulty_level,0,easy,1.0,11,5,consensus_pac_stability,3,0.9999989994997499,False,False,0.8464727316874787
difficulty_level,0,easy,1.0,11,5,consensus_pac_stability,4,0.9999989994997499,False,False,0.9518471571744298
difficulty_level,0,easy,1.0,11,5,consensus_pac_stability,5,1.0,True,True,1.0
difficulty_level,0,easy,1.0,11,5,consensus_pac_stability,6,0.8427868934467233,False,False,0.7291369816559052
difficulty_level,0,easy,1.0,11,5,consensus_pac_stability,7,0.8304017008504252,False,False,0.5697678426230478
difficulty_level,0,easy,1.0,11,5,silhouette,3,0.32688064667104927,False,False,0.8464727316874787
difficulty_level,0,easy,1.0,11,5,silhouette,4,0.37949836309418233,False,False,0.9518471571744298
difficulty_level,0,easy,1.0,11,5,silhouette,5,0.42096811925557803,True,True,1.0
difficulty_level,0,easy,1.0,11,5,silhouette,6,0.3700293874237715,False,False,0.6864191810830477
difficulty_level,0,easy,1.0,11,5,silhouette,7,0.3786762551995941,False,False,0.666058225253562
difficulty_level,0,easy,1.0,11,5,gap,3,0.7253680870425594,False,False,0.8464727316874787
difficulty_level,0,easy,1.0,11,5,gap,4,0.8996201069688556,False,False,0.9518471571744298
difficulty_level,0,easy,1.0,11,5,gap,5,1.0635442487765427,False,True,1.0
difficulty_level,0,easy,1.0,11,5,gap,6,1.2238606290207716,False,False,0.6864191810830477
difficulty_level,0,easy,1.0,11,5,gap,7,1.3159995053582652,True,False,0.666058225253562
difficulty_level,0,easy,1.0,11,5,davies_bouldin,3,0.3823356257806902,False,False,0.8464727316874787
difficulty_level,0,easy,1.0,11,5,davies_bouldin,4,0.40962388497500596,False,False,0.9518471571744298
difficulty_level,0,easy,1.0,11,5,davies_bouldin,5,0.4720009508387735,False,True,1.0
difficulty_level,0,easy,1.0,11,5,davies_bouldin,6,0.46652828095304555,False,False,0.6864191810830477
difficulty_level,0,easy,1.0,11,5,davies_bouldin,7,0.47339041435129364,True,False,0.666058225253562
difficulty_level,0,easy,1.0,11,5,calinski_harabasz,3,550.839614000647,False,False,0.8464727316874787
difficulty_level,0,easy,1.0,11,5,calinski_harabasz,4,572.3054360953478,False,False,0.9518471571744298
difficulty_level,0,easy,1.0,11,5,calinski_harabasz,5,601.2473308686824,False,True,1.0
difficulty_level,0,easy,1.0,11,5,calinski_harabasz,6,639.545110607404,True,False,0.6864191810830477
difficulty_level,0,easy,1.0,11,5,calinski_harabasz,7,621.0476099409035,False,False,0.666058225253562
difficulty_level,0,easy,0.699336547453503,12,5,accuracy_generalizability,3,1.0,True,False,0.820964347795283
difficulty_level,0,easy,0.699336547453503,12,5,accuracy_generalizability,4,1.0,False,False,0.9344060090671873
difficulty_level,0,easy,0.699336547453503,12,5,accuracy_generalizability,5,0.8191431988868579,False,True,0.6925147684511267
difficulty_level,0,easy,0.699336547453503,12,5,accuracy_generalizability,6,0.921120944255071,False,False,0.7571403753072756
difficulty_level,0,easy,0.699336547453503,12,5,accuracy_generalizability,7,0.8177608248692838,False,False,0.683626569321489
difficulty_level,0,easy,0.699336547453503,12,5,ari_average,3,1.0,True,False,0.820964347795283
difficulty_level,0,easy,0.699336547453503,12,5,ari_average,4,1.0,False,False,0.9344060090671873
difficulty_level,0,easy,0.699336547453503,12,5,ari_average,5,0.8111728411453657,False,True,0.6925147684511267
difficulty_level,0,easy,0.699336547453503,12,5,ari_average,6,0.8560789877792206,False,False,0.7571403753072756
difficulty_level,0,easy,0.699336547453503,12,5,ari_average,7,0.7562255237324053,False,False,0.683626569321489
difficulty_level,0,easy,0.699336547453503,12,5,ari_average_1se,3,1.0,False,False,0.820964347795283
difficulty_level,0,easy,0.699336547453503,12,5,ari_average_1se,4,1.0,True,False,0.9344060090671873
difficulty_level,0,easy,0.699336547453503,12,5,ari_average_1se,5,0.8111728411453657,False,True,0.6925147684511267
difficulty_level,0,easy,0.699336547453503,12,5,ari_average_1se,6,0.8560789877792206,False,False,0.7571403753072756
difficulty_level,0,easy,0.699336547453503,12,5,ari_average_1se,7,0.7562255237324053,False,False,0.683626569321489
difficulty_level,0,easy,0.699336547453503,12,5,ari_average_quant,3,1.0,False,False,0.820964347795283
difficulty_level,0,easy,0.699336547453503,12,5,ari_average_quant,4,1.0,True,False,0.9344060090671873
difficulty_level,0,easy,0.699336547453503,12,5,ari_average_quant,5,0.8111728411453657,False,True,0.6925147684511267
difficulty_level,0,easy,0.699336547453503,12,5,ari_average_quant,6,0.8560789877792206,False,False,0.7571403753072756
difficulty_level,0,easy,0.699336547453503,12,5,ari_average_quant,7,0.7562255237324053,False,False,0.683626569321489
difficulty_level,0,easy,0.699336547453503,12,5,ari_generalizability,3,1.0,True,False,0.820964347795283
difficulty_level,0,easy,0.699336547453503,12,5,ari_generalizability,4,1.0,False,False,0.9344060090671873
difficulty_level,0,easy,0.699336547453503,12,5,ari_generalizability,5,0.778173774300327,False,True,0.6925147684511267
difficulty_level,0,easy,0.699336547453503,12,5,ari_generalizability,6,0.8345360014296119,False,False,0.7571403753072756
difficulty_level,0,easy,0.699336547453503,12,5,ari_generalizability,7,0.7348287400332221,False,False,0.683626569321489
difficulty_level,0,easy,0.699336547453503,12,5,ari_generalizability_1se,3,1.0,False,False,0.820964347795283
difficulty_level,0,easy,0.699336547453503,12,5,ari_generalizability_1se,4,1.0,True,False,0.9344060090671873
difficulty_level,0,easy,0.699336547453503,12,5,ari_generalizability_1se,5,0.778173774300327,False,True,0.6925147684511267
difficulty_level,0,easy,0.699336547453503,12,5,ari_generalizability_1se,6,0.8345360014296119,False,False,0.7571403753072756
difficulty_level,0,easy,0.699336547453503,12,5,ari_generalizability_1se,7,0.7348287400332221,False,False,0.683626569321489
difficulty_level,0,easy,0.699336547453503,12,5,ari_generalizability_quant,3,1.0,False,False,0.820964347795283
difficulty_level,0,easy,0.699336547453503,12,5,ari_generalizability_quant,4,1.0,True,False,0.9344060090671873
difficulty_level,0,easy,0.699336547453503,12,5,ari_generalizability_quant,5,0.778173774300327,False,True,0.6925147684511267
difficulty_level,0,easy,0.699336547453503,12,5,ari_generalizability_quant,6,0.8345360014296119,False,False,0.7571403753072756
difficulty_level,0,easy,0.699336547453503,12,5,ari_generalizability_quant,7,0.7348287400332221,False,False,0.683626569321489
difficulty_level,0,easy,0.699336547453503,12,5,ari_stability,3,1.0,True,False,0.820964347795283
difficulty_level,0,easy,0.699336547453503,12,5,ari_stability,4,1.0,False,False,0.9344060090671873
difficulty_level,0,easy,0.699336547453503,12,5,ari_stability,5,0.8441719079904039,False,True,0.6925147684511267
difficulty_level,0,easy,0.699336547453503,12,5,ari_stability,6,0.8776219741288298,False,False,0.7571403753072756
difficulty_level,0,easy,0.699336547453503,12,5,ari_stability,7,0.7776223074315882,False,False,0.683626569321489
difficulty_level,0,easy,0.699336547453503,12,5,ari_stability_1se,3,1.0,False,False,0.820964347795283
difficulty_level,0,easy,0.699336547453503,12,5,ari_stability_1se,4,1.0,True,False,0.9344060090671873
difficulty_level,0,easy,0.699336547453503,12,5,ari_stability_1se,5,0.8441719079904039,False,True,0.6925147684511267
difficulty_level,0,easy,0.699336547453503,12,5,ari_stability_1se,6,0.8776219741288298,False,False,0.7571403753072756
difficulty_level,0,easy,0.699336547453503,12,5,ari_stability_1se,7,0.7776223074315882,False,False,0.683626569321489
difficulty_level,0,easy,0.699336547453503,12,5,ari_stability_quant,3,1.0,False,False,0.820964347795283
difficulty_level,0,easy,0.699336547453503,12,5,ari_stability_quant,4,1.0,True,False,0.9344060090671873
difficulty_level,0,easy,0.699336547453503,12,5,ari_stability_quant,5,0.8441719079904039,False,True,0.6925147684511267
difficulty_level,0,easy,0.699336547453503,12,5,ari_stability_quant,6,0.8776219741288298,False,False,0.7571403753072756
difficulty_level,0,easy,0.699336547453503,12,5,ari_stability_quant,7,0.7776223074315882,False,False,0.683626569321489
difficulty_level,0,easy,0.699336547453503,12,5,consensus_ce_stability,3,0.9999999999586944,True,False,0.820964347795283
difficulty_level,0,easy,0.699336547453503,12,5,consensus_ce_stability,4,0.9999999999586944,False,False,0.9344060090671873
difficulty_level,0,easy,0.699336547453503,12,5,consensus_ce_stability,5,0.8738518750105564,False,True,0.6925147684511267
difficulty_level,0,easy,0.699336547453503,12,5,consensus_ce_stability,6,0.9131218474125115,False,False,0.7571403753072756
difficulty_level,0,easy,0.699336547453503,12,5,consensus_ce_stability,7,0.8705490193021288,False,False,0.683626569321489
difficulty_level,0,easy,0.699336547453503,12,5,consensus_gini_stability,3,1.0,True,False,0.820964347795283
difficulty_level,0,easy,0.699336547453503,12,5,consensus_gini_stability,4,1.0,False,False,0.9344060090671873
difficulty_level,0,easy,0.699336547453503,12,5,consensus_gini_stability,5,0.8839096873483977,False,True,0.6925147684511267
difficulty_level,0,easy,0.699336547453503,12,5,consensus_gini_stability,6,0.925354726963595,False,False,0.7571403753072756
difficulty_level,0,easy,0.699336547453503,12,5,consensus_gini_stability,7,0.8836217620027008,False,False,0.683626569321489
difficulty_level,0,easy,0.699336547453503,12,5,consensus_pac_stability,3,1.0,True,False,0.820964347795283
difficulty_level,0,easy,0.699336547453503,12,5,consensus_pac_stability,4,1.0,False,False,0.9344060090671873
difficulty_level,0,easy,0.699336547453503,12,5,consensus_pac_stability,5,0.8443106553276638,False,True,0.6925147684511267
difficulty_level,0,easy,0.699336547453503,12,5,consensus_pac_stability,6,0.8701570785392696,False,False,0.7571403753072756
difficulty_level,0,easy,0.699336547453503,12,5,consensus_pac_stability,7,0.8268489244622311,False,False,0.683626569321489
difficulty_level,0,easy,0.699336547453503,12,5,silhouette,3,0.335493105111914,False,False,0.820964347795283
difficulty_level,0,easy,0.699336547453503,12,5,silhouette,4,0.3904308192714183,False,False,0.9344060090671873
difficulty_level,0,easy,0.699336547453503,12,5,silhouette,5,0.3635453554062706,False,True,0.699336547453503
difficulty_level,0,easy,0.699336547453503,12,5,silhouette,6,0.3947657356361852,True,False,0.7640104246431116
difficulty_level,0,easy,0.699336547453503,12,5,silhouette,7,0.3797032817881392,False,False,0.6867219136370311
difficulty_level,0,easy,0.699336547453503,12,5,gap,3,0.6699596969492614,False,False,0.820964347795283
difficulty_level,0,easy,0.699336547453503,12,5,gap,4,0.8613340350548562,False,False,0.9344060090671873
difficulty_level,0,easy,0.699336547453503,12,5,gap,5,1.0052361290433236,False,True,0.699336547453503
difficulty_level,0,easy,0.699336547453503,12,5,gap,6,1.156519142703882,False,False,0.7640104246431116
difficulty_level,0,easy,0.699336547453503,12,5,gap,7,1.2537038840809451,True,False,0.6867219136370311
difficulty_level,0,easy,0.699336547453503,12,5,davies_bouldin,3,0.38519112117350246,False,False,0.820964347795283
difficulty_level,0,easy,0.699336547453503,12,5,davies_bouldin,4,0.4358088577810905,False,False,0.9344060090671873
difficulty_level,0,easy,0.699336547453503,12,5,davies_bouldin,5,0.45004062806651046,False,True,0.699336547453503
difficulty_level,0,easy,0.699336547453503,12,5,davies_bouldin,6,0.46931766510877,True,False,0.7640104246431116
difficulty_level,0,easy,0.699336547453503,12,5,davies_bouldin,7,0.4556620542805524,False,False,0.6867219136370311
difficulty_level,0,easy,0.699336547453503,12,5,calinski_harabasz,3,628.2579327100486,False,False,0.820964347795283
difficulty_level,0,easy,0.699336547453503,12,5,calinski_harabasz,4,656.1159902642516,False,False,0.9344060090671873
difficulty_level,0,easy,0.699336547453503,12,5,calinski_harabasz,5,651.560007609138,False,True,0.699336547453503
difficulty_level,0,easy,0.699336547453503,12,5,calinski_harabasz,6,676.4856307328704,True,False,0.7640104246431116
difficulty_level,0,easy,0.699336547453503,12,5,calinski_harabasz,7,659.2983877733354,False,False,0.6867219136370311
difficulty_level,0,easy,1.0,13,5,accuracy_generalizability,3,1.0,True,False,0.7420574485518234
difficulty_level,0,easy,1.0,13,5,accuracy_generalizability,4,1.0,False,False,0.8867608053882611
difficulty_level,0,easy,1.0,13,5,accuracy_generalizability,5,1.0,False,True,1.0
difficulty_level,0,easy,1.0,13,5,accuracy_generalizability,6,0.9144747060334,False,False,0.8383806319564664
difficulty_level,0,easy,1.0,13,5,accuracy_generalizability,7,0.80424527805065,False,False,0.7894526691447357
difficulty_level,0,easy,1.0,13,5,ari_average,3,1.0,True,False,0.7420574485518234
difficulty_level,0,easy,1.0,13,5,ari_average,4,1.0,False,False,0.8867608053882611
difficulty_level,0,easy,1.0,13,5,ari_average,5,1.0,False,True,1.0
difficulty_level,0,easy,1.0,13,5,ari_average,6,0.885124041372855,False,False,0.8383806319564664
difficulty_level,0,easy,1.0,13,5,ari_average,7,0.7813573819996019,False,False,0.7894526691447357
difficulty_level,0,easy,1.0,13,5,ari_average_1se,3,1.0,False,False,0.7420574485518234
difficulty_level,0,easy,1.0,13,5,ari_average_1se,4,1.0,False,False,0.8867608053882611
difficulty_level,0,easy,1.0,13,5,ari_average_1se,5,1.0,True,True,1.0
difficulty_level,0,easy,1.0,13,5,ari_average_1se,6,0.885124041372855,False,False,0.8383806319564664
difficulty_level,0,easy,1.0,13,5,ari_average_1se,7,0.7813573819996019,False,False,0.7894526691447357
difficulty_level,0,easy,1.0,13,5,ari_average_quant,3,1.0,False,False,0.7420574485518234
difficulty_level,0,easy,1.0,13,5,ari_average_quant,4,1.0,False,False,0.8867608053882611
difficulty_level,0,easy,1.0,13,5,ari_average_quant,5,1.0,True,True,1.0
difficulty_level,0,easy,1.0,13,5,ari_average_quant,6,0.885124041372855,False,False,0.8383806319564664
difficulty_level,0,easy,1.0,13,5,ari_average_quant,7,0.7813573819996019,False,False,0.7894526691447357
difficulty_level,0,easy,1.0,13,5,ari_generalizability,3,1.0,True,False,0.7420574485518234
difficulty_level,0,easy,1.0,13,5,ari_generalizability,4,1.0,False,False,0.8867608053882611
difficulty_level,0,easy,1.0,13,5,ari_generalizability,5,1.0,False,True,1.0
difficulty_level,0,easy,1.0,13,5,ari_generalizability,6,0.8834205760696265,False,False,0.8383806319564664
difficulty_level,0,easy,1.0,13,5,ari_generalizability,7,0.768273465281672,False,False,0.7894526691447357
difficulty_level,0,easy,1.0,13,5,ari_generalizability_1se,3,1.0,False,False,0.7420574485518234
difficulty_level,0,easy,1.0,13,5,ari_generalizability_1se,4,1.0,False,False,0.8867608053882611
difficulty_level,0,easy,1.0,13,5,ari_generalizability_1se,5,1.0,True,True,1.0
difficulty_level,0,easy,1.0,13,5,ari_generalizability_1se,6,0.8834205760696265,False,False,0.8383806319564664
difficulty_level,0,easy,1.0,13,5,ari_generalizability_1se,7,0.768273465281672,False,False,0.7894526691447357
difficulty_level,0,easy,1.0,13,5,ari_generalizability_quant,3,1.0,False,False,0.7420574485518234
difficulty_level,0,easy,1.0,13,5,ari_generalizability_quant,4,1.0,False,False,0.8867608053882611
difficulty_level,0,easy,1.0,13,5,ari_generalizability_quant,5,1.0,True,True,1.0
difficulty_level,0,easy,1.0,13,5,ari_generalizability_quant,6,0.8834205760696265,False,False,0.8383806319564664
difficulty_level,0,easy,1.0,13,5,ari_generalizability_quant,7,0.768273465281672,False,False,0.7894526691447357
difficulty_level,0,easy,1.0,13,5,ari_stability,3,1.0,True,False,0.7420574485518234
difficulty_level,0,easy,1.0,13,5,ari_stability,4,1.0,False,False,0.8867608053882611
difficulty_level,0,easy,1.0,13,5,ari_stability,5,1.0,False,True,1.0
difficulty_level,0,easy,1.0,13,5,ari_stability,6,0.886827506676083,False,False,0.8383806319564664
difficulty_level,0,easy,1.0,13,5,ari_stability,7,0.7944412987175322,False,False,0.7894526691447357
difficulty_level,0,easy,1.0,13,5,ari_stability_1se,3,1.0,False,False,0.7420574485518234
difficulty_level,0,easy,1.0,13,5,ari_stability_1se,4,1.0,False,False,0.8867608053882611
difficulty_level,0,easy,1.0,13,5,ari_stability_1se,5,1.0,True,True,1.0
difficulty_level,0,easy,1.0,13,5,ari_stability_1se,6,0.886827506676083,False,False,0.8383806319564664
difficulty_level,0,easy,1.0,13,5,ari_stability_1se,7,0.7944412987175322,False,False,0.7894526691447357
difficulty_level,0,easy,1.0,13,5,ari_stability_quant,3,1.0,False,False,0.7420574485518234
difficulty_level,0,easy,1.0,13,5,ari_stability_quant,4,1.0,False,False,0.8867608053882611
difficulty_level,0,easy,1.0,13,5,ari_stability_quant,5,1.0,True,True,1.0
difficulty_level,0,easy,1.0,13,5,ari_stability_quant,6,0.886827506676083,False,False,0.8383806319564664
difficulty_level,0,easy,1.0,13,5,ari_stability_quant,7,0.7944412987175322,False,False,0.7894526691447357
difficulty_level,0,easy,1.0,13,5,consensus_ce_stability,3,0.9999999999586944,True,False,0.7420574485518234
difficulty_level,0,easy,1.0,13,5,consensus_ce_stability,4,0.9999999999586944,False,False,0.8867608053882611
difficulty_level,0,easy,1.0,13,5,consensus_ce_stability,5,0.9999999999586944,False,True,1.0
difficulty_level,0,easy,1.0,13,5,consensus_ce_stability,6,0.9250743374951016,False,False,0.8383806319564664
difficulty_level,0,easy,1.0,13,5,consensus_ce_stability,7,0.8848748469703575,False,False,0.7894526691447357
difficulty_level,0,easy,1.0,13,5,consensus_gini_stability,3,1.0,True,False,0.7420574485518234
difficulty_level,0,easy,1.0,13,5,consensus_gini_stability,4,1.0,False,False,0.8867608053882611
difficulty_level,0,easy,1.0,13,5,consensus_gini_stability,5,1.0,False,True,1.0
difficulty_level,0,easy,1.0,13,5,consensus_gini_stability,6,0.9357615029925823,False,False,0.8383806319564664
difficulty_level,0,easy,1.0,13,5,consensus_gini_stability,7,0.8961309708986115,False,False,0.7894526691447357
difficulty_level,0,easy,1.0,13,5,consensus_pac_stability,3,1.0,True,False,0.7420574485518234
difficulty_level,0,easy,1.0,13,5,consensus_pac_stability,4,1.0,False,False,0.8867608053882611
difficulty_level,0,easy,1.0,13,5,consensus_pac_stability,5,1.0,False,True,1.0
difficulty_level,0,easy,1.0,13,5,consensus_pac_stability,6,0.89559979989995,False,False,0.8383806319564664
difficulty_level,0,easy,1.0,13,5,consensus_pac_stability,7,0.8471825912956479,False,False,0.7894526691447357
difficulty_level,0,easy,1.0,13,5,silhouette,3,0.31717532750522026,False,False,0.7420574485518234
difficulty_level,0,easy,1.0,13,5,silhouette,4,0.37669016249350046,False,False,0.8867608053882611
difficulty_level,0,easy,1.0,13,5,silhouette,5,0.42236442855477846,True,True,1.0
difficulty_level,0,easy,1.0,13,5,silhouette,6,0.39219546409839867,False,False,0.8396394519800642
difficulty_level,0,easy,1.0,13,5,silhouette,7,0.39450545710863927,False,False,0.7894766749376562
difficulty_level,0,easy,1.0,13,5,gap,3,0.6401251057985888,False,False,0.7420574485518234
difficulty_level,0,easy,1.0,13,5,gap,4,0.8259209112780681,False,False,0.8867608053882611
difficulty_level,0,easy,1.0,13,5,gap,5,1.0022934870974218,False,True,1.0
difficulty_level,0,easy,1.0,13,5,gap,6,1.1184730774087903,False,False,0.8396394519800642
difficulty_level,0,easy,1.0,13,5,gap,7,1.210259941214339,True,False,0.7894766749376562
difficulty_level,0,easy,1.0,13,5,davies_bouldin,3,0.3848292750298984,False,False,0.7420574485518234
difficulty_level,0,easy,1.0,13,5,davies_bouldin,4,0.42389950315407005,False,False,0.8867608053882611
difficulty_level,0,easy,1.0,13,5,davies_bouldin,5,0.47015343132963905,False,True,1.0
difficulty_level,0,easy,1.0,13,5,davies_bouldin,6,0.465470069283125,False,False,0.8396394519800642
difficulty_level,0,easy,1.0,13,5,davies_bouldin,7,0.47802933693079824,True,False,0.7894766749376562
difficulty_level,0,easy,1.0,13,5,calinski_harabasz,3,594.0731193976616,False,False,0.7420574485518234
difficulty_level,0,easy,1.0,13,5,calinski_harabasz,4,620.7408915131391,False,False,0.8867608053882611
difficulty_level,0,easy,1.0,13,5,calinski_harabasz,5,657.4355536372897,True,True,1.0
difficulty_level,0,easy,1.0,13,5,calinski_harabasz,6,644.71134763208,False,False,0.8396394519800642
difficulty_level,0,easy,1.0,13,5,calinski_harabasz,7,624.8463633392599,False,False,0.7894766749376562
difficulty_level,0,easy,1.0,14,5,accuracy_generalizability,3,0.9906746077530347,False,False,0.7559762291665911
difficulty_level,0,easy,1.0,14,5,accuracy_generalizability,4,0.7373576188052927,False,False,0.8797991602692931
difficulty_level,0,easy,1.0,14,5,accuracy_generalizability,5,1.0,True,True,1.0
difficulty_level,0,easy,1.0,14,5,accuracy_generalizability,6,0.945372581263155,False,False,0.7935306276842026
difficulty_level,0,easy,1.0,14,5,accuracy_generalizability,7,0.8610873433756929,False,False,0.7559900202806101
difficulty_level,0,easy,1.0,14,5,ari_average,3,0.9903781402277702,False,False,0.7559762291665911
difficulty_level,0,easy,1.0,14,5,ari_average,4,0.8222532506841174,False,False,0.8797991602692931
difficulty_level,0,easy,1.0,14,5,ari_average,5,1.0,True,True,1.0
difficulty_level,0,easy,1.0,14,5,ari_average,6,0.8955070470155875,False,False,0.7935306276842026
difficulty_level,0,easy,1.0,14,5,ari_average,7,0.8368825411788781,False,False,0.7559900202806101
difficulty_level,0,easy,1.0,14,5,ari_average_1se,3,0.9903781402277702,False,False,0.7559762291665911
difficulty_level,0,easy,1.0,14,5,ari_average_1se,4,0.8222532506841174,False,False,0.8797991602692931
difficulty_level,0,easy,1.0,14,5,ari_average_1se,5,1.0,True,True,1.0
difficulty_level,0,easy,1.0,14,5,ari_average_1se,6,0.8955070470155875,False,False,0.7935306276842026
difficulty_level,0,easy,1.0,14,5,ari_average_1se,7,0.8368825411788781,False,False,0.7559900202806101
difficulty_level,0,easy,1.0,14,5,ari_average_quant,3,0.9903781402277702,False,False,0.7559762291665911
difficulty_level,0,easy,1.0,14,5,ari_average_quant,4,0.8222532506841174,False,False,0.8797991602692931
difficulty_level,0,easy,1.0,14,5,ari_average_quant,5,1.0,True,True,1.0
difficulty_level,0,easy,1.0,14,5,ari_average_quant,6,0.8955070470155875,False,False,0.7935306276842026
difficulty_level,0,easy,1.0,14,5,ari_average_quant,7,0.8368825411788781,False,False,0.7559900202806101
difficulty_level,0,easy,1.0,14,5,ari_generalizability,3,0.98075628045554,False,False,0.7559762291665911
difficulty_level,0,easy,1.0,14,5,ari_generalizability,4,0.7848297051130486,False,False,0.8797991602692931
difficulty_level,0,easy,1.0,14,5,ari_generalizability,5,1.0,True,True,1.0
difficulty_level,0,easy,1.0,14,5,ari_generalizability,6,0.88826350694642,False,False,0.7935306276842026
difficulty_level,0,easy,1.0,14,5,ari_generalizability,7,0.8252003525996876,False,False,0.7559900202806101
difficulty_level,0,easy,1.0,14,5,ari_generalizability_1se,3,0.98075628045554,False,False,0.7559762291665911
difficulty_level,0,easy,1.0,14,5,ari_generalizability_1se,4,0.7848297051130486,False,False,0.8797991602692931
difficulty_level,0,easy,1.0,14,5,ari_generalizability_1se,5,1.0,True,True,1.0
difficulty_level,0,easy,1.0,14,5,ari_generalizability_1se,6,0.88826350694642,False,False,0.7935306276842026
difficulty_level,0,easy,1.0,14,5,ari_generalizability_1se,7,0.8252003525996876,False,False,0.7559900202806101
difficulty_level,0,easy,1.0,14,5,ari_generalizability_quant,3,0.98075628045554,False,False,0.7559762291665911
difficulty_level,0,easy,1.0,14,5,ari_generalizability_quant,4,0.7848297051130486,False,False,0.8797991602692931
difficulty_level,0,easy,1.0,14,5,ari_generalizability_quant,5,1.0,True,True,1.0
difficulty_level,0,easy,1.0,14,5,ari_generalizability_quant,6,0.88826350694642,False,False,0.7935306276842026
difficulty_level,0,easy,1.0,14,5,ari_generalizability_quant,7,0.8252003525996876,False,False,0.7559900202806101
difficulty_level,0,easy,1.0,14,5,ari_stability,3,1.0,True,False,0.7559762291665911
difficulty_level,0,easy,1.0,14,5,ari_stability,4,0.8596767962551856,False,False,0.8797991602692931
difficulty_level,0,easy,1.0,14,5,ari_stability,5,1.0,False,True,1.0
difficulty_level,0,easy,1.0,14,5,ari_stability,6,0.9027505870847551,False,False,0.7935306276842026
difficulty_level,0,easy,1.0,14,5,ari_stability,7,0.8485647297580684,False,False,0.7559900202806101
difficulty_level,0,easy,1.0,14,5,ari_stability_1se,3,1.0,False,False,0.7559762291665911
difficulty_level,0,easy,1.0,14,5,ari_stability_1se,4,0.8596767962551856,False,False,0.8797991602692931
difficulty_level,0,easy,1.0,14,5,ari_stability_1se,5,1.0,True,True,1.0
difficulty_level,0,easy,1.0,14,5,ari_stability_1se,6,0.9027505870847551,False,False,0.7935306276842026
difficulty_level,0,easy,1.0,14,5,ari_stability_1se,7,0.8485647297580684,False,False,0.7559900202806101
difficulty_level,0,easy,1.0,14,5,ari_stability_quant,3,1.0,False,False,0.7559762291665911
difficulty_level,0,easy,1.0,14,5,ari_stability_quant,4,0.8596767962551856,False,False,0.8797991602692931
difficulty_level,0,easy,1.0,14,5,ari_stability_quant,5,1.0,True,True,1.0
difficulty_level,0,easy,1.0,14,5,ari_stability_quant,6,0.9027505870847551,False,False,0.7935306276842026
difficulty_level,0,easy,1.0,14,5,ari_stability_quant,7,0.8485647297580684,False,False,0.7559900202806101
difficulty_level,0,easy,1.0,14,5,consensus_ce_stability,3,0.9999999999586945,True,False,0.7559762291665911
difficulty_level,0,easy,1.0,14,5,consensus_ce_stability,4,0.9050047030575143,False,False,0.8797991602692931
difficulty_level,0,easy,1.0,14,5,consensus_ce_stability,5,0.9999999999586944,False,True,1.0
difficulty_level,0,easy,1.0,14,5,consensus_ce_stability,6,0.9396307439707263,False,False,0.7935306276842026
difficulty_level,0,easy,1.0,14,5,consensus_ce_stability,7,0.9143128874766266,False,False,0.7559900202806101
difficulty_level,0,easy,1.0,14,5,consensus_gini_stability,3,1.0,True,False,0.7559762291665911
difficulty_level,0,easy,1.0,14,5,consensus_gini_stability,4,0.9069910365259584,False,False,0.8797991602692931
difficulty_level,0,easy,1.0,14,5,consensus_gini_stability,5,1.0,False,True,1.0
difficulty_level,0,easy,1.0,14,5,consensus_gini_stability,6,0.9462794834556522,False,False,0.7935306276842026
difficulty_level,0,easy,1.0,14,5,consensus_gini_stability,7,0.9246434460458366,False,False,0.7559900202806101
difficulty_level,0,easy,1.0,14,5,consensus_pac_stability,3,1.0,True,False,0.7559762291665911
difficulty_level,0,easy,1.0,14,5,consensus_pac_stability,4,0.8993846923461731,False,False,0.8797991602692931
difficulty_level,0,easy,1.0,14,5,consensus_pac_stability,5,1.0,False,True,1.0
difficulty_level,0,easy,1.0,14,5,consensus_pac_stability,6,0.9212511255627814,False,False,0.7935306276842026
difficulty_level,0,easy,1.0,14,5,consensus_pac_stability,7,0.887768384192096,False,False,0.7559900202806101
difficulty_level,0,easy,1.0,14,5,silhouette,3,0.25863760246054035,False,False,0.7559762291665911
difficulty_level,0,easy,1.0,14,5,silhouette,4,0.32436934879891227,False,False,0.8797991602692931
difficulty_level,0,easy,1.0,14,5,silhouette,5,0.3918412599082189,True,True,1.0
difficulty_level,0,easy,1.0,14,5,silhouette,6,0.3638511315378619,False,False,0.8030995630541675
difficulty_level,0,easy,1.0,14,5,silhouette,7,0.3697459601382236,False,False,0.7605341809264329
difficulty_level,0,easy,1.0,14,5,gap,3,0.6403806010505537,False,False,0.7559762291665911
difficulty_level,0,easy,1.0,14,5,gap,4,0.8171481926946313,False,False,0.8797991602692931
difficulty_level,0,easy,1.0,14,5,gap,5,1.0345148001356606,False,True,1.0
difficulty_level,0,easy,1.0,14,5,gap,6,1.155238345107005,False,False,0.8030995630541675
difficulty_level,0,easy,1.0,14,5,gap,7,1.2442565554224387,True,False,0.7605341809264329
difficulty_level,0,easy,1.0,14,5,davies_bouldin,3,0.3584068180920598,False,False,0.7559762291665911
difficulty_level,0,easy,1.0,14,5,davies_bouldin,4,0.3988924560629505,False,False,0.8797991602692931
difficulty_level,0,easy,1.0,14,5,davies_bouldin,5,0.4614924342833984,False,True,1.0
difficulty_level,0,easy,1.0,14,5,davies_bouldin,6,0.4637149809111286,False,False,0.8030995630541675
difficulty_level,0,easy,1.0,14,5,davies_bouldin,7,0.46639893853346925,True,False,0.7605341809264329
difficulty_level,0,easy,1.0,14,5,calinski_harabasz,3,439.37338583904653,False,False,0.7559762291665911
difficulty_level,0,easy,1.0,14,5,calinski_harabasz,4,484.8497792506074,False,False,0.8797991602692931
difficulty_level,0,easy,1.0,14,5,calinski_harabasz,5,578.174655501047,True,True,1.0
difficulty_level,0,easy,1.0,14,5,calinski_harabasz,6,577.3914206122143,False,False,0.8030995630541675
difficulty_level,0,easy,1.0,14,5,calinski_harabasz,7,560.4059479769533,False,False,0.7605341809264329
difficulty_level,0,easy,1.0,15,5,accuracy_generalizability,3,0.8208586741708712,False,False,0.631114739774061
difficulty_level,0,easy,1.0,15,5,accuracy_generalizability,4,0.9675459981766089,False,False,0.8816573037186036
difficulty_level,0,easy,1.0,15,5,accuracy_generalizability,5,1.0,True,True,1.0
difficulty_level,0,easy,1.0,15,5,accuracy_generalizability,6,0.8261996733703123,False,False,0.8520161091860851
difficulty_level,0,easy,1.0,15,5,accuracy_generalizability,7,0.8319344240430244,False,False,0.7903741092893748
difficulty_level,0,easy,1.0,15,5,ari_average,3,0.7272364737465512,False,False,0.631114739774061
difficulty_level,0,easy,1.0,15,5,ari_average,4,0.946585296428197,False,False,0.8816573037186036
difficulty_level,0,easy,1.0,15,5,ari_average,5,1.0,True,True,1.0
difficulty_level,0,easy,1.0,15,5,ari_average,6,0.8440653886818764,False,False,0.8520161091860851
difficulty_level,0,easy,1.0,15,5,ari_average,7,0.8252798525630262,False,False,0.7903741092893748
difficulty_level,0,easy,1.0,15,5,ari_average_1se,3,0.7272364737465512,False,False,0.631114739774061
difficulty_level,0,easy,1.0,15,5,ari_average_1se,4,0.946585296428197,False,False,0.8816573037186036
difficulty_level,0,easy,1.0,15,5,ari_average_1se,5,1.0,True,True,1.0
difficulty_level,0,easy,1.0,15,5,ari_average_1se,6,0.8440653886818764,False,False,0.8520161091860851
difficulty_level,0,easy,1.0,15,5,ari_average_1se,7,0.8252798525630262,False,False,0.7903741092893748
difficulty_level,0,easy,1.0,15,5,ari_average_quant,3,0.7272364737465512,False,False,0.631114739774061
difficulty_level,0,easy,1.0,15,5,ari_average_quant,4,0.946585296428197,False,False,0.8816573037186036
difficulty_level,0,easy,1.0,15,5,ari_average_quant,5,1.0,True,True,1.0
difficulty_level,0,easy,1.0,15,5,ari_average_quant,6,0.8440653886818764,False,False,0.8520161091860851
difficulty_level,0,easy,1.0,15,5,ari_average_quant,7,0.8252798525630262,False,False,0.7903741092893748
difficulty_level,0,easy,1.0,15,5,ari_generalizability,3,0.6630377760149883,False,False,0.631114739774061
difficulty_level,0,easy,1.0,15,5,ari_generalizability,4,0.9286762046147176,False,False,0.8816573037186036
difficulty_level,0,easy,1.0,15,5,ari_generalizability,5,1.0,True,True,1.0
difficulty_level,0,easy,1.0,15,5,ari_generalizability,6,0.8262254350277359,False,False,0.8520161091860851
difficulty_level,0,easy,1.0,15,5,ari_generalizability,7,0.8053633582896396,False,False,0.7903741092893748
difficulty_level,0,easy,1.0,15,5,ari_generalizability_1se,3,0.6630377760149883,False,False,0.631114739774061
difficulty_level,0,easy,1.0,15,5,ari_generalizability_1se,4,0.9286762046147176,False,False,0.8816573037186036
difficulty_level,0,easy,1.0,15,5,ari_generalizability_1se,5,1.0,True,True,1.0
difficulty_level,0,easy,1.0,15,5,ari_generalizability_1se,6,0.8262254350277359,False,False,0.8520161091860851
difficulty_level,0,easy,1.0,15,5,ari_generalizability_1se,7,0.8053633582896396,False,False,0.7903741092893748
difficulty_level,0,easy,1.0,15,5,ari_generalizability_quant,3,0.6630377760149883,False,False,0.631114739774061
difficulty_level,0,easy,1.0,15,5,ari_generalizability_quant,4,0.9286762046147176,False,False,0.8816573037186036
difficulty_level,0,easy,1.0,15,5,ari_generalizability_quant,5,1.0,True,True,1.0
difficulty_level,0,easy,1.0,15,5,ari_generalizability_quant,6,0.8262254350277359,False,False,0.8520161091860851
difficulty_level,0,easy,1.0,15,5,ari_generalizability_quant,7,0.8053633582896396,False,False,0.7903741092893748
difficulty_level,0,easy,1.0,15,5,ari_stability,3,0.7914351714781144,False,False,0.631114739774061
difficulty_level,0,easy,1.0,15,5,ari_stability,4,0.9644943882416765,False,False,0.8816573037186036
difficulty_level,0,easy,1.0,15,5,ari_stability,5,1.0,True,True,1.0
difficulty_level,0,easy,1.0,15,5,ari_stability,6,0.8619053423360166,False,False,0.8520161091860851
difficulty_level,0,easy,1.0,15,5,ari_stability,7,0.8451963468364124,False,False,0.7903741092893748
difficulty_level,0,easy,1.0,15,5,ari_stability_1se,3,0.7914351714781144,False,False,0.631114739774061
difficulty_level,0,easy,1.0,15,5,ari_stability_1se,4,0.9644943882416765,False,False,0.8816573037186036
difficulty_level,0,easy,1.0,15,5,ari_stability_1se,5,1.0,True,True,1.0
difficulty_level,0,easy,1.0,15,5,ari_stability_1se,6,0.8619053423360166,False,False,0.8520161091860851
difficulty_level,0,easy,1.0,15,5,ari_stability_1se,7,0.8451963468364124,False,False,0.7903741092893748
difficulty_level,0,easy,1.0,15,5,ari_stability_quant,3,0.7914351714781144,False,False,0.631114739774061
difficulty_level,0,easy,1.0,15,5,ari_stability_quant,4,0.9644943882416765,False,False,0.8816573037186036
difficulty_level,0,easy,1.0,15,5,ari_stability_quant,5,1.0,True,True,1.0
difficulty_level,0,easy,1.0,15,5,ari_stability_quant,6,0.8619053423360166,False,False,0.8520161091860851
difficulty_level,0,easy,1.0,15,5,ari_stability_quant,7,0.8451963468364124,False,False,0.7903741092893748
difficulty_level,0,easy,1.0,15,5,consensus_ce_stability,3,0.7752739391264157,False,False,0.631114739774061
difficulty_level,0,easy,1.0,15,5,consensus_ce_stability,4,0.9521328678376654,False,False,0.8816573037186036
difficulty_level,0,easy,1.0,15,5,consensus_ce_stability,5,0.9999999999586944,True,True,1.0
difficulty_level,0,easy,1.0,15,5,consensus_ce_stability,6,0.9175240862488588,False,False,0.8520161091860851
difficulty_level,0,easy,1.0,15,5,consensus_ce_stability,7,0.9089469180777087,False,False,0.7903741092893748
difficulty_level,0,easy,1.0,15,5,consensus_gini_stability,3,0.8031291369067111,False,False,0.631114739774061
difficulty_level,0,easy,1.0,15,5,consensus_gini_stability,4,0.9655402349261433,False,False,0.8816573037186036
difficulty_level,0,easy,1.0,15,5,consensus_gini_stability,5,1.0,True,True,1.0
difficulty_level,0,easy,1.0,15,5,consensus_gini_stability,6,0.9237421313892868,False,False,0.8520161091860851
difficulty_level,0,easy,1.0,15,5,consensus_gini_stability,7,0.9192362621497627,False,False,0.7903741092893748
difficulty_level,0,easy,1.0,15,5,consensus_pac_stability,3,0.6732511255627813,False,False,0.631114739774061
difficulty_level,0,easy,1.0,15,5,consensus_pac_stability,4,0.9065127563781891,False,False,0.8816573037186036
difficulty_level,0,easy,1.0,15,5,consensus_pac_stability,5,1.0,True,True,1.0
difficulty_level,0,easy,1.0,15,5,consensus_pac_stability,6,0.9007743871935968,False,False,0.8520161091860851
difficulty_level,0,easy,1.0,15,5,consensus_pac_stability,7,0.8724372186093047,False,False,0.7903741092893748
difficulty_level,0,easy,1.0,15,5,silhouette,3,0.29602185130454084,False,False,0.631114739774061
difficulty_level,0,easy,1.0,15,5,silhouette,4,0.34888776928351334,False,False,0.8816573037186036
difficulty_level,0,easy,1.0,15,5,silhouette,5,0.4030415121051816,True,True,1.0
difficulty_level,0,easy,1.0,15,5,silhouette,6,0.375614955176371,False,False,0.8533975783541186
difficulty_level,0,easy,1.0,15,5,silhouette,7,0.3724014639198641,False,False,0.7882563867439366
difficulty_level,0,easy,1.0,15,5,gap,3,0.5643974964554506,False,False,0.631114739774061
difficulty_level,0,easy,1.0,15,5,gap,4,0.754835626692131,False,False,0.8816573037186036
difficulty_level,0,easy,1.0,15,5,gap,5,0.9558913441647121,False,True,1.0
difficulty_level,0,easy,1.0,15,5,gap,6,1.0452380517491484,False,False,0.8533975783541186
difficulty_level,0,easy,1.0,15,5,gap,7,1.1401431214924056,True,False,0.7882563867439366
difficulty_level,0,easy,1.0,15,5,davies_bouldin,3,0.38827178818328834,False,False,0.631114739774061
difficulty_level,0,easy,1.0,15,5,davies_bouldin,4,0.3959163861475313,False,False,0.8816573037186036
difficulty_level,0,easy,1.0,15,5,davies_bouldin,5,0.4650852413692855,True,True,1.0
difficulty_level,0,easy,1.0,15,5,davies_bouldin,6,0.4574477161492763,False,False,0.8533975783541186
difficulty_level,0,easy,1.0,15,5,davies_bouldin,7,0.46036961321368397,False,False,0.7882563867439366
difficulty_level,0,easy,1.0,15,5,calinski_harabasz,3,543.8161482873228,False,False,0.631114739774061
difficulty_level,0,easy,1.0,15,5,calinski_harabasz,4,590.1772968015599,False,False,0.8816573037186036
difficulty_level,0,easy,1.0,15,5,calinski_harabasz,5,657.7591230020797,True,True,1.0
difficulty_level,0,easy,1.0,15,5,calinski_harabasz,6,616.8403513167453,False,False,0.8533975783541186
difficulty_level,0,easy,1.0,15,5,calinski_harabasz,7,601.6938128098183,False,False,0.7882563867439366
difficulty_level,0,easy,1.0,16,5,accuracy_generalizability,3,0.8424954474230179,False,False,0.7683544948366899
difficulty_level,0,easy,1.0,16,5,accuracy_generalizability,4,1.0,True,False,0.8885080656414276
difficulty_level,0,easy,1.0,16,5,accuracy_generalizability,5,1.0,False,True,1.0
difficulty_level,0,easy,1.0,16,5,accuracy_generalizability,6,0.9548333134876258,False,False,0.8197488472747632
difficulty_level,0,easy,1.0,16,5,accuracy_generalizability,7,0.8611539370163673,False,False,0.7295454813026931
difficulty_level,0,easy,1.0,16,5,ari_average,3,0.7684321735911239,False,False,0.7683544948366899
difficulty_level,0,easy,1.0,16,5,ari_average,4,1.0,True,False,0.8885080656414276
difficulty_level,0,easy,1.0,16,5,ari_average,5,1.0,False,True,1.0
difficulty_level,0,easy,1.0,16,5,ari_average,6,0.9044662157805848,False,False,0.8197488472747632
difficulty_level,0,easy,1.0,16,5,ari_average,7,0.8326338797858425,False,False,0.7295454813026931
difficulty_level,0,easy,1.0,16,5,ari_average_1se,3,0.7684321735911239,False,False,0.7683544948366899
difficulty_level,0,easy,1.0,16,5,ari_average_1se,4,1.0,False,False,0.8885080656414276
difficulty_level,0,easy,1.0,16,5,ari_average_1se,5,1.0,True,True,1.0
difficulty_level,0,easy,1.0,16,5,ari_average_1se,6,0.9044662157805848,False,False,0.8197488472747632
difficulty_level,0,easy,1.0,16,5,ari_average_1se,7,0.8326338797858425,False,False,0.7295454813026931
difficulty_level,0,easy,1.0,16,5,ari_average_quant,3,0.7684321735911239,False,False,0.7683544948366899
difficulty_level,0,easy,1.0,16,5,ari_average_quant,4,1.0,False,False,0.8885080656414276
difficulty_level,0,easy,1.0,16,5,ari_average_quant,5,1.0,True,True,1.0
difficulty_level,0,easy,1.0,16,5,ari_average_quant,6,0.9044662157805848,False,False,0.8197488472747632
difficulty_level,0,easy,1.0,16,5,ari_average_quant,7,0.8326338797858425,False,False,0.7295454813026931
difficulty_level,0,easy,1.0,16,5,ari_generalizability,3,0.7090385826187613,False,False,0.7683544948366899
difficulty_level,0,easy,1.0,16,5,ari_generalizability,4,1.0,True,False,0.8885080656414276
difficulty_level,0,easy,1.0,16,5,ari_generalizability,5,1.0,False,True,1.0
difficulty_level,0,easy,1.0,16,5,ari_generalizability,6,0.8988155240885893,False,False,0.8197488472747632
difficulty_level,0,easy,1.0,16,5,ari_generalizability,7,0.8172752363183347,False,False,0.7295454813026931
difficulty_level,0,easy,1.0,16,5,ari_generalizability_1se,3,0.7090385826187613,False,False,0.7683544948366899
difficulty_level,0,easy,1.0,16,5,ari_generalizability_1se,4,1.0,False,False,0.8885080656414276
difficulty_level,0,easy,1.0,16,5,ari_generalizability_1se,5,1.0,True,True,1.0
difficulty_level,0,easy,1.0,16,5,ari_generalizability_1se,6,0.8988155240885893,False,False,0.8197488472747632
difficulty_level,0,easy,1.0,16,5,ari_generalizability_1se,7,0.8172752363183347,False,False,0.7295454813026931
difficulty_level,0,easy,1.0,16,5,ari_generalizability_quant,3,0.7090385826187613,False,False,0.7683544948366899
difficulty_level,0,easy,1.0,16,5,ari_generalizability_quant,4,1.0,False,False,0.8885080656414276
difficulty_level,0,easy,1.0,16,5,ari_generalizability_quant,5,1.0,True,True,1.0
difficulty_level,0,easy,1.0,16,5,ari_generalizability_quant,6,0.8988155240885893,False,False,0.8197488472747632
difficulty_level,0,easy,1.0,16,5,ari_generalizability_quant,7,0.8172752363183347,False,False,0.7295454813026931
difficulty_level,0,easy,1.0,16,5,ari_stability,3,0.8278257645634862,False,False,0.7683544948366899
difficulty_level,0,easy,1.0,16,5,ari_stability,4,1.0,True,False,0.8885080656414276
difficulty_level,0,easy,1.0,16,5,ari_stability,5,1.0,False,True,1.0
difficulty_level,0,easy,1.0,16,5,ari_stability,6,0.9101169074725801,False,False,0.8197488472747632
difficulty_level,0,easy,1.0,16,5,ari_stability,7,0.8479925232533502,False,False,0.7295454813026931
difficulty_level,0,easy,1.0,16,5,ari_stability_1se,3,0.8278257645634862,False,False,0.7683544948366899
difficulty_level,0,easy,1.0,16,5,ari_stability_1se,4,1.0,False,False,0.8885080656414276
difficulty_level,0,easy,1.0,16,5,ari_stability_1se,5,1.0,True,True,1.0
difficulty_level,0,easy,1.0,16,5,ari_stability_1se,6,0.9101169074725801,False,False,0.8197488472747632
difficulty_level,0,easy,1.0,16,5,ari_stability_1se,7,0.8479925232533502,False,False,0.7295454813026931
difficulty_level,0,easy,1.0,16,5,ari_stability_quant,3,0.8278257645634862,False,False,0.7683544948366899
difficulty_level,0,easy,1.0,16,5,ari_stability_quant,4,1.0,False,False,0.8885080656414276
difficulty_level,0,easy,1.0,16,5,ari_stability_quant,5,1.0,True,True,1.0
difficulty_level,0,easy,1.0,16,5,ari_stability_quant,6,0.9101169074725801,False,False,0.8197488472747632
difficulty_level,0,easy,1.0,16,5,ari_stability_quant,7,0.8479925232533502,False,False,0.7295454813026931
difficulty_level,0,easy,1.0,16,5,consensus_ce_stability,3,0.8178112086765923,False,False,0.7683544948366899
difficulty_level,0,easy,1.0,16,5,consensus_ce_stability,4,0.9999999999586944,True,False,0.8885080656414276
difficulty_level,0,easy,1.0,16,5,consensus_ce_stability,5,0.9999999999586944,False,True,1.0
difficulty_level,0,easy,1.0,16,5,consensus_ce_stability,6,0.9453321585236005,False,False,0.8197488472747632
difficulty_level,0,easy,1.0,16,5,consensus_ce_stability,7,0.9167309973886504,False,False,0.7295454813026931
difficulty_level,0,easy,1.0,16,5,consensus_gini_stability,3,0.831248692244646,False,False,0.7683544948366899
difficulty_level,0,easy,1.0,16,5,consensus_gini_stability,4,1.0,True,False,0.8885080656414276
difficulty_level,0,easy,1.0,16,5,consensus_gini_stability,5,1.0,False,True,1.0
difficulty_level,0,easy,1.0,16,5,consensus_gini_stability,6,0.951243227739335,False,False,0.8197488472747632
difficulty_level,0,easy,1.0,16,5,consensus_gini_stability,7,0.9252300191350792,False,False,0.7295454813026931
difficulty_level,0,easy,1.0,16,5,consensus_pac_stability,3,0.7612026013006503,False,False,0.7683544948366899
difficulty_level,0,easy,1.0,16,5,consensus_pac_stability,4,1.0,True,False,0.8885080656414276
difficulty_level,0,easy,1.0,16,5,consensus_pac_stability,5,1.0,False,True,1.0
difficulty_level,0,easy,1.0,16,5,consensus_pac_stability,6,0.9297698849424713,False,False,0.8197488472747632
difficulty_level,0,easy,1.0,16,5,consensus_pac_stability,7,0.8915022511255628,False,False,0.7295454813026931
difficulty_level,0,easy,1.0,16,5,silhouette,3,0.30802625606887624,False,False,0.7683544948366899
difficulty_level,0,easy,1.0,16,5,silhouette,4,0.37927897084861584,False,False,0.8885080656414276
difficulty_level,0,easy,1.0,16,5,silhouette,5,0.43463223137632145,True,True,1.0
difficulty_level,0,easy,1.0,16,5,silhouette,6,0.4324006600358883,False,False,0.7912266672030113
difficulty_level,0,easy,1.0,16,5,silhouette,7,0.4262317076463763,False,False,0.7282080190453182
difficulty_level,0,easy,1.0,16,5,gap,3,0.5856648645588809,False,False,0.7683544948366899
difficulty_level,0,easy,1.0,16,5,gap,4,0.8150540791719223,False,False,0.8885080656414276
difficulty_level,0,easy,1.0,16,5,gap,5,1.0202565780680253,False,True,1.0
difficulty_level,0,easy,1.0,16,5,gap,6,1.2060926006354986,False,False,0.7912266672030113
difficulty_level,0,easy,1.0,16,5,gap,7,1.3103306889305522,True,False,0.7282080190453182
difficulty_level,0,easy,1.0,16,5,davies_bouldin,3,0.3699984244020928,False,False,0.7683544948366899
difficulty_level,0,easy,1.0,16,5,davies_bouldin,4,0.4306947128538129,False,False,0.8885080656414276
difficulty_level,0,easy,1.0,16,5,davies_bouldin,5,0.48844167448250686,False,True,1.0
difficulty_level,0,easy,1.0,16,5,davies_bouldin,6,0.4953824121207925,False,False,0.7912266672030113
difficulty_level,0,easy,1.0,16,5,davies_bouldin,7,0.5032602052693825,True,False,0.7282080190453182
difficulty_level,0,easy,1.0,16,5,calinski_harabasz,3,530.3029992561,False,False,0.7683544948366899
difficulty_level,0,easy,1.0,16,5,calinski_harabasz,4,629.4883723962914,False,False,0.8885080656414276
difficulty_level,0,easy,1.0,16,5,calinski_harabasz,5,703.0534154030037,False,True,1.0
difficulty_level,0,easy,1.0,16,5,calinski_harabasz,6,766.5841173490688,True,False,0.7912266672030113
difficulty_level,0,easy,1.0,16,5,calinski_harabasz,7,751.6140714180879,False,False,0.7282080190453182
difficulty_level,0,easy,0.6573127660126753,17,5,accuracy_generalizability,3,0.9923874683430689,True,False,0.8325159096495468
difficulty_level,0,easy,0.6573127660126753,17,5,accuracy_generalizability,4,0.7663768435039613,False,False,0.553997871548215
difficulty_level,0,easy,0.6573127660126753,17,5,accuracy_generalizability,5,0.8177782140598155,False,True,0.6370100272420166
difficulty_level,0,easy,0.6573127660126753,17,5,accuracy_generalizability,6,0.9216063901037385,False,False,0.7162493051763138
difficulty_level,0,easy,0.6573127660126753,17,5,accuracy_generalizability,7,0.8185438909572024,False,False,0.6588133510664864
difficulty_level,0,easy,0.6573127660126753,17,5,ari_average,3,0.9919009469050656,True,False,0.8325159096495468
difficulty_level,0,easy,0.6573127660126753,17,5,ari_average,4,0.7754904390846804,False,False,0.553997871548215
difficulty_level,0,easy,0.6573127660126753,17,5,ari_average,5,0.7740266322050766,False,True,0.6370100272420166
difficulty_level,0,easy,0.6573127660126753,17,5,ari_average,6,0.8297574075677592,False,False,0.7162493051763138
difficulty_level,0,easy,0.6573127660126753,17,5,ari_average,7,0.7727836078399204,False,False,0.6588133510664864
difficulty_level,0,easy,0.6573127660126753,17,5,ari_average_1se,3,0.9919009469050656,True,False,0.8325159096495468
difficulty_level,0,easy,0.6573127660126753,17,5,ari_average_1se,4,0.7754904390846804,False,False,0.553997871548215
difficulty_level,0,easy,0.6573127660126753,17,5,ari_average_1se,5,0.7740266322050766,False,True,0.6370100272420166
difficulty_level,0,easy,0.6573127660126753,17,5,ari_average_1se,6,0.8297574075677592,False,False,0.7162493051763138
difficulty_level,0,easy,0.6573127660126753,17,5,ari_average_1se,7,0.7727836078399204,False,False,0.6588133510664864
difficulty_level,0,easy,0.6573127660126753,17,5,ari_average_quant,3,0.9919009469050656,True,False,0.8325159096495468
difficulty_level,0,easy,0.6573127660126753,17,5,ari_average_quant,4,0.7754904390846804,False,False,0.553997871548215
difficulty_level,0,easy,0.6573127660126753,17,5,ari_average_quant,5,0.7740266322050766,False,True,0.6370100272420166
difficulty_level,0,easy,0.6573127660126753,17,5,ari_average_quant,6,0.8297574075677592,False,False,0.7162493051763138
difficulty_level,0,easy,0.6573127660126753,17,5,ari_average_quant,7,0.7727836078399204,False,False,0.6588133510664864
difficulty_level,0,easy,0.6573127660126753,17,5,ari_generalizability,3,0.9862881921977013,True,False,0.8325159096495468
difficulty_level,0,easy,0.6573127660126753,17,5,ari_generalizability,4,0.7390638963299948,False,False,0.553997871548215
difficulty_level,0,easy,0.6573127660126753,17,5,ari_generalizability,5,0.7403964037194948,False,True,0.6370100272420166
difficulty_level,0,easy,0.6573127660126753,17,5,ari_generalizability,6,0.812496385906133,False,False,0.7162493051763138
difficulty_level,0,easy,0.6573127660126753,17,5,ari_generalizability,7,0.747600339501218,False,False,0.6588133510664864
difficulty_level,0,easy,0.6573127660126753,17,5,ari_generalizability_1se,3,0.9862881921977013,True,False,0.8325159096495468
difficulty_level,0,easy,0.6573127660126753,17,5,ari_generalizability_1se,4,0.7390638963299948,False,False,0.553997871548215
difficulty_level,0,easy,0.6573127660126753,17,5,ari_generalizability_1se,5,0.7403964037194948,False,True,0.6370100272420166
difficulty_level,0,easy,0.6573127660126753,17,5,ari_generalizability_1se,6,0.812496385906133,False,False,0.7162493051763138
difficulty_level,0,easy,0.6573127660126753,17,5,ari_generalizability_1se,7,0.747600339501218,False,False,0.6588133510664864
difficulty_level,0,easy,0.6573127660126753,17,5,ari_generalizability_quant,3,0.9862881921977013,False,False,0.8325159096495468
difficulty_level,0,easy,0.6573127660126753,17,5,ari_generalizability_quant,4,0.7390638963299948,False,False,0.553997871548215
difficulty_level,0,easy,0.6573127660126753,17,5,ari_generalizability_quant,5,0.7403964037194948,False,True,0.6370100272420166
difficulty_level,0,easy,0.6573127660126753,17,5,ari_generalizability_quant,6,0.812496385906133,True,False,0.7162493051763138
difficulty_level,0,easy,0.6573127660126753,17,5,ari_generalizability_quant,7,0.747600339501218,False,False,0.6588133510664864
difficulty_level,0,easy,0.6573127660126753,17,5,ari_stability,3,0.99751370161243,True,False,0.8325159096495468
difficulty_level,0,easy,0.6573127660126753,17,5,ari_stability,4,0.8119169818393658,False,False,0.553997871548215
difficulty_level,0,easy,0.6573127660126753,17,5,ari_stability,5,0.8076568606906582,False,True,0.6370100272420166
difficulty_level,0,easy,0.6573127660126753,17,5,ari_stability,6,0.8470184292293855,False,False,0.7162493051763138
difficulty_level,0,easy,0.6573127660126753,17,5,ari_stability,7,0.7979668761786225,False,False,0.6588133510664864
difficulty_level,0,easy,0.6573127660126753,17,5,ari_stability_1se,3,0.99751370161243,True,False,0.8325159096495468
difficulty_level,0,easy,0.6573127660126753,17,5,ari_stability_1se,4,0.8119169818393658,False,False,0.553997871548215
difficulty_level,0,easy,0.6573127660126753,17,5,ari_stability_1se,5,0.8076568606906582,False,True,0.6370100272420166
difficulty_level,0,easy,0.6573127660126753,17,5,ari_stability_1se,6,0.8470184292293855,False,False,0.7162493051763138
difficulty_level,0,easy,0.6573127660126753,17,5,ari_stability_1se,7,0.7979668761786225,False,False,0.6588133510664864
difficulty_level,0,easy,0.6573127660126753,17,5,ari_stability_quant,3,0.99751370161243,True,False,0.8325159096495468
difficulty_level,0,easy,0.6573127660126753,17,5,ari_stability_quant,4,0.8119169818393658,False,False,0.553997871548215
difficulty_level,0,easy,0.6573127660126753,17,5,ari_stability_quant,5,0.8076568606906582,False,True,0.6370100272420166
difficulty_level,0,easy,0.6573127660126753,17,5,ari_stability_quant,6,0.8470184292293855,False,False,0.7162493051763138
difficulty_level,0,easy,0.6573127660126753,17,5,ari_stability_quant,7,0.7979668761786225,False,False,0.6588133510664864
difficulty_level,0,easy,0.6573127660126753,17,5,consensus_ce_stability,3,0.9922822904255402,True,False,0.8325159096495468
difficulty_level,0,easy,0.6573127660126753,17,5,consensus_ce_stability,4,0.8248943347475257,False,False,0.553997871548215
difficulty_level,0,easy,0.6573127660126753,17,5,consensus_ce_stability,5,0.8445364245313403,False,True,0.6370100272420166
difficulty_level,0,easy,0.6573127660126753,17,5,consensus_ce_stability,6,0.8936836017716374,False,False,0.7162493051763138
difficulty_level,0,easy,0.6573127660126753,17,5,consensus_ce_stability,7,0.8792992372273454,False,False,0.6588133510664864
difficulty_level,0,easy,0.6573127660126753,17,5,consensus_gini_stability,3,0.9954803520586942,True,False,0.8325159096495468
difficulty_level,0,easy,0.6573127660126753,17,5,consensus_gini_stability,4,0.8355569120115943,False,False,0.553997871548215
difficulty_level,0,easy,0.6573127660126753,17,5,consensus_gini_stability,5,0.8590006689597267,False,True,0.6370100272420166
difficulty_level,0,easy,0.6573127660126753,17,5,consensus_gini_stability,6,0.9022661087528593,False,False,0.7162493051763138
difficulty_level,0,easy,0.6573127660126753,17,5,consensus_gini_stability,7,0.8900220244225875,False,False,0.6588133510664864
difficulty_level,0,easy,0.6573127660126753,17,5,consensus_pac_stability,3,0.9999984992496248,True,False,0.8325159096495468
difficulty_level,0,easy,0.6573127660126753,17,5,consensus_pac_stability,4,0.8002036018009004,False,False,0.553997871548215
difficulty_level,0,easy,0.6573127660126753,17,5,consensus_pac_stability,5,0.8029189594797399,False,True,0.6370100272420166
difficulty_level,0,easy,0.6573127660126753,17,5,consensus_pac_stability,6,0.8679619809904953,False,False,0.7162493051763138
difficulty_level,0,easy,0.6573127660126753,17,5,consensus_pac_stability,7,0.8455857928964482,False,False,0.6588133510664864
difficulty_level,0,easy,0.6573127660126753,17,5,silhouette,3,0.28665238891248196,False,False,0.8325159096495468
difficulty_level,0,easy,0.6573127660126753,17,5,silhouette,4,0.3187788764055828,False,False,0.9189535721887857
difficulty_level,0,easy,0.6573127660126753,17,5,silhouette,5,0.30293143514989435,False,True,0.6573127660126753
difficulty_level,0,easy,0.6573127660126753,17,5,silhouette,6,0.3483117695188498,False,False,0.7369573828069087
difficulty_level,0,easy,0.6573127660126753,17,5,silhouette,7,0.35729082149113317,True,False,0.6078156882634539
difficulty_level,0,easy,0.6573127660126753,17,5,gap,3,0.7106911985573117,False,False,0.8325159096495468
difficulty_level,0,easy,0.6573127660126753,17,5,gap,4,0.8364208392359096,False,False,0.9189535721887857
difficulty_level,0,easy,0.6573127660126753,17,5,gap,5,0.9824053078337105,False,True,0.6573127660126753
difficulty_level,0,easy,0.6573127660126753,17,5,gap,6,1.1426214594816333,False,False,0.7369573828069087
difficulty_level,0,easy,0.6573127660126753,17,5,gap,7,1.2413081259910896,True,False,0.6078156882634539
difficulty_level,0,easy,0.6573127660126753,17,5,davies_bouldin,3,0.36391082964738813,False,False,0.8325159096495468
difficulty_level,0,easy,0.6573127660126753,17,5,davies_bouldin,4,0.41227957972783447,False,False,0.9189535721887857
difficulty_level,0,easy,0.6573127660126753,17,5,davies_bouldin,5,0.42535064754848606,False,True,0.6573127660126753
difficulty_level,0,easy,0.6573127660126753,17,5,davies_bouldin,6,0.4502198844696739,False,False,0.7369573828069087
difficulty_level,0,easy,0.6573127660126753,17,5,davies_bouldin,7,0.4578992157327637,True,False,0.6078156882634539
difficulty_level,0,easy,0.6573127660126753,17,5,calinski_harabasz,3,521.0341151008306,False,False,0.8325159096495468
difficulty_level,0,easy,0.6573127660126753,17,5,calinski_harabasz,4,491.0008826925728,False,False,0.9189535721887857
difficulty_level,0,easy,0.6573127660126753,17,5,calinski_harabasz,5,510.39626648517503,False,True,0.6573127660126753
difficulty_level,0,easy,0.6573127660126753,17,5,calinski_harabasz,6,553.7498648422879,True,False,0.7369573828069087
difficulty_level,0,easy,0.6573127660126753,17,5,calinski_harabasz,7,548.0637443218375,False,False,0.6078156882634539
difficulty_level,0,easy,1.0,18,5,accuracy_generalizability,3,1.0,True,False,0.8228948352449059
difficulty_level,0,easy,1.0,18,5,accuracy_generalizability,4,0.9904011225900183,False,False,0.948408461558693
difficulty_level,0,easy,1.0,18,5,accuracy_generalizability,5,1.0,False,True,1.0
difficulty_level,0,easy,1.0,18,5,accuracy_generalizability,6,0.812302653118961,False,False,0.9280778002826947
difficulty_level,0,easy,1.0,18,5,accuracy_generalizability,7,0.8786810107326262,False,False,0.7476100141221931
difficulty_level,0,easy,1.0,18,5,ari_average,3,1.0,True,False,0.8228948352449059
difficulty_level,0,easy,1.0,18,5,ari_average,4,0.9922811914739088,False,False,0.948408461558693
difficulty_level,0,easy,1.0,18,5,ari_average,5,1.0,False,True,1.0
difficulty_level,0,easy,1.0,18,5,ari_average,6,0.7943843393207876,False,False,0.9280778002826947
difficulty_level,0,easy,1.0,18,5,ari_average,7,0.7837841150004035,False,False,0.7476100141221931
difficulty_level,0,easy,1.0,18,5,ari_average_1se,3,1.0,False,False,0.8228948352449059
difficulty_level,0,easy,1.0,18,5,ari_average_1se,4,0.9922811914739088,False,False,0.948408461558693
difficulty_level,0,easy,1.0,18,5,ari_average_1se,5,1.0,True,True,1.0
difficulty_level,0,easy,1.0,18,5,ari_average_1se,6,0.7943843393207876,False,False,0.9280778002826947
difficulty_level,0,easy,1.0,18,5,ari_average_1se,7,0.7837841150004035,False,False,0.7476100141221931
difficulty_level,0,easy,1.0,18,5,ari_average_quant,3,1.0,False,False,0.8228948352449059
difficulty_level,0,easy,1.0,18,5,ari_average_quant,4,0.9922811914739088,False,False,0.948408461558693
difficulty_level,0,easy,1.0,18,5,ari_average_quant,5,1.0,True,True,1.0
difficulty_level,0,easy,1.0,18,5,ari_average_quant,6,0.7943843393207876,False,False,0.9280778002826947
difficulty_level,0,easy,1.0,18,5,ari_average_quant,7,0.7837841150004035,False,False,0.7476100141221931
difficulty_level,0,easy,1.0,18,5,ari_generalizability,3,1.0,True,False,0.8228948352449059
difficulty_level,0,easy,1.0,18,5,ari_generalizability,4,0.989350823713602,False,False,0.948408461558693
difficulty_level,0,easy,1.0,18,5,ari_generalizability,5,1.0,False,True,1.0
difficulty_level,0,easy,1.0,18,5,ari_generalizability,6,0.7580998915510428,False,False,0.9280778002826947
difficulty_level,0,easy,1.0,18,5,ari_generalizability,7,0.7644075317270443,False,False,0.7476100141221931
difficulty_level,0,easy,1.0,18,5,ari_generalizability_1se,3,1.0,False,False,0.8228948352449059
difficulty_level,0,easy,1.0,18,5,ari_generalizability_1se,4,0.989350823713602,False,False,0.948408461558693
difficulty_level,0,easy,1.0,18,5,ari_generalizability_1se,5,1.0,True,True,1.0
difficulty_level,0,easy,1.0,18,5,ari_generalizability_1se,6,0.7580998915510428,False,False,0.9280778002826947
difficulty_level,0,easy,1.0,18,5,ari_generalizability_1se,7,0.7644075317270443,False,False,0.7476100141221931
difficulty_level,0,easy,1.0,18,5,ari_generalizability_quant,3,1.0,False,False,0.8228948352449059
difficulty_level,0,easy,1.0,18,5,ari_generalizability_quant,4,0.989350823713602,False,False,0.948408461558693
difficulty_level,0,easy,1.0,18,5,ari_generalizability_quant,5,1.0,True,True,1.0
difficulty_level,0,easy,1.0,18,5,ari_generalizability_quant,6,0.7580998915510428,False,False,0.9280778002826947
difficulty_level,0,easy,1.0,18,5,ari_generalizability_quant,7,0.7644075317270443,False,False,0.7476100141221931
difficulty_level,0,easy,1.0,18,5,ari_stability,3,1.0,True,False,0.8228948352449059
difficulty_level,0,easy,1.0,18,5,ari_stability,4,0.9952115592342156,False,False,0.948408461558693
difficulty_level,0,easy,1.0,18,5,ari_stability,5,1.0,False,True,1.0
difficulty_level,0,easy,1.0,18,5,ari_stability,6,0.8306687870905323,False,False,0.9280778002826947
difficulty_level,0,easy,1.0,18,5,ari_stability,7,0.8031606982737624,False,False,0.7476100141221931
difficulty_level,0,easy,1.0,18,5,ari_stability_1se,3,1.0,False,False,0.8228948352449059
difficulty_level,0,easy,1.0,18,5,ari_stability_1se,4,0.9952115592342156,False,False,0.948408461558693
difficulty_level,0,easy,1.0,18,5,ari_stability_1se,5,1.0,True,True,1.0
difficulty_level,0,easy,1.0,18,5,ari_stability_1se,6,0.8306687870905323,False,False,0.9280778002826947
difficulty_level,0,easy,1.0,18,5,ari_stability_1se,7,0.8031606982737624,False,False,0.7476100141221931
difficulty_level,0,easy,1.0,18,5,ari_stability_quant,3,1.0,False,False,0.8228948352449059
difficulty_level,0,easy,1.0,18,5,ari_stability_quant,4,0.9952115592342156,False,False,0.948408461558693
difficulty_level,0,easy,1.0,18,5,ari_stability_quant,5,1.0,True,True,1.0
difficulty_level,0,easy,1.0,18,5,ari_stability_quant,6,0.8306687870905323,False,False,0.9280778002826947
difficulty_level,0,easy,1.0,18,5,ari_stability_quant,7,0.8031606982737624,False,False,0.7476100141221931
difficulty_level,0,easy,1.0,18,5,consensus_ce_stability,3,0.9999999999586944,True,False,0.8228948352449059
difficulty_level,0,easy,1.0,18,5,consensus_ce_stability,4,0.9914660554046937,False,False,0.948408461558693
difficulty_level,0,easy,1.0,18,5,consensus_ce_stability,5,0.9999999999586944,False,True,1.0
difficulty_level,0,easy,1.0,18,5,consensus_ce_stability,6,0.878908463012243,False,False,0.9280778002826947
difficulty_level,0,easy,1.0,18,5,consensus_ce_stability,7,0.8783425707746203,False,False,0.7476100141221931
difficulty_level,0,easy,1.0,18,5,consensus_gini_stability,3,1.0,True,False,0.8228948352449059
difficulty_level,0,easy,1.0,18,5,consensus_gini_stability,4,0.9945413231355124,False,False,0.948408461558693
difficulty_level,0,easy,1.0,18,5,consensus_gini_stability,5,1.0,False,True,1.0
difficulty_level,0,easy,1.0,18,5,consensus_gini_stability,6,0.8902827700392207,False,False,0.9280778002826947
difficulty_level,0,easy,1.0,18,5,consensus_gini_stability,7,0.8901044393366597,False,False,0.7476100141221931
difficulty_level,0,easy,1.0,18,5,consensus_pac_stability,3,1.0,True,False,0.8228948352449059
difficulty_level,0,easy,1.0,18,5,consensus_pac_stability,4,0.9894987493746873,False,False,0.948408461558693
difficulty_level,0,easy,1.0,18,5,consensus_pac_stability,5,1.0,False,True,1.0
difficulty_level,0,easy,1.0,18,5,consensus_pac_stability,6,0.8401900950475237,False,False,0.9280778002826947
difficulty_level,0,easy,1.0,18,5,consensus_pac_stability,7,0.8436788394197099,False,False,0.7476100141221931
difficulty_level,0,easy,1.0,18,5,silhouette,3,0.32806869168826336,False,False,0.8228948352449059
difficulty_level,0,easy,1.0,18,5,silhouette,4,0.38999206749414067,False,False,0.948408461558693
difficulty_level,0,easy,1.0,18,5,silhouette,5,0.4428568408165912,True,True,1.0
difficulty_level,0,easy,1.0,18,5,silhouette,6,0.3809754636664535,False,False,0.7695540347206761
difficulty_level,0,easy,1.0,18,5,silhouette,7,0.3844653422055511,False,False,0.6815209897663387
difficulty_level,0,easy,1.0,18,5,gap,3,0.6411428720661352,False,False,0.8228948352449059
difficulty_level,0,easy,1.0,18,5,gap,4,0.8383814401239604,False,False,0.948408461558693
difficulty_level,0,easy,1.0,18,5,gap,5,1.0344857966033558,False,True,1.0
difficulty_level,0,easy,1.0,18,5,gap,6,1.1588113631572305,False,False,0.7695540347206761
difficulty_level,0,easy,1.0,18,5,gap,7,1.3020101162596038,True,False,0.6815209897663387
difficulty_level,0,easy,1.0,18,5,davies_bouldin,3,0.3865567007373017,False,False,0.8228948352449059
difficulty_level,0,easy,1.0,18,5,davies_bouldin,4,0.41459417533532517,False,False,0.948408461558693
difficulty_level,0,easy,1.0,18,5,davies_bouldin,5,0.49383549727252324,True,True,1.0
difficulty_level,0,easy,1.0,18,5,davies_bouldin,6,0.4745478592029746,False,False,0.7695540347206761
difficulty_level,0,easy,1.0,18,5,davies_bouldin,7,0.4796959634645593,False,False,0.6815209897663387
difficulty_level,0,easy,1.0,18,5,calinski_harabasz,3,594.2382247269337,False,False,0.8228948352449059
difficulty_level,0,easy,1.0,18,5,calinski_harabasz,4,635.4897011537591,False,False,0.948408461558693
difficulty_level,0,easy,1.0,18,5,calinski_harabasz,5,693.4239028789281,False,True,1.0
difficulty_level,0,easy,1.0,18,5,calinski_harabasz,6,685.4022601913538,False,False,0.7695540347206761
difficulty_level,0,easy,1.0,18,5,calinski_harabasz,7,714.2813668088504,True,False,0.6815209897663387
difficulty_level,0,easy,1.0,19,5,accuracy_generalizability,3,1.0,True,False,0.5095914326986942
difficulty_level,0,easy,1.0,19,5,accuracy_generalizability,4,0.9758589035901332,False,False,0.8051207757274029
difficulty_level,0,easy,1.0,19,5,accuracy_generalizability,5,1.0,False,True,1.0
difficulty_level,0,easy,1.0,19,5,accuracy_generalizability,6,0.9586906082063381,False,False,0.91013674118604
difficulty_level,0,easy,1.0,19,5,accuracy_generalizability,7,0.8764142521137425,False,False,0.8502930633262187
difficulty_level,0,easy,1.0,19,5,ari_average,3,1.0,True,False,0.5095914326986942
difficulty_level,0,easy,1.0,19,5,ari_average,4,0.9614641112052431,False,False,0.8051207757274029
difficulty_level,0,easy,1.0,19,5,ari_average,5,1.0,False,True,1.0
difficulty_level,0,easy,1.0,19,5,ari_average,6,0.9551810274228805,False,False,0.91013674118604
difficulty_level,0,easy,1.0,19,5,ari_average,7,0.8656794257110382,False,False,0.8502930633262187
difficulty_level,0,easy,1.0,19,5,ari_average_1se,3,1.0,False,False,0.5095914326986942
difficulty_level,0,easy,1.0,19,5,ari_average_1se,4,0.9614641112052431,False,False,0.8051207757274029
difficulty_level,0,easy,1.0,19,5,ari_average_1se,5,1.0,True,True,1.0
difficulty_level,0,easy,1.0,19,5,ari_average_1se,6,0.9551810274228805,False,False,0.91013674118604
difficulty_level,0,easy,1.0,19,5,ari_average_1se,7,0.8656794257110382,False,False,0.8502930633262187
difficulty_level,0,easy,1.0,19,5,ari_average_quant,3,1.0,False,False,0.5095914326986942
difficulty_level,0,easy,1.0,19,5,ari_average_quant,4,0.9614641112052431,False,False,0.8051207757274029
difficulty_level,0,easy,1.0,19,5,ari_average_quant,5,1.0,True,True,1.0
difficulty_level,0,easy,1.0,19,5,ari_average_quant,6,0.9551810274228805,False,False,0.91013674118604
difficulty_level,0,easy,1.0,19,5,ari_average_quant,7,0.8656794257110382,False,False,0.8502930633262187
difficulty_level,0,easy,1.0,19,5,ari_generalizability,3,1.0,True,False,0.5095914326986942
difficulty_level,0,easy,1.0,19,5,ari_generalizability,4,0.9496450896945976,False,False,0.8051207757274029
difficulty_level,0,easy,1.0,19,5,ari_generalizability,5,1.0,False,True,1.0
difficulty_level,0,easy,1.0,19,5,ari_generalizability,6,0.9493584680689495,False,False,0.91013674118604
difficulty_level,0,easy,1.0,19,5,ari_generalizability,7,0.8570201076032046,False,False,0.8502930633262187
difficulty_level,0,easy,1.0,19,5,ari_generalizability_1se,3,1.0,False,False,0.5095914326986942
difficulty_level,0,easy,1.0,19,5,ari_generalizability_1se,4,0.9496450896945976,False,False,0.8051207757274029
difficulty_level,0,easy,1.0,19,5,ari_generalizability_1se,5,1.0,True,True,1.0
difficulty_level,0,easy,1.0,19,5,ari_generalizability_1se,6,0.9493584680689495,False,False,0.91013674118604
difficulty_level,0,easy,1.0,19,5,ari_generalizability_1se,7,0.8570201076032046,False,False,0.8502930633262187
difficulty_level,0,easy,1.0,19,5,ari_generalizability_quant,3,1.0,False,False,0.5095914326986942
difficulty_level,0,easy,1.0,19,5,ari_generalizability_quant,4,0.9496450896945976,False,False,0.8051207757274029
difficulty_level,0,easy,1.0,19,5,ari_generalizability_quant,5,1.0,True,True,1.0
difficulty_level,0,easy,1.0,19,5,ari_generalizability_quant,6,0.9493584680689495,False,False,0.91013674118604
difficulty_level,0,easy,1.0,19,5,ari_generalizability_quant,7,0.8570201076032046,False,False,0.8502930633262187
difficulty_level,0,easy,1.0,19,5,ari_stability,3,1.0,True,False,0.5095914326986942
difficulty_level,0,easy,1.0,19,5,ari_stability,4,0.9732831327158885,False,False,0.8051207757274029
difficulty_level,0,easy,1.0,19,5,ari_stability,5,1.0,False,True,1.0
difficulty_level,0,easy,1.0,19,5,ari_stability,6,0.9610035867768114,False,False,0.91013674118604
difficulty_level,0,easy,1.0,19,5,ari_stability,7,0.8743387438188716,False,False,0.8502930633262187
difficulty_level,0,easy,1.0,19,5,ari_stability_1se,3,1.0,False,False,0.5095914326986942
difficulty_level,0,easy,1.0,19,5,ari_stability_1se,4,0.9732831327158885,False,False,0.8051207757274029
difficulty_level,0,easy,1.0,19,5,ari_stability_1se,5,1.0,True,True,1.0
difficulty_level,0,easy,1.0,19,5,ari_stability_1se,6,0.9610035867768114,False,False,0.91013674118604
difficulty_level,0,easy,1.0,19,5,ari_stability_1se,7,0.8743387438188716,False,False,0.8502930633262187
difficulty_level,0,easy,1.0,19,5,ari_stability_quant,3,1.0,False,False,0.5095914326986942
difficulty_level,0,easy,1.0,19,5,ari_stability_quant,4,0.9732831327158885,False,False,0.8051207757274029
difficulty_level,0,easy,1.0,19,5,ari_stability_quant,5,1.0,True,True,1.0
difficulty_level,0,easy,1.0,19,5,ari_stability_quant,6,0.9610035867768114,False,False,0.91013674118604
difficulty_level,0,easy,1.0,19,5,ari_stability_quant,7,0.8743387438188716,False,False,0.8502930633262187
difficulty_level,0,easy,1.0,19,5,consensus_ce_stability,3,0.9999999999586945,True,False,0.5095914326986942
difficulty_level,0,easy,1.0,19,5,consensus_ce_stability,4,0.9759095558002312,False,False,0.8051207757274029
difficulty_level,0,easy,1.0,19,5,consensus_ce_stability,5,0.9999999999586944,False,True,1.0
difficulty_level,0,easy,1.0,19,5,consensus_ce_stability,6,0.9742673021107969,False,False,0.91013674118604
difficulty_level,0,easy,1.0,19,5,consensus_ce_stability,7,0.9275963706785244,False,False,0.8502930633262187
difficulty_level,0,easy,1.0,19,5,consensus_gini_stability,3,1.0,True,False,0.5095914326986942
difficulty_level,0,easy,1.0,19,5,consensus_gini_stability,4,0.9845692525818195,False,False,0.8051207757274029
difficulty_level,0,easy,1.0,19,5,consensus_gini_stability,5,1.0,False,True,1.0
difficulty_level,0,easy,1.0,19,5,consensus_gini_stability,6,0.976641351284059,False,False,0.91013674118604
difficulty_level,0,easy,1.0,19,5,consensus_gini_stability,7,0.9355633601787795,False,False,0.8502930633262187
difficulty_level,0,easy,1.0,19,5,consensus_pac_stability,3,1.0,True,False,0.5095914326986942
difficulty_level,0,easy,1.0,19,5,consensus_pac_stability,4,0.9696168084042021,False,False,0.8051207757274029
difficulty_level,0,easy,1.0,19,5,consensus_pac_stability,5,1.0,False,True,1.0
difficulty_level,0,easy,1.0,19,5,consensus_pac_stability,6,0.967447723861931,False,False,0.91013674118604
difficulty_level,0,easy,1.0,19,5,consensus_pac_stability,7,0.9019734867433717,False,False,0.8502930633262187
difficulty_level,0,easy,1.0,19,5,silhouette,3,0.2777611382624955,False,False,0.5095914326986942
difficulty_level,0,easy,1.0,19,5,silhouette,4,0.32522240783610995,False,False,0.8051207757274029
difficulty_level,0,easy,1.0,19,5,silhouette,5,0.3800365315561412,False,True,1.0
difficulty_level,0,easy,1.0,19,5,silhouette,6,0.37853791229303685,False,False,0.906091141604019
difficulty_level,0,easy,1.0,19,5,silhouette,7,0.3819887017861012,True,False,0.8434500824916192
difficulty_level,0,easy,1.0,19,5,gap,3,0.6039504296358551,False,False,0.5095914326986942
difficulty_level,0,easy,1.0,19,5,gap,4,0.7759368248774603,False,False,0.8051207757274029
difficulty_level,0,easy,1.0,19,5,gap,5,0.9584972326241203,False,True,1.0
difficulty_level,0,easy,1.0,19,5,gap,6,1.0704119196392021,False,False,0.906091141604019
difficulty_level,0,easy,1.0,19,5,gap,7,1.1692109070850591,True,False,0.8434500824916192
difficulty_level,0,easy,1.0,19,5,davies_bouldin,3,0.40136439571993904,False,False,0.5095914326986942
difficulty_level,0,easy,1.0,19,5,davies_bouldin,4,0.3964473331858036,False,False,0.8051207757274029
difficulty_level,0,easy,1.0,19,5,davies_bouldin,5,0.43774591984067457,False,True,1.0
difficulty_level,0,easy,1.0,19,5,davies_bouldin,6,0.4581375151925699,False,False,0.906091141604019
difficulty_level,0,easy,1.0,19,5,davies_bouldin,7,0.47506590321274844,True,False,0.8434500824916192
difficulty_level,0,easy,1.0,19,5,calinski_harabasz,3,500.2282152633934,False,False,0.5095914326986942
difficulty_level,0,easy,1.0,19,5,calinski_harabasz,4,527.3164090014604,False,False,0.8051207757274029
difficulty_level,0,easy,1.0,19,5,calinski_harabasz,5,579.8375468368517,True,True,1.0
difficulty_level,0,easy,1.0,19,5,calinski_harabasz,6,570.2529096056139,False,False,0.906091141604019
difficulty_level,0,easy,1.0,19,5,calinski_harabasz,7,562.6830394297411,False,False,0.8434500824916192
difficulty_level,1,medium,0.7564149886727184,0,5,accuracy_generalizability,3,0.947234065885783,False,False,0.5213534373897764
difficulty_level,1,medium,0.7564149886727184,0,5,accuracy_generalizability,4,0.862903875726348,False,False,0.5911720668989
difficulty_level,1,medium,0.7564149886727184,0,5,accuracy_generalizability,5,0.9406809249563567,False,True,0.7564249400348272
difficulty_level,1,medium,0.7564149886727184,0,5,accuracy_generalizability,6,0.9498599504136185,True,False,0.8780535515917032
difficulty_level,1,medium,0.7564149886727184,0,5,accuracy_generalizability,7,0.9180909926013994,False,False,0.8225560947427737
difficulty_level,1,medium,0.7564149886727184,0,5,ari_average,3,0.8634337238423687,False,False,0.5213534373897764
difficulty_level,1,medium,0.7564149886727184,0,5,ari_average,4,0.795796893349874,False,False,0.5911720668989
difficulty_level,1,medium,0.7564149886727184,0,5,ari_average,5,0.9017317701940348,False,True,0.7564249400348272
difficulty_level,1,medium,0.7564149886727184,0,5,ari_average,6,0.9331684210393582,True,False,0.8780535515917032
difficulty_level,1,medium,0.7564149886727184,0,5,ari_average,7,0.8989899348158847,False,False,0.8225560947427737
difficulty_level,1,medium,0.7564149886727184,0,5,ari_average_1se,3,0.8634337238423687,False,False,0.5213534373897764
difficulty_level,1,medium,0.7564149886727184,0,5,ari_average_1se,4,0.795796893349874,False,False,0.5911720668989
difficulty_level,1,medium,0.7564149886727184,0,5,ari_average_1se,5,0.9017317701940348,False,True,0.7564249400348272
difficulty_level,1,medium,0.7564149886727184,0,5,ari_average_1se,6,0.9331684210393582,True,False,0.8780535515917032
difficulty_level,1,medium,0.7564149886727184,0,5,ari_average_1se,7,0.8989899348158847,False,False,0.8225560947427737
difficulty_level,1,medium,0.7564149886727184,0,5,ari_average_quant,3,0.8634337238423687,False,False,0.5213534373897764
difficulty_level,1,medium,0.7564149886727184,0,5,ari_average_quant,4,0.795796893349874,False,False,0.5911720668989
difficulty_level,1,medium,0.7564149886727184,0,5,ari_average_quant,5,0.9017317701940348,False,True,0.7564249400348272
difficulty_level,1,medium,0.7564149886727184,0,5,ari_average_quant,6,0.9331684210393582,False,False,0.8780535515917032
difficulty_level,1,medium,0.7564149886727184,0,5,ari_average_quant,7,0.8989899348158847,True,False,0.8225560947427737
difficulty_level,1,medium,0.7564149886727184,0,5,ari_generalizability,3,0.8605379824668361,False,False,0.5213534373897764
difficulty_level,1,medium,0.7564149886727184,0,5,ari_generalizability,4,0.7895214419202777,False,False,0.5911720668989
difficulty_level,1,medium,0.7564149886727184,0,5,ari_generalizability,5,0.8935584217529133,False,True,0.7564249400348272
difficulty_level,1,medium,0.7564149886727184,0,5,ari_generalizability,6,0.9266749651393374,True,False,0.8780535515917032
difficulty_level,1,medium,0.7564149886727184,0,5,ari_generalizability,7,0.8943683508947126,False,False,0.8225560947427737
difficulty_level,1,medium,0.7564149886727184,0,5,ari_generalizability_1se,3,0.8605379824668361,False,False,0.5213534373897764
difficulty_level,1,medium,0.7564149886727184,0,5,ari_generalizability_1se,4,0.7895214419202777,False,False,0.5911720668989
difficulty_level,1,medium,0.7564149886727184,0,5,ari_generalizability_1se,5,0.8935584217529133,False,True,0.7564249400348272
difficulty_level,1,medium,0.7564149886727184,0,5,ari_generalizability_1se,6,0.9266749651393374,True,False,0.8780535515917032
difficulty_level,1,medium,0.7564149886727184,0,5,ari_generalizability_1se,7,0.8943683508947126,False,False,0.8225560947427737
difficulty_level,1,medium,0.7564149886727184,0,5,ari_generalizability_quant,3,0.8605379824668361,False,False,0.5213534373897764
difficulty_level,1,medium,0.7564149886727184,0,5,ari_generalizability_quant,4,0.7895214419202777,False,False,0.5911720668989
difficulty_level,1,medium,0.7564149886727184,0,5,ari_generalizability_quant,5,0.8935584217529133,False,True,0.7564249400348272
difficulty_level,1,medium,0.7564149886727184,0,5,ari_generalizability_quant,6,0.9266749651393374,False,False,0.8780535515917032
difficulty_level,1,medium,0.7564149886727184,0,5,ari_generalizability_quant,7,0.8943683508947126,True,False,0.8225560947427737
difficulty_level,1,medium,0.7564149886727184,0,5,ari_stability,3,0.8663294652179018,False,False,0.5213534373897764
difficulty_level,1,medium,0.7564149886727184,0,5,ari_stability,4,0.8020723447794704,False,False,0.5911720668989
difficulty_level,1,medium,0.7564149886727184,0,5,ari_stability,5,0.9099051186351563,False,True,0.7564249400348272
difficulty_level,1,medium,0.7564149886727184,0,5,ari_stability,6,0.9396618769393784,True,False,0.8780535515917032
difficulty_level,1,medium,0.7564149886727184,0,5,ari_stability,7,0.903611518737057,False,False,0.8225560947427737
difficulty_level,1,medium,0.7564149886727184,0,5,ari_stability_1se,3,0.8663294652179018,False,False,0.5213534373897764
difficulty_level,1,medium,0.7564149886727184,0,5,ari_stability_1se,4,0.8020723447794704,False,False,0.5911720668989
difficulty_level,1,medium,0.7564149886727184,0,5,ari_stability_1se,5,0.9099051186351563,False,True,0.7564249400348272
difficulty_level,1,medium,0.7564149886727184,0,5,ari_stability_1se,6,0.9396618769393784,True,False,0.8780535515917032
difficulty_level,1,medium,0.7564149886727184,0,5,ari_stability_1se,7,0.903611518737057,False,False,0.8225560947427737
difficulty_level,1,medium,0.7564149886727184,0,5,ari_stability_quant,3,0.8663294652179018,False,False,0.5213534373897764
difficulty_level,1,medium,0.7564149886727184,0,5,ari_stability_quant,4,0.8020723447794704,False,False,0.5911720668989
difficulty_level,1,medium,0.7564149886727184,0,5,ari_stability_quant,5,0.9099051186351563,False,True,0.7564249400348272
difficulty_level,1,medium,0.7564149886727184,0,5,ari_stability_quant,6,0.9396618769393784,False,False,0.8780535515917032
difficulty_level,1,medium,0.7564149886727184,0,5,ari_stability_quant,7,0.903611518737057,True,False,0.8225560947427737
difficulty_level,1,medium,0.7564149886727184,0,5,consensus_ce_stability,3,0.8514512191958163,False,False,0.5213534373897764
difficulty_level,1,medium,0.7564149886727184,0,5,consensus_ce_stability,4,0.8348599180059872,False,False,0.5911720668989
difficulty_level,1,medium,0.7564149886727184,0,5,consensus_ce_stability,5,0.9276316952672484,False,True,0.7564249400348272
difficulty_level,1,medium,0.7564149886727184,0,5,consensus_ce_stability,6,0.9559744367980404,True,False,0.8780535515917032
difficulty_level,1,medium,0.7564149886727184,0,5,consensus_ce_stability,7,0.9375838257435539,False,False,0.8225560947427737
difficulty_level,1,medium,0.7564149886727184,0,5,consensus_gini_stability,3,0.8758034734350038,False,False,0.5213534373897764
difficulty_level,1,medium,0.7564149886727184,0,5,consensus_gini_stability,4,0.852528684118248,False,False,0.5911720668989
difficulty_level,1,medium,0.7564149886727184,0,5,consensus_gini_stability,5,0.9368129205936898,False,True,0.7564249400348272
difficulty_level,1,medium,0.7564149886727184,0,5,consensus_gini_stability,6,0.9611779101344614,True,False,0.8780535515917032
difficulty_level,1,medium,0.7564149886727184,0,5,consensus_gini_stability,7,0.9450651013487625,False,False,0.8225560947427737
difficulty_level,1,medium,0.7564149886727184,0,5,consensus_pac_stability,3,0.7769429714857429,False,False,0.5213534373897764
difficulty_level,1,medium,0.7564149886727184,0,5,consensus_pac_stability,4,0.7777393696848425,False,False,0.5911720668989
difficulty_level,1,medium,0.7564149886727184,0,5,consensus_pac_stability,5,0.8962421210605303,False,True,0.7564249400348272
difficulty_level,1,medium,0.7564149886727184,0,5,consensus_pac_stability,6,0.9437823911955978,True,False,0.8780535515917032
difficulty_level,1,medium,0.7564149886727184,0,5,consensus_pac_stability,7,0.9160190095047523,False,False,0.8225560947427737
difficulty_level,1,medium,0.7564149886727184,0,5,silhouette,3,0.2459207939702901,False,False,0.5203356058799775
difficulty_level,1,medium,0.7564149886727184,0,5,silhouette,4,0.2821522194105595,False,False,0.593411584205404
difficulty_level,1,medium,0.7564149886727184,0,5,silhouette,5,0.3212571614613471,False,True,0.7564149886727184
difficulty_level,1,medium,0.7564149886727184,0,5,silhouette,6,0.35507365079180514,False,False,0.8763418132457104
difficulty_level,1,medium,0.7564149886727184,0,5,silhouette,7,0.37221523967432324,True,False,0.8271222875798785
difficulty_level,1,medium,0.7564149886727184,0,5,gap,3,0.3393079998207078,False,False,0.5203356058799775
difficulty_level,1,medium,0.7564149886727184,0,5,gap,4,0.45695159129456187,False,False,0.593411584205404
difficulty_level,1,medium,0.7564149886727184,0,5,gap,5,0.590000654075709,False,True,0.7564149886727184
difficulty_level,1,medium,0.7564149886727184,0,5,gap,6,0.7120912585220154,False,False,0.8763418132457104
difficulty_level,1,medium,0.7564149886727184,0,5,gap,7,0.8084647476541029,True,False,0.8271222875798785
difficulty_level,1,medium,0.7564149886727184,0,5,davies_bouldin,3,0.3348980818593926,False,False,0.5203356058799775
difficulty_level,1,medium,0.7564149886727184,0,5,davies_bouldin,4,0.3768919671749018,False,False,0.593411584205404
difficulty_level,1,medium,0.7564149886727184,0,5,davies_bouldin,5,0.3947495498250218,False,True,0.7564149886727184
difficulty_level,1,medium,0.7564149886727184,0,5,davies_bouldin,6,0.41491665526645477,False,False,0.8763418132457104
difficulty_level,1,medium,0.7564149886727184,0,5,davies_bouldin,7,0.4243419657945183,True,False,0.8271222875798785
difficulty_level,1,medium,0.7564149886727184,0,5,calinski_harabasz,3,422.23615094314755,False,False,0.5203356058799775
difficulty_level,1,medium,0.7564149886727184,0,5,calinski_harabasz,4,406.24522475233465,False,False,0.593411584205404
difficulty_level,1,medium,0.7564149886727184,0,5,calinski_harabasz,5,423.9005160522578,False,True,0.7564149886727184
difficulty_level,1,medium,0.7564149886727184,0,5,calinski_harabasz,6,438.8355884382069,False,False,0.8763418132457104
difficulty_level,1,medium,0.7564149886727184,0,5,calinski_harabasz,7,439.5715726506144,True,False,0.8271222875798785
difficulty_level,1,medium,0.8695033686019213,1,5,accuracy_generalizability,3,0.8580871488622387,False,False,0.7977944819118507
difficulty_level,1,medium,0.8695033686019213,1,5,accuracy_generalizability,4,0.8466320122106421,False,False,0.8609076657280371
difficulty_level,1,medium,0.8695033686019213,1,5,accuracy_generalizability,5,0.926170291343017,True,True,0.8358356203745752
difficulty_level,1,medium,0.8695033686019213,1,5,accuracy_generalizability,6,0.7969946235427005,False,False,0.8370422182989828
difficulty_level,1,medium,0.8695033686019213,1,5,accuracy_generalizability,7,0.811448294454171,False,False,0.7468590503115192
difficulty_level,1,medium,0.8695033686019213,1,5,ari_average,3,0.7576350095019894,False,False,0.7977944819118507
difficulty_level,1,medium,0.8695033686019213,1,5,ari_average,4,0.8059247308249481,False,False,0.8609076657280371
difficulty_level,1,medium,0.8695033686019213,1,5,ari_average,5,0.894255815424215,True,True,0.8358356203745752
difficulty_level,1,medium,0.8695033686019213,1,5,ari_average,6,0.7693711567046371,False,False,0.8370422182989828
difficulty_level,1,medium,0.8695033686019213,1,5,ari_average,7,0.762346955511282,False,False,0.7468590503115192
difficulty_level,1,medium,0.8695033686019213,1,5,ari_average_1se,3,0.7576350095019894,False,False,0.7977944819118507
difficulty_level,1,medium,0.8695033686019213,1,5,ari_average_1se,4,0.8059247308249481,False,False,0.8609076657280371
difficulty_level,1,medium,0.8695033686019213,1,5,ari_average_1se,5,0.894255815424215,True,True,0.8358356203745752
difficulty_level,1,medium,0.8695033686019213,1,5,ari_average_1se,6,0.7693711567046371,False,False,0.8370422182989828
difficulty_level,1,medium,0.8695033686019213,1,5,ari_average_1se,7,0.762346955511282,False,False,0.7468590503115192
difficulty_level,1,medium,0.8695033686019213,1,5,ari_average_quant,3,0.7576350095019894,False,False,0.7977944819118507
difficulty_level,1,medium,0.8695033686019213,1,5,ari_average_quant,4,0.8059247308249481,False,False,0.8609076657280371
difficulty_level,1,medium,0.8695033686019213,1,5,ari_average_quant,5,0.894255815424215,False,True,0.8358356203745752
difficulty_level,1,medium,0.8695033686019213,1,5,ari_average_quant,6,0.7693711567046371,True,False,0.8370422182989828
difficulty_level,1,medium,0.8695033686019213,1,5,ari_average_quant,7,0.762346955511282,False,False,0.7468590503115192
difficulty_level,1,medium,0.8695033686019213,1,5,ari_generalizability,3,0.7003403617023629,False,False,0.7977944819118507
difficulty_level,1,medium,0.8695033686019213,1,5,ari_generalizability,4,0.7576821580030432,False,False,0.8609076657280371
difficulty_level,1,medium,0.8695033686019213,1,5,ari_generalizability,5,0.8686745889252921,True,True,0.8358356203745752
difficulty_level,1,medium,0.8695033686019213,1,5,ari_generalizability,6,0.739118552843093,False,False,0.8370422182989828
difficulty_level,1,medium,0.8695033686019213,1,5,ari_generalizability,7,0.7343009911327344,False,False,0.7468590503115192
difficulty_level,1,medium,0.8695033686019213,1,5,ari_generalizability_1se,3,0.7003403617023629,False,False,0.7977944819118507
difficulty_level,1,medium,0.8695033686019213,1,5,ari_generalizability_1se,4,0.7576821580030432,False,False,0.8609076657280371
difficulty_level,1,medium,0.8695033686019213,1,5,ari_generalizability_1se,5,0.8686745889252921,True,True,0.8358356203745752
difficulty_level,1,medium,0.8695033686019213,1,5,ari_generalizability_1se,6,0.739118552843093,False,False,0.8370422182989828
difficulty_level,1,medium,0.8695033686019213,1,5,ari_generalizability_1se,7,0.7343009911327344,False,False,0.7468590503115192
difficulty_level,1,medium,0.8695033686019213,1,5,ari_generalizability_quant,3,0.7003403617023629,False,False,0.7977944819118507
difficulty_level,1,medium,0.8695033686019213,1,5,ari_generalizability_quant,4,0.7576821580030432,False,False,0.8609076657280371
difficulty_level,1,medium,0.8695033686019213,1,5,ari_generalizability_quant,5,0.8686745889252921,False,True,0.8358356203745752
difficulty_level,1,medium,0.8695033686019213,1,5,ari_generalizability_quant,6,0.739118552843093,False,False,0.8370422182989828
difficulty_level,1,medium,0.8695033686019213,1,5,ari_generalizability_quant,7,0.7343009911327344,True,False,0.7468590503115192
difficulty_level,1,medium,0.8695033686019213,1,5,ari_stability,3,0.8149296573016158,False,False,0.7977944819118507
difficulty_level,1,medium,0.8695033686019213,1,5,ari_stability,4,0.8541673036468531,False,False,0.8609076657280371
difficulty_level,1,medium,0.8695033686019213,1,5,ari_stability,5,0.919837041923138,True,True,0.8358356203745752
difficulty_level,1,medium,0.8695033686019213,1,5,ari_stability,6,0.7996237605661812,False,False,0.8370422182989828
difficulty_level,1,medium,0.8695033686019213,1,5,ari_stability,7,0.7903929198898293,False,False,0.7468590503115192
difficulty_level,1,medium,0.8695033686019213,1,5,ari_stability_1se,3,0.8149296573016158,False,False,0.7977944819118507
difficulty_level,1,medium,0.8695033686019213,1,5,ari_stability_1se,4,0.8541673036468531,False,False,0.8609076657280371
difficulty_level,1,medium,0.8695033686019213,1,5,ari_stability_1se,5,0.919837041923138,True,True,0.8358356203745752
difficulty_level,1,medium,0.8695033686019213,1,5,ari_stability_1se,6,0.7996237605661812,False,False,0.8370422182989828
difficulty_level,1,medium,0.8695033686019213,1,5,ari_stability_1se,7,0.7903929198898293,False,False,0.7468590503115192
difficulty_level,1,medium,0.8695033686019213,1,5,ari_stability_quant,3,0.8149296573016158,False,False,0.7977944819118507
difficulty_level,1,medium,0.8695033686019213,1,5,ari_stability_quant,4,0.8541673036468531,False,False,0.8609076657280371
difficulty_level,1,medium,0.8695033686019213,1,5,ari_stability_quant,5,0.919837041923138,False,True,0.8358356203745752
difficulty_level,1,medium,0.8695033686019213,1,5,ari_stability_quant,6,0.7996237605661812,False,False,0.8370422182989828
difficulty_level,1,medium,0.8695033686019213,1,5,ari_stability_quant,7,0.7903929198898293,True,False,0.7468590503115192
difficulty_level,1,medium,0.8695033686019213,1,5,consensus_ce_stability,3,0.7988454972817747,False,False,0.7977944819118507
difficulty_level,1,medium,0.8695033686019213,1,5,consensus_ce_stability,4,0.8275167285815533,False,False,0.8609076657280371
difficulty_level,1,medium,0.8695033686019213,1,5,consensus_ce_stability,5,0.9147218611133998,True,True,0.8358356203745752
difficulty_level,1,medium,0.8695033686019213,1,5,consensus_ce_stability,6,0.8630190177711573,False,False,0.8370422182989828
difficulty_level,1,medium,0.8695033686019213,1,5,consensus_ce_stability,7,0.8592851777189932,False,False,0.7468590503115192
difficulty_level,1,medium,0.8695033686019213,1,5,consensus_gini_stability,3,0.8185781171531107,False,False,0.7977944819118507
difficulty_level,1,medium,0.8695033686019213,1,5,consensus_gini_stability,4,0.8515468266992775,False,False,0.8609076657280371
difficulty_level,1,medium,0.8695033686019213,1,5,consensus_gini_stability,5,0.9297635218251588,True,True,0.8358356203745752
difficulty_level,1,medium,0.8695033686019213,1,5,consensus_gini_stability,6,0.8786657719162201,False,False,0.8370422182989828
difficulty_level,1,medium,0.8695033686019213,1,5,consensus_gini_stability,7,0.874199131087415,False,False,0.7468590503115192
difficulty_level,1,medium,0.8695033686019213,1,5,consensus_pac_stability,3,0.7370415207603802,False,False,0.7977944819118507
difficulty_level,1,medium,0.8695033686019213,1,5,consensus_pac_stability,4,0.7581300650325162,False,False,0.8609076657280371
difficulty_level,1,medium,0.8695033686019213,1,5,consensus_pac_stability,5,0.8842091045522762,True,True,0.8358356203745752
difficulty_level,1,medium,0.8695033686019213,1,5,consensus_pac_stability,6,0.8244102051025513,False,False,0.8370422182989828
difficulty_level,1,medium,0.8695033686019213,1,5,consensus_pac_stability,7,0.8162186093046523,False,False,0.7468590503115192
difficulty_level,1,medium,0.8695033686019213,1,5,silhouette,3,0.2267542576971852,False,False,0.7977944819118507
difficulty_level,1,medium,0.8695033686019213,1,5,silhouette,4,0.27845766222042084,False,False,0.8609076657280371
difficulty_level,1,medium,0.8695033686019213,1,5,silhouette,5,0.31911995989498576,False,True,0.8695033686019213
difficulty_level,1,medium,0.8695033686019213,1,5,silhouette,6,0.3447075533798168,True,False,0.9150156359409832
difficulty_level,1,medium,0.8695033686019213,1,5,silhouette,7,0.31202774456102383,False,False,0.7459655529511959
difficulty_level,1,medium,0.8695033686019213,1,5,gap,3,0.4137961418079019,False,False,0.7977944819118507
difficulty_level,1,medium,0.8695033686019213,1,5,gap,4,0.5286681892440317,False,False,0.8609076657280371
difficulty_level,1,medium,0.8695033686019213,1,5,gap,5,0.6539068998145012,False,True,0.8695033686019213
difficulty_level,1,medium,0.8695033686019213,1,5,gap,6,0.7400359168070327,False,False,0.9150156359409832
difficulty_level,1,medium,0.8695033686019213,1,5,gap,7,0.8351977210315429,True,False,0.7459655529511959
difficulty_level,1,medium,0.8695033686019213,1,5,davies_bouldin,3,0.32035888511479765,False,False,0.7977944819118507
difficulty_level,1,medium,0.8695033686019213,1,5,davies_bouldin,4,0.3701809054080976,False,False,0.8609076657280371
difficulty_level,1,medium,0.8695033686019213,1,5,davies_bouldin,5,0.3701666724664671,False,True,0.8695033686019213
difficulty_level,1,medium,0.8695033686019213,1,5,davies_bouldin,6,0.39033718823001606,False,False,0.9150156359409832
difficulty_level,1,medium,0.8695033686019213,1,5,davies_bouldin,7,0.40417816087530783,True,False,0.7459655529511959
difficulty_level,1,medium,0.8695033686019213,1,5,calinski_harabasz,3,353.23076781166617,False,False,0.7977944819118507
difficulty_level,1,medium,0.8695033686019213,1,5,calinski_harabasz,4,350.4884947184412,False,False,0.8609076657280371
difficulty_level,1,medium,0.8695033686019213,1,5,calinski_harabasz,5,368.4135625519141,True,True,0.8695033686019213
difficulty_level,1,medium,0.8695033686019213,1,5,calinski_harabasz,6,360.3228778165489,False,False,0.9150156359409832
difficulty_level,1,medium,0.8695033686019213,1,5,calinski_harabasz,7,366.11292200938146,False,False,0.7459655529511959
difficulty_level,1,medium,0.6802131608980017,2,5,accuracy_generalizability,3,0.9971657431479894,True,False,0.7649390325072518
difficulty_level,1,medium,0.6802131608980017,2,5,accuracy_generalizability,4,0.990719296347313,False,False,0.9079474950112554
difficulty_level,1,medium,0.6802131608980017,2,5,accuracy_generalizability,5,0.8679533843845784,False,True,0.6633904222425188
difficulty_level,1,medium,0.6802131608980017,2,5,accuracy_generalizability,6,0.8947878983917446,False,False,0.7538845867455555
difficulty_level,1,medium,0.6802131608980017,2,5,accuracy_generalizability,7,0.8785961371650474,False,False,0.7121662010543601
difficulty_level,1,medium,0.6802131608980017,2,5,ari_average,3,0.9973892345287821,True,False,0.7649390325072518
difficulty_level,1,medium,0.6802131608980017,2,5,ari_average,4,0.9916652053336152,False,False,0.9079474950112554
difficulty_level,1,medium,0.6802131608980017,2,5,ari_average,5,0.8231782654611226,False,True,0.6633904222425188
difficulty_level,1,medium,0.6802131608980017,2,5,ari_average,6,0.811254318698363,False,False,0.7538845867455555
difficulty_level,1,medium,0.6802131608980017,2,5,ari_average,7,0.8013914863784585,False,False,0.7121662010543601
difficulty_level,1,medium,0.6802131608980017,2,5,ari_average_1se,3,0.9973892345287821,True,False,0.7649390325072518
difficulty_level,1,medium,0.6802131608980017,2,5,ari_average_1se,4,0.9916652053336152,False,False,0.9079474950112554
difficulty_level,1,medium,0.6802131608980017,2,5,ari_average_1se,5,0.8231782654611226,False,True,0.6633904222425188
difficulty_level,1,medium,0.6802131608980017,2,5,ari_average_1se,6,0.811254318698363,False,False,0.7538845867455555
difficulty_level,1,medium,0.6802131608980017,2,5,ari_average_1se,7,0.8013914863784585,False,False,0.7121662010543601
difficulty_level,1,medium,0.6802131608980017,2,5,ari_average_quant,3,0.9973892345287821,True,False,0.7649390325072518
difficulty_level,1,medium,0.6802131608980017,2,5,ari_average_quant,4,0.9916652053336152,False,False,0.9079474950112554
difficulty_level,1,medium,0.6802131608980017,2,5,ari_average_quant,5,0.8231782654611226,False,True,0.6633904222425188
difficulty_level,1,medium,0.6802131608980017,2,5,ari_average_quant,6,0.811254318698363,False,False,0.7538845867455555
difficulty_level,1,medium,0.6802131608980017,2,5,ari_average_quant,7,0.8013914863784585,False,False,0.7121662010543601
difficulty_level,1,medium,0.6802131608980017,2,5,ari_generalizability,3,0.9947784690575642,True,False,0.7649390325072518
difficulty_level,1,medium,0.6802131608980017,2,5,ari_generalizability,4,0.9862725944798869,False,False,0.9079474950112554
difficulty_level,1,medium,0.6802131608980017,2,5,ari_generalizability,5,0.7998434652697359,False,True,0.6633904222425188
difficulty_level,1,medium,0.6802131608980017,2,5,ari_generalizability,6,0.7938178713441287,False,False,0.7538845867455555
difficulty_level,1,medium,0.6802131608980017,2,5,ari_generalizability,7,0.7819296514537447,False,False,0.7121662010543601
difficulty_level,1,medium,0.6802131608980017,2,5,ari_generalizability_1se,3,0.9947784690575642,True,False,0.7649390325072518
difficulty_level,1,medium,0.6802131608980017,2,5,ari_generalizability_1se,4,0.9862725944798869,False,False,0.9079474950112554
difficulty_level,1,medium,0.6802131608980017,2,5,ari_generalizability_1se,5,0.7998434652697359,False,True,0.6633904222425188
difficulty_level,1,medium,0.6802131608980017,2,5,ari_generalizability_1se,6,0.7938178713441287,False,False,0.7538845867455555
difficulty_level,1,medium,0.6802131608980017,2,5,ari_generalizability_1se,7,0.7819296514537447,False,False,0.7121662010543601
difficulty_level,1,medium,0.6802131608980017,2,5,ari_generalizability_quant,3,0.9947784690575642,True,False,0.7649390325072518
difficulty_level,1,medium,0.6802131608980017,2,5,ari_generalizability_quant,4,0.9862725944798869,False,False,0.9079474950112554
difficulty_level,1,medium,0.6802131608980017,2,5,ari_generalizability_quant,5,0.7998434652697359,False,True,0.6633904222425188
difficulty_level,1,medium,0.6802131608980017,2,5,ari_generalizability_quant,6,0.7938178713441287,False,False,0.7538845867455555
difficulty_level,1,medium,0.6802131608980017,2,5,ari_generalizability_quant,7,0.7819296514537447,False,False,0.7121662010543601
difficulty_level,1,medium,0.6802131608980017,2,5,ari_stability,3,1.0,True,False,0.7649390325072518
difficulty_level,1,medium,0.6802131608980017,2,5,ari_stability,4,0.9970578161873433,False,False,0.9079474950112554
difficulty_level,1,medium,0.6802131608980017,2,5,ari_stability,5,0.8465130656525094,False,True,0.6633904222425188
difficulty_level,1,medium,0.6802131608980017,2,5,ari_stability,6,0.8286907660525968,False,False,0.7538845867455555
difficulty_level,1,medium,0.6802131608980017,2,5,ari_stability,7,0.8208533213031726,False,False,0.7121662010543601
difficulty_level,1,medium,0.6802131608980017,2,5,ari_stability_1se,3,1.0,True,False,0.7649390325072518
difficulty_level,1,medium,0.6802131608980017,2,5,ari_stability_1se,4,0.9970578161873433,False,False,0.9079474950112554
difficulty_level,1,medium,0.6802131608980017,2,5,ari_stability_1se,5,0.8465130656525094,False,True,0.6633904222425188
difficulty_level,1,medium,0.6802131608980017,2,5,ari_stability_1se,6,0.8286907660525968,False,False,0.7538845867455555
difficulty_level,1,medium,0.6802131608980017,2,5,ari_stability_1se,7,0.8208533213031726,False,False,0.7121662010543601
difficulty_level,1,medium,0.6802131608980017,2,5,ari_stability_quant,3,1.0,True,False,0.7649390325072518
difficulty_level,1,medium,0.6802131608980017,2,5,ari_stability_quant,4,0.9970578161873433,False,False,0.9079474950112554
difficulty_level,1,medium,0.6802131608980017,2,5,ari_stability_quant,5,0.8465130656525094,False,True,0.6633904222425188
difficulty_level,1,medium,0.6802131608980017,2,5,ari_stability_quant,6,0.8286907660525968,False,False,0.7538845867455555
difficulty_level,1,medium,0.6802131608980017,2,5,ari_stability_quant,7,0.8208533213031726,False,False,0.7121662010543601
difficulty_level,1,medium,0.6802131608980017,2,5,consensus_ce_stability,3,0.9999999999586944,True,False,0.7649390325072518
difficulty_level,1,medium,0.6802131608980017,2,5,consensus_ce_stability,4,0.9958603951960947,False,False,0.9079474950112554
difficulty_level,1,medium,0.6802131608980017,2,5,consensus_ce_stability,5,0.8871463981545635,False,True,0.6633904222425188
difficulty_level,1,medium,0.6802131608980017,2,5,consensus_ce_stability,6,0.8871454600265258,False,False,0.7538845867455555
difficulty_level,1,medium,0.6802131608980017,2,5,consensus_ce_stability,7,0.8876936609087539,False,False,0.7121662010543601
difficulty_level,1,medium,0.6802131608980017,2,5,consensus_gini_stability,3,1.0,True,False,0.7649390325072518
difficulty_level,1,medium,0.6802131608980017,2,5,consensus_gini_stability,4,0.9975844039222114,False,False,0.9079474950112554
difficulty_level,1,medium,0.6802131608980017,2,5,consensus_gini_stability,5,0.9026179851434931,False,True,0.6633904222425188
difficulty_level,1,medium,0.6802131608980017,2,5,consensus_gini_stability,6,0.8996613505539415,False,False,0.7538845867455555
difficulty_level,1,medium,0.6802131608980017,2,5,consensus_gini_stability,7,0.899220585608179,False,False,0.7121662010543601
difficulty_level,1,medium,0.6802131608980017,2,5,consensus_pac_stability,3,1.0,True,False,0.7649390325072518
difficulty_level,1,medium,0.6802131608980017,2,5,consensus_pac_stability,4,0.9999949974987494,False,False,0.9079474950112554
difficulty_level,1,medium,0.6802131608980017,2,5,consensus_pac_stability,5,0.8386098049024513,False,True,0.6633904222425188
difficulty_level,1,medium,0.6802131608980017,2,5,consensus_pac_stability,6,0.8525217608804402,False,False,0.7538845867455555
difficulty_level,1,medium,0.6802131608980017,2,5,consensus_pac_stability,7,0.8568274137068534,False,False,0.7121662010543601
difficulty_level,1,medium,0.6802131608980017,2,5,silhouette,3,0.27023053703171795,False,False,0.7649390325072518
difficulty_level,1,medium,0.6802131608980017,2,5,silhouette,4,0.31716705977777404,False,False,0.9079474950112554
difficulty_level,1,medium,0.6802131608980017,2,5,silhouette,5,0.2890794528142184,False,True,0.6802131608980017
difficulty_level,1,medium,0.6802131608980017,2,5,silhouette,6,0.31751827078317807,False,False,0.6893130241777531
difficulty_level,1,medium,0.6802131608980017,2,5,silhouette,7,0.340378376202332,True,False,0.7039492981465706
difficulty_level,1,medium,0.6802131608980017,2,5,gap,3,0.42298016225522517,False,False,0.7649390325072518
difficulty_level,1,medium,0.6802131608980017,2,5,gap,4,0.5548479597232223,False,False,0.9079474950112554
difficulty_level,1,medium,0.6802131608980017,2,5,gap,5,0.6664038197955477,False,True,0.6802131608980017
difficulty_level,1,medium,0.6802131608980017,2,5,gap,6,0.7744152426915356,False,False,0.6893130241777531
difficulty_level,1,medium,0.6802131608980017,2,5,gap,7,0.8689603529084291,True,False,0.7039492981465706
difficulty_level,1,medium,0.6802131608980017,2,5,davies_bouldin,3,0.3616534017840535,False,False,0.7649390325072518
difficulty_level,1,medium,0.6802131608980017,2,5,davies_bouldin,4,0.37601925313499773,False,False,0.9079474950112554
difficulty_level,1,medium,0.6802131608980017,2,5,davies_bouldin,5,0.3948830610276797,False,True,0.6802131608980017
difficulty_level,1,medium,0.6802131608980017,2,5,davies_bouldin,6,0.377381981022545,False,False,0.6893130241777531
difficulty_level,1,medium,0.6802131608980017,2,5,davies_bouldin,7,0.39673406731999394,True,False,0.7039492981465706
difficulty_level,1,medium,0.6802131608980017,2,5,calinski_harabasz,3,438.6642291121949,True,False,0.7649390325072518
difficulty_level,1,medium,0.6802131608980017,2,5,calinski_harabasz,4,433.47496688189784,False,False,0.9079474950112554
difficulty_level,1,medium,0.6802131608980017,2,5,calinski_harabasz,5,426.8562350893201,False,True,0.6802131608980017
difficulty_level,1,medium,0.6802131608980017,2,5,calinski_harabasz,6,429.63403996049925,False,False,0.6893130241777531
difficulty_level,1,medium,0.6802131608980017,2,5,calinski_harabasz,7,429.53727979778887,False,False,0.7039492981465706
difficulty_level,1,medium,0.6121967528812802,3,5,accuracy_generalizability,3,0.9188367257243895,True,False,0.817196938599117
difficulty_level,1,medium,0.6121967528812802,3,5,accuracy_generalizability,4,0.7848847709634723,False,False,0.5490545436510722
difficulty_level,1,medium,0.6121967528812802,3,5,accuracy_generalizability,5,0.864708362577674,False,True,0.6189063574136214
difficulty_level,1,medium,0.6121967528812802,3,5,accuracy_generalizability,6,0.7968141006569901,False,False,0.5055597917817929
difficulty_level,1,medium,0.6121967528812802,3,5,accuracy_generalizability,7,0.8676067385649925,False,False,0.624310352178947
difficulty_level,1,medium,0.6121967528812802,3,5,ari_average,3,0.8797657017377365,True,False,0.817196938599117
difficulty_level,1,medium,0.6121967528812802,3,5,ari_average,4,0.7384518980860966,False,False,0.5490545436510722
difficulty_level,1,medium,0.6121967528812802,3,5,ari_average,5,0.8070283142605829,False,True,0.6189063574136214
difficulty_level,1,medium,0.6121967528812802,3,5,ari_average,6,0.7501636881431385,False,False,0.5055597917817929
difficulty_level,1,medium,0.6121967528812802,3,5,ari_average,7,0.8108791749189139,False,False,0.624310352178947
difficulty_level,1,medium,0.6121967528812802,3,5,ari_average_1se,3,0.8797657017377365,True,False,0.817196938599117
difficulty_level,1,medium,0.6121967528812802,3,5,ari_average_1se,4,0.7384518980860966,False,False,0.5490545436510722
difficulty_level,1,medium,0.6121967528812802,3,5,ari_average_1se,5,0.8070283142605829,False,True,0.6189063574136214
difficulty_level,1,medium,0.6121967528812802,3,5,ari_average_1se,6,0.7501636881431385,False,False,0.5055597917817929
difficulty_level,1,medium,0.6121967528812802,3,5,ari_average_1se,7,0.8108791749189139,False,False,0.624310352178947
difficulty_level,1,medium,0.6121967528812802,3,5,ari_average_quant,3,0.8797657017377365,False,False,0.817196938599117
difficulty_level,1,medium,0.6121967528812802,3,5,ari_average_quant,4,0.7384518980860966,False,False,0.5490545436510722
difficulty_level,1,medium,0.6121967528812802,3,5,ari_average_quant,5,0.8070283142605829,False,True,0.6189063574136214
difficulty_level,1,medium,0.6121967528812802,3,5,ari_average_quant,6,0.7501636881431385,False,False,0.5055597917817929
difficulty_level,1,medium,0.6121967528812802,3,5,ari_average_quant,7,0.8108791749189139,True,False,0.624310352178947
difficulty_level,1,medium,0.6121967528812802,3,5,ari_generalizability,3,0.8572830885855456,True,False,0.817196938599117
difficulty_level,1,medium,0.6121967528812802,3,5,ari_generalizability,4,0.7171487502204656,False,False,0.5490545436510722
difficulty_level,1,medium,0.6121967528812802,3,5,ari_generalizability,5,0.795377176577227,False,True,0.6189063574136214
difficulty_level,1,medium,0.6121967528812802,3,5,ari_generalizability,6,0.7320340303425533,False,False,0.5055597917817929
difficulty_level,1,medium,0.6121967528812802,3,5,ari_generalizability,7,0.7963979346413492,False,False,0.624310352178947
difficulty_level,1,medium,0.6121967528812802,3,5,ari_generalizability_1se,3,0.8572830885855456,True,False,0.817196938599117
difficulty_level,1,medium,0.6121967528812802,3,5,ari_generalizability_1se,4,0.7171487502204656,False,False,0.5490545436510722
difficulty_level,1,medium,0.6121967528812802,3,5,ari_generalizability_1se,5,0.795377176577227,False,True,0.6189063574136214
difficulty_level,1,medium,0.6121967528812802,3,5,ari_generalizability_1se,6,0.7320340303425533,False,False,0.5055597917817929
difficulty_level,1,medium,0.6121967528812802,3,5,ari_generalizability_1se,7,0.7963979346413492,False,False,0.624310352178947
difficulty_level,1,medium,0.6121967528812802,3,5,ari_generalizability_quant,3,0.8572830885855456,False,False,0.817196938599117
difficulty_level,1,medium,0.6121967528812802,3,5,ari_generalizability_quant,4,0.7171487502204656,False,False,0.5490545436510722
difficulty_level,1,medium,0.6121967528812802,3,5,ari_generalizability_quant,5,0.795377176577227,False,True,0.6189063574136214
difficulty_level,1,medium,0.6121967528812802,3,5,ari_generalizability_quant,6,0.7320340303425533,False,False,0.5055597917817929
difficulty_level,1,medium,0.6121967528812802,3,5,ari_generalizability_quant,7,0.7963979346413492,True,False,0.624310352178947
difficulty_level,1,medium,0.6121967528812802,3,5,ari_stability,3,0.9022483148899276,True,False,0.817196938599117
difficulty_level,1,medium,0.6121967528812802,3,5,ari_stability,4,0.759755045951727,False,False,0.5490545436510722
difficulty_level,1,medium,0.6121967528812802,3,5,ari_stability,5,0.8186794519439387,False,True,0.6189063574136214
difficulty_level,1,medium,0.6121967528812802,3,5,ari_stability,6,0.768293345943724,False,False,0.5055597917817929
difficulty_level,1,medium,0.6121967528812802,3,5,ari_stability,7,0.8253604151964786,False,False,0.624310352178947
difficulty_level,1,medium,0.6121967528812802,3,5,ari_stability_1se,3,0.9022483148899276,True,False,0.817196938599117
difficulty_level,1,medium,0.6121967528812802,3,5,ari_stability_1se,4,0.759755045951727,False,False,0.5490545436510722
difficulty_level,1,medium,0.6121967528812802,3,5,ari_stability_1se,5,0.8186794519439387,False,True,0.6189063574136214
difficulty_level,1,medium,0.6121967528812802,3,5,ari_stability_1se,6,0.768293345943724,False,False,0.5055597917817929
difficulty_level,1,medium,0.6121967528812802,3,5,ari_stability_1se,7,0.8253604151964786,False,False,0.624310352178947
difficulty_level,1,medium,0.6121967528812802,3,5,ari_stability_quant,3,0.9022483148899276,False,False,0.817196938599117
difficulty_level,1,medium,0.6121967528812802,3,5,ari_stability_quant,4,0.759755045951727,False,False,0.5490545436510722
difficulty_level,1,medium,0.6121967528812802,3,5,ari_stability_quant,5,0.8186794519439387,False,True,0.6189063574136214
difficulty_level,1,medium,0.6121967528812802,3,5,ari_stability_quant,6,0.768293345943724,False,False,0.5055597917817929
difficulty_level,1,medium,0.6121967528812802,3,5,ari_stability_quant,7,0.8253604151964786,True,False,0.624310352178947
difficulty_level,1,medium,0.6121967528812802,3,5,consensus_ce_stability,3,0.901917937791248,True,False,0.817196938599117
difficulty_level,1,medium,0.6121967528812802,3,5,consensus_ce_stability,4,0.7941085493156148,False,False,0.5490545436510722
difficulty_level,1,medium,0.6121967528812802,3,5,consensus_ce_stability,5,0.867512826393735,False,True,0.6189063574136214
difficulty_level,1,medium,0.6121967528812802,3,5,consensus_ce_stability,6,0.8396992491661553,False,False,0.5055597917817929
difficulty_level,1,medium,0.6121967528812802,3,5,consensus_ce_stability,7,0.9014095881761425,False,False,0.624310352178947
difficulty_level,1,medium,0.6121967528812802,3,5,consensus_gini_stability,3,0.931100833847923,True,False,0.817196938599117
difficulty_level,1,medium,0.6121967528812802,3,5,consensus_gini_stability,4,0.8153981480568497,False,False,0.5490545436510722
difficulty_level,1,medium,0.6121967528812802,3,5,consensus_gini_stability,5,0.8804546503819842,False,True,0.6189063574136214
difficulty_level,1,medium,0.6121967528812802,3,5,consensus_gini_stability,6,0.8537174037470858,False,False,0.5055597917817929
difficulty_level,1,medium,0.6121967528812802,3,5,consensus_gini_stability,7,0.9155256142824713,False,False,0.624310352178947
difficulty_level,1,medium,0.6121967528812802,3,5,consensus_pac_stability,3,0.8293056528264132,False,False,0.817196938599117
difficulty_level,1,medium,0.6121967528812802,3,5,consensus_pac_stability,4,0.7313721860930466,False,False,0.5490545436510722
difficulty_level,1,medium,0.6121967528812802,3,5,consensus_pac_stability,5,0.8389554777388695,False,True,0.6189063574136214
difficulty_level,1,medium,0.6121967528812802,3,5,consensus_pac_stability,6,0.797280140070035,False,False,0.5055597917817929
difficulty_level,1,medium,0.6121967528812802,3,5,consensus_pac_stability,7,0.8592521260630315,True,False,0.624310352178947
difficulty_level,1,medium,0.6121967528812802,3,5,silhouette,3,0.21208735202537587,False,False,0.817196938599117
difficulty_level,1,medium,0.6121967528812802,3,5,silhouette,4,0.23550189780549216,False,False,0.5547428237805795
difficulty_level,1,medium,0.6121967528812802,3,5,silhouette,5,0.2793914876963371,False,True,0.6121967528812802
difficulty_level,1,medium,0.6121967528812802,3,5,silhouette,6,0.31933039345538167,False,False,0.7331546027559824
difficulty_level,1,medium,0.6121967528812802,3,5,silhouette,7,0.32764353294978726,True,False,0.6292188386628103
difficulty_level,1,medium,0.6121967528812802,3,5,gap,3,0.29855090905331494,False,False,0.817196938599117
difficulty_level,1,medium,0.6121967528812802,3,5,gap,4,0.41677917667960607,False,False,0.5547428237805795
difficulty_level,1,medium,0.6121967528812802,3,5,gap,5,0.540578418116727,False,True,0.6121967528812802
difficulty_level,1,medium,0.6121967528812802,3,5,gap,6,0.6528906730717416,False,False,0.7331546027559824
difficulty_level,1,medium,0.6121967528812802,3,5,gap,7,0.756682590272824,True,False,0.6292188386628103
difficulty_level,1,medium,0.6121967528812802,3,5,davies_bouldin,3,0.3363083328913472,False,False,0.817196938599117
difficulty_level,1,medium,0.6121967528812802,3,5,davies_bouldin,4,0.3550230143338625,False,False,0.5547428237805795
difficulty_level,1,medium,0.6121967528812802,3,5,davies_bouldin,5,0.39208679109359834,False,True,0.6121967528812802
difficulty_level,1,medium,0.6121967528812802,3,5,davies_bouldin,6,0.3952314990909304,False,False,0.7331546027559824
difficulty_level,1,medium,0.6121967528812802,3,5,davies_bouldin,7,0.4088831994891385,True,False,0.6292188386628103
difficulty_level,1,medium,0.6121967528812802,3,5,calinski_harabasz,3,340.2134717491441,False,False,0.817196938599117
difficulty_level,1,medium,0.6121967528812802,3,5,calinski_harabasz,4,345.116609735658,False,False,0.5547428237805795
difficulty_level,1,medium,0.6121967528812802,3,5,calinski_harabasz,5,363.2500295421974,False,True,0.6121967528812802
difficulty_level,1,medium,0.6121967528812802,3,5,calinski_harabasz,6,376.12764936102786,False,False,0.7331546027559824
difficulty_level,1,medium,0.6121967528812802,3,5,calinski_harabasz,7,387.0973928499889,True,False,0.6292188386628103
difficulty_level,1,medium,0.6408330226848769,4,5,accuracy_generalizability,3,0.7513790025741378,False,False,0.39552738397901993
difficulty_level,1,medium,0.6408330226848769,4,5,accuracy_generalizability,4,0.8506224715348428,False,False,0.5521391267171123
difficulty_level,1,medium,0.6408330226848769,4,5,accuracy_generalizability,5,0.7681766379081524,False,True,0.6408330226848769
difficulty_level,1,medium,0.6408330226848769,4,5,accuracy_generalizability,6,0.9161022426988367,True,False,0.8064358508070056
difficulty_level,1,medium,0.6408330226848769,4,5,accuracy_generalizability,7,0.8486686691998815,False,False,0.7387623654758636
difficulty_level,1,medium,0.6408330226848769,4,5,ari_average,3,0.5754413825586157,False,False,0.39552738397901993
difficulty_level,1,medium,0.6408330226848769,4,5,ari_average,4,0.7321330178811282,False,False,0.5521391267171123
difficulty_level,1,medium,0.6408330226848769,4,5,ari_average,5,0.6977703360770607,False,True,0.6408330226848769
difficulty_level,1,medium,0.6408330226848769,4,5,ari_average,6,0.854088880927371,True,False,0.8064358508070056
difficulty_level,1,medium,0.6408330226848769,4,5,ari_average,7,0.832595813184127,False,False,0.7387623654758636
difficulty_level,1,medium,0.6408330226848769,4,5,ari_average_1se,3,0.5754413825586157,False,False,0.39552738397901993
difficulty_level,1,medium,0.6408330226848769,4,5,ari_average_1se,4,0.7321330178811282,False,False,0.5521391267171123
difficulty_level,1,medium,0.6408330226848769,4,5,ari_average_1se,5,0.6977703360770607,False,True,0.6408330226848769
difficulty_level,1,medium,0.6408330226848769,4,5,ari_average_1se,6,0.854088880927371,True,False,0.8064358508070056
difficulty_level,1,medium,0.6408330226848769,4,5,ari_average_1se,7,0.832595813184127,False,False,0.7387623654758636
difficulty_level,1,medium,0.6408330226848769,4,5,ari_average_quant,3,0.5754413825586157,False,False,0.39552738397901993
difficulty_level,1,medium,0.6408330226848769,4,5,ari_average_quant,4,0.7321330178811282,False,False,0.5521391267171123
difficulty_level,1,medium,0.6408330226848769,4,5,ari_average_quant,5,0.6977703360770607,False,True,0.6408330226848769
difficulty_level,1,medium,0.6408330226848769,4,5,ari_average_quant,6,0.854088880927371,False,False,0.8064358508070056
difficulty_level,1,medium,0.6408330226848769,4,5,ari_average_quant,7,0.832595813184127,True,False,0.7387623654758636
difficulty_level,1,medium,0.6408330226848769,4,5,ari_generalizability,3,0.49079093058849615,False,False,0.39552738397901993
difficulty_level,1,medium,0.6408330226848769,4,5,ari_generalizability,4,0.6722824850262659,False,False,0.5521391267171123
difficulty_level,1,medium,0.6408330226848769,4,5,ari_generalizability,5,0.6472263133836755,False,True,0.6408330226848769
difficulty_level,1,medium,0.6408330226848769,4,5,ari_generalizability,6,0.8390579225584703,True,False,0.8064358508070056
difficulty_level,1,medium,0.6408330226848769,4,5,ari_generalizability,7,0.8163436193030134,False,False,0.7387623654758636
difficulty_level,1,medium,0.6408330226848769,4,5,ari_generalizability_1se,3,0.49079093058849615,False,False,0.39552738397901993
difficulty_level,1,medium,0.6408330226848769,4,5,ari_generalizability_1se,4,0.6722824850262659,False,False,0.5521391267171123
difficulty_level,1,medium,0.6408330226848769,4,5,ari_generalizability_1se,5,0.6472263133836755,False,True,0.6408330226848769
difficulty_level,1,medium,0.6408330226848769,4,5,ari_generalizability_1se,6,0.8390579225584703,True,False,0.8064358508070056
difficulty_level,1,medium,0.6408330226848769,4,5,ari_generalizability_1se,7,0.8163436193030134,False,False,0.7387623654758636
difficulty_level,1,medium,0.6408330226848769,4,5,ari_generalizability_quant,3,0.49079093058849615,False,False,0.39552738397901993
difficulty_level,1,medium,0.6408330226848769,4,5,ari_generalizability_quant,4,0.6722824850262659,False,False,0.5521391267171123
difficulty_level,1,medium,0.6408330226848769,4,5,ari_generalizability_quant,5,0.6472263133836755,False,True,0.6408330226848769
difficulty_level,1,medium,0.6408330226848769,4,5,ari_generalizability_quant,6,0.8390579225584703,False,False,0.8064358508070056
difficulty_level,1,medium,0.6408330226848769,4,5,ari_generalizability_quant,7,0.8163436193030134,True,False,0.7387623654758636
difficulty_level,1,medium,0.6408330226848769,4,5,ari_stability,3,0.6600918345287351,False,False,0.39552738397901993
difficulty_level,1,medium,0.6408330226848769,4,5,ari_stability,4,0.7919835507359904,False,False,0.5521391267171123
difficulty_level,1,medium,0.6408330226848769,4,5,ari_stability,5,0.7483143587704462,False,True,0.6408330226848769
difficulty_level,1,medium,0.6408330226848769,4,5,ari_stability,6,0.8691198392962716,True,False,0.8064358508070056
difficulty_level,1,medium,0.6408330226848769,4,5,ari_stability,7,0.8488480070652409,False,False,0.7387623654758636
difficulty_level,1,medium,0.6408330226848769,4,5,ari_stability_1se,3,0.6600918345287351,False,False,0.39552738397901993
difficulty_level,1,medium,0.6408330226848769,4,5,ari_stability_1se,4,0.7919835507359904,False,False,0.5521391267171123
difficulty_level,1,medium,0.6408330226848769,4,5,ari_stability_1se,5,0.7483143587704462,False,True,0.6408330226848769
difficulty_level,1,medium,0.6408330226848769,4,5,ari_stability_1se,6,0.8691198392962716,True,False,0.8064358508070056
difficulty_level,1,medium,0.6408330226848769,4,5,ari_stability_1se,7,0.8488480070652409,False,False,0.7387623654758636
difficulty_level,1,medium,0.6408330226848769,4,5,ari_stability_quant,3,0.6600918345287351,False,False,0.39552738397901993
difficulty_level,1,medium,0.6408330226848769,4,5,ari_stability_quant,4,0.7919835507359904,False,False,0.5521391267171123
difficulty_level,1,medium,0.6408330226848769,4,5,ari_stability_quant,5,0.7483143587704462,False,True,0.6408330226848769
difficulty_level,1,medium,0.6408330226848769,4,5,ari_stability_quant,6,0.8691198392962716,False,False,0.8064358508070056
difficulty_level,1,medium,0.6408330226848769,4,5,ari_stability_quant,7,0.8488480070652409,True,False,0.7387623654758636
difficulty_level,1,medium,0.6408330226848769,4,5,consensus_ce_stability,3,0.6342405639522803,False,False,0.39552738397901993
difficulty_level,1,medium,0.6408330226848769,4,5,consensus_ce_stability,4,0.7889567845112683,False,False,0.5521391267171123
difficulty_level,1,medium,0.6408330226848769,4,5,consensus_ce_stability,5,0.7965358544141183,False,True,0.6408330226848769
difficulty_level,1,medium,0.6408330226848769,4,5,consensus_ce_stability,6,0.9155874729644607,False,False,0.8064358508070056
difficulty_level,1,medium,0.6408330226848769,4,5,consensus_ce_stability,7,0.9164510079111494,True,False,0.7387623654758636
difficulty_level,1,medium,0.6408330226848769,4,5,consensus_gini_stability,3,0.6946174185248425,False,False,0.39552738397901993
difficulty_level,1,medium,0.6408330226848769,4,5,consensus_gini_stability,4,0.8212886724580459,False,False,0.5521391267171123
difficulty_level,1,medium,0.6408330226848769,4,5,consensus_gini_stability,5,0.8208147350662642,False,True,0.6408330226848769
difficulty_level,1,medium,0.6408330226848769,4,5,consensus_gini_stability,6,0.9286465269241405,True,False,0.8064358508070056
difficulty_level,1,medium,0.6408330226848769,4,5,consensus_gini_stability,7,0.9254643057692175,False,False,0.7387623654758636
difficulty_level,1,medium,0.6408330226848769,4,5,consensus_pac_stability,3,0.4147578789394697,False,False,0.39552738397901993
difficulty_level,1,medium,0.6408330226848769,4,5,consensus_pac_stability,4,0.6878069034517258,False,False,0.5521391267171123
difficulty_level,1,medium,0.6408330226848769,4,5,consensus_pac_stability,5,0.7357753876938469,False,True,0.6408330226848769
difficulty_level,1,medium,0.6408330226848769,4,5,consensus_pac_stability,6,0.8860750375187594,False,False,0.8064358508070056
difficulty_level,1,medium,0.6408330226848769,4,5,consensus_pac_stability,7,0.8939724862431215,True,False,0.7387623654758636
difficulty_level,1,medium,0.6408330226848769,4,5,silhouette,3,0.17818393806915975,False,False,0.3965969864109773
difficulty_level,1,medium,0.6408330226848769,4,5,silhouette,4,0.22721470337623645,False,False,0.5528457147167407
difficulty_level,1,medium,0.6408330226848769,4,5,silhouette,5,0.2693937018872841,False,True,0.6408330226848769
difficulty_level,1,medium,0.6408330226848769,4,5,silhouette,6,0.31597885458867836,False,False,0.8064358508070056
difficulty_level,1,medium,0.6408330226848769,4,5,silhouette,7,0.34319739976664776,True,False,0.7427997112892795
difficulty_level,1,medium,0.6408330226848769,4,5,gap,3,0.26301464055663715,False,False,0.3965969864109773
difficulty_level,1,medium,0.6408330226848769,4,5,gap,4,0.3836856358979741,False,False,0.5528457147167407
difficulty_level,1,medium,0.6408330226848769,4,5,gap,5,0.49638046217471476,False,True,0.6408330226848769
difficulty_level,1,medium,0.6408330226848769,4,5,gap,6,0.6184965465909507,False,False,0.8064358508070056
difficulty_level,1,medium,0.6408330226848769,4,5,gap,7,0.7163139769228621,True,False,0.7427997112892795
difficulty_level,1,medium,0.6408330226848769,4,5,davies_bouldin,3,0.30747995372190895,False,False,0.3965969864109773
difficulty_level,1,medium,0.6408330226848769,4,5,davies_bouldin,4,0.339613798544629,False,False,0.5528457147167407
difficulty_level,1,medium,0.6408330226848769,4,5,davies_bouldin,5,0.36853515533950737,False,True,0.6408330226848769
difficulty_level,1,medium,0.6408330226848769,4,5,davies_bouldin,6,0.3778980707955405,False,False,0.8064358508070056
difficulty_level,1,medium,0.6408330226848769,4,5,davies_bouldin,7,0.41632451428386513,True,False,0.7427997112892795
difficulty_level,1,medium,0.6408330226848769,4,5,calinski_harabasz,3,283.06531477470327,False,False,0.3965969864109773
difficulty_level,1,medium,0.6408330226848769,4,5,calinski_harabasz,4,303.7022936681282,False,False,0.5528457147167407
difficulty_level,1,medium,0.6408330226848769,4,5,calinski_harabasz,5,318.2843360190522,False,True,0.6408330226848769
difficulty_level,1,medium,0.6408330226848769,4,5,calinski_harabasz,6,342.68403923575147,False,False,0.8064358508070056
difficulty_level,1,medium,0.6408330226848769,4,5,calinski_harabasz,7,351.7820447500071,True,False,0.7427997112892795
difficulty_level,1,medium,1.0,5,5,accuracy_generalizability,3,1.0,True,False,0.6795374854124794
difficulty_level,1,medium,1.0,5,5,accuracy_generalizability,4,0.9748760366749243,False,False,0.8477830161512718
difficulty_level,1,medium,1.0,5,5,accuracy_generalizability,5,0.9916866242584709,False,True,1.0
difficulty_level,1,medium,1.0,5,5,accuracy_generalizability,6,0.9492521632685205,False,False,0.9378596497177553
difficulty_level,1,medium,1.0,5,5,accuracy_generalizability,7,0.827993699560293,False,False,0.9034069090312729
difficulty_level,1,medium,1.0,5,5,ari_average,3,1.0,True,False,0.6795374854124794
difficulty_level,1,medium,1.0,5,5,ari_average,4,0.9824631272591426,False,False,0.8477830161512718
difficulty_level,1,medium,1.0,5,5,ari_average,5,0.9917397591832325,False,True,1.0
difficulty_level,1,medium,1.0,5,5,ari_average,6,0.9515173261253246,False,False,0.9378596497177553
difficulty_level,1,medium,1.0,5,5,ari_average,7,0.8220037190098489,False,False,0.9034069090312729
difficulty_level,1,medium,1.0,5,5,ari_average_1se,3,1.0,True,False,0.6795374854124794
difficulty_level,1,medium,1.0,5,5,ari_average_1se,4,0.9824631272591426,False,False,0.8477830161512718
difficulty_level,1,medium,1.0,5,5,ari_average_1se,5,0.9917397591832325,False,True,1.0
difficulty_level,1,medium,1.0,5,5,ari_average_1se,6,0.9515173261253246,False,False,0.9378596497177553
difficulty_level,1,medium,1.0,5,5,ari_average_1se,7,0.8220037190098489,False,False,0.9034069090312729
difficulty_level,1,medium,1.0,5,5,ari_average_quant,3,1.0,True,False,0.6795374854124794
difficulty_level,1,medium,1.0,5,5,ari_average_quant,4,0.9824631272591426,False,False,0.8477830161512718
difficulty_level,1,medium,1.0,5,5,ari_average_quant,5,0.9917397591832325,False,True,1.0
difficulty_level,1,medium,1.0,5,5,ari_average_quant,6,0.9515173261253246,False,False,0.9378596497177553
difficulty_level,1,medium,1.0,5,5,ari_average_quant,7,0.8220037190098489,False,False,0.9034069090312729
difficulty_level,1,medium,1.0,5,5,ari_generalizability,3,1.0,True,False,0.6795374854124794
difficulty_level,1,medium,1.0,5,5,ari_generalizability,4,0.9682790597032038,False,False,0.8477830161512718
difficulty_level,1,medium,1.0,5,5,ari_generalizability,5,0.9878839967363003,False,True,1.0
difficulty_level,1,medium,1.0,5,5,ari_generalizability,6,0.9489559378627971,False,False,0.9378596497177553
difficulty_level,1,medium,1.0,5,5,ari_generalizability,7,0.8147700820447941,False,False,0.9034069090312729
difficulty_level,1,medium,1.0,5,5,ari_generalizability_1se,3,1.0,True,False,0.6795374854124794
difficulty_level,1,medium,1.0,5,5,ari_generalizability_1se,4,0.9682790597032038,False,False,0.8477830161512718
difficulty_level,1,medium,1.0,5,5,ari_generalizability_1se,5,0.9878839967363003,False,True,1.0
difficulty_level,1,medium,1.0,5,5,ari_generalizability_1se,6,0.9489559378627971,False,False,0.9378596497177553
difficulty_level,1,medium,1.0,5,5,ari_generalizability_1se,7,0.8147700820447941,False,False,0.9034069090312729
difficulty_level,1,medium,1.0,5,5,ari_generalizability_quant,3,1.0,True,False,0.6795374854124794
difficulty_level,1,medium,1.0,5,5,ari_generalizability_quant,4,0.9682790597032038,False,False,0.8477830161512718
difficulty_level,1,medium,1.0,5,5,ari_generalizability_quant,5,0.9878839967363003,False,True,1.0
difficulty_level,1,medium,1.0,5,5,ari_generalizability_quant,6,0.9489559378627971,False,False,0.9378596497177553
difficulty_level,1,medium,1.0,5,5,ari_generalizability_quant,7,0.8147700820447941,False,False,0.9034069090312729
difficulty_level,1,medium,1.0,5,5,ari_stability,3,1.0,True,False,0.6795374854124794
difficulty_level,1,medium,1.0,5,5,ari_stability,4,0.9966471948150816,False,False,0.8477830161512718
difficulty_level,1,medium,1.0,5,5,ari_stability,5,0.9955955216301645,False,True,1.0
difficulty_level,1,medium,1.0,5,5,ari_stability,6,0.9540787143878524,False,False,0.9378596497177553
difficulty_level,1,medium,1.0,5,5,ari_stability,7,0.8292373559749039,False,False,0.9034069090312729
difficulty_level,1,medium,1.0,5,5,ari_stability_1se,3,1.0,True,False,0.6795374854124794
difficulty_level,1,medium,1.0,5,5,ari_stability_1se,4,0.9966471948150816,False,False,0.8477830161512718
difficulty_level,1,medium,1.0,5,5,ari_stability_1se,5,0.9955955216301645,False,True,1.0
difficulty_level,1,medium,1.0,5,5,ari_stability_1se,6,0.9540787143878524,False,False,0.9378596497177553
difficulty_level,1,medium,1.0,5,5,ari_stability_1se,7,0.8292373559749039,False,False,0.9034069090312729
difficulty_level,1,medium,1.0,5,5,ari_stability_quant,3,1.0,True,False,0.6795374854124794
difficulty_level,1,medium,1.0,5,5,ari_stability_quant,4,0.9966471948150816,False,False,0.8477830161512718
difficulty_level,1,medium,1.0,5,5,ari_stability_quant,5,0.9955955216301645,False,True,1.0
difficulty_level,1,medium,1.0,5,5,ari_stability_quant,6,0.9540787143878524,False,False,0.9378596497177553
difficulty_level,1,medium,1.0,5,5,ari_stability_quant,7,0.8292373559749039,False,False,0.9034069090312729
difficulty_level,1,medium,1.0,5,5,consensus_ce_stability,3,0.9999999999586944,True,False,0.6795374854124794
difficulty_level,1,medium,1.0,5,5,consensus_ce_stability,4,0.9999999999586944,False,False,0.8477830161512718
difficulty_level,1,medium,1.0,5,5,consensus_ce_stability,5,0.9953429270053311,False,True,1.0
difficulty_level,1,medium,1.0,5,5,consensus_ce_stability,6,0.9685000575975491,False,False,0.9378596497177553
difficulty_level,1,medium,1.0,5,5,consensus_ce_stability,7,0.9028429425054729,False,False,0.9034069090312729
difficulty_level,1,medium,1.0,5,5,consensus_gini_stability,3,1.0,True,False,0.6795374854124794
difficulty_level,1,medium,1.0,5,5,consensus_gini_stability,4,1.0,False,False,0.8477830161512718
difficulty_level,1,medium,1.0,5,5,consensus_gini_stability,5,0.9970923390693649,False,True,1.0
difficulty_level,1,medium,1.0,5,5,consensus_gini_stability,6,0.9745010112622019,False,False,0.9378596497177553
difficulty_level,1,medium,1.0,5,5,consensus_gini_stability,7,0.9121653331340297,False,False,0.9034069090312729
difficulty_level,1,medium,1.0,5,5,consensus_pac_stability,3,1.0,True,False,0.6795374854124794
difficulty_level,1,medium,1.0,5,5,consensus_pac_stability,4,1.0,False,False,0.8477830161512718
difficulty_level,1,medium,1.0,5,5,consensus_pac_stability,5,0.9957328664332166,False,True,1.0
difficulty_level,1,medium,1.0,5,5,consensus_pac_stability,6,0.9610390195097549,False,False,0.9378596497177553
difficulty_level,1,medium,1.0,5,5,consensus_pac_stability,7,0.8751000500250126,False,False,0.9034069090312729
difficulty_level,1,medium,1.0,5,5,silhouette,3,0.23387291679416405,False,False,0.6795374854124794
difficulty_level,1,medium,1.0,5,5,silhouette,4,0.26788547674937724,False,False,0.8477830161512718
difficulty_level,1,medium,1.0,5,5,silhouette,5,0.3091533476552599,False,True,1.0
difficulty_level,1,medium,1.0,5,5,silhouette,6,0.3332961206895178,False,False,0.9378596497177553
difficulty_level,1,medium,1.0,5,5,silhouette,7,0.3496310275955727,True,False,0.90336168022619
difficulty_level,1,medium,1.0,5,5,gap,3,0.36725012883246144,False,False,0.6795374854124794
difficulty_level,1,medium,1.0,5,5,gap,4,0.4840733691955279,False,False,0.8477830161512718
difficulty_level,1,medium,1.0,5,5,gap,5,0.6001523836670994,False,True,1.0
difficulty_level,1,medium,1.0,5,5,gap,6,0.6913006123176579,False,False,0.9378596497177553
difficulty_level,1,medium,1.0,5,5,gap,7,0.7672038761227409,True,False,0.90336168022619
difficulty_level,1,medium,1.0,5,5,davies_bouldin,3,0.33688055257360777,False,False,0.6795374854124794
difficulty_level,1,medium,1.0,5,5,davies_bouldin,4,0.3683651979581445,False,False,0.8477830161512718
difficulty_level,1,medium,1.0,5,5,davies_bouldin,5,0.37677785167303657,False,True,1.0
difficulty_level,1,medium,1.0,5,5,davies_bouldin,6,0.397906779619871,False,False,0.9378596497177553
difficulty_level,1,medium,1.0,5,5,davies_bouldin,7,0.42115953658383964,True,False,0.90336168022619
difficulty_level,1,medium,1.0,5,5,calinski_harabasz,3,384.5780677195292,True,False,0.6795374854124794
difficulty_level,1,medium,1.0,5,5,calinski_harabasz,4,376.8863112534901,False,False,0.8477830161512718
difficulty_level,1,medium,1.0,5,5,calinski_harabasz,5,383.51618406196775,False,True,1.0
difficulty_level,1,medium,1.0,5,5,calinski_harabasz,6,377.64603800577254,False,False,0.9378596497177553
difficulty_level,1,medium,1.0,5,5,calinski_harabasz,7,368.6110139925586,False,False,0.90336168022619
difficulty_level,1,medium,0.8819873475788763,6,5,accuracy_generalizability,3,0.8159501278934904,False,False,0.5317683707727338
difficulty_level,1,medium,0.8819873475788763,6,5,accuracy_generalizability,4,0.9734834596643097,False,False,0.8580440900300117
difficulty_level,1,medium,0.8819873475788763,6,5,accuracy_generalizability,5,0.9787650157184187,True,True,1.0
difficulty_level,1,medium,0.8819873475788763,6,5,accuracy_generalizability,6,0.8820039913255616,False,False,0.9567257993219787
difficulty_level,1,medium,0.8819873475788763,6,5,accuracy_generalizability,7,0.9027787571109516,False,False,0.8861766103253756
difficulty_level,1,medium,0.8819873475788763,6,5,ari_average,3,0.658269674137856,False,False,0.5317683707727338
difficulty_level,1,medium,0.8819873475788763,6,5,ari_average,4,0.9491731789004745,False,False,0.8580440900300117
difficulty_level,1,medium,0.8819873475788763,6,5,ari_average,5,0.966259451153389,True,True,1.0
difficulty_level,1,medium,0.8819873475788763,6,5,ari_average,6,0.9056606203516915,False,False,0.9567257993219787
difficulty_level,1,medium,0.8819873475788763,6,5,ari_average,7,0.9177776637154943,False,False,0.8861766103253756
difficulty_level,1,medium,0.8819873475788763,6,5,ari_average_1se,3,0.658269674137856,False,False,0.5317683707727338
difficulty_level,1,medium,0.8819873475788763,6,5,ari_average_1se,4,0.9491731789004745,False,False,0.8580440900300117
difficulty_level,1,medium,0.8819873475788763,6,5,ari_average_1se,5,0.966259451153389,True,True,1.0
difficulty_level,1,medium,0.8819873475788763,6,5,ari_average_1se,6,0.9056606203516915,False,False,0.9567257993219787
difficulty_level,1,medium,0.8819873475788763,6,5,ari_average_1se,7,0.9177776637154943,False,False,0.8861766103253756
difficulty_level,1,medium,0.8819873475788763,6,5,ari_average_quant,3,0.658269674137856,False,False,0.5317683707727338
difficulty_level,1,medium,0.8819873475788763,6,5,ari_average_quant,4,0.9491731789004745,False,False,0.8580440900300117
difficulty_level,1,medium,0.8819873475788763,6,5,ari_average_quant,5,0.966259451153389,False,True,1.0
difficulty_level,1,medium,0.8819873475788763,6,5,ari_average_quant,6,0.9056606203516915,False,False,0.9567257993219787
difficulty_level,1,medium,0.8819873475788763,6,5,ari_average_quant,7,0.9177776637154943,True,False,0.8861766103253756
difficulty_level,1,medium,0.8819873475788763,6,5,ari_generalizability,3,0.6415249913371426,False,False,0.5317683707727338
difficulty_level,1,medium,0.8819873475788763,6,5,ari_generalizability,4,0.9386881085411499,False,False,0.8580440900300117
difficulty_level,1,medium,0.8819873475788763,6,5,ari_generalizability,5,0.9593338206523612,True,True,1.0
difficulty_level,1,medium,0.8819873475788763,6,5,ari_generalizability,6,0.8941825292227764,False,False,0.9567257993219787
difficulty_level,1,medium,0.8819873475788763,6,5,ari_generalizability,7,0.906599965690163,False,False,0.8861766103253756
difficulty_level,1,medium,0.8819873475788763,6,5,ari_generalizability_1se,3,0.6415249913371426,False,False,0.5317683707727338
difficulty_level,1,medium,0.8819873475788763,6,5,ari_generalizability_1se,4,0.9386881085411499,False,False,0.8580440900300117
difficulty_level,1,medium,0.8819873475788763,6,5,ari_generalizability_1se,5,0.9593338206523612,True,True,1.0
difficulty_level,1,medium,0.8819873475788763,6,5,ari_generalizability_1se,6,0.8941825292227764,False,False,0.9567257993219787
difficulty_level,1,medium,0.8819873475788763,6,5,ari_generalizability_1se,7,0.906599965690163,False,False,0.8861766103253756
difficulty_level,1,medium,0.8819873475788763,6,5,ari_generalizability_quant,3,0.6415249913371426,False,False,0.5317683707727338
difficulty_level,1,medium,0.8819873475788763,6,5,ari_generalizability_quant,4,0.9386881085411499,False,False,0.8580440900300117
difficulty_level,1,medium,0.8819873475788763,6,5,ari_generalizability_quant,5,0.9593338206523612,False,True,1.0
difficulty_level,1,medium,0.8819873475788763,6,5,ari_generalizability_quant,6,0.8941825292227764,False,False,0.9567257993219787
difficulty_level,1,medium,0.8819873475788763,6,5,ari_generalizability_quant,7,0.906599965690163,True,False,0.8861766103253756
difficulty_level,1,medium,0.8819873475788763,6,5,ari_stability,3,0.6750143569385689,False,False,0.5317683707727338
difficulty_level,1,medium,0.8819873475788763,6,5,ari_stability,4,0.9596582492597991,False,False,0.8580440900300117
difficulty_level,1,medium,0.8819873475788763,6,5,ari_stability,5,0.9731850816544168,True,True,1.0
difficulty_level,1,medium,0.8819873475788763,6,5,ari_stability,6,0.9171387114806063,False,False,0.9567257993219787
difficulty_level,1,medium,0.8819873475788763,6,5,ari_stability,7,0.9289553617408259,False,False,0.8861766103253756
difficulty_level,1,medium,0.8819873475788763,6,5,ari_stability_1se,3,0.6750143569385689,False,False,0.5317683707727338
difficulty_level,1,medium,0.8819873475788763,6,5,ari_stability_1se,4,0.9596582492597991,False,False,0.8580440900300117
difficulty_level,1,medium,0.8819873475788763,6,5,ari_stability_1se,5,0.9731850816544168,True,True,1.0
difficulty_level,1,medium,0.8819873475788763,6,5,ari_stability_1se,6,0.9171387114806063,False,False,0.9567257993219787
difficulty_level,1,medium,0.8819873475788763,6,5,ari_stability_1se,7,0.9289553617408259,False,False,0.8861766103253756
difficulty_level,1,medium,0.8819873475788763,6,5,ari_stability_quant,3,0.6750143569385689,False,False,0.5317683707727338
difficulty_level,1,medium,0.8819873475788763,6,5,ari_stability_quant,4,0.9596582492597991,False,False,0.8580440900300117
difficulty_level,1,medium,0.8819873475788763,6,5,ari_stability_quant,5,0.9731850816544168,False,True,1.0
difficulty_level,1,medium,0.8819873475788763,6,5,ari_stability_quant,6,0.9171387114806063,False,False,0.9567257993219787
difficulty_level,1,medium,0.8819873475788763,6,5,ari_stability_quant,7,0.9289553617408259,True,False,0.8861766103253756
difficulty_level,1,medium,0.8819873475788763,6,5,consensus_ce_stability,3,0.756101369962827,False,False,0.5317683707727338
difficulty_level,1,medium,0.8819873475788763,6,5,consensus_ce_stability,4,0.9676991021090914,False,False,0.8580440900300117
difficulty_level,1,medium,0.8819873475788763,6,5,consensus_ce_stability,5,0.9799063333578654,True,True,1.0
difficulty_level,1,medium,0.8819873475788763,6,5,consensus_ce_stability,6,0.9471717226472354,False,False,0.9567257993219787
difficulty_level,1,medium,0.8819873475788763,6,5,consensus_ce_stability,7,0.9578431218878636,False,False,0.8861766103253756
difficulty_level,1,medium,0.8819873475788763,6,5,consensus_gini_stability,3,0.7738707069939138,False,False,0.5317683707727338
difficulty_level,1,medium,0.8819873475788763,6,5,consensus_gini_stability,4,0.976860557760524,False,False,0.8580440900300117
difficulty_level,1,medium,0.8819873475788763,6,5,consensus_gini_stability,5,0.9856140503139132,True,True,1.0
difficulty_level,1,medium,0.8819873475788763,6,5,consensus_gini_stability,6,0.9518107648172797,False,False,0.9567257993219787
difficulty_level,1,medium,0.8819873475788763,6,5,consensus_gini_stability,7,0.9621484238355628,False,False,0.8861766103253756
difficulty_level,1,medium,0.8819873475788763,6,5,consensus_pac_stability,3,0.7040095047523762,False,False,0.5317683707727338
difficulty_level,1,medium,0.8819873475788763,6,5,consensus_pac_stability,4,0.945256628314157,False,False,0.8580440900300117
difficulty_level,1,medium,0.8819873475788763,6,5,consensus_pac_stability,5,0.9647403701850925,True,True,1.0
difficulty_level,1,medium,0.8819873475788763,6,5,consensus_pac_stability,6,0.9357568784392196,False,False,0.9567257993219787
difficulty_level,1,medium,0.8819873475788763,6,5,consensus_pac_stability,7,0.9503036518259129,False,False,0.8861766103253756
difficulty_level,1,medium,0.8819873475788763,6,5,silhouette,3,0.2063701423658166,False,False,0.574222181667396
difficulty_level,1,medium,0.8819873475788763,6,5,silhouette,4,0.26578821621496296,False,False,0.7956417846570707
difficulty_level,1,medium,0.8819873475788763,6,5,silhouette,5,0.3086818355537558,False,True,0.8819873475788763
difficulty_level,1,medium,0.8819873475788763,6,5,silhouette,6,0.3382481078006795,False,False,0.8592388898669311
difficulty_level,1,medium,0.8819873475788763,6,5,silhouette,7,0.36284619196095286,True,False,0.887668986825163
difficulty_level,1,medium,0.8819873475788763,6,5,gap,3,0.2729755657764592,False,False,0.574222181667396
difficulty_level,1,medium,0.8819873475788763,6,5,gap,4,0.4184142715475847,False,False,0.7956417846570707
difficulty_level,1,medium,0.8819873475788763,6,5,gap,5,0.5330514274119071,False,True,0.8819873475788763
difficulty_level,1,medium,0.8819873475788763,6,5,gap,6,0.6307365537969414,False,False,0.8592388898669311
difficulty_level,1,medium,0.8819873475788763,6,5,gap,7,0.7231224527382629,True,False,0.887668986825163
difficulty_level,1,medium,0.8819873475788763,6,5,davies_bouldin,3,0.3539331248280423,False,False,0.574222181667396
difficulty_level,1,medium,0.8819873475788763,6,5,davies_bouldin,4,0.3524179133664339,False,False,0.7956417846570707
difficulty_level,1,medium,0.8819873475788763,6,5,davies_bouldin,5,0.381211073652443,False,True,0.8819873475788763
difficulty_level,1,medium,0.8819873475788763,6,5,davies_bouldin,6,0.37993845548059985,False,False,0.8592388898669311
difficulty_level,1,medium,0.8819873475788763,6,5,davies_bouldin,7,0.423513030383238,True,False,0.887668986825163
difficulty_level,1,medium,0.8819873475788763,6,5,calinski_harabasz,3,348.1013246559334,False,False,0.574222181667396
difficulty_level,1,medium,0.8819873475788763,6,5,calinski_harabasz,4,380.08115494525197,False,False,0.7956417846570707
difficulty_level,1,medium,0.8819873475788763,6,5,calinski_harabasz,5,385.58521793834365,False,True,0.8819873475788763
difficulty_level,1,medium,0.8819873475788763,6,5,calinski_harabasz,6,384.9738207742035,False,False,0.8592388898669311
difficulty_level,1,medium,0.8819873475788763,6,5,calinski_harabasz,7,387.1107730208158,True,False,0.887668986825163
difficulty_level,1,medium,0.7501881715773057,7,5,accuracy_generalizability,3,0.9943718823247886,False,False,0.6387101804153706
difficulty_level,1,medium,0.7501881715773057,7,5,accuracy_generalizability,4,1.0,True,False,0.8870986953256987
difficulty_level,1,medium,0.7501881715773057,7,5,accuracy_generalizability,5,0.8177409380907218,False,True,1.0
difficulty_level,1,medium,0.7501881715773057,7,5,accuracy_generalizability,6,0.9272969315763225,False,False,0.8627161392572482
difficulty_level,1,medium,0.7501881715773057,7,5,accuracy_generalizability,7,0.8660407594960022,False,False,0.8204078372525002
difficulty_level,1,medium,0.7501881715773057,7,5,ari_average,3,0.9951267689318933,False,False,0.6387101804153706
difficulty_level,1,medium,0.7501881715773057,7,5,ari_average,4,1.0,True,False,0.8870986953256987
difficulty_level,1,medium,0.7501881715773057,7,5,ari_average,5,0.8159811414290091,False,True,1.0
difficulty_level,1,medium,0.7501881715773057,7,5,ari_average,6,0.8951266287126012,False,False,0.8627161392572482
difficulty_level,1,medium,0.7501881715773057,7,5,ari_average,7,0.8673963193437207,False,False,0.8204078372525002
difficulty_level,1,medium,0.7501881715773057,7,5,ari_average_1se,3,0.9951267689318933,False,False,0.6387101804153706
difficulty_level,1,medium,0.7501881715773057,7,5,ari_average_1se,4,1.0,True,False,0.8870986953256987
difficulty_level,1,medium,0.7501881715773057,7,5,ari_average_1se,5,0.8159811414290091,False,True,1.0
difficulty_level,1,medium,0.7501881715773057,7,5,ari_average_1se,6,0.8951266287126012,False,False,0.8627161392572482
difficulty_level,1,medium,0.7501881715773057,7,5,ari_average_1se,7,0.8673963193437207,False,False,0.8204078372525002
difficulty_level,1,medium,0.7501881715773057,7,5,ari_average_quant,3,0.9951267689318933,False,False,0.6387101804153706
difficulty_level,1,medium,0.7501881715773057,7,5,ari_average_quant,4,1.0,True,False,0.8870986953256987
difficulty_level,1,medium,0.7501881715773057,7,5,ari_average_quant,5,0.8159811414290091,False,True,1.0
difficulty_level,1,medium,0.7501881715773057,7,5,ari_average_quant,6,0.8951266287126012,False,False,0.8627161392572482
difficulty_level,1,medium,0.7501881715773057,7,5,ari_average_quant,7,0.8673963193437207,False,False,0.8204078372525002
difficulty_level,1,medium,0.7501881715773057,7,5,ari_generalizability,3,0.9902535378637864,False,False,0.6387101804153706
difficulty_level,1,medium,0.7501881715773057,7,5,ari_generalizability,4,1.0,True,False,0.8870986953256987
difficulty_level,1,medium,0.7501881715773057,7,5,ari_generalizability,5,0.7973344037416459,False,True,1.0
difficulty_level,1,medium,0.7501881715773057,7,5,ari_generalizability,6,0.8896031223156718,False,False,0.8627161392572482
difficulty_level,1,medium,0.7501881715773057,7,5,ari_generalizability,7,0.8571463635697397,False,False,0.8204078372525002
difficulty_level,1,medium,0.7501881715773057,7,5,ari_generalizability_1se,3,0.9902535378637864,False,False,0.6387101804153706
difficulty_level,1,medium,0.7501881715773057,7,5,ari_generalizability_1se,4,1.0,True,False,0.8870986953256987
difficulty_level,1,medium,0.7501881715773057,7,5,ari_generalizability_1se,5,0.7973344037416459,False,True,1.0
difficulty_level,1,medium,0.7501881715773057,7,5,ari_generalizability_1se,6,0.8896031223156718,False,False,0.8627161392572482
difficulty_level,1,medium,0.7501881715773057,7,5,ari_generalizability_1se,7,0.8571463635697397,False,False,0.8204078372525002
difficulty_level,1,medium,0.7501881715773057,7,5,ari_generalizability_quant,3,0.9902535378637864,False,False,0.6387101804153706
difficulty_level,1,medium,0.7501881715773057,7,5,ari_generalizability_quant,4,1.0,True,False,0.8870986953256987
difficulty_level,1,medium,0.7501881715773057,7,5,ari_generalizability_quant,5,0.7973344037416459,False,True,1.0
difficulty_level,1,medium,0.7501881715773057,7,5,ari_generalizability_quant,6,0.8896031223156718,False,False,0.8627161392572482
difficulty_level,1,medium,0.7501881715773057,7,5,ari_generalizability_quant,7,0.8571463635697397,False,False,0.8204078372525002
difficulty_level,1,medium,0.7501881715773057,7,5,ari_stability,3,1.0,True,False,0.6387101804153706
difficulty_level,1,medium,0.7501881715773057,7,5,ari_stability,4,1.0,False,False,0.8870986953256987
difficulty_level,1,medium,0.7501881715773057,7,5,ari_stability,5,0.8346278791163725,False,True,1.0
difficulty_level,1,medium,0.7501881715773057,7,5,ari_stability,6,0.90065013510953,False,False,0.8627161392572482
difficulty_level,1,medium,0.7501881715773057,7,5,ari_stability,7,0.8776462751177013,False,False,0.8204078372525002
difficulty_level,1,medium,0.7501881715773057,7,5,ari_stability_1se,3,1.0,False,False,0.6387101804153706
difficulty_level,1,medium,0.7501881715773057,7,5,ari_stability_1se,4,1.0,True,False,0.8870986953256987
difficulty_level,1,medium,0.7501881715773057,7,5,ari_stability_1se,5,0.8346278791163725,False,True,1.0
difficulty_level,1,medium,0.7501881715773057,7,5,ari_stability_1se,6,0.90065013510953,False,False,0.8627161392572482
difficulty_level,1,medium,0.7501881715773057,7,5,ari_stability_1se,7,0.8776462751177013,False,False,0.8204078372525002
difficulty_level,1,medium,0.7501881715773057,7,5,ari_stability_quant,3,1.0,False,False,0.6387101804153706
difficulty_level,1,medium,0.7501881715773057,7,5,ari_stability_quant,4,1.0,True,False,0.8870986953256987
difficulty_level,1,medium,0.7501881715773057,7,5,ari_stability_quant,5,0.8346278791163725,False,True,1.0
difficulty_level,1,medium,0.7501881715773057,7,5,ari_stability_quant,6,0.90065013510953,False,False,0.8627161392572482
difficulty_level,1,medium,0.7501881715773057,7,5,ari_stability_quant,7,0.8776462751177013,False,False,0.8204078372525002
difficulty_level,1,medium,0.7501881715773057,7,5,consensus_ce_stability,3,0.9999999999586945,True,False,0.6387101804153706
difficulty_level,1,medium,0.7501881715773057,7,5,consensus_ce_stability,4,0.9999999999586944,False,False,0.8870986953256987
difficulty_level,1,medium,0.7501881715773057,7,5,consensus_ce_stability,5,0.896398104538097,False,True,1.0
difficulty_level,1,medium,0.7501881715773057,7,5,consensus_ce_stability,6,0.9393971774745818,False,False,0.8627161392572482
difficulty_level,1,medium,0.7501881715773057,7,5,consensus_ce_stability,7,0.9270542275674746,False,False,0.8204078372525002
difficulty_level,1,medium,0.7501881715773057,7,5,consensus_gini_stability,3,1.0,True,False,0.6387101804153706
difficulty_level,1,medium,0.7501881715773057,7,5,consensus_gini_stability,4,1.0,False,False,0.8870986953256987
difficulty_level,1,medium,0.7501881715773057,7,5,consensus_gini_stability,5,0.9005530523470534,False,True,1.0
difficulty_level,1,medium,0.7501881715773057,7,5,consensus_gini_stability,6,0.9432395731563288,False,False,0.8627161392572482
difficulty_level,1,medium,0.7501881715773057,7,5,consensus_gini_stability,7,0.9330712534669737,False,False,0.8204078372525002
difficulty_level,1,medium,0.7501881715773057,7,5,consensus_pac_stability,3,1.0,True,False,0.6387101804153706
difficulty_level,1,medium,0.7501881715773057,7,5,consensus_pac_stability,4,1.0,False,False,0.8870986953256987
difficulty_level,1,medium,0.7501881715773057,7,5,consensus_pac_stability,5,0.8825167583791896,False,True,1.0
difficulty_level,1,medium,0.7501881715773057,7,5,consensus_pac_stability,6,0.9276833416708354,False,False,0.8627161392572482
difficulty_level,1,medium,0.7501881715773057,7,5,consensus_pac_stability,7,0.9064572286143071,False,False,0.8204078372525002
difficulty_level,1,medium,0.7501881715773057,7,5,silhouette,3,0.19922901891200465,False,False,0.6387101804153706
difficulty_level,1,medium,0.7501881715773057,7,5,silhouette,4,0.2509287845235259,False,False,0.8870986953256987
difficulty_level,1,medium,0.7501881715773057,7,5,silhouette,5,0.2771005505898939,False,True,0.7501881715773057
difficulty_level,1,medium,0.7501881715773057,7,5,silhouette,6,0.31287757501764807,False,False,0.8618615804740546
difficulty_level,1,medium,0.7501881715773057,7,5,silhouette,7,0.33319668350639403,True,False,0.8191677945598497
difficulty_level,1,medium,0.7501881715773057,7,5,gap,3,0.4115078751989252,False,False,0.6387101804153706
difficulty_level,1,medium,0.7501881715773057,7,5,gap,4,0.5293280529238444,False,False,0.8870986953256987
difficulty_level,1,medium,0.7501881715773057,7,5,gap,5,0.6362478074997302,False,True,0.7501881715773057
difficulty_level,1,medium,0.7501881715773057,7,5,gap,6,0.7496607203072667,False,False,0.8618615804740546
difficulty_level,1,medium,0.7501881715773057,7,5,gap,7,0.8313944073024739,True,False,0.8191677945598497
difficulty_level,1,medium,0.7501881715773057,7,5,davies_bouldin,3,0.3258578728545125,False,False,0.6387101804153706
difficulty_level,1,medium,0.7501881715773057,7,5,davies_bouldin,4,0.3426916992856748,False,False,0.8870986953256987
difficulty_level,1,medium,0.7501881715773057,7,5,davies_bouldin,5,0.3662238406849629,False,True,0.7501881715773057
difficulty_level,1,medium,0.7501881715773057,7,5,davies_bouldin,6,0.38863210951324645,False,False,0.8618615804740546
difficulty_level,1,medium,0.7501881715773057,7,5,davies_bouldin,7,0.4129539463491878,True,False,0.8191677945598497
difficulty_level,1,medium,0.7501881715773057,7,5,calinski_harabasz,3,321.77982146096787,False,False,0.6387101804153706
difficulty_level,1,medium,0.7501881715773057,7,5,calinski_harabasz,4,333.41412913593524,False,False,0.8870986953256987
difficulty_level,1,medium,0.7501881715773057,7,5,calinski_harabasz,5,338.8217406131139,False,True,0.7501881715773057
difficulty_level,1,medium,0.7501881715773057,7,5,calinski_harabasz,6,354.78123466328395,True,False,0.8618615804740546
difficulty_level,1,medium,0.7501881715773057,7,5,calinski_harabasz,7,351.7623395981626,False,False,0.8191677945598497
difficulty_level,1,medium,1.0,8,5,accuracy_generalizability,3,0.9998158167698702,True,False,0.7202052799726972
difficulty_level,1,medium,1.0,8,5,accuracy_generalizability,4,0.9516256142317743,False,False,0.8922026338598994
difficulty_level,1,medium,1.0,8,5,accuracy_generalizability,5,0.9991905795203119,False,True,1.0
difficulty_level,1,medium,1.0,8,5,accuracy_generalizability,6,0.8884134443274649,False,False,0.9161614422400485
difficulty_level,1,medium,1.0,8,5,accuracy_generalizability,7,0.8841848156672555,False,False,0.8742322148919237
difficulty_level,1,medium,1.0,8,5,ari_average,3,0.9997413342049758,True,False,0.7202052799726972
difficulty_level,1,medium,1.0,8,5,ari_average,4,0.9454406503602477,False,False,0.8922026338598994
difficulty_level,1,medium,1.0,8,5,ari_average,5,0.9994082645347475,False,True,1.0
difficulty_level,1,medium,1.0,8,5,ari_average,6,0.9150892277602598,False,False,0.9161614422400485
difficulty_level,1,medium,1.0,8,5,ari_average,7,0.8750528482471787,False,False,0.8742322148919237
difficulty_level,1,medium,1.0,8,5,ari_average_1se,3,0.9997413342049758,True,False,0.7202052799726972
difficulty_level,1,medium,1.0,8,5,ari_average_1se,4,0.9454406503602477,False,False,0.8922026338598994
difficulty_level,1,medium,1.0,8,5,ari_average_1se,5,0.9994082645347475,False,True,1.0
difficulty_level,1,medium,1.0,8,5,ari_average_1se,6,0.9150892277602598,False,False,0.9161614422400485
difficulty_level,1,medium,1.0,8,5,ari_average_1se,7,0.8750528482471787,False,False,0.8742322148919237
difficulty_level,1,medium,1.0,8,5,ari_average_quant,3,0.9997413342049758,True,False,0.7202052799726972
difficulty_level,1,medium,1.0,8,5,ari_average_quant,4,0.9454406503602477,False,False,0.8922026338598994
difficulty_level,1,medium,1.0,8,5,ari_average_quant,5,0.9994082645347475,False,True,1.0
difficulty_level,1,medium,1.0,8,5,ari_average_quant,6,0.9150892277602598,False,False,0.9161614422400485
difficulty_level,1,medium,1.0,8,5,ari_average_quant,7,0.8750528482471787,False,False,0.8742322148919237
difficulty_level,1,medium,1.0,8,5,ari_generalizability,3,0.9994826684099516,True,False,0.7202052799726972
difficulty_level,1,medium,1.0,8,5,ari_generalizability,4,0.9268340910474187,False,False,0.8922026338598994
difficulty_level,1,medium,1.0,8,5,ari_generalizability,5,0.998816529069495,False,True,1.0
difficulty_level,1,medium,1.0,8,5,ari_generalizability,6,0.9038802599458973,False,False,0.9161614422400485
difficulty_level,1,medium,1.0,8,5,ari_generalizability,7,0.8616272709993283,False,False,0.8742322148919237
difficulty_level,1,medium,1.0,8,5,ari_generalizability_1se,3,0.9994826684099516,True,False,0.7202052799726972
difficulty_level,1,medium,1.0,8,5,ari_generalizability_1se,4,0.9268340910474187,False,False,0.8922026338598994
difficulty_level,1,medium,1.0,8,5,ari_generalizability_1se,5,0.998816529069495,False,True,1.0
difficulty_level,1,medium,1.0,8,5,ari_generalizability_1se,6,0.9038802599458973,False,False,0.9161614422400485
difficulty_level,1,medium,1.0,8,5,ari_generalizability_1se,7,0.8616272709993283,False,False,0.8742322148919237
difficulty_level,1,medium,1.0,8,5,ari_generalizability_quant,3,0.9994826684099516,True,False,0.7202052799726972
difficulty_level,1,medium,1.0,8,5,ari_generalizability_quant,4,0.9268340910474187,False,False,0.8922026338598994
difficulty_level,1,medium,1.0,8,5,ari_generalizability_quant,5,0.998816529069495,False,True,1.0
difficulty_level,1,medium,1.0,8,5,ari_generalizability_quant,6,0.9038802599458973,False,False,0.9161614422400485
difficulty_level,1,medium,1.0,8,5,ari_generalizability_quant,7,0.8616272709993283,False,False,0.8742322148919237
difficulty_level,1,medium,1.0,8,5,ari_stability,3,1.0,True,False,0.7202052799726972
difficulty_level,1,medium,1.0,8,5,ari_stability,4,0.9640472096730766,False,False,0.8922026338598994
difficulty_level,1,medium,1.0,8,5,ari_stability,5,1.0,False,True,1.0
difficulty_level,1,medium,1.0,8,5,ari_stability,6,0.9262981955746225,False,False,0.9161614422400485
difficulty_level,1,medium,1.0,8,5,ari_stability,7,0.8884784254950285,False,False,0.8742322148919237
difficulty_level,1,medium,1.0,8,5,ari_stability_1se,3,1.0,False,False,0.7202052799726972
difficulty_level,1,medium,1.0,8,5,ari_stability_1se,4,0.9640472096730766,False,False,0.8922026338598994
difficulty_level,1,medium,1.0,8,5,ari_stability_1se,5,1.0,True,True,1.0
difficulty_level,1,medium,1.0,8,5,ari_stability_1se,6,0.9262981955746225,False,False,0.9161614422400485
difficulty_level,1,medium,1.0,8,5,ari_stability_1se,7,0.8884784254950285,False,False,0.8742322148919237
difficulty_level,1,medium,1.0,8,5,ari_stability_quant,3,1.0,False,False,0.7202052799726972
difficulty_level,1,medium,1.0,8,5,ari_stability_quant,4,0.9640472096730766,False,False,0.8922026338598994
difficulty_level,1,medium,1.0,8,5,ari_stability_quant,5,1.0,True,True,1.0
difficulty_level,1,medium,1.0,8,5,ari_stability_quant,6,0.9262981955746225,False,False,0.9161614422400485
difficulty_level,1,medium,1.0,8,5,ari_stability_quant,7,0.8884784254950285,False,False,0.8742322148919237
difficulty_level,1,medium,1.0,8,5,consensus_ce_stability,3,0.9999999999586944,True,False,0.7202052799726972
difficulty_level,1,medium,1.0,8,5,consensus_ce_stability,4,0.9524555657620449,False,False,0.8922026338598994
difficulty_level,1,medium,1.0,8,5,consensus_ce_stability,5,0.9999999999586944,False,True,1.0
difficulty_level,1,medium,1.0,8,5,consensus_ce_stability,6,0.9554972931606629,False,False,0.9161614422400485
difficulty_level,1,medium,1.0,8,5,consensus_ce_stability,7,0.9216925028756823,False,False,0.8742322148919237
difficulty_level,1,medium,1.0,8,5,consensus_gini_stability,3,1.0,True,False,0.7202052799726972
difficulty_level,1,medium,1.0,8,5,consensus_gini_stability,4,0.9590418954432465,False,False,0.8922026338598994
difficulty_level,1,medium,1.0,8,5,consensus_gini_stability,5,1.0,False,True,1.0
difficulty_level,1,medium,1.0,8,5,consensus_gini_stability,6,0.9610952083077298,False,False,0.9161614422400485
difficulty_level,1,medium,1.0,8,5,consensus_gini_stability,7,0.9338580652685587,False,False,0.8742322148919237
difficulty_level,1,medium,1.0,8,5,consensus_pac_stability,3,1.0,True,False,0.7202052799726972
difficulty_level,1,medium,1.0,8,5,consensus_pac_stability,4,0.926912456228114,False,False,0.8922026338598994
difficulty_level,1,medium,1.0,8,5,consensus_pac_stability,5,1.0,False,True,1.0
difficulty_level,1,medium,1.0,8,5,consensus_pac_stability,6,0.9469709854927464,False,False,0.9161614422400485
difficulty_level,1,medium,1.0,8,5,consensus_pac_stability,7,0.8777548774387194,False,False,0.8742322148919237
difficulty_level,1,medium,1.0,8,5,silhouette,3,0.26403170998551767,False,False,0.7202052799726972
difficulty_level,1,medium,1.0,8,5,silhouette,4,0.31613873375638785,False,False,0.8922026338598994
difficulty_level,1,medium,1.0,8,5,silhouette,5,0.35010499441876825,False,True,1.0
difficulty_level,1,medium,1.0,8,5,silhouette,6,0.3505796779702366,False,False,0.9161614422400485
difficulty_level,1,medium,1.0,8,5,silhouette,7,0.3701183525720312,True,False,0.8741776350611942
difficulty_level,1,medium,1.0,8,5,gap,3,0.3622889507831637,False,False,0.7202052799726972
difficulty_level,1,medium,1.0,8,5,gap,4,0.4930345694680671,False,False,0.8922026338598994
difficulty_level,1,medium,1.0,8,5,gap,5,0.6027326353704989,False,True,1.0
difficulty_level,1,medium,1.0,8,5,gap,6,0.6925890041803484,False,False,0.9161614422400485
difficulty_level,1,medium,1.0,8,5,gap,7,0.783026755828482,True,False,0.8741776350611942
difficulty_level,1,medium,1.0,8,5,davies_bouldin,3,0.3551659318761595,False,False,0.7202052799726972
difficulty_level,1,medium,1.0,8,5,davies_bouldin,4,0.3642439031898738,False,False,0.8922026338598994
difficulty_level,1,medium,1.0,8,5,davies_bouldin,5,0.3690807365335464,False,True,1.0
difficulty_level,1,medium,1.0,8,5,davies_bouldin,6,0.3855272707564116,False,False,0.9161614422400485
difficulty_level,1,medium,1.0,8,5,davies_bouldin,7,0.40241710083413434,True,False,0.8741776350611942
difficulty_level,1,medium,1.0,8,5,calinski_harabasz,3,450.4710511886849,True,False,0.7202052799726972
difficulty_level,1,medium,1.0,8,5,calinski_harabasz,4,440.4541278343691,False,False,0.8922026338598994
difficulty_level,1,medium,1.0,8,5,calinski_harabasz,5,430.4846411234861,False,True,1.0
difficulty_level,1,medium,1.0,8,5,calinski_harabasz,6,417.50878009620504,False,False,0.9161614422400485
difficulty_level,1,medium,1.0,8,5,calinski_harabasz,7,415.05258619049613,False,False,0.8741776350611942
difficulty_level,1,medium,0.7999168675577607,9,5,accuracy_generalizability,3,0.9936294377613732,True,False,0.6520557223054589
difficulty_level,1,medium,0.7999168675577607,9,5,accuracy_generalizability,4,0.845585733146805,False,False,0.8464312964804603
difficulty_level,1,medium,0.7999168675577607,9,5,accuracy_generalizability,5,0.8428513385463204,False,True,0.8887522455317758
difficulty_level,1,medium,0.7999168675577607,9,5,accuracy_generalizability,6,0.9320601886630959,False,False,0.8191774355090748
difficulty_level,1,medium,0.7999168675577607,9,5,accuracy_generalizability,7,0.9640385409876734,False,False,0.8550368116686836
difficulty_level,1,medium,0.7999168675577607,9,5,ari_average,3,0.9906824030548175,True,False,0.6520557223054589
difficulty_level,1,medium,0.7999168675577607,9,5,ari_average,4,0.7807704279554396,False,False,0.8464312964804603
difficulty_level,1,medium,0.7999168675577607,9,5,ari_average,5,0.8138258368712353,False,True,0.8887522455317758
difficulty_level,1,medium,0.7999168675577607,9,5,ari_average,6,0.9135818438688783,False,False,0.8191774355090748
difficulty_level,1,medium,0.7999168675577607,9,5,ari_average,7,0.9649512481029389,False,False,0.8550368116686836
difficulty_level,1,medium,0.7999168675577607,9,5,ari_average_1se,3,0.9906824030548175,True,False,0.6520557223054589
difficulty_level,1,medium,0.7999168675577607,9,5,ari_average_1se,4,0.7807704279554396,False,False,0.8464312964804603
difficulty_level,1,medium,0.7999168675577607,9,5,ari_average_1se,5,0.8138258368712353,False,True,0.8887522455317758
difficulty_level,1,medium,0.7999168675577607,9,5,ari_average_1se,6,0.9135818438688783,False,False,0.8191774355090748
difficulty_level,1,medium,0.7999168675577607,9,5,ari_average_1se,7,0.9649512481029389,False,False,0.8550368116686836
difficulty_level,1,medium,0.7999168675577607,9,5,ari_average_quant,3,0.9906824030548175,False,False,0.6520557223054589
difficulty_level,1,medium,0.7999168675577607,9,5,ari_average_quant,4,0.7807704279554396,False,False,0.8464312964804603
difficulty_level,1,medium,0.7999168675577607,9,5,ari_average_quant,5,0.8138258368712353,False,True,0.8887522455317758
difficulty_level,1,medium,0.7999168675577607,9,5,ari_average_quant,6,0.9135818438688783,False,False,0.8191774355090748
difficulty_level,1,medium,0.7999168675577607,9,5,ari_average_quant,7,0.9649512481029389,True,False,0.8550368116686836
difficulty_level,1,medium,0.7999168675577607,9,5,ari_generalizability,3,0.9846037276550496,True,False,0.6520557223054589
difficulty_level,1,medium,0.7999168675577607,9,5,ari_generalizability,4,0.7668158116785974,False,False,0.8464312964804603
difficulty_level,1,medium,0.7999168675577607,9,5,ari_generalizability,5,0.7978274049412923,False,True,0.8887522455317758
difficulty_level,1,medium,0.7999168675577607,9,5,ari_generalizability,6,0.9085429306041151,False,False,0.8191774355090748
difficulty_level,1,medium,0.7999168675577607,9,5,ari_generalizability,7,0.9624840325236279,False,False,0.8550368116686836
difficulty_level,1,medium,0.7999168675577607,9,5,ari_generalizability_1se,3,0.9846037276550496,True,False,0.6520557223054589
difficulty_level,1,medium,0.7999168675577607,9,5,ari_generalizability_1se,4,0.7668158116785974,False,False,0.8464312964804603
difficulty_level,1,medium,0.7999168675577607,9,5,ari_generalizability_1se,5,0.7978274049412923,False,True,0.8887522455317758
difficulty_level,1,medium,0.7999168675577607,9,5,ari_generalizability_1se,6,0.9085429306041151,False,False,0.8191774355090748
difficulty_level,1,medium,0.7999168675577607,9,5,ari_generalizability_1se,7,0.9624840325236279,False,False,0.8550368116686836
difficulty_level,1,medium,0.7999168675577607,9,5,ari_generalizability_quant,3,0.9846037276550496,True,False,0.6520557223054589
difficulty_level,1,medium,0.7999168675577607,9,5,ari_generalizability_quant,4,0.7668158116785974,False,False,0.8464312964804603
difficulty_level,1,medium,0.7999168675577607,9,5,ari_generalizability_quant,5,0.7978274049412923,False,True,0.8887522455317758
difficulty_level,1,medium,0.7999168675577607,9,5,ari_generalizability_quant,6,0.9085429306041151,False,False,0.8191774355090748
difficulty_level,1,medium,0.7999168675577607,9,5,ari_generalizability_quant,7,0.9624840325236279,False,False,0.8550368116686836
difficulty_level,1,medium,0.7999168675577607,9,5,ari_stability,3,0.9967610784545857,True,False,0.6520557223054589
difficulty_level,1,medium,0.7999168675577607,9,5,ari_stability,4,0.7947250442322819,False,False,0.8464312964804603
difficulty_level,1,medium,0.7999168675577607,9,5,ari_stability,5,0.8298242688011784,False,True,0.8887522455317758
difficulty_level,1,medium,0.7999168675577607,9,5,ari_stability,6,0.9186207571336417,False,False,0.8191774355090748
difficulty_level,1,medium,0.7999168675577607,9,5,ari_stability,7,0.9674184636822496,False,False,0.8550368116686836
difficulty_level,1,medium,0.7999168675577607,9,5,ari_stability_1se,3,0.9967610784545857,True,False,0.6520557223054589
difficulty_level,1,medium,0.7999168675577607,9,5,ari_stability_1se,4,0.7947250442322819,False,False,0.8464312964804603
difficulty_level,1,medium,0.7999168675577607,9,5,ari_stability_1se,5,0.8298242688011784,False,True,0.8887522455317758
difficulty_level,1,medium,0.7999168675577607,9,5,ari_stability_1se,6,0.9186207571336417,False,False,0.8191774355090748
difficulty_level,1,medium,0.7999168675577607,9,5,ari_stability_1se,7,0.9674184636822496,False,False,0.8550368116686836
difficulty_level,1,medium,0.7999168675577607,9,5,ari_stability_quant,3,0.9967610784545857,True,False,0.6520557223054589
difficulty_level,1,medium,0.7999168675577607,9,5,ari_stability_quant,4,0.7947250442322819,False,False,0.8464312964804603
difficulty_level,1,medium,0.7999168675577607,9,5,ari_stability_quant,5,0.8298242688011784,False,True,0.8887522455317758
difficulty_level,1,medium,0.7999168675577607,9,5,ari_stability_quant,6,0.9186207571336417,False,False,0.8191774355090748
difficulty_level,1,medium,0.7999168675577607,9,5,ari_stability_quant,7,0.9674184636822496,False,False,0.8550368116686836
difficulty_level,1,medium,0.7999168675577607,9,5,consensus_ce_stability,3,0.9999999999586944,True,False,0.6520557223054589
difficulty_level,1,medium,0.7999168675577607,9,5,consensus_ce_stability,4,0.8421361272621829,False,False,0.8464312964804603
difficulty_level,1,medium,0.7999168675577607,9,5,consensus_ce_stability,5,0.8715139245584904,False,True,0.8887522455317758
difficulty_level,1,medium,0.7999168675577607,9,5,consensus_ce_stability,6,0.9468469378170428,False,False,0.8191774355090748
difficulty_level,1,medium,0.7999168675577607,9,5,consensus_ce_stability,7,0.977934650915754,False,False,0.8550368116686836
difficulty_level,1,medium,0.7999168675577607,9,5,consensus_gini_stability,3,1.0,True,False,0.6520557223054589
difficulty_level,1,medium,0.7999168675577607,9,5,consensus_gini_stability,4,0.8488048646573736,False,False,0.8464312964804603
difficulty_level,1,medium,0.7999168675577607,9,5,consensus_gini_stability,5,0.8847431887635743,False,True,0.8887522455317758
difficulty_level,1,medium,0.7999168675577607,9,5,consensus_gini_stability,6,0.9528953739267796,False,False,0.8191774355090748
difficulty_level,1,medium,0.7999168675577607,9,5,consensus_gini_stability,7,0.9805143567418878,False,False,0.8550368116686836
difficulty_level,1,medium,0.7999168675577607,9,5,consensus_pac_stability,3,1.0,True,False,0.6520557223054589
difficulty_level,1,medium,0.7999168675577607,9,5,consensus_pac_stability,4,0.8226703351675838,False,False,0.8464312964804603
difficulty_level,1,medium,0.7999168675577607,9,5,consensus_pac_stability,5,0.8239069534767384,False,True,0.8887522455317758
difficulty_level,1,medium,0.7999168675577607,9,5,consensus_pac_stability,6,0.9294067033516759,False,False,0.8191774355090748
difficulty_level,1,medium,0.7999168675577607,9,5,consensus_pac_stability,7,0.9698069034517258,False,False,0.8550368116686836
difficulty_level,1,medium,0.7999168675577607,9,5,silhouette,3,0.24464660142718758,False,False,0.6520557223054589
difficulty_level,1,medium,0.7999168675577607,9,5,silhouette,4,0.2866888761943328,False,False,0.648564337320125
difficulty_level,1,medium,0.7999168675577607,9,5,silhouette,5,0.32467365415675226,False,True,0.7999168675577607
difficulty_level,1,medium,0.7999168675577607,9,5,silhouette,6,0.36211865361011847,False,False,0.8347860067595899
difficulty_level,1,medium,0.7999168675577607,9,5,silhouette,7,0.380043907037741,True,False,0.8613470416042404
difficulty_level,1,medium,0.7999168675577607,9,5,gap,3,0.3906715155927518,False,False,0.6520557223054589
difficulty_level,1,medium,0.7999168675577607,9,5,gap,4,0.5038558866905021,False,False,0.648564337320125
difficulty_level,1,medium,0.7999168675577607,9,5,gap,5,0.6174695695470795,False,True,0.7999168675577607
difficulty_level,1,medium,0.7999168675577607,9,5,gap,6,0.73698234883304,False,False,0.8347860067595899
difficulty_level,1,medium,0.7999168675577607,9,5,gap,7,0.8221127015057235,True,False,0.8613470416042404
difficulty_level,1,medium,0.7999168675577607,9,5,davies_bouldin,3,0.3526533848772166,False,False,0.6520557223054589
difficulty_level,1,medium,0.7999168675577607,9,5,davies_bouldin,4,0.3609424739548948,False,False,0.648564337320125
difficulty_level,1,medium,0.7999168675577607,9,5,davies_bouldin,5,0.36662531226999084,False,True,0.7999168675577607
difficulty_level,1,medium,0.7999168675577607,9,5,davies_bouldin,6,0.3798290468801995,False,False,0.8347860067595899
difficulty_level,1,medium,0.7999168675577607,9,5,davies_bouldin,7,0.4096447898005293,True,False,0.8613470416042404
difficulty_level,1,medium,0.7999168675577607,9,5,calinski_harabasz,3,398.10135978969106,False,False,0.6520557223054589
difficulty_level,1,medium,0.7999168675577607,9,5,calinski_harabasz,4,382.686339899575,False,False,0.648564337320125
difficulty_level,1,medium,0.7999168675577607,9,5,calinski_harabasz,5,385.995561253221,False,True,0.7999168675577607
difficulty_level,1,medium,0.7999168675577607,9,5,calinski_harabasz,6,402.27228606167927,True,False,0.8347860067595899
difficulty_level,1,medium,0.7999168675577607,9,5,calinski_harabasz,7,397.6452616192701,False,False,0.8613470416042404
difficulty_level,1,medium,0.8277985629895966,10,5,accuracy_generalizability,3,0.7557876815084912,False,False,0.5735339853687116
difficulty_level,1,medium,0.8277985629895966,10,5,accuracy_generalizability,4,0.8924412563841526,False,False,0.8590703268768952
difficulty_level,1,medium,0.8277985629895966,10,5,accuracy_generalizability,5,0.877293431100828,False,True,0.8429518388113596
difficulty_level,1,medium,0.8277985629895966,10,5,accuracy_generalizability,6,0.8334573565235693,False,False,0.7363033160187828
difficulty_level,1,medium,0.8277985629895966,10,5,accuracy_generalizability,7,0.943862422913863,True,False,0.8107032109201486
difficulty_level,1,medium,0.8277985629895966,10,5,ari_average,3,0.6440275777007605,False,False,0.5735339853687116
difficulty_level,1,medium,0.8277985629895966,10,5,ari_average,4,0.7999544945032337,False,False,0.8590703268768952
difficulty_level,1,medium,0.8277985629895966,10,5,ari_average,5,0.8603765633824076,False,True,0.8429518388113596
difficulty_level,1,medium,0.8277985629895966,10,5,ari_average,6,0.8276687293503433,False,False,0.7363033160187828
difficulty_level,1,medium,0.8277985629895966,10,5,ari_average,7,0.9191900430402592,True,False,0.8107032109201486
difficulty_level,1,medium,0.8277985629895966,10,5,ari_average_1se,3,0.6440275777007605,False,False,0.5735339853687116
difficulty_level,1,medium,0.8277985629895966,10,5,ari_average_1se,4,0.7999544945032337,False,False,0.8590703268768952
difficulty_level,1,medium,0.8277985629895966,10,5,ari_average_1se,5,0.8603765633824076,False,True,0.8429518388113596
difficulty_level,1,medium,0.8277985629895966,10,5,ari_average_1se,6,0.8276687293503433,False,False,0.7363033160187828
difficulty_level,1,medium,0.8277985629895966,10,5,ari_average_1se,7,0.9191900430402592,True,False,0.8107032109201486
difficulty_level,1,medium,0.8277985629895966,10,5,ari_average_quant,3,0.6440275777007605,False,False,0.5735339853687116
difficulty_level,1,medium,0.8277985629895966,10,5,ari_average_quant,4,0.7999544945032337,False,False,0.8590703268768952
difficulty_level,1,medium,0.8277985629895966,10,5,ari_average_quant,5,0.8603765633824076,False,True,0.8429518388113596
difficulty_level,1,medium,0.8277985629895966,10,5,ari_average_quant,6,0.8276687293503433,False,False,0.7363033160187828
difficulty_level,1,medium,0.8277985629895966,10,5,ari_average_quant,7,0.9191900430402592,True,False,0.8107032109201486
difficulty_level,1,medium,0.8277985629895966,10,5,ari_generalizability,3,0.5592936356499394,False,False,0.5735339853687116
difficulty_level,1,medium,0.8277985629895966,10,5,ari_generalizability,4,0.7711218168529959,False,False,0.8590703268768952
difficulty_level,1,medium,0.8277985629895966,10,5,ari_generalizability,5,0.8315808350822107,False,True,0.8429518388113596
difficulty_level,1,medium,0.8277985629895966,10,5,ari_generalizability,6,0.8131312125546668,False,False,0.7363033160187828
difficulty_level,1,medium,0.8277985629895966,10,5,ari_generalizability,7,0.9134574135894948,True,False,0.8107032109201486
difficulty_level,1,medium,0.8277985629895966,10,5,ari_generalizability_1se,3,0.5592936356499394,False,False,0.5735339853687116
difficulty_level,1,medium,0.8277985629895966,10,5,ari_generalizability_1se,4,0.7711218168529959,False,False,0.8590703268768952
difficulty_level,1,medium,0.8277985629895966,10,5,ari_generalizability_1se,5,0.8315808350822107,False,True,0.8429518388113596
difficulty_level,1,medium,0.8277985629895966,10,5,ari_generalizability_1se,6,0.8131312125546668,False,False,0.7363033160187828
difficulty_level,1,medium,0.8277985629895966,10,5,ari_generalizability_1se,7,0.9134574135894948,True,False,0.8107032109201486
difficulty_level,1,medium,0.8277985629895966,10,5,ari_generalizability_quant,3,0.5592936356499394,False,False,0.5735339853687116
difficulty_level,1,medium,0.8277985629895966,10,5,ari_generalizability_quant,4,0.7711218168529959,False,False,0.8590703268768952
difficulty_level,1,medium,0.8277985629895966,10,5,ari_generalizability_quant,5,0.8315808350822107,False,True,0.8429518388113596
difficulty_level,1,medium,0.8277985629895966,10,5,ari_generalizability_quant,6,0.8131312125546668,False,False,0.7363033160187828
difficulty_level,1,medium,0.8277985629895966,10,5,ari_generalizability_quant,7,0.9134574135894948,True,False,0.8107032109201486
difficulty_level,1,medium,0.8277985629895966,10,5,ari_stability,3,0.7287615197515815,False,False,0.5735339853687116
difficulty_level,1,medium,0.8277985629895966,10,5,ari_stability,4,0.8287871721534715,False,False,0.8590703268768952
difficulty_level,1,medium,0.8277985629895966,10,5,ari_stability,5,0.8891722916826046,False,True,0.8429518388113596
difficulty_level,1,medium,0.8277985629895966,10,5,ari_stability,6,0.8422062461460201,False,False,0.7363033160187828
difficulty_level,1,medium,0.8277985629895966,10,5,ari_stability,7,0.9249226724910232,True,False,0.8107032109201486
difficulty_level,1,medium,0.8277985629895966,10,5,ari_stability_1se,3,0.7287615197515815,False,False,0.5735339853687116
difficulty_level,1,medium,0.8277985629895966,10,5,ari_stability_1se,4,0.8287871721534715,False,False,0.8590703268768952
difficulty_level,1,medium,0.8277985629895966,10,5,ari_stability_1se,5,0.8891722916826046,False,True,0.8429518388113596
difficulty_level,1,medium,0.8277985629895966,10,5,ari_stability_1se,6,0.8422062461460201,False,False,0.7363033160187828
difficulty_level,1,medium,0.8277985629895966,10,5,ari_stability_1se,7,0.9249226724910232,True,False,0.8107032109201486
difficulty_level,1,medium,0.8277985629895966,10,5,ari_stability_quant,3,0.7287615197515815,False,False,0.5735339853687116
difficulty_level,1,medium,0.8277985629895966,10,5,ari_stability_quant,4,0.8287871721534715,False,False,0.8590703268768952
difficulty_level,1,medium,0.8277985629895966,10,5,ari_stability_quant,5,0.8891722916826046,False,True,0.8429518388113596
difficulty_level,1,medium,0.8277985629895966,10,5,ari_stability_quant,6,0.8422062461460201,False,False,0.7363033160187828
difficulty_level,1,medium,0.8277985629895966,10,5,ari_stability_quant,7,0.9249226724910232,True,False,0.8107032109201486
difficulty_level,1,medium,0.8277985629895966,10,5,consensus_ce_stability,3,0.7013703054755641,False,False,0.5735339853687116
difficulty_level,1,medium,0.8277985629895966,10,5,consensus_ce_stability,4,0.8396811443307747,False,False,0.8590703268768952
difficulty_level,1,medium,0.8277985629895966,10,5,consensus_ce_stability,5,0.9038172422591926,False,True,0.8429518388113596
difficulty_level,1,medium,0.8277985629895966,10,5,consensus_ce_stability,6,0.9034949176705377,False,False,0.7363033160187828
difficulty_level,1,medium,0.8277985629895966,10,5,consensus_ce_stability,7,0.9557364882111898,True,False,0.8107032109201486
difficulty_level,1,medium,0.8277985629895966,10,5,consensus_gini_stability,3,0.7127429930187068,False,False,0.5735339853687116
difficulty_level,1,medium,0.8277985629895966,10,5,consensus_gini_stability,4,0.8549836812724609,False,False,0.8590703268768952
difficulty_level,1,medium,0.8277985629895966,10,5,consensus_gini_stability,5,0.9174621271904453,False,True,0.8429518388113596
difficulty_level,1,medium,0.8277985629895966,10,5,consensus_gini_stability,6,0.9118377773379711,False,False,0.7363033160187828
difficulty_level,1,medium,0.8277985629895966,10,5,consensus_gini_stability,7,0.9598427124372156,True,False,0.8107032109201486
difficulty_level,1,medium,0.8277985629895966,10,5,consensus_pac_stability,3,0.6640420210105052,False,False,0.5735339853687116
difficulty_level,1,medium,0.8277985629895966,10,5,consensus_pac_stability,4,0.8033906953476738,False,False,0.8590703268768952
difficulty_level,1,medium,0.8277985629895966,10,5,consensus_pac_stability,5,0.8664687343671835,False,True,0.8429518388113596
difficulty_level,1,medium,0.8277985629895966,10,5,consensus_pac_stability,6,0.880207603801901,False,False,0.7363033160187828
difficulty_level,1,medium,0.8277985629895966,10,5,consensus_pac_stability,7,0.9452501250625313,True,False,0.8107032109201486
difficulty_level,1,medium,0.8277985629895966,10,5,silhouette,3,0.2075076776579953,False,False,0.5784715250716632
difficulty_level,1,medium,0.8277985629895966,10,5,silhouette,4,0.25976080339592456,False,False,0.7071691853214369
difficulty_level,1,medium,0.8277985629895966,10,5,silhouette,5,0.30115819994060566,False,True,0.8277985629895966
difficulty_level,1,medium,0.8277985629895966,10,5,silhouette,6,0.33719865173643826,False,False,0.7210045342660584
difficulty_level,1,medium,0.8277985629895966,10,5,silhouette,7,0.3743306897347121,True,False,0.8061105117559394
difficulty_level,1,medium,0.8277985629895966,10,5,gap,3,0.2629736144281285,False,False,0.5784715250716632
difficulty_level,1,medium,0.8277985629895966,10,5,gap,4,0.38597906583707875,False,False,0.7071691853214369
difficulty_level,1,medium,0.8277985629895966,10,5,gap,5,0.5015110874580557,False,True,0.8277985629895966
difficulty_level,1,medium,0.8277985629895966,10,5,gap,6,0.6227878010759298,False,False,0.7210045342660584
difficulty_level,1,medium,0.8277985629895966,10,5,gap,7,0.7520271161032088,True,False,0.8061105117559394
difficulty_level,1,medium,0.8277985629895966,10,5,davies_bouldin,3,0.30584452365525344,False,False,0.5784715250716632
difficulty_level,1,medium,0.8277985629895966,10,5,davies_bouldin,4,0.34254985321446907,False,False,0.7071691853214369
difficulty_level,1,medium,0.8277985629895966,10,5,davies_bouldin,5,0.3688956674768119,False,True,0.8277985629895966
difficulty_level,1,medium,0.8277985629895966,10,5,davies_bouldin,6,0.39275179996819415,False,False,0.7210045342660584
difficulty_level,1,medium,0.8277985629895966,10,5,davies_bouldin,7,0.4171397220695489,True,False,0.8061105117559394
difficulty_level,1,medium,0.8277985629895966,10,5,calinski_harabasz,3,330.27663536318624,False,False,0.5784715250716632
difficulty_level,1,medium,0.8277985629895966,10,5,calinski_harabasz,4,341.46743848790624,False,False,0.7071691853214369
difficulty_level,1,medium,0.8277985629895966,10,5,calinski_harabasz,5,352.3633652018884,False,True,0.8277985629895966
difficulty_level,1,medium,0.8277985629895966,10,5,calinski_harabasz,6,372.81860167755286,False,False,0.7210045342660584
difficulty_level,1,medium,0.8277985629895966,10,5,calinski_harabasz,7,402.1399516900463,True,False,0.8061105117559394
difficulty_level,1,medium,1.0,11,5,accuracy_generalizability,3,0.9878635325622486,True,False,0.599680995847189
difficulty_level,1,medium,1.0,11,5,accuracy_generalizability,4,0.9774982019881886,False,False,0.8906156173862236
difficulty_level,1,medium,1.0,11,5,accuracy_generalizability,5,0.8527062527389746,False,True,1.0
difficulty_level,1,medium,1.0,11,5,accuracy_generalizability,6,0.927762977995116,False,False,0.9185018416359259
difficulty_level,1,medium,1.0,11,5,accuracy_generalizability,7,0.9373663742117053,False,False,0.886808502676523
difficulty_level,1,medium,1.0,11,5,ari_average,3,0.9900673842561909,True,False,0.599680995847189
difficulty_level,1,medium,1.0,11,5,ari_average,4,0.9612970763570169,False,False,0.8906156173862236
difficulty_level,1,medium,1.0,11,5,ari_average,5,0.8800845143999563,False,True,1.0
difficulty_level,1,medium,1.0,11,5,ari_average,6,0.9349962051395646,False,False,0.9185018416359259
difficulty_level,1,medium,1.0,11,5,ari_average,7,0.9528000307147767,False,False,0.886808502676523
difficulty_level,1,medium,1.0,11,5,ari_average_1se,3,0.9900673842561909,True,False,0.599680995847189
difficulty_level,1,medium,1.0,11,5,ari_average_1se,4,0.9612970763570169,False,False,0.8906156173862236
difficulty_level,1,medium,1.0,11,5,ari_average_1se,5,0.8800845143999563,False,True,1.0
difficulty_level,1,medium,1.0,11,5,ari_average_1se,6,0.9349962051395646,False,False,0.9185018416359259
difficulty_level,1,medium,1.0,11,5,ari_average_1se,7,0.9528000307147767,False,False,0.886808502676523
difficulty_level,1,medium,1.0,11,5,ari_average_quant,3,0.9900673842561909,True,False,0.599680995847189
difficulty_level,1,medium,1.0,11,5,ari_average_quant,4,0.9612970763570169,False,False,0.8906156173862236
difficulty_level,1,medium,1.0,11,5,ari_average_quant,5,0.8800845143999563,False,True,1.0
difficulty_level,1,medium,1.0,11,5,ari_average_quant,6,0.9349962051395646,False,False,0.9185018416359259
difficulty_level,1,medium,1.0,11,5,ari_average_quant,7,0.9528000307147767,False,False,0.886808502676523
difficulty_level,1,medium,1.0,11,5,ari_generalizability,3,0.9801347685123817,True,False,0.599680995847189
difficulty_level,1,medium,1.0,11,5,ari_generalizability,4,0.952032088357914,False,False,0.8906156173862236
difficulty_level,1,medium,1.0,11,5,ari_generalizability,5,0.8558418001144803,False,True,1.0
difficulty_level,1,medium,1.0,11,5,ari_generalizability,6,0.9296206868699097,False,False,0.9185018416359259
difficulty_level,1,medium,1.0,11,5,ari_generalizability,7,0.9443792908853571,False,False,0.886808502676523
difficulty_level,1,medium,1.0,11,5,ari_generalizability_1se,3,0.9801347685123817,True,False,0.599680995847189
difficulty_level,1,medium,1.0,11,5,ari_generalizability_1se,4,0.952032088357914,False,False,0.8906156173862236
difficulty_level,1,medium,1.0,11,5,ari_generalizability_1se,5,0.8558418001144803,False,True,1.0
difficulty_level,1,medium,1.0,11,5,ari_generalizability_1se,6,0.9296206868699097,False,False,0.9185018416359259
difficulty_level,1,medium,1.0,11,5,ari_generalizability_1se,7,0.9443792908853571,False,False,0.886808502676523
difficulty_level,1,medium,1.0,11,5,ari_generalizability_quant,3,0.9801347685123817,True,False,0.599680995847189
difficulty_level,1,medium,1.0,11,5,ari_generalizability_quant,4,0.952032088357914,False,False,0.8906156173862236
difficulty_level,1,medium,1.0,11,5,ari_generalizability_quant,5,0.8558418001144803,False,True,1.0
difficulty_level,1,medium,1.0,11,5,ari_generalizability_quant,6,0.9296206868699097,False,False,0.9185018416359259
difficulty_level,1,medium,1.0,11,5,ari_generalizability_quant,7,0.9443792908853571,False,False,0.886808502676523
difficulty_level,1,medium,1.0,11,5,ari_stability,3,1.0,True,False,0.599680995847189
difficulty_level,1,medium,1.0,11,5,ari_stability,4,0.9705620643561198,False,False,0.8906156173862236
difficulty_level,1,medium,1.0,11,5,ari_stability,5,0.9043272286854324,False,True,1.0
difficulty_level,1,medium,1.0,11,5,ari_stability,6,0.9403717234092192,False,False,0.9185018416359259
difficulty_level,1,medium,1.0,11,5,ari_stability,7,0.9612207705441961,False,False,0.886808502676523
difficulty_level,1,medium,1.0,11,5,ari_stability_1se,3,1.0,True,False,0.599680995847189
difficulty_level,1,medium,1.0,11,5,ari_stability_1se,4,0.9705620643561198,False,False,0.8906156173862236
difficulty_level,1,medium,1.0,11,5,ari_stability_1se,5,0.9043272286854324,False,True,1.0
difficulty_level,1,medium,1.0,11,5,ari_stability_1se,6,0.9403717234092192,False,False,0.9185018416359259
difficulty_level,1,medium,1.0,11,5,ari_stability_1se,7,0.9612207705441961,False,False,0.886808502676523
difficulty_level,1,medium,1.0,11,5,ari_stability_quant,3,1.0,True,False,0.599680995847189
difficulty_level,1,medium,1.0,11,5,ari_stability_quant,4,0.9705620643561198,False,False,0.8906156173862236
difficulty_level,1,medium,1.0,11,5,ari_stability_quant,5,0.9043272286854324,False,True,1.0
difficulty_level,1,medium,1.0,11,5,ari_stability_quant,6,0.9403717234092192,False,False,0.9185018416359259
difficulty_level,1,medium,1.0,11,5,ari_stability_quant,7,0.9612207705441961,False,False,0.886808502676523
difficulty_level,1,medium,1.0,11,5,consensus_ce_stability,3,0.9999999999586944,True,False,0.599680995847189
difficulty_level,1,medium,1.0,11,5,consensus_ce_stability,4,0.9696453139537059,False,False,0.8906156173862236
difficulty_level,1,medium,1.0,11,5,consensus_ce_stability,5,0.9212565696911477,False,True,1.0
difficulty_level,1,medium,1.0,11,5,consensus_ce_stability,6,0.9567962169008515,False,False,0.9185018416359259
difficulty_level,1,medium,1.0,11,5,consensus_ce_stability,7,0.9699495657638493,False,False,0.886808502676523
difficulty_level,1,medium,1.0,11,5,consensus_gini_stability,3,1.0,True,False,0.599680995847189
difficulty_level,1,medium,1.0,11,5,consensus_gini_stability,4,0.978689588314205,False,False,0.8906156173862236
difficulty_level,1,medium,1.0,11,5,consensus_gini_stability,5,0.9282508784635289,False,True,1.0
difficulty_level,1,medium,1.0,11,5,consensus_gini_stability,6,0.9617849414926223,False,False,0.9185018416359259
difficulty_level,1,medium,1.0,11,5,consensus_gini_stability,7,0.9756048956919388,False,False,0.886808502676523
difficulty_level,1,medium,1.0,11,5,consensus_pac_stability,3,1.0,True,False,0.599680995847189
difficulty_level,1,medium,1.0,11,5,consensus_pac_stability,4,0.9404532266133067,False,False,0.8906156173862236
difficulty_level,1,medium,1.0,11,5,consensus_pac_stability,5,0.9056098049024512,False,True,1.0
difficulty_level,1,medium,1.0,11,5,consensus_pac_stability,6,0.9498984492246123,False,False,0.9185018416359259
difficulty_level,1,medium,1.0,11,5,consensus_pac_stability,7,0.9661505752876438,False,False,0.886808502676523
difficulty_level,1,medium,1.0,11,5,silhouette,3,0.23942969629180225,False,False,0.599680995847189
difficulty_level,1,medium,1.0,11,5,silhouette,4,0.29799856890798493,False,False,0.8906156173862236
difficulty_level,1,medium,1.0,11,5,silhouette,5,0.32943923089430993,False,True,1.0
difficulty_level,1,medium,1.0,11,5,silhouette,6,0.3546984647398657,False,False,0.9191153025357542
difficulty_level,1,medium,1.0,11,5,silhouette,7,0.3748424427147446,True,False,0.8895179908539119
difficulty_level,1,medium,1.0,11,5,gap,3,0.3252578611707708,False,False,0.599680995847189
difficulty_level,1,medium,1.0,11,5,gap,4,0.4785197347336041,False,False,0.8906156173862236
difficulty_level,1,medium,1.0,11,5,gap,5,0.5802784776406202,False,True,1.0
difficulty_level,1,medium,1.0,11,5,gap,6,0.6875931740230286,False,False,0.9191153025357542
difficulty_level,1,medium,1.0,11,5,gap,7,0.7963329113922502,True,False,0.8895179908539119
difficulty_level,1,medium,1.0,11,5,davies_bouldin,3,0.3816508210628816,False,False,0.599680995847189
difficulty_level,1,medium,1.0,11,5,davies_bouldin,4,0.3654210436027477,False,False,0.8906156173862236
difficulty_level,1,medium,1.0,11,5,davies_bouldin,5,0.37415565957013264,False,True,1.0
difficulty_level,1,medium,1.0,11,5,davies_bouldin,6,0.385691648260409,False,False,0.9191153025357542
difficulty_level,1,medium,1.0,11,5,davies_bouldin,7,0.41120159842593934,True,False,0.8895179908539119
difficulty_level,1,medium,1.0,11,5,calinski_harabasz,3,405.99756211058457,False,False,0.599680995847189
difficulty_level,1,medium,1.0,11,5,calinski_harabasz,4,431.37874180265965,True,False,0.8906156173862236
difficulty_level,1,medium,1.0,11,5,calinski_harabasz,5,415.8048175505312,False,True,1.0
difficulty_level,1,medium,1.0,11,5,calinski_harabasz,6,418.9348639469317,False,False,0.9191153025357542
difficulty_level,1,medium,1.0,11,5,calinski_harabasz,7,430.2640365762879,False,False,0.8895179908539119
difficulty_level,1,medium,1.0,12,5,accuracy_generalizability,3,0.9916779260111205,False,False,0.6124249019722736
difficulty_level,1,medium,1.0,12,5,accuracy_generalizability,4,1.0,True,False,0.8993344932648365
difficulty_level,1,medium,1.0,12,5,accuracy_generalizability,5,0.9511098190384687,False,True,1.0
difficulty_level,1,medium,1.0,12,5,accuracy_generalizability,6,0.9574941424878735,False,False,0.9544108001705403
difficulty_level,1,medium,1.0,12,5,accuracy_generalizability,7,0.9171111273472765,False,False,0.8222255840510343
difficulty_level,1,medium,1.0,12,5,ari_average,3,0.9922414448937181,False,False,0.6124249019722736
difficulty_level,1,medium,1.0,12,5,ari_average,4,1.0,True,False,0.8993344932648365
difficulty_level,1,medium,1.0,12,5,ari_average,5,0.9503794364520993,False,True,1.0
difficulty_level,1,medium,1.0,12,5,ari_average,6,0.9692369543739174,False,False,0.9544108001705403
difficulty_level,1,medium,1.0,12,5,ari_average,7,0.9083654089723768,False,False,0.8222255840510343
difficulty_level,1,medium,1.0,12,5,ari_average_1se,3,0.9922414448937181,False,False,0.6124249019722736
difficulty_level,1,medium,1.0,12,5,ari_average_1se,4,1.0,True,False,0.8993344932648365
difficulty_level,1,medium,1.0,12,5,ari_average_1se,5,0.9503794364520993,False,True,1.0
difficulty_level,1,medium,1.0,12,5,ari_average_1se,6,0.9692369543739174,False,False,0.9544108001705403
difficulty_level,1,medium,1.0,12,5,ari_average_1se,7,0.9083654089723768,False,False,0.8222255840510343
difficulty_level,1,medium,1.0,12,5,ari_average_quant,3,0.9922414448937181,False,False,0.6124249019722736
difficulty_level,1,medium,1.0,12,5,ari_average_quant,4,1.0,True,False,0.8993344932648365
difficulty_level,1,medium,1.0,12,5,ari_average_quant,5,0.9503794364520993,False,True,1.0
difficulty_level,1,medium,1.0,12,5,ari_average_quant,6,0.9692369543739174,False,False,0.9544108001705403
difficulty_level,1,medium,1.0,12,5,ari_average_quant,7,0.9083654089723768,False,False,0.8222255840510343
difficulty_level,1,medium,1.0,12,5,ari_generalizability,3,0.9844828897874361,False,False,0.6124249019722736
difficulty_level,1,medium,1.0,12,5,ari_generalizability,4,1.0,True,False,0.8993344932648365
difficulty_level,1,medium,1.0,12,5,ari_generalizability,5,0.9420575386046641,False,True,1.0
difficulty_level,1,medium,1.0,12,5,ari_generalizability,6,0.9617514652492309,False,False,0.9544108001705403
difficulty_level,1,medium,1.0,12,5,ari_generalizability,7,0.8973679881952162,False,False,0.8222255840510343
difficulty_level,1,medium,1.0,12,5,ari_generalizability_1se,3,0.9844828897874361,False,False,0.6124249019722736
difficulty_level,1,medium,1.0,12,5,ari_generalizability_1se,4,1.0,True,False,0.8993344932648365
difficulty_level,1,medium,1.0,12,5,ari_generalizability_1se,5,0.9420575386046641,False,True,1.0
difficulty_level,1,medium,1.0,12,5,ari_generalizability_1se,6,0.9617514652492309,False,False,0.9544108001705403
difficulty_level,1,medium,1.0,12,5,ari_generalizability_1se,7,0.8973679881952162,False,False,0.8222255840510343
difficulty_level,1,medium,1.0,12,5,ari_generalizability_quant,3,0.9844828897874361,False,False,0.6124249019722736
difficulty_level,1,medium,1.0,12,5,ari_generalizability_quant,4,1.0,True,False,0.8993344932648365
difficulty_level,1,medium,1.0,12,5,ari_generalizability_quant,5,0.9420575386046641,False,True,1.0
difficulty_level,1,medium,1.0,12,5,ari_generalizability_quant,6,0.9617514652492309,False,False,0.9544108001705403
difficulty_level,1,medium,1.0,12,5,ari_generalizability_quant,7,0.8973679881952162,False,False,0.8222255840510343
difficulty_level,1,medium,1.0,12,5,ari_stability,3,1.0,True,False,0.6124249019722736
difficulty_level,1,medium,1.0,12,5,ari_stability,4,1.0,False,False,0.8993344932648365
difficulty_level,1,medium,1.0,12,5,ari_stability,5,0.9587013342995344,False,True,1.0
difficulty_level,1,medium,1.0,12,5,ari_stability,6,0.9767224434986035,False,False,0.9544108001705403
difficulty_level,1,medium,1.0,12,5,ari_stability,7,0.9193628297495374,False,False,0.8222255840510343
difficulty_level,1,medium,1.0,12,5,ari_stability_1se,3,1.0,False,False,0.6124249019722736
difficulty_level,1,medium,1.0,12,5,ari_stability_1se,4,1.0,True,False,0.8993344932648365
difficulty_level,1,medium,1.0,12,5,ari_stability_1se,5,0.9587013342995344,False,True,1.0
difficulty_level,1,medium,1.0,12,5,ari_stability_1se,6,0.9767224434986035,False,False,0.9544108001705403
difficulty_level,1,medium,1.0,12,5,ari_stability_1se,7,0.9193628297495374,False,False,0.8222255840510343
difficulty_level,1,medium,1.0,12,5,ari_stability_quant,3,1.0,False,False,0.6124249019722736
difficulty_level,1,medium,1.0,12,5,ari_stability_quant,4,1.0,True,False,0.8993344932648365
difficulty_level,1,medium,1.0,12,5,ari_stability_quant,5,0.9587013342995344,False,True,1.0
difficulty_level,1,medium,1.0,12,5,ari_stability_quant,6,0.9767224434986035,False,False,0.9544108001705403
difficulty_level,1,medium,1.0,12,5,ari_stability_quant,7,0.9193628297495374,False,False,0.8222255840510343
difficulty_level,1,medium,1.0,12,5,consensus_ce_stability,3,0.9999999999586944,True,False,0.6124249019722736
difficulty_level,1,medium,1.0,12,5,consensus_ce_stability,4,0.9999999999586944,False,False,0.8993344932648365
difficulty_level,1,medium,1.0,12,5,consensus_ce_stability,5,0.9698572667995206,False,True,1.0
difficulty_level,1,medium,1.0,12,5,consensus_ce_stability,6,0.9812689070731014,False,False,0.9544108001705403
difficulty_level,1,medium,1.0,12,5,consensus_ce_stability,7,0.9484782946596688,False,False,0.8222255840510343
difficulty_level,1,medium,1.0,12,5,consensus_gini_stability,3,1.0,True,False,0.6124249019722736
difficulty_level,1,medium,1.0,12,5,consensus_gini_stability,4,1.0,False,False,0.8993344932648365
difficulty_level,1,medium,1.0,12,5,consensus_gini_stability,5,0.9728497446577417,False,True,1.0
difficulty_level,1,medium,1.0,12,5,consensus_gini_stability,6,0.9850977524946598,False,False,0.9544108001705403
difficulty_level,1,medium,1.0,12,5,consensus_gini_stability,7,0.9555291660192798,False,False,0.8222255840510343
difficulty_level,1,medium,1.0,12,5,consensus_pac_stability,3,1.0,True,False,0.6124249019722736
difficulty_level,1,medium,1.0,12,5,consensus_pac_stability,4,1.0,False,False,0.8993344932648365
difficulty_level,1,medium,1.0,12,5,consensus_pac_stability,5,0.9614062031015508,False,True,1.0
difficulty_level,1,medium,1.0,12,5,consensus_pac_stability,6,0.9771345672836418,False,False,0.9544108001705403
difficulty_level,1,medium,1.0,12,5,consensus_pac_stability,7,0.9263431715857929,False,False,0.8222255840510343
difficulty_level,1,medium,1.0,12,5,silhouette,3,0.25353863103916907,False,False,0.6124249019722736
difficulty_level,1,medium,1.0,12,5,silhouette,4,0.3130768950938667,False,False,0.8993344932648365
difficulty_level,1,medium,1.0,12,5,silhouette,5,0.3451493980969398,False,True,1.0
difficulty_level,1,medium,1.0,12,5,silhouette,6,0.36734424214054945,True,False,0.954270275479962
difficulty_level,1,medium,1.0,12,5,silhouette,7,0.3403161865847284,False,False,0.8223375160849257
difficulty_level,1,medium,1.0,12,5,gap,3,0.40975186916723594,False,False,0.6124249019722736
difficulty_level,1,medium,1.0,12,5,gap,4,0.5685971827855738,False,False,0.8993344932648365
difficulty_level,1,medium,1.0,12,5,gap,5,0.6753112409581288,False,True,1.0
difficulty_level,1,medium,1.0,12,5,gap,6,0.7634426103754866,False,False,0.954270275479962
difficulty_level,1,medium,1.0,12,5,gap,7,0.8404890643965608,True,False,0.8223375160849257
difficulty_level,1,medium,1.0,12,5,davies_bouldin,3,0.3729689049470717,False,False,0.6124249019722736
difficulty_level,1,medium,1.0,12,5,davies_bouldin,4,0.3622789055435523,False,False,0.8993344932648365
difficulty_level,1,medium,1.0,12,5,davies_bouldin,5,0.37282126341827254,False,True,1.0
difficulty_level,1,medium,1.0,12,5,davies_bouldin,6,0.3985749253376933,False,False,0.954270275479962
difficulty_level,1,medium,1.0,12,5,davies_bouldin,7,0.4085938346665793,True,False,0.8223375160849257
difficulty_level,1,medium,1.0,12,5,calinski_harabasz,3,434.42869244035273,False,False,0.6124249019722736
difficulty_level,1,medium,1.0,12,5,calinski_harabasz,4,463.2576257911556,True,False,0.8993344932648365
difficulty_level,1,medium,1.0,12,5,calinski_harabasz,5,448.2996340185351,False,True,1.0
difficulty_level,1,medium,1.0,12,5,calinski_harabasz,6,432.7768967972454,False,False,0.954270275479962
difficulty_level,1,medium,1.0,12,5,calinski_harabasz,7,419.36549420764436,False,False,0.8223375160849257
difficulty_level,1,medium,1.0,13,5,accuracy_generalizability,3,1.0,True,False,0.7935485526919724
difficulty_level,1,medium,1.0,13,5,accuracy_generalizability,4,0.9136484969086157,False,False,0.9275120911456485
difficulty_level,1,medium,1.0,13,5,accuracy_generalizability,5,0.9792914596210976,False,True,1.0
difficulty_level,1,medium,1.0,13,5,accuracy_generalizability,6,0.9358860166294217,False,False,0.7424693280726026
difficulty_level,1,medium,1.0,13,5,accuracy_generalizability,7,0.8643737633613985,False,False,0.6880498488527484
difficulty_level,1,medium,1.0,13,5,ari_average,3,1.0,True,False,0.7935485526919724
difficulty_level,1,medium,1.0,13,5,ari_average,4,0.9186596480605417,False,False,0.9275120911456485
difficulty_level,1,medium,1.0,13,5,ari_average,5,0.9882841824478997,False,True,1.0
difficulty_level,1,medium,1.0,13,5,ari_average,6,0.8653594849109897,False,False,0.7424693280726026
difficulty_level,1,medium,1.0,13,5,ari_average,7,0.8062771508866595,False,False,0.6880498488527484
difficulty_level,1,medium,1.0,13,5,ari_average_1se,3,1.0,True,False,0.7935485526919724
difficulty_level,1,medium,1.0,13,5,ari_average_1se,4,0.9186596480605417,False,False,0.9275120911456485
difficulty_level,1,medium,1.0,13,5,ari_average_1se,5,0.9882841824478997,False,True,1.0
difficulty_level,1,medium,1.0,13,5,ari_average_1se,6,0.8653594849109897,False,False,0.7424693280726026
difficulty_level,1,medium,1.0,13,5,ari_average_1se,7,0.8062771508866595,False,False,0.6880498488527484
difficulty_level,1,medium,1.0,13,5,ari_average_quant,3,1.0,True,False,0.7935485526919724
difficulty_level,1,medium,1.0,13,5,ari_average_quant,4,0.9186596480605417,False,False,0.9275120911456485
difficulty_level,1,medium,1.0,13,5,ari_average_quant,5,0.9882841824478997,False,True,1.0
difficulty_level,1,medium,1.0,13,5,ari_average_quant,6,0.8653594849109897,False,False,0.7424693280726026
difficulty_level,1,medium,1.0,13,5,ari_average_quant,7,0.8062771508866595,False,False,0.6880498488527484
difficulty_level,1,medium,1.0,13,5,ari_generalizability,3,1.0,True,False,0.7935485526919724
difficulty_level,1,medium,1.0,13,5,ari_generalizability,4,0.8989680062565439,False,False,0.9275120911456485
difficulty_level,1,medium,1.0,13,5,ari_generalizability,5,0.9765683648957995,False,True,1.0
difficulty_level,1,medium,1.0,13,5,ari_generalizability,6,0.8481178577404791,False,False,0.7424693280726026
difficulty_level,1,medium,1.0,13,5,ari_generalizability,7,0.7783462276373431,False,False,0.6880498488527484
difficulty_level,1,medium,1.0,13,5,ari_generalizability_1se,3,1.0,True,False,0.7935485526919724
difficulty_level,1,medium,1.0,13,5,ari_generalizability_1se,4,0.8989680062565439,False,False,0.9275120911456485
difficulty_level,1,medium,1.0,13,5,ari_generalizability_1se,5,0.9765683648957995,False,True,1.0
difficulty_level,1,medium,1.0,13,5,ari_generalizability_1se,6,0.8481178577404791,False,False,0.7424693280726026
difficulty_level,1,medium,1.0,13,5,ari_generalizability_1se,7,0.7783462276373431,False,False,0.6880498488527484
difficulty_level,1,medium,1.0,13,5,ari_generalizability_quant,3,1.0,True,False,0.7935485526919724
difficulty_level,1,medium,1.0,13,5,ari_generalizability_quant,4,0.8989680062565439,False,False,0.9275120911456485
difficulty_level,1,medium,1.0,13,5,ari_generalizability_quant,5,0.9765683648957995,False,True,1.0
difficulty_level,1,medium,1.0,13,5,ari_generalizability_quant,6,0.8481178577404791,False,False,0.7424693280726026
difficulty_level,1,medium,1.0,13,5,ari_generalizability_quant,7,0.7783462276373431,False,False,0.6880498488527484
difficulty_level,1,medium,1.0,13,5,ari_stability,3,1.0,True,False,0.7935485526919724
difficulty_level,1,medium,1.0,13,5,ari_stability,4,0.9383512898645395,False,False,0.9275120911456485
difficulty_level,1,medium,1.0,13,5,ari_stability,5,1.0,False,True,1.0
difficulty_level,1,medium,1.0,13,5,ari_stability,6,0.8826011120815,False,False,0.7424693280726026
difficulty_level,1,medium,1.0,13,5,ari_stability,7,0.8342080741359755,False,False,0.6880498488527484
difficulty_level,1,medium,1.0,13,5,ari_stability_1se,3,1.0,False,False,0.7935485526919724
difficulty_level,1,medium,1.0,13,5,ari_stability_1se,4,0.9383512898645395,False,False,0.9275120911456485
difficulty_level,1,medium,1.0,13,5,ari_stability_1se,5,1.0,True,True,1.0
difficulty_level,1,medium,1.0,13,5,ari_stability_1se,6,0.8826011120815,False,False,0.7424693280726026
difficulty_level,1,medium,1.0,13,5,ari_stability_1se,7,0.8342080741359755,False,False,0.6880498488527484
difficulty_level,1,medium,1.0,13,5,ari_stability_quant,3,1.0,False,False,0.7935485526919724
difficulty_level,1,medium,1.0,13,5,ari_stability_quant,4,0.9383512898645395,False,False,0.9275120911456485
difficulty_level,1,medium,1.0,13,5,ari_stability_quant,5,1.0,True,True,1.0
difficulty_level,1,medium,1.0,13,5,ari_stability_quant,6,0.8826011120815,False,False,0.7424693280726026
difficulty_level,1,medium,1.0,13,5,ari_stability_quant,7,0.8342080741359755,False,False,0.6880498488527484
difficulty_level,1,medium,1.0,13,5,consensus_ce_stability,3,0.9999999999586944,True,False,0.7935485526919724
difficulty_level,1,medium,1.0,13,5,consensus_ce_stability,4,0.9434241238179003,False,False,0.9275120911456485
difficulty_level,1,medium,1.0,13,5,consensus_ce_stability,5,0.9999999999586944,False,True,1.0
difficulty_level,1,medium,1.0,13,5,consensus_ce_stability,6,0.9155928112090886,False,False,0.7424693280726026
difficulty_level,1,medium,1.0,13,5,consensus_ce_stability,7,0.8856508127357424,False,False,0.6880498488527484
difficulty_level,1,medium,1.0,13,5,consensus_gini_stability,3,1.0,True,False,0.7935485526919724
difficulty_level,1,medium,1.0,13,5,consensus_gini_stability,4,0.9461657090204856,False,False,0.9275120911456485
difficulty_level,1,medium,1.0,13,5,consensus_gini_stability,5,1.0,False,True,1.0
difficulty_level,1,medium,1.0,13,5,consensus_gini_stability,6,0.9244189805723897,False,False,0.7424693280726026
difficulty_level,1,medium,1.0,13,5,consensus_gini_stability,7,0.898114531806669,False,False,0.6880498488527484
difficulty_level,1,medium,1.0,13,5,consensus_pac_stability,3,1.0,True,False,0.7935485526919724
difficulty_level,1,medium,1.0,13,5,consensus_pac_stability,4,0.9399544772386194,False,False,0.9275120911456485
difficulty_level,1,medium,1.0,13,5,consensus_pac_stability,5,1.0,False,True,1.0
difficulty_level,1,medium,1.0,13,5,consensus_pac_stability,6,0.8877408704352177,False,False,0.7424693280726026
difficulty_level,1,medium,1.0,13,5,consensus_pac_stability,7,0.843879939969985,False,False,0.6880498488527484
difficulty_level,1,medium,1.0,13,5,silhouette,3,0.2699505376252798,False,False,0.7935485526919724
difficulty_level,1,medium,1.0,13,5,silhouette,4,0.3091461030611432,False,False,0.9275120911456485
difficulty_level,1,medium,1.0,13,5,silhouette,5,0.3493011783505723,True,True,1.0
difficulty_level,1,medium,1.0,13,5,silhouette,6,0.31571627610857306,False,False,0.7457262366322908
difficulty_level,1,medium,1.0,13,5,silhouette,7,0.3239124768983457,False,False,0.6913014444150523
difficulty_level,1,medium,1.0,13,5,gap,3,0.5463803525229469,False,False,0.7935485526919724
difficulty_level,1,medium,1.0,13,5,gap,4,0.6585927322378602,False,False,0.9275120911456485
difficulty_level,1,medium,1.0,13,5,gap,5,0.7802806995483191,False,True,1.0
difficulty_level,1,medium,1.0,13,5,gap,6,0.9028133511134815,False,False,0.7457262366322908
difficulty_level,1,medium,1.0,13,5,gap,7,0.9881164102709761,True,False,0.6913014444150523
difficulty_level,1,medium,1.0,13,5,davies_bouldin,3,0.3586525788886314,False,False,0.7935485526919724
difficulty_level,1,medium,1.0,13,5,davies_bouldin,4,0.3648295035987036,False,False,0.9275120911456485
difficulty_level,1,medium,1.0,13,5,davies_bouldin,5,0.39060388425578246,False,True,1.0
difficulty_level,1,medium,1.0,13,5,davies_bouldin,6,0.40461091486372097,False,False,0.7457262366322908
difficulty_level,1,medium,1.0,13,5,davies_bouldin,7,0.4143981039025077,True,False,0.6913014444150523
difficulty_level,1,medium,1.0,13,5,calinski_harabasz,3,435.092955341962,False,False,0.7935485526919724
difficulty_level,1,medium,1.0,13,5,calinski_harabasz,4,411.9173608242786,False,False,0.9275120911456485
difficulty_level,1,medium,1.0,13,5,calinski_harabasz,5,419.313971576874,False,True,1.0
difficulty_level,1,medium,1.0,13,5,calinski_harabasz,6,435.7298478243794,True,False,0.7457262366322908
difficulty_level,1,medium,1.0,13,5,calinski_harabasz,7,428.69036809262417,False,False,0.6913014444150523
difficulty_level,1,medium,1.0,14,5,accuracy_generalizability,3,1.0,True,False,0.6409449734203312
difficulty_level,1,medium,1.0,14,5,accuracy_generalizability,4,0.9216650810474752,False,False,0.8996482504698554
difficulty_level,1,medium,1.0,14,5,accuracy_generalizability,5,1.0,False,True,1.0
difficulty_level,1,medium,1.0,14,5,accuracy_generalizability,6,0.9308845210599663,False,False,0.9297899323273089
difficulty_level,1,medium,1.0,14,5,accuracy_generalizability,7,0.882453019031664,False,False,0.7751234048536045
difficulty_level,1,medium,1.0,14,5,ari_average,3,1.0,True,False,0.6409449734203312
difficulty_level,1,medium,1.0,14,5,ari_average,4,0.8907935072723988,False,False,0.8996482504698554
difficulty_level,1,medium,1.0,14,5,ari_average,5,1.0,False,True,1.0
difficulty_level,1,medium,1.0,14,5,ari_average,6,0.9320105851987809,False,False,0.9297899323273089
difficulty_level,1,medium,1.0,14,5,ari_average,7,0.8322684573643765,False,False,0.7751234048536045
difficulty_level,1,medium,1.0,14,5,ari_average_1se,3,1.0,False,False,0.6409449734203312
difficulty_level,1,medium,1.0,14,5,ari_average_1se,4,0.8907935072723988,False,False,0.8996482504698554
difficulty_level,1,medium,1.0,14,5,ari_average_1se,5,1.0,True,True,1.0
difficulty_level,1,medium,1.0,14,5,ari_average_1se,6,0.9320105851987809,False,False,0.9297899323273089
difficulty_level,1,medium,1.0,14,5,ari_average_1se,7,0.8322684573643765,False,False,0.7751234048536045
difficulty_level,1,medium,1.0,14,5,ari_average_quant,3,1.0,False,False,0.6409449734203312
difficulty_level,1,medium,1.0,14,5,ari_average_quant,4,0.8907935072723988,False,False,0.8996482504698554
difficulty_level,1,medium,1.0,14,5,ari_average_quant,5,1.0,True,True,1.0
difficulty_level,1,medium,1.0,14,5,ari_average_quant,6,0.9320105851987809,False,False,0.9297899323273089
difficulty_level,1,medium,1.0,14,5,ari_average_quant,7,0.8322684573643765,False,False,0.7751234048536045
difficulty_level,1,medium,1.0,14,5,ari_generalizability,3,1.0,True,False,0.6409449734203312
difficulty_level,1,medium,1.0,14,5,ari_generalizability,4,0.8577788860742619,False,False,0.8996482504698554
difficulty_level,1,medium,1.0,14,5,ari_generalizability,5,1.0,False,True,1.0
difficulty_level,1,medium,1.0,14,5,ari_generalizability,6,0.9270888106383315,False,False,0.9297899323273089
difficulty_level,1,medium,1.0,14,5,ari_generalizability,7,0.824071754750554,False,False,0.7751234048536045
difficulty_level,1,medium,1.0,14,5,ari_generalizability_1se,3,1.0,False,False,0.6409449734203312
difficulty_level,1,medium,1.0,14,5,ari_generalizability_1se,4,0.8577788860742619,False,False,0.8996482504698554
difficulty_level,1,medium,1.0,14,5,ari_generalizability_1se,5,1.0,True,True,1.0
difficulty_level,1,medium,1.0,14,5,ari_generalizability_1se,6,0.9270888106383315,False,False,0.9297899323273089
difficulty_level,1,medium,1.0,14,5,ari_generalizability_1se,7,0.824071754750554,False,False,0.7751234048536045
difficulty_level,1,medium,1.0,14,5,ari_generalizability_quant,3,1.0,False,False,0.6409449734203312
difficulty_level,1,medium,1.0,14,5,ari_generalizability_quant,4,0.8577788860742619,False,False,0.8996482504698554
difficulty_level,1,medium,1.0,14,5,ari_generalizability_quant,5,1.0,True,True,1.0
difficulty_level,1,medium,1.0,14,5,ari_generalizability_quant,6,0.9270888106383315,False,False,0.9297899323273089
difficulty_level,1,medium,1.0,14,5,ari_generalizability_quant,7,0.824071754750554,False,False,0.7751234048536045
difficulty_level,1,medium,1.0,14,5,ari_stability,3,1.0,True,False,0.6409449734203312
difficulty_level,1,medium,1.0,14,5,ari_stability,4,0.9238081284705356,False,False,0.8996482504698554
difficulty_level,1,medium,1.0,14,5,ari_stability,5,1.0,False,True,1.0
difficulty_level,1,medium,1.0,14,5,ari_stability,6,0.9369323597592301,False,False,0.9297899323273089
difficulty_level,1,medium,1.0,14,5,ari_stability,7,0.8404651599781987,False,False,0.7751234048536045
difficulty_level,1,medium,1.0,14,5,ari_stability_1se,3,1.0,False,False,0.6409449734203312
difficulty_level,1,medium,1.0,14,5,ari_stability_1se,4,0.9238081284705356,False,False,0.8996482504698554
difficulty_level,1,medium,1.0,14,5,ari_stability_1se,5,1.0,True,True,1.0
difficulty_level,1,medium,1.0,14,5,ari_stability_1se,6,0.9369323597592301,False,False,0.9297899323273089
difficulty_level,1,medium,1.0,14,5,ari_stability_1se,7,0.8404651599781987,False,False,0.7751234048536045
difficulty_level,1,medium,1.0,14,5,ari_stability_quant,3,1.0,False,False,0.6409449734203312
difficulty_level,1,medium,1.0,14,5,ari_stability_quant,4,0.9238081284705356,False,False,0.8996482504698554
difficulty_level,1,medium,1.0,14,5,ari_stability_quant,5,1.0,True,True,1.0
difficulty_level,1,medium,1.0,14,5,ari_stability_quant,6,0.9369323597592301,False,False,0.9297899323273089
difficulty_level,1,medium,1.0,14,5,ari_stability_quant,7,0.8404651599781987,False,False,0.7751234048536045
difficulty_level,1,medium,1.0,14,5,consensus_ce_stability,3,0.9999999999586944,True,False,0.6409449734203312
difficulty_level,1,medium,1.0,14,5,consensus_ce_stability,4,0.9195748258260553,False,False,0.8996482504698554
difficulty_level,1,medium,1.0,14,5,consensus_ce_stability,5,0.9999999999586944,False,True,1.0
difficulty_level,1,medium,1.0,14,5,consensus_ce_stability,6,0.9588669308550507,False,False,0.9297899323273089
difficulty_level,1,medium,1.0,14,5,consensus_ce_stability,7,0.9132896986507806,False,False,0.7751234048536045
difficulty_level,1,medium,1.0,14,5,consensus_gini_stability,3,1.0,True,False,0.6409449734203312
difficulty_level,1,medium,1.0,14,5,consensus_gini_stability,4,0.924265860546627,False,False,0.8996482504698554
difficulty_level,1,medium,1.0,14,5,consensus_gini_stability,5,1.0,False,True,1.0
difficulty_level,1,medium,1.0,14,5,consensus_gini_stability,6,0.9668908275310735,False,False,0.9297899323273089
difficulty_level,1,medium,1.0,14,5,consensus_gini_stability,7,0.9209089095745683,False,False,0.7751234048536045
difficulty_level,1,medium,1.0,14,5,consensus_pac_stability,3,1.0,True,False,0.6409449734203312
difficulty_level,1,medium,1.0,14,5,consensus_pac_stability,4,0.9049494747373686,False,False,0.8996482504698554
difficulty_level,1,medium,1.0,14,5,consensus_pac_stability,5,1.0,False,True,1.0
difficulty_level,1,medium,1.0,14,5,consensus_pac_stability,6,0.9369929964982491,False,False,0.9297899323273089
difficulty_level,1,medium,1.0,14,5,consensus_pac_stability,7,0.8890845422711355,False,False,0.7751234048536045
difficulty_level,1,medium,1.0,14,5,silhouette,3,0.23102578531196868,False,False,0.6409449734203312
difficulty_level,1,medium,1.0,14,5,silhouette,4,0.28153539298305064,False,False,0.8996482504698554
difficulty_level,1,medium,1.0,14,5,silhouette,5,0.31860202902146106,False,True,1.0
difficulty_level,1,medium,1.0,14,5,silhouette,6,0.3412548258128675,True,False,0.9302166165779766
difficulty_level,1,medium,1.0,14,5,silhouette,7,0.32128171742363654,False,False,0.7812374056584729
difficulty_level,1,medium,1.0,14,5,gap,3,0.31725255772409255,False,False,0.6409449734203312
difficulty_level,1,medium,1.0,14,5,gap,4,0.450263544837874,False,False,0.8996482504698554
difficulty_level,1,medium,1.0,14,5,gap,5,0.5810448917512065,False,True,1.0
difficulty_level,1,medium,1.0,14,5,gap,6,0.6790721838905469,False,False,0.9302166165779766
difficulty_level,1,medium,1.0,14,5,gap,7,0.7584183895811059,True,False,0.7812374056584729
difficulty_level,1,medium,1.0,14,5,davies_bouldin,3,0.344913486574766,False,False,0.6409449734203312
difficulty_level,1,medium,1.0,14,5,davies_bouldin,4,0.35030270841896827,False,False,0.8996482504698554
difficulty_level,1,medium,1.0,14,5,davies_bouldin,5,0.3889577429962659,False,True,1.0
difficulty_level,1,medium,1.0,14,5,davies_bouldin,6,0.4017585047214867,False,False,0.9302166165779766
difficulty_level,1,medium,1.0,14,5,davies_bouldin,7,0.40989650511801823,True,False,0.7812374056584729
difficulty_level,1,medium,1.0,14,5,calinski_harabasz,3,380.40860303706734,False,False,0.6409449734203312
difficulty_level,1,medium,1.0,14,5,calinski_harabasz,4,390.67643604116853,False,False,0.8996482504698554
difficulty_level,1,medium,1.0,14,5,calinski_harabasz,5,408.3061628998934,True,True,1.0
difficulty_level,1,medium,1.0,14,5,calinski_harabasz,6,405.09986649475945,False,False,0.9302166165779766
difficulty_level,1,medium,1.0,14,5,calinski_harabasz,7,395.9636529006293,False,False,0.7812374056584729
difficulty_level,1,medium,0.9227640342863768,15,5,accuracy_generalizability,3,0.9709687882116116,False,False,0.6378402203900428
difficulty_level,1,medium,0.9227640342863768,15,5,accuracy_generalizability,4,1.0,True,False,0.8587311263824218
difficulty_level,1,medium,0.9227640342863768,15,5,accuracy_generalizability,5,0.9659346463575391,False,True,1.0
difficulty_level,1,medium,0.9227640342863768,15,5,accuracy_generalizability,6,0.8479820420516577,False,False,0.9042413237595889
difficulty_level,1,medium,0.9227640342863768,15,5,accuracy_generalizability,7,0.8724465077639965,False,False,0.8596868297617006
difficulty_level,1,medium,0.9227640342863768,15,5,ari_average,3,0.9592505675074906,False,False,0.6378402203900428
difficulty_level,1,medium,0.9227640342863768,15,5,ari_average,4,1.0,True,False,0.8587311263824218
difficulty_level,1,medium,0.9227640342863768,15,5,ari_average,5,0.9485597111597524,False,True,1.0
difficulty_level,1,medium,0.9227640342863768,15,5,ari_average,6,0.8652007875840116,False,False,0.9042413237595889
difficulty_level,1,medium,0.9227640342863768,15,5,ari_average,7,0.8865463269828211,False,False,0.8596868297617006
difficulty_level,1,medium,0.9227640342863768,15,5,ari_average_1se,3,0.9592505675074906,False,False,0.6378402203900428
difficulty_level,1,medium,0.9227640342863768,15,5,ari_average_1se,4,1.0,True,False,0.8587311263824218
difficulty_level,1,medium,0.9227640342863768,15,5,ari_average_1se,5,0.9485597111597524,False,True,1.0
difficulty_level,1,medium,0.9227640342863768,15,5,ari_average_1se,6,0.8652007875840116,False,False,0.9042413237595889
difficulty_level,1,medium,0.9227640342863768,15,5,ari_average_1se,7,0.8865463269828211,False,False,0.8596868297617006
difficulty_level,1,medium,0.9227640342863768,15,5,ari_average_quant,3,0.9592505675074906,False,False,0.6378402203900428
difficulty_level,1,medium,0.9227640342863768,15,5,ari_average_quant,4,1.0,True,False,0.8587311263824218
difficulty_level,1,medium,0.9227640342863768,15,5,ari_average_quant,5,0.9485597111597524,False,True,1.0
difficulty_level,1,medium,0.9227640342863768,15,5,ari_average_quant,6,0.8652007875840116,False,False,0.9042413237595889
difficulty_level,1,medium,0.9227640342863768,15,5,ari_average_quant,7,0.8865463269828211,False,False,0.8596868297617006
difficulty_level,1,medium,0.9227640342863768,15,5,ari_generalizability,3,0.9324618770989619,False,False,0.6378402203900428
difficulty_level,1,medium,0.9227640342863768,15,5,ari_generalizability,4,1.0,True,False,0.8587311263824218
difficulty_level,1,medium,0.9227640342863768,15,5,ari_generalizability,5,0.9455490914740798,False,True,1.0
difficulty_level,1,medium,0.9227640342863768,15,5,ari_generalizability,6,0.8576521726927362,False,False,0.9042413237595889
difficulty_level,1,medium,0.9227640342863768,15,5,ari_generalizability,7,0.8746456725467177,False,False,0.8596868297617006
difficulty_level,1,medium,0.9227640342863768,15,5,ari_generalizability_1se,3,0.9324618770989619,False,False,0.6378402203900428
difficulty_level,1,medium,0.9227640342863768,15,5,ari_generalizability_1se,4,1.0,True,False,0.8587311263824218
difficulty_level,1,medium,0.9227640342863768,15,5,ari_generalizability_1se,5,0.9455490914740798,False,True,1.0
difficulty_level,1,medium,0.9227640342863768,15,5,ari_generalizability_1se,6,0.8576521726927362,False,False,0.9042413237595889
difficulty_level,1,medium,0.9227640342863768,15,5,ari_generalizability_1se,7,0.8746456725467177,False,False,0.8596868297617006
difficulty_level,1,medium,0.9227640342863768,15,5,ari_generalizability_quant,3,0.9324618770989619,False,False,0.6378402203900428
difficulty_level,1,medium,0.9227640342863768,15,5,ari_generalizability_quant,4,1.0,True,False,0.8587311263824218
difficulty_level,1,medium,0.9227640342863768,15,5,ari_generalizability_quant,5,0.9455490914740798,False,True,1.0
difficulty_level,1,medium,0.9227640342863768,15,5,ari_generalizability_quant,6,0.8576521726927362,False,False,0.9042413237595889
difficulty_level,1,medium,0.9227640342863768,15,5,ari_generalizability_quant,7,0.8746456725467177,False,False,0.8596868297617006
difficulty_level,1,medium,0.9227640342863768,15,5,ari_stability,3,0.9860392579160194,False,False,0.6378402203900428
difficulty_level,1,medium,0.9227640342863768,15,5,ari_stability,4,1.0,True,False,0.8587311263824218
difficulty_level,1,medium,0.9227640342863768,15,5,ari_stability,5,0.9515703308454249,False,True,1.0
difficulty_level,1,medium,0.9227640342863768,15,5,ari_stability,6,0.8727494024752874,False,False,0.9042413237595889
difficulty_level,1,medium,0.9227640342863768,15,5,ari_stability,7,0.8984469814189245,False,False,0.8596868297617006
difficulty_level,1,medium,0.9227640342863768,15,5,ari_stability_1se,3,0.9860392579160194,False,False,0.6378402203900428
difficulty_level,1,medium,0.9227640342863768,15,5,ari_stability_1se,4,1.0,True,False,0.8587311263824218
difficulty_level,1,medium,0.9227640342863768,15,5,ari_stability_1se,5,0.9515703308454249,False,True,1.0
difficulty_level,1,medium,0.9227640342863768,15,5,ari_stability_1se,6,0.8727494024752874,False,False,0.9042413237595889
difficulty_level,1,medium,0.9227640342863768,15,5,ari_stability_1se,7,0.8984469814189245,False,False,0.8596868297617006
difficulty_level,1,medium,0.9227640342863768,15,5,ari_stability_quant,3,0.9860392579160194,False,False,0.6378402203900428
difficulty_level,1,medium,0.9227640342863768,15,5,ari_stability_quant,4,1.0,True,False,0.8587311263824218
difficulty_level,1,medium,0.9227640342863768,15,5,ari_stability_quant,5,0.9515703308454249,False,True,1.0
difficulty_level,1,medium,0.9227640342863768,15,5,ari_stability_quant,6,0.8727494024752874,False,False,0.9042413237595889
difficulty_level,1,medium,0.9227640342863768,15,5,ari_stability_quant,7,0.8984469814189245,False,False,0.8596868297617006
difficulty_level,1,medium,0.9227640342863768,15,5,consensus_ce_stability,3,0.9701109677911082,False,False,0.6378402203900428
difficulty_level,1,medium,0.9227640342863768,15,5,consensus_ce_stability,4,0.9999999999586944,True,False,0.8587311263824218
difficulty_level,1,medium,0.9227640342863768,15,5,consensus_ce_stability,5,0.9709554434583083,False,True,1.0
difficulty_level,1,medium,0.9227640342863768,15,5,consensus_ce_stability,6,0.9272805741168859,False,False,0.9042413237595889
difficulty_level,1,medium,0.9227640342863768,15,5,consensus_ce_stability,7,0.9388270240018788,False,False,0.8596868297617006
difficulty_level,1,medium,0.9227640342863768,15,5,consensus_gini_stability,3,0.9820418581877772,False,False,0.6378402203900428
difficulty_level,1,medium,0.9227640342863768,15,5,consensus_gini_stability,4,1.0,True,False,0.8587311263824218
difficulty_level,1,medium,0.9227640342863768,15,5,consensus_gini_stability,5,0.9732270057120197,False,True,1.0
difficulty_level,1,medium,0.9227640342863768,15,5,consensus_gini_stability,6,0.9317906828367906,False,False,0.9042413237595889
difficulty_level,1,medium,0.9227640342863768,15,5,consensus_gini_stability,7,0.9448023938624688,False,False,0.8596868297617006
difficulty_level,1,medium,0.9227640342863768,15,5,consensus_pac_stability,3,0.9878989494747373,False,False,0.6378402203900428
difficulty_level,1,medium,0.9227640342863768,15,5,consensus_pac_stability,4,1.0,True,False,0.8587311263824218
difficulty_level,1,medium,0.9227640342863768,15,5,consensus_pac_stability,5,0.9651145572786393,False,True,1.0
difficulty_level,1,medium,0.9227640342863768,15,5,consensus_pac_stability,6,0.9141005502751376,False,False,0.9042413237595889
difficulty_level,1,medium,0.9227640342863768,15,5,consensus_pac_stability,7,0.9202186093046523,False,False,0.8596868297617006
difficulty_level,1,medium,0.9227640342863768,15,5,silhouette,3,0.24319030469300476,False,False,0.6378402203900428
difficulty_level,1,medium,0.9227640342863768,15,5,silhouette,4,0.29431121105567665,False,False,0.8587311263824218
difficulty_level,1,medium,0.9227640342863768,15,5,silhouette,5,0.33350723208660177,False,True,0.9227640342863768
difficulty_level,1,medium,0.9227640342863768,15,5,silhouette,6,0.3566630950785684,True,False,0.9063278817411944
difficulty_level,1,medium,0.9227640342863768,15,5,silhouette,7,0.35362073048242415,False,False,0.8029893133036244
difficulty_level,1,medium,0.9227640342863768,15,5,gap,3,0.3583143195833891,False,False,0.6378402203900428
difficulty_level,1,medium,0.9227640342863768,15,5,gap,4,0.49957231457733187,False,False,0.8587311263824218
difficulty_level,1,medium,0.9227640342863768,15,5,gap,5,0.6220017851684343,False,True,0.9227640342863768
difficulty_level,1,medium,0.9227640342863768,15,5,gap,6,0.7107664955884392,False,False,0.9063278817411944
difficulty_level,1,medium,0.9227640342863768,15,5,gap,7,0.8067044419379812,True,False,0.8029893133036244
difficulty_level,1,medium,0.9227640342863768,15,5,davies_bouldin,3,0.3398747899101218,False,False,0.6378402203900428
difficulty_level,1,medium,0.9227640342863768,15,5,davies_bouldin,4,0.3565793724308794,False,False,0.8587311263824218
difficulty_level,1,medium,0.9227640342863768,15,5,davies_bouldin,5,0.3675966885577879,False,True,0.9227640342863768
difficulty_level,1,medium,0.9227640342863768,15,5,davies_bouldin,6,0.38825128406537496,False,False,0.9063278817411944
difficulty_level,1,medium,0.9227640342863768,15,5,davies_bouldin,7,0.4025546719758145,True,False,0.8029893133036244
difficulty_level,1,medium,0.9227640342863768,15,5,calinski_harabasz,3,376.656793944821,False,False,0.6378402203900428
difficulty_level,1,medium,0.9227640342863768,15,5,calinski_harabasz,4,396.010701016992,False,False,0.8587311263824218
difficulty_level,1,medium,0.9227640342863768,15,5,calinski_harabasz,5,405.1011591627573,True,True,0.9227640342863768
difficulty_level,1,medium,0.9227640342863768,15,5,calinski_harabasz,6,394.6875572806579,False,False,0.9063278817411944
difficulty_level,1,medium,0.9227640342863768,15,5,calinski_harabasz,7,398.47008265480775,False,False,0.8029893133036244
difficulty_level,1,medium,1.0,16,5,accuracy_generalizability,3,0.9557471039238687,False,False,0.6369066544607629
difficulty_level,1,medium,1.0,16,5,accuracy_generalizability,4,0.9809666242739418,False,False,0.8771542688316748
difficulty_level,1,medium,1.0,16,5,accuracy_generalizability,5,0.9902356913655137,True,True,1.0
difficulty_level,1,medium,1.0,16,5,accuracy_generalizability,6,0.8440813405908503,False,False,0.9547806386499231
difficulty_level,1,medium,1.0,16,5,accuracy_generalizability,7,0.8169521305157372,False,False,0.7767745374997869
difficulty_level,1,medium,1.0,16,5,ari_average,3,0.9624310072677211,False,False,0.6369066544607629
difficulty_level,1,medium,1.0,16,5,ari_average,4,0.9735432422253032,False,False,0.8771542688316748
difficulty_level,1,medium,1.0,16,5,ari_average,5,0.9859475440316252,True,True,1.0
difficulty_level,1,medium,1.0,16,5,ari_average,6,0.8564604157681237,False,False,0.9547806386499231
difficulty_level,1,medium,1.0,16,5,ari_average,7,0.7913864817482584,False,False,0.7767745374997869
difficulty_level,1,medium,1.0,16,5,ari_average_1se,3,0.9624310072677211,False,False,0.6369066544607629
difficulty_level,1,medium,1.0,16,5,ari_average_1se,4,0.9735432422253032,False,False,0.8771542688316748
difficulty_level,1,medium,1.0,16,5,ari_average_1se,5,0.9859475440316252,True,True,1.0
difficulty_level,1,medium,1.0,16,5,ari_average_1se,6,0.8564604157681237,False,False,0.9547806386499231
difficulty_level,1,medium,1.0,16,5,ari_average_1se,7,0.7913864817482584,False,False,0.7767745374997869
difficulty_level,1,medium,1.0,16,5,ari_average_quant,3,0.9624310072677211,False,False,0.6369066544607629
difficulty_level,1,medium,1.0,16,5,ari_average_quant,4,0.9735432422253032,False,False,0.8771542688316748
difficulty_level,1,medium,1.0,16,5,ari_average_quant,5,0.9859475440316252,True,True,1.0
difficulty_level,1,medium,1.0,16,5,ari_average_quant,6,0.8564604157681237,False,False,0.9547806386499231
difficulty_level,1,medium,1.0,16,5,ari_average_quant,7,0.7913864817482584,False,False,0.7767745374997869
difficulty_level,1,medium,1.0,16,5,ari_generalizability,3,0.9346178718591018,False,False,0.6369066544607629
difficulty_level,1,medium,1.0,16,5,ari_generalizability,4,0.9633564017208573,False,False,0.8771542688316748
difficulty_level,1,medium,1.0,16,5,ari_generalizability,5,0.982687702508957,True,True,1.0
difficulty_level,1,medium,1.0,16,5,ari_generalizability,6,0.8380742240981482,False,False,0.9547806386499231
difficulty_level,1,medium,1.0,16,5,ari_generalizability,7,0.7763525197528562,False,False,0.7767745374997869
difficulty_level,1,medium,1.0,16,5,ari_generalizability_1se,3,0.9346178718591018,False,False,0.6369066544607629
difficulty_level,1,medium,1.0,16,5,ari_generalizability_1se,4,0.9633564017208573,False,False,0.8771542688316748
difficulty_level,1,medium,1.0,16,5,ari_generalizability_1se,5,0.982687702508957,True,True,1.0
difficulty_level,1,medium,1.0,16,5,ari_generalizability_1se,6,0.8380742240981482,False,False,0.9547806386499231
difficulty_level,1,medium,1.0,16,5,ari_generalizability_1se,7,0.7763525197528562,False,False,0.7767745374997869
difficulty_level,1,medium,1.0,16,5,ari_generalizability_quant,3,0.9346178718591018,False,False,0.6369066544607629
difficulty_level,1,medium,1.0,16,5,ari_generalizability_quant,4,0.9633564017208573,False,False,0.8771542688316748
difficulty_level,1,medium,1.0,16,5,ari_generalizability_quant,5,0.982687702508957,True,True,1.0
difficulty_level,1,medium,1.0,16,5,ari_generalizability_quant,6,0.8380742240981482,False,False,0.9547806386499231
difficulty_level,1,medium,1.0,16,5,ari_generalizability_quant,7,0.7763525197528562,False,False,0.7767745374997869
difficulty_level,1,medium,1.0,16,5,ari_stability,3,0.9902441426763405,True,False,0.6369066544607629
difficulty_level,1,medium,1.0,16,5,ari_stability,4,0.9837300827297492,False,False,0.8771542688316748
difficulty_level,1,medium,1.0,16,5,ari_stability,5,0.9892073855542936,False,True,1.0
difficulty_level,1,medium,1.0,16,5,ari_stability,6,0.8748466074380992,False,False,0.9547806386499231
difficulty_level,1,medium,1.0,16,5,ari_stability,7,0.8064204437436606,False,False,0.7767745374997869
difficulty_level,1,medium,1.0,16,5,ari_stability_1se,3,0.9902441426763405,False,False,0.6369066544607629
difficulty_level,1,medium,1.0,16,5,ari_stability_1se,4,0.9837300827297492,False,False,0.8771542688316748
difficulty_level,1,medium,1.0,16,5,ari_stability_1se,5,0.9892073855542936,True,True,1.0
difficulty_level,1,medium,1.0,16,5,ari_stability_1se,6,0.8748466074380992,False,False,0.9547806386499231
difficulty_level,1,medium,1.0,16,5,ari_stability_1se,7,0.8064204437436606,False,False,0.7767745374997869
difficulty_level,1,medium,1.0,16,5,ari_stability_quant,3,0.9902441426763405,True,False,0.6369066544607629
difficulty_level,1,medium,1.0,16,5,ari_stability_quant,4,0.9837300827297492,False,False,0.8771542688316748
difficulty_level,1,medium,1.0,16,5,ari_stability_quant,5,0.9892073855542936,False,True,1.0
difficulty_level,1,medium,1.0,16,5,ari_stability_quant,6,0.8748466074380992,False,False,0.9547806386499231
difficulty_level,1,medium,1.0,16,5,ari_stability_quant,7,0.8064204437436606,False,False,0.7767745374997869
difficulty_level,1,medium,1.0,16,5,consensus_ce_stability,3,0.9717453921732122,False,False,0.6369066544607629
difficulty_level,1,medium,1.0,16,5,consensus_ce_stability,4,0.9839077849442808,False,False,0.8771542688316748
difficulty_level,1,medium,1.0,16,5,consensus_ce_stability,5,0.9906213673983251,True,True,1.0
difficulty_level,1,medium,1.0,16,5,consensus_ce_stability,6,0.910046452485814,False,False,0.9547806386499231
difficulty_level,1,medium,1.0,16,5,consensus_ce_stability,7,0.8902128718698482,False,False,0.7767745374997869
difficulty_level,1,medium,1.0,16,5,consensus_gini_stability,3,0.9827108219947006,False,False,0.6369066544607629
difficulty_level,1,medium,1.0,16,5,consensus_gini_stability,4,0.9894571927749148,False,False,0.8771542688316748
difficulty_level,1,medium,1.0,16,5,consensus_gini_stability,5,0.9936421539549855,True,True,1.0
difficulty_level,1,medium,1.0,16,5,consensus_gini_stability,6,0.9204826741103833,False,False,0.9547806386499231
difficulty_level,1,medium,1.0,16,5,consensus_gini_stability,7,0.8990446437911946,False,False,0.7767745374997869
difficulty_level,1,medium,1.0,16,5,consensus_pac_stability,3,0.9812416208104052,False,False,0.6369066544607629
difficulty_level,1,medium,1.0,16,5,consensus_pac_stability,4,0.9807243621810905,False,False,0.8771542688316748
difficulty_level,1,medium,1.0,16,5,consensus_pac_stability,5,0.9854942471235618,True,True,1.0
difficulty_level,1,medium,1.0,16,5,consensus_pac_stability,6,0.8774332166083042,False,False,0.9547806386499231
difficulty_level,1,medium,1.0,16,5,consensus_pac_stability,7,0.8629059529764882,False,False,0.7767745374997869
difficulty_level,1,medium,1.0,16,5,silhouette,3,0.2162924239751881,False,False,0.6369066544607629
difficulty_level,1,medium,1.0,16,5,silhouette,4,0.27009800403671624,False,False,0.8771542688316748
difficulty_level,1,medium,1.0,16,5,silhouette,5,0.30519511129012417,True,True,1.0
difficulty_level,1,medium,1.0,16,5,silhouette,6,0.2809558535744056,False,False,0.8613773217204099
difficulty_level,1,medium,1.0,16,5,silhouette,7,0.2996685155463432,False,False,0.8350669011579385
difficulty_level,1,medium,1.0,16,5,gap,3,0.3571399528299626,False,False,0.6369066544607629
difficulty_level,1,medium,1.0,16,5,gap,4,0.4917185278499687,False,False,0.8771542688316748
difficulty_level,1,medium,1.0,16,5,gap,5,0.604879734329721,False,True,1.0
difficulty_level,1,medium,1.0,16,5,gap,6,0.6708446163464288,False,False,0.8613773217204099
difficulty_level,1,medium,1.0,16,5,gap,7,0.7421257324625028,True,False,0.8350669011579385
difficulty_level,1,medium,1.0,16,5,davies_bouldin,3,0.34635939734101634,False,False,0.6369066544607629
difficulty_level,1,medium,1.0,16,5,davies_bouldin,4,0.3501516492858456,False,False,0.8771542688316748
difficulty_level,1,medium,1.0,16,5,davies_bouldin,5,0.37301060497903266,False,True,1.0
difficulty_level,1,medium,1.0,16,5,davies_bouldin,6,0.38500731966619944,False,False,0.8613773217204099
difficulty_level,1,medium,1.0,16,5,davies_bouldin,7,0.413795732168303,True,False,0.8350669011579385
difficulty_level,1,medium,1.0,16,5,calinski_harabasz,3,348.6630768041628,False,False,0.6369066544607629
difficulty_level,1,medium,1.0,16,5,calinski_harabasz,4,366.9196715485293,False,False,0.8771542688316748
difficulty_level,1,medium,1.0,16,5,calinski_harabasz,5,371.867193317363,True,True,1.0
difficulty_level,1,medium,1.0,16,5,calinski_harabasz,6,348.0914307318507,False,False,0.8613773217204099
difficulty_level,1,medium,1.0,16,5,calinski_harabasz,7,338.64017018284125,False,False,0.8350669011579385
difficulty_level,1,medium,1.0,17,5,accuracy_generalizability,3,0.9870480306897164,False,False,0.5702005630594777
difficulty_level,1,medium,1.0,17,5,accuracy_generalizability,4,0.9992860894629672,True,False,0.8732240587455578
difficulty_level,1,medium,1.0,17,5,accuracy_generalizability,5,0.9886789940982051,False,True,1.0
difficulty_level,1,medium,1.0,17,5,accuracy_generalizability,6,0.9231449280605113,False,False,0.9557144559087216
difficulty_level,1,medium,1.0,17,5,accuracy_generalizability,7,0.8270853301871316,False,False,0.863609035355933
difficulty_level,1,medium,1.0,17,5,ari_average,3,0.9830662098456519,False,False,0.5702005630594777
difficulty_level,1,medium,1.0,17,5,ari_average,4,0.9984539061418587,True,False,0.8732240587455578
difficulty_level,1,medium,1.0,17,5,ari_average,5,0.984374598656503,False,True,1.0
difficulty_level,1,medium,1.0,17,5,ari_average,6,0.9408659286911829,False,False,0.9557144559087216
difficulty_level,1,medium,1.0,17,5,ari_average,7,0.8557001212291816,False,False,0.863609035355933
difficulty_level,1,medium,1.0,17,5,ari_average_1se,3,0.9830662098456519,False,False,0.5702005630594777
difficulty_level,1,medium,1.0,17,5,ari_average_1se,4,0.9984539061418587,True,False,0.8732240587455578
difficulty_level,1,medium,1.0,17,5,ari_average_1se,5,0.984374598656503,False,True,1.0
difficulty_level,1,medium,1.0,17,5,ari_average_1se,6,0.9408659286911829,False,False,0.9557144559087216
difficulty_level,1,medium,1.0,17,5,ari_average_1se,7,0.8557001212291816,False,False,0.863609035355933
difficulty_level,1,medium,1.0,17,5,ari_average_quant,3,0.9830662098456519,False,False,0.5702005630594777
difficulty_level,1,medium,1.0,17,5,ari_average_quant,4,0.9984539061418587,True,False,0.8732240587455578
difficulty_level,1,medium,1.0,17,5,ari_average_quant,5,0.984374598656503,False,True,1.0
difficulty_level,1,medium,1.0,17,5,ari_average_quant,6,0.9408659286911829,False,False,0.9557144559087216
difficulty_level,1,medium,1.0,17,5,ari_average_quant,7,0.8557001212291816,False,False,0.863609035355933
difficulty_level,1,medium,1.0,17,5,ari_generalizability,3,0.9723430070400344,False,False,0.5702005630594777
difficulty_level,1,medium,1.0,17,5,ari_generalizability,4,0.9978931022526939,True,False,0.8732240587455578
difficulty_level,1,medium,1.0,17,5,ari_generalizability,5,0.9819306517473266,False,True,1.0
difficulty_level,1,medium,1.0,17,5,ari_generalizability,6,0.9333139780205816,False,False,0.9557144559087216
difficulty_level,1,medium,1.0,17,5,ari_generalizability,7,0.834467350742308,False,False,0.863609035355933
difficulty_level,1,medium,1.0,17,5,ari_generalizability_1se,3,0.9723430070400344,False,False,0.5702005630594777
difficulty_level,1,medium,1.0,17,5,ari_generalizability_1se,4,0.9978931022526939,True,False,0.8732240587455578
difficulty_level,1,medium,1.0,17,5,ari_generalizability_1se,5,0.9819306517473266,False,True,1.0
difficulty_level,1,medium,1.0,17,5,ari_generalizability_1se,6,0.9333139780205816,False,False,0.9557144559087216
difficulty_level,1,medium,1.0,17,5,ari_generalizability_1se,7,0.834467350742308,False,False,0.863609035355933
difficulty_level,1,medium,1.0,17,5,ari_generalizability_quant,3,0.9723430070400344,False,False,0.5702005630594777
difficulty_level,1,medium,1.0,17,5,ari_generalizability_quant,4,0.9978931022526939,True,False,0.8732240587455578
difficulty_level,1,medium,1.0,17,5,ari_generalizability_quant,5,0.9819306517473266,False,True,1.0
difficulty_level,1,medium,1.0,17,5,ari_generalizability_quant,6,0.9333139780205816,False,False,0.9557144559087216
difficulty_level,1,medium,1.0,17,5,ari_generalizability_quant,7,0.834467350742308,False,False,0.863609035355933
difficulty_level,1,medium,1.0,17,5,ari_stability,3,0.9937894126512693,False,False,0.5702005630594777
difficulty_level,1,medium,1.0,17,5,ari_stability,4,0.9990147100310236,True,False,0.8732240587455578
difficulty_level,1,medium,1.0,17,5,ari_stability,5,0.9868185455656792,False,True,1.0
difficulty_level,1,medium,1.0,17,5,ari_stability,6,0.948417879361784,False,False,0.9557144559087216
difficulty_level,1,medium,1.0,17,5,ari_stability,7,0.8769328917160554,False,False,0.863609035355933
difficulty_level,1,medium,1.0,17,5,ari_stability_1se,3,0.9937894126512693,False,False,0.5702005630594777
difficulty_level,1,medium,1.0,17,5,ari_stability_1se,4,0.9990147100310236,True,False,0.8732240587455578
difficulty_level,1,medium,1.0,17,5,ari_stability_1se,5,0.9868185455656792,False,True,1.0
difficulty_level,1,medium,1.0,17,5,ari_stability_1se,6,0.948417879361784,False,False,0.9557144559087216
difficulty_level,1,medium,1.0,17,5,ari_stability_1se,7,0.8769328917160554,False,False,0.863609035355933
difficulty_level,1,medium,1.0,17,5,ari_stability_quant,3,0.9937894126512693,False,False,0.5702005630594777
difficulty_level,1,medium,1.0,17,5,ari_stability_quant,4,0.9990147100310236,True,False,0.8732240587455578
difficulty_level,1,medium,1.0,17,5,ari_stability_quant,5,0.9868185455656792,False,True,1.0
difficulty_level,1,medium,1.0,17,5,ari_stability_quant,6,0.948417879361784,False,False,0.9557144559087216
difficulty_level,1,medium,1.0,17,5,ari_stability_quant,7,0.8769328917160554,False,False,0.863609035355933
difficulty_level,1,medium,1.0,17,5,consensus_ce_stability,3,0.9962459579738904,False,False,0.5702005630594777
difficulty_level,1,medium,1.0,17,5,consensus_ce_stability,4,0.9974094135597988,True,False,0.8732240587455578
difficulty_level,1,medium,1.0,17,5,consensus_ce_stability,5,0.9893921091100488,False,True,1.0
difficulty_level,1,medium,1.0,17,5,consensus_ce_stability,6,0.9613626107816804,False,False,0.9557144559087216
difficulty_level,1,medium,1.0,17,5,consensus_ce_stability,7,0.9169342052890692,False,False,0.863609035355933
difficulty_level,1,medium,1.0,17,5,consensus_gini_stability,3,0.9978000632850705,False,False,0.5702005630594777
difficulty_level,1,medium,1.0,17,5,consensus_gini_stability,4,0.9984824397200869,True,False,0.8732240587455578
difficulty_level,1,medium,1.0,17,5,consensus_gini_stability,5,0.9922320011661137,False,True,1.0
difficulty_level,1,medium,1.0,17,5,consensus_gini_stability,6,0.9695445918502497,False,False,0.9557144559087216
difficulty_level,1,medium,1.0,17,5,consensus_gini_stability,7,0.9284579271877992,False,False,0.863609035355933
difficulty_level,1,medium,1.0,17,5,consensus_pac_stability,3,1.0,True,False,0.5702005630594777
difficulty_level,1,medium,1.0,17,5,consensus_pac_stability,4,1.0,False,False,0.8732240587455578
difficulty_level,1,medium,1.0,17,5,consensus_pac_stability,5,0.9837303651825913,False,True,1.0
difficulty_level,1,medium,1.0,17,5,consensus_pac_stability,6,0.9434532266133067,False,False,0.9557144559087216
difficulty_level,1,medium,1.0,17,5,consensus_pac_stability,7,0.8845167583791896,False,False,0.863609035355933
difficulty_level,1,medium,1.0,17,5,silhouette,3,0.20734472954837793,False,False,0.5702005630594777
difficulty_level,1,medium,1.0,17,5,silhouette,4,0.24313413758542535,False,False,0.8732240587455578
difficulty_level,1,medium,1.0,17,5,silhouette,5,0.2752389782133571,False,True,1.0
difficulty_level,1,medium,1.0,17,5,silhouette,6,0.2991027186058429,True,False,0.9557144559087216
difficulty_level,1,medium,1.0,17,5,silhouette,7,0.2937213481811543,False,False,0.8629155495268581
difficulty_level,1,medium,1.0,17,5,gap,3,0.2944159549025329,False,False,0.5702005630594777
difficulty_level,1,medium,1.0,17,5,gap,4,0.4181619594257615,False,False,0.8732240587455578
difficulty_level,1,medium,1.0,17,5,gap,5,0.506512292410692,False,True,1.0
difficulty_level,1,medium,1.0,17,5,gap,6,0.5821643352365875,False,False,0.9557144559087216
difficulty_level,1,medium,1.0,17,5,gap,7,0.6532689293849394,True,False,0.8629155495268581
difficulty_level,1,medium,1.0,17,5,davies_bouldin,3,0.33984883027238527,False,False,0.5702005630594777
difficulty_level,1,medium,1.0,17,5,davies_bouldin,4,0.3366089767154173,False,False,0.8732240587455578
difficulty_level,1,medium,1.0,17,5,davies_bouldin,5,0.34120102211461395,False,True,1.0
difficulty_level,1,medium,1.0,17,5,davies_bouldin,6,0.3645582044559957,False,False,0.9557144559087216
difficulty_level,1,medium,1.0,17,5,davies_bouldin,7,0.37731450034862635,True,False,0.8629155495268581
difficulty_level,1,medium,1.0,17,5,calinski_harabasz,3,321.18946944260773,False,False,0.5702005630594777
difficulty_level,1,medium,1.0,17,5,calinski_harabasz,4,335.1176441241877,True,False,0.8732240587455578
difficulty_level,1,medium,1.0,17,5,calinski_harabasz,5,324.3972691406272,False,True,1.0
difficulty_level,1,medium,1.0,17,5,calinski_harabasz,6,314.1791439640567,False,False,0.9557144559087216
difficulty_level,1,medium,1.0,17,5,calinski_harabasz,7,308.00606374829835,False,False,0.8629155495268581
difficulty_level,1,medium,0.8015080740872857,18,5,accuracy_generalizability,3,1.0,True,False,0.5507782972206227
difficulty_level,1,medium,0.8015080740872857,18,5,accuracy_generalizability,4,0.8524625280509788,False,False,0.8947760295863808
difficulty_level,1,medium,0.8015080740872857,18,5,accuracy_generalizability,5,0.9223176017069429,False,True,1.0
difficulty_level,1,medium,0.8015080740872857,18,5,accuracy_generalizability,6,0.9429563544886846,False,False,0.8658186439624019
difficulty_level,1,medium,0.8015080740872857,18,5,accuracy_generalizability,7,0.843830397683691,False,False,0.8282119678448912
difficulty_level,1,medium,0.8015080740872857,18,5,ari_average,3,1.0,True,False,0.5507782972206227
difficulty_level,1,medium,0.8015080740872857,18,5,ari_average,4,0.7667115005674292,False,False,0.8947760295863808
difficulty_level,1,medium,0.8015080740872857,18,5,ari_average,5,0.8841863821966378,False,True,1.0
difficulty_level,1,medium,0.8015080740872857,18,5,ari_average,6,0.9177298164896764,False,False,0.8658186439624019
difficulty_level,1,medium,0.8015080740872857,18,5,ari_average,7,0.8503671673707206,False,False,0.8282119678448912
difficulty_level,1,medium,0.8015080740872857,18,5,ari_average_1se,3,1.0,True,False,0.5507782972206227
difficulty_level,1,medium,0.8015080740872857,18,5,ari_average_1se,4,0.7667115005674292,False,False,0.8947760295863808
difficulty_level,1,medium,0.8015080740872857,18,5,ari_average_1se,5,0.8841863821966378,False,True,1.0
difficulty_level,1,medium,0.8015080740872857,18,5,ari_average_1se,6,0.9177298164896764,False,False,0.8658186439624019
difficulty_level,1,medium,0.8015080740872857,18,5,ari_average_1se,7,0.8503671673707206,False,False,0.8282119678448912
difficulty_level,1,medium,0.8015080740872857,18,5,ari_average_quant,3,1.0,True,False,0.5507782972206227
difficulty_level,1,medium,0.8015080740872857,18,5,ari_average_quant,4,0.7667115005674292,False,False,0.8947760295863808
difficulty_level,1,medium,0.8015080740872857,18,5,ari_average_quant,5,0.8841863821966378,False,True,1.0
difficulty_level,1,medium,0.8015080740872857,18,5,ari_average_quant,6,0.9177298164896764,False,False,0.8658186439624019
difficulty_level,1,medium,0.8015080740872857,18,5,ari_average_quant,7,0.8503671673707206,False,False,0.8282119678448912
difficulty_level,1,medium,0.8015080740872857,18,5,ari_generalizability,3,1.0,True,False,0.5507782972206227
difficulty_level,1,medium,0.8015080740872857,18,5,ari_generalizability,4,0.7487179166369535,False,False,0.8947760295863808
difficulty_level,1,medium,0.8015080740872857,18,5,ari_generalizability,5,0.8666197353546318,False,True,1.0
difficulty_level,1,medium,0.8015080740872857,18,5,ari_generalizability,6,0.9137151786349892,False,False,0.8658186439624019
difficulty_level,1,medium,0.8015080740872857,18,5,ari_generalizability,7,0.8396699926853758,False,False,0.8282119678448912
difficulty_level,1,medium,0.8015080740872857,18,5,ari_generalizability_1se,3,1.0,True,False,0.5507782972206227
difficulty_level,1,medium,0.8015080740872857,18,5,ari_generalizability_1se,4,0.7487179166369535,False,False,0.8947760295863808
difficulty_level,1,medium,0.8015080740872857,18,5,ari_generalizability_1se,5,0.8666197353546318,False,True,1.0
difficulty_level,1,medium,0.8015080740872857,18,5,ari_generalizability_1se,6,0.9137151786349892,False,False,0.8658186439624019
difficulty_level,1,medium,0.8015080740872857,18,5,ari_generalizability_1se,7,0.8396699926853758,False,False,0.8282119678448912
difficulty_level,1,medium,0.8015080740872857,18,5,ari_generalizability_quant,3,1.0,True,False,0.5507782972206227
difficulty_level,1,medium,0.8015080740872857,18,5,ari_generalizability_quant,4,0.7487179166369535,False,False,0.8947760295863808
difficulty_level,1,medium,0.8015080740872857,18,5,ari_generalizability_quant,5,0.8666197353546318,False,True,1.0
difficulty_level,1,medium,0.8015080740872857,18,5,ari_generalizability_quant,6,0.9137151786349892,False,False,0.8658186439624019
difficulty_level,1,medium,0.8015080740872857,18,5,ari_generalizability_quant,7,0.8396699926853758,False,False,0.8282119678448912
difficulty_level,1,medium,0.8015080740872857,18,5,ari_stability,3,1.0,True,False,0.5507782972206227
difficulty_level,1,medium,0.8015080740872857,18,5,ari_stability,4,0.7847050844979048,False,False,0.8947760295863808
difficulty_level,1,medium,0.8015080740872857,18,5,ari_stability,5,0.9017530290386436,False,True,1.0
difficulty_level,1,medium,0.8015080740872857,18,5,ari_stability,6,0.9217444543443638,False,False,0.8658186439624019
difficulty_level,1,medium,0.8015080740872857,18,5,ari_stability,7,0.8610643420560651,False,False,0.8282119678448912
difficulty_level,1,medium,0.8015080740872857,18,5,ari_stability_1se,3,1.0,True,False,0.5507782972206227
difficulty_level,1,medium,0.8015080740872857,18,5,ari_stability_1se,4,0.7847050844979048,False,False,0.8947760295863808
difficulty_level,1,medium,0.8015080740872857,18,5,ari_stability_1se,5,0.9017530290386436,False,True,1.0
difficulty_level,1,medium,0.8015080740872857,18,5,ari_stability_1se,6,0.9217444543443638,False,False,0.8658186439624019
difficulty_level,1,medium,0.8015080740872857,18,5,ari_stability_1se,7,0.8610643420560651,False,False,0.8282119678448912
difficulty_level,1,medium,0.8015080740872857,18,5,ari_stability_quant,3,1.0,True,False,0.5507782972206227
difficulty_level,1,medium,0.8015080740872857,18,5,ari_stability_quant,4,0.7847050844979048,False,False,0.8947760295863808
difficulty_level,1,medium,0.8015080740872857,18,5,ari_stability_quant,5,0.9017530290386436,False,True,1.0
difficulty_level,1,medium,0.8015080740872857,18,5,ari_stability_quant,6,0.9217444543443638,False,False,0.8658186439624019
difficulty_level,1,medium,0.8015080740872857,18,5,ari_stability_quant,7,0.8610643420560651,False,False,0.8282119678448912
difficulty_level,1,medium,0.8015080740872857,18,5,consensus_ce_stability,3,0.9999999999586945,True,False,0.5507782972206227
difficulty_level,1,medium,0.8015080740872857,18,5,consensus_ce_stability,4,0.8213097467829074,False,False,0.8947760295863808
difficulty_level,1,medium,0.8015080740872857,18,5,consensus_ce_stability,5,0.921657284475166,False,True,1.0
difficulty_level,1,medium,0.8015080740872857,18,5,consensus_ce_stability,6,0.9460938425926336,False,False,0.8658186439624019
difficulty_level,1,medium,0.8015080740872857,18,5,consensus_ce_stability,7,0.9120143729085457,False,False,0.8282119678448912
difficulty_level,1,medium,0.8015080740872857,18,5,consensus_gini_stability,3,1.0,True,False,0.5507782972206227
difficulty_level,1,medium,0.8015080740872857,18,5,consensus_gini_stability,4,0.8378283052082183,False,False,0.8947760295863808
difficulty_level,1,medium,0.8015080740872857,18,5,consensus_gini_stability,5,0.933483750732499,False,True,1.0
difficulty_level,1,medium,0.8015080740872857,18,5,consensus_gini_stability,6,0.953014138262882,False,False,0.8658186439624019
difficulty_level,1,medium,0.8015080740872857,18,5,consensus_gini_stability,7,0.9239416924568189,False,False,0.8282119678448912
difficulty_level,1,medium,0.8015080740872857,18,5,consensus_pac_stability,3,1.0,True,False,0.5507782972206227
difficulty_level,1,medium,0.8015080740872857,18,5,consensus_pac_stability,4,0.7681080540270135,False,False,0.8947760295863808
difficulty_level,1,medium,0.8015080740872857,18,5,consensus_pac_stability,5,0.8960310155077539,False,True,1.0
difficulty_level,1,medium,0.8015080740872857,18,5,consensus_pac_stability,6,0.9322141070535268,False,False,0.8658186439624019
difficulty_level,1,medium,0.8015080740872857,18,5,consensus_pac_stability,7,0.8753426713356678,False,False,0.8282119678448912
difficulty_level,1,medium,0.8015080740872857,18,5,silhouette,3,0.2021464627569531,False,False,0.5507782972206227
difficulty_level,1,medium,0.8015080740872857,18,5,silhouette,4,0.2546327550576529,False,False,0.6527838587784005
difficulty_level,1,medium,0.8015080740872857,18,5,silhouette,5,0.29772971721297814,False,True,0.8015080740872857
difficulty_level,1,medium,0.8015080740872857,18,5,silhouette,6,0.3375684864380319,False,False,0.8723898973769106
difficulty_level,1,medium,0.8015080740872857,18,5,silhouette,7,0.35214991823273095,True,False,0.825545858539535
difficulty_level,1,medium,0.8015080740872857,18,5,gap,3,0.2869918274000298,False,False,0.5507782972206227
difficulty_level,1,medium,0.8015080740872857,18,5,gap,4,0.41418039754400304,False,False,0.6527838587784005
difficulty_level,1,medium,0.8015080740872857,18,5,gap,5,0.5432659293009685,False,True,0.8015080740872857
difficulty_level,1,medium,0.8015080740872857,18,5,gap,6,0.6649031518961408,False,False,0.8723898973769106
difficulty_level,1,medium,0.8015080740872857,18,5,gap,7,0.7379970688176876,True,False,0.825545858539535
difficulty_level,1,medium,0.8015080740872857,18,5,davies_bouldin,3,0.3576124663861982,False,False,0.5507782972206227
difficulty_level,1,medium,0.8015080740872857,18,5,davies_bouldin,4,0.3454893630318777,False,False,0.6527838587784005
difficulty_level,1,medium,0.8015080740872857,18,5,davies_bouldin,5,0.37804313315315324,False,True,0.8015080740872857
difficulty_level,1,medium,0.8015080740872857,18,5,davies_bouldin,6,0.4025917717536335,False,False,0.8723898973769106
difficulty_level,1,medium,0.8015080740872857,18,5,davies_bouldin,7,0.41786939045250254,True,False,0.825545858539535
difficulty_level,1,medium,0.8015080740872857,18,5,calinski_harabasz,3,328.9784769232143,False,False,0.5507782972206227
difficulty_level,1,medium,0.8015080740872857,18,5,calinski_harabasz,4,346.3704977325709,False,False,0.6527838587784005
difficulty_level,1,medium,0.8015080740872857,18,5,calinski_harabasz,5,369.2795359183868,False,True,0.8015080740872857
difficulty_level,1,medium,0.8015080740872857,18,5,calinski_harabasz,6,389.09414881591795,True,False,0.8723898973769106
difficulty_level,1,medium,0.8015080740872857,18,5,calinski_harabasz,7,377.27530239803906,False,False,0.825545858539535
difficulty_level,1,medium,0.9158715413590621,19,5,accuracy_generalizability,3,0.9795014764440564,True,False,0.7261941187361994
difficulty_level,1,medium,0.9158715413590621,19,5,accuracy_generalizability,4,0.8570939291258124,False,False,0.8838993382199379
difficulty_level,1,medium,0.9158715413590621,19,5,accuracy_generalizability,5,0.9299144858706438,False,True,1.0
difficulty_level,1,medium,0.9158715413590621,19,5,accuracy_generalizability,6,0.9777874932081987,False,False,0.9576344935001013
difficulty_level,1,medium,0.9158715413590621,19,5,accuracy_generalizability,7,0.8220319959478961,False,False,0.8821686204408534
difficulty_level,1,medium,0.9158715413590621,19,5,ari_average,3,0.9530972309530091,False,False,0.7261941187361994
difficulty_level,1,medium,0.9158715413590621,19,5,ari_average,4,0.8460578391822644,False,False,0.8838993382199379
difficulty_level,1,medium,0.9158715413590621,19,5,ari_average,5,0.9331423370329799,False,True,1.0
difficulty_level,1,medium,0.9158715413590621,19,5,ari_average,6,0.9851773193147298,True,False,0.9576344935001013
difficulty_level,1,medium,0.9158715413590621,19,5,ari_average,7,0.8093639592325625,False,False,0.8821686204408534
difficulty_level,1,medium,0.9158715413590621,19,5,ari_average_1se,3,0.9530972309530091,False,False,0.7261941187361994
difficulty_level,1,medium,0.9158715413590621,19,5,ari_average_1se,4,0.8460578391822644,False,False,0.8838993382199379
difficulty_level,1,medium,0.9158715413590621,19,5,ari_average_1se,5,0.9331423370329799,False,True,1.0
difficulty_level,1,medium,0.9158715413590621,19,5,ari_average_1se,6,0.9851773193147298,True,False,0.9576344935001013
difficulty_level,1,medium,0.9158715413590621,19,5,ari_average_1se,7,0.8093639592325625,False,False,0.8821686204408534
difficulty_level,1,medium,0.9158715413590621,19,5,ari_average_quant,3,0.9530972309530091,False,False,0.7261941187361994
difficulty_level,1,medium,0.9158715413590621,19,5,ari_average_quant,4,0.8460578391822644,False,False,0.8838993382199379
difficulty_level,1,medium,0.9158715413590621,19,5,ari_average_quant,5,0.9331423370329799,False,True,1.0
difficulty_level,1,medium,0.9158715413590621,19,5,ari_average_quant,6,0.9851773193147298,True,False,0.9576344935001013
difficulty_level,1,medium,0.9158715413590621,19,5,ari_average_quant,7,0.8093639592325625,False,False,0.8821686204408534
difficulty_level,1,medium,0.9158715413590621,19,5,ari_generalizability,3,0.9511822444929808,False,False,0.7261941187361994
difficulty_level,1,medium,0.9158715413590621,19,5,ari_generalizability,4,0.8224573887011155,False,False,0.8838993382199379
difficulty_level,1,medium,0.9158715413590621,19,5,ari_generalizability,5,0.91844413723814,False,True,1.0
difficulty_level,1,medium,0.9158715413590621,19,5,ari_generalizability,6,0.9797444427018114,True,False,0.9576344935001013
difficulty_level,1,medium,0.9158715413590621,19,5,ari_generalizability,7,0.7776974475967474,False,False,0.8821686204408534
difficulty_level,1,medium,0.9158715413590621,19,5,ari_generalizability_1se,3,0.9511822444929808,False,False,0.7261941187361994
difficulty_level,1,medium,0.9158715413590621,19,5,ari_generalizability_1se,4,0.8224573887011155,False,False,0.8838993382199379
difficulty_level,1,medium,0.9158715413590621,19,5,ari_generalizability_1se,5,0.91844413723814,False,True,1.0
difficulty_level,1,medium,0.9158715413590621,19,5,ari_generalizability_1se,6,0.9797444427018114,True,False,0.9576344935001013
difficulty_level,1,medium,0.9158715413590621,19,5,ari_generalizability_1se,7,0.7776974475967474,False,False,0.8821686204408534
difficulty_level,1,medium,0.9158715413590621,19,5,ari_generalizability_quant,3,0.9511822444929808,False,False,0.7261941187361994
difficulty_level,1,medium,0.9158715413590621,19,5,ari_generalizability_quant,4,0.8224573887011155,False,False,0.8838993382199379
difficulty_level,1,medium,0.9158715413590621,19,5,ari_generalizability_quant,5,0.91844413723814,False,True,1.0
difficulty_level,1,medium,0.9158715413590621,19,5,ari_generalizability_quant,6,0.9797444427018114,True,False,0.9576344935001013
difficulty_level,1,medium,0.9158715413590621,19,5,ari_generalizability_quant,7,0.7776974475967474,False,False,0.8821686204408534
difficulty_level,1,medium,0.9158715413590621,19,5,ari_stability,3,0.9550122174130373,False,False,0.7261941187361994
difficulty_level,1,medium,0.9158715413590621,19,5,ari_stability,4,0.8696582896634135,False,False,0.8838993382199379
difficulty_level,1,medium,0.9158715413590621,19,5,ari_stability,5,0.9478405368278199,False,True,1.0
difficulty_level,1,medium,0.9158715413590621,19,5,ari_stability,6,0.9906101959276483,True,False,0.9576344935001013
difficulty_level,1,medium,0.9158715413590621,19,5,ari_stability,7,0.8410304708683782,False,False,0.8821686204408534
difficulty_level,1,medium,0.9158715413590621,19,5,ari_stability_1se,3,0.9550122174130373,False,False,0.7261941187361994
difficulty_level,1,medium,0.9158715413590621,19,5,ari_stability_1se,4,0.8696582896634135,False,False,0.8838993382199379
difficulty_level,1,medium,0.9158715413590621,19,5,ari_stability_1se,5,0.9478405368278199,False,True,1.0
difficulty_level,1,medium,0.9158715413590621,19,5,ari_stability_1se,6,0.9906101959276483,True,False,0.9576344935001013
difficulty_level,1,medium,0.9158715413590621,19,5,ari_stability_1se,7,0.8410304708683782,False,False,0.8821686204408534
difficulty_level,1,medium,0.9158715413590621,19,5,ari_stability_quant,3,0.9550122174130373,False,False,0.7261941187361994
difficulty_level,1,medium,0.9158715413590621,19,5,ari_stability_quant,4,0.8696582896634135,False,False,0.8838993382199379
difficulty_level,1,medium,0.9158715413590621,19,5,ari_stability_quant,5,0.9478405368278199,False,True,1.0
difficulty_level,1,medium,0.9158715413590621,19,5,ari_stability_quant,6,0.9906101959276483,True,False,0.9576344935001013
difficulty_level,1,medium,0.9158715413590621,19,5,ari_stability_quant,7,0.8410304708683782,False,False,0.8821686204408534
difficulty_level,1,medium,0.9158715413590621,19,5,consensus_ce_stability,3,0.9365451345457818,False,False,0.7261941187361994
difficulty_level,1,medium,0.9158715413590621,19,5,consensus_ce_stability,4,0.8999674540909113,False,False,0.8838993382199379
difficulty_level,1,medium,0.9158715413590621,19,5,consensus_ce_stability,5,0.9549600207674107,False,True,1.0
difficulty_level,1,medium,0.9158715413590621,19,5,consensus_ce_stability,6,0.9921964461611054,True,False,0.9576344935001013
difficulty_level,1,medium,0.9158715413590621,19,5,consensus_ce_stability,7,0.8986531976711615,False,False,0.8821686204408534
difficulty_level,1,medium,0.9158715413590621,19,5,consensus_gini_stability,3,0.9482907635705176,False,False,0.7261941187361994
difficulty_level,1,medium,0.9158715413590621,19,5,consensus_gini_stability,4,0.9029272671874364,False,False,0.8838993382199379
difficulty_level,1,medium,0.9158715413590621,19,5,consensus_gini_stability,5,0.9590410886624032,False,True,1.0
difficulty_level,1,medium,0.9158715413590621,19,5,consensus_gini_stability,6,0.9932572547813482,True,False,0.9576344935001013
difficulty_level,1,medium,0.9158715413590621,19,5,consensus_gini_stability,7,0.9055535471076691,False,False,0.8821686204408534
difficulty_level,1,medium,0.9158715413590621,19,5,consensus_pac_stability,3,0.8887623811905953,False,False,0.7261941187361994
difficulty_level,1,medium,0.9158715413590621,19,5,consensus_pac_stability,4,0.891064532266133,False,False,0.8838993382199379
difficulty_level,1,medium,0.9158715413590621,19,5,consensus_pac_stability,5,0.9461285642821411,False,True,1.0
difficulty_level,1,medium,0.9158715413590621,19,5,consensus_pac_stability,6,0.9886618309154578,True,False,0.9576344935001013
difficulty_level,1,medium,0.9158715413590621,19,5,consensus_pac_stability,7,0.8786193096548274,False,False,0.8821686204408534
difficulty_level,1,medium,0.9158715413590621,19,5,silhouette,3,0.25697192027517096,False,False,0.7261941187361994
difficulty_level,1,medium,0.9158715413590621,19,5,silhouette,4,0.30319813861516914,False,False,0.8460695898000679
difficulty_level,1,medium,0.9158715413590621,19,5,silhouette,5,0.33079381423406723,False,True,0.9158715413590621
difficulty_level,1,medium,0.9158715413590621,19,5,silhouette,6,0.36730666722296773,True,False,0.9586634874376081
difficulty_level,1,medium,0.9158715413590621,19,5,silhouette,7,0.33478158097577815,False,False,0.7742973511167983
difficulty_level,1,medium,0.9158715413590621,19,5,gap,3,0.3801206776150412,False,False,0.7261941187361994
difficulty_level,1,medium,0.9158715413590621,19,5,gap,4,0.4965353713254217,False,False,0.8460695898000679
difficulty_level,1,medium,0.9158715413590621,19,5,gap,5,0.6158988467017732,False,True,0.9158715413590621
difficulty_level,1,medium,0.9158715413590621,19,5,gap,6,0.7357304243345713,False,False,0.9586634874376081
difficulty_level,1,medium,0.9158715413590621,19,5,gap,7,0.8263744441905452,True,False,0.7742973511167983
difficulty_level,1,medium,0.9158715413590621,19,5,davies_bouldin,3,0.34275152445753543,False,False,0.7261941187361994
difficulty_level,1,medium,0.9158715413590621,19,5,davies_bouldin,4,0.35862371878377164,False,False,0.8460695898000679
difficulty_level,1,medium,0.9158715413590621,19,5,davies_bouldin,5,0.39282395375480095,False,True,0.9158715413590621
difficulty_level,1,medium,0.9158715413590621,19,5,davies_bouldin,6,0.42292792613065233,False,False,0.9586634874376081
difficulty_level,1,medium,0.9158715413590621,19,5,davies_bouldin,7,0.4298939845602093,True,False,0.7742973511167983
difficulty_level,1,medium,0.9158715413590621,19,5,calinski_harabasz,3,437.92469243819187,True,False,0.7261941187361994
difficulty_level,1,medium,0.9158715413590621,19,5,calinski_harabasz,4,416.5561445666929,False,False,0.8460695898000679
difficulty_level,1,medium,0.9158715413590621,19,5,calinski_harabasz,5,419.77939811662776,False,True,0.9158715413590621
difficulty_level,1,medium,0.9158715413590621,19,5,calinski_harabasz,6,433.0051113991347,False,False,0.9586634874376081
difficulty_level,1,medium,0.9158715413590621,19,5,calinski_harabasz,7,429.7441211255979,False,False,0.7742973511167983
difficulty_level,2,hard,0.6977497147026498,0,5,accuracy_generalizability,3,0.8882302624398036,True,False,0.6937112743791386
difficulty_level,2,hard,0.6977497147026498,0,5,accuracy_generalizability,4,0.8220292515346428,False,False,0.8634128202896868
difficulty_level,2,hard,0.6977497147026498,0,5,accuracy_generalizability,5,0.7546573722102975,False,True,1.0
difficulty_level,2,hard,0.6977497147026498,0,5,accuracy_generalizability,6,0.787941920389105,False,False,0.8836410584320226
difficulty_level,2,hard,0.6977497147026498,0,5,accuracy_generalizability,7,0.8062324112653212,False,False,0.7414999900819846
difficulty_level,2,hard,0.6977497147026498,0,5,ari_average,3,0.768435649207805,True,False,0.6937112743791386
difficulty_level,2,hard,0.6977497147026498,0,5,ari_average,4,0.7023783440283593,False,False,0.8634128202896868
difficulty_level,2,hard,0.6977497147026498,0,5,ari_average,5,0.6866334909441612,False,True,1.0
difficulty_level,2,hard,0.6977497147026498,0,5,ari_average,6,0.6825099330788613,False,False,0.8836410584320226
difficulty_level,2,hard,0.6977497147026498,0,5,ari_average,7,0.7095296820225506,False,False,0.7414999900819846
difficulty_level,2,hard,0.6977497147026498,0,5,ari_average_1se,3,0.768435649207805,True,False,0.6937112743791386
difficulty_level,2,hard,0.6977497147026498,0,5,ari_average_1se,4,0.7023783440283593,False,False,0.8634128202896868
difficulty_level,2,hard,0.6977497147026498,0,5,ari_average_1se,5,0.6866334909441612,False,True,1.0
difficulty_level,2,hard,0.6977497147026498,0,5,ari_average_1se,6,0.6825099330788613,False,False,0.8836410584320226
difficulty_level,2,hard,0.6977497147026498,0,5,ari_average_1se,7,0.7095296820225506,False,False,0.7414999900819846
difficulty_level,2,hard,0.6977497147026498,0,5,ari_average_quant,3,0.768435649207805,False,False,0.6937112743791386
difficulty_level,2,hard,0.6977497147026498,0,5,ari_average_quant,4,0.7023783440283593,False,False,0.8634128202896868
difficulty_level,2,hard,0.6977497147026498,0,5,ari_average_quant,5,0.6866334909441612,False,True,1.0
difficulty_level,2,hard,0.6977497147026498,0,5,ari_average_quant,6,0.6825099330788613,False,False,0.8836410584320226
difficulty_level,2,hard,0.6977497147026498,0,5,ari_average_quant,7,0.7095296820225506,True,False,0.7414999900819846
difficulty_level,2,hard,0.6977497147026498,0,5,ari_generalizability,3,0.7451259831130858,True,False,0.6937112743791386
difficulty_level,2,hard,0.6977497147026498,0,5,ari_generalizability,4,0.6841765887842266,False,False,0.8634128202896868
difficulty_level,2,hard,0.6977497147026498,0,5,ari_generalizability,5,0.6629393210794001,False,True,1.0
difficulty_level,2,hard,0.6977497147026498,0,5,ari_generalizability,6,0.6703450165252736,False,False,0.8836410584320226
difficulty_level,2,hard,0.6977497147026498,0,5,ari_generalizability,7,0.6889877860326691,False,False,0.7414999900819846
difficulty_level,2,hard,0.6977497147026498,0,5,ari_generalizability_1se,3,0.7451259831130858,True,False,0.6937112743791386
difficulty_level,2,hard,0.6977497147026498,0,5,ari_generalizability_1se,4,0.6841765887842266,False,False,0.8634128202896868
difficulty_level,2,hard,0.6977497147026498,0,5,ari_generalizability_1se,5,0.6629393210794001,False,True,1.0
difficulty_level,2,hard,0.6977497147026498,0,5,ari_generalizability_1se,6,0.6703450165252736,False,False,0.8836410584320226
difficulty_level,2,hard,0.6977497147026498,0,5,ari_generalizability_1se,7,0.6889877860326691,False,False,0.7414999900819846
difficulty_level,2,hard,0.6977497147026498,0,5,ari_generalizability_quant,3,0.7451259831130858,False,False,0.6937112743791386
difficulty_level,2,hard,0.6977497147026498,0,5,ari_generalizability_quant,4,0.6841765887842266,False,False,0.8634128202896868
difficulty_level,2,hard,0.6977497147026498,0,5,ari_generalizability_quant,5,0.6629393210794001,False,True,1.0
difficulty_level,2,hard,0.6977497147026498,0,5,ari_generalizability_quant,6,0.6703450165252736,False,False,0.8836410584320226
difficulty_level,2,hard,0.6977497147026498,0,5,ari_generalizability_quant,7,0.6889877860326691,True,False,0.7414999900819846
difficulty_level,2,hard,0.6977497147026498,0,5,ari_stability,3,0.7917453153025247,True,False,0.6937112743791386
difficulty_level,2,hard,0.6977497147026498,0,5,ari_stability,4,0.7205800992724916,False,False,0.8634128202896868
difficulty_level,2,hard,0.6977497147026498,0,5,ari_stability,5,0.7103276608089221,False,True,1.0
difficulty_level,2,hard,0.6977497147026498,0,5,ari_stability,6,0.694674849632449,False,False,0.8836410584320226
difficulty_level,2,hard,0.6977497147026498,0,5,ari_stability,7,0.7300715780124324,False,False,0.7414999900819846
difficulty_level,2,hard,0.6977497147026498,0,5,ari_stability_1se,3,0.7917453153025247,True,False,0.6937112743791386
difficulty_level,2,hard,0.6977497147026498,0,5,ari_stability_1se,4,0.7205800992724916,False,False,0.8634128202896868
difficulty_level,2,hard,0.6977497147026498,0,5,ari_stability_1se,5,0.7103276608089221,False,True,1.0
difficulty_level,2,hard,0.6977497147026498,0,5,ari_stability_1se,6,0.694674849632449,False,False,0.8836410584320226
difficulty_level,2,hard,0.6977497147026498,0,5,ari_stability_1se,7,0.7300715780124324,False,False,0.7414999900819846
difficulty_level,2,hard,0.6977497147026498,0,5,ari_stability_quant,3,0.7917453153025247,False,False,0.6937112743791386
difficulty_level,2,hard,0.6977497147026498,0,5,ari_stability_quant,4,0.7205800992724916,False,False,0.8634128202896868
difficulty_level,2,hard,0.6977497147026498,0,5,ari_stability_quant,5,0.7103276608089221,False,True,1.0
difficulty_level,2,hard,0.6977497147026498,0,5,ari_stability_quant,6,0.694674849632449,False,False,0.8836410584320226
difficulty_level,2,hard,0.6977497147026498,0,5,ari_stability_quant,7,0.7300715780124324,True,False,0.7414999900819846
difficulty_level,2,hard,0.6977497147026498,0,5,consensus_ce_stability,3,0.7599434824624013,False,False,0.6937112743791386
difficulty_level,2,hard,0.6977497147026498,0,5,consensus_ce_stability,4,0.7637105507037252,False,False,0.8634128202896868
difficulty_level,2,hard,0.6977497147026498,0,5,consensus_ce_stability,5,0.7877452554381916,False,True,1.0
difficulty_level,2,hard,0.6977497147026498,0,5,consensus_ce_stability,6,0.8146485433048238,False,False,0.8836410584320226
difficulty_level,2,hard,0.6977497147026498,0,5,consensus_ce_stability,7,0.8548830963658177,True,False,0.7414999900819846
difficulty_level,2,hard,0.6977497147026498,0,5,consensus_gini_stability,3,0.7858819671666005,False,False,0.6937112743791386
difficulty_level,2,hard,0.6977497147026498,0,5,consensus_gini_stability,4,0.7838183633439427,False,False,0.8634128202896868
difficulty_level,2,hard,0.6977497147026498,0,5,consensus_gini_stability,5,0.8045556405940574,False,True,1.0
difficulty_level,2,hard,0.6977497147026498,0,5,consensus_gini_stability,6,0.8327678665573844,False,False,0.8836410584320226
difficulty_level,2,hard,0.6977497147026498,0,5,consensus_gini_stability,7,0.8710649591379941,True,False,0.7414999900819846
difficulty_level,2,hard,0.6977497147026498,0,5,consensus_pac_stability,3,0.6804702351175588,False,False,0.6937112743791386
difficulty_level,2,hard,0.6977497147026498,0,5,consensus_pac_stability,4,0.6909159579789894,False,False,0.8634128202896868
difficulty_level,2,hard,0.6977497147026498,0,5,consensus_pac_stability,5,0.7475632816408204,False,True,1.0
difficulty_level,2,hard,0.6977497147026498,0,5,consensus_pac_stability,6,0.7617813906953477,False,False,0.8836410584320226
difficulty_level,2,hard,0.6977497147026498,0,5,consensus_pac_stability,7,0.8049969984992497,True,False,0.7414999900819846
difficulty_level,2,hard,0.6977497147026498,0,5,silhouette,3,0.16041274924332444,False,False,0.39834011870973984
difficulty_level,2,hard,0.6977497147026498,0,5,silhouette,4,0.194725928131184,False,False,0.6763782178760677
difficulty_level,2,hard,0.6977497147026498,0,5,silhouette,5,0.21894356718890207,False,True,0.6977497147026498
difficulty_level,2,hard,0.6977497147026498,0,5,silhouette,6,0.21496063085643533,False,False,0.5699786495165633
difficulty_level,2,hard,0.6977497147026498,0,5,silhouette,7,0.23552367112542788,True,False,0.6407353059096175
difficulty_level,2,hard,0.6977497147026498,0,5,gap,3,-0.047161688841187654,False,False,0.39834011870973984
difficulty_level,2,hard,0.6977497147026498,0,5,gap,4,0.04163682414045944,False,False,0.6763782178760677
difficulty_level,2,hard,0.6977497147026498,0,5,gap,5,0.11018546179417221,False,True,0.6977497147026498
difficulty_level,2,hard,0.6977497147026498,0,5,gap,6,0.1801845916956637,False,False,0.5699786495165633
difficulty_level,2,hard,0.6977497147026498,0,5,gap,7,0.24927204016456983,True,False,0.6407353059096175
difficulty_level,2,hard,0.6977497147026498,0,5,davies_bouldin,3,0.3157281799708086,False,False,0.39834011870973984
difficulty_level,2,hard,0.6977497147026498,0,5,davies_bouldin,4,0.3101142624082828,False,False,0.6763782178760677
difficulty_level,2,hard,0.6977497147026498,0,5,davies_bouldin,5,0.3385753784400586,False,True,0.6977497147026498
difficulty_level,2,hard,0.6977497147026498,0,5,davies_bouldin,6,0.3533775578529179,False,False,0.5699786495165633
difficulty_level,2,hard,0.6977497147026498,0,5,davies_bouldin,7,0.3587208221585754,True,False,0.6407353059096175
difficulty_level,2,hard,0.6977497147026498,0,5,calinski_harabasz,3,248.69284975361253,True,False,0.39834011870973984
difficulty_level,2,hard,0.6977497147026498,0,5,calinski_harabasz,4,246.97462758660294,False,False,0.6763782178760677
difficulty_level,2,hard,0.6977497147026498,0,5,calinski_harabasz,5,236.7006351106963,False,True,0.6977497147026498
difficulty_level,2,hard,0.6977497147026498,0,5,calinski_harabasz,6,234.32077893194827,False,False,0.5699786495165633
difficulty_level,2,hard,0.6977497147026498,0,5,calinski_harabasz,7,234.9642233917738,False,False,0.6407353059096175
difficulty_level,2,hard,0.716195452963908,1,5,accuracy_generalizability,3,0.9700040403857786,True,False,0.7127024901524117
difficulty_level,2,hard,0.716195452963908,1,5,accuracy_generalizability,4,0.964353349772609,False,False,0.8774111947845377
difficulty_level,2,hard,0.716195452963908,1,5,accuracy_generalizability,5,0.8416498814784518,False,True,0.7196295888375904
difficulty_level,2,hard,0.716195452963908,1,5,accuracy_generalizability,6,0.8089536396256817,False,False,0.7607792150949894
difficulty_level,2,hard,0.716195452963908,1,5,accuracy_generalizability,7,0.7725067772668892,False,False,0.6810443566199873
difficulty_level,2,hard,0.716195452963908,1,5,ari_average,3,0.9199118029109665,True,False,0.7127024901524117
difficulty_level,2,hard,0.716195452963908,1,5,ari_average,4,0.9197063397469668,False,False,0.8774111947845377
difficulty_level,2,hard,0.716195452963908,1,5,ari_average,5,0.7801299707078466,False,True,0.7196295888375904
difficulty_level,2,hard,0.716195452963908,1,5,ari_average,6,0.7653535836316756,False,False,0.7607792150949894
difficulty_level,2,hard,0.716195452963908,1,5,ari_average,7,0.7546843816225173,False,False,0.6810443566199873
difficulty_level,2,hard,0.716195452963908,1,5,ari_average_1se,3,0.9199118029109665,False,False,0.7127024901524117
difficulty_level,2,hard,0.716195452963908,1,5,ari_average_1se,4,0.9197063397469668,True,False,0.8774111947845377
difficulty_level,2,hard,0.716195452963908,1,5,ari_average_1se,5,0.7801299707078466,False,True,0.7196295888375904
difficulty_level,2,hard,0.716195452963908,1,5,ari_average_1se,6,0.7653535836316756,False,False,0.7607792150949894
difficulty_level,2,hard,0.716195452963908,1,5,ari_average_1se,7,0.7546843816225173,False,False,0.6810443566199873
difficulty_level,2,hard,0.716195452963908,1,5,ari_average_quant,3,0.9199118029109665,False,False,0.7127024901524117
difficulty_level,2,hard,0.716195452963908,1,5,ari_average_quant,4,0.9197063397469668,True,False,0.8774111947845377
difficulty_level,2,hard,0.716195452963908,1,5,ari_average_quant,5,0.7801299707078466,False,True,0.7196295888375904
difficulty_level,2,hard,0.716195452963908,1,5,ari_average_quant,6,0.7653535836316756,False,False,0.7607792150949894
difficulty_level,2,hard,0.716195452963908,1,5,ari_average_quant,7,0.7546843816225173,False,False,0.6810443566199873
difficulty_level,2,hard,0.716195452963908,1,5,ari_generalizability,3,0.9187044789782619,True,False,0.7127024901524117
difficulty_level,2,hard,0.716195452963908,1,5,ari_generalizability,4,0.9167076007152981,False,False,0.8774111947845377
difficulty_level,2,hard,0.716195452963908,1,5,ari_generalizability,5,0.7680717518954424,False,True,0.7196295888375904
difficulty_level,2,hard,0.716195452963908,1,5,ari_generalizability,6,0.7435974278080123,False,False,0.7607792150949894
difficulty_level,2,hard,0.716195452963908,1,5,ari_generalizability,7,0.7230206364105407,False,False,0.6810443566199873
difficulty_level,2,hard,0.716195452963908,1,5,ari_generalizability_1se,3,0.9187044789782619,False,False,0.7127024901524117
difficulty_level,2,hard,0.716195452963908,1,5,ari_generalizability_1se,4,0.9167076007152981,True,False,0.8774111947845377
difficulty_level,2,hard,0.716195452963908,1,5,ari_generalizability_1se,5,0.7680717518954424,False,True,0.7196295888375904
difficulty_level,2,hard,0.716195452963908,1,5,ari_generalizability_1se,6,0.7435974278080123,False,False,0.7607792150949894
difficulty_level,2,hard,0.716195452963908,1,5,ari_generalizability_1se,7,0.7230206364105407,False,False,0.6810443566199873
difficulty_level,2,hard,0.716195452963908,1,5,ari_generalizability_quant,3,0.9187044789782619,False,False,0.7127024901524117
difficulty_level,2,hard,0.716195452963908,1,5,ari_generalizability_quant,4,0.9167076007152981,True,False,0.8774111947845377
difficulty_level,2,hard,0.716195452963908,1,5,ari_generalizability_quant,5,0.7680717518954424,False,True,0.7196295888375904
difficulty_level,2,hard,0.716195452963908,1,5,ari_generalizability_quant,6,0.7435974278080123,False,False,0.7607792150949894
difficulty_level,2,hard,0.716195452963908,1,5,ari_generalizability_quant,7,0.7230206364105407,False,False,0.6810443566199873
difficulty_level,2,hard,0.716195452963908,1,5,ari_stability,3,0.9211191268436716,False,False,0.7127024901524117
difficulty_level,2,hard,0.716195452963908,1,5,ari_stability,4,0.9227050787786355,True,False,0.8774111947845377
difficulty_level,2,hard,0.716195452963908,1,5,ari_stability,5,0.792188189520251,False,True,0.7196295888375904
difficulty_level,2,hard,0.716195452963908,1,5,ari_stability,6,0.7871097394553392,False,False,0.7607792150949894
difficulty_level,2,hard,0.716195452963908,1,5,ari_stability,7,0.7863481268344937,False,False,0.6810443566199873
difficulty_level,2,hard,0.716195452963908,1,5,ari_stability_1se,3,0.9211191268436716,False,False,0.7127024901524117
difficulty_level,2,hard,0.716195452963908,1,5,ari_stability_1se,4,0.9227050787786355,True,False,0.8774111947845377
difficulty_level,2,hard,0.716195452963908,1,5,ari_stability_1se,5,0.792188189520251,False,True,0.7196295888375904
difficulty_level,2,hard,0.716195452963908,1,5,ari_stability_1se,6,0.7871097394553392,False,False,0.7607792150949894
difficulty_level,2,hard,0.716195452963908,1,5,ari_stability_1se,7,0.7863481268344937,False,False,0.6810443566199873
difficulty_level,2,hard,0.716195452963908,1,5,ari_stability_quant,3,0.9211191268436716,False,False,0.7127024901524117
difficulty_level,2,hard,0.716195452963908,1,5,ari_stability_quant,4,0.9227050787786355,True,False,0.8774111947845377
difficulty_level,2,hard,0.716195452963908,1,5,ari_stability_quant,5,0.792188189520251,False,True,0.7196295888375904
difficulty_level,2,hard,0.716195452963908,1,5,ari_stability_quant,6,0.7871097394553392,False,False,0.7607792150949894
difficulty_level,2,hard,0.716195452963908,1,5,ari_stability_quant,7,0.7863481268344937,False,False,0.6810443566199873
difficulty_level,2,hard,0.716195452963908,1,5,consensus_ce_stability,3,0.9320714953319938,False,False,0.7127024901524117
difficulty_level,2,hard,0.716195452963908,1,5,consensus_ce_stability,4,0.9417128191938106,True,False,0.8774111947845377
difficulty_level,2,hard,0.716195452963908,1,5,consensus_ce_stability,5,0.8525824749899339,False,True,0.7196295888375904
difficulty_level,2,hard,0.716195452963908,1,5,consensus_ce_stability,6,0.8531971754491531,False,False,0.7607792150949894
difficulty_level,2,hard,0.716195452963908,1,5,consensus_ce_stability,7,0.8695550775212317,False,False,0.6810443566199873
difficulty_level,2,hard,0.716195452963908,1,5,consensus_gini_stability,3,0.9373212574145944,False,False,0.7127024901524117
difficulty_level,2,hard,0.716195452963908,1,5,consensus_gini_stability,4,0.9464853979206205,True,False,0.8774111947845377
difficulty_level,2,hard,0.716195452963908,1,5,consensus_gini_stability,5,0.8651575713424509,False,True,0.7196295888375904
difficulty_level,2,hard,0.716195452963908,1,5,consensus_gini_stability,6,0.8683023429081836,False,False,0.7607792150949894
difficulty_level,2,hard,0.716195452963908,1,5,consensus_gini_stability,7,0.8866883284340998,False,False,0.6810443566199873
difficulty_level,2,hard,0.716195452963908,1,5,consensus_pac_stability,3,0.916072036018009,False,False,0.7127024901524117
difficulty_level,2,hard,0.716195452963908,1,5,consensus_pac_stability,4,0.9291655827913957,True,False,0.8774111947845377
difficulty_level,2,hard,0.716195452963908,1,5,consensus_pac_stability,5,0.811679339669835,False,True,0.7196295888375904
difficulty_level,2,hard,0.716195452963908,1,5,consensus_pac_stability,6,0.8123461730865433,False,False,0.7607792150949894
difficulty_level,2,hard,0.716195452963908,1,5,consensus_pac_stability,7,0.821983991995998,False,False,0.6810443566199873
difficulty_level,2,hard,0.716195452963908,1,5,silhouette,3,0.2069552713717292,False,False,0.7133647754201671
difficulty_level,2,hard,0.716195452963908,1,5,silhouette,4,0.24132930393050225,True,False,0.8864812003911384
difficulty_level,2,hard,0.716195452963908,1,5,silhouette,5,0.21632885292180065,False,True,0.716195452963908
difficulty_level,2,hard,0.716195452963908,1,5,silhouette,6,0.2372237263035304,False,False,0.7562471123085724
difficulty_level,2,hard,0.716195452963908,1,5,silhouette,7,0.2325231587689803,False,False,0.6756595528384373
difficulty_level,2,hard,0.716195452963908,1,5,gap,3,0.064508788421751,False,False,0.7133647754201671
difficulty_level,2,hard,0.716195452963908,1,5,gap,4,0.14686677760992772,False,False,0.8864812003911384
difficulty_level,2,hard,0.716195452963908,1,5,gap,5,0.21540058031160214,False,True,0.716195452963908
difficulty_level,2,hard,0.716195452963908,1,5,gap,6,0.2769661459333381,False,False,0.7562471123085724
difficulty_level,2,hard,0.716195452963908,1,5,gap,7,0.33850247831229296,True,False,0.6756595528384373
difficulty_level,2,hard,0.716195452963908,1,5,davies_bouldin,3,0.318407589819914,False,False,0.7133647754201671
difficulty_level,2,hard,0.716195452963908,1,5,davies_bouldin,4,0.3269001530278207,False,False,0.8864812003911384
difficulty_level,2,hard,0.716195452963908,1,5,davies_bouldin,5,0.34377954625199847,False,True,0.716195452963908
difficulty_level,2,hard,0.716195452963908,1,5,davies_bouldin,6,0.3552420202616596,False,False,0.7562471123085724
difficulty_level,2,hard,0.716195452963908,1,5,davies_bouldin,7,0.3655905792125975,True,False,0.6756595528384373
difficulty_level,2,hard,0.716195452963908,1,5,calinski_harabasz,3,360.1154450139633,True,False,0.7133647754201671
difficulty_level,2,hard,0.716195452963908,1,5,calinski_harabasz,4,323.5719901254526,False,False,0.8864812003911384
difficulty_level,2,hard,0.716195452963908,1,5,calinski_harabasz,5,299.2692788318744,False,True,0.716195452963908
difficulty_level,2,hard,0.716195452963908,1,5,calinski_harabasz,6,282.8317241230842,False,False,0.7562471123085724
difficulty_level,2,hard,0.716195452963908,1,5,calinski_harabasz,7,274.10442015350196,False,False,0.6756595528384373
difficulty_level,2,hard,0.6373561454060404,2,5,accuracy_generalizability,3,0.9425179936497691,True,False,0.7443388641538103
difficulty_level,2,hard,0.6373561454060404,2,5,accuracy_generalizability,4,0.8352137418885605,False,False,0.47555654864153324
difficulty_level,2,hard,0.6373561454060404,2,5,accuracy_generalizability,5,0.8554500516434038,False,True,0.6295141672997406
difficulty_level,2,hard,0.6373561454060404,2,5,accuracy_generalizability,6,0.788818134946816,False,False,0.5434954698776755
difficulty_level,2,hard,0.6373561454060404,2,5,accuracy_generalizability,7,0.8071654950322305,False,False,0.5591724065689049
difficulty_level,2,hard,0.6373561454060404,2,5,ari_average,3,0.8692359671174893,True,False,0.7443388641538103
difficulty_level,2,hard,0.6373561454060404,2,5,ari_average,4,0.7541083003766741,False,False,0.47555654864153324
difficulty_level,2,hard,0.6373561454060404,2,5,ari_average,5,0.7604955377593625,False,True,0.6295141672997406
difficulty_level,2,hard,0.6373561454060404,2,5,ari_average,6,0.7201292056170885,False,False,0.5434954698776755
difficulty_level,2,hard,0.6373561454060404,2,5,ari_average,7,0.7354344130471641,False,False,0.5591724065689049
difficulty_level,2,hard,0.6373561454060404,2,5,ari_average_1se,3,0.8692359671174893,True,False,0.7443388641538103
difficulty_level,2,hard,0.6373561454060404,2,5,ari_average_1se,4,0.7541083003766741,False,False,0.47555654864153324
difficulty_level,2,hard,0.6373561454060404,2,5,ari_average_1se,5,0.7604955377593625,False,True,0.6295141672997406
difficulty_level,2,hard,0.6373561454060404,2,5,ari_average_1se,6,0.7201292056170885,False,False,0.5434954698776755
difficulty_level,2,hard,0.6373561454060404,2,5,ari_average_1se,7,0.7354344130471641,False,False,0.5591724065689049
difficulty_level,2,hard,0.6373561454060404,2,5,ari_average_quant,3,0.8692359671174893,False,False,0.7443388641538103
difficulty_level,2,hard,0.6373561454060404,2,5,ari_average_quant,4,0.7541083003766741,False,False,0.47555654864153324
difficulty_level,2,hard,0.6373561454060404,2,5,ari_average_quant,5,0.7604955377593625,False,True,0.6295141672997406
difficulty_level,2,hard,0.6373561454060404,2,5,ari_average_quant,6,0.7201292056170885,False,False,0.5434954698776755
difficulty_level,2,hard,0.6373561454060404,2,5,ari_average_quant,7,0.7354344130471641,True,False,0.5591724065689049
difficulty_level,2,hard,0.6373561454060404,2,5,ari_generalizability,3,0.8454427421756543,True,False,0.7443388641538103
difficulty_level,2,hard,0.6373561454060404,2,5,ari_generalizability,4,0.728966915513334,False,False,0.47555654864153324
difficulty_level,2,hard,0.6373561454060404,2,5,ari_generalizability,5,0.744714610933499,False,True,0.6295141672997406
difficulty_level,2,hard,0.6373561454060404,2,5,ari_generalizability,6,0.6976462645369818,False,False,0.5434954698776755
difficulty_level,2,hard,0.6373561454060404,2,5,ari_generalizability,7,0.7159983470590353,False,False,0.5591724065689049
difficulty_level,2,hard,0.6373561454060404,2,5,ari_generalizability_1se,3,0.8454427421756543,True,False,0.7443388641538103
difficulty_level,2,hard,0.6373561454060404,2,5,ari_generalizability_1se,4,0.728966915513334,False,False,0.47555654864153324
difficulty_level,2,hard,0.6373561454060404,2,5,ari_generalizability_1se,5,0.744714610933499,False,True,0.6295141672997406
difficulty_level,2,hard,0.6373561454060404,2,5,ari_generalizability_1se,6,0.6976462645369818,False,False,0.5434954698776755
difficulty_level,2,hard,0.6373561454060404,2,5,ari_generalizability_1se,7,0.7159983470590353,False,False,0.5591724065689049
difficulty_level,2,hard,0.6373561454060404,2,5,ari_generalizability_quant,3,0.8454427421756543,False,False,0.7443388641538103
difficulty_level,2,hard,0.6373561454060404,2,5,ari_generalizability_quant,4,0.728966915513334,False,False,0.47555654864153324
difficulty_level,2,hard,0.6373561454060404,2,5,ari_generalizability_quant,5,0.744714610933499,False,True,0.6295141672997406
difficulty_level,2,hard,0.6373561454060404,2,5,ari_generalizability_quant,6,0.6976462645369818,False,False,0.5434954698776755
difficulty_level,2,hard,0.6373561454060404,2,5,ari_generalizability_quant,7,0.7159983470590353,True,False,0.5591724065689049
difficulty_level,2,hard,0.6373561454060404,2,5,ari_stability,3,0.8930291920593243,True,False,0.7443388641538103
difficulty_level,2,hard,0.6373561454060404,2,5,ari_stability,4,0.7792496852400138,False,False,0.47555654864153324
difficulty_level,2,hard,0.6373561454060404,2,5,ari_stability,5,0.7762764645852258,False,True,0.6295141672997406
difficulty_level,2,hard,0.6373561454060404,2,5,ari_stability,6,0.7426121466971956,False,False,0.5434954698776755
difficulty_level,2,hard,0.6373561454060404,2,5,ari_stability,7,0.7548704790352929,False,False,0.5591724065689049
difficulty_level,2,hard,0.6373561454060404,2,5,ari_stability_1se,3,0.8930291920593243,True,False,0.7443388641538103
difficulty_level,2,hard,0.6373561454060404,2,5,ari_stability_1se,4,0.7792496852400138,False,False,0.47555654864153324
difficulty_level,2,hard,0.6373561454060404,2,5,ari_stability_1se,5,0.7762764645852258,False,True,0.6295141672997406
difficulty_level,2,hard,0.6373561454060404,2,5,ari_stability_1se,6,0.7426121466971956,False,False,0.5434954698776755
difficulty_level,2,hard,0.6373561454060404,2,5,ari_stability_1se,7,0.7548704790352929,False,False,0.5591724065689049
difficulty_level,2,hard,0.6373561454060404,2,5,ari_stability_quant,3,0.8930291920593243,False,False,0.7443388641538103
difficulty_level,2,hard,0.6373561454060404,2,5,ari_stability_quant,4,0.7792496852400138,False,False,0.47555654864153324
difficulty_level,2,hard,0.6373561454060404,2,5,ari_stability_quant,5,0.7762764645852258,False,True,0.6295141672997406
difficulty_level,2,hard,0.6373561454060404,2,5,ari_stability_quant,6,0.7426121466971956,False,False,0.5434954698776755
difficulty_level,2,hard,0.6373561454060404,2,5,ari_stability_quant,7,0.7548704790352929,True,False,0.5591724065689049
difficulty_level,2,hard,0.6373561454060404,2,5,consensus_ce_stability,3,0.8639465391202029,True,False,0.7443388641538103
difficulty_level,2,hard,0.6373561454060404,2,5,consensus_ce_stability,4,0.7681565110912459,False,False,0.47555654864153324
difficulty_level,2,hard,0.6373561454060404,2,5,consensus_ce_stability,5,0.8217160849062529,False,True,0.6295141672997406
difficulty_level,2,hard,0.6373561454060404,2,5,consensus_ce_stability,6,0.828742994670636,False,False,0.5434954698776755
difficulty_level,2,hard,0.6373561454060404,2,5,consensus_ce_stability,7,0.861431969305716,False,False,0.5591724065689049
difficulty_level,2,hard,0.6373561454060404,2,5,consensus_gini_stability,3,0.8993107365855133,True,False,0.7443388641538103
difficulty_level,2,hard,0.6373561454060404,2,5,consensus_gini_stability,4,0.8036222188150626,False,False,0.47555654864153324
difficulty_level,2,hard,0.6373561454060404,2,5,consensus_gini_stability,5,0.8464193430235348,False,True,0.6295141672997406
difficulty_level,2,hard,0.6373561454060404,2,5,consensus_gini_stability,6,0.8442888801042343,False,False,0.5434954698776755
difficulty_level,2,hard,0.6373561454060404,2,5,consensus_gini_stability,7,0.8778202017788026,False,False,0.5591724065689049
difficulty_level,2,hard,0.6373561454060404,2,5,consensus_pac_stability,3,0.7789354677338669,False,False,0.7443388641538103
difficulty_level,2,hard,0.6373561454060404,2,5,consensus_pac_stability,4,0.6607053526763382,False,False,0.47555654864153324
difficulty_level,2,hard,0.6373561454060404,2,5,consensus_pac_stability,5,0.7424457228614307,False,True,0.6295141672997406
difficulty_level,2,hard,0.6373561454060404,2,5,consensus_pac_stability,6,0.7876253126563282,False,False,0.5434954698776755
difficulty_level,2,hard,0.6373561454060404,2,5,consensus_pac_stability,7,0.8102506253126563,True,False,0.5591724065689049
difficulty_level,2,hard,0.6373561454060404,2,5,silhouette,3,0.16464843035673898,False,False,0.7443388641538103
difficulty_level,2,hard,0.6373561454060404,2,5,silhouette,4,0.1833899948053273,False,False,0.4833090024239791
difficulty_level,2,hard,0.6373561454060404,2,5,silhouette,5,0.2164877775335315,False,True,0.6373561454060404
difficulty_level,2,hard,0.6373561454060404,2,5,silhouette,6,0.24404607868584635,False,False,0.6459241914540594
difficulty_level,2,hard,0.6373561454060404,2,5,silhouette,7,0.25808848820171104,True,False,0.5370151542364028
difficulty_level,2,hard,0.6373561454060404,2,5,gap,3,-0.014319902527233808,False,False,0.7443388641538103
difficulty_level,2,hard,0.6373561454060404,2,5,gap,4,0.07451850277607264,False,False,0.4833090024239791
difficulty_level,2,hard,0.6373561454060404,2,5,gap,5,0.15974210971515745,False,True,0.6373561454060404
difficulty_level,2,hard,0.6373561454060404,2,5,gap,6,0.24311288189356794,False,False,0.6459241914540594
difficulty_level,2,hard,0.6373561454060404,2,5,gap,7,0.32482636134999154,True,False,0.5370151542364028
difficulty_level,2,hard,0.6373561454060404,2,5,davies_bouldin,3,0.29065385520522286,False,False,0.7443388641538103
difficulty_level,2,hard,0.6373561454060404,2,5,davies_bouldin,4,0.31882491387712125,False,False,0.4833090024239791
difficulty_level,2,hard,0.6373561454060404,2,5,davies_bouldin,5,0.33504374250353175,False,True,0.6373561454060404
difficulty_level,2,hard,0.6373561454060404,2,5,davies_bouldin,6,0.35591399303493315,False,False,0.6459241914540594
difficulty_level,2,hard,0.6373561454060404,2,5,davies_bouldin,7,0.37153561967644405,True,False,0.5370151542364028
difficulty_level,2,hard,0.6373561454060404,2,5,calinski_harabasz,3,270.01333231315596,False,False,0.7443388641538103
difficulty_level,2,hard,0.6373561454060404,2,5,calinski_harabasz,4,263.56641146387693,False,False,0.4833090024239791
difficulty_level,2,hard,0.6373561454060404,2,5,calinski_harabasz,5,262.7957915991762,False,True,0.6373561454060404
difficulty_level,2,hard,0.6373561454060404,2,5,calinski_harabasz,6,265.5923894312866,False,False,0.6459241914540594
difficulty_level,2,hard,0.6373561454060404,2,5,calinski_harabasz,7,270.4914512883271,True,False,0.5370151542364028
difficulty_level,2,hard,0.7641545268623389,3,5,accuracy_generalizability,3,0.8516656560614146,False,False,0.60532070151005
difficulty_level,2,hard,0.7641545268623389,3,5,accuracy_generalizability,4,0.9317993260943854,True,False,0.6154414909622907
difficulty_level,2,hard,0.7641545268623389,3,5,accuracy_generalizability,5,0.8838986431944496,False,True,0.7338264635878672
difficulty_level,2,hard,0.7641545268623389,3,5,accuracy_generalizability,6,0.9230185794662495,False,False,0.8079417077606826
difficulty_level,2,hard,0.7641545268623389,3,5,accuracy_generalizability,7,0.8192950663038271,False,False,0.7905150777543373
difficulty_level,2,hard,0.7641545268623389,3,5,ari_average,3,0.740022649522277,False,False,0.60532070151005
difficulty_level,2,hard,0.7641545268623389,3,5,ari_average,4,0.8593436982720309,False,False,0.6154414909622907
difficulty_level,2,hard,0.7641545268623389,3,5,ari_average,5,0.8094026776092241,False,True,0.7338264635878672
difficulty_level,2,hard,0.7641545268623389,3,5,ari_average,6,0.8760264056467564,True,False,0.8079417077606826
difficulty_level,2,hard,0.7641545268623389,3,5,ari_average,7,0.7643891525118675,False,False,0.7905150777543373
difficulty_level,2,hard,0.7641545268623389,3,5,ari_average_1se,3,0.740022649522277,False,False,0.60532070151005
difficulty_level,2,hard,0.7641545268623389,3,5,ari_average_1se,4,0.8593436982720309,False,False,0.6154414909622907
difficulty_level,2,hard,0.7641545268623389,3,5,ari_average_1se,5,0.8094026776092241,False,True,0.7338264635878672
difficulty_level,2,hard,0.7641545268623389,3,5,ari_average_1se,6,0.8760264056467564,True,False,0.8079417077606826
difficulty_level,2,hard,0.7641545268623389,3,5,ari_average_1se,7,0.7643891525118675,False,False,0.7905150777543373
difficulty_level,2,hard,0.7641545268623389,3,5,ari_average_quant,3,0.740022649522277,False,False,0.60532070151005
difficulty_level,2,hard,0.7641545268623389,3,5,ari_average_quant,4,0.8593436982720309,False,False,0.6154414909622907
difficulty_level,2,hard,0.7641545268623389,3,5,ari_average_quant,5,0.8094026776092241,False,True,0.7338264635878672
difficulty_level,2,hard,0.7641545268623389,3,5,ari_average_quant,6,0.8760264056467564,True,False,0.8079417077606826
difficulty_level,2,hard,0.7641545268623389,3,5,ari_average_quant,7,0.7643891525118675,False,False,0.7905150777543373
difficulty_level,2,hard,0.7641545268623389,3,5,ari_generalizability,3,0.6784562907672538,False,False,0.60532070151005
difficulty_level,2,hard,0.7641545268623389,3,5,ari_generalizability,4,0.8401076827047479,False,False,0.6154414909622907
difficulty_level,2,hard,0.7641545268623389,3,5,ari_generalizability,5,0.7947302934800434,False,True,0.7338264635878672
difficulty_level,2,hard,0.7641545268623389,3,5,ari_generalizability,6,0.8608243532706149,True,False,0.8079417077606826
difficulty_level,2,hard,0.7641545268623389,3,5,ari_generalizability,7,0.7499331180072767,False,False,0.7905150777543373
difficulty_level,2,hard,0.7641545268623389,3,5,ari_generalizability_1se,3,0.6784562907672538,False,False,0.60532070151005
difficulty_level,2,hard,0.7641545268623389,3,5,ari_generalizability_1se,4,0.8401076827047479,False,False,0.6154414909622907
difficulty_level,2,hard,0.7641545268623389,3,5,ari_generalizability_1se,5,0.7947302934800434,False,True,0.7338264635878672
difficulty_level,2,hard,0.7641545268623389,3,5,ari_generalizability_1se,6,0.8608243532706149,True,False,0.8079417077606826
difficulty_level,2,hard,0.7641545268623389,3,5,ari_generalizability_1se,7,0.7499331180072767,False,False,0.7905150777543373
difficulty_level,2,hard,0.7641545268623389,3,5,ari_generalizability_quant,3,0.6784562907672538,False,False,0.60532070151005
difficulty_level,2,hard,0.7641545268623389,3,5,ari_generalizability_quant,4,0.8401076827047479,False,False,0.6154414909622907
difficulty_level,2,hard,0.7641545268623389,3,5,ari_generalizability_quant,5,0.7947302934800434,False,True,0.7338264635878672
difficulty_level,2,hard,0.7641545268623389,3,5,ari_generalizability_quant,6,0.8608243532706149,False,False,0.8079417077606826
difficulty_level,2,hard,0.7641545268623389,3,5,ari_generalizability_quant,7,0.7499331180072767,True,False,0.7905150777543373
difficulty_level,2,hard,0.7641545268623389,3,5,ari_stability,3,0.8015890082773001,False,False,0.60532070151005
difficulty_level,2,hard,0.7641545268623389,3,5,ari_stability,4,0.8785797138393143,False,False,0.6154414909622907
difficulty_level,2,hard,0.7641545268623389,3,5,ari_stability,5,0.8240750617384047,False,True,0.7338264635878672
difficulty_level,2,hard,0.7641545268623389,3,5,ari_stability,6,0.8912284580228979,True,False,0.8079417077606826
difficulty_level,2,hard,0.7641545268623389,3,5,ari_stability,7,0.778845187016458,False,False,0.7905150777543373
difficulty_level,2,hard,0.7641545268623389,3,5,ari_stability_1se,3,0.8015890082773001,False,False,0.60532070151005
difficulty_level,2,hard,0.7641545268623389,3,5,ari_stability_1se,4,0.8785797138393143,False,False,0.6154414909622907
difficulty_level,2,hard,0.7641545268623389,3,5,ari_stability_1se,5,0.8240750617384047,False,True,0.7338264635878672
difficulty_level,2,hard,0.7641545268623389,3,5,ari_stability_1se,6,0.8912284580228979,True,False,0.8079417077606826
difficulty_level,2,hard,0.7641545268623389,3,5,ari_stability_1se,7,0.778845187016458,False,False,0.7905150777543373
difficulty_level,2,hard,0.7641545268623389,3,5,ari_stability_quant,3,0.8015890082773001,False,False,0.60532070151005
difficulty_level,2,hard,0.7641545268623389,3,5,ari_stability_quant,4,0.8785797138393143,False,False,0.6154414909622907
difficulty_level,2,hard,0.7641545268623389,3,5,ari_stability_quant,5,0.8240750617384047,False,True,0.7338264635878672
difficulty_level,2,hard,0.7641545268623389,3,5,ari_stability_quant,6,0.8912284580228979,True,False,0.8079417077606826
difficulty_level,2,hard,0.7641545268623389,3,5,ari_stability_quant,7,0.778845187016458,False,False,0.7905150777543373
difficulty_level,2,hard,0.7641545268623389,3,5,consensus_ce_stability,3,0.7951867426714929,False,False,0.60532070151005
difficulty_level,2,hard,0.7641545268623389,3,5,consensus_ce_stability,4,0.8980426219360201,False,False,0.6154414909622907
difficulty_level,2,hard,0.7641545268623389,3,5,consensus_ce_stability,5,0.8778171211761169,False,True,0.7338264635878672
difficulty_level,2,hard,0.7641545268623389,3,5,consensus_ce_stability,6,0.927239691548876,True,False,0.8079417077606826
difficulty_level,2,hard,0.7641545268623389,3,5,consensus_ce_stability,7,0.8858282446170627,False,False,0.7905150777543373
difficulty_level,2,hard,0.7641545268623389,3,5,consensus_gini_stability,3,0.8190356055132382,False,False,0.60532070151005
difficulty_level,2,hard,0.7641545268623389,3,5,consensus_gini_stability,4,0.9104837220413579,False,False,0.6154414909622907
difficulty_level,2,hard,0.7641545268623389,3,5,consensus_gini_stability,5,0.8875295068431264,False,True,0.7338264635878672
difficulty_level,2,hard,0.7641545268623389,3,5,consensus_gini_stability,6,0.9357059175338468,True,False,0.8079417077606826
difficulty_level,2,hard,0.7641545268623389,3,5,consensus_gini_stability,7,0.8947600743276847,False,False,0.7905150777543373
difficulty_level,2,hard,0.7641545268623389,3,5,consensus_pac_stability,3,0.7332136068034016,False,False,0.60532070151005
difficulty_level,2,hard,0.7641545268623389,3,5,consensus_pac_stability,4,0.8732771385692847,False,False,0.6154414909622907
difficulty_level,2,hard,0.7641545268623389,3,5,consensus_pac_stability,5,0.8553341670835417,False,True,0.7338264635878672
difficulty_level,2,hard,0.7641545268623389,3,5,consensus_pac_stability,6,0.9098304152076038,True,False,0.8079417077606826
difficulty_level,2,hard,0.7641545268623389,3,5,consensus_pac_stability,7,0.8647618809404702,False,False,0.7905150777543373
difficulty_level,2,hard,0.7641545268623389,3,5,silhouette,3,0.19694559896172117,False,False,0.60532070151005
difficulty_level,2,hard,0.7641545268623389,3,5,silhouette,4,0.2413360559017037,False,False,0.6469280745736159
difficulty_level,2,hard,0.7641545268623389,3,5,silhouette,5,0.2737128669698466,False,True,0.7641545268623389
difficulty_level,2,hard,0.7641545268623389,3,5,silhouette,6,0.2996257508865469,True,False,0.8224955303152849
difficulty_level,2,hard,0.7641545268623389,3,5,silhouette,7,0.28505031529674657,False,False,0.7294132912380923
difficulty_level,2,hard,0.7641545268623389,3,5,gap,3,0.0035839098633694277,False,False,0.60532070151005
difficulty_level,2,hard,0.7641545268623389,3,5,gap,4,0.12451156802279684,False,False,0.6469280745736159
difficulty_level,2,hard,0.7641545268623389,3,5,gap,5,0.2261751584499354,False,True,0.7641545268623389
difficulty_level,2,hard,0.7641545268623389,3,5,gap,6,0.303975208164017,False,False,0.8224955303152849
difficulty_level,2,hard,0.7641545268623389,3,5,gap,7,0.37143392777870865,True,False,0.7294132912380923
difficulty_level,2,hard,0.7641545268623389,3,5,davies_bouldin,3,0.35486180085406804,False,False,0.60532070151005
difficulty_level,2,hard,0.7641545268623389,3,5,davies_bouldin,4,0.3364023673391525,False,False,0.6469280745736159
difficulty_level,2,hard,0.7641545268623389,3,5,davies_bouldin,5,0.357679419515322,False,True,0.7641545268623389
difficulty_level,2,hard,0.7641545268623389,3,5,davies_bouldin,6,0.35959696126529866,False,False,0.8224955303152849
difficulty_level,2,hard,0.7641545268623389,3,5,davies_bouldin,7,0.3712435750714193,True,False,0.7294132912380923
difficulty_level,2,hard,0.7641545268623389,3,5,calinski_harabasz,3,327.5563177943491,False,False,0.60532070151005
difficulty_level,2,hard,0.7641545268623389,3,5,calinski_harabasz,4,337.1454385368796,True,False,0.6469280745736159
difficulty_level,2,hard,0.7641545268623389,3,5,calinski_harabasz,5,336.978164781179,False,True,0.7641545268623389
difficulty_level,2,hard,0.7641545268623389,3,5,calinski_harabasz,6,326.6113392179836,False,False,0.8224955303152849
difficulty_level,2,hard,0.7641545268623389,3,5,calinski_harabasz,7,316.7472677159163,False,False,0.7294132912380923
difficulty_level,2,hard,0.8453919437179757,4,5,accuracy_generalizability,3,1.0,True,False,0.5166066576959782
difficulty_level,2,hard,0.8453919437179757,4,5,accuracy_generalizability,4,0.9428746526084988,False,False,0.826511423305977
difficulty_level,2,hard,0.8453919437179757,4,5,accuracy_generalizability,5,0.8310959031225182,False,True,0.8272825823788164
difficulty_level,2,hard,0.8453919437179757,4,5,accuracy_generalizability,6,0.8072151684775402,False,False,0.7576579217684263
difficulty_level,2,hard,0.8453919437179757,4,5,accuracy_generalizability,7,0.8035971236351176,False,False,0.819120255670846
difficulty_level,2,hard,0.8453919437179757,4,5,ari_average,3,1.0,True,False,0.5166066576959782
difficulty_level,2,hard,0.8453919437179757,4,5,ari_average,4,0.8781569622923123,False,False,0.826511423305977
difficulty_level,2,hard,0.8453919437179757,4,5,ari_average,5,0.7652073509776439,False,True,0.8272825823788164
difficulty_level,2,hard,0.8453919437179757,4,5,ari_average,6,0.7824369704215813,False,False,0.7576579217684263
difficulty_level,2,hard,0.8453919437179757,4,5,ari_average,7,0.7940048880362327,False,False,0.819120255670846
difficulty_level,2,hard,0.8453919437179757,4,5,ari_average_1se,3,1.0,True,False,0.5166066576959782
difficulty_level,2,hard,0.8453919437179757,4,5,ari_average_1se,4,0.8781569622923123,False,False,0.826511423305977
difficulty_level,2,hard,0.8453919437179757,4,5,ari_average_1se,5,0.7652073509776439,False,True,0.8272825823788164
difficulty_level,2,hard,0.8453919437179757,4,5,ari_average_1se,6,0.7824369704215813,False,False,0.7576579217684263
difficulty_level,2,hard,0.8453919437179757,4,5,ari_average_1se,7,0.7940048880362327,False,False,0.819120255670846
difficulty_level,2,hard,0.8453919437179757,4,5,ari_average_quant,3,1.0,True,False,0.5166066576959782
difficulty_level,2,hard,0.8453919437179757,4,5,ari_average_quant,4,0.8781569622923123,False,False,0.826511423305977
difficulty_level,2,hard,0.8453919437179757,4,5,ari_average_quant,5,0.7652073509776439,False,True,0.8272825823788164
difficulty_level,2,hard,0.8453919437179757,4,5,ari_average_quant,6,0.7824369704215813,False,False,0.7576579217684263
difficulty_level,2,hard,0.8453919437179757,4,5,ari_average_quant,7,0.7940048880362327,False,False,0.819120255670846
difficulty_level,2,hard,0.8453919437179757,4,5,ari_generalizability,3,1.0,True,False,0.5166066576959782
difficulty_level,2,hard,0.8453919437179757,4,5,ari_generalizability,4,0.8640121259913481,False,False,0.826511423305977
difficulty_level,2,hard,0.8453919437179757,4,5,ari_generalizability,5,0.737423037626907,False,True,0.8272825823788164
difficulty_level,2,hard,0.8453919437179757,4,5,ari_generalizability,6,0.7613634699693066,False,False,0.7576579217684263
difficulty_level,2,hard,0.8453919437179757,4,5,ari_generalizability,7,0.7628338580001974,False,False,0.819120255670846
difficulty_level,2,hard,0.8453919437179757,4,5,ari_generalizability_1se,3,1.0,True,False,0.5166066576959782
difficulty_level,2,hard,0.8453919437179757,4,5,ari_generalizability_1se,4,0.8640121259913481,False,False,0.826511423305977
difficulty_level,2,hard,0.8453919437179757,4,5,ari_generalizability_1se,5,0.737423037626907,False,True,0.8272825823788164
difficulty_level,2,hard,0.8453919437179757,4,5,ari_generalizability_1se,6,0.7613634699693066,False,False,0.7576579217684263
difficulty_level,2,hard,0.8453919437179757,4,5,ari_generalizability_1se,7,0.7628338580001974,False,False,0.819120255670846
difficulty_level,2,hard,0.8453919437179757,4,5,ari_generalizability_quant,3,1.0,True,False,0.5166066576959782
difficulty_level,2,hard,0.8453919437179757,4,5,ari_generalizability_quant,4,0.8640121259913481,False,False,0.826511423305977
difficulty_level,2,hard,0.8453919437179757,4,5,ari_generalizability_quant,5,0.737423037626907,False,True,0.8272825823788164
difficulty_level,2,hard,0.8453919437179757,4,5,ari_generalizability_quant,6,0.7613634699693066,False,False,0.7576579217684263
difficulty_level,2,hard,0.8453919437179757,4,5,ari_generalizability_quant,7,0.7628338580001974,False,False,0.819120255670846
difficulty_level,2,hard,0.8453919437179757,4,5,ari_stability,3,1.0,True,False,0.5166066576959782
difficulty_level,2,hard,0.8453919437179757,4,5,ari_stability,4,0.8923017985932767,False,False,0.826511423305977
difficulty_level,2,hard,0.8453919437179757,4,5,ari_stability,5,0.7929916643283813,False,True,0.8272825823788164
difficulty_level,2,hard,0.8453919437179757,4,5,ari_stability,6,0.8035104708738555,False,False,0.7576579217684263
difficulty_level,2,hard,0.8453919437179757,4,5,ari_stability,7,0.8251759180722683,False,False,0.819120255670846
difficulty_level,2,hard,0.8453919437179757,4,5,ari_stability_1se,3,1.0,True,False,0.5166066576959782
difficulty_level,2,hard,0.8453919437179757,4,5,ari_stability_1se,4,0.8923017985932767,False,False,0.826511423305977
difficulty_level,2,hard,0.8453919437179757,4,5,ari_stability_1se,5,0.7929916643283813,False,True,0.8272825823788164
difficulty_level,2,hard,0.8453919437179757,4,5,ari_stability_1se,6,0.8035104708738555,False,False,0.7576579217684263
difficulty_level,2,hard,0.8453919437179757,4,5,ari_stability_1se,7,0.8251759180722683,False,False,0.819120255670846
difficulty_level,2,hard,0.8453919437179757,4,5,ari_stability_quant,3,1.0,True,False,0.5166066576959782
difficulty_level,2,hard,0.8453919437179757,4,5,ari_stability_quant,4,0.8923017985932767,False,False,0.826511423305977
difficulty_level,2,hard,0.8453919437179757,4,5,ari_stability_quant,5,0.7929916643283813,False,True,0.8272825823788164
difficulty_level,2,hard,0.8453919437179757,4,5,ari_stability_quant,6,0.8035104708738555,False,False,0.7576579217684263
difficulty_level,2,hard,0.8453919437179757,4,5,ari_stability_quant,7,0.8251759180722683,False,False,0.819120255670846
difficulty_level,2,hard,0.8453919437179757,4,5,consensus_ce_stability,3,0.9999999999586945,True,False,0.5166066576959782
difficulty_level,2,hard,0.8453919437179757,4,5,consensus_ce_stability,4,0.9070565681723747,False,False,0.826511423305977
difficulty_level,2,hard,0.8453919437179757,4,5,consensus_ce_stability,5,0.8599448473169972,False,True,0.8272825823788164
difficulty_level,2,hard,0.8453919437179757,4,5,consensus_ce_stability,6,0.8760682819063637,False,False,0.7576579217684263
difficulty_level,2,hard,0.8453919437179757,4,5,consensus_ce_stability,7,0.898507445161615,False,False,0.819120255670846
difficulty_level,2,hard,0.8453919437179757,4,5,consensus_gini_stability,3,1.0,True,False,0.5166066576959782
difficulty_level,2,hard,0.8453919437179757,4,5,consensus_gini_stability,4,0.9120184447176806,False,False,0.826511423305977
difficulty_level,2,hard,0.8453919437179757,4,5,consensus_gini_stability,5,0.8691150124884796,False,True,0.8272825823788164
difficulty_level,2,hard,0.8453919437179757,4,5,consensus_gini_stability,6,0.8877742194855398,False,False,0.7576579217684263
difficulty_level,2,hard,0.8453919437179757,4,5,consensus_gini_stability,7,0.9114262233177615,False,False,0.819120255670846
difficulty_level,2,hard,0.8453919437179757,4,5,consensus_pac_stability,3,1.0,True,False,0.5166066576959782
difficulty_level,2,hard,0.8453919437179757,4,5,consensus_pac_stability,4,0.902663831915958,False,False,0.826511423305977
difficulty_level,2,hard,0.8453919437179757,4,5,consensus_pac_stability,5,0.8344682341170585,False,True,0.8272825823788164
difficulty_level,2,hard,0.8453919437179757,4,5,consensus_pac_stability,6,0.8413191595797899,False,False,0.7576579217684263
difficulty_level,2,hard,0.8453919437179757,4,5,consensus_pac_stability,7,0.8592866433216608,False,False,0.819120255670846
difficulty_level,2,hard,0.8453919437179757,4,5,silhouette,3,0.19750947037753064,False,False,0.5166066576959782
difficulty_level,2,hard,0.8453919437179757,4,5,silhouette,4,0.2318876111827439,False,False,0.826511423305977
difficulty_level,2,hard,0.8453919437179757,4,5,silhouette,5,0.25761755866169034,False,True,0.8453919437179757
difficulty_level,2,hard,0.8453919437179757,4,5,silhouette,6,0.2721206862918323,False,False,0.7763908078059933
difficulty_level,2,hard,0.8453919437179757,4,5,silhouette,7,0.2974370120074826,True,False,0.8293976799109284
difficulty_level,2,hard,0.8453919437179757,4,5,gap,3,0.014234921230093178,False,False,0.5166066576959782
difficulty_level,2,hard,0.8453919437179757,4,5,gap,4,0.11284920220339423,False,False,0.826511423305977
difficulty_level,2,hard,0.8453919437179757,4,5,gap,5,0.18884719786042048,False,True,0.8453919437179757
difficulty_level,2,hard,0.8453919437179757,4,5,gap,6,0.2651360821710398,False,False,0.7763908078059933
difficulty_level,2,hard,0.8453919437179757,4,5,gap,7,0.34205218153762473,True,False,0.8293976799109284
difficulty_level,2,hard,0.8453919437179757,4,5,davies_bouldin,3,0.351385401026321,False,False,0.5166066576959782
difficulty_level,2,hard,0.8453919437179757,4,5,davies_bouldin,4,0.3290637680400895,False,False,0.826511423305977
difficulty_level,2,hard,0.8453919437179757,4,5,davies_bouldin,5,0.32624818984855364,False,True,0.8453919437179757
difficulty_level,2,hard,0.8453919437179757,4,5,davies_bouldin,6,0.3435928615092437,False,False,0.7763908078059933
difficulty_level,2,hard,0.8453919437179757,4,5,davies_bouldin,7,0.36027362168775345,True,False,0.8293976799109284
difficulty_level,2,hard,0.8453919437179757,4,5,calinski_harabasz,3,329.1919768273798,True,False,0.5166066576959782
difficulty_level,2,hard,0.8453919437179757,4,5,calinski_harabasz,4,315.6612403880659,False,False,0.826511423305977
difficulty_level,2,hard,0.8453919437179757,4,5,calinski_harabasz,5,298.08202552560385,False,True,0.8453919437179757
difficulty_level,2,hard,0.8453919437179757,4,5,calinski_harabasz,6,291.62099011878837,False,False,0.7763908078059933
difficulty_level,2,hard,0.8453919437179757,4,5,calinski_harabasz,7,291.17007903296474,False,False,0.8293976799109284
difficulty_level,2,hard,0.34320874385006045,5,5,accuracy_generalizability,3,0.912561686091923,True,False,0.34038366274504395
difficulty_level,2,hard,0.34320874385006045,5,5,accuracy_generalizability,4,0.7876271755662901,False,False,0.48506375850640276
difficulty_level,2,hard,0.34320874385006045,5,5,accuracy_generalizability,5,0.7876456114287457,False,True,0.34119333797139845
difficulty_level,2,hard,0.34320874385006045,5,5,accuracy_generalizability,6,0.8927863832546531,False,False,0.45888441708408106
difficulty_level,2,hard,0.34320874385006045,5,5,accuracy_generalizability,7,0.8190743199691218,False,False,0.5029764229489945
difficulty_level,2,hard,0.34320874385006045,5,5,ari_average,3,0.8542399261325826,True,False,0.34038366274504395
difficulty_level,2,hard,0.34320874385006045,5,5,ari_average,4,0.7084192048327916,False,False,0.48506375850640276
difficulty_level,2,hard,0.34320874385006045,5,5,ari_average,5,0.7204252621529302,False,True,0.34119333797139845
difficulty_level,2,hard,0.34320874385006045,5,5,ari_average,6,0.8415674638043567,False,False,0.45888441708408106
difficulty_level,2,hard,0.34320874385006045,5,5,ari_average,7,0.7613374255393601,False,False,0.5029764229489945
difficulty_level,2,hard,0.34320874385006045,5,5,ari_average_1se,3,0.8542399261325826,True,False,0.34038366274504395
difficulty_level,2,hard,0.34320874385006045,5,5,ari_average_1se,4,0.7084192048327916,False,False,0.48506375850640276
difficulty_level,2,hard,0.34320874385006045,5,5,ari_average_1se,5,0.7204252621529302,False,True,0.34119333797139845
difficulty_level,2,hard,0.34320874385006045,5,5,ari_average_1se,6,0.8415674638043567,False,False,0.45888441708408106
difficulty_level,2,hard,0.34320874385006045,5,5,ari_average_1se,7,0.7613374255393601,False,False,0.5029764229489945
difficulty_level,2,hard,0.34320874385006045,5,5,ari_average_quant,3,0.8542399261325826,False,False,0.34038366274504395
difficulty_level,2,hard,0.34320874385006045,5,5,ari_average_quant,4,0.7084192048327916,False,False,0.48506375850640276
difficulty_level,2,hard,0.34320874385006045,5,5,ari_average_quant,5,0.7204252621529302,False,True,0.34119333797139845
difficulty_level,2,hard,0.34320874385006045,5,5,ari_average_quant,6,0.8415674638043567,True,False,0.45888441708408106
difficulty_level,2,hard,0.34320874385006045,5,5,ari_average_quant,7,0.7613374255393601,False,False,0.5029764229489945
difficulty_level,2,hard,0.34320874385006045,5,5,ari_generalizability,3,0.8492162478348991,True,False,0.34038366274504395
difficulty_level,2,hard,0.34320874385006045,5,5,ari_generalizability,4,0.6848260828287566,False,False,0.48506375850640276
difficulty_level,2,hard,0.34320874385006045,5,5,ari_generalizability,5,0.6978483394264253,False,True,0.34119333797139845
difficulty_level,2,hard,0.34320874385006045,5,5,ari_generalizability,6,0.8244976609860969,False,False,0.45888441708408106
difficulty_level,2,hard,0.34320874385006045,5,5,ari_generalizability,7,0.7415249772528703,False,False,0.5029764229489945
difficulty_level,2,hard,0.34320874385006045,5,5,ari_generalizability_1se,3,0.8492162478348991,True,False,0.34038366274504395
difficulty_level,2,hard,0.34320874385006045,5,5,ari_generalizability_1se,4,0.6848260828287566,False,False,0.48506375850640276
difficulty_level,2,hard,0.34320874385006045,5,5,ari_generalizability_1se,5,0.6978483394264253,False,True,0.34119333797139845
difficulty_level,2,hard,0.34320874385006045,5,5,ari_generalizability_1se,6,0.8244976609860969,False,False,0.45888441708408106
difficulty_level,2,hard,0.34320874385006045,5,5,ari_generalizability_1se,7,0.7415249772528703,False,False,0.5029764229489945
difficulty_level,2,hard,0.34320874385006045,5,5,ari_generalizability_quant,3,0.8492162478348991,False,False,0.34038366274504395
difficulty_level,2,hard,0.34320874385006045,5,5,ari_generalizability_quant,4,0.6848260828287566,False,False,0.48506375850640276
difficulty_level,2,hard,0.34320874385006045,5,5,ari_generalizability_quant,5,0.6978483394264253,False,True,0.34119333797139845
difficulty_level,2,hard,0.34320874385006045,5,5,ari_generalizability_quant,6,0.8244976609860969,False,False,0.45888441708408106
difficulty_level,2,hard,0.34320874385006045,5,5,ari_generalizability_quant,7,0.7415249772528703,True,False,0.5029764229489945
difficulty_level,2,hard,0.34320874385006045,5,5,ari_stability,3,0.8592636044302661,True,False,0.34038366274504395
difficulty_level,2,hard,0.34320874385006045,5,5,ari_stability,4,0.7320123268368265,False,False,0.48506375850640276
difficulty_level,2,hard,0.34320874385006045,5,5,ari_stability,5,0.7430021848794353,False,True,0.34119333797139845
difficulty_level,2,hard,0.34320874385006045,5,5,ari_stability,6,0.8586372666226165,False,False,0.45888441708408106
difficulty_level,2,hard,0.34320874385006045,5,5,ari_stability,7,0.7811498738258503,False,False,0.5029764229489945
difficulty_level,2,hard,0.34320874385006045,5,5,ari_stability_1se,3,0.8592636044302661,False,False,0.34038366274504395
difficulty_level,2,hard,0.34320874385006045,5,5,ari_stability_1se,4,0.7320123268368265,False,False,0.48506375850640276
difficulty_level,2,hard,0.34320874385006045,5,5,ari_stability_1se,5,0.7430021848794353,False,True,0.34119333797139845
difficulty_level,2,hard,0.34320874385006045,5,5,ari_stability_1se,6,0.8586372666226165,True,False,0.45888441708408106
difficulty_level,2,hard,0.34320874385006045,5,5,ari_stability_1se,7,0.7811498738258503,False,False,0.5029764229489945
difficulty_level,2,hard,0.34320874385006045,5,5,ari_stability_quant,3,0.8592636044302661,False,False,0.34038366274504395
difficulty_level,2,hard,0.34320874385006045,5,5,ari_stability_quant,4,0.7320123268368265,False,False,0.48506375850640276
difficulty_level,2,hard,0.34320874385006045,5,5,ari_stability_quant,5,0.7430021848794353,False,True,0.34119333797139845
difficulty_level,2,hard,0.34320874385006045,5,5,ari_stability_quant,6,0.8586372666226165,False,False,0.45888441708408106
difficulty_level,2,hard,0.34320874385006045,5,5,ari_stability_quant,7,0.7811498738258503,True,False,0.5029764229489945
difficulty_level,2,hard,0.34320874385006045,5,5,consensus_ce_stability,3,0.8678462537364082,False,False,0.34038366274504395
difficulty_level,2,hard,0.34320874385006045,5,5,consensus_ce_stability,4,0.7806125145311983,False,False,0.48506375850640276
difficulty_level,2,hard,0.34320874385006045,5,5,consensus_ce_stability,5,0.7971398341738575,False,True,0.34119333797139845
difficulty_level,2,hard,0.34320874385006045,5,5,consensus_ce_stability,6,0.9076624274524593,True,False,0.45888441708408106
difficulty_level,2,hard,0.34320874385006045,5,5,consensus_ce_stability,7,0.8786452042771029,False,False,0.5029764229489945
difficulty_level,2,hard,0.34320874385006045,5,5,consensus_gini_stability,3,0.8813455162038552,False,False,0.34038366274504395
difficulty_level,2,hard,0.34320874385006045,5,5,consensus_gini_stability,4,0.802994191001082,False,False,0.48506375850640276
difficulty_level,2,hard,0.34320874385006045,5,5,consensus_gini_stability,5,0.8185673663003104,False,True,0.34119333797139845
difficulty_level,2,hard,0.34320874385006045,5,5,consensus_gini_stability,6,0.9199213013830742,True,False,0.45888441708408106
difficulty_level,2,hard,0.34320874385006045,5,5,consensus_gini_stability,7,0.8911278154987663,False,False,0.5029764229489945
difficulty_level,2,hard,0.34320874385006045,5,5,consensus_pac_stability,3,0.8230955477738869,False,False,0.34038366274504395
difficulty_level,2,hard,0.34320874385006045,5,5,consensus_pac_stability,4,0.7154652326163082,False,False,0.48506375850640276
difficulty_level,2,hard,0.34320874385006045,5,5,consensus_pac_stability,5,0.722615807903952,False,True,0.34119333797139845
difficulty_level,2,hard,0.34320874385006045,5,5,consensus_pac_stability,6,0.8721560780390195,True,False,0.45888441708408106
difficulty_level,2,hard,0.34320874385006045,5,5,consensus_pac_stability,7,0.8452921460730365,False,False,0.5029764229489945
difficulty_level,2,hard,0.34320874385006045,5,5,silhouette,3,0.16786690793863768,False,False,0.33443978690064297
difficulty_level,2,hard,0.34320874385006045,5,5,silhouette,4,0.2034604696399776,False,False,0.4776470601724104
difficulty_level,2,hard,0.34320874385006045,5,5,silhouette,5,0.2214978877648216,False,True,0.34320874385006045
difficulty_level,2,hard,0.34320874385006045,5,5,silhouette,6,0.251788946914426,False,False,0.46167369874095465
difficulty_level,2,hard,0.34320874385006045,5,5,silhouette,7,0.272971951097785,True,False,0.5058168951046725
difficulty_level,2,hard,0.34320874385006045,5,5,gap,3,0.12460497149156957,False,False,0.33443978690064297
difficulty_level,2,hard,0.34320874385006045,5,5,gap,4,0.20580226480134023,False,False,0.4776470601724104
difficulty_level,2,hard,0.34320874385006045,5,5,gap,5,0.2930622180891884,False,True,0.34320874385006045
difficulty_level,2,hard,0.34320874385006045,5,5,gap,6,0.3831012345407423,False,False,0.46167369874095465
difficulty_level,2,hard,0.34320874385006045,5,5,gap,7,0.44859801758968665,True,False,0.5058168951046725
difficulty_level,2,hard,0.34320874385006045,5,5,davies_bouldin,3,0.34592929357359725,False,False,0.33443978690064297
difficulty_level,2,hard,0.34320874385006045,5,5,davies_bouldin,4,0.34280846958670425,False,False,0.4776470601724104
difficulty_level,2,hard,0.34320874385006045,5,5,davies_bouldin,5,0.3600736130084915,True,True,0.34320874385006045
difficulty_level,2,hard,0.34320874385006045,5,5,davies_bouldin,6,0.3493686556130427,False,False,0.46167369874095465
difficulty_level,2,hard,0.34320874385006045,5,5,davies_bouldin,7,0.3463533125674078,False,False,0.5058168951046725
difficulty_level,2,hard,0.34320874385006045,5,5,calinski_harabasz,3,341.33541916724965,True,False,0.33443978690064297
difficulty_level,2,hard,0.34320874385006045,5,5,calinski_harabasz,4,308.1167268677913,False,False,0.4776470601724104
difficulty_level,2,hard,0.34320874385006045,5,5,calinski_harabasz,5,301.2822767942059,False,True,0.34320874385006045
difficulty_level,2,hard,0.34320874385006045,5,5,calinski_harabasz,6,304.3418791677638,False,False,0.46167369874095465
difficulty_level,2,hard,0.34320874385006045,5,5,calinski_harabasz,7,295.7019902029315,False,False,0.5058168951046725
difficulty_level,2,hard,0.5270897762150681,6,5,accuracy_generalizability,3,0.8987240494544133,True,False,0.3509897805630747
difficulty_level,2,hard,0.5270897762150681,6,5,accuracy_generalizability,4,0.8885273593095572,False,False,0.47139599875887667
difficulty_level,2,hard,0.5270897762150681,6,5,accuracy_generalizability,5,0.870627074463474,False,True,0.5311248415314316
difficulty_level,2,hard,0.5270897762150681,6,5,accuracy_generalizability,6,0.8012952505432018,False,False,0.6069293465063363
difficulty_level,2,hard,0.5270897762150681,6,5,accuracy_generalizability,7,0.8405063154058129,False,False,0.6465940706064306
difficulty_level,2,hard,0.5270897762150681,6,5,ari_average,3,0.7772800737595827,False,False,0.3509897805630747
difficulty_level,2,hard,0.5270897762150681,6,5,ari_average,4,0.7559038984253097,False,False,0.47139599875887667
difficulty_level,2,hard,0.5270897762150681,6,5,ari_average,5,0.7592068324902138,False,True,0.5311248415314316
difficulty_level,2,hard,0.5270897762150681,6,5,ari_average,6,0.7271301820736484,False,False,0.6069293465063363
difficulty_level,2,hard,0.5270897762150681,6,5,ari_average,7,0.7955499026842796,True,False,0.6465940706064306
difficulty_level,2,hard,0.5270897762150681,6,5,ari_average_1se,3,0.7772800737595827,False,False,0.3509897805630747
difficulty_level,2,hard,0.5270897762150681,6,5,ari_average_1se,4,0.7559038984253097,False,False,0.47139599875887667
difficulty_level,2,hard,0.5270897762150681,6,5,ari_average_1se,5,0.7592068324902138,False,True,0.5311248415314316
difficulty_level,2,hard,0.5270897762150681,6,5,ari_average_1se,6,0.7271301820736484,False,False,0.6069293465063363
difficulty_level,2,hard,0.5270897762150681,6,5,ari_average_1se,7,0.7955499026842796,True,False,0.6465940706064306
difficulty_level,2,hard,0.5270897762150681,6,5,ari_average_quant,3,0.7772800737595827,False,False,0.3509897805630747
difficulty_level,2,hard,0.5270897762150681,6,5,ari_average_quant,4,0.7559038984253097,False,False,0.47139599875887667
difficulty_level,2,hard,0.5270897762150681,6,5,ari_average_quant,5,0.7592068324902138,False,True,0.5311248415314316
difficulty_level,2,hard,0.5270897762150681,6,5,ari_average_quant,6,0.7271301820736484,False,False,0.6069293465063363
difficulty_level,2,hard,0.5270897762150681,6,5,ari_average_quant,7,0.7955499026842796,True,False,0.6465940706064306
difficulty_level,2,hard,0.5270897762150681,6,5,ari_generalizability,3,0.7474892426079651,False,False,0.3509897805630747
difficulty_level,2,hard,0.5270897762150681,6,5,ari_generalizability,4,0.7360343052697929,False,False,0.47139599875887667
difficulty_level,2,hard,0.5270897762150681,6,5,ari_generalizability,5,0.7380852991439646,False,True,0.5311248415314316
difficulty_level,2,hard,0.5270897762150681,6,5,ari_generalizability,6,0.713989704185753,False,False,0.6069293465063363
difficulty_level,2,hard,0.5270897762150681,6,5,ari_generalizability,7,0.7816812073341953,True,False,0.6465940706064306
difficulty_level,2,hard,0.5270897762150681,6,5,ari_generalizability_1se,3,0.7474892426079651,False,False,0.3509897805630747
difficulty_level,2,hard,0.5270897762150681,6,5,ari_generalizability_1se,4,0.7360343052697929,False,False,0.47139599875887667
difficulty_level,2,hard,0.5270897762150681,6,5,ari_generalizability_1se,5,0.7380852991439646,False,True,0.5311248415314316
difficulty_level,2,hard,0.5270897762150681,6,5,ari_generalizability_1se,6,0.713989704185753,False,False,0.6069293465063363
difficulty_level,2,hard,0.5270897762150681,6,5,ari_generalizability_1se,7,0.7816812073341953,True,False,0.6465940706064306
difficulty_level,2,hard,0.5270897762150681,6,5,ari_generalizability_quant,3,0.7474892426079651,False,False,0.3509897805630747
difficulty_level,2,hard,0.5270897762150681,6,5,ari_generalizability_quant,4,0.7360343052697929,False,False,0.47139599875887667
difficulty_level,2,hard,0.5270897762150681,6,5,ari_generalizability_quant,5,0.7380852991439646,False,True,0.5311248415314316
difficulty_level,2,hard,0.5270897762150681,6,5,ari_generalizability_quant,6,0.713989704185753,False,False,0.6069293465063363
difficulty_level,2,hard,0.5270897762150681,6,5,ari_generalizability_quant,7,0.7816812073341953,True,False,0.6465940706064306
difficulty_level,2,hard,0.5270897762150681,6,5,ari_stability,3,0.8070709049112003,False,False,0.3509897805630747
difficulty_level,2,hard,0.5270897762150681,6,5,ari_stability,4,0.7757734915808263,False,False,0.47139599875887667
difficulty_level,2,hard,0.5270897762150681,6,5,ari_stability,5,0.780328365836463,False,True,0.5311248415314316
difficulty_level,2,hard,0.5270897762150681,6,5,ari_stability,6,0.7402706599615435,False,False,0.6069293465063363
difficulty_level,2,hard,0.5270897762150681,6,5,ari_stability,7,0.8094185980343639,True,False,0.6465940706064306
difficulty_level,2,hard,0.5270897762150681,6,5,ari_stability_1se,3,0.8070709049112003,False,False,0.3509897805630747
difficulty_level,2,hard,0.5270897762150681,6,5,ari_stability_1se,4,0.7757734915808263,False,False,0.47139599875887667
difficulty_level,2,hard,0.5270897762150681,6,5,ari_stability_1se,5,0.780328365836463,False,True,0.5311248415314316
difficulty_level,2,hard,0.5270897762150681,6,5,ari_stability_1se,6,0.7402706599615435,False,False,0.6069293465063363
difficulty_level,2,hard,0.5270897762150681,6,5,ari_stability_1se,7,0.8094185980343639,True,False,0.6465940706064306
difficulty_level,2,hard,0.5270897762150681,6,5,ari_stability_quant,3,0.8070709049112003,False,False,0.3509897805630747
difficulty_level,2,hard,0.5270897762150681,6,5,ari_stability_quant,4,0.7757734915808263,False,False,0.47139599875887667
difficulty_level,2,hard,0.5270897762150681,6,5,ari_stability_quant,5,0.780328365836463,False,True,0.5311248415314316
difficulty_level,2,hard,0.5270897762150681,6,5,ari_stability_quant,6,0.7402706599615435,False,False,0.6069293465063363
difficulty_level,2,hard,0.5270897762150681,6,5,ari_stability_quant,7,0.8094185980343639,True,False,0.6465940706064306
difficulty_level,2,hard,0.5270897762150681,6,5,consensus_ce_stability,3,0.7715233151564285,False,False,0.3509897805630747
difficulty_level,2,hard,0.5270897762150681,6,5,consensus_ce_stability,4,0.8146002404363082,False,False,0.47139599875887667
difficulty_level,2,hard,0.5270897762150681,6,5,consensus_ce_stability,5,0.8327018575549279,False,True,0.5311248415314316
difficulty_level,2,hard,0.5270897762150681,6,5,consensus_ce_stability,6,0.8362138408248295,False,False,0.6069293465063363
difficulty_level,2,hard,0.5270897762150681,6,5,consensus_ce_stability,7,0.8868410808907515,True,False,0.6465940706064306
difficulty_level,2,hard,0.5270897762150681,6,5,consensus_gini_stability,3,0.8000472863630241,False,False,0.3509897805630747
difficulty_level,2,hard,0.5270897762150681,6,5,consensus_gini_stability,4,0.8290533716522124,False,False,0.47139599875887667
difficulty_level,2,hard,0.5270897762150681,6,5,consensus_gini_stability,5,0.8473948941689208,False,True,0.5311248415314316
difficulty_level,2,hard,0.5270897762150681,6,5,consensus_gini_stability,6,0.8486181169153035,False,False,0.6069293465063363
difficulty_level,2,hard,0.5270897762150681,6,5,consensus_gini_stability,7,0.9013659499538866,True,False,0.6465940706064306
difficulty_level,2,hard,0.5270897762150681,6,5,consensus_pac_stability,3,0.7108709354677338,False,False,0.3509897805630747
difficulty_level,2,hard,0.5270897762150681,6,5,consensus_pac_stability,4,0.7873876938469235,False,False,0.47139599875887667
difficulty_level,2,hard,0.5270897762150681,6,5,consensus_pac_stability,5,0.8021765882941471,False,True,0.5311248415314316
difficulty_level,2,hard,0.5270897762150681,6,5,consensus_pac_stability,6,0.8002831415707854,False,False,0.6069293465063363
difficulty_level,2,hard,0.5270897762150681,6,5,consensus_pac_stability,7,0.8454852426213106,True,False,0.6465940706064306
difficulty_level,2,hard,0.5270897762150681,6,5,silhouette,3,0.18781934978266246,False,False,0.26291189923654773
difficulty_level,2,hard,0.5270897762150681,6,5,silhouette,4,0.22437621031089128,False,False,0.44270942935343993
difficulty_level,2,hard,0.5270897762150681,6,5,silhouette,5,0.25384516979912186,False,True,0.5270897762150681
difficulty_level,2,hard,0.5270897762150681,6,5,silhouette,6,0.276458260136886,False,False,0.6204140036663478
difficulty_level,2,hard,0.5270897762150681,6,5,silhouette,7,0.2946849648515049,True,False,0.6553124145606154
difficulty_level,2,hard,0.5270897762150681,6,5,gap,3,-0.05639991233024233,False,False,0.26291189923654773
difficulty_level,2,hard,0.5270897762150681,6,5,gap,4,0.055735929688360386,False,False,0.44270942935343993
difficulty_level,2,hard,0.5270897762150681,6,5,gap,5,0.15278667792712675,False,True,0.5270897762150681
difficulty_level,2,hard,0.5270897762150681,6,5,gap,6,0.2247192225580985,False,False,0.6204140036663478
difficulty_level,2,hard,0.5270897762150681,6,5,gap,7,0.3009932123678354,True,False,0.6553124145606154
difficulty_level,2,hard,0.5270897762150681,6,5,davies_bouldin,3,0.34944057984604165,False,False,0.26291189923654773
difficulty_level,2,hard,0.5270897762150681,6,5,davies_bouldin,4,0.3290123776634691,False,False,0.44270942935343993
difficulty_level,2,hard,0.5270897762150681,6,5,davies_bouldin,5,0.354936128548003,False,True,0.5270897762150681
difficulty_level,2,hard,0.5270897762150681,6,5,davies_bouldin,6,0.351268335860715,False,False,0.6204140036663478
difficulty_level,2,hard,0.5270897762150681,6,5,davies_bouldin,7,0.3664785563241844,True,False,0.6553124145606154
difficulty_level,2,hard,0.5270897762150681,6,5,calinski_harabasz,3,325.63058626231646,False,False,0.26291189923654773
difficulty_level,2,hard,0.5270897762150681,6,5,calinski_harabasz,4,325.84076929722613,True,False,0.44270942935343993
difficulty_level,2,hard,0.5270897762150681,6,5,calinski_harabasz,5,323.2482977252063,False,True,0.5270897762150681
difficulty_level,2,hard,0.5270897762150681,6,5,calinski_harabasz,6,310.04177863436666,False,False,0.6204140036663478
difficulty_level,2,hard,0.5270897762150681,6,5,calinski_harabasz,7,307.22353549775005,False,False,0.6553124145606154
difficulty_level,2,hard,0.6394812923338925,7,5,accuracy_generalizability,3,0.9267916859484919,True,False,0.7658478312020806
difficulty_level,2,hard,0.6394812923338925,7,5,accuracy_generalizability,4,0.9249747240343561,False,False,0.5142671800238002
difficulty_level,2,hard,0.6394812923338925,7,5,accuracy_generalizability,5,0.9193338907295464,False,True,0.640554621395048
difficulty_level,2,hard,0.6394812923338925,7,5,accuracy_generalizability,6,0.8161881092350752,False,False,0.511976701826266
difficulty_level,2,hard,0.6394812923338925,7,5,accuracy_generalizability,7,0.8303574317891005,False,False,0.4820677558999635
difficulty_level,2,hard,0.6394812923338925,7,5,ari_average,3,0.9175649153253924,True,False,0.7658478312020806
difficulty_level,2,hard,0.6394812923338925,7,5,ari_average,4,0.889582085203392,False,False,0.5142671800238002
difficulty_level,2,hard,0.6394812923338925,7,5,ari_average,5,0.8721825064562787,False,True,0.640554621395048
difficulty_level,2,hard,0.6394812923338925,7,5,ari_average,6,0.7765392863973006,False,False,0.511976701826266
difficulty_level,2,hard,0.6394812923338925,7,5,ari_average,7,0.7383739647064257,False,False,0.4820677558999635
difficulty_level,2,hard,0.6394812923338925,7,5,ari_average_1se,3,0.9175649153253924,True,False,0.7658478312020806
difficulty_level,2,hard,0.6394812923338925,7,5,ari_average_1se,4,0.889582085203392,False,False,0.5142671800238002
difficulty_level,2,hard,0.6394812923338925,7,5,ari_average_1se,5,0.8721825064562787,False,True,0.640554621395048
difficulty_level,2,hard,0.6394812923338925,7,5,ari_average_1se,6,0.7765392863973006,False,False,0.511976701826266
difficulty_level,2,hard,0.6394812923338925,7,5,ari_average_1se,7,0.7383739647064257,False,False,0.4820677558999635
difficulty_level,2,hard,0.6394812923338925,7,5,ari_average_quant,3,0.9175649153253924,False,False,0.7658478312020806
difficulty_level,2,hard,0.6394812923338925,7,5,ari_average_quant,4,0.889582085203392,False,False,0.5142671800238002
difficulty_level,2,hard,0.6394812923338925,7,5,ari_average_quant,5,0.8721825064562787,False,True,0.640554621395048
difficulty_level,2,hard,0.6394812923338925,7,5,ari_average_quant,6,0.7765392863973006,False,False,0.511976701826266
difficulty_level,2,hard,0.6394812923338925,7,5,ari_average_quant,7,0.7383739647064257,True,False,0.4820677558999635
difficulty_level,2,hard,0.6394812923338925,7,5,ari_generalizability,3,0.895325977419708,True,False,0.7658478312020806
difficulty_level,2,hard,0.6394812923338925,7,5,ari_generalizability,4,0.8783373884865252,False,False,0.5142671800238002
difficulty_level,2,hard,0.6394812923338925,7,5,ari_generalizability,5,0.8564460962693711,False,True,0.640554621395048
difficulty_level,2,hard,0.6394812923338925,7,5,ari_generalizability,6,0.7552709156727876,False,False,0.511976701826266
difficulty_level,2,hard,0.6394812923338925,7,5,ari_generalizability,7,0.7227503508429157,False,False,0.4820677558999635
difficulty_level,2,hard,0.6394812923338925,7,5,ari_generalizability_1se,3,0.895325977419708,False,False,0.7658478312020806
difficulty_level,2,hard,0.6394812923338925,7,5,ari_generalizability_1se,4,0.8783373884865252,True,False,0.5142671800238002
difficulty_level,2,hard,0.6394812923338925,7,5,ari_generalizability_1se,5,0.8564460962693711,False,True,0.640554621395048
difficulty_level,2,hard,0.6394812923338925,7,5,ari_generalizability_1se,6,0.7552709156727876,False,False,0.511976701826266
difficulty_level,2,hard,0.6394812923338925,7,5,ari_generalizability_1se,7,0.7227503508429157,False,False,0.4820677558999635
difficulty_level,2,hard,0.6394812923338925,7,5,ari_generalizability_quant,3,0.895325977419708,False,False,0.7658478312020806
difficulty_level,2,hard,0.6394812923338925,7,5,ari_generalizability_quant,4,0.8783373884865252,False,False,0.5142671800238002
difficulty_level,2,hard,0.6394812923338925,7,5,ari_generalizability_quant,5,0.8564460962693711,False,True,0.640554621395048
difficulty_level,2,hard,0.6394812923338925,7,5,ari_generalizability_quant,6,0.7552709156727876,False,False,0.511976701826266
difficulty_level,2,hard,0.6394812923338925,7,5,ari_generalizability_quant,7,0.7227503508429157,True,False,0.4820677558999635
difficulty_level,2,hard,0.6394812923338925,7,5,ari_stability,3,0.9398038532310768,True,False,0.7658478312020806
difficulty_level,2,hard,0.6394812923338925,7,5,ari_stability,4,0.9008267819202583,False,False,0.5142671800238002
difficulty_level,2,hard,0.6394812923338925,7,5,ari_stability,5,0.8879189166431866,False,True,0.640554621395048
difficulty_level,2,hard,0.6394812923338925,7,5,ari_stability,6,0.7978076571218139,False,False,0.511976701826266
difficulty_level,2,hard,0.6394812923338925,7,5,ari_stability,7,0.7539975785699359,False,False,0.4820677558999635
difficulty_level,2,hard,0.6394812923338925,7,5,ari_stability_1se,3,0.9398038532310768,True,False,0.7658478312020806
difficulty_level,2,hard,0.6394812923338925,7,5,ari_stability_1se,4,0.9008267819202583,False,False,0.5142671800238002
difficulty_level,2,hard,0.6394812923338925,7,5,ari_stability_1se,5,0.8879189166431866,False,True,0.640554621395048
difficulty_level,2,hard,0.6394812923338925,7,5,ari_stability_1se,6,0.7978076571218139,False,False,0.511976701826266
difficulty_level,2,hard,0.6394812923338925,7,5,ari_stability_1se,7,0.7539975785699359,False,False,0.4820677558999635
difficulty_level,2,hard,0.6394812923338925,7,5,ari_stability_quant,3,0.9398038532310768,False,False,0.7658478312020806
difficulty_level,2,hard,0.6394812923338925,7,5,ari_stability_quant,4,0.9008267819202583,False,False,0.5142671800238002
difficulty_level,2,hard,0.6394812923338925,7,5,ari_stability_quant,5,0.8879189166431866,False,True,0.640554621395048
difficulty_level,2,hard,0.6394812923338925,7,5,ari_stability_quant,6,0.7978076571218139,False,False,0.511976701826266
difficulty_level,2,hard,0.6394812923338925,7,5,ari_stability_quant,7,0.7539975785699359,True,False,0.4820677558999635
difficulty_level,2,hard,0.6394812923338925,7,5,consensus_ce_stability,3,0.903410044968192,False,False,0.7658478312020806
difficulty_level,2,hard,0.6394812923338925,7,5,consensus_ce_stability,4,0.8999244108119689,False,False,0.5142671800238002
difficulty_level,2,hard,0.6394812923338925,7,5,consensus_ce_stability,5,0.9039614000075805,True,True,0.640554621395048
difficulty_level,2,hard,0.6394812923338925,7,5,consensus_ce_stability,6,0.8571556125286407,False,False,0.511976701826266
difficulty_level,2,hard,0.6394812923338925,7,5,consensus_ce_stability,7,0.8659380571179128,False,False,0.4820677558999635
difficulty_level,2,hard,0.6394812923338925,7,5,consensus_gini_stability,3,0.9257823578002808,True,False,0.7658478312020806
difficulty_level,2,hard,0.6394812923338925,7,5,consensus_gini_stability,4,0.9157605773678761,False,False,0.5142671800238002
difficulty_level,2,hard,0.6394812923338925,7,5,consensus_gini_stability,5,0.918566620004392,False,True,0.640554621395048
difficulty_level,2,hard,0.6394812923338925,7,5,consensus_gini_stability,6,0.8739621568637473,False,False,0.511976701826266
difficulty_level,2,hard,0.6394812923338925,7,5,consensus_gini_stability,7,0.8797398430349376,False,False,0.4820677558999635
difficulty_level,2,hard,0.6394812923338925,7,5,consensus_pac_stability,3,0.8077293646823411,False,False,0.7658478312020806
difficulty_level,2,hard,0.6394812923338925,7,5,consensus_pac_stability,4,0.860823911955978,False,False,0.5142671800238002
difficulty_level,2,hard,0.6394812923338925,7,5,consensus_pac_stability,5,0.86972036018009,True,True,0.640554621395048
difficulty_level,2,hard,0.6394812923338925,7,5,consensus_pac_stability,6,0.8075317658829415,False,False,0.511976701826266
difficulty_level,2,hard,0.6394812923338925,7,5,consensus_pac_stability,7,0.827464232116058,False,False,0.4820677558999635
difficulty_level,2,hard,0.6394812923338925,7,5,silhouette,3,0.22395487443025122,False,False,0.7658478312020806
difficulty_level,2,hard,0.6394812923338925,7,5,silhouette,4,0.2032449111635546,False,False,0.5132161907936567
difficulty_level,2,hard,0.6394812923338925,7,5,silhouette,5,0.23608481039739432,False,True,0.6394812923338925
difficulty_level,2,hard,0.6394812923338925,7,5,silhouette,6,0.23965732488823568,False,False,0.5134870155445503
difficulty_level,2,hard,0.6394812923338925,7,5,silhouette,7,0.26100605607408023,True,False,0.486176691887321
difficulty_level,2,hard,0.6394812923338925,7,5,gap,3,0.06411155479375807,False,False,0.7658478312020806
difficulty_level,2,hard,0.6394812923338925,7,5,gap,4,0.1659544559085795,False,False,0.5132161907936567
difficulty_level,2,hard,0.6394812923338925,7,5,gap,5,0.25147703014473244,False,True,0.6394812923338925
difficulty_level,2,hard,0.6394812923338925,7,5,gap,6,0.3242238397126762,False,False,0.5134870155445503
difficulty_level,2,hard,0.6394812923338925,7,5,gap,7,0.394839710701417,True,False,0.486176691887321
difficulty_level,2,hard,0.6394812923338925,7,5,davies_bouldin,3,0.3229803810893396,False,False,0.7658478312020806
difficulty_level,2,hard,0.6394812923338925,7,5,davies_bouldin,4,0.3470231599322971,False,False,0.5132161907936567
difficulty_level,2,hard,0.6394812923338925,7,5,davies_bouldin,5,0.34656168992768394,False,True,0.6394812923338925
difficulty_level,2,hard,0.6394812923338925,7,5,davies_bouldin,6,0.36192997263771565,True,False,0.5134870155445503
difficulty_level,2,hard,0.6394812923338925,7,5,davies_bouldin,7,0.3497911073306459,False,False,0.486176691887321
difficulty_level,2,hard,0.6394812923338925,7,5,calinski_harabasz,3,336.37722026690443,True,False,0.7658478312020806
difficulty_level,2,hard,0.6394812923338925,7,5,calinski_harabasz,4,323.9311756508556,False,False,0.5132161907936567
difficulty_level,2,hard,0.6394812923338925,7,5,calinski_harabasz,5,312.4240822160427,False,True,0.6394812923338925
difficulty_level,2,hard,0.6394812923338925,7,5,calinski_harabasz,6,301.55255148191503,False,False,0.5134870155445503
difficulty_level,2,hard,0.6394812923338925,7,5,calinski_harabasz,7,296.20500953589254,False,False,0.486176691887321
difficulty_level,2,hard,0.7359505863884996,8,5,accuracy_generalizability,3,1.0,True,False,0.6830704649584252
difficulty_level,2,hard,0.7359505863884996,8,5,accuracy_generalizability,4,0.9972453512971002,False,False,0.8085152416879055
difficulty_level,2,hard,0.7359505863884996,8,5,accuracy_generalizability,5,0.9139069438701104,False,True,0.7284886505733741
difficulty_level,2,hard,0.7359505863884996,8,5,accuracy_generalizability,6,0.9335560308735744,False,False,0.8248411074406632
difficulty_level,2,hard,0.7359505863884996,8,5,accuracy_generalizability,7,0.8617058732345088,False,False,0.7693141821696
difficulty_level,2,hard,0.7359505863884996,8,5,ari_average,3,1.0,True,False,0.6830704649584252
difficulty_level,2,hard,0.7359505863884996,8,5,ari_average,4,0.9982876670439299,False,False,0.8085152416879055
difficulty_level,2,hard,0.7359505863884996,8,5,ari_average,5,0.8533414505243779,False,True,0.7284886505733741
difficulty_level,2,hard,0.7359505863884996,8,5,ari_average,6,0.8974449724553779,False,False,0.8248411074406632
difficulty_level,2,hard,0.7359505863884996,8,5,ari_average,7,0.8689982158493517,False,False,0.7693141821696
difficulty_level,2,hard,0.7359505863884996,8,5,ari_average_1se,3,1.0,True,False,0.6830704649584252
difficulty_level,2,hard,0.7359505863884996,8,5,ari_average_1se,4,0.9982876670439299,False,False,0.8085152416879055
difficulty_level,2,hard,0.7359505863884996,8,5,ari_average_1se,5,0.8533414505243779,False,True,0.7284886505733741
difficulty_level,2,hard,0.7359505863884996,8,5,ari_average_1se,6,0.8974449724553779,False,False,0.8248411074406632
difficulty_level,2,hard,0.7359505863884996,8,5,ari_average_1se,7,0.8689982158493517,False,False,0.7693141821696
difficulty_level,2,hard,0.7359505863884996,8,5,ari_average_quant,3,1.0,True,False,0.6830704649584252
difficulty_level,2,hard,0.7359505863884996,8,5,ari_average_quant,4,0.9982876670439299,False,False,0.8085152416879055
difficulty_level,2,hard,0.7359505863884996,8,5,ari_average_quant,5,0.8533414505243779,False,True,0.7284886505733741
difficulty_level,2,hard,0.7359505863884996,8,5,ari_average_quant,6,0.8974449724553779,False,False,0.8248411074406632
difficulty_level,2,hard,0.7359505863884996,8,5,ari_average_quant,7,0.8689982158493517,False,False,0.7693141821696
difficulty_level,2,hard,0.7359505863884996,8,5,ari_generalizability,3,1.0,True,False,0.6830704649584252
difficulty_level,2,hard,0.7359505863884996,8,5,ari_generalizability,4,0.9965753340878597,False,False,0.8085152416879055
difficulty_level,2,hard,0.7359505863884996,8,5,ari_generalizability,5,0.8323874024652873,False,True,0.7284886505733741
difficulty_level,2,hard,0.7359505863884996,8,5,ari_generalizability,6,0.8874004718832859,False,False,0.8248411074406632
difficulty_level,2,hard,0.7359505863884996,8,5,ari_generalizability,7,0.854926801934253,False,False,0.7693141821696
difficulty_level,2,hard,0.7359505863884996,8,5,ari_generalizability_1se,3,1.0,True,False,0.6830704649584252
difficulty_level,2,hard,0.7359505863884996,8,5,ari_generalizability_1se,4,0.9965753340878597,False,False,0.8085152416879055
difficulty_level,2,hard,0.7359505863884996,8,5,ari_generalizability_1se,5,0.8323874024652873,False,True,0.7284886505733741
difficulty_level,2,hard,0.7359505863884996,8,5,ari_generalizability_1se,6,0.8874004718832859,False,False,0.8248411074406632
difficulty_level,2,hard,0.7359505863884996,8,5,ari_generalizability_1se,7,0.854926801934253,False,False,0.7693141821696
difficulty_level,2,hard,0.7359505863884996,8,5,ari_generalizability_quant,3,1.0,True,False,0.6830704649584252
difficulty_level,2,hard,0.7359505863884996,8,5,ari_generalizability_quant,4,0.9965753340878597,False,False,0.8085152416879055
difficulty_level,2,hard,0.7359505863884996,8,5,ari_generalizability_quant,5,0.8323874024652873,False,True,0.7284886505733741
difficulty_level,2,hard,0.7359505863884996,8,5,ari_generalizability_quant,6,0.8874004718832859,False,False,0.8248411074406632
difficulty_level,2,hard,0.7359505863884996,8,5,ari_generalizability_quant,7,0.854926801934253,False,False,0.7693141821696
difficulty_level,2,hard,0.7359505863884996,8,5,ari_stability,3,1.0,True,False,0.6830704649584252
difficulty_level,2,hard,0.7359505863884996,8,5,ari_stability,4,1.0,False,False,0.8085152416879055
difficulty_level,2,hard,0.7359505863884996,8,5,ari_stability,5,0.8742954985834686,False,True,0.7284886505733741
difficulty_level,2,hard,0.7359505863884996,8,5,ari_stability,6,0.9074894730274704,False,False,0.8248411074406632
difficulty_level,2,hard,0.7359505863884996,8,5,ari_stability,7,0.8830696297644502,False,False,0.7693141821696
difficulty_level,2,hard,0.7359505863884996,8,5,ari_stability_1se,3,1.0,False,False,0.6830704649584252
difficulty_level,2,hard,0.7359505863884996,8,5,ari_stability_1se,4,1.0,True,False,0.8085152416879055
difficulty_level,2,hard,0.7359505863884996,8,5,ari_stability_1se,5,0.8742954985834686,False,True,0.7284886505733741
difficulty_level,2,hard,0.7359505863884996,8,5,ari_stability_1se,6,0.9074894730274704,False,False,0.8248411074406632
difficulty_level,2,hard,0.7359505863884996,8,5,ari_stability_1se,7,0.8830696297644502,False,False,0.7693141821696
difficulty_level,2,hard,0.7359505863884996,8,5,ari_stability_quant,3,1.0,False,False,0.6830704649584252
difficulty_level,2,hard,0.7359505863884996,8,5,ari_stability_quant,4,1.0,True,False,0.8085152416879055
difficulty_level,2,hard,0.7359505863884996,8,5,ari_stability_quant,5,0.8742954985834686,False,True,0.7284886505733741
difficulty_level,2,hard,0.7359505863884996,8,5,ari_stability_quant,6,0.9074894730274704,False,False,0.8248411074406632
difficulty_level,2,hard,0.7359505863884996,8,5,ari_stability_quant,7,0.8830696297644502,False,False,0.7693141821696
difficulty_level,2,hard,0.7359505863884996,8,5,consensus_ce_stability,3,0.9999999999586944,True,False,0.6830704649584252
difficulty_level,2,hard,0.7359505863884996,8,5,consensus_ce_stability,4,0.9999999999586944,False,False,0.8085152416879055
difficulty_level,2,hard,0.7359505863884996,8,5,consensus_ce_stability,5,0.9021548712516114,False,True,0.7284886505733741
difficulty_level,2,hard,0.7359505863884996,8,5,consensus_ce_stability,6,0.9314413206252635,False,False,0.8248411074406632
difficulty_level,2,hard,0.7359505863884996,8,5,consensus_ce_stability,7,0.9253121914822457,False,False,0.7693141821696
difficulty_level,2,hard,0.7359505863884996,8,5,consensus_gini_stability,3,1.0,True,False,0.6830704649584252
difficulty_level,2,hard,0.7359505863884996,8,5,consensus_gini_stability,4,1.0,False,False,0.8085152416879055
difficulty_level,2,hard,0.7359505863884996,8,5,consensus_gini_stability,5,0.912768311708527,False,True,0.7284886505733741
difficulty_level,2,hard,0.7359505863884996,8,5,consensus_gini_stability,6,0.9405268580936254,False,False,0.8248411074406632
difficulty_level,2,hard,0.7359505863884996,8,5,consensus_gini_stability,7,0.9348928982760736,False,False,0.7693141821696
difficulty_level,2,hard,0.7359505863884996,8,5,consensus_pac_stability,3,1.0,True,False,0.6830704649584252
difficulty_level,2,hard,0.7359505863884996,8,5,consensus_pac_stability,4,1.0,False,False,0.8085152416879055
difficulty_level,2,hard,0.7359505863884996,8,5,consensus_pac_stability,5,0.8642526263131566,False,True,0.7284886505733741
difficulty_level,2,hard,0.7359505863884996,8,5,consensus_pac_stability,6,0.9045107553776889,False,False,0.8248411074406632
difficulty_level,2,hard,0.7359505863884996,8,5,consensus_pac_stability,7,0.8996588294147073,False,False,0.7693141821696
difficulty_level,2,hard,0.7359505863884996,8,5,silhouette,3,0.16656076851524215,False,False,0.6830704649584252
difficulty_level,2,hard,0.7359505863884996,8,5,silhouette,4,0.20486073575458164,False,False,0.8085152416879055
difficulty_level,2,hard,0.7359505863884996,8,5,silhouette,5,0.24313825896639196,False,True,0.7359505863884996
difficulty_level,2,hard,0.7359505863884996,8,5,silhouette,6,0.26963924955452745,False,False,0.8264167469834345
difficulty_level,2,hard,0.7359505863884996,8,5,silhouette,7,0.2767775267024565,True,False,0.7676097973061785
difficulty_level,2,hard,0.7359505863884996,8,5,gap,3,0.06853572835700028,False,False,0.6830704649584252
difficulty_level,2,hard,0.7359505863884996,8,5,gap,4,0.16499596555195417,False,False,0.8085152416879055
difficulty_level,2,hard,0.7359505863884996,8,5,gap,5,0.25807456101560433,False,True,0.7359505863884996
difficulty_level,2,hard,0.7359505863884996,8,5,gap,6,0.3356617876276715,False,False,0.8264167469834345
difficulty_level,2,hard,0.7359505863884996,8,5,gap,7,0.39462812715341933,True,False,0.7676097973061785
difficulty_level,2,hard,0.7359505863884996,8,5,davies_bouldin,3,0.31236465498070803,False,False,0.6830704649584252
difficulty_level,2,hard,0.7359505863884996,8,5,davies_bouldin,4,0.34569177946532986,False,False,0.8085152416879055
difficulty_level,2,hard,0.7359505863884996,8,5,davies_bouldin,5,0.3333267084811851,False,True,0.7359505863884996
difficulty_level,2,hard,0.7359505863884996,8,5,davies_bouldin,6,0.3542073227831852,False,False,0.8264167469834345
difficulty_level,2,hard,0.7359505863884996,8,5,davies_bouldin,7,0.36527914402696954,True,False,0.7676097973061785
difficulty_level,2,hard,0.7359505863884996,8,5,calinski_harabasz,3,283.197205118661,False,False,0.6830704649584252
difficulty_level,2,hard,0.7359505863884996,8,5,calinski_harabasz,4,282.09811428653575,False,False,0.8085152416879055
difficulty_level,2,hard,0.7359505863884996,8,5,calinski_harabasz,5,285.40590997564465,True,True,0.7359505863884996
difficulty_level,2,hard,0.7359505863884996,8,5,calinski_harabasz,6,282.4274744019251,False,False,0.8264167469834345
difficulty_level,2,hard,0.7359505863884996,8,5,calinski_harabasz,7,272.55113330279596,False,False,0.7676097973061785
difficulty_level,2,hard,0.7570962289201563,9,5,accuracy_generalizability,3,0.9779931652718762,True,False,0.7706246612894098
difficulty_level,2,hard,0.7570962289201563,9,5,accuracy_generalizability,4,0.7915644900405757,False,False,0.9072719734229023
difficulty_level,2,hard,0.7570962289201563,9,5,accuracy_generalizability,5,0.7734128632563798,False,True,0.7531523056643815
difficulty_level,2,hard,0.7570962289201563,9,5,accuracy_generalizability,6,0.8857155000736786,False,False,0.6114845798203499
difficulty_level,2,hard,0.7570962289201563,9,5,accuracy_generalizability,7,0.7999138947546842,False,False,0.5930827568975116
difficulty_level,2,hard,0.7570962289201563,9,5,ari_average,3,0.9447660054894171,True,False,0.7706246612894098
difficulty_level,2,hard,0.7570962289201563,9,5,ari_average,4,0.7703185860479658,False,False,0.9072719734229023
difficulty_level,2,hard,0.7570962289201563,9,5,ari_average,5,0.740246010476051,False,True,0.7531523056643815
difficulty_level,2,hard,0.7570962289201563,9,5,ari_average,6,0.8212248431096018,False,False,0.6114845798203499
difficulty_level,2,hard,0.7570962289201563,9,5,ari_average,7,0.7092758816419219,False,False,0.5930827568975116
difficulty_level,2,hard,0.7570962289201563,9,5,ari_average_1se,3,0.9447660054894171,True,False,0.7706246612894098
difficulty_level,2,hard,0.7570962289201563,9,5,ari_average_1se,4,0.7703185860479658,False,False,0.9072719734229023
difficulty_level,2,hard,0.7570962289201563,9,5,ari_average_1se,5,0.740246010476051,False,True,0.7531523056643815
difficulty_level,2,hard,0.7570962289201563,9,5,ari_average_1se,6,0.8212248431096018,False,False,0.6114845798203499
difficulty_level,2,hard,0.7570962289201563,9,5,ari_average_1se,7,0.7092758816419219,False,False,0.5930827568975116
difficulty_level,2,hard,0.7570962289201563,9,5,ari_average_quant,3,0.9447660054894171,False,False,0.7706246612894098
difficulty_level,2,hard,0.7570962289201563,9,5,ari_average_quant,4,0.7703185860479658,False,False,0.9072719734229023
difficulty_level,2,hard,0.7570962289201563,9,5,ari_average_quant,5,0.740246010476051,False,True,0.7531523056643815
difficulty_level,2,hard,0.7570962289201563,9,5,ari_average_quant,6,0.8212248431096018,True,False,0.6114845798203499
difficulty_level,2,hard,0.7570962289201563,9,5,ari_average_quant,7,0.7092758816419219,False,False,0.5930827568975116
difficulty_level,2,hard,0.7570962289201563,9,5,ari_generalizability,3,0.947680037543035,True,False,0.7706246612894098
difficulty_level,2,hard,0.7570962289201563,9,5,ari_generalizability,4,0.7645766744737996,False,False,0.9072719734229023
difficulty_level,2,hard,0.7570962289201563,9,5,ari_generalizability,5,0.7283266857282739,False,True,0.7531523056643815
difficulty_level,2,hard,0.7570962289201563,9,5,ari_generalizability,6,0.8108126477190276,False,False,0.6114845798203499
difficulty_level,2,hard,0.7570962289201563,9,5,ari_generalizability,7,0.6906648497029576,False,False,0.5930827568975116
difficulty_level,2,hard,0.7570962289201563,9,5,ari_generalizability_1se,3,0.947680037543035,True,False,0.7706246612894098
difficulty_level,2,hard,0.7570962289201563,9,5,ari_generalizability_1se,4,0.7645766744737996,False,False,0.9072719734229023
difficulty_level,2,hard,0.7570962289201563,9,5,ari_generalizability_1se,5,0.7283266857282739,False,True,0.7531523056643815
difficulty_level,2,hard,0.7570962289201563,9,5,ari_generalizability_1se,6,0.8108126477190276,False,False,0.6114845798203499
difficulty_level,2,hard,0.7570962289201563,9,5,ari_generalizability_1se,7,0.6906648497029576,False,False,0.5930827568975116
difficulty_level,2,hard,0.7570962289201563,9,5,ari_generalizability_quant,3,0.947680037543035,False,False,0.7706246612894098
difficulty_level,2,hard,0.7570962289201563,9,5,ari_generalizability_quant,4,0.7645766744737996,False,False,0.9072719734229023
difficulty_level,2,hard,0.7570962289201563,9,5,ari_generalizability_quant,5,0.7283266857282739,False,True,0.7531523056643815
difficulty_level,2,hard,0.7570962289201563,9,5,ari_generalizability_quant,6,0.8108126477190276,True,False,0.6114845798203499
difficulty_level,2,hard,0.7570962289201563,9,5,ari_generalizability_quant,7,0.6906648497029576,False,False,0.5930827568975116
difficulty_level,2,hard,0.7570962289201563,9,5,ari_stability,3,0.9418519734357996,True,False,0.7706246612894098
difficulty_level,2,hard,0.7570962289201563,9,5,ari_stability,4,0.7760604976221316,False,False,0.9072719734229023
difficulty_level,2,hard,0.7570962289201563,9,5,ari_stability,5,0.7521653352238278,False,True,0.7531523056643815
difficulty_level,2,hard,0.7570962289201563,9,5,ari_stability,6,0.8316370385001758,False,False,0.6114845798203499
difficulty_level,2,hard,0.7570962289201563,9,5,ari_stability,7,0.7278869135808863,False,False,0.5930827568975116
difficulty_level,2,hard,0.7570962289201563,9,5,ari_stability_1se,3,0.9418519734357996,True,False,0.7706246612894098
difficulty_level,2,hard,0.7570962289201563,9,5,ari_stability_1se,4,0.7760604976221316,False,False,0.9072719734229023
difficulty_level,2,hard,0.7570962289201563,9,5,ari_stability_1se,5,0.7521653352238278,False,True,0.7531523056643815
difficulty_level,2,hard,0.7570962289201563,9,5,ari_stability_1se,6,0.8316370385001758,False,False,0.6114845798203499
difficulty_level,2,hard,0.7570962289201563,9,5,ari_stability_1se,7,0.7278869135808863,False,False,0.5930827568975116
difficulty_level,2,hard,0.7570962289201563,9,5,ari_stability_quant,3,0.9418519734357996,False,False,0.7706246612894098
difficulty_level,2,hard,0.7570962289201563,9,5,ari_stability_quant,4,0.7760604976221316,False,False,0.9072719734229023
difficulty_level,2,hard,0.7570962289201563,9,5,ari_stability_quant,5,0.7521653352238278,False,True,0.7531523056643815
difficulty_level,2,hard,0.7570962289201563,9,5,ari_stability_quant,6,0.8316370385001758,False,False,0.6114845798203499
difficulty_level,2,hard,0.7570962289201563,9,5,ari_stability_quant,7,0.7278869135808863,True,False,0.5930827568975116
difficulty_level,2,hard,0.7570962289201563,9,5,consensus_ce_stability,3,0.9391250621463655,True,False,0.7706246612894098
difficulty_level,2,hard,0.7570962289201563,9,5,consensus_ce_stability,4,0.8073702565531544,False,False,0.9072719734229023
difficulty_level,2,hard,0.7570962289201563,9,5,consensus_ce_stability,5,0.815998169559294,False,True,0.7531523056643815
difficulty_level,2,hard,0.7570962289201563,9,5,consensus_ce_stability,6,0.8873739585880159,False,False,0.6114845798203499
difficulty_level,2,hard,0.7570962289201563,9,5,consensus_ce_stability,7,0.8429171969697894,False,False,0.5930827568975116
difficulty_level,2,hard,0.7570962289201563,9,5,consensus_gini_stability,3,0.9575796672199077,True,False,0.7706246612894098
difficulty_level,2,hard,0.7570962289201563,9,5,consensus_gini_stability,4,0.8286808787879717,False,False,0.9072719734229023
difficulty_level,2,hard,0.7570962289201563,9,5,consensus_gini_stability,5,0.8367577271359818,False,True,0.7531523056643815
difficulty_level,2,hard,0.7570962289201563,9,5,consensus_gini_stability,6,0.8987119232390632,False,False,0.6114845798203499
difficulty_level,2,hard,0.7570962289201563,9,5,consensus_gini_stability,7,0.8556335145841146,False,False,0.5930827568975116
difficulty_level,2,hard,0.7570962289201563,9,5,consensus_pac_stability,3,0.8871460730365183,True,False,0.7706246612894098
difficulty_level,2,hard,0.7570962289201563,9,5,consensus_pac_stability,4,0.7466733366683342,False,False,0.9072719734229023
difficulty_level,2,hard,0.7570962289201563,9,5,consensus_pac_stability,5,0.7595597798899449,False,True,0.7531523056643815
difficulty_level,2,hard,0.7570962289201563,9,5,consensus_pac_stability,6,0.8525467733866934,False,False,0.6114845798203499
difficulty_level,2,hard,0.7570962289201563,9,5,consensus_pac_stability,7,0.8051205602801401,False,False,0.5930827568975116
difficulty_level,2,hard,0.7570962289201563,9,5,silhouette,3,0.20375354966495068,False,False,0.7706246612894098
difficulty_level,2,hard,0.7570962289201563,9,5,silhouette,4,0.1991051866771848,False,False,0.6230235596093865
difficulty_level,2,hard,0.7570962289201563,9,5,silhouette,5,0.23410944772562853,False,True,0.7570962289201563
difficulty_level,2,hard,0.7570962289201563,9,5,silhouette,6,0.24327644113089056,False,False,0.6332533199065656
difficulty_level,2,hard,0.7570962289201563,9,5,silhouette,7,0.2621567990745163,True,False,0.605288334291587
difficulty_level,2,hard,0.7570962289201563,9,5,gap,3,0.049817951568380536,False,False,0.7706246612894098
difficulty_level,2,hard,0.7570962289201563,9,5,gap,4,0.13819791609390109,False,False,0.6230235596093865
difficulty_level,2,hard,0.7570962289201563,9,5,gap,5,0.23165589129026287,False,True,0.7570962289201563
difficulty_level,2,hard,0.7570962289201563,9,5,gap,6,0.32652893800876726,False,False,0.6332533199065656
difficulty_level,2,hard,0.7570962289201563,9,5,gap,7,0.38346906143233106,True,False,0.605288334291587
difficulty_level,2,hard,0.7570962289201563,9,5,davies_bouldin,3,0.30736659454226456,False,False,0.7706246612894098
difficulty_level,2,hard,0.7570962289201563,9,5,davies_bouldin,4,0.33493579378816335,False,False,0.6230235596093865
difficulty_level,2,hard,0.7570962289201563,9,5,davies_bouldin,5,0.3347351727886339,False,True,0.7570962289201563
difficulty_level,2,hard,0.7570962289201563,9,5,davies_bouldin,6,0.35756968052752025,True,False,0.6332533199065656
difficulty_level,2,hard,0.7570962289201563,9,5,davies_bouldin,7,0.338998773145993,False,False,0.605288334291587
difficulty_level,2,hard,0.7570962289201563,9,5,calinski_harabasz,3,328.6371152021598,True,False,0.7706246612894098
difficulty_level,2,hard,0.7570962289201563,9,5,calinski_harabasz,4,305.29596805565967,False,False,0.6230235596093865
difficulty_level,2,hard,0.7570962289201563,9,5,calinski_harabasz,5,303.5228201093343,False,True,0.7570962289201563
difficulty_level,2,hard,0.7570962289201563,9,5,calinski_harabasz,6,309.34431205253753,False,False,0.6332533199065656
difficulty_level,2,hard,0.7570962289201563,9,5,calinski_harabasz,7,294.5731863281615,False,False,0.605288334291587
difficulty_level,2,hard,0.927689958073409,10,5,accuracy_generalizability,3,0.8325215408697492,False,False,0.5166236341742768
difficulty_level,2,hard,0.927689958073409,10,5,accuracy_generalizability,4,0.8590931332365062,False,False,0.6948328262760741
difficulty_level,2,hard,0.927689958073409,10,5,accuracy_generalizability,5,0.8850953507664154,True,True,0.8451279629377566
difficulty_level,2,hard,0.927689958073409,10,5,accuracy_generalizability,6,0.8745034476109163,False,False,0.9146703305632966
difficulty_level,2,hard,0.927689958073409,10,5,accuracy_generalizability,7,0.8061639078060591,False,False,0.8457715072909713
difficulty_level,2,hard,0.927689958073409,10,5,ari_average,3,0.7032808060060042,False,False,0.5166236341742768
difficulty_level,2,hard,0.927689958073409,10,5,ari_average,4,0.7486313521517317,False,False,0.6948328262760741
difficulty_level,2,hard,0.927689958073409,10,5,ari_average,5,0.79380543810351,False,True,0.8451279629377566
difficulty_level,2,hard,0.927689958073409,10,5,ari_average,6,0.8340368937506305,True,False,0.9146703305632966
difficulty_level,2,hard,0.927689958073409,10,5,ari_average,7,0.7979377463455464,False,False,0.8457715072909713
difficulty_level,2,hard,0.927689958073409,10,5,ari_average_1se,3,0.7032808060060042,False,False,0.5166236341742768
difficulty_level,2,hard,0.927689958073409,10,5,ari_average_1se,4,0.7486313521517317,False,False,0.6948328262760741
difficulty_level,2,hard,0.927689958073409,10,5,ari_average_1se,5,0.79380543810351,False,True,0.8451279629377566
difficulty_level,2,hard,0.927689958073409,10,5,ari_average_1se,6,0.8340368937506305,True,False,0.9146703305632966
difficulty_level,2,hard,0.927689958073409,10,5,ari_average_1se,7,0.7979377463455464,False,False,0.8457715072909713
difficulty_level,2,hard,0.927689958073409,10,5,ari_average_quant,3,0.7032808060060042,False,False,0.5166236341742768
difficulty_level,2,hard,0.927689958073409,10,5,ari_average_quant,4,0.7486313521517317,False,False,0.6948328262760741
difficulty_level,2,hard,0.927689958073409,10,5,ari_average_quant,5,0.79380543810351,False,True,0.8451279629377566
difficulty_level,2,hard,0.927689958073409,10,5,ari_average_quant,6,0.8340368937506305,False,False,0.9146703305632966
difficulty_level,2,hard,0.927689958073409,10,5,ari_average_quant,7,0.7979377463455464,True,False,0.8457715072909713
difficulty_level,2,hard,0.927689958073409,10,5,ari_generalizability,3,0.6603359533491282,False,False,0.5166236341742768
difficulty_level,2,hard,0.927689958073409,10,5,ari_generalizability,4,0.729507022356224,False,False,0.6948328262760741
difficulty_level,2,hard,0.927689958073409,10,5,ari_generalizability,5,0.7775396648725177,False,True,0.8451279629377566
difficulty_level,2,hard,0.927689958073409,10,5,ari_generalizability,6,0.8206365736080236,True,False,0.9146703305632966
difficulty_level,2,hard,0.927689958073409,10,5,ari_generalizability,7,0.7746292285694897,False,False,0.8457715072909713
difficulty_level,2,hard,0.927689958073409,10,5,ari_generalizability_1se,3,0.6603359533491282,False,False,0.5166236341742768
difficulty_level,2,hard,0.927689958073409,10,5,ari_generalizability_1se,4,0.729507022356224,False,False,0.6948328262760741
difficulty_level,2,hard,0.927689958073409,10,5,ari_generalizability_1se,5,0.7775396648725177,False,True,0.8451279629377566
difficulty_level,2,hard,0.927689958073409,10,5,ari_generalizability_1se,6,0.8206365736080236,True,False,0.9146703305632966
difficulty_level,2,hard,0.927689958073409,10,5,ari_generalizability_1se,7,0.7746292285694897,False,False,0.8457715072909713
difficulty_level,2,hard,0.927689958073409,10,5,ari_generalizability_quant,3,0.6603359533491282,False,False,0.5166236341742768
difficulty_level,2,hard,0.927689958073409,10,5,ari_generalizability_quant,4,0.729507022356224,False,False,0.6948328262760741
difficulty_level,2,hard,0.927689958073409,10,5,ari_generalizability_quant,5,0.7775396648725177,False,True,0.8451279629377566
difficulty_level,2,hard,0.927689958073409,10,5,ari_generalizability_quant,6,0.8206365736080236,False,False,0.9146703305632966
difficulty_level,2,hard,0.927689958073409,10,5,ari_generalizability_quant,7,0.7746292285694897,True,False,0.8457715072909713
difficulty_level,2,hard,0.927689958073409,10,5,ari_stability,3,0.7462256586628802,False,False,0.5166236341742768
difficulty_level,2,hard,0.927689958073409,10,5,ari_stability,4,0.7677556819472392,False,False,0.6948328262760741
difficulty_level,2,hard,0.927689958073409,10,5,ari_stability,5,0.8100712113345022,False,True,0.8451279629377566
difficulty_level,2,hard,0.927689958073409,10,5,ari_stability,6,0.8474372138932376,True,False,0.9146703305632966
difficulty_level,2,hard,0.927689958073409,10,5,ari_stability,7,0.8212462641216028,False,False,0.8457715072909713
difficulty_level,2,hard,0.927689958073409,10,5,ari_stability_1se,3,0.7462256586628802,False,False,0.5166236341742768
difficulty_level,2,hard,0.927689958073409,10,5,ari_stability_1se,4,0.7677556819472392,False,False,0.6948328262760741
difficulty_level,2,hard,0.927689958073409,10,5,ari_stability_1se,5,0.8100712113345022,False,True,0.8451279629377566
difficulty_level,2,hard,0.927689958073409,10,5,ari_stability_1se,6,0.8474372138932376,True,False,0.9146703305632966
difficulty_level,2,hard,0.927689958073409,10,5,ari_stability_1se,7,0.8212462641216028,False,False,0.8457715072909713
difficulty_level,2,hard,0.927689958073409,10,5,ari_stability_quant,3,0.7462256586628802,False,False,0.5166236341742768
difficulty_level,2,hard,0.927689958073409,10,5,ari_stability_quant,4,0.7677556819472392,False,False,0.6948328262760741
difficulty_level,2,hard,0.927689958073409,10,5,ari_stability_quant,5,0.8100712113345022,False,True,0.8451279629377566
difficulty_level,2,hard,0.927689958073409,10,5,ari_stability_quant,6,0.8474372138932376,False,False,0.9146703305632966
difficulty_level,2,hard,0.927689958073409,10,5,ari_stability_quant,7,0.8212462641216028,True,False,0.8457715072909713
difficulty_level,2,hard,0.927689958073409,10,5,consensus_ce_stability,3,0.7364608707244975,False,False,0.5166236341742768
difficulty_level,2,hard,0.927689958073409,10,5,consensus_ce_stability,4,0.8145820019956663,False,False,0.6948328262760741
difficulty_level,2,hard,0.927689958073409,10,5,consensus_ce_stability,5,0.8669040215687275,False,True,0.8451279629377566
difficulty_level,2,hard,0.927689958073409,10,5,consensus_ce_stability,6,0.9040873756199688,True,False,0.9146703305632966
difficulty_level,2,hard,0.927689958073409,10,5,consensus_ce_stability,7,0.8892775143236006,False,False,0.8457715072909713
difficulty_level,2,hard,0.927689958073409,10,5,consensus_gini_stability,3,0.7639867208605906,False,False,0.5166236341742768
difficulty_level,2,hard,0.927689958073409,10,5,consensus_gini_stability,4,0.8376474074112359,False,False,0.6948328262760741
difficulty_level,2,hard,0.927689958073409,10,5,consensus_gini_stability,5,0.8812554237064392,False,True,0.8451279629377566
difficulty_level,2,hard,0.927689958073409,10,5,consensus_gini_stability,6,0.9152689571191324,True,False,0.9146703305632966
difficulty_level,2,hard,0.927689958073409,10,5,consensus_gini_stability,7,0.9011476191412238,False,False,0.8457715072909713
difficulty_level,2,hard,0.927689958073409,10,5,consensus_pac_stability,3,0.6443901950975488,False,False,0.5166236341742768
difficulty_level,2,hard,0.927689958073409,10,5,consensus_pac_stability,4,0.7364772386193097,False,False,0.6948328262760741
difficulty_level,2,hard,0.927689958073409,10,5,consensus_pac_stability,5,0.8200495247623811,False,True,0.8451279629377566
difficulty_level,2,hard,0.927689958073409,10,5,consensus_pac_stability,6,0.8729189594797399,True,False,0.9146703305632966
difficulty_level,2,hard,0.927689958073409,10,5,consensus_pac_stability,7,0.8551185592796398,False,False,0.8457715072909713
difficulty_level,2,hard,0.927689958073409,10,5,silhouette,3,0.17397933098760515,False,False,0.70570037305226
difficulty_level,2,hard,0.927689958073409,10,5,silhouette,4,0.21738962968674405,False,False,0.8712518789327277
difficulty_level,2,hard,0.927689958073409,10,5,silhouette,5,0.24842490319597832,False,True,0.927689958073409
difficulty_level,2,hard,0.927689958073409,10,5,silhouette,6,0.2657836554561694,False,False,0.8103711697395265
difficulty_level,2,hard,0.927689958073409,10,5,silhouette,7,0.2765908888664923,True,False,0.7644924060443691
difficulty_level,2,hard,0.927689958073409,10,5,gap,3,0.05135070631118843,False,False,0.70570037305226
difficulty_level,2,hard,0.927689958073409,10,5,gap,4,0.15359384229717676,False,False,0.8712518789327277
difficulty_level,2,hard,0.927689958073409,10,5,gap,5,0.239466919408013,False,True,0.927689958073409
difficulty_level,2,hard,0.927689958073409,10,5,gap,6,0.3148264789758759,False,False,0.8103711697395265
difficulty_level,2,hard,0.927689958073409,10,5,gap,7,0.380875439363086,True,False,0.7644924060443691
difficulty_level,2,hard,0.927689958073409,10,5,davies_bouldin,3,0.29752985465786264,False,False,0.70570037305226
difficulty_level,2,hard,0.927689958073409,10,5,davies_bouldin,4,0.3211307691191845,False,False,0.8712518789327277
difficulty_level,2,hard,0.927689958073409,10,5,davies_bouldin,5,0.3416060246373898,False,True,0.927689958073409
difficulty_level,2,hard,0.927689958073409,10,5,davies_bouldin,6,0.3493787151919457,False,False,0.8103711697395265
difficulty_level,2,hard,0.927689958073409,10,5,davies_bouldin,7,0.3726935150340434,True,False,0.7644924060443691
difficulty_level,2,hard,0.927689958073409,10,5,calinski_harabasz,3,285.1088404958012,False,False,0.70570037305226
difficulty_level,2,hard,0.927689958073409,10,5,calinski_harabasz,4,286.8303723867924,True,False,0.8712518789327277
difficulty_level,2,hard,0.927689958073409,10,5,calinski_harabasz,5,282.3439032340224,False,True,0.927689958073409
difficulty_level,2,hard,0.927689958073409,10,5,calinski_harabasz,6,277.40068517242736,False,False,0.8103711697395265
difficulty_level,2,hard,0.927689958073409,10,5,calinski_harabasz,7,271.764240368088,False,False,0.7644924060443691
difficulty_level,2,hard,0.6397283732101576,11,5,accuracy_generalizability,3,0.855367191162242,False,False,0.4083160376963534
difficulty_level,2,hard,0.6397283732101576,11,5,accuracy_generalizability,4,0.9277163883790316,True,False,0.5451809219517303
difficulty_level,2,hard,0.6397283732101576,11,5,accuracy_generalizability,5,0.798980104875561,False,True,0.6490464256095547
difficulty_level,2,hard,0.6397283732101576,11,5,accuracy_generalizability,6,0.9141732682875667,False,False,0.7726022341350219
difficulty_level,2,hard,0.6397283732101576,11,5,accuracy_generalizability,7,0.8839826320384621,False,False,0.679067779677953
difficulty_level,2,hard,0.6397283732101576,11,5,ari_average,3,0.7451213507682316,False,False,0.4083160376963534
difficulty_level,2,hard,0.6397283732101576,11,5,ari_average,4,0.8446674779823473,True,False,0.5451809219517303
difficulty_level,2,hard,0.6397283732101576,11,5,ari_average,5,0.7428746370748824,False,True,0.6490464256095547
difficulty_level,2,hard,0.6397283732101576,11,5,ari_average,6,0.8417330427435549,False,False,0.7726022341350219
difficulty_level,2,hard,0.6397283732101576,11,5,ari_average,7,0.824668373240192,False,False,0.679067779677953
difficulty_level,2,hard,0.6397283732101576,11,5,ari_average_1se,3,0.7451213507682316,False,False,0.4083160376963534
difficulty_level,2,hard,0.6397283732101576,11,5,ari_average_1se,4,0.8446674779823473,False,False,0.5451809219517303
difficulty_level,2,hard,0.6397283732101576,11,5,ari_average_1se,5,0.7428746370748824,False,True,0.6490464256095547
difficulty_level,2,hard,0.6397283732101576,11,5,ari_average_1se,6,0.8417330427435549,True,False,0.7726022341350219
difficulty_level,2,hard,0.6397283732101576,11,5,ari_average_1se,7,0.824668373240192,False,False,0.679067779677953
difficulty_level,2,hard,0.6397283732101576,11,5,ari_average_quant,3,0.7451213507682316,False,False,0.4083160376963534
difficulty_level,2,hard,0.6397283732101576,11,5,ari_average_quant,4,0.8446674779823473,False,False,0.5451809219517303
difficulty_level,2,hard,0.6397283732101576,11,5,ari_average_quant,5,0.7428746370748824,False,True,0.6490464256095547
difficulty_level,2,hard,0.6397283732101576,11,5,ari_average_quant,6,0.8417330427435549,False,False,0.7726022341350219
difficulty_level,2,hard,0.6397283732101576,11,5,ari_average_quant,7,0.824668373240192,True,False,0.679067779677953
difficulty_level,2,hard,0.6397283732101576,11,5,ari_generalizability,3,0.7126949961897852,False,False,0.4083160376963534
difficulty_level,2,hard,0.6397283732101576,11,5,ari_generalizability,4,0.8272191063212402,True,False,0.5451809219517303
difficulty_level,2,hard,0.6397283732101576,11,5,ari_generalizability,5,0.708814370642092,False,True,0.6490464256095547
difficulty_level,2,hard,0.6397283732101576,11,5,ari_generalizability,6,0.8213211246656441,False,False,0.7726022341350219
difficulty_level,2,hard,0.6397283732101576,11,5,ari_generalizability,7,0.8067389653268687,False,False,0.679067779677953
difficulty_level,2,hard,0.6397283732101576,11,5,ari_generalizability_1se,3,0.7126949961897852,False,False,0.4083160376963534
difficulty_level,2,hard,0.6397283732101576,11,5,ari_generalizability_1se,4,0.8272191063212402,False,False,0.5451809219517303
difficulty_level,2,hard,0.6397283732101576,11,5,ari_generalizability_1se,5,0.708814370642092,False,True,0.6490464256095547
difficulty_level,2,hard,0.6397283732101576,11,5,ari_generalizability_1se,6,0.8213211246656441,True,False,0.7726022341350219
difficulty_level,2,hard,0.6397283732101576,11,5,ari_generalizability_1se,7,0.8067389653268687,False,False,0.679067779677953
difficulty_level,2,hard,0.6397283732101576,11,5,ari_generalizability_quant,3,0.7126949961897852,False,False,0.4083160376963534
difficulty_level,2,hard,0.6397283732101576,11,5,ari_generalizability_quant,4,0.8272191063212402,False,False,0.5451809219517303
difficulty_level,2,hard,0.6397283732101576,11,5,ari_generalizability_quant,5,0.708814370642092,False,True,0.6490464256095547
difficulty_level,2,hard,0.6397283732101576,11,5,ari_generalizability_quant,6,0.8213211246656441,False,False,0.7726022341350219
difficulty_level,2,hard,0.6397283732101576,11,5,ari_generalizability_quant,7,0.8067389653268687,True,False,0.679067779677953
difficulty_level,2,hard,0.6397283732101576,11,5,ari_stability,3,0.7775477053466782,False,False,0.4083160376963534
difficulty_level,2,hard,0.6397283732101576,11,5,ari_stability,4,0.8621158496434544,False,False,0.5451809219517303
difficulty_level,2,hard,0.6397283732101576,11,5,ari_stability,5,0.7769349035076734,False,True,0.6490464256095547
difficulty_level,2,hard,0.6397283732101576,11,5,ari_stability,6,0.862144960821466,True,False,0.7726022341350219
difficulty_level,2,hard,0.6397283732101576,11,5,ari_stability,7,0.8425977811535157,False,False,0.679067779677953
difficulty_level,2,hard,0.6397283732101576,11,5,ari_stability_1se,3,0.7775477053466782,False,False,0.4083160376963534
difficulty_level,2,hard,0.6397283732101576,11,5,ari_stability_1se,4,0.8621158496434544,False,False,0.5451809219517303
difficulty_level,2,hard,0.6397283732101576,11,5,ari_stability_1se,5,0.7769349035076734,False,True,0.6490464256095547
difficulty_level,2,hard,0.6397283732101576,11,5,ari_stability_1se,6,0.862144960821466,True,False,0.7726022341350219
difficulty_level,2,hard,0.6397283732101576,11,5,ari_stability_1se,7,0.8425977811535157,False,False,0.679067779677953
difficulty_level,2,hard,0.6397283732101576,11,5,ari_stability_quant,3,0.7775477053466782,False,False,0.4083160376963534
difficulty_level,2,hard,0.6397283732101576,11,5,ari_stability_quant,4,0.8621158496434544,False,False,0.5451809219517303
difficulty_level,2,hard,0.6397283732101576,11,5,ari_stability_quant,5,0.7769349035076734,False,True,0.6490464256095547
difficulty_level,2,hard,0.6397283732101576,11,5,ari_stability_quant,6,0.862144960821466,False,False,0.7726022341350219
difficulty_level,2,hard,0.6397283732101576,11,5,ari_stability_quant,7,0.8425977811535157,True,False,0.679067779677953
difficulty_level,2,hard,0.6397283732101576,11,5,consensus_ce_stability,3,0.7259353271533674,False,False,0.4083160376963534
difficulty_level,2,hard,0.6397283732101576,11,5,consensus_ce_stability,4,0.8617588922186638,False,False,0.5451809219517303
difficulty_level,2,hard,0.6397283732101576,11,5,consensus_ce_stability,5,0.8216595901703061,False,True,0.6490464256095547
difficulty_level,2,hard,0.6397283732101576,11,5,consensus_ce_stability,6,0.9012841964427882,False,False,0.7726022341350219
difficulty_level,2,hard,0.6397283732101576,11,5,consensus_ce_stability,7,0.9088741321179717,True,False,0.679067779677953
difficulty_level,2,hard,0.6397283732101576,11,5,consensus_gini_stability,3,0.7788293837848983,False,False,0.4083160376963534
difficulty_level,2,hard,0.6397283732101576,11,5,consensus_gini_stability,4,0.8855417761357689,False,False,0.5451809219517303
difficulty_level,2,hard,0.6397283732101576,11,5,consensus_gini_stability,5,0.8397660909076938,False,True,0.6490464256095547
difficulty_level,2,hard,0.6397283732101576,11,5,consensus_gini_stability,6,0.9124452255956217,False,False,0.7726022341350219
difficulty_level,2,hard,0.6397283732101576,11,5,consensus_gini_stability,7,0.9181508800482463,True,False,0.679067779677953
difficulty_level,2,hard,0.6397283732101576,11,5,consensus_pac_stability,3,0.5592166083041521,False,False,0.4083160376963534
difficulty_level,2,hard,0.6397283732101576,11,5,consensus_pac_stability,4,0.7967178589294648,False,False,0.5451809219517303
difficulty_level,2,hard,0.6397283732101576,11,5,consensus_pac_stability,5,0.7666698349174588,False,True,0.6490464256095547
difficulty_level,2,hard,0.6397283732101576,11,5,consensus_pac_stability,6,0.873624312156078,False,False,0.7726022341350219
difficulty_level,2,hard,0.6397283732101576,11,5,consensus_pac_stability,7,0.8785492746373187,True,False,0.679067779677953
difficulty_level,2,hard,0.6397283732101576,11,5,silhouette,3,0.16098725061505711,False,False,0.39766552977207453
difficulty_level,2,hard,0.6397283732101576,11,5,silhouette,4,0.20490479424734737,False,False,0.5457302678075587
difficulty_level,2,hard,0.6397283732101576,11,5,silhouette,5,0.23585036133490297,False,True,0.6397283732101576
difficulty_level,2,hard,0.6397283732101576,11,5,silhouette,6,0.268403803491375,True,False,0.7083866934597877
difficulty_level,2,hard,0.6397283732101576,11,5,silhouette,7,0.2680605483858749,False,False,0.6170975383932601
difficulty_level,2,hard,0.6397283732101576,11,5,gap,3,0.006781837641907984,False,False,0.39766552977207453
difficulty_level,2,hard,0.6397283732101576,11,5,gap,4,0.11130198390100254,False,False,0.5457302678075587
difficulty_level,2,hard,0.6397283732101576,11,5,gap,5,0.20176384361295696,False,True,0.6397283732101576
difficulty_level,2,hard,0.6397283732101576,11,5,gap,6,0.2995086531266189,False,False,0.7083866934597877
difficulty_level,2,hard,0.6397283732101576,11,5,gap,7,0.3685372204329198,True,False,0.6170975383932601
difficulty_level,2,hard,0.6397283732101576,11,5,davies_bouldin,3,0.2968973660233387,False,False,0.39766552977207453
difficulty_level,2,hard,0.6397283732101576,11,5,davies_bouldin,4,0.3215707338469047,False,False,0.5457302678075587
difficulty_level,2,hard,0.6397283732101576,11,5,davies_bouldin,5,0.3449947323127169,False,True,0.6397283732101576
difficulty_level,2,hard,0.6397283732101576,11,5,davies_bouldin,6,0.36840244083082085,False,False,0.7083866934597877
difficulty_level,2,hard,0.6397283732101576,11,5,davies_bouldin,7,0.3799822340896648,True,False,0.6170975383932601
difficulty_level,2,hard,0.6397283732101576,11,5,calinski_harabasz,3,262.0577519069902,False,False,0.39766552977207453
difficulty_level,2,hard,0.6397283732101576,11,5,calinski_harabasz,4,272.4026106442611,False,False,0.5457302678075587
difficulty_level,2,hard,0.6397283732101576,11,5,calinski_harabasz,5,274.67325149676645,False,True,0.6397283732101576
difficulty_level,2,hard,0.6397283732101576,11,5,calinski_harabasz,6,286.25085780200953,True,False,0.7083866934597877
difficulty_level,2,hard,0.6397283732101576,11,5,calinski_harabasz,7,281.80742916622535,False,False,0.6170975383932601
difficulty_level,2,hard,1.0,12,5,accuracy_generalizability,3,0.864070213997926,False,False,0.6939733566552068
difficulty_level,2,hard,1.0,12,5,accuracy_generalizability,4,0.8978798713937102,False,False,0.9293084246292795
difficulty_level,2,hard,1.0,12,5,accuracy_generalizability,5,0.9801487959444173,True,True,1.0
difficulty_level,2,hard,1.0,12,5,accuracy_generalizability,6,0.9433423559542171,False,False,0.8384935270401844
difficulty_level,2,hard,1.0,12,5,accuracy_generalizability,7,0.8491537794894112,False,False,0.7220072054946077
difficulty_level,2,hard,1.0,12,5,ari_average,3,0.7485671190331247,False,False,0.6939733566552068
difficulty_level,2,hard,1.0,12,5,ari_average,4,0.8803260608884961,False,False,0.9293084246292795
difficulty_level,2,hard,1.0,12,5,ari_average,5,0.9869941911099579,True,True,1.0
difficulty_level,2,hard,1.0,12,5,ari_average,6,0.905144406748263,False,False,0.8384935270401844
difficulty_level,2,hard,1.0,12,5,ari_average,7,0.8063909536200236,False,False,0.7220072054946077
difficulty_level,2,hard,1.0,12,5,ari_average_1se,3,0.7485671190331247,False,False,0.6939733566552068
difficulty_level,2,hard,1.0,12,5,ari_average_1se,4,0.8803260608884961,False,False,0.9293084246292795
difficulty_level,2,hard,1.0,12,5,ari_average_1se,5,0.9869941911099579,True,True,1.0
difficulty_level,2,hard,1.0,12,5,ari_average_1se,6,0.905144406748263,False,False,0.8384935270401844
difficulty_level,2,hard,1.0,12,5,ari_average_1se,7,0.8063909536200236,False,False,0.7220072054946077
difficulty_level,2,hard,1.0,12,5,ari_average_quant,3,0.7485671190331247,False,False,0.6939733566552068
difficulty_level,2,hard,1.0,12,5,ari_average_quant,4,0.8803260608884961,False,False,0.9293084246292795
difficulty_level,2,hard,1.0,12,5,ari_average_quant,5,0.9869941911099579,False,True,1.0
difficulty_level,2,hard,1.0,12,5,ari_average_quant,6,0.905144406748263,True,False,0.8384935270401844
difficulty_level,2,hard,1.0,12,5,ari_average_quant,7,0.8063909536200236,False,False,0.7220072054946077
difficulty_level,2,hard,1.0,12,5,ari_generalizability,3,0.7288515117860922,False,False,0.6939733566552068
difficulty_level,2,hard,1.0,12,5,ari_generalizability,4,0.855084030031678,False,False,0.9293084246292795
difficulty_level,2,hard,1.0,12,5,ari_generalizability,5,0.9747176288349272,True,True,1.0
difficulty_level,2,hard,1.0,12,5,ari_generalizability,6,0.8997059707973888,False,False,0.8384935270401844
difficulty_level,2,hard,1.0,12,5,ari_generalizability,7,0.7964494942542796,False,False,0.7220072054946077
difficulty_level,2,hard,1.0,12,5,ari_generalizability_1se,3,0.7288515117860922,False,False,0.6939733566552068
difficulty_level,2,hard,1.0,12,5,ari_generalizability_1se,4,0.855084030031678,False,False,0.9293084246292795
difficulty_level,2,hard,1.0,12,5,ari_generalizability_1se,5,0.9747176288349272,True,True,1.0
difficulty_level,2,hard,1.0,12,5,ari_generalizability_1se,6,0.8997059707973888,False,False,0.8384935270401844
difficulty_level,2,hard,1.0,12,5,ari_generalizability_1se,7,0.7964494942542796,False,False,0.7220072054946077
difficulty_level,2,hard,1.0,12,5,ari_generalizability_quant,3,0.7288515117860922,False,False,0.6939733566552068
difficulty_level,2,hard,1.0,12,5,ari_generalizability_quant,4,0.855084030031678,False,False,0.9293084246292795
difficulty_level,2,hard,1.0,12,5,ari_generalizability_quant,5,0.9747176288349272,False,True,1.0
difficulty_level,2,hard,1.0,12,5,ari_generalizability_quant,6,0.8997059707973888,False,False,0.8384935270401844
difficulty_level,2,hard,1.0,12,5,ari_generalizability_quant,7,0.7964494942542796,True,False,0.7220072054946077
difficulty_level,2,hard,1.0,12,5,ari_stability,3,0.7682827262801573,False,False,0.6939733566552068
difficulty_level,2,hard,1.0,12,5,ari_stability,4,0.9055680917453143,False,False,0.9293084246292795
difficulty_level,2,hard,1.0,12,5,ari_stability,5,0.9992707533849885,True,True,1.0
difficulty_level,2,hard,1.0,12,5,ari_stability,6,0.9105828426991373,False,False,0.8384935270401844
difficulty_level,2,hard,1.0,12,5,ari_stability,7,0.8163324129857675,False,False,0.7220072054946077
difficulty_level,2,hard,1.0,12,5,ari_stability_1se,3,0.7682827262801573,False,False,0.6939733566552068
difficulty_level,2,hard,1.0,12,5,ari_stability_1se,4,0.9055680917453143,False,False,0.9293084246292795
difficulty_level,2,hard,1.0,12,5,ari_stability_1se,5,0.9992707533849885,True,True,1.0
difficulty_level,2,hard,1.0,12,5,ari_stability_1se,6,0.9105828426991373,False,False,0.8384935270401844
difficulty_level,2,hard,1.0,12,5,ari_stability_1se,7,0.8163324129857675,False,False,0.7220072054946077
difficulty_level,2,hard,1.0,12,5,ari_stability_quant,3,0.7682827262801573,False,False,0.6939733566552068
difficulty_level,2,hard,1.0,12,5,ari_stability_quant,4,0.9055680917453143,False,False,0.9293084246292795
difficulty_level,2,hard,1.0,12,5,ari_stability_quant,5,0.9992707533849885,True,True,1.0
difficulty_level,2,hard,1.0,12,5,ari_stability_quant,6,0.9105828426991373,False,False,0.8384935270401844
difficulty_level,2,hard,1.0,12,5,ari_stability_quant,7,0.8163324129857675,False,False,0.7220072054946077
difficulty_level,2,hard,1.0,12,5,consensus_ce_stability,3,0.7535529389518588,False,False,0.6939733566552068
difficulty_level,2,hard,1.0,12,5,consensus_ce_stability,4,0.9071589017118328,False,False,0.9293084246292795
difficulty_level,2,hard,1.0,12,5,consensus_ce_stability,5,0.9981461256051657,True,True,1.0
difficulty_level,2,hard,1.0,12,5,consensus_ce_stability,6,0.9430541905568494,False,False,0.8384935270401844
difficulty_level,2,hard,1.0,12,5,consensus_ce_stability,7,0.8983861816579937,False,False,0.7220072054946077
difficulty_level,2,hard,1.0,12,5,consensus_gini_stability,3,0.7665833622187913,False,False,0.6939733566552068
difficulty_level,2,hard,1.0,12,5,consensus_gini_stability,4,0.9231671757593617,False,False,0.9293084246292795
difficulty_level,2,hard,1.0,12,5,consensus_gini_stability,5,0.9989189497176046,True,True,1.0
difficulty_level,2,hard,1.0,12,5,consensus_gini_stability,6,0.9505199199239535,False,False,0.8384935270401844
difficulty_level,2,hard,1.0,12,5,consensus_gini_stability,7,0.9083003139791334,False,False,0.7220072054946077
difficulty_level,2,hard,1.0,12,5,consensus_pac_stability,3,0.7346943471735867,False,False,0.6939733566552068
difficulty_level,2,hard,1.0,12,5,consensus_pac_stability,4,0.8631315657828914,False,False,0.9293084246292795
difficulty_level,2,hard,1.0,12,5,consensus_pac_stability,5,1.0,True,True,1.0
difficulty_level,2,hard,1.0,12,5,consensus_pac_stability,6,0.9196683341670835,False,False,0.8384935270401844
difficulty_level,2,hard,1.0,12,5,consensus_pac_stability,7,0.8687588794397199,False,False,0.7220072054946077
difficulty_level,2,hard,1.0,12,5,silhouette,3,0.1846033692746855,False,False,0.6939733566552068
difficulty_level,2,hard,1.0,12,5,silhouette,4,0.22179571381122706,False,False,0.9293084246292795
difficulty_level,2,hard,1.0,12,5,silhouette,5,0.2563309893323001,False,True,1.0
difficulty_level,2,hard,1.0,12,5,silhouette,6,0.28395714166822866,True,False,0.8186256145147227
difficulty_level,2,hard,1.0,12,5,silhouette,7,0.2658264573923368,False,False,0.7000542665913078
difficulty_level,2,hard,1.0,12,5,gap,3,-0.027745474521463365,False,False,0.6939733566552068
difficulty_level,2,hard,1.0,12,5,gap,4,0.06956813494110392,False,False,0.9293084246292795
difficulty_level,2,hard,1.0,12,5,gap,5,0.1674268320345611,False,True,1.0
difficulty_level,2,hard,1.0,12,5,gap,6,0.25644441523273187,False,False,0.8186256145147227
difficulty_level,2,hard,1.0,12,5,gap,7,0.3234524093915301,True,False,0.7000542665913078
difficulty_level,2,hard,1.0,12,5,davies_bouldin,3,0.3015502587160132,False,False,0.6939733566552068
difficulty_level,2,hard,1.0,12,5,davies_bouldin,4,0.32212665532979906,False,False,0.9293084246292795
difficulty_level,2,hard,1.0,12,5,davies_bouldin,5,0.34872786005369116,False,True,1.0
difficulty_level,2,hard,1.0,12,5,davies_bouldin,6,0.36200554969869814,False,False,0.8186256145147227
difficulty_level,2,hard,1.0,12,5,davies_bouldin,7,0.3744711417037985,True,False,0.7000542665913078
difficulty_level,2,hard,1.0,12,5,calinski_harabasz,3,289.9290142178138,False,False,0.6939733566552068
difficulty_level,2,hard,1.0,12,5,calinski_harabasz,4,285.27042649273864,False,False,0.9293084246292795
difficulty_level,2,hard,1.0,12,5,calinski_harabasz,5,290.37900837108714,False,True,1.0
difficulty_level,2,hard,1.0,12,5,calinski_harabasz,6,293.65462124595655,True,False,0.8186256145147227
difficulty_level,2,hard,1.0,12,5,calinski_harabasz,7,286.88742865505026,False,False,0.7000542665913078
difficulty_level,2,hard,0.723589256924227,13,5,accuracy_generalizability,3,0.9938078209631886,True,False,0.797946443888585
difficulty_level,2,hard,0.723589256924227,13,5,accuracy_generalizability,4,0.7884343365798118,False,False,0.932566875706693
difficulty_level,2,hard,0.723589256924227,13,5,accuracy_generalizability,5,0.9286801488666392,False,True,0.7349252285191668
difficulty_level,2,hard,0.723589256924227,13,5,accuracy_generalizability,6,0.8497670739598551,False,False,0.6600701933926393
difficulty_level,2,hard,0.723589256924227,13,5,accuracy_generalizability,7,0.8560954952942589,False,False,0.5545485951090187
difficulty_level,2,hard,0.723589256924227,13,5,ari_average,3,0.981629573996578,True,False,0.797946443888585
difficulty_level,2,hard,0.723589256924227,13,5,ari_average,4,0.7667578120128548,False,False,0.932566875706693
difficulty_level,2,hard,0.723589256924227,13,5,ari_average,5,0.8790780105120966,False,True,0.7349252285191668
difficulty_level,2,hard,0.723589256924227,13,5,ari_average,6,0.8020650270324142,False,False,0.6600701933926393
difficulty_level,2,hard,0.723589256924227,13,5,ari_average,7,0.815855922989998,False,False,0.5545485951090187
difficulty_level,2,hard,0.723589256924227,13,5,ari_average_1se,3,0.981629573996578,True,False,0.797946443888585
difficulty_level,2,hard,0.723589256924227,13,5,ari_average_1se,4,0.7667578120128548,False,False,0.932566875706693
difficulty_level,2,hard,0.723589256924227,13,5,ari_average_1se,5,0.8790780105120966,False,True,0.7349252285191668
difficulty_level,2,hard,0.723589256924227,13,5,ari_average_1se,6,0.8020650270324142,False,False,0.6600701933926393
difficulty_level,2,hard,0.723589256924227,13,5,ari_average_1se,7,0.815855922989998,False,False,0.5545485951090187
difficulty_level,2,hard,0.723589256924227,13,5,ari_average_quant,3,0.981629573996578,False,False,0.797946443888585
difficulty_level,2,hard,0.723589256924227,13,5,ari_average_quant,4,0.7667578120128548,False,False,0.932566875706693
difficulty_level,2,hard,0.723589256924227,13,5,ari_average_quant,5,0.8790780105120966,True,True,0.7349252285191668
difficulty_level,2,hard,0.723589256924227,13,5,ari_average_quant,6,0.8020650270324142,False,False,0.6600701933926393
difficulty_level,2,hard,0.723589256924227,13,5,ari_average_quant,7,0.815855922989998,False,False,0.5545485951090187
difficulty_level,2,hard,0.723589256924227,13,5,ari_generalizability,3,0.9826943134170506,True,False,0.797946443888585
difficulty_level,2,hard,0.723589256924227,13,5,ari_generalizability,4,0.750524615578269,False,False,0.932566875706693
difficulty_level,2,hard,0.723589256924227,13,5,ari_generalizability,5,0.8749508292597207,False,True,0.7349252285191668
difficulty_level,2,hard,0.723589256924227,13,5,ari_generalizability,6,0.7906913582853942,False,False,0.6600701933926393
difficulty_level,2,hard,0.723589256924227,13,5,ari_generalizability,7,0.8018905215893739,False,False,0.5545485951090187
difficulty_level,2,hard,0.723589256924227,13,5,ari_generalizability_1se,3,0.9826943134170506,True,False,0.797946443888585
difficulty_level,2,hard,0.723589256924227,13,5,ari_generalizability_1se,4,0.750524615578269,False,False,0.932566875706693
difficulty_level,2,hard,0.723589256924227,13,5,ari_generalizability_1se,5,0.8749508292597207,False,True,0.7349252285191668
difficulty_level,2,hard,0.723589256924227,13,5,ari_generalizability_1se,6,0.7906913582853942,False,False,0.6600701933926393
difficulty_level,2,hard,0.723589256924227,13,5,ari_generalizability_1se,7,0.8018905215893739,False,False,0.5545485951090187
difficulty_level,2,hard,0.723589256924227,13,5,ari_generalizability_quant,3,0.9826943134170506,False,False,0.797946443888585
difficulty_level,2,hard,0.723589256924227,13,5,ari_generalizability_quant,4,0.750524615578269,False,False,0.932566875706693
difficulty_level,2,hard,0.723589256924227,13,5,ari_generalizability_quant,5,0.8749508292597207,True,True,0.7349252285191668
difficulty_level,2,hard,0.723589256924227,13,5,ari_generalizability_quant,6,0.7906913582853942,False,False,0.6600701933926393
difficulty_level,2,hard,0.723589256924227,13,5,ari_generalizability_quant,7,0.8018905215893739,False,False,0.5545485951090187
difficulty_level,2,hard,0.723589256924227,13,5,ari_stability,3,0.9805648345761054,True,False,0.797946443888585
difficulty_level,2,hard,0.723589256924227,13,5,ari_stability,4,0.7829910084474397,False,False,0.932566875706693
difficulty_level,2,hard,0.723589256924227,13,5,ari_stability,5,0.8832051917644725,False,True,0.7349252285191668
difficulty_level,2,hard,0.723589256924227,13,5,ari_stability,6,0.8134386957794341,False,False,0.6600701933926393
difficulty_level,2,hard,0.723589256924227,13,5,ari_stability,7,0.8298213243906222,False,False,0.5545485951090187
difficulty_level,2,hard,0.723589256924227,13,5,ari_stability_1se,3,0.9805648345761054,True,False,0.797946443888585
difficulty_level,2,hard,0.723589256924227,13,5,ari_stability_1se,4,0.7829910084474397,False,False,0.932566875706693
difficulty_level,2,hard,0.723589256924227,13,5,ari_stability_1se,5,0.8832051917644725,False,True,0.7349252285191668
difficulty_level,2,hard,0.723589256924227,13,5,ari_stability_1se,6,0.8134386957794341,False,False,0.6600701933926393
difficulty_level,2,hard,0.723589256924227,13,5,ari_stability_1se,7,0.8298213243906222,False,False,0.5545485951090187
difficulty_level,2,hard,0.723589256924227,13,5,ari_stability_quant,3,0.9805648345761054,False,False,0.797946443888585
difficulty_level,2,hard,0.723589256924227,13,5,ari_stability_quant,4,0.7829910084474397,False,False,0.932566875706693
difficulty_level,2,hard,0.723589256924227,13,5,ari_stability_quant,5,0.8832051917644725,True,True,0.7349252285191668
difficulty_level,2,hard,0.723589256924227,13,5,ari_stability_quant,6,0.8134386957794341,False,False,0.6600701933926393
difficulty_level,2,hard,0.723589256924227,13,5,ari_stability_quant,7,0.8298213243906222,False,False,0.5545485951090187
difficulty_level,2,hard,0.723589256924227,13,5,consensus_ce_stability,3,0.99519235109733,True,False,0.797946443888585
difficulty_level,2,hard,0.723589256924227,13,5,consensus_ce_stability,4,0.844367093587375,False,False,0.932566875706693
difficulty_level,2,hard,0.723589256924227,13,5,consensus_ce_stability,5,0.9226071348853591,False,True,0.7349252285191668
difficulty_level,2,hard,0.723589256924227,13,5,consensus_ce_stability,6,0.880218517754684,False,False,0.6600701933926393
difficulty_level,2,hard,0.723589256924227,13,5,consensus_ce_stability,7,0.9029795033004803,False,False,0.5545485951090187
difficulty_level,2,hard,0.723589256924227,13,5,consensus_gini_stability,3,0.9971882658315528,True,False,0.797946443888585
difficulty_level,2,hard,0.723589256924227,13,5,consensus_gini_stability,4,0.8511797228039434,False,False,0.932566875706693
difficulty_level,2,hard,0.723589256924227,13,5,consensus_gini_stability,5,0.9313558508951975,False,True,0.7349252285191668
difficulty_level,2,hard,0.723589256924227,13,5,consensus_gini_stability,6,0.8919476139158223,False,False,0.6600701933926393
difficulty_level,2,hard,0.723589256924227,13,5,consensus_gini_stability,7,0.9147421168615806,False,False,0.5545485951090187
difficulty_level,2,hard,0.723589256924227,13,5,consensus_pac_stability,3,0.9999969984992496,True,False,0.797946443888585
difficulty_level,2,hard,0.723589256924227,13,5,consensus_pac_stability,4,0.829312156078039,False,False,0.932566875706693
difficulty_level,2,hard,0.723589256924227,13,5,consensus_pac_stability,5,0.8986733366683342,False,True,0.7349252285191668
difficulty_level,2,hard,0.723589256924227,13,5,consensus_pac_stability,6,0.8469554777388695,False,False,0.6600701933926393
difficulty_level,2,hard,0.723589256924227,13,5,consensus_pac_stability,7,0.8733321660830415,False,False,0.5545485951090187
difficulty_level,2,hard,0.723589256924227,13,5,silhouette,3,0.23490811437896042,False,False,0.797946443888585
difficulty_level,2,hard,0.723589256924227,13,5,silhouette,4,0.2668241793064391,True,False,0.932566875706693
difficulty_level,2,hard,0.723589256924227,13,5,silhouette,5,0.23017941879680784,False,True,0.723589256924227
difficulty_level,2,hard,0.723589256924227,13,5,silhouette,6,0.2440241430591878,False,False,0.6404180791677538
difficulty_level,2,hard,0.723589256924227,13,5,silhouette,7,0.2475985589657462,False,False,0.5612054517610126
difficulty_level,2,hard,0.723589256924227,13,5,gap,3,0.09200085143289449,False,False,0.797946443888585
difficulty_level,2,hard,0.723589256924227,13,5,gap,4,0.18018809575839434,False,False,0.932566875706693
difficulty_level,2,hard,0.723589256924227,13,5,gap,5,0.26505464625065933,False,True,0.723589256924227
difficulty_level,2,hard,0.723589256924227,13,5,gap,6,0.3369614312475111,False,False,0.6404180791677538
difficulty_level,2,hard,0.723589256924227,13,5,gap,7,0.41240313476630774,True,False,0.5612054517610126
difficulty_level,2,hard,0.723589256924227,13,5,davies_bouldin,3,0.32312484821771587,False,False,0.797946443888585
difficulty_level,2,hard,0.723589256924227,13,5,davies_bouldin,4,0.3289107180412316,False,False,0.932566875706693
difficulty_level,2,hard,0.723589256924227,13,5,davies_bouldin,5,0.3411522667386052,False,True,0.723589256924227
difficulty_level,2,hard,0.723589256924227,13,5,davies_bouldin,6,0.36006428167449717,False,False,0.6404180791677538
difficulty_level,2,hard,0.723589256924227,13,5,davies_bouldin,7,0.37363766809362375,True,False,0.5612054517610126
difficulty_level,2,hard,0.723589256924227,13,5,calinski_harabasz,3,376.0972965773648,True,False,0.797946443888585
difficulty_level,2,hard,0.723589256924227,13,5,calinski_harabasz,4,339.664991497088,False,False,0.932566875706693
difficulty_level,2,hard,0.723589256924227,13,5,calinski_harabasz,5,324.8632658380148,False,True,0.723589256924227
difficulty_level,2,hard,0.723589256924227,13,5,calinski_harabasz,6,311.62692795529637,False,False,0.6404180791677538
difficulty_level,2,hard,0.723589256924227,13,5,calinski_harabasz,7,308.29194732113405,False,False,0.5612054517610126
difficulty_level,2,hard,0.6951778746900202,14,5,accuracy_generalizability,3,0.9993245217194487,True,False,0.7368754720464442
difficulty_level,2,hard,0.6951778746900202,14,5,accuracy_generalizability,4,0.8735831123671727,False,False,0.5206165752892711
difficulty_level,2,hard,0.6951778746900202,14,5,accuracy_generalizability,5,0.9137547976946986,False,True,0.6852983264714408
difficulty_level,2,hard,0.6951778746900202,14,5,accuracy_generalizability,6,0.8849747947428107,False,False,0.7767649074967802
difficulty_level,2,hard,0.6951778746900202,14,5,accuracy_generalizability,7,0.8535596839616819,False,False,0.69118352016203
difficulty_level,2,hard,0.6951778746900202,14,5,ari_average,3,0.998179963013487,True,False,0.7368754720464442
difficulty_level,2,hard,0.6951778746900202,14,5,ari_average,4,0.8422227118929583,False,False,0.5206165752892711
difficulty_level,2,hard,0.6951778746900202,14,5,ari_average,5,0.8655316987590331,False,True,0.6852983264714408
difficulty_level,2,hard,0.6951778746900202,14,5,ari_average,6,0.8320743172979482,False,False,0.7767649074967802
difficulty_level,2,hard,0.6951778746900202,14,5,ari_average,7,0.8257999429156642,False,False,0.69118352016203
difficulty_level,2,hard,0.6951778746900202,14,5,ari_average_1se,3,0.998179963013487,True,False,0.7368754720464442
difficulty_level,2,hard,0.6951778746900202,14,5,ari_average_1se,4,0.8422227118929583,False,False,0.5206165752892711
difficulty_level,2,hard,0.6951778746900202,14,5,ari_average_1se,5,0.8655316987590331,False,True,0.6852983264714408
difficulty_level,2,hard,0.6951778746900202,14,5,ari_average_1se,6,0.8320743172979482,False,False,0.7767649074967802
difficulty_level,2,hard,0.6951778746900202,14,5,ari_average_1se,7,0.8257999429156642,False,False,0.69118352016203
difficulty_level,2,hard,0.6951778746900202,14,5,ari_average_quant,3,0.998179963013487,True,False,0.7368754720464442
difficulty_level,2,hard,0.6951778746900202,14,5,ari_average_quant,4,0.8422227118929583,False,False,0.5206165752892711
difficulty_level,2,hard,0.6951778746900202,14,5,ari_average_quant,5,0.8655316987590331,False,True,0.6852983264714408
difficulty_level,2,hard,0.6951778746900202,14,5,ari_average_quant,6,0.8320743172979482,False,False,0.7767649074967802
difficulty_level,2,hard,0.6951778746900202,14,5,ari_average_quant,7,0.8257999429156642,False,False,0.69118352016203
difficulty_level,2,hard,0.6951778746900202,14,5,ari_generalizability,3,0.9982739075300452,True,False,0.7368754720464442
difficulty_level,2,hard,0.6951778746900202,14,5,ari_generalizability,4,0.832755649049217,False,False,0.5206165752892711
difficulty_level,2,hard,0.6951778746900202,14,5,ari_generalizability,5,0.8555869264768846,False,True,0.6852983264714408
difficulty_level,2,hard,0.6951778746900202,14,5,ari_generalizability,6,0.8200432301306522,False,False,0.7767649074967802
difficulty_level,2,hard,0.6951778746900202,14,5,ari_generalizability,7,0.8176268856295278,False,False,0.69118352016203
difficulty_level,2,hard,0.6951778746900202,14,5,ari_generalizability_1se,3,0.9982739075300452,True,False,0.7368754720464442
difficulty_level,2,hard,0.6951778746900202,14,5,ari_generalizability_1se,4,0.832755649049217,False,False,0.5206165752892711
difficulty_level,2,hard,0.6951778746900202,14,5,ari_generalizability_1se,5,0.8555869264768846,False,True,0.6852983264714408
difficulty_level,2,hard,0.6951778746900202,14,5,ari_generalizability_1se,6,0.8200432301306522,False,False,0.7767649074967802
difficulty_level,2,hard,0.6951778746900202,14,5,ari_generalizability_1se,7,0.8176268856295278,False,False,0.69118352016203
difficulty_level,2,hard,0.6951778746900202,14,5,ari_generalizability_quant,3,0.9982739075300452,True,False,0.7368754720464442
difficulty_level,2,hard,0.6951778746900202,14,5,ari_generalizability_quant,4,0.832755649049217,False,False,0.5206165752892711
difficulty_level,2,hard,0.6951778746900202,14,5,ari_generalizability_quant,5,0.8555869264768846,False,True,0.6852983264714408
difficulty_level,2,hard,0.6951778746900202,14,5,ari_generalizability_quant,6,0.8200432301306522,False,False,0.7767649074967802
difficulty_level,2,hard,0.6951778746900202,14,5,ari_generalizability_quant,7,0.8176268856295278,False,False,0.69118352016203
difficulty_level,2,hard,0.6951778746900202,14,5,ari_stability,3,0.9980860184969289,True,False,0.7368754720464442
difficulty_level,2,hard,0.6951778746900202,14,5,ari_stability,4,0.8516897747366993,False,False,0.5206165752892711
difficulty_level,2,hard,0.6951778746900202,14,5,ari_stability,5,0.8754764710411819,False,True,0.6852983264714408
difficulty_level,2,hard,0.6951778746900202,14,5,ari_stability,6,0.844105404465244,False,False,0.7767649074967802
difficulty_level,2,hard,0.6951778746900202,14,5,ari_stability,7,0.8339730002018011,False,False,0.69118352016203
difficulty_level,2,hard,0.6951778746900202,14,5,ari_stability_1se,3,0.9980860184969289,True,False,0.7368754720464442
difficulty_level,2,hard,0.6951778746900202,14,5,ari_stability_1se,4,0.8516897747366993,False,False,0.5206165752892711
difficulty_level,2,hard,0.6951778746900202,14,5,ari_stability_1se,5,0.8754764710411819,False,True,0.6852983264714408
difficulty_level,2,hard,0.6951778746900202,14,5,ari_stability_1se,6,0.844105404465244,False,False,0.7767649074967802
difficulty_level,2,hard,0.6951778746900202,14,5,ari_stability_1se,7,0.8339730002018011,False,False,0.69118352016203
difficulty_level,2,hard,0.6951778746900202,14,5,ari_stability_quant,3,0.9980860184969289,True,False,0.7368754720464442
difficulty_level,2,hard,0.6951778746900202,14,5,ari_stability_quant,4,0.8516897747366993,False,False,0.5206165752892711
difficulty_level,2,hard,0.6951778746900202,14,5,ari_stability_quant,5,0.8754764710411819,False,True,0.6852983264714408
difficulty_level,2,hard,0.6951778746900202,14,5,ari_stability_quant,6,0.844105404465244,False,False,0.7767649074967802
difficulty_level,2,hard,0.6951778746900202,14,5,ari_stability_quant,7,0.8339730002018011,False,False,0.69118352016203
difficulty_level,2,hard,0.6951778746900202,14,5,consensus_ce_stability,3,0.996012627629388,True,False,0.7368754720464442
difficulty_level,2,hard,0.6951778746900202,14,5,consensus_ce_stability,4,0.8673705119233549,False,False,0.5206165752892711
difficulty_level,2,hard,0.6951778746900202,14,5,consensus_ce_stability,5,0.9122068858088217,False,True,0.6852983264714408
difficulty_level,2,hard,0.6951778746900202,14,5,consensus_ce_stability,6,0.8952204607219328,False,False,0.7767649074967802
difficulty_level,2,hard,0.6951778746900202,14,5,consensus_ce_stability,7,0.9095661282746722,False,False,0.69118352016203
difficulty_level,2,hard,0.6951778746900202,14,5,consensus_gini_stability,3,0.9975356061653706,True,False,0.7368754720464442
difficulty_level,2,hard,0.6951778746900202,14,5,consensus_gini_stability,4,0.8843519258017053,False,False,0.5206165752892711
difficulty_level,2,hard,0.6951778746900202,14,5,consensus_gini_stability,5,0.9212056044106259,False,True,0.6852983264714408
difficulty_level,2,hard,0.6951778746900202,14,5,consensus_gini_stability,6,0.9078728807893547,False,False,0.7767649074967802
difficulty_level,2,hard,0.6951778746900202,14,5,consensus_gini_stability,7,0.9218230372394844,False,False,0.69118352016203
difficulty_level,2,hard,0.6951778746900202,14,5,consensus_pac_stability,3,0.9968014007003502,True,False,0.7368754720464442
difficulty_level,2,hard,0.6951778746900202,14,5,consensus_pac_stability,4,0.8045747873936968,False,False,0.5206165752892711
difficulty_level,2,hard,0.6951778746900202,14,5,consensus_pac_stability,5,0.8897523761880941,False,True,0.6852983264714408
difficulty_level,2,hard,0.6951778746900202,14,5,consensus_pac_stability,6,0.8563471735867934,False,False,0.7767649074967802
difficulty_level,2,hard,0.6951778746900202,14,5,consensus_pac_stability,7,0.8752311155577789,False,False,0.69118352016203
difficulty_level,2,hard,0.6951778746900202,14,5,silhouette,3,0.20508145917514486,False,False,0.7368754720464442
difficulty_level,2,hard,0.6951778746900202,14,5,silhouette,4,0.19419809360120827,False,False,0.5301719386517224
difficulty_level,2,hard,0.6951778746900202,14,5,silhouette,5,0.22543923308796382,False,True,0.6951778746900202
difficulty_level,2,hard,0.6951778746900202,14,5,silhouette,6,0.2516494414868362,False,False,0.7867656219477767
difficulty_level,2,hard,0.6951778746900202,14,5,silhouette,7,0.2526091041182346,True,False,0.6866497619707831
difficulty_level,2,hard,0.6951778746900202,14,5,gap,3,0.04993460844248965,False,False,0.7368754720464442
difficulty_level,2,hard,0.6951778746900202,14,5,gap,4,0.14383311845817737,False,False,0.5301719386517224
difficulty_level,2,hard,0.6951778746900202,14,5,gap,5,0.23090414690599737,False,True,0.6951778746900202
difficulty_level,2,hard,0.6951778746900202,14,5,gap,6,0.30417566753537706,False,False,0.7867656219477767
difficulty_level,2,hard,0.6951778746900202,14,5,gap,7,0.3671741912531665,True,False,0.6866497619707831
difficulty_level,2,hard,0.6951778746900202,14,5,davies_bouldin,3,0.3137381450941322,False,False,0.7368754720464442
difficulty_level,2,hard,0.6951778746900202,14,5,davies_bouldin,4,0.3371556609211945,False,False,0.5301719386517224
difficulty_level,2,hard,0.6951778746900202,14,5,davies_bouldin,5,0.3320608267160517,False,True,0.6951778746900202
difficulty_level,2,hard,0.6951778746900202,14,5,davies_bouldin,6,0.3380181620936155,False,False,0.7867656219477767
difficulty_level,2,hard,0.6951778746900202,14,5,davies_bouldin,7,0.3521051365376255,True,False,0.6866497619707831
difficulty_level,2,hard,0.6951778746900202,14,5,calinski_harabasz,3,314.76136276805397,True,False,0.7368754720464442
difficulty_level,2,hard,0.6951778746900202,14,5,calinski_harabasz,4,300.88945336383136,False,False,0.5301719386517224
difficulty_level,2,hard,0.6951778746900202,14,5,calinski_harabasz,5,294.6413825638281,False,True,0.6951778746900202
difficulty_level,2,hard,0.6951778746900202,14,5,calinski_harabasz,6,286.3605699837979,False,False,0.7867656219477767
difficulty_level,2,hard,0.6951778746900202,14,5,calinski_harabasz,7,277.70709842315364,False,False,0.6866497619707831
difficulty_level,2,hard,0.7709374816710716,15,5,accuracy_generalizability,3,0.9708271534129388,False,False,0.5600214923998819
difficulty_level,2,hard,0.7709374816710716,15,5,accuracy_generalizability,4,0.9966298153440364,True,False,0.7652501612725886
difficulty_level,2,hard,0.7709374816710716,15,5,accuracy_generalizability,5,0.9773849588391658,False,True,0.7709374816710716
difficulty_level,2,hard,0.7709374816710716,15,5,accuracy_generalizability,6,0.8587269676684834,False,False,0.6488772718116548
difficulty_level,2,hard,0.7709374816710716,15,5,accuracy_generalizability,7,0.8518675677488678,False,False,0.668307860469019
difficulty_level,2,hard,0.7709374816710716,15,5,ari_average,3,0.9666698753560019,False,False,0.5600214923998819
difficulty_level,2,hard,0.7709374816710716,15,5,ari_average,4,0.9968688927217562,True,False,0.7652501612725886
difficulty_level,2,hard,0.7709374816710716,15,5,ari_average,5,0.9573679256024886,False,True,0.7709374816710716
difficulty_level,2,hard,0.7709374816710716,15,5,ari_average,6,0.8345218295340906,False,False,0.6488772718116548
difficulty_level,2,hard,0.7709374816710716,15,5,ari_average,7,0.7953462795650943,False,False,0.668307860469019
difficulty_level,2,hard,0.7709374816710716,15,5,ari_average_1se,3,0.9666698753560019,False,False,0.5600214923998819
difficulty_level,2,hard,0.7709374816710716,15,5,ari_average_1se,4,0.9968688927217562,True,False,0.7652501612725886
difficulty_level,2,hard,0.7709374816710716,15,5,ari_average_1se,5,0.9573679256024886,False,True,0.7709374816710716
difficulty_level,2,hard,0.7709374816710716,15,5,ari_average_1se,6,0.8345218295340906,False,False,0.6488772718116548
difficulty_level,2,hard,0.7709374816710716,15,5,ari_average_1se,7,0.7953462795650943,False,False,0.668307860469019
difficulty_level,2,hard,0.7709374816710716,15,5,ari_average_quant,3,0.9666698753560019,False,False,0.5600214923998819
difficulty_level,2,hard,0.7709374816710716,15,5,ari_average_quant,4,0.9968688927217562,True,False,0.7652501612725886
difficulty_level,2,hard,0.7709374816710716,15,5,ari_average_quant,5,0.9573679256024886,False,True,0.7709374816710716
difficulty_level,2,hard,0.7709374816710716,15,5,ari_average_quant,6,0.8345218295340906,False,False,0.6488772718116548
difficulty_level,2,hard,0.7709374816710716,15,5,ari_average_quant,7,0.7953462795650943,False,False,0.668307860469019
difficulty_level,2,hard,0.7709374816710716,15,5,ari_generalizability,3,0.9422909531425933,False,False,0.5600214923998819
difficulty_level,2,hard,0.7709374816710716,15,5,ari_generalizability,4,0.9941010659030787,True,False,0.7652501612725886
difficulty_level,2,hard,0.7709374816710716,15,5,ari_generalizability,5,0.9505438605808624,False,True,0.7709374816710716
difficulty_level,2,hard,0.7709374816710716,15,5,ari_generalizability,6,0.8156551970803636,False,False,0.6488772718116548
difficulty_level,2,hard,0.7709374816710716,15,5,ari_generalizability,7,0.7690587116249126,False,False,0.668307860469019
difficulty_level,2,hard,0.7709374816710716,15,5,ari_generalizability_1se,3,0.9422909531425933,False,False,0.5600214923998819
difficulty_level,2,hard,0.7709374816710716,15,5,ari_generalizability_1se,4,0.9941010659030787,True,False,0.7652501612725886
difficulty_level,2,hard,0.7709374816710716,15,5,ari_generalizability_1se,5,0.9505438605808624,False,True,0.7709374816710716
difficulty_level,2,hard,0.7709374816710716,15,5,ari_generalizability_1se,6,0.8156551970803636,False,False,0.6488772718116548
difficulty_level,2,hard,0.7709374816710716,15,5,ari_generalizability_1se,7,0.7690587116249126,False,False,0.668307860469019
difficulty_level,2,hard,0.7709374816710716,15,5,ari_generalizability_quant,3,0.9422909531425933,False,False,0.5600214923998819
difficulty_level,2,hard,0.7709374816710716,15,5,ari_generalizability_quant,4,0.9941010659030787,True,False,0.7652501612725886
difficulty_level,2,hard,0.7709374816710716,15,5,ari_generalizability_quant,5,0.9505438605808624,False,True,0.7709374816710716
difficulty_level,2,hard,0.7709374816710716,15,5,ari_generalizability_quant,6,0.8156551970803636,False,False,0.6488772718116548
difficulty_level,2,hard,0.7709374816710716,15,5,ari_generalizability_quant,7,0.7690587116249126,False,False,0.668307860469019
difficulty_level,2,hard,0.7709374816710716,15,5,ari_stability,3,0.9910487975694104,False,False,0.5600214923998819
difficulty_level,2,hard,0.7709374816710716,15,5,ari_stability,4,0.9996367195404335,True,False,0.7652501612725886
difficulty_level,2,hard,0.7709374816710716,15,5,ari_stability,5,0.9641919906241153,False,True,0.7709374816710716
difficulty_level,2,hard,0.7709374816710716,15,5,ari_stability,6,0.8533884619878171,False,False,0.6488772718116548
difficulty_level,2,hard,0.7709374816710716,15,5,ari_stability,7,0.8216338475052758,False,False,0.668307860469019
difficulty_level,2,hard,0.7709374816710716,15,5,ari_stability_1se,3,0.9910487975694104,False,False,0.5600214923998819
difficulty_level,2,hard,0.7709374816710716,15,5,ari_stability_1se,4,0.9996367195404335,True,False,0.7652501612725886
difficulty_level,2,hard,0.7709374816710716,15,5,ari_stability_1se,5,0.9641919906241153,False,True,0.7709374816710716
difficulty_level,2,hard,0.7709374816710716,15,5,ari_stability_1se,6,0.8533884619878171,False,False,0.6488772718116548
difficulty_level,2,hard,0.7709374816710716,15,5,ari_stability_1se,7,0.8216338475052758,False,False,0.668307860469019
difficulty_level,2,hard,0.7709374816710716,15,5,ari_stability_quant,3,0.9910487975694104,False,False,0.5600214923998819
difficulty_level,2,hard,0.7709374816710716,15,5,ari_stability_quant,4,0.9996367195404335,True,False,0.7652501612725886
difficulty_level,2,hard,0.7709374816710716,15,5,ari_stability_quant,5,0.9641919906241153,False,True,0.7709374816710716
difficulty_level,2,hard,0.7709374816710716,15,5,ari_stability_quant,6,0.8533884619878171,False,False,0.6488772718116548
difficulty_level,2,hard,0.7709374816710716,15,5,ari_stability_quant,7,0.8216338475052758,False,False,0.668307860469019
difficulty_level,2,hard,0.7709374816710716,15,5,consensus_ce_stability,3,0.9883984986380591,False,False,0.5600214923998819
difficulty_level,2,hard,0.7709374816710716,15,5,consensus_ce_stability,4,0.9999999999586944,True,False,0.7652501612725886
difficulty_level,2,hard,0.7709374816710716,15,5,consensus_ce_stability,5,0.9681427010598044,False,True,0.7709374816710716
difficulty_level,2,hard,0.7709374816710716,15,5,consensus_ce_stability,6,0.9059299204342877,False,False,0.6488772718116548
difficulty_level,2,hard,0.7709374816710716,15,5,consensus_ce_stability,7,0.8955212125522158,False,False,0.668307860469019
difficulty_level,2,hard,0.7709374816710716,15,5,consensus_gini_stability,3,0.9932190117113557,False,False,0.5600214923998819
difficulty_level,2,hard,0.7709374816710716,15,5,consensus_gini_stability,4,1.0,True,False,0.7652501612725886
difficulty_level,2,hard,0.7709374816710716,15,5,consensus_gini_stability,5,0.9754637104199019,False,True,0.7709374816710716
difficulty_level,2,hard,0.7709374816710716,15,5,consensus_gini_stability,6,0.9195103720088491,False,False,0.6488772718116548
difficulty_level,2,hard,0.7709374816710716,15,5,consensus_gini_stability,7,0.9065125950465353,False,False,0.668307860469019
difficulty_level,2,hard,0.7709374816710716,15,5,consensus_pac_stability,3,0.9999969984992496,False,False,0.5600214923998819
difficulty_level,2,hard,0.7709374816710716,15,5,consensus_pac_stability,4,1.0,True,False,0.7652501612725886
difficulty_level,2,hard,0.7709374816710716,15,5,consensus_pac_stability,5,0.956208104052026,False,True,0.7709374816710716
difficulty_level,2,hard,0.7709374816710716,15,5,consensus_pac_stability,6,0.8630550275137568,False,False,0.6488772718116548
difficulty_level,2,hard,0.7709374816710716,15,5,consensus_pac_stability,7,0.8635662831415708,False,False,0.668307860469019
difficulty_level,2,hard,0.7709374816710716,15,5,silhouette,3,0.17363038737662026,False,False,0.5600214923998819
difficulty_level,2,hard,0.7709374816710716,15,5,silhouette,4,0.21631300070584839,False,False,0.7652501612725886
difficulty_level,2,hard,0.7709374816710716,15,5,silhouette,5,0.2489715049768775,False,True,0.7709374816710716
difficulty_level,2,hard,0.7709374816710716,15,5,silhouette,6,0.24541585065338736,False,False,0.6490668067042905
difficulty_level,2,hard,0.7709374816710716,15,5,silhouette,7,0.26242030701786495,True,False,0.6685050463302128
difficulty_level,2,hard,0.7709374816710716,15,5,gap,3,-0.013026834251435915,False,False,0.5600214923998819
difficulty_level,2,hard,0.7709374816710716,15,5,gap,4,0.09618493774798154,False,False,0.7652501612725886
difficulty_level,2,hard,0.7709374816710716,15,5,gap,5,0.18215309653879963,False,True,0.7709374816710716
difficulty_level,2,hard,0.7709374816710716,15,5,gap,6,0.25114643174365625,False,False,0.6490668067042905
difficulty_level,2,hard,0.7709374816710716,15,5,gap,7,0.3120513785678458,True,False,0.6685050463302128
difficulty_level,2,hard,0.7709374816710716,15,5,davies_bouldin,3,0.31819222427826593,False,False,0.5600214923998819
difficulty_level,2,hard,0.7709374816710716,15,5,davies_bouldin,4,0.3358831630869914,False,False,0.7652501612725886
difficulty_level,2,hard,0.7709374816710716,15,5,davies_bouldin,5,0.33187866608789485,False,True,0.7709374816710716
difficulty_level,2,hard,0.7709374816710716,15,5,davies_bouldin,6,0.34434841233345614,False,False,0.6490668067042905
difficulty_level,2,hard,0.7709374816710716,15,5,davies_bouldin,7,0.3515246591217671,True,False,0.6685050463302128
difficulty_level,2,hard,0.7709374816710716,15,5,calinski_harabasz,3,282.90165357523,False,False,0.5600214923998819
difficulty_level,2,hard,0.7709374816710716,15,5,calinski_harabasz,4,291.54947732537164,True,False,0.7652501612725886
difficulty_level,2,hard,0.7709374816710716,15,5,calinski_harabasz,5,286.2609807552828,False,True,0.7709374816710716
difficulty_level,2,hard,0.7709374816710716,15,5,calinski_harabasz,6,276.3787723604339,False,False,0.6490668067042905
difficulty_level,2,hard,0.7709374816710716,15,5,calinski_harabasz,7,267.7443406160372,False,False,0.6685050463302128
difficulty_level,2,hard,0.8586314524924629,16,5,accuracy_generalizability,3,0.995306361385593,True,False,0.6717506864271193
difficulty_level,2,hard,0.8586314524924629,16,5,accuracy_generalizability,4,0.9084455898276955,False,False,0.8483717116421935
difficulty_level,2,hard,0.8586314524924629,16,5,accuracy_generalizability,5,0.9097682124468699,False,True,0.8527362325403081
difficulty_level,2,hard,0.8586314524924629,16,5,accuracy_generalizability,6,0.92976521151811,False,False,0.7490732310717878
difficulty_level,2,hard,0.8586314524924629,16,5,accuracy_generalizability,7,0.8160263916502476,False,False,0.602168811989073
difficulty_level,2,hard,0.8586314524924629,16,5,ari_average,3,0.9918193356354013,True,False,0.6717506864271193
difficulty_level,2,hard,0.8586314524924629,16,5,ari_average,4,0.9028490389647092,False,False,0.8483717116421935
difficulty_level,2,hard,0.8586314524924629,16,5,ari_average,5,0.90230347837767,False,True,0.8527362325403081
difficulty_level,2,hard,0.8586314524924629,16,5,ari_average,6,0.8965618118865403,False,False,0.7490732310717878
difficulty_level,2,hard,0.8586314524924629,16,5,ari_average,7,0.7731100676457383,False,False,0.602168811989073
difficulty_level,2,hard,0.8586314524924629,16,5,ari_average_1se,3,0.9918193356354013,True,False,0.6717506864271193
difficulty_level,2,hard,0.8586314524924629,16,5,ari_average_1se,4,0.9028490389647092,False,False,0.8483717116421935
difficulty_level,2,hard,0.8586314524924629,16,5,ari_average_1se,5,0.90230347837767,False,True,0.8527362325403081
difficulty_level,2,hard,0.8586314524924629,16,5,ari_average_1se,6,0.8965618118865403,False,False,0.7490732310717878
difficulty_level,2,hard,0.8586314524924629,16,5,ari_average_1se,7,0.7731100676457383,False,False,0.602168811989073
difficulty_level,2,hard,0.8586314524924629,16,5,ari_average_quant,3,0.9918193356354013,True,False,0.6717506864271193
difficulty_level,2,hard,0.8586314524924629,16,5,ari_average_quant,4,0.9028490389647092,False,False,0.8483717116421935
difficulty_level,2,hard,0.8586314524924629,16,5,ari_average_quant,5,0.90230347837767,False,True,0.8527362325403081
difficulty_level,2,hard,0.8586314524924629,16,5,ari_average_quant,6,0.8965618118865403,False,False,0.7490732310717878
difficulty_level,2,hard,0.8586314524924629,16,5,ari_average_quant,7,0.7731100676457383,False,False,0.602168811989073
difficulty_level,2,hard,0.8586314524924629,16,5,ari_generalizability,3,0.9870559049348677,True,False,0.6717506864271193
difficulty_level,2,hard,0.8586314524924629,16,5,ari_generalizability,4,0.8803271305276783,False,False,0.8483717116421935
difficulty_level,2,hard,0.8586314524924629,16,5,ari_generalizability,5,0.8827260603938903,False,True,0.8527362325403081
difficulty_level,2,hard,0.8586314524924629,16,5,ari_generalizability,6,0.8821261044063617,False,False,0.7490732310717878
difficulty_level,2,hard,0.8586314524924629,16,5,ari_generalizability,7,0.7447729394336952,False,False,0.602168811989073
difficulty_level,2,hard,0.8586314524924629,16,5,ari_generalizability_1se,3,0.9870559049348677,True,False,0.6717506864271193
difficulty_level,2,hard,0.8586314524924629,16,5,ari_generalizability_1se,4,0.8803271305276783,False,False,0.8483717116421935
difficulty_level,2,hard,0.8586314524924629,16,5,ari_generalizability_1se,5,0.8827260603938903,False,True,0.8527362325403081
difficulty_level,2,hard,0.8586314524924629,16,5,ari_generalizability_1se,6,0.8821261044063617,False,False,0.7490732310717878
difficulty_level,2,hard,0.8586314524924629,16,5,ari_generalizability_1se,7,0.7447729394336952,False,False,0.602168811989073
difficulty_level,2,hard,0.8586314524924629,16,5,ari_generalizability_quant,3,0.9870559049348677,False,False,0.6717506864271193
difficulty_level,2,hard,0.8586314524924629,16,5,ari_generalizability_quant,4,0.8803271305276783,False,False,0.8483717116421935
difficulty_level,2,hard,0.8586314524924629,16,5,ari_generalizability_quant,5,0.8827260603938903,False,True,0.8527362325403081
difficulty_level,2,hard,0.8586314524924629,16,5,ari_generalizability_quant,6,0.8821261044063617,True,False,0.7490732310717878
difficulty_level,2,hard,0.8586314524924629,16,5,ari_generalizability_quant,7,0.7447729394336952,False,False,0.602168811989073
difficulty_level,2,hard,0.8586314524924629,16,5,ari_stability,3,0.9965827663359349,True,False,0.6717506864271193
difficulty_level,2,hard,0.8586314524924629,16,5,ari_stability,4,0.92537094740174,False,False,0.8483717116421935
difficulty_level,2,hard,0.8586314524924629,16,5,ari_stability,5,0.9218808963614497,False,True,0.8527362325403081
difficulty_level,2,hard,0.8586314524924629,16,5,ari_stability,6,0.9109975193667188,False,False,0.7490732310717878
difficulty_level,2,hard,0.8586314524924629,16,5,ari_stability,7,0.8014471958577818,False,False,0.602168811989073
difficulty_level,2,hard,0.8586314524924629,16,5,ari_stability_1se,3,0.9965827663359349,True,False,0.6717506864271193
difficulty_level,2,hard,0.8586314524924629,16,5,ari_stability_1se,4,0.92537094740174,False,False,0.8483717116421935
difficulty_level,2,hard,0.8586314524924629,16,5,ari_stability_1se,5,0.9218808963614497,False,True,0.8527362325403081
difficulty_level,2,hard,0.8586314524924629,16,5,ari_stability_1se,6,0.9109975193667188,False,False,0.7490732310717878
difficulty_level,2,hard,0.8586314524924629,16,5,ari_stability_1se,7,0.8014471958577818,False,False,0.602168811989073
difficulty_level,2,hard,0.8586314524924629,16,5,ari_stability_quant,3,0.9965827663359349,True,False,0.6717506864271193
difficulty_level,2,hard,0.8586314524924629,16,5,ari_stability_quant,4,0.92537094740174,False,False,0.8483717116421935
difficulty_level,2,hard,0.8586314524924629,16,5,ari_stability_quant,5,0.9218808963614497,False,True,0.8527362325403081
difficulty_level,2,hard,0.8586314524924629,16,5,ari_stability_quant,6,0.9109975193667188,False,False,0.7490732310717878
difficulty_level,2,hard,0.8586314524924629,16,5,ari_stability_quant,7,0.8014471958577818,False,False,0.602168811989073
difficulty_level,2,hard,0.8586314524924629,16,5,consensus_ce_stability,3,0.9890754554805102,True,False,0.6717506864271193
difficulty_level,2,hard,0.8586314524924629,16,5,consensus_ce_stability,4,0.9241756074915863,False,False,0.8483717116421935
difficulty_level,2,hard,0.8586314524924629,16,5,consensus_ce_stability,5,0.9239641653518257,False,True,0.8527362325403081
difficulty_level,2,hard,0.8586314524924629,16,5,consensus_ce_stability,6,0.9298878058478598,False,False,0.7490732310717878
difficulty_level,2,hard,0.8586314524924629,16,5,consensus_ce_stability,7,0.8801014845756028,False,False,0.602168811989073
difficulty_level,2,hard,0.8586314524924629,16,5,consensus_gini_stability,3,0.99359381030997,True,False,0.6717506864271193
difficulty_level,2,hard,0.8586314524924629,16,5,consensus_gini_stability,4,0.9391375964865963,False,False,0.8483717116421935
difficulty_level,2,hard,0.8586314524924629,16,5,consensus_gini_stability,5,0.9378782590157091,False,True,0.8527362325403081
difficulty_level,2,hard,0.8586314524924629,16,5,consensus_gini_stability,6,0.940741346273371,False,False,0.7490732310717878
difficulty_level,2,hard,0.8586314524924629,16,5,consensus_gini_stability,7,0.892168206776483,False,False,0.602168811989073
difficulty_level,2,hard,0.8586314524924629,16,5,consensus_pac_stability,3,0.9992741370685343,True,False,0.6717506864271193
difficulty_level,2,hard,0.8586314524924629,16,5,consensus_pac_stability,4,0.8838299149574788,False,False,0.8483717116421935
difficulty_level,2,hard,0.8586314524924629,16,5,consensus_pac_stability,5,0.8920625312656328,False,True,0.8527362325403081
difficulty_level,2,hard,0.8586314524924629,16,5,consensus_pac_stability,6,0.9115777888944472,False,False,0.7490732310717878
difficulty_level,2,hard,0.8586314524924629,16,5,consensus_pac_stability,7,0.8462486243121561,False,False,0.602168811989073
difficulty_level,2,hard,0.8586314524924629,16,5,silhouette,3,0.19771688363240017,False,False,0.6717506864271193
difficulty_level,2,hard,0.8586314524924629,16,5,silhouette,4,0.237758177587005,False,False,0.8483717116421935
difficulty_level,2,hard,0.8586314524924629,16,5,silhouette,5,0.27006970926628193,False,True,0.8586314524924629
difficulty_level,2,hard,0.8586314524924629,16,5,silhouette,6,0.2736542852444255,True,False,0.7542104779975285
difficulty_level,2,hard,0.8586314524924629,16,5,silhouette,7,0.2618899413871243,False,False,0.6107514284838076
difficulty_level,2,hard,0.8586314524924629,16,5,gap,3,0.05748516179665941,False,False,0.6717506864271193
difficulty_level,2,hard,0.8586314524924629,16,5,gap,4,0.1549121842127832,False,False,0.8483717116421935
difficulty_level,2,hard,0.8586314524924629,16,5,gap,5,0.2411811871335967,False,True,0.8586314524924629
difficulty_level,2,hard,0.8586314524924629,16,5,gap,6,0.3259204579665216,False,False,0.7542104779975285
difficulty_level,2,hard,0.8586314524924629,16,5,gap,7,0.39538927259238754,True,False,0.6107514284838076
difficulty_level,2,hard,0.8586314524924629,16,5,davies_bouldin,3,0.3313531190598601,False,False,0.6717506864271193
difficulty_level,2,hard,0.8586314524924629,16,5,davies_bouldin,4,0.3329607825251868,False,False,0.8483717116421935
difficulty_level,2,hard,0.8586314524924629,16,5,davies_bouldin,5,0.3336558668693824,False,True,0.8586314524924629
difficulty_level,2,hard,0.8586314524924629,16,5,davies_bouldin,6,0.35164862741137476,False,False,0.7542104779975285
difficulty_level,2,hard,0.8586314524924629,16,5,davies_bouldin,7,0.36127887139176024,True,False,0.6107514284838076
difficulty_level,2,hard,0.8586314524924629,16,5,calinski_harabasz,3,341.6563101389397,True,False,0.6717506864271193
difficulty_level,2,hard,0.8586314524924629,16,5,calinski_harabasz,4,323.47810560635867,False,False,0.8483717116421935
difficulty_level,2,hard,0.8586314524924629,16,5,calinski_harabasz,5,312.65214319037347,False,True,0.8586314524924629
difficulty_level,2,hard,0.8586314524924629,16,5,calinski_harabasz,6,310.1902992487002,False,False,0.7542104779975285
difficulty_level,2,hard,0.8586314524924629,16,5,calinski_harabasz,7,303.22002267445885,False,False,0.6107514284838076
difficulty_level,2,hard,0.6314138285484274,17,5,accuracy_generalizability,3,0.9968854306118342,True,False,0.8039893958375012
difficulty_level,2,hard,0.6314138285484274,17,5,accuracy_generalizability,4,0.8113121080123243,False,False,0.56386880644789
difficulty_level,2,hard,0.6314138285484274,17,5,accuracy_generalizability,5,0.7947053729298494,False,True,0.6911551467337316
difficulty_level,2,hard,0.6314138285484274,17,5,accuracy_generalizability,6,0.7842271131979145,False,False,0.5114082988272802
difficulty_level,2,hard,0.6314138285484274,17,5,accuracy_generalizability,7,0.9183938825335806,False,False,0.6120417918570892
difficulty_level,2,hard,0.6314138285484274,17,5,ari_average,3,0.997609333183961,True,False,0.8039893958375012
difficulty_level,2,hard,0.6314138285484274,17,5,ari_average,4,0.7517476681712951,False,False,0.56386880644789
difficulty_level,2,hard,0.6314138285484274,17,5,ari_average,5,0.7046780223477146,False,True,0.6911551467337316
difficulty_level,2,hard,0.6314138285484274,17,5,ari_average,6,0.7185323286557009,False,False,0.5114082988272802
difficulty_level,2,hard,0.6314138285484274,17,5,ari_average,7,0.838435023529408,False,False,0.6120417918570892
difficulty_level,2,hard,0.6314138285484274,17,5,ari_average_1se,3,0.997609333183961,True,False,0.8039893958375012
difficulty_level,2,hard,0.6314138285484274,17,5,ari_average_1se,4,0.7517476681712951,False,False,0.56386880644789
difficulty_level,2,hard,0.6314138285484274,17,5,ari_average_1se,5,0.7046780223477146,False,True,0.6911551467337316
difficulty_level,2,hard,0.6314138285484274,17,5,ari_average_1se,6,0.7185323286557009,False,False,0.5114082988272802
difficulty_level,2,hard,0.6314138285484274,17,5,ari_average_1se,7,0.838435023529408,False,False,0.6120417918570892
difficulty_level,2,hard,0.6314138285484274,17,5,ari_average_quant,3,0.997609333183961,True,False,0.8039893958375012
difficulty_level,2,hard,0.6314138285484274,17,5,ari_average_quant,4,0.7517476681712951,False,False,0.56386880644789
difficulty_level,2,hard,0.6314138285484274,17,5,ari_average_quant,5,0.7046780223477146,False,True,0.6911551467337316
difficulty_level,2,hard,0.6314138285484274,17,5,ari_average_quant,6,0.7185323286557009,False,False,0.5114082988272802
difficulty_level,2,hard,0.6314138285484274,17,5,ari_average_quant,7,0.838435023529408,False,False,0.6120417918570892
difficulty_level,2,hard,0.6314138285484274,17,5,ari_generalizability,3,0.9952186663679224,True,False,0.8039893958375012
difficulty_level,2,hard,0.6314138285484274,17,5,ari_generalizability,4,0.739552544093047,False,False,0.56386880644789
difficulty_level,2,hard,0.6314138285484274,17,5,ari_generalizability,5,0.6819866223332848,False,True,0.6911551467337316
difficulty_level,2,hard,0.6314138285484274,17,5,ari_generalizability,6,0.7023821447843193,False,False,0.5114082988272802
difficulty_level,2,hard,0.6314138285484274,17,5,ari_generalizability,7,0.8325094975489923,False,False,0.6120417918570892
difficulty_level,2,hard,0.6314138285484274,17,5,ari_generalizability_1se,3,0.9952186663679224,True,False,0.8039893958375012
difficulty_level,2,hard,0.6314138285484274,17,5,ari_generalizability_1se,4,0.739552544093047,False,False,0.56386880644789
difficulty_level,2,hard,0.6314138285484274,17,5,ari_generalizability_1se,5,0.6819866223332848,False,True,0.6911551467337316
difficulty_level,2,hard,0.6314138285484274,17,5,ari_generalizability_1se,6,0.7023821447843193,False,False,0.5114082988272802
difficulty_level,2,hard,0.6314138285484274,17,5,ari_generalizability_1se,7,0.8325094975489923,False,False,0.6120417918570892
difficulty_level,2,hard,0.6314138285484274,17,5,ari_generalizability_quant,3,0.9952186663679224,True,False,0.8039893958375012
difficulty_level,2,hard,0.6314138285484274,17,5,ari_generalizability_quant,4,0.739552544093047,False,False,0.56386880644789
difficulty_level,2,hard,0.6314138285484274,17,5,ari_generalizability_quant,5,0.6819866223332848,False,True,0.6911551467337316
difficulty_level,2,hard,0.6314138285484274,17,5,ari_generalizability_quant,6,0.7023821447843193,False,False,0.5114082988272802
difficulty_level,2,hard,0.6314138285484274,17,5,ari_generalizability_quant,7,0.8325094975489923,False,False,0.6120417918570892
difficulty_level,2,hard,0.6314138285484274,17,5,ari_stability,3,1.0,True,False,0.8039893958375012
difficulty_level,2,hard,0.6314138285484274,17,5,ari_stability,4,0.7639427922495434,False,False,0.56386880644789
difficulty_level,2,hard,0.6314138285484274,17,5,ari_stability,5,0.7273694223621441,False,True,0.6911551467337316
difficulty_level,2,hard,0.6314138285484274,17,5,ari_stability,6,0.7346825125270828,False,False,0.5114082988272802
difficulty_level,2,hard,0.6314138285484274,17,5,ari_stability,7,0.8443605495098236,False,False,0.6120417918570892
difficulty_level,2,hard,0.6314138285484274,17,5,ari_stability_1se,3,1.0,True,False,0.8039893958375012
difficulty_level,2,hard,0.6314138285484274,17,5,ari_stability_1se,4,0.7639427922495434,False,False,0.56386880644789
difficulty_level,2,hard,0.6314138285484274,17,5,ari_stability_1se,5,0.7273694223621441,False,True,0.6911551467337316
difficulty_level,2,hard,0.6314138285484274,17,5,ari_stability_1se,6,0.7346825125270828,False,False,0.5114082988272802
difficulty_level,2,hard,0.6314138285484274,17,5,ari_stability_1se,7,0.8443605495098236,False,False,0.6120417918570892
difficulty_level,2,hard,0.6314138285484274,17,5,ari_stability_quant,3,1.0,True,False,0.8039893958375012
difficulty_level,2,hard,0.6314138285484274,17,5,ari_stability_quant,4,0.7639427922495434,False,False,0.56386880644789
difficulty_level,2,hard,0.6314138285484274,17,5,ari_stability_quant,5,0.7273694223621441,False,True,0.6911551467337316
difficulty_level,2,hard,0.6314138285484274,17,5,ari_stability_quant,6,0.7346825125270828,False,False,0.5114082988272802
difficulty_level,2,hard,0.6314138285484274,17,5,ari_stability_quant,7,0.8443605495098236,False,False,0.6120417918570892
difficulty_level,2,hard,0.6314138285484274,17,5,consensus_ce_stability,3,0.9999999999586945,True,False,0.8039893958375012
difficulty_level,2,hard,0.6314138285484274,17,5,consensus_ce_stability,4,0.8005028276902462,False,False,0.56386880644789
difficulty_level,2,hard,0.6314138285484274,17,5,consensus_ce_stability,5,0.7970072330934223,False,True,0.6911551467337316
difficulty_level,2,hard,0.6314138285484274,17,5,consensus_ce_stability,6,0.8296782328474781,False,False,0.5114082988272802
difficulty_level,2,hard,0.6314138285484274,17,5,consensus_ce_stability,7,0.9129470553453409,False,False,0.6120417918570892
difficulty_level,2,hard,0.6314138285484274,17,5,consensus_gini_stability,3,1.0,True,False,0.8039893958375012
difficulty_level,2,hard,0.6314138285484274,17,5,consensus_gini_stability,4,0.814985716834352,False,False,0.56386880644789
difficulty_level,2,hard,0.6314138285484274,17,5,consensus_gini_stability,5,0.8160389769309104,False,True,0.6911551467337316
difficulty_level,2,hard,0.6314138285484274,17,5,consensus_gini_stability,6,0.8455342984051335,False,False,0.5114082988272802
difficulty_level,2,hard,0.6314138285484274,17,5,consensus_gini_stability,7,0.9218534268505606,False,False,0.6120417918570892
difficulty_level,2,hard,0.6314138285484274,17,5,consensus_pac_stability,3,1.0,True,False,0.8039893958375012
difficulty_level,2,hard,0.6314138285484274,17,5,consensus_pac_stability,4,0.7566163081540771,False,False,0.56386880644789
difficulty_level,2,hard,0.6314138285484274,17,5,consensus_pac_stability,5,0.7279509754877438,False,True,0.6911551467337316
difficulty_level,2,hard,0.6314138285484274,17,5,consensus_pac_stability,6,0.7732831415707854,False,False,0.5114082988272802
difficulty_level,2,hard,0.6314138285484274,17,5,consensus_pac_stability,7,0.8910015007503752,False,False,0.6120417918570892
difficulty_level,2,hard,0.6314138285484274,17,5,silhouette,3,0.23870850317675354,False,False,0.8039893958375012
difficulty_level,2,hard,0.6314138285484274,17,5,silhouette,4,0.18627115428889238,False,False,0.520370520848115
difficulty_level,2,hard,0.6314138285484274,17,5,silhouette,5,0.2155588154097081,False,True,0.6314138285484274
difficulty_level,2,hard,0.6314138285484274,17,5,silhouette,6,0.24039322036596428,False,False,0.7117591521834377
difficulty_level,2,hard,0.6314138285484274,17,5,silhouette,7,0.24875118735338891,True,False,0.59070405561989
difficulty_level,2,hard,0.6314138285484274,17,5,gap,3,0.15174342620657377,False,False,0.8039893958375012
difficulty_level,2,hard,0.6314138285484274,17,5,gap,4,0.23608253489207698,False,False,0.520370520848115
difficulty_level,2,hard,0.6314138285484274,17,5,gap,5,0.3180967821119385,False,True,0.6314138285484274
difficulty_level,2,hard,0.6314138285484274,17,5,gap,6,0.39552697018328864,False,False,0.7117591521834377
difficulty_level,2,hard,0.6314138285484274,17,5,gap,7,0.4673075959446038,True,False,0.59070405561989
difficulty_level,2,hard,0.6314138285484274,17,5,davies_bouldin,3,0.3214680258538511,False,False,0.8039893958375012
difficulty_level,2,hard,0.6314138285484274,17,5,davies_bouldin,4,0.3428093452825928,False,False,0.520370520848115
difficulty_level,2,hard,0.6314138285484274,17,5,davies_bouldin,5,0.3435940190966459,False,True,0.6314138285484274
difficulty_level,2,hard,0.6314138285484274,17,5,davies_bouldin,6,0.34972629483301987,False,False,0.7117591521834377
difficulty_level,2,hard,0.6314138285484274,17,5,davies_bouldin,7,0.36475851957470495,True,False,0.59070405561989
difficulty_level,2,hard,0.6314138285484274,17,5,calinski_harabasz,3,370.2447569414051,True,False,0.8039893958375012
difficulty_level,2,hard,0.6314138285484274,17,5,calinski_harabasz,4,331.65557289756094,False,False,0.520370520848115
difficulty_level,2,hard,0.6314138285484274,17,5,calinski_harabasz,5,316.01112161819344,False,True,0.6314138285484274
difficulty_level,2,hard,0.6314138285484274,17,5,calinski_harabasz,6,308.03276908555057,False,False,0.7117591521834377
difficulty_level,2,hard,0.6314138285484274,17,5,calinski_harabasz,7,302.8423903756812,False,False,0.59070405561989
difficulty_level,2,hard,0.6994598817097852,18,5,accuracy_generalizability,3,0.9331023643890421,False,False,0.7069065309958803
difficulty_level,2,hard,0.6994598817097852,18,5,accuracy_generalizability,4,0.7815468561852292,False,False,0.5833524228985748
difficulty_level,2,hard,0.6994598817097852,18,5,accuracy_generalizability,5,0.9345408109875846,True,True,0.712163440208925
difficulty_level,2,hard,0.6994598817097852,18,5,accuracy_generalizability,6,0.8299745818254028,False,False,0.5833914992659666
difficulty_level,2,hard,0.6994598817097852,18,5,accuracy_generalizability,7,0.81975593453548,False,False,0.5206387352923383
difficulty_level,2,hard,0.6994598817097852,18,5,ari_average,3,0.8584411640757793,False,False,0.7069065309958803
difficulty_level,2,hard,0.6994598817097852,18,5,ari_average,4,0.7545497142180169,False,False,0.5833524228985748
difficulty_level,2,hard,0.6994598817097852,18,5,ari_average,5,0.8950525039674608,True,True,0.712163440208925
difficulty_level,2,hard,0.6994598817097852,18,5,ari_average,6,0.7851897654989944,False,False,0.5833914992659666
difficulty_level,2,hard,0.6994598817097852,18,5,ari_average,7,0.7681131015314243,False,False,0.5206387352923383
difficulty_level,2,hard,0.6994598817097852,18,5,ari_average_1se,3,0.8584411640757793,False,False,0.7069065309958803
difficulty_level,2,hard,0.6994598817097852,18,5,ari_average_1se,4,0.7545497142180169,False,False,0.5833524228985748
difficulty_level,2,hard,0.6994598817097852,18,5,ari_average_1se,5,0.8950525039674608,True,True,0.712163440208925
difficulty_level,2,hard,0.6994598817097852,18,5,ari_average_1se,6,0.7851897654989944,False,False,0.5833914992659666
difficulty_level,2,hard,0.6994598817097852,18,5,ari_average_1se,7,0.7681131015314243,False,False,0.5206387352923383
difficulty_level,2,hard,0.6994598817097852,18,5,ari_average_quant,3,0.8584411640757793,False,False,0.7069065309958803
difficulty_level,2,hard,0.6994598817097852,18,5,ari_average_quant,4,0.7545497142180169,False,False,0.5833524228985748
difficulty_level,2,hard,0.6994598817097852,18,5,ari_average_quant,5,0.8950525039674608,True,True,0.712163440208925
difficulty_level,2,hard,0.6994598817097852,18,5,ari_average_quant,6,0.7851897654989944,False,False,0.5833914992659666
difficulty_level,2,hard,0.6994598817097852,18,5,ari_average_quant,7,0.7681131015314243,False,False,0.5206387352923383
difficulty_level,2,hard,0.6994598817097852,18,5,ari_generalizability,3,0.8454240816654844,False,False,0.7069065309958803
difficulty_level,2,hard,0.6994598817097852,18,5,ari_generalizability,4,0.7129987031703037,False,False,0.5833524228985748
difficulty_level,2,hard,0.6994598817097852,18,5,ari_generalizability,5,0.8838530088269895,True,True,0.712163440208925
difficulty_level,2,hard,0.6994598817097852,18,5,ari_generalizability,6,0.7620558370687153,False,False,0.5833914992659666
difficulty_level,2,hard,0.6994598817097852,18,5,ari_generalizability,7,0.7433379118847165,False,False,0.5206387352923383
difficulty_level,2,hard,0.6994598817097852,18,5,ari_generalizability_1se,3,0.8454240816654844,False,False,0.7069065309958803
difficulty_level,2,hard,0.6994598817097852,18,5,ari_generalizability_1se,4,0.7129987031703037,False,False,0.5833524228985748
difficulty_level,2,hard,0.6994598817097852,18,5,ari_generalizability_1se,5,0.8838530088269895,True,True,0.712163440208925
difficulty_level,2,hard,0.6994598817097852,18,5,ari_generalizability_1se,6,0.7620558370687153,False,False,0.5833914992659666
difficulty_level,2,hard,0.6994598817097852,18,5,ari_generalizability_1se,7,0.7433379118847165,False,False,0.5206387352923383
difficulty_level,2,hard,0.6994598817097852,18,5,ari_generalizability_quant,3,0.8454240816654844,False,False,0.7069065309958803
difficulty_level,2,hard,0.6994598817097852,18,5,ari_generalizability_quant,4,0.7129987031703037,False,False,0.5833524228985748
difficulty_level,2,hard,0.6994598817097852,18,5,ari_generalizability_quant,5,0.8838530088269895,True,True,0.712163440208925
difficulty_level,2,hard,0.6994598817097852,18,5,ari_generalizability_quant,6,0.7620558370687153,False,False,0.5833914992659666
difficulty_level,2,hard,0.6994598817097852,18,5,ari_generalizability_quant,7,0.7433379118847165,False,False,0.5206387352923383
difficulty_level,2,hard,0.6994598817097852,18,5,ari_stability,3,0.8714582464860742,False,False,0.7069065309958803
difficulty_level,2,hard,0.6994598817097852,18,5,ari_stability,4,0.7961007252657301,False,False,0.5833524228985748
difficulty_level,2,hard,0.6994598817097852,18,5,ari_stability,5,0.9062519991079321,True,True,0.712163440208925
difficulty_level,2,hard,0.6994598817097852,18,5,ari_stability,6,0.8083236939292736,False,False,0.5833914992659666
difficulty_level,2,hard,0.6994598817097852,18,5,ari_stability,7,0.7928882911781321,False,False,0.5206387352923383
difficulty_level,2,hard,0.6994598817097852,18,5,ari_stability_1se,3,0.8714582464860742,False,False,0.7069065309958803
difficulty_level,2,hard,0.6994598817097852,18,5,ari_stability_1se,4,0.7961007252657301,False,False,0.5833524228985748
difficulty_level,2,hard,0.6994598817097852,18,5,ari_stability_1se,5,0.9062519991079321,True,True,0.712163440208925
difficulty_level,2,hard,0.6994598817097852,18,5,ari_stability_1se,6,0.8083236939292736,False,False,0.5833914992659666
difficulty_level,2,hard,0.6994598817097852,18,5,ari_stability_1se,7,0.7928882911781321,False,False,0.5206387352923383
difficulty_level,2,hard,0.6994598817097852,18,5,ari_stability_quant,3,0.8714582464860742,False,False,0.7069065309958803
difficulty_level,2,hard,0.6994598817097852,18,5,ari_stability_quant,4,0.7961007252657301,False,False,0.5833524228985748
difficulty_level,2,hard,0.6994598817097852,18,5,ari_stability_quant,5,0.9062519991079321,True,True,0.712163440208925
difficulty_level,2,hard,0.6994598817097852,18,5,ari_stability_quant,6,0.8083236939292736,False,False,0.5833914992659666
difficulty_level,2,hard,0.6994598817097852,18,5,ari_stability_quant,7,0.7928882911781321,False,False,0.5206387352923383
difficulty_level,2,hard,0.6994598817097852,18,5,consensus_ce_stability,3,0.838392884190761,False,False,0.7069065309958803
difficulty_level,2,hard,0.6994598817097852,18,5,consensus_ce_stability,4,0.7974957983115535,False,False,0.5833524228985748
difficulty_level,2,hard,0.6994598817097852,18,5,consensus_ce_stability,5,0.9228424609970992,True,True,0.712163440208925
difficulty_level,2,hard,0.6994598817097852,18,5,consensus_ce_stability,6,0.8641605403771622,False,False,0.5833914992659666
difficulty_level,2,hard,0.6994598817097852,18,5,consensus_ce_stability,7,0.8721078173402841,False,False,0.5206387352923383
difficulty_level,2,hard,0.6994598817097852,18,5,consensus_gini_stability,3,0.8642232813039208,False,False,0.7069065309958803
difficulty_level,2,hard,0.6994598817097852,18,5,consensus_gini_stability,4,0.8154301279928424,False,False,0.5833524228985748
difficulty_level,2,hard,0.6994598817097852,18,5,consensus_gini_stability,5,0.9334168509878608,True,True,0.712163440208925
difficulty_level,2,hard,0.6994598817097852,18,5,consensus_gini_stability,6,0.8798335580689022,False,False,0.5833914992659666
difficulty_level,2,hard,0.6994598817097852,18,5,consensus_gini_stability,7,0.888197829096871,False,False,0.5206387352923383
difficulty_level,2,hard,0.6994598817097852,18,5,consensus_pac_stability,3,0.7367483741870935,False,False,0.7069065309958803
difficulty_level,2,hard,0.6994598817097852,18,5,consensus_pac_stability,4,0.7517883941970985,False,False,0.5833524228985748
difficulty_level,2,hard,0.6994598817097852,18,5,consensus_pac_stability,5,0.9000695347673837,True,True,0.712163440208925
difficulty_level,2,hard,0.6994598817097852,18,5,consensus_pac_stability,6,0.8244147073536768,False,False,0.5833914992659666
difficulty_level,2,hard,0.6994598817097852,18,5,consensus_pac_stability,7,0.8278029014507253,False,False,0.5206387352923383
difficulty_level,2,hard,0.6994598817097852,18,5,silhouette,3,0.19449875508920972,False,False,0.5718970479114076
difficulty_level,2,hard,0.6994598817097852,18,5,silhouette,4,0.2251833080515584,False,False,0.7972894731933416
difficulty_level,2,hard,0.6994598817097852,18,5,silhouette,5,0.24321417236267412,True,True,0.6994598817097852
difficulty_level,2,hard,0.6994598817097852,18,5,silhouette,6,0.23068912522581053,False,False,0.5737278754564908
difficulty_level,2,hard,0.6994598817097852,18,5,silhouette,7,0.2382564642143552,False,False,0.5138306757233624
difficulty_level,2,hard,0.6994598817097852,18,5,gap,3,0.03459622799472406,False,False,0.5718970479114076
difficulty_level,2,hard,0.6994598817097852,18,5,gap,4,0.12073659220987842,False,False,0.7972894731933416
difficulty_level,2,hard,0.6994598817097852,18,5,gap,5,0.2165318413761721,False,True,0.6994598817097852
difficulty_level,2,hard,0.6994598817097852,18,5,gap,6,0.2803452482253217,False,False,0.5737278754564908
difficulty_level,2,hard,0.6994598817097852,18,5,gap,7,0.34481179539903906,True,False,0.5138306757233624
difficulty_level,2,hard,0.6994598817097852,18,5,davies_bouldin,3,0.32417542766950247,False,False,0.5718970479114076
difficulty_level,2,hard,0.6994598817097852,18,5,davies_bouldin,4,0.3076648612069322,False,False,0.7972894731933416
difficulty_level,2,hard,0.6994598817097852,18,5,davies_bouldin,5,0.3355652848102635,False,True,0.6994598817097852
difficulty_level,2,hard,0.6994598817097852,18,5,davies_bouldin,6,0.34910808558793394,False,False,0.5737278754564908
difficulty_level,2,hard,0.6994598817097852,18,5,davies_bouldin,7,0.36970481235671243,True,False,0.5138306757233624
difficulty_level,2,hard,0.6994598817097852,18,5,calinski_harabasz,3,330.02031040105703,True,False,0.5718970479114076
difficulty_level,2,hard,0.6994598817097852,18,5,calinski_harabasz,4,304.7082298135038,False,False,0.7972894731933416
difficulty_level,2,hard,0.6994598817097852,18,5,calinski_harabasz,5,305.1435946260574,False,True,0.6994598817097852
difficulty_level,2,hard,0.6994598817097852,18,5,calinski_harabasz,6,289.0922518670964,False,False,0.5737278754564908
difficulty_level,2,hard,0.6994598817097852,18,5,calinski_harabasz,7,281.1598908381756,False,False,0.5138306757233624
difficulty_level,2,hard,0.9673724530479813,19,5,accuracy_generalizability,3,0.8681970699642061,True,False,0.7697260917950296
difficulty_level,2,hard,0.9673724530479813,19,5,accuracy_generalizability,4,0.7927773128012996,False,False,0.9091036600971971
difficulty_level,2,hard,0.9673724530479813,19,5,accuracy_generalizability,5,0.832324773009406,False,True,1.0
difficulty_level,2,hard,0.9673724530479813,19,5,accuracy_generalizability,6,0.7794829021147016,False,False,0.8596951325948744
difficulty_level,2,hard,0.9673724530479813,19,5,accuracy_generalizability,7,0.8578953654283054,False,False,0.7030824758781663
difficulty_level,2,hard,0.9673724530479813,19,5,ari_average,3,0.7630987480713723,False,False,0.7697260917950296
difficulty_level,2,hard,0.9673724530479813,19,5,ari_average,4,0.7574113370588589,False,False,0.9091036600971971
difficulty_level,2,hard,0.9673724530479813,19,5,ari_average,5,0.8252543217512402,True,True,1.0
difficulty_level,2,hard,0.9673724530479813,19,5,ari_average,6,0.7286903889002826,False,False,0.8596951325948744
difficulty_level,2,hard,0.9673724530479813,19,5,ari_average,7,0.7748775970683971,False,False,0.7030824758781663
difficulty_level,2,hard,0.9673724530479813,19,5,ari_average_1se,3,0.7630987480713723,False,False,0.7697260917950296
difficulty_level,2,hard,0.9673724530479813,19,5,ari_average_1se,4,0.7574113370588589,False,False,0.9091036600971971
difficulty_level,2,hard,0.9673724530479813,19,5,ari_average_1se,5,0.8252543217512402,True,True,1.0
difficulty_level,2,hard,0.9673724530479813,19,5,ari_average_1se,6,0.7286903889002826,False,False,0.8596951325948744
difficulty_level,2,hard,0.9673724530479813,19,5,ari_average_1se,7,0.7748775970683971,False,False,0.7030824758781663
difficulty_level,2,hard,0.9673724530479813,19,5,ari_average_quant,3,0.7630987480713723,False,False,0.7697260917950296
difficulty_level,2,hard,0.9673724530479813,19,5,ari_average_quant,4,0.7574113370588589,False,False,0.9091036600971971
difficulty_level,2,hard,0.9673724530479813,19,5,ari_average_quant,5,0.8252543217512402,False,True,1.0
difficulty_level,2,hard,0.9673724530479813,19,5,ari_average_quant,6,0.7286903889002826,False,False,0.8596951325948744
difficulty_level,2,hard,0.9673724530479813,19,5,ari_average_quant,7,0.7748775970683971,True,False,0.7030824758781663
difficulty_level,2,hard,0.9673724530479813,19,5,ari_generalizability,3,0.7316452651310347,False,False,0.7697260917950296
difficulty_level,2,hard,0.9673724530479813,19,5,ari_generalizability,4,0.7122614266727604,False,False,0.9091036600971971
difficulty_level,2,hard,0.9673724530479813,19,5,ari_generalizability,5,0.775966687085933,True,True,1.0
difficulty_level,2,hard,0.9673724530479813,19,5,ari_generalizability,6,0.6952448544120291,False,False,0.8596951325948744
difficulty_level,2,hard,0.9673724530479813,19,5,ari_generalizability,7,0.7511669308570837,False,False,0.7030824758781663
difficulty_level,2,hard,0.9673724530479813,19,5,ari_generalizability_1se,3,0.7316452651310347,False,False,0.7697260917950296
difficulty_level,2,hard,0.9673724530479813,19,5,ari_generalizability_1se,4,0.7122614266727604,False,False,0.9091036600971971
difficulty_level,2,hard,0.9673724530479813,19,5,ari_generalizability_1se,5,0.775966687085933,True,True,1.0
difficulty_level,2,hard,0.9673724530479813,19,5,ari_generalizability_1se,6,0.6952448544120291,False,False,0.8596951325948744
difficulty_level,2,hard,0.9673724530479813,19,5,ari_generalizability_1se,7,0.7511669308570837,False,False,0.7030824758781663
difficulty_level,2,hard,0.9673724530479813,19,5,ari_generalizability_quant,3,0.7316452651310347,False,False,0.7697260917950296
difficulty_level,2,hard,0.9673724530479813,19,5,ari_generalizability_quant,4,0.7122614266727604,False,False,0.9091036600971971
difficulty_level,2,hard,0.9673724530479813,19,5,ari_generalizability_quant,5,0.775966687085933,False,True,1.0
difficulty_level,2,hard,0.9673724530479813,19,5,ari_generalizability_quant,6,0.6952448544120291,False,False,0.8596951325948744
difficulty_level,2,hard,0.9673724530479813,19,5,ari_generalizability_quant,7,0.7511669308570837,True,False,0.7030824758781663
difficulty_level,2,hard,0.9673724530479813,19,5,ari_stability,3,0.7945522310117105,False,False,0.7697260917950296
difficulty_level,2,hard,0.9673724530479813,19,5,ari_stability,4,0.8025612474449569,False,False,0.9091036600971971
difficulty_level,2,hard,0.9673724530479813,19,5,ari_stability,5,0.8745419564165476,True,True,1.0
difficulty_level,2,hard,0.9673724530479813,19,5,ari_stability,6,0.7621359233885364,False,False,0.8596951325948744
difficulty_level,2,hard,0.9673724530479813,19,5,ari_stability,7,0.79858826327971,False,False,0.7030824758781663
difficulty_level,2,hard,0.9673724530479813,19,5,ari_stability_1se,3,0.7945522310117105,False,False,0.7697260917950296
difficulty_level,2,hard,0.9673724530479813,19,5,ari_stability_1se,4,0.8025612474449569,False,False,0.9091036600971971
difficulty_level,2,hard,0.9673724530479813,19,5,ari_stability_1se,5,0.8745419564165476,True,True,1.0
difficulty_level,2,hard,0.9673724530479813,19,5,ari_stability_1se,6,0.7621359233885364,False,False,0.8596951325948744
difficulty_level,2,hard,0.9673724530479813,19,5,ari_stability_1se,7,0.79858826327971,False,False,0.7030824758781663
difficulty_level,2,hard,0.9673724530479813,19,5,ari_stability_quant,3,0.7945522310117105,False,False,0.7697260917950296
difficulty_level,2,hard,0.9673724530479813,19,5,ari_stability_quant,4,0.8025612474449569,False,False,0.9091036600971971
difficulty_level,2,hard,0.9673724530479813,19,5,ari_stability_quant,5,0.8745419564165476,False,True,1.0
difficulty_level,2,hard,0.9673724530479813,19,5,ari_stability_quant,6,0.7621359233885364,False,False,0.8596951325948744
difficulty_level,2,hard,0.9673724530479813,19,5,ari_stability_quant,7,0.79858826327971,True,False,0.7030824758781663
difficulty_level,2,hard,0.9673724530479813,19,5,consensus_ce_stability,3,0.8060278976200347,False,False,0.7697260917950296
difficulty_level,2,hard,0.9673724530479813,19,5,consensus_ce_stability,4,0.8103010098859386,False,False,0.9091036600971971
difficulty_level,2,hard,0.9673724530479813,19,5,consensus_ce_stability,5,0.8957439600792,True,True,1.0
difficulty_level,2,hard,0.9673724530479813,19,5,consensus_ce_stability,6,0.8390365324102735,False,False,0.8596951325948744
difficulty_level,2,hard,0.9673724530479813,19,5,consensus_ce_stability,7,0.881601685584376,False,False,0.7030824758781663
difficulty_level,2,hard,0.9673724530479813,19,5,consensus_gini_stability,3,0.8186220202715565,False,False,0.7697260917950296
difficulty_level,2,hard,0.9673724530479813,19,5,consensus_gini_stability,4,0.8253567833130602,False,False,0.9091036600971971
difficulty_level,2,hard,0.9673724530479813,19,5,consensus_gini_stability,5,0.9128113368376177,True,True,1.0
difficulty_level,2,hard,0.9673724530479813,19,5,consensus_gini_stability,6,0.8519988835309203,False,False,0.8596951325948744
difficulty_level,2,hard,0.9673724530479813,19,5,consensus_gini_stability,7,0.8926984087273875,False,False,0.7030824758781663
difficulty_level,2,hard,0.9673724530479813,19,5,consensus_pac_stability,3,0.7779664832416209,False,False,0.7697260917950296
difficulty_level,2,hard,0.9673724530479813,19,5,consensus_pac_stability,4,0.767440220110055,False,False,0.9091036600971971
difficulty_level,2,hard,0.9673724530479813,19,5,consensus_pac_stability,5,0.8544247123561781,False,True,1.0
difficulty_level,2,hard,0.9673724530479813,19,5,consensus_pac_stability,6,0.8063001500750375,False,False,0.8596951325948744
difficulty_level,2,hard,0.9673724530479813,19,5,consensus_pac_stability,7,0.8548219109554778,True,False,0.7030824758781663
difficulty_level,2,hard,0.9673724530479813,19,5,silhouette,3,0.18310827413424113,False,False,0.7405542647755371
difficulty_level,2,hard,0.9673724530479813,19,5,silhouette,4,0.20206496719520844,False,False,0.8710362184119922
difficulty_level,2,hard,0.9673724530479813,19,5,silhouette,5,0.2306844102248039,False,True,0.9673724530479813
difficulty_level,2,hard,0.9673724530479813,19,5,silhouette,6,0.2185870364620416,False,False,0.8261544108615905
difficulty_level,2,hard,0.9673724530479813,19,5,silhouette,7,0.24156640800067147,True,False,0.7124255560599989
difficulty_level,2,hard,0.9673724530479813,19,5,gap,3,-0.004625366935389508,False,False,0.7405542647755371
difficulty_level,2,hard,0.9673724530479813,19,5,gap,4,0.07082011101000951,False,False,0.8710362184119922
difficulty_level,2,hard,0.9673724530479813,19,5,gap,5,0.14400464400361734,False,True,0.9673724530479813
difficulty_level,2,hard,0.9673724530479813,19,5,gap,6,0.2163041632183198,False,False,0.8261544108615905
difficulty_level,2,hard,0.9673724530479813,19,5,gap,7,0.2894304056348389,True,False,0.7124255560599989
difficulty_level,2,hard,0.9673724530479813,19,5,davies_bouldin,3,0.2916565327958712,False,False,0.7405542647755371
difficulty_level,2,hard,0.9673724530479813,19,5,davies_bouldin,4,0.3148412585606645,False,False,0.8710362184119922
difficulty_level,2,hard,0.9673724530479813,19,5,davies_bouldin,5,0.3143299721237087,False,True,0.9673724530479813
difficulty_level,2,hard,0.9673724530479813,19,5,davies_bouldin,6,0.3301689767580426,False,False,0.8261544108615905
difficulty_level,2,hard,0.9673724530479813,19,5,davies_bouldin,7,0.34232035268028194,True,False,0.7124255560599989
difficulty_level,2,hard,0.9673724530479813,19,5,calinski_harabasz,3,285.4852170062145,True,False,0.7405542647755371
difficulty_level,2,hard,0.9673724530479813,19,5,calinski_harabasz,4,261.3975444952542,False,False,0.8710362184119922
difficulty_level,2,hard,0.9673724530479813,19,5,calinski_harabasz,5,251.76066283978992,False,True,0.9673724530479813
difficulty_level,2,hard,0.9673724530479813,19,5,calinski_harabasz,6,248.80461992647847,False,False,0.8261544108615905
difficulty_level,2,hard,0.9673724530479813,19,5,calinski_harabasz,7,250.26208974354103,False,False,0.7124255560599989
