axis_name,axis_value,difficulty,baseline_ari,dataset_iteration,true_k,metric_name,k,metric_value,is_optimal,is_correct,metric_ari
difficulty_level,0,easy,0.8138048019506724,0,5,accuracy_generalizability,3,0.9072270328771161,False,False,0.7071684152363682
difficulty_level,0,easy,0.8138048019506724,0,5,accuracy_generalizability,4,0.9479710278575347,True,False,0.8663412208015547
difficulty_level,0,easy,0.8138048019506724,0,5,accuracy_generalizability,5,0.9321813313396746,False,True,1.0
difficulty_level,0,easy,0.8138048019506724,0,5,accuracy_generalizability,6,0.9166869214838663,False,False,0.8712766790583868
difficulty_level,0,easy,0.8138048019506724,0,5,accuracy_generalizability,7,0.8560621762475615,False,False,0.7755982344140794
difficulty_level,0,easy,0.8138048019506724,0,5,ari_average,3,0.8659637238983332,False,False,0.7071684152363682
difficulty_level,0,easy,0.8138048019506724,0,5,ari_average,4,0.9106434957623308,False,False,0.8663412208015547
difficulty_level,0,easy,0.8138048019506724,0,5,ari_average,5,0.9710236031848978,True,True,1.0
difficulty_level,0,easy,0.8138048019506724,0,5,ari_average,6,0.9248081383780966,False,False,0.8712766790583868
difficulty_level,0,easy,0.8138048019506724,0,5,ari_average,7,0.8468397326039779,False,False,0.7755982344140794
difficulty_level,0,easy,0.8138048019506724,0,5,ari_average_1se,3,0.8659637238983332,False,False,0.7071684152363682
difficulty_level,0,easy,0.8138048019506724,0,5,ari_average_1se,4,0.9106434957623308,False,False,0.8663412208015547
difficulty_level,0,easy,0.8138048019506724,0,5,ari_average_1se,5,0.9710236031848978,True,True,1.0
difficulty_level,0,easy,0.8138048019506724,0,5,ari_average_1se,6,0.9248081383780966,False,False,0.8712766790583868
difficulty_level,0,easy,0.8138048019506724,0,5,ari_average_1se,7,0.8468397326039779,False,False,0.7755982344140794
difficulty_level,0,easy,0.8138048019506724,0,5,ari_average_quant,3,0.8659637238983332,False,False,0.7071684152363682
difficulty_level,0,easy,0.8138048019506724,0,5,ari_average_quant,4,0.9106434957623308,False,False,0.8663412208015547
difficulty_level,0,easy,0.8138048019506724,0,5,ari_average_quant,5,0.9710236031848978,False,True,1.0
difficulty_level,0,easy,0.8138048019506724,0,5,ari_average_quant,6,0.9248081383780966,True,False,0.8712766790583868
difficulty_level,0,easy,0.8138048019506724,0,5,ari_average_quant,7,0.8468397326039779,False,False,0.7755982344140794
difficulty_level,0,easy,0.8138048019506724,0,5,ari_generalizability,3,0.8073494244566979,False,False,0.7071684152363682
difficulty_level,0,easy,0.8138048019506724,0,5,ari_generalizability,4,0.9089413428838213,False,False,0.8663412208015547
difficulty_level,0,easy,0.8138048019506724,0,5,ari_generalizability,5,0.9420472063697951,True,True,1.0
difficulty_level,0,easy,0.8138048019506724,0,5,ari_generalizability,6,0.9022205848226125,False,False,0.8712766790583868
difficulty_level,0,easy,0.8138048019506724,0,5,ari_generalizability,7,0.8210838786934265,False,False,0.7755982344140794
difficulty_level,0,easy,0.8138048019506724,0,5,ari_generalizability_1se,3,0.8073494244566979,False,False,0.7071684152363682
difficulty_level,0,easy,0.8138048019506724,0,5,ari_generalizability_1se,4,0.9089413428838213,False,False,0.8663412208015547
difficulty_level,0,easy,0.8138048019506724,0,5,ari_generalizability_1se,5,0.9420472063697951,True,True,1.0
difficulty_level,0,easy,0.8138048019506724,0,5,ari_generalizability_1se,6,0.9022205848226125,False,False,0.8712766790583868
difficulty_level,0,easy,0.8138048019506724,0,5,ari_generalizability_1se,7,0.8210838786934265,False,False,0.7755982344140794
difficulty_level,0,easy,0.8138048019506724,0,5,ari_generalizability_quant,3,0.8073494244566979,False,False,0.7071684152363682
difficulty_level,0,easy,0.8138048019506724,0,5,ari_generalizability_quant,4,0.9089413428838213,False,False,0.8663412208015547
difficulty_level,0,easy,0.8138048019506724,0,5,ari_generalizability_quant,5,0.9420472063697951,False,True,1.0
difficulty_level,0,easy,0.8138048019506724,0,5,ari_generalizability_quant,6,0.9022205848226125,False,False,0.8712766790583868
difficulty_level,0,easy,0.8138048019506724,0,5,ari_generalizability_quant,7,0.8210838786934265,True,False,0.7755982344140794
difficulty_level,0,easy,0.8138048019506724,0,5,ari_stability,3,0.9245780233399684,False,False,0.7071684152363682
difficulty_level,0,easy,0.8138048019506724,0,5,ari_stability,4,0.9123456486408411,False,False,0.8663412208015547
difficulty_level,0,easy,0.8138048019506724,0,5,ari_stability,5,1.0,True,True,1.0
difficulty_level,0,easy,0.8138048019506724,0,5,ari_stability,6,0.9473956919335808,False,False,0.8712766790583868
difficulty_level,0,easy,0.8138048019506724,0,5,ari_stability,7,0.8725955865145294,False,False,0.7755982344140794
difficulty_level,0,easy,0.8138048019506724,0,5,ari_stability_1se,3,0.9245780233399684,False,False,0.7071684152363682
difficulty_level,0,easy,0.8138048019506724,0,5,ari_stability_1se,4,0.9123456486408411,False,False,0.8663412208015547
difficulty_level,0,easy,0.8138048019506724,0,5,ari_stability_1se,5,1.0,True,True,1.0
difficulty_level,0,easy,0.8138048019506724,0,5,ari_stability_1se,6,0.9473956919335808,False,False,0.8712766790583868
difficulty_level,0,easy,0.8138048019506724,0,5,ari_stability_1se,7,0.8725955865145294,False,False,0.7755982344140794
difficulty_level,0,easy,0.8138048019506724,0,5,ari_stability_quant,3,0.9245780233399684,False,False,0.7071684152363682
difficulty_level,0,easy,0.8138048019506724,0,5,ari_stability_quant,4,0.9123456486408411,False,False,0.8663412208015547
difficulty_level,0,easy,0.8138048019506724,0,5,ari_stability_quant,5,1.0,True,True,1.0
difficulty_level,0,easy,0.8138048019506724,0,5,ari_stability_quant,6,0.9473956919335808,False,False,0.8712766790583868
difficulty_level,0,easy,0.8138048019506724,0,5,ari_stability_quant,7,0.8725955865145294,False,False,0.7755982344140794
difficulty_level,0,easy,0.8138048019506724,0,5,consensus_ce_stability,3,0.8908324659582606,False,False,0.7071684152363682
difficulty_level,0,easy,0.8138048019506724,0,5,consensus_ce_stability,4,0.9278785818043458,False,False,0.8663412208015547
difficulty_level,0,easy,0.8138048019506724,0,5,consensus_ce_stability,5,0.9999999999586944,True,True,1.0
difficulty_level,0,easy,0.8138048019506724,0,5,consensus_ce_stability,6,0.9626764798964524,False,False,0.8712766790583868
difficulty_level,0,easy,0.8138048019506724,0,5,consensus_ce_stability,7,0.9252226879737175,False,False,0.7755982344140794
difficulty_level,0,easy,0.8138048019506724,0,5,consensus_gini_stability,3,0.918144100143134,False,False,0.7071684152363682
difficulty_level,0,easy,0.8138048019506724,0,5,consensus_gini_stability,4,0.9282019645743291,False,False,0.8663412208015547
difficulty_level,0,easy,0.8138048019506724,0,5,consensus_gini_stability,5,1.0,True,True,1.0
difficulty_level,0,easy,0.8138048019506724,0,5,consensus_gini_stability,6,0.9700565668335085,False,False,0.8712766790583868
difficulty_level,0,easy,0.8138048019506724,0,5,consensus_gini_stability,7,0.9349625695130119,False,False,0.7755982344140794
difficulty_level,0,easy,0.8138048019506724,0,5,consensus_pac_stability,3,0.8043308872581721,False,False,0.7071684152363682
difficulty_level,0,easy,0.8138048019506724,0,5,consensus_pac_stability,4,0.9270126751167445,False,False,0.8663412208015547
difficulty_level,0,easy,0.8138048019506724,0,5,consensus_pac_stability,5,1.0,True,True,1.0
difficulty_level,0,easy,0.8138048019506724,0,5,consensus_pac_stability,6,0.9459123860351345,False,False,0.8712766790583868
difficulty_level,0,easy,0.8138048019506724,0,5,consensus_pac_stability,7,0.9013644651990216,False,False,0.7755982344140794
difficulty_level,0,easy,0.8138048019506724,0,5,silhouette,3,0.12355982020548512,False,False,0.7071684152363682
difficulty_level,0,easy,0.8138048019506724,0,5,silhouette,4,0.15460508438495946,False,False,0.941740070508554
difficulty_level,0,easy,0.8138048019506724,0,5,silhouette,5,0.19776711972890457,False,True,0.8138048019506724
difficulty_level,0,easy,0.8138048019506724,0,5,silhouette,6,0.21210210764695156,False,False,0.9132180594357255
difficulty_level,0,easy,0.8138048019506724,0,5,silhouette,7,0.2673295048244598,True,False,0.7722819437601799
difficulty_level,0,easy,0.8138048019506724,0,5,gap,3,0.6910562526099842,False,False,0.7071684152363682
difficulty_level,0,easy,0.8138048019506724,0,5,gap,4,0.7293651089109421,False,False,0.941740070508554
difficulty_level,0,easy,0.8138048019506724,0,5,gap,5,0.8579474092009729,False,True,0.8138048019506724
difficulty_level,0,easy,0.8138048019506724,0,5,gap,6,0.8634056367895173,False,False,0.9132180594357255
difficulty_level,0,easy,0.8138048019506724,0,5,gap,7,1.0172274863485775,True,False,0.7722819437601799
difficulty_level,0,easy,0.8138048019506724,0,5,davies_bouldin,3,0.24209968827276412,False,False,0.7071684152363682
difficulty_level,0,easy,0.8138048019506724,0,5,davies_bouldin,4,0.24945445922815532,False,False,0.941740070508554
difficulty_level,0,easy,0.8138048019506724,0,5,davies_bouldin,5,0.28241850039863564,False,True,0.8138048019506724
difficulty_level,0,easy,0.8138048019506724,0,5,davies_bouldin,6,0.3009664350901979,False,False,0.9132180594357255
difficulty_level,0,easy,0.8138048019506724,0,5,davies_bouldin,7,0.32158940772970096,True,False,0.7722819437601799
difficulty_level,0,easy,0.8138048019506724,0,5,calinski_harabasz,3,97.18447335568464,False,False,0.7071684152363682
difficulty_level,0,easy,0.8138048019506724,0,5,calinski_harabasz,4,91.8177157671128,False,False,0.941740070508554
difficulty_level,0,easy,0.8138048019506724,0,5,calinski_harabasz,5,133.0515396938098,False,True,0.8138048019506724
difficulty_level,0,easy,0.8138048019506724,0,5,calinski_harabasz,6,111.39146550175941,False,False,0.9132180594357255
difficulty_level,0,easy,0.8138048019506724,0,5,calinski_harabasz,7,151.6039151350734,True,False,0.7722819437601799
difficulty_level,0,easy,1.0,1,5,accuracy_generalizability,3,0.6200580863379098,False,False,0.6282788206916131
difficulty_level,0,easy,1.0,1,5,accuracy_generalizability,4,0.7801422481909766,False,False,0.7949212000698137
difficulty_level,0,easy,1.0,1,5,accuracy_generalizability,5,1.0,True,True,1.0
difficulty_level,0,easy,1.0,1,5,accuracy_generalizability,6,0.8908420560994394,False,False,0.8749688591328233
difficulty_level,0,easy,1.0,1,5,accuracy_generalizability,7,0.8982195766879301,False,False,0.7762687040691459
difficulty_level,0,easy,1.0,1,5,ari_average,3,0.3563405760104566,False,False,0.6282788206916131
difficulty_level,0,easy,1.0,1,5,ari_average,4,0.6993012056119045,False,False,0.7949212000698137
difficulty_level,0,easy,1.0,1,5,ari_average,5,1.0,True,True,1.0
difficulty_level,0,easy,1.0,1,5,ari_average,6,0.8919070751510709,False,False,0.8749688591328233
difficulty_level,0,easy,1.0,1,5,ari_average,7,0.8996594027131803,False,False,0.7762687040691459
difficulty_level,0,easy,1.0,1,5,ari_average_1se,3,0.3563405760104566,False,False,0.6282788206916131
difficulty_level,0,easy,1.0,1,5,ari_average_1se,4,0.6993012056119045,False,False,0.7949212000698137
difficulty_level,0,easy,1.0,1,5,ari_average_1se,5,1.0,True,True,1.0
difficulty_level,0,easy,1.0,1,5,ari_average_1se,6,0.8919070751510709,False,False,0.8749688591328233
difficulty_level,0,easy,1.0,1,5,ari_average_1se,7,0.8996594027131803,False,False,0.7762687040691459
difficulty_level,0,easy,1.0,1,5,ari_average_quant,3,0.3563405760104566,False,False,0.6282788206916131
difficulty_level,0,easy,1.0,1,5,ari_average_quant,4,0.6993012056119045,False,False,0.7949212000698137
difficulty_level,0,easy,1.0,1,5,ari_average_quant,5,1.0,True,True,1.0
difficulty_level,0,easy,1.0,1,5,ari_average_quant,6,0.8919070751510709,False,False,0.8749688591328233
difficulty_level,0,easy,1.0,1,5,ari_average_quant,7,0.8996594027131803,False,False,0.7762687040691459
difficulty_level,0,easy,1.0,1,5,ari_generalizability,3,0.2929856089313715,False,False,0.6282788206916131
difficulty_level,0,easy,1.0,1,5,ari_generalizability,4,0.6829393238431775,False,False,0.7949212000698137
difficulty_level,0,easy,1.0,1,5,ari_generalizability,5,1.0,True,True,1.0
difficulty_level,0,easy,1.0,1,5,ari_generalizability,6,0.8808351275526458,False,False,0.8749688591328233
difficulty_level,0,easy,1.0,1,5,ari_generalizability,7,0.8778869942500375,False,False,0.7762687040691459
difficulty_level,0,easy,1.0,1,5,ari_generalizability_1se,3,0.2929856089313715,False,False,0.6282788206916131
difficulty_level,0,easy,1.0,1,5,ari_generalizability_1se,4,0.6829393238431775,False,False,0.7949212000698137
difficulty_level,0,easy,1.0,1,5,ari_generalizability_1se,5,1.0,True,True,1.0
difficulty_level,0,easy,1.0,1,5,ari_generalizability_1se,6,0.8808351275526458,False,False,0.8749688591328233
difficulty_level,0,easy,1.0,1,5,ari_generalizability_1se,7,0.8778869942500375,False,False,0.7762687040691459
difficulty_level,0,easy,1.0,1,5,ari_generalizability_quant,3,0.2929856089313715,False,False,0.6282788206916131
difficulty_level,0,easy,1.0,1,5,ari_generalizability_quant,4,0.6829393238431775,False,False,0.7949212000698137
difficulty_level,0,easy,1.0,1,5,ari_generalizability_quant,5,1.0,True,True,1.0
difficulty_level,0,easy,1.0,1,5,ari_generalizability_quant,6,0.8808351275526458,False,False,0.8749688591328233
difficulty_level,0,easy,1.0,1,5,ari_generalizability_quant,7,0.8778869942500375,False,False,0.7762687040691459
difficulty_level,0,easy,1.0,1,5,ari_stability,3,0.4196955430895418,False,False,0.6282788206916131
difficulty_level,0,easy,1.0,1,5,ari_stability,4,0.7156630873806314,False,False,0.7949212000698137
difficulty_level,0,easy,1.0,1,5,ari_stability,5,1.0,True,True,1.0
difficulty_level,0,easy,1.0,1,5,ari_stability,6,0.9029790227494965,False,False,0.8749688591328233
difficulty_level,0,easy,1.0,1,5,ari_stability,7,0.9214318111763233,False,False,0.7762687040691459
difficulty_level,0,easy,1.0,1,5,ari_stability_1se,3,0.4196955430895418,False,False,0.6282788206916131
difficulty_level,0,easy,1.0,1,5,ari_stability_1se,4,0.7156630873806314,False,False,0.7949212000698137
difficulty_level,0,easy,1.0,1,5,ari_stability_1se,5,1.0,True,True,1.0
difficulty_level,0,easy,1.0,1,5,ari_stability_1se,6,0.9029790227494965,False,False,0.8749688591328233
difficulty_level,0,easy,1.0,1,5,ari_stability_1se,7,0.9214318111763233,False,False,0.7762687040691459
difficulty_level,0,easy,1.0,1,5,ari_stability_quant,3,0.4196955430895418,False,False,0.6282788206916131
difficulty_level,0,easy,1.0,1,5,ari_stability_quant,4,0.7156630873806314,False,False,0.7949212000698137
difficulty_level,0,easy,1.0,1,5,ari_stability_quant,5,1.0,True,True,1.0
difficulty_level,0,easy,1.0,1,5,ari_stability_quant,6,0.9029790227494965,False,False,0.8749688591328233
difficulty_level,0,easy,1.0,1,5,ari_stability_quant,7,0.9214318111763233,False,False,0.7762687040691459
difficulty_level,0,easy,1.0,1,5,consensus_ce_stability,3,0.38012887172163967,False,False,0.6282788206916131
difficulty_level,0,easy,1.0,1,5,consensus_ce_stability,4,0.6966855637571583,False,False,0.7949212000698137
difficulty_level,0,easy,1.0,1,5,consensus_ce_stability,5,0.9999999999586944,True,True,1.0
difficulty_level,0,easy,1.0,1,5,consensus_ce_stability,6,0.9372284362201504,False,False,0.8749688591328233
difficulty_level,0,easy,1.0,1,5,consensus_ce_stability,7,0.9433481285792861,False,False,0.7762687040691459
difficulty_level,0,easy,1.0,1,5,consensus_gini_stability,3,0.4192411981155748,False,False,0.6282788206916131
difficulty_level,0,easy,1.0,1,5,consensus_gini_stability,4,0.7473766630929064,False,False,0.7949212000698137
difficulty_level,0,easy,1.0,1,5,consensus_gini_stability,5,1.0,True,True,1.0
difficulty_level,0,easy,1.0,1,5,consensus_gini_stability,6,0.9452089540610714,False,False,0.8749688591328233
difficulty_level,0,easy,1.0,1,5,consensus_gini_stability,7,0.9540340880540323,False,False,0.7762687040691459
difficulty_level,0,easy,1.0,1,5,consensus_pac_stability,3,0.2334382921947965,False,False,0.6282788206916131
difficulty_level,0,easy,1.0,1,5,consensus_pac_stability,4,0.5352830776072938,False,False,0.7949212000698137
difficulty_level,0,easy,1.0,1,5,consensus_pac_stability,5,1.0,True,True,1.0
difficulty_level,0,easy,1.0,1,5,consensus_pac_stability,6,0.9170042250389149,False,False,0.8749688591328233
difficulty_level,0,easy,1.0,1,5,consensus_pac_stability,7,0.9131412052479431,False,False,0.7762687040691459
difficulty_level,0,easy,1.0,1,5,silhouette,3,0.0726656151499281,False,False,0.39212397258593973
difficulty_level,0,easy,1.0,1,5,silhouette,4,0.11619768272664163,False,False,0.9073577001488405
difficulty_level,0,easy,1.0,1,5,silhouette,5,0.1448050688308756,False,True,1.0
difficulty_level,0,easy,1.0,1,5,silhouette,6,0.17771958113831177,False,False,0.8749688591328233
difficulty_level,0,easy,1.0,1,5,silhouette,7,0.2390368208380398,True,False,0.8493130476445018
difficulty_level,0,easy,1.0,1,5,gap,3,0.5947801563570412,False,False,0.39212397258593973
difficulty_level,0,easy,1.0,1,5,gap,4,0.6725363192099678,False,False,0.9073577001488405
difficulty_level,0,easy,1.0,1,5,gap,5,0.7113591771271288,False,True,1.0
difficulty_level,0,easy,1.0,1,5,gap,6,0.8314922257210551,False,False,0.8749688591328233
difficulty_level,0,easy,1.0,1,5,gap,7,0.9546200532689468,True,False,0.8493130476445018
difficulty_level,0,easy,1.0,1,5,davies_bouldin,3,0.23233840773349246,False,False,0.39212397258593973
difficulty_level,0,easy,1.0,1,5,davies_bouldin,4,0.24420618386252335,False,False,0.9073577001488405
difficulty_level,0,easy,1.0,1,5,davies_bouldin,5,0.27204776000059516,False,True,1.0
difficulty_level,0,easy,1.0,1,5,davies_bouldin,6,0.30642613027430554,False,False,0.8749688591328233
difficulty_level,0,easy,1.0,1,5,davies_bouldin,7,0.3337641368228689,True,False,0.8493130476445018
difficulty_level,0,easy,1.0,1,5,calinski_harabasz,3,61.223971438186915,False,False,0.39212397258593973
difficulty_level,0,easy,1.0,1,5,calinski_harabasz,4,89.00719982438903,False,False,0.9073577001488405
difficulty_level,0,easy,1.0,1,5,calinski_harabasz,5,87.21681627754995,False,True,1.0
difficulty_level,0,easy,1.0,1,5,calinski_harabasz,6,119.40125691232625,False,False,0.8749688591328233
difficulty_level,0,easy,1.0,1,5,calinski_harabasz,7,147.26696024396355,True,False,0.8493130476445018
difficulty_level,0,easy,1.0,2,5,accuracy_generalizability,3,0.9177956446791923,False,False,0.7238912198200034
difficulty_level,0,easy,1.0,2,5,accuracy_generalizability,4,0.9832648275388058,False,False,0.9217854581822944
difficulty_level,0,easy,1.0,2,5,accuracy_generalizability,5,0.9985957197943668,True,True,1.0
difficulty_level,0,easy,1.0,2,5,accuracy_generalizability,6,0.9314232621181889,False,False,0.7957461596154938
difficulty_level,0,easy,1.0,2,5,accuracy_generalizability,7,0.8804914517621213,False,False,0.7215944704302237
difficulty_level,0,easy,1.0,2,5,ari_average,3,0.8410507361292529,False,False,0.7238912198200034
difficulty_level,0,easy,1.0,2,5,ari_average,4,0.9774369602496705,False,False,0.9217854581822944
difficulty_level,0,easy,1.0,2,5,ari_average,5,0.999501071168296,True,True,1.0
difficulty_level,0,easy,1.0,2,5,ari_average,6,0.9128191926055248,False,False,0.7957461596154938
difficulty_level,0,easy,1.0,2,5,ari_average,7,0.8602547443668733,False,False,0.7215944704302237
difficulty_level,0,easy,1.0,2,5,ari_average_1se,3,0.8410507361292529,False,False,0.7238912198200034
difficulty_level,0,easy,1.0,2,5,ari_average_1se,4,0.9774369602496705,False,False,0.9217854581822944
difficulty_level,0,easy,1.0,2,5,ari_average_1se,5,0.999501071168296,True,True,1.0
difficulty_level,0,easy,1.0,2,5,ari_average_1se,6,0.9128191926055248,False,False,0.7957461596154938
difficulty_level,0,easy,1.0,2,5,ari_average_1se,7,0.8602547443668733,False,False,0.7215944704302237
difficulty_level,0,easy,1.0,2,5,ari_average_quant,3,0.8410507361292529,False,False,0.7238912198200034
difficulty_level,0,easy,1.0,2,5,ari_average_quant,4,0.9774369602496705,False,False,0.9217854581822944
difficulty_level,0,easy,1.0,2,5,ari_average_quant,5,0.999501071168296,True,True,1.0
difficulty_level,0,easy,1.0,2,5,ari_average_quant,6,0.9128191926055248,False,False,0.7957461596154938
difficulty_level,0,easy,1.0,2,5,ari_average_quant,7,0.8602547443668733,False,False,0.7215944704302237
difficulty_level,0,easy,1.0,2,5,ari_generalizability,3,0.8375339769566194,False,False,0.7238912198200034
difficulty_level,0,easy,1.0,2,5,ari_generalizability,4,0.9755038006050643,False,False,0.9217854581822944
difficulty_level,0,easy,1.0,2,5,ari_generalizability,5,0.9990021423365918,True,True,1.0
difficulty_level,0,easy,1.0,2,5,ari_generalizability,6,0.8896465538365524,False,False,0.7957461596154938
difficulty_level,0,easy,1.0,2,5,ari_generalizability,7,0.8369873812681717,False,False,0.7215944704302237
difficulty_level,0,easy,1.0,2,5,ari_generalizability_1se,3,0.8375339769566194,False,False,0.7238912198200034
difficulty_level,0,easy,1.0,2,5,ari_generalizability_1se,4,0.9755038006050643,False,False,0.9217854581822944
difficulty_level,0,easy,1.0,2,5,ari_generalizability_1se,5,0.9990021423365918,True,True,1.0
difficulty_level,0,easy,1.0,2,5,ari_generalizability_1se,6,0.8896465538365524,False,False,0.7957461596154938
difficulty_level,0,easy,1.0,2,5,ari_generalizability_1se,7,0.8369873812681717,False,False,0.7215944704302237
difficulty_level,0,easy,1.0,2,5,ari_generalizability_quant,3,0.8375339769566194,False,False,0.7238912198200034
difficulty_level,0,easy,1.0,2,5,ari_generalizability_quant,4,0.9755038006050643,False,False,0.9217854581822944
difficulty_level,0,easy,1.0,2,5,ari_generalizability_quant,5,0.9990021423365918,True,True,1.0
difficulty_level,0,easy,1.0,2,5,ari_generalizability_quant,6,0.8896465538365524,False,False,0.7957461596154938
difficulty_level,0,easy,1.0,2,5,ari_generalizability_quant,7,0.8369873812681717,False,False,0.7215944704302237
difficulty_level,0,easy,1.0,2,5,ari_stability,3,0.8445674953018861,False,False,0.7238912198200034
difficulty_level,0,easy,1.0,2,5,ari_stability,4,0.9793701198942767,False,False,0.9217854581822944
difficulty_level,0,easy,1.0,2,5,ari_stability,5,1.0,True,True,1.0
difficulty_level,0,easy,1.0,2,5,ari_stability,6,0.9359918313744972,False,False,0.7957461596154938
difficulty_level,0,easy,1.0,2,5,ari_stability,7,0.8835221074655748,False,False,0.7215944704302237
difficulty_level,0,easy,1.0,2,5,ari_stability_1se,3,0.8445674953018861,False,False,0.7238912198200034
difficulty_level,0,easy,1.0,2,5,ari_stability_1se,4,0.9793701198942767,False,False,0.9217854581822944
difficulty_level,0,easy,1.0,2,5,ari_stability_1se,5,1.0,True,True,1.0
difficulty_level,0,easy,1.0,2,5,ari_stability_1se,6,0.9359918313744972,False,False,0.7957461596154938
difficulty_level,0,easy,1.0,2,5,ari_stability_1se,7,0.8835221074655748,False,False,0.7215944704302237
difficulty_level,0,easy,1.0,2,5,ari_stability_quant,3,0.8445674953018861,False,False,0.7238912198200034
difficulty_level,0,easy,1.0,2,5,ari_stability_quant,4,0.9793701198942767,False,False,0.9217854581822944
difficulty_level,0,easy,1.0,2,5,ari_stability_quant,5,1.0,True,True,1.0
difficulty_level,0,easy,1.0,2,5,ari_stability_quant,6,0.9359918313744972,False,False,0.7957461596154938
difficulty_level,0,easy,1.0,2,5,ari_stability_quant,7,0.8835221074655748,False,False,0.7215944704302237
difficulty_level,0,easy,1.0,2,5,consensus_ce_stability,3,0.7985475901763727,False,False,0.7238912198200034
difficulty_level,0,easy,1.0,2,5,consensus_ce_stability,4,0.9737339836602452,False,False,0.9217854581822944
difficulty_level,0,easy,1.0,2,5,consensus_ce_stability,5,0.9999999999586944,True,True,1.0
difficulty_level,0,easy,1.0,2,5,consensus_ce_stability,6,0.9476659111492581,False,False,0.7957461596154938
difficulty_level,0,easy,1.0,2,5,consensus_ce_stability,7,0.9275740503962497,False,False,0.7215944704302237
difficulty_level,0,easy,1.0,2,5,consensus_gini_stability,3,0.8297830349705031,False,False,0.7238912198200034
difficulty_level,0,easy,1.0,2,5,consensus_gini_stability,4,0.9826358596712689,False,False,0.9217854581822944
difficulty_level,0,easy,1.0,2,5,consensus_gini_stability,5,1.0,True,True,1.0
difficulty_level,0,easy,1.0,2,5,consensus_gini_stability,6,0.9567359279402025,False,False,0.7957461596154938
difficulty_level,0,easy,1.0,2,5,consensus_gini_stability,7,0.9364365349072153,False,False,0.7215944704302237
difficulty_level,0,easy,1.0,2,5,consensus_pac_stability,3,0.7043024238381144,False,False,0.7238912198200034
difficulty_level,0,easy,1.0,2,5,consensus_pac_stability,4,0.9638541249722037,False,False,0.9217854581822944
difficulty_level,0,easy,1.0,2,5,consensus_pac_stability,5,1.0,True,True,1.0
difficulty_level,0,easy,1.0,2,5,consensus_pac_stability,6,0.9249846564376251,False,False,0.7957461596154938
difficulty_level,0,easy,1.0,2,5,consensus_pac_stability,7,0.9004998888147654,False,False,0.7215944704302237
difficulty_level,0,easy,1.0,2,5,silhouette,3,0.12970398683382758,False,False,0.7498795779662609
difficulty_level,0,easy,1.0,2,5,silhouette,4,0.16552370730917104,False,False,0.9217854581822944
difficulty_level,0,easy,1.0,2,5,silhouette,5,0.1911798588752375,False,True,1.0
difficulty_level,0,easy,1.0,2,5,silhouette,6,0.23820760150402479,False,False,0.8002334121076465
difficulty_level,0,easy,1.0,2,5,silhouette,7,0.2864950020067999,True,False,0.7263994532377096
difficulty_level,0,easy,1.0,2,5,gap,3,0.6382185674770522,False,False,0.7498795779662609
difficulty_level,0,easy,1.0,2,5,gap,4,0.6955712096363609,False,False,0.9217854581822944
difficulty_level,0,easy,1.0,2,5,gap,5,0.7394731994957393,False,True,1.0
difficulty_level,0,easy,1.0,2,5,gap,6,0.8739414389783189,False,False,0.8002334121076465
difficulty_level,0,easy,1.0,2,5,gap,7,1.0012353728897203,True,False,0.7263994532377096
difficulty_level,0,easy,1.0,2,5,davies_bouldin,3,0.21771229404696849,False,False,0.7498795779662609
difficulty_level,0,easy,1.0,2,5,davies_bouldin,4,0.24709964043879618,False,False,0.9217854581822944
difficulty_level,0,easy,1.0,2,5,davies_bouldin,5,0.2814761035472349,False,True,1.0
difficulty_level,0,easy,1.0,2,5,davies_bouldin,6,0.30024281759732585,False,False,0.8002334121076465
difficulty_level,0,easy,1.0,2,5,davies_bouldin,7,0.3256069174920871,True,False,0.7263994532377096
difficulty_level,0,easy,1.0,2,5,calinski_harabasz,3,94.33418093592952,False,False,0.7498795779662609
difficulty_level,0,easy,1.0,2,5,calinski_harabasz,4,101.02210821905227,False,False,0.9217854581822944
difficulty_level,0,easy,1.0,2,5,calinski_harabasz,5,99.61559183213107,False,True,1.0
difficulty_level,0,easy,1.0,2,5,calinski_harabasz,6,136.3387611879331,False,False,0.8002334121076465
difficulty_level,0,easy,1.0,2,5,calinski_harabasz,7,165.06153773649046,True,False,0.7263994532377096
difficulty_level,0,easy,1.0,3,5,accuracy_generalizability,3,0.9356935975749205,False,False,0.6404383542648546
difficulty_level,0,easy,1.0,3,5,accuracy_generalizability,4,0.9818687644977421,False,False,0.8827540500217183
difficulty_level,0,easy,1.0,3,5,accuracy_generalizability,5,1.0,True,True,1.0
difficulty_level,0,easy,1.0,3,5,accuracy_generalizability,6,0.8884325818823221,False,False,0.8914857527615196
difficulty_level,0,easy,1.0,3,5,accuracy_generalizability,7,0.9484202313205209,False,False,0.7724800469588217
difficulty_level,0,easy,1.0,3,5,ari_average,3,0.8445139168295336,False,False,0.6404383542648546
difficulty_level,0,easy,1.0,3,5,ari_average,4,0.9802156831744628,False,False,0.8827540500217183
difficulty_level,0,easy,1.0,3,5,ari_average,5,1.0,True,True,1.0
difficulty_level,0,easy,1.0,3,5,ari_average,6,0.8997537341847963,False,False,0.8914857527615196
difficulty_level,0,easy,1.0,3,5,ari_average,7,0.9456349997453581,False,False,0.7724800469588217
difficulty_level,0,easy,1.0,3,5,ari_average_1se,3,0.8445139168295336,False,False,0.6404383542648546
difficulty_level,0,easy,1.0,3,5,ari_average_1se,4,0.9802156831744628,False,False,0.8827540500217183
difficulty_level,0,easy,1.0,3,5,ari_average_1se,5,1.0,True,True,1.0
difficulty_level,0,easy,1.0,3,5,ari_average_1se,6,0.8997537341847963,False,False,0.8914857527615196
difficulty_level,0,easy,1.0,3,5,ari_average_1se,7,0.9456349997453581,False,False,0.7724800469588217
difficulty_level,0,easy,1.0,3,5,ari_average_quant,3,0.8445139168295336,False,False,0.6404383542648546
difficulty_level,0,easy,1.0,3,5,ari_average_quant,4,0.9802156831744628,False,False,0.8827540500217183
difficulty_level,0,easy,1.0,3,5,ari_average_quant,5,1.0,True,True,1.0
difficulty_level,0,easy,1.0,3,5,ari_average_quant,6,0.8997537341847963,False,False,0.8914857527615196
difficulty_level,0,easy,1.0,3,5,ari_average_quant,7,0.9456349997453581,False,False,0.7724800469588217
difficulty_level,0,easy,1.0,3,5,ari_generalizability,3,0.8769052100118341,False,False,0.6404383542648546
difficulty_level,0,easy,1.0,3,5,ari_generalizability,4,0.9686151791091656,False,False,0.8827540500217183
difficulty_level,0,easy,1.0,3,5,ari_generalizability,5,1.0,True,True,1.0
difficulty_level,0,easy,1.0,3,5,ari_generalizability,6,0.889454243414312,False,False,0.8914857527615196
difficulty_level,0,easy,1.0,3,5,ari_generalizability,7,0.9301675958321001,False,False,0.7724800469588217
difficulty_level,0,easy,1.0,3,5,ari_generalizability_1se,3,0.8769052100118341,False,False,0.6404383542648546
difficulty_level,0,easy,1.0,3,5,ari_generalizability_1se,4,0.9686151791091656,False,False,0.8827540500217183
difficulty_level,0,easy,1.0,3,5,ari_generalizability_1se,5,1.0,True,True,1.0
difficulty_level,0,easy,1.0,3,5,ari_generalizability_1se,6,0.889454243414312,False,False,0.8914857527615196
difficulty_level,0,easy,1.0,3,5,ari_generalizability_1se,7,0.9301675958321001,False,False,0.7724800469588217
difficulty_level,0,easy,1.0,3,5,ari_generalizability_quant,3,0.8769052100118341,False,False,0.6404383542648546
difficulty_level,0,easy,1.0,3,5,ari_generalizability_quant,4,0.9686151791091656,False,False,0.8827540500217183
difficulty_level,0,easy,1.0,3,5,ari_generalizability_quant,5,1.0,True,True,1.0
difficulty_level,0,easy,1.0,3,5,ari_generalizability_quant,6,0.889454243414312,False,False,0.8914857527615196
difficulty_level,0,easy,1.0,3,5,ari_generalizability_quant,7,0.9301675958321001,False,False,0.7724800469588217
difficulty_level,0,easy,1.0,3,5,ari_stability,3,0.8121226236472329,False,False,0.6404383542648546
difficulty_level,0,easy,1.0,3,5,ari_stability,4,0.9918161872397602,False,False,0.8827540500217183
difficulty_level,0,easy,1.0,3,5,ari_stability,5,1.0,True,True,1.0
difficulty_level,0,easy,1.0,3,5,ari_stability,6,0.910053224955281,False,False,0.8914857527615196
difficulty_level,0,easy,1.0,3,5,ari_stability,7,0.9611024036586163,False,False,0.7724800469588217
difficulty_level,0,easy,1.0,3,5,ari_stability_1se,3,0.8121226236472329,False,False,0.6404383542648546
difficulty_level,0,easy,1.0,3,5,ari_stability_1se,4,0.9918161872397602,False,False,0.8827540500217183
difficulty_level,0,easy,1.0,3,5,ari_stability_1se,5,1.0,True,True,1.0
difficulty_level,0,easy,1.0,3,5,ari_stability_1se,6,0.910053224955281,False,False,0.8914857527615196
difficulty_level,0,easy,1.0,3,5,ari_stability_1se,7,0.9611024036586163,False,False,0.7724800469588217
difficulty_level,0,easy,1.0,3,5,ari_stability_quant,3,0.8121226236472329,False,False,0.6404383542648546
difficulty_level,0,easy,1.0,3,5,ari_stability_quant,4,0.9918161872397602,False,False,0.8827540500217183
difficulty_level,0,easy,1.0,3,5,ari_stability_quant,5,1.0,True,True,1.0
difficulty_level,0,easy,1.0,3,5,ari_stability_quant,6,0.910053224955281,False,False,0.8914857527615196
difficulty_level,0,easy,1.0,3,5,ari_stability_quant,7,0.9611024036586163,False,False,0.7724800469588217
difficulty_level,0,easy,1.0,3,5,consensus_ce_stability,3,0.8240524897456486,False,False,0.6404383542648546
difficulty_level,0,easy,1.0,3,5,consensus_ce_stability,4,0.993037818581971,False,False,0.8827540500217183
difficulty_level,0,easy,1.0,3,5,consensus_ce_stability,5,0.9999999999586944,True,True,1.0
difficulty_level,0,easy,1.0,3,5,consensus_ce_stability,6,0.9429092808957356,False,False,0.8914857527615196
difficulty_level,0,easy,1.0,3,5,consensus_ce_stability,7,0.978139086960894,False,False,0.7724800469588217
difficulty_level,0,easy,1.0,3,5,consensus_gini_stability,3,0.8463678463770793,False,False,0.6404383542648546
difficulty_level,0,easy,1.0,3,5,consensus_gini_stability,4,0.9959308549768289,False,False,0.8827540500217183
difficulty_level,0,easy,1.0,3,5,consensus_gini_stability,5,1.0,True,True,1.0
difficulty_level,0,easy,1.0,3,5,consensus_gini_stability,6,0.9490332778465654,False,False,0.8914857527615196
difficulty_level,0,easy,1.0,3,5,consensus_gini_stability,7,0.9835201229070928,False,False,0.7724800469588217
difficulty_level,0,easy,1.0,3,5,consensus_pac_stability,3,0.740368245496998,False,False,0.6404383542648546
difficulty_level,0,easy,1.0,3,5,consensus_pac_stability,4,0.9999991105181232,False,False,0.8827540500217183
difficulty_level,0,easy,1.0,3,5,consensus_pac_stability,5,1.0,True,True,1.0
difficulty_level,0,easy,1.0,3,5,consensus_pac_stability,6,0.9252274849899933,False,False,0.8914857527615196
difficulty_level,0,easy,1.0,3,5,consensus_pac_stability,7,0.9706960195686013,False,False,0.7724800469588217
difficulty_level,0,easy,1.0,3,5,silhouette,3,0.11182494541400723,False,False,0.6610761094937941
difficulty_level,0,easy,1.0,3,5,silhouette,4,0.13389693940460887,False,False,0.8827540500217183
difficulty_level,0,easy,1.0,3,5,silhouette,5,0.16299583124487463,False,True,1.0
difficulty_level,0,easy,1.0,3,5,silhouette,6,0.1992665648589701,False,False,0.8913240648293079
difficulty_level,0,easy,1.0,3,5,silhouette,7,0.25584650659158814,True,False,0.7733851330067064
difficulty_level,0,easy,1.0,3,5,gap,3,0.639985951573367,False,False,0.6610761094937941
difficulty_level,0,easy,1.0,3,5,gap,4,0.6890111053647079,False,False,0.8827540500217183
difficulty_level,0,easy,1.0,3,5,gap,5,0.7255007607175727,False,True,1.0
difficulty_level,0,easy,1.0,3,5,gap,6,0.8285944827689207,False,False,0.8913240648293079
difficulty_level,0,easy,1.0,3,5,gap,7,0.9546850700258904,True,False,0.7733851330067064
difficulty_level,0,easy,1.0,3,5,davies_bouldin,3,0.2108682215188541,False,False,0.6610761094937941
difficulty_level,0,easy,1.0,3,5,davies_bouldin,4,0.2386396965541917,False,False,0.8827540500217183
difficulty_level,0,easy,1.0,3,5,davies_bouldin,5,0.265511083681282,False,True,1.0
difficulty_level,0,easy,1.0,3,5,davies_bouldin,6,0.28924009258362554,False,False,0.8913240648293079
difficulty_level,0,easy,1.0,3,5,davies_bouldin,7,0.3141972598536581,True,False,0.7733851330067064
difficulty_level,0,easy,1.0,3,5,calinski_harabasz,3,81.78237707991013,False,False,0.6610761094937941
difficulty_level,0,easy,1.0,3,5,calinski_harabasz,4,87.23585337087268,False,False,0.8827540500217183
difficulty_level,0,easy,1.0,3,5,calinski_harabasz,5,84.72516064143443,False,True,1.0
difficulty_level,0,easy,1.0,3,5,calinski_harabasz,6,110.1998750401177,False,False,0.8913240648293079
difficulty_level,0,easy,1.0,3,5,calinski_harabasz,7,139.51898191566164,True,False,0.7733851330067064
difficulty_level,0,easy,0.7954790126651957,4,5,accuracy_generalizability,3,0.9513997696417558,False,False,0.6987705439585552
difficulty_level,0,easy,0.7954790126651957,4,5,accuracy_generalizability,4,0.9277952390317317,False,False,0.9064430044938775
difficulty_level,0,easy,0.7954790126651957,4,5,accuracy_generalizability,5,1.0,True,True,1.0
difficulty_level,0,easy,0.7954790126651957,4,5,accuracy_generalizability,6,0.9108939648553751,False,False,0.8311541664883161
difficulty_level,0,easy,0.7954790126651957,4,5,accuracy_generalizability,7,0.9009645466670021,False,False,0.7416607506374068
difficulty_level,0,easy,0.7954790126651957,4,5,ari_average,3,0.8527248347580576,False,False,0.6987705439585552
difficulty_level,0,easy,0.7954790126651957,4,5,ari_average,4,0.8834461268458024,False,False,0.9064430044938775
difficulty_level,0,easy,0.7954790126651957,4,5,ari_average,5,1.0,True,True,1.0
difficulty_level,0,easy,0.7954790126651957,4,5,ari_average,6,0.8899437151848391,False,False,0.8311541664883161
difficulty_level,0,easy,0.7954790126651957,4,5,ari_average,7,0.8601715283025578,False,False,0.7416607506374068
difficulty_level,0,easy,0.7954790126651957,4,5,ari_average_1se,3,0.8527248347580576,False,False,0.6987705439585552
difficulty_level,0,easy,0.7954790126651957,4,5,ari_average_1se,4,0.8834461268458024,False,False,0.9064430044938775
difficulty_level,0,easy,0.7954790126651957,4,5,ari_average_1se,5,1.0,True,True,1.0
difficulty_level,0,easy,0.7954790126651957,4,5,ari_average_1se,6,0.8899437151848391,False,False,0.8311541664883161
difficulty_level,0,easy,0.7954790126651957,4,5,ari_average_1se,7,0.8601715283025578,False,False,0.7416607506374068
difficulty_level,0,easy,0.7954790126651957,4,5,ari_average_quant,3,0.8527248347580576,False,False,0.6987705439585552
difficulty_level,0,easy,0.7954790126651957,4,5,ari_average_quant,4,0.8834461268458024,False,False,0.9064430044938775
difficulty_level,0,easy,0.7954790126651957,4,5,ari_average_quant,5,1.0,True,True,1.0
difficulty_level,0,easy,0.7954790126651957,4,5,ari_average_quant,6,0.8899437151848391,False,False,0.8311541664883161
difficulty_level,0,easy,0.7954790126651957,4,5,ari_average_quant,7,0.8601715283025578,False,False,0.7416607506374068
difficulty_level,0,easy,0.7954790126651957,4,5,ari_generalizability,3,0.9005261995385703,False,False,0.6987705439585552
difficulty_level,0,easy,0.7954790126651957,4,5,ari_generalizability,4,0.8766013317163357,False,False,0.9064430044938775
difficulty_level,0,easy,0.7954790126651957,4,5,ari_generalizability,5,1.0,True,True,1.0
difficulty_level,0,easy,0.7954790126651957,4,5,ari_generalizability,6,0.8735316346679484,False,False,0.8311541664883161
difficulty_level,0,easy,0.7954790126651957,4,5,ari_generalizability,7,0.8500827252434747,False,False,0.7416607506374068
difficulty_level,0,easy,0.7954790126651957,4,5,ari_generalizability_1se,3,0.9005261995385703,False,False,0.6987705439585552
difficulty_level,0,easy,0.7954790126651957,4,5,ari_generalizability_1se,4,0.8766013317163357,False,False,0.9064430044938775
difficulty_level,0,easy,0.7954790126651957,4,5,ari_generalizability_1se,5,1.0,True,True,1.0
difficulty_level,0,easy,0.7954790126651957,4,5,ari_generalizability_1se,6,0.8735316346679484,False,False,0.8311541664883161
difficulty_level,0,easy,0.7954790126651957,4,5,ari_generalizability_1se,7,0.8500827252434747,False,False,0.7416607506374068
difficulty_level,0,easy,0.7954790126651957,4,5,ari_generalizability_quant,3,0.9005261995385703,False,False,0.6987705439585552
difficulty_level,0,easy,0.7954790126651957,4,5,ari_generalizability_quant,4,0.8766013317163357,False,False,0.9064430044938775
difficulty_level,0,easy,0.7954790126651957,4,5,ari_generalizability_quant,5,1.0,True,True,1.0
difficulty_level,0,easy,0.7954790126651957,4,5,ari_generalizability_quant,6,0.8735316346679484,False,False,0.8311541664883161
difficulty_level,0,easy,0.7954790126651957,4,5,ari_generalizability_quant,7,0.8500827252434747,False,False,0.7416607506374068
difficulty_level,0,easy,0.7954790126651957,4,5,ari_stability,3,0.8049234699775445,False,False,0.6987705439585552
difficulty_level,0,easy,0.7954790126651957,4,5,ari_stability,4,0.8902909219752694,False,False,0.9064430044938775
difficulty_level,0,easy,0.7954790126651957,4,5,ari_stability,5,1.0,True,True,1.0
difficulty_level,0,easy,0.7954790126651957,4,5,ari_stability,6,0.9063557957017294,False,False,0.8311541664883161
difficulty_level,0,easy,0.7954790126651957,4,5,ari_stability,7,0.8702603313616412,False,False,0.7416607506374068
difficulty_level,0,easy,0.7954790126651957,4,5,ari_stability_1se,3,0.8049234699775445,False,False,0.6987705439585552
difficulty_level,0,easy,0.7954790126651957,4,5,ari_stability_1se,4,0.8902909219752694,False,False,0.9064430044938775
difficulty_level,0,easy,0.7954790126651957,4,5,ari_stability_1se,5,1.0,True,True,1.0
difficulty_level,0,easy,0.7954790126651957,4,5,ari_stability_1se,6,0.9063557957017294,False,False,0.8311541664883161
difficulty_level,0,easy,0.7954790126651957,4,5,ari_stability_1se,7,0.8702603313616412,False,False,0.7416607506374068
difficulty_level,0,easy,0.7954790126651957,4,5,ari_stability_quant,3,0.8049234699775445,False,False,0.6987705439585552
difficulty_level,0,easy,0.7954790126651957,4,5,ari_stability_quant,4,0.8902909219752694,False,False,0.9064430044938775
difficulty_level,0,easy,0.7954790126651957,4,5,ari_stability_quant,5,1.0,True,True,1.0
difficulty_level,0,easy,0.7954790126651957,4,5,ari_stability_quant,6,0.9063557957017294,False,False,0.8311541664883161
difficulty_level,0,easy,0.7954790126651957,4,5,ari_stability_quant,7,0.8702603313616412,False,False,0.7416607506374068
difficulty_level,0,easy,0.7954790126651957,4,5,consensus_ce_stability,3,0.8056667872429715,False,False,0.6987705439585552
difficulty_level,0,easy,0.7954790126651957,4,5,consensus_ce_stability,4,0.909136276749748,False,False,0.9064430044938775
difficulty_level,0,easy,0.7954790126651957,4,5,consensus_ce_stability,5,0.9999999999586944,True,True,1.0
difficulty_level,0,easy,0.7954790126651957,4,5,consensus_ce_stability,6,0.9360375784298143,False,False,0.8311541664883161
difficulty_level,0,easy,0.7954790126651957,4,5,consensus_ce_stability,7,0.9267313451382512,False,False,0.7416607506374068
difficulty_level,0,easy,0.7954790126651957,4,5,consensus_gini_stability,3,0.8492620921392661,False,False,0.6987705439585552
difficulty_level,0,easy,0.7954790126651957,4,5,consensus_gini_stability,4,0.9153932504597151,False,False,0.9064430044938775
difficulty_level,0,easy,0.7954790126651957,4,5,consensus_gini_stability,5,1.0,True,True,1.0
difficulty_level,0,easy,0.7954790126651957,4,5,consensus_gini_stability,6,0.9448613240857154,False,False,0.8311541664883161
difficulty_level,0,easy,0.7954790126651957,4,5,consensus_gini_stability,7,0.9351938396895151,False,False,0.7416607506374068
difficulty_level,0,easy,0.7954790126651957,4,5,consensus_pac_stability,3,0.6521031798977096,False,False,0.6987705439585552
difficulty_level,0,easy,0.7954790126651957,4,5,consensus_pac_stability,4,0.8976161885701579,False,False,0.9064430044938775
difficulty_level,0,easy,0.7954790126651957,4,5,consensus_pac_stability,5,1.0,True,True,1.0
difficulty_level,0,easy,0.7954790126651957,4,5,consensus_pac_stability,6,0.9085479208361129,False,False,0.8311541664883161
difficulty_level,0,easy,0.7954790126651957,4,5,consensus_pac_stability,7,0.9019897709584167,False,False,0.7416607506374068
difficulty_level,0,easy,0.7954790126651957,4,5,silhouette,3,0.08424394305414565,False,False,0.5126953321515456
difficulty_level,0,easy,0.7954790126651957,4,5,silhouette,4,0.13745932270058445,False,False,0.8931836531750774
difficulty_level,0,easy,0.7954790126651957,4,5,silhouette,5,0.19993507049636677,False,True,0.7954790126651957
difficulty_level,0,easy,0.7954790126651957,4,5,silhouette,6,0.23878855743412025,False,False,0.8395297258138069
difficulty_level,0,easy,0.7954790126651957,4,5,silhouette,7,0.2792230633170809,True,False,0.7454257095466958
difficulty_level,0,easy,0.7954790126651957,4,5,gap,3,0.6739884146885871,False,False,0.5126953321515456
difficulty_level,0,easy,0.7954790126651957,4,5,gap,4,0.7478840742710133,False,False,0.8931836531750774
difficulty_level,0,easy,0.7954790126651957,4,5,gap,5,0.880596359891836,False,True,0.7954790126651957
difficulty_level,0,easy,0.7954790126651957,4,5,gap,6,0.9574859303992493,False,False,0.8395297258138069
difficulty_level,0,easy,0.7954790126651957,4,5,gap,7,1.082752994038115,True,False,0.7454257095466958
difficulty_level,0,easy,0.7954790126651957,4,5,davies_bouldin,3,0.23640807919300177,False,False,0.5126953321515456
difficulty_level,0,easy,0.7954790126651957,4,5,davies_bouldin,4,0.26475254840607093,False,False,0.8931836531750774
difficulty_level,0,easy,0.7954790126651957,4,5,davies_bouldin,5,0.296155216538089,False,True,0.7954790126651957
difficulty_level,0,easy,0.7954790126651957,4,5,davies_bouldin,6,0.3151200498847482,False,False,0.8395297258138069
difficulty_level,0,easy,0.7954790126651957,4,5,davies_bouldin,7,0.3369757456050134,True,False,0.7454257095466958
difficulty_level,0,easy,0.7954790126651957,4,5,calinski_harabasz,3,71.2844979878079,False,False,0.5126953321515456
difficulty_level,0,easy,0.7954790126651957,4,5,calinski_harabasz,4,94.38057289040081,False,False,0.8931836531750774
difficulty_level,0,easy,0.7954790126651957,4,5,calinski_harabasz,5,137.1585793562047,False,True,0.7954790126651957
difficulty_level,0,easy,0.7954790126651957,4,5,calinski_harabasz,6,145.3028170275151,False,False,0.8395297258138069
difficulty_level,0,easy,0.7954790126651957,4,5,calinski_harabasz,7,172.29231332030267,True,False,0.7454257095466958
difficulty_level,0,easy,1.0,5,5,accuracy_generalizability,3,0.9386180585644865,False,False,0.7883756304006377
difficulty_level,0,easy,1.0,5,5,accuracy_generalizability,4,0.9221461718923768,False,False,0.9307000741872232
difficulty_level,0,easy,1.0,5,5,accuracy_generalizability,5,0.995846613434881,True,True,1.0
difficulty_level,0,easy,1.0,5,5,accuracy_generalizability,6,0.9557502873148302,False,False,0.7309663092416082
difficulty_level,0,easy,1.0,5,5,accuracy_generalizability,7,0.9235169944506315,False,False,0.6791889577130775
difficulty_level,0,easy,1.0,5,5,ari_average,3,0.9268364684782874,False,False,0.7883756304006377
difficulty_level,0,easy,1.0,5,5,ari_average,4,0.9249829899332204,False,False,0.9307000741872232
difficulty_level,0,easy,1.0,5,5,ari_average,5,0.9979047204473054,True,True,1.0
difficulty_level,0,easy,1.0,5,5,ari_average,6,0.9276404678015069,False,False,0.7309663092416082
difficulty_level,0,easy,1.0,5,5,ari_average,7,0.8950624754752461,False,False,0.6791889577130775
difficulty_level,0,easy,1.0,5,5,ari_average_1se,3,0.9268364684782874,False,False,0.7883756304006377
difficulty_level,0,easy,1.0,5,5,ari_average_1se,4,0.9249829899332204,False,False,0.9307000741872232
difficulty_level,0,easy,1.0,5,5,ari_average_1se,5,0.9979047204473054,True,True,1.0
difficulty_level,0,easy,1.0,5,5,ari_average_1se,6,0.9276404678015069,False,False,0.7309663092416082
difficulty_level,0,easy,1.0,5,5,ari_average_1se,7,0.8950624754752461,False,False,0.6791889577130775
difficulty_level,0,easy,1.0,5,5,ari_average_quant,3,0.9268364684782874,False,False,0.7883756304006377
difficulty_level,0,easy,1.0,5,5,ari_average_quant,4,0.9249829899332204,False,False,0.9307000741872232
difficulty_level,0,easy,1.0,5,5,ari_average_quant,5,0.9979047204473054,True,True,1.0
difficulty_level,0,easy,1.0,5,5,ari_average_quant,6,0.9276404678015069,False,False,0.7309663092416082
difficulty_level,0,easy,1.0,5,5,ari_average_quant,7,0.8950624754752461,False,False,0.6791889577130775
difficulty_level,0,easy,1.0,5,5,ari_generalizability,3,0.9134600738560601,False,False,0.7883756304006377
difficulty_level,0,easy,1.0,5,5,ari_generalizability,4,0.9068410052313058,False,False,0.9307000741872232
difficulty_level,0,easy,1.0,5,5,ari_generalizability,5,0.9958094408946107,True,True,1.0
difficulty_level,0,easy,1.0,5,5,ari_generalizability,6,0.9145450468571729,False,False,0.7309663092416082
difficulty_level,0,easy,1.0,5,5,ari_generalizability,7,0.8814920410081372,False,False,0.6791889577130775
difficulty_level,0,easy,1.0,5,5,ari_generalizability_1se,3,0.9134600738560601,False,False,0.7883756304006377
difficulty_level,0,easy,1.0,5,5,ari_generalizability_1se,4,0.9068410052313058,False,False,0.9307000741872232
difficulty_level,0,easy,1.0,5,5,ari_generalizability_1se,5,0.9958094408946107,True,True,1.0
difficulty_level,0,easy,1.0,5,5,ari_generalizability_1se,6,0.9145450468571729,False,False,0.7309663092416082
difficulty_level,0,easy,1.0,5,5,ari_generalizability_1se,7,0.8814920410081372,False,False,0.6791889577130775
difficulty_level,0,easy,1.0,5,5,ari_generalizability_quant,3,0.9134600738560601,False,False,0.7883756304006377
difficulty_level,0,easy,1.0,5,5,ari_generalizability_quant,4,0.9068410052313058,False,False,0.9307000741872232
difficulty_level,0,easy,1.0,5,5,ari_generalizability_quant,5,0.9958094408946107,True,True,1.0
difficulty_level,0,easy,1.0,5,5,ari_generalizability_quant,6,0.9145450468571729,False,False,0.7309663092416082
difficulty_level,0,easy,1.0,5,5,ari_generalizability_quant,7,0.8814920410081372,False,False,0.6791889577130775
difficulty_level,0,easy,1.0,5,5,ari_stability,3,0.9402128631005149,False,False,0.7883756304006377
difficulty_level,0,easy,1.0,5,5,ari_stability,4,0.9431249746351351,False,False,0.9307000741872232
difficulty_level,0,easy,1.0,5,5,ari_stability,5,1.0,True,True,1.0
difficulty_level,0,easy,1.0,5,5,ari_stability,6,0.9407358887458409,False,False,0.7309663092416082
difficulty_level,0,easy,1.0,5,5,ari_stability,7,0.9086329099423548,False,False,0.6791889577130775
difficulty_level,0,easy,1.0,5,5,ari_stability_1se,3,0.9402128631005149,False,False,0.7883756304006377
difficulty_level,0,easy,1.0,5,5,ari_stability_1se,4,0.9431249746351351,False,False,0.9307000741872232
difficulty_level,0,easy,1.0,5,5,ari_stability_1se,5,1.0,True,True,1.0
difficulty_level,0,easy,1.0,5,5,ari_stability_1se,6,0.9407358887458409,False,False,0.7309663092416082
difficulty_level,0,easy,1.0,5,5,ari_stability_1se,7,0.9086329099423548,False,False,0.6791889577130775
difficulty_level,0,easy,1.0,5,5,ari_stability_quant,3,0.9402128631005149,False,False,0.7883756304006377
difficulty_level,0,easy,1.0,5,5,ari_stability_quant,4,0.9431249746351351,False,False,0.9307000741872232
difficulty_level,0,easy,1.0,5,5,ari_stability_quant,5,1.0,True,True,1.0
difficulty_level,0,easy,1.0,5,5,ari_stability_quant,6,0.9407358887458409,False,False,0.7309663092416082
difficulty_level,0,easy,1.0,5,5,ari_stability_quant,7,0.9086329099423548,False,False,0.6791889577130775
difficulty_level,0,easy,1.0,5,5,consensus_ce_stability,3,0.9138957898177461,False,False,0.7883756304006377
difficulty_level,0,easy,1.0,5,5,consensus_ce_stability,4,0.9464742378629813,False,False,0.9307000741872232
difficulty_level,0,easy,1.0,5,5,consensus_ce_stability,5,0.9999999999586944,True,True,1.0
difficulty_level,0,easy,1.0,5,5,consensus_ce_stability,6,0.9628653332491223,False,False,0.7309663092416082
difficulty_level,0,easy,1.0,5,5,consensus_ce_stability,7,0.9453729251206601,False,False,0.6791889577130775
difficulty_level,0,easy,1.0,5,5,consensus_gini_stability,3,0.9336014626026768,False,False,0.7883756304006377
difficulty_level,0,easy,1.0,5,5,consensus_gini_stability,4,0.9549842396449555,False,False,0.9307000741872232
difficulty_level,0,easy,1.0,5,5,consensus_gini_stability,5,1.0,True,True,1.0
difficulty_level,0,easy,1.0,5,5,consensus_gini_stability,6,0.9693695031437549,False,False,0.7309663092416082
difficulty_level,0,easy,1.0,5,5,consensus_gini_stability,7,0.9521661101932396,False,False,0.6791889577130775
difficulty_level,0,easy,1.0,5,5,consensus_pac_stability,3,0.8471380920613742,False,False,0.7883756304006377
difficulty_level,0,easy,1.0,5,5,consensus_pac_stability,4,0.9106862352679564,False,False,0.9307000741872232
difficulty_level,0,easy,1.0,5,5,consensus_pac_stability,5,1.0,True,True,1.0
difficulty_level,0,easy,1.0,5,5,consensus_pac_stability,6,0.9580191238603514,False,False,0.7309663092416082
difficulty_level,0,easy,1.0,5,5,consensus_pac_stability,7,0.9236851234156104,False,False,0.6791889577130775
difficulty_level,0,easy,1.0,5,5,silhouette,3,0.13168490484333306,False,False,0.7883756304006377
difficulty_level,0,easy,1.0,5,5,silhouette,4,0.15063460267854561,False,False,0.9307000741872232
difficulty_level,0,easy,1.0,5,5,silhouette,5,0.17445424893174125,False,True,1.0
difficulty_level,0,easy,1.0,5,5,silhouette,6,0.2542028309524158,False,False,0.7310425515189284
difficulty_level,0,easy,1.0,5,5,silhouette,7,0.3101742189732223,True,False,0.6784528579961149
difficulty_level,0,easy,1.0,5,5,gap,3,0.6797032995799057,False,False,0.7883756304006377
difficulty_level,0,easy,1.0,5,5,gap,4,0.7135465206358642,False,False,0.9307000741872232
difficulty_level,0,easy,1.0,5,5,gap,5,0.7426124457076195,False,True,1.0
difficulty_level,0,easy,1.0,5,5,gap,6,0.9212124856617425,False,False,0.7310425515189284
difficulty_level,0,easy,1.0,5,5,gap,7,1.1497665511529096,True,False,0.6784528579961149
difficulty_level,0,easy,1.0,5,5,davies_bouldin,3,0.25413249675040434,False,False,0.7883756304006377
difficulty_level,0,easy,1.0,5,5,davies_bouldin,4,0.27508903801870055,False,False,0.9307000741872232
difficulty_level,0,easy,1.0,5,5,davies_bouldin,5,0.28787167365595917,False,True,1.0
difficulty_level,0,easy,1.0,5,5,davies_bouldin,6,0.31452080672478877,False,False,0.7310425515189284
difficulty_level,0,easy,1.0,5,5,davies_bouldin,7,0.3448708466673311,True,False,0.6784528579961149
difficulty_level,0,easy,1.0,5,5,calinski_harabasz,3,119.90399401904027,False,False,0.7883756304006377
difficulty_level,0,easy,1.0,5,5,calinski_harabasz,4,104.60656932449261,False,False,0.9307000741872232
difficulty_level,0,easy,1.0,5,5,calinski_harabasz,5,95.13560867298963,False,True,1.0
difficulty_level,0,easy,1.0,5,5,calinski_harabasz,6,151.97931591118976,False,False,0.7310425515189284
difficulty_level,0,easy,1.0,5,5,calinski_harabasz,7,225.49403926368294,True,False,0.6784528579961149
difficulty_level,0,easy,1.0,6,5,accuracy_generalizability,3,0.6717070118520055,False,False,0.5026995237586402
difficulty_level,0,easy,1.0,6,5,accuracy_generalizability,4,0.8761447035929232,False,False,0.7831768072127446
difficulty_level,0,easy,1.0,6,5,accuracy_generalizability,5,1.0,True,True,1.0
difficulty_level,0,easy,1.0,6,5,accuracy_generalizability,6,0.9443271619019424,False,False,0.8665907016192478
difficulty_level,0,easy,1.0,6,5,accuracy_generalizability,7,0.839290067440856,False,False,0.8103591087242091
difficulty_level,0,easy,1.0,6,5,ari_average,3,0.5932513488780203,False,False,0.5026995237586402
difficulty_level,0,easy,1.0,6,5,ari_average,4,0.8063449982205617,False,False,0.7831768072127446
difficulty_level,0,easy,1.0,6,5,ari_average,5,1.0,True,True,1.0
difficulty_level,0,easy,1.0,6,5,ari_average,6,0.9390164176685428,False,False,0.8665907016192478
difficulty_level,0,easy,1.0,6,5,ari_average,7,0.8576116231293165,False,False,0.8103591087242091
difficulty_level,0,easy,1.0,6,5,ari_average_1se,3,0.5932513488780203,False,False,0.5026995237586402
difficulty_level,0,easy,1.0,6,5,ari_average_1se,4,0.8063449982205617,False,False,0.7831768072127446
difficulty_level,0,easy,1.0,6,5,ari_average_1se,5,1.0,True,True,1.0
difficulty_level,0,easy,1.0,6,5,ari_average_1se,6,0.9390164176685428,False,False,0.8665907016192478
difficulty_level,0,easy,1.0,6,5,ari_average_1se,7,0.8576116231293165,False,False,0.8103591087242091
difficulty_level,0,easy,1.0,6,5,ari_average_quant,3,0.5932513488780203,False,False,0.5026995237586402
difficulty_level,0,easy,1.0,6,5,ari_average_quant,4,0.8063449982205617,False,False,0.7831768072127446
difficulty_level,0,easy,1.0,6,5,ari_average_quant,5,1.0,True,True,1.0
difficulty_level,0,easy,1.0,6,5,ari_average_quant,6,0.9390164176685428,False,False,0.8665907016192478
difficulty_level,0,easy,1.0,6,5,ari_average_quant,7,0.8576116231293165,False,False,0.8103591087242091
difficulty_level,0,easy,1.0,6,5,ari_generalizability,3,0.3957658556199501,False,False,0.5026995237586402
difficulty_level,0,easy,1.0,6,5,ari_generalizability,4,0.7147442981169467,False,False,0.7831768072127446
difficulty_level,0,easy,1.0,6,5,ari_generalizability,5,1.0,True,True,1.0
difficulty_level,0,easy,1.0,6,5,ari_generalizability,6,0.9288133652362849,False,False,0.8665907016192478
difficulty_level,0,easy,1.0,6,5,ari_generalizability,7,0.8346280305118751,False,False,0.8103591087242091
difficulty_level,0,easy,1.0,6,5,ari_generalizability_1se,3,0.3957658556199501,False,False,0.5026995237586402
difficulty_level,0,easy,1.0,6,5,ari_generalizability_1se,4,0.7147442981169467,False,False,0.7831768072127446
difficulty_level,0,easy,1.0,6,5,ari_generalizability_1se,5,1.0,True,True,1.0
difficulty_level,0,easy,1.0,6,5,ari_generalizability_1se,6,0.9288133652362849,False,False,0.8665907016192478
difficulty_level,0,easy,1.0,6,5,ari_generalizability_1se,7,0.8346280305118751,False,False,0.8103591087242091
difficulty_level,0,easy,1.0,6,5,ari_generalizability_quant,3,0.3957658556199501,False,False,0.5026995237586402
difficulty_level,0,easy,1.0,6,5,ari_generalizability_quant,4,0.7147442981169467,False,False,0.7831768072127446
difficulty_level,0,easy,1.0,6,5,ari_generalizability_quant,5,1.0,True,True,1.0
difficulty_level,0,easy,1.0,6,5,ari_generalizability_quant,6,0.9288133652362849,False,False,0.8665907016192478
difficulty_level,0,easy,1.0,6,5,ari_generalizability_quant,7,0.8346280305118751,False,False,0.8103591087242091
difficulty_level,0,easy,1.0,6,5,ari_stability,3,0.7907368421360904,False,False,0.5026995237586402
difficulty_level,0,easy,1.0,6,5,ari_stability,4,0.8979456983241769,False,False,0.7831768072127446
difficulty_level,0,easy,1.0,6,5,ari_stability,5,1.0,True,True,1.0
difficulty_level,0,easy,1.0,6,5,ari_stability,6,0.9492194701008008,False,False,0.8665907016192478
difficulty_level,0,easy,1.0,6,5,ari_stability,7,0.8805952157467578,False,False,0.8103591087242091
difficulty_level,0,easy,1.0,6,5,ari_stability_1se,3,0.7907368421360904,False,False,0.5026995237586402
difficulty_level,0,easy,1.0,6,5,ari_stability_1se,4,0.8979456983241769,False,False,0.7831768072127446
difficulty_level,0,easy,1.0,6,5,ari_stability_1se,5,1.0,True,True,1.0
difficulty_level,0,easy,1.0,6,5,ari_stability_1se,6,0.9492194701008008,False,False,0.8665907016192478
difficulty_level,0,easy,1.0,6,5,ari_stability_1se,7,0.8805952157467578,False,False,0.8103591087242091
difficulty_level,0,easy,1.0,6,5,ari_stability_quant,3,0.7907368421360904,False,False,0.5026995237586402
difficulty_level,0,easy,1.0,6,5,ari_stability_quant,4,0.8979456983241769,False,False,0.7831768072127446
difficulty_level,0,easy,1.0,6,5,ari_stability_quant,5,1.0,True,True,1.0
difficulty_level,0,easy,1.0,6,5,ari_stability_quant,6,0.9492194701008008,False,False,0.8665907016192478
difficulty_level,0,easy,1.0,6,5,ari_stability_quant,7,0.8805952157467578,False,False,0.8103591087242091
difficulty_level,0,easy,1.0,6,5,consensus_ce_stability,3,0.7081541831556277,False,False,0.5026995237586402
difficulty_level,0,easy,1.0,6,5,consensus_ce_stability,4,0.9050192867551698,False,False,0.7831768072127446
difficulty_level,0,easy,1.0,6,5,consensus_ce_stability,5,0.9999999999586944,True,True,1.0
difficulty_level,0,easy,1.0,6,5,consensus_ce_stability,6,0.9614901063028192,False,False,0.8665907016192478
difficulty_level,0,easy,1.0,6,5,consensus_ce_stability,7,0.925914260337424,False,False,0.8103591087242091
difficulty_level,0,easy,1.0,6,5,consensus_gini_stability,3,0.7627490457524423,False,False,0.5026995237586402
difficulty_level,0,easy,1.0,6,5,consensus_gini_stability,4,0.9209658963197405,False,False,0.7831768072127446
difficulty_level,0,easy,1.0,6,5,consensus_gini_stability,5,1.0,True,True,1.0
difficulty_level,0,easy,1.0,6,5,consensus_gini_stability,6,0.9693966924432195,False,False,0.8665907016192478
difficulty_level,0,easy,1.0,6,5,consensus_gini_stability,7,0.9353487706732792,False,False,0.8103591087242091
difficulty_level,0,easy,1.0,6,5,consensus_pac_stability,3,0.5101525461418723,False,False,0.5026995237586402
difficulty_level,0,easy,1.0,6,5,consensus_pac_stability,4,0.864225038914832,False,False,0.7831768072127446
difficulty_level,0,easy,1.0,6,5,consensus_pac_stability,5,1.0,True,True,1.0
difficulty_level,0,easy,1.0,6,5,consensus_pac_stability,6,0.942453191016233,False,False,0.8665907016192478
difficulty_level,0,easy,1.0,6,5,consensus_pac_stability,7,0.9044136090727152,False,False,0.8103591087242091
difficulty_level,0,easy,1.0,6,5,silhouette,3,0.11654465475935605,False,False,0.6310385048705082
difficulty_level,0,easy,1.0,6,5,silhouette,4,0.14839423163696233,False,False,0.8635508383347887
difficulty_level,0,easy,1.0,6,5,silhouette,5,0.1671985727861222,False,True,1.0
difficulty_level,0,easy,1.0,6,5,silhouette,6,0.21927809104846446,False,False,0.8685945185467081
difficulty_level,0,easy,1.0,6,5,silhouette,7,0.2497331241792948,True,False,0.78706436069092
difficulty_level,0,easy,1.0,6,5,gap,3,0.6568601264786782,False,False,0.6310385048705082
difficulty_level,0,easy,1.0,6,5,gap,4,0.7098387482578783,False,False,0.8635508383347887
difficulty_level,0,easy,1.0,6,5,gap,5,0.7446061903395389,False,True,1.0
difficulty_level,0,easy,1.0,6,5,gap,6,0.8816238445520383,False,False,0.8685945185467081
difficulty_level,0,easy,1.0,6,5,gap,7,0.9689599326180787,True,False,0.78706436069092
difficulty_level,0,easy,1.0,6,5,davies_bouldin,3,0.23291552677891153,False,False,0.6310385048705082
difficulty_level,0,easy,1.0,6,5,davies_bouldin,4,0.25099631935423483,False,False,0.8635508383347887
difficulty_level,0,easy,1.0,6,5,davies_bouldin,5,0.26919562928427976,False,True,1.0
difficulty_level,0,easy,1.0,6,5,davies_bouldin,6,0.29489096127758646,False,False,0.8685945185467081
difficulty_level,0,easy,1.0,6,5,davies_bouldin,7,0.31364788729258675,True,False,0.78706436069092
difficulty_level,0,easy,1.0,6,5,calinski_harabasz,3,90.08220059010206,False,False,0.6310385048705082
difficulty_level,0,easy,1.0,6,5,calinski_harabasz,4,95.44953442149748,False,False,0.8635508383347887
difficulty_level,0,easy,1.0,6,5,calinski_harabasz,5,90.87476608956446,False,True,1.0
difficulty_level,0,easy,1.0,6,5,calinski_harabasz,6,129.81496277138876,False,False,0.8685945185467081
difficulty_level,0,easy,1.0,6,5,calinski_harabasz,7,143.05078031798362,True,False,0.78706436069092
difficulty_level,0,easy,0.7447417056032112,7,5,accuracy_generalizability,3,0.8236966924847099,False,False,0.6537950205968627
difficulty_level,0,easy,0.7447417056032112,7,5,accuracy_generalizability,4,0.919236853024943,False,False,0.9188572516586082
difficulty_level,0,easy,0.7447417056032112,7,5,accuracy_generalizability,5,0.997327607581582,True,True,1.0
difficulty_level,0,easy,0.7447417056032112,7,5,accuracy_generalizability,6,0.9588015018012163,False,False,0.8239542859537516
difficulty_level,0,easy,0.7447417056032112,7,5,accuracy_generalizability,7,0.9130385725619813,False,False,0.7237629250107721
difficulty_level,0,easy,0.7447417056032112,7,5,ari_average,3,0.6490375694382533,False,False,0.6537950205968627
difficulty_level,0,easy,0.7447417056032112,7,5,ari_average,4,0.8786476310162621,False,False,0.9188572516586082
difficulty_level,0,easy,0.7447417056032112,7,5,ari_average,5,0.9985701959775585,True,True,1.0
difficulty_level,0,easy,0.7447417056032112,7,5,ari_average,6,0.9407499897087616,False,False,0.8239542859537516
difficulty_level,0,easy,0.7447417056032112,7,5,ari_average,7,0.8949014962354568,False,False,0.7237629250107721
difficulty_level,0,easy,0.7447417056032112,7,5,ari_average_1se,3,0.6490375694382533,False,False,0.6537950205968627
difficulty_level,0,easy,0.7447417056032112,7,5,ari_average_1se,4,0.8786476310162621,False,False,0.9188572516586082
difficulty_level,0,easy,0.7447417056032112,7,5,ari_average_1se,5,0.9985701959775585,True,True,1.0
difficulty_level,0,easy,0.7447417056032112,7,5,ari_average_1se,6,0.9407499897087616,False,False,0.8239542859537516
difficulty_level,0,easy,0.7447417056032112,7,5,ari_average_1se,7,0.8949014962354568,False,False,0.7237629250107721
difficulty_level,0,easy,0.7447417056032112,7,5,ari_average_quant,3,0.6490375694382533,False,False,0.6537950205968627
difficulty_level,0,easy,0.7447417056032112,7,5,ari_average_quant,4,0.8786476310162621,False,False,0.9188572516586082
difficulty_level,0,easy,0.7447417056032112,7,5,ari_average_quant,5,0.9985701959775585,True,True,1.0
difficulty_level,0,easy,0.7447417056032112,7,5,ari_average_quant,6,0.9407499897087616,False,False,0.8239542859537516
difficulty_level,0,easy,0.7447417056032112,7,5,ari_average_quant,7,0.8949014962354568,False,False,0.7237629250107721
difficulty_level,0,easy,0.7447417056032112,7,5,ari_generalizability,3,0.6753717037089645,False,False,0.6537950205968627
difficulty_level,0,easy,0.7447417056032112,7,5,ari_generalizability,4,0.8684954834056824,False,False,0.9188572516586082
difficulty_level,0,easy,0.7447417056032112,7,5,ari_generalizability,5,0.9971403919551167,True,True,1.0
difficulty_level,0,easy,0.7447417056032112,7,5,ari_generalizability,6,0.9285069776499014,False,False,0.8239542859537516
difficulty_level,0,easy,0.7447417056032112,7,5,ari_generalizability,7,0.8727217586386348,False,False,0.7237629250107721
difficulty_level,0,easy,0.7447417056032112,7,5,ari_generalizability_1se,3,0.6753717037089645,False,False,0.6537950205968627
difficulty_level,0,easy,0.7447417056032112,7,5,ari_generalizability_1se,4,0.8684954834056824,False,False,0.9188572516586082
difficulty_level,0,easy,0.7447417056032112,7,5,ari_generalizability_1se,5,0.9971403919551167,True,True,1.0
difficulty_level,0,easy,0.7447417056032112,7,5,ari_generalizability_1se,6,0.9285069776499014,False,False,0.8239542859537516
difficulty_level,0,easy,0.7447417056032112,7,5,ari_generalizability_1se,7,0.8727217586386348,False,False,0.7237629250107721
difficulty_level,0,easy,0.7447417056032112,7,5,ari_generalizability_quant,3,0.6753717037089645,False,False,0.6537950205968627
difficulty_level,0,easy,0.7447417056032112,7,5,ari_generalizability_quant,4,0.8684954834056824,False,False,0.9188572516586082
difficulty_level,0,easy,0.7447417056032112,7,5,ari_generalizability_quant,5,0.9971403919551167,True,True,1.0
difficulty_level,0,easy,0.7447417056032112,7,5,ari_generalizability_quant,6,0.9285069776499014,False,False,0.8239542859537516
difficulty_level,0,easy,0.7447417056032112,7,5,ari_generalizability_quant,7,0.8727217586386348,False,False,0.7237629250107721
difficulty_level,0,easy,0.7447417056032112,7,5,ari_stability,3,0.622703435167542,False,False,0.6537950205968627
difficulty_level,0,easy,0.7447417056032112,7,5,ari_stability,4,0.8887997786268416,False,False,0.9188572516586082
difficulty_level,0,easy,0.7447417056032112,7,5,ari_stability,5,1.0,True,True,1.0
difficulty_level,0,easy,0.7447417056032112,7,5,ari_stability,6,0.9529930017676217,False,False,0.8239542859537516
difficulty_level,0,easy,0.7447417056032112,7,5,ari_stability,7,0.9170812338322791,False,False,0.7237629250107721
difficulty_level,0,easy,0.7447417056032112,7,5,ari_stability_1se,3,0.622703435167542,False,False,0.6537950205968627
difficulty_level,0,easy,0.7447417056032112,7,5,ari_stability_1se,4,0.8887997786268416,False,False,0.9188572516586082
difficulty_level,0,easy,0.7447417056032112,7,5,ari_stability_1se,5,1.0,True,True,1.0
difficulty_level,0,easy,0.7447417056032112,7,5,ari_stability_1se,6,0.9529930017676217,False,False,0.8239542859537516
difficulty_level,0,easy,0.7447417056032112,7,5,ari_stability_1se,7,0.9170812338322791,False,False,0.7237629250107721
difficulty_level,0,easy,0.7447417056032112,7,5,ari_stability_quant,3,0.622703435167542,False,False,0.6537950205968627
difficulty_level,0,easy,0.7447417056032112,7,5,ari_stability_quant,4,0.8887997786268416,False,False,0.9188572516586082
difficulty_level,0,easy,0.7447417056032112,7,5,ari_stability_quant,5,1.0,True,True,1.0
difficulty_level,0,easy,0.7447417056032112,7,5,ari_stability_quant,6,0.9529930017676217,False,False,0.8239542859537516
difficulty_level,0,easy,0.7447417056032112,7,5,ari_stability_quant,7,0.9170812338322791,False,False,0.7237629250107721
difficulty_level,0,easy,0.7447417056032112,7,5,consensus_ce_stability,3,0.6310175888068914,False,False,0.6537950205968627
difficulty_level,0,easy,0.7447417056032112,7,5,consensus_ce_stability,4,0.8789618282857722,False,False,0.9188572516586082
difficulty_level,0,easy,0.7447417056032112,7,5,consensus_ce_stability,5,0.9999999999586944,True,True,1.0
difficulty_level,0,easy,0.7447417056032112,7,5,consensus_ce_stability,6,0.9607147330496197,False,False,0.8239542859537516
difficulty_level,0,easy,0.7447417056032112,7,5,consensus_ce_stability,7,0.9453945937553432,False,False,0.7237629250107721
difficulty_level,0,easy,0.7447417056032112,7,5,consensus_gini_stability,3,0.6602635147237217,False,False,0.6537950205968627
difficulty_level,0,easy,0.7447417056032112,7,5,consensus_gini_stability,4,0.9032259161193629,False,False,0.9188572516586082
difficulty_level,0,easy,0.7447417056032112,7,5,consensus_gini_stability,5,1.0,True,True,1.0
difficulty_level,0,easy,0.7447417056032112,7,5,consensus_gini_stability,6,0.9680987983067616,False,False,0.8239542859537516
difficulty_level,0,easy,0.7447417056032112,7,5,consensus_gini_stability,7,0.9537946493721504,False,False,0.7237629250107721
difficulty_level,0,easy,0.7447417056032112,7,5,consensus_pac_stability,3,0.5800533689126084,False,False,0.6537950205968627
difficulty_level,0,easy,0.7447417056032112,7,5,consensus_pac_stability,4,0.8278968201022904,False,False,0.9188572516586082
difficulty_level,0,easy,0.7447417056032112,7,5,consensus_pac_stability,5,1.0,True,True,1.0
difficulty_level,0,easy,0.7447417056032112,7,5,consensus_pac_stability,6,0.9391567711807872,False,False,0.8239542859537516
difficulty_level,0,easy,0.7447417056032112,7,5,consensus_pac_stability,7,0.9187422726261952,False,False,0.7237629250107721
difficulty_level,0,easy,0.7447417056032112,7,5,silhouette,3,0.11059145761443985,False,False,0.6537950205968627
difficulty_level,0,easy,0.7447417056032112,7,5,silhouette,4,0.14668088254480646,False,False,0.9202589334791978
difficulty_level,0,easy,0.7447417056032112,7,5,silhouette,5,0.17908330384173654,False,True,0.7447417056032112
difficulty_level,0,easy,0.7447417056032112,7,5,silhouette,6,0.20677856161476854,False,False,0.7085198889777921
difficulty_level,0,easy,0.7447417056032112,7,5,silhouette,7,0.25052051780135415,True,False,0.7251906770106239
difficulty_level,0,easy,0.7447417056032112,7,5,gap,3,0.7556033644248998,False,False,0.6537950205968627
difficulty_level,0,easy,0.7447417056032112,7,5,gap,4,0.8011082723534955,False,False,0.9202589334791978
difficulty_level,0,easy,0.7447417056032112,7,5,gap,5,0.9317674235371083,False,True,0.7447417056032112
difficulty_level,0,easy,0.7447417056032112,7,5,gap,6,0.9985566125157703,False,False,0.7085198889777921
difficulty_level,0,easy,0.7447417056032112,7,5,gap,7,1.1135360809031418,True,False,0.7251906770106239
difficulty_level,0,easy,0.7447417056032112,7,5,davies_bouldin,3,0.23881034500195997,False,False,0.6537950205968627
difficulty_level,0,easy,0.7447417056032112,7,5,davies_bouldin,4,0.2660156668709693,False,False,0.9202589334791978
difficulty_level,0,easy,0.7447417056032112,7,5,davies_bouldin,5,0.2945159250448164,False,True,0.7447417056032112
difficulty_level,0,easy,0.7447417056032112,7,5,davies_bouldin,6,0.3207332172662206,False,False,0.7085198889777921
difficulty_level,0,easy,0.7447417056032112,7,5,davies_bouldin,7,0.33908126949838086,True,False,0.7251906770106239
difficulty_level,0,easy,0.7447417056032112,7,5,calinski_harabasz,3,103.77646300459371,False,False,0.6537950205968627
difficulty_level,0,easy,0.7447417056032112,7,5,calinski_harabasz,4,100.87943229715604,False,False,0.9202589334791978
difficulty_level,0,easy,0.7447417056032112,7,5,calinski_harabasz,5,141.8586694345095,False,True,0.7447417056032112
difficulty_level,0,easy,0.7447417056032112,7,5,calinski_harabasz,6,144.85156174778385,False,False,0.7085198889777921
difficulty_level,0,easy,0.7447417056032112,7,5,calinski_harabasz,7,167.77730937273176,True,False,0.7251906770106239
difficulty_level,0,easy,1.0,8,5,accuracy_generalizability,3,0.8342997469285278,False,False,0.57932330974683
difficulty_level,0,easy,1.0,8,5,accuracy_generalizability,4,0.9807892530666289,True,False,0.9333303610035165
difficulty_level,0,easy,1.0,8,5,accuracy_generalizability,5,0.9658374943555853,False,True,1.0
difficulty_level,0,easy,1.0,8,5,accuracy_generalizability,6,0.9123996657555266,False,False,0.7854080467410766
difficulty_level,0,easy,1.0,8,5,accuracy_generalizability,7,0.8897786620513203,False,False,0.7001932059837017
difficulty_level,0,easy,1.0,8,5,ari_average,3,0.6718741285781421,False,False,0.57932330974683
difficulty_level,0,easy,1.0,8,5,ari_average,4,0.9603419225377966,False,False,0.9333303610035165
difficulty_level,0,easy,1.0,8,5,ari_average,5,0.9832347418617392,True,True,1.0
difficulty_level,0,easy,1.0,8,5,ari_average,6,0.8811897351293821,False,False,0.7854080467410766
difficulty_level,0,easy,1.0,8,5,ari_average,7,0.8424936316209812,False,False,0.7001932059837017
difficulty_level,0,easy,1.0,8,5,ari_average_1se,3,0.6718741285781421,False,False,0.57932330974683
difficulty_level,0,easy,1.0,8,5,ari_average_1se,4,0.9603419225377966,False,False,0.9333303610035165
difficulty_level,0,easy,1.0,8,5,ari_average_1se,5,0.9832347418617392,True,True,1.0
difficulty_level,0,easy,1.0,8,5,ari_average_1se,6,0.8811897351293821,False,False,0.7854080467410766
difficulty_level,0,easy,1.0,8,5,ari_average_1se,7,0.8424936316209812,False,False,0.7001932059837017
difficulty_level,0,easy,1.0,8,5,ari_average_quant,3,0.6718741285781421,False,False,0.57932330974683
difficulty_level,0,easy,1.0,8,5,ari_average_quant,4,0.9603419225377966,False,False,0.9333303610035165
difficulty_level,0,easy,1.0,8,5,ari_average_quant,5,0.9832347418617392,False,True,1.0
difficulty_level,0,easy,1.0,8,5,ari_average_quant,6,0.8811897351293821,True,False,0.7854080467410766
difficulty_level,0,easy,1.0,8,5,ari_average_quant,7,0.8424936316209812,False,False,0.7001932059837017
difficulty_level,0,easy,1.0,8,5,ari_generalizability,3,0.6489677375933489,False,False,0.57932330974683
difficulty_level,0,easy,1.0,8,5,ari_generalizability,4,0.9692210285781228,True,False,0.9333303610035165
difficulty_level,0,easy,1.0,8,5,ari_generalizability,5,0.9664694837234785,False,True,1.0
difficulty_level,0,easy,1.0,8,5,ari_generalizability,6,0.8645943061623924,False,False,0.7854080467410766
difficulty_level,0,easy,1.0,8,5,ari_generalizability,7,0.8269672909839175,False,False,0.7001932059837017
difficulty_level,0,easy,1.0,8,5,ari_generalizability_1se,3,0.6489677375933489,False,False,0.57932330974683
difficulty_level,0,easy,1.0,8,5,ari_generalizability_1se,4,0.9692210285781228,False,False,0.9333303610035165
difficulty_level,0,easy,1.0,8,5,ari_generalizability_1se,5,0.9664694837234785,True,True,1.0
difficulty_level,0,easy,1.0,8,5,ari_generalizability_1se,6,0.8645943061623924,False,False,0.7854080467410766
difficulty_level,0,easy,1.0,8,5,ari_generalizability_1se,7,0.8269672909839175,False,False,0.7001932059837017
difficulty_level,0,easy,1.0,8,5,ari_generalizability_quant,3,0.6489677375933489,False,False,0.57932330974683
difficulty_level,0,easy,1.0,8,5,ari_generalizability_quant,4,0.9692210285781228,False,False,0.9333303610035165
difficulty_level,0,easy,1.0,8,5,ari_generalizability_quant,5,0.9664694837234785,False,True,1.0
difficulty_level,0,easy,1.0,8,5,ari_generalizability_quant,6,0.8645943061623924,False,False,0.7854080467410766
difficulty_level,0,easy,1.0,8,5,ari_generalizability_quant,7,0.8269672909839175,True,False,0.7001932059837017
difficulty_level,0,easy,1.0,8,5,ari_stability,3,0.6947805195629353,False,False,0.57932330974683
difficulty_level,0,easy,1.0,8,5,ari_stability,4,0.9514628164974706,False,False,0.9333303610035165
difficulty_level,0,easy,1.0,8,5,ari_stability,5,1.0,True,True,1.0
difficulty_level,0,easy,1.0,8,5,ari_stability,6,0.8977851640963714,False,False,0.7854080467410766
difficulty_level,0,easy,1.0,8,5,ari_stability,7,0.8580199722580449,False,False,0.7001932059837017
difficulty_level,0,easy,1.0,8,5,ari_stability_1se,3,0.6947805195629353,False,False,0.57932330974683
difficulty_level,0,easy,1.0,8,5,ari_stability_1se,4,0.9514628164974706,False,False,0.9333303610035165
difficulty_level,0,easy,1.0,8,5,ari_stability_1se,5,1.0,True,True,1.0
difficulty_level,0,easy,1.0,8,5,ari_stability_1se,6,0.8977851640963714,False,False,0.7854080467410766
difficulty_level,0,easy,1.0,8,5,ari_stability_1se,7,0.8580199722580449,False,False,0.7001932059837017
difficulty_level,0,easy,1.0,8,5,ari_stability_quant,3,0.6947805195629353,False,False,0.57932330974683
difficulty_level,0,easy,1.0,8,5,ari_stability_quant,4,0.9514628164974706,False,False,0.9333303610035165
difficulty_level,0,easy,1.0,8,5,ari_stability_quant,5,1.0,True,True,1.0
difficulty_level,0,easy,1.0,8,5,ari_stability_quant,6,0.8977851640963714,False,False,0.7854080467410766
difficulty_level,0,easy,1.0,8,5,ari_stability_quant,7,0.8580199722580449,False,False,0.7001932059837017
difficulty_level,0,easy,1.0,8,5,consensus_ce_stability,3,0.6815582699714028,False,False,0.57932330974683
difficulty_level,0,easy,1.0,8,5,consensus_ce_stability,4,0.9488317838526106,False,False,0.9333303610035165
difficulty_level,0,easy,1.0,8,5,consensus_ce_stability,5,0.9999999999586944,True,True,1.0
difficulty_level,0,easy,1.0,8,5,consensus_ce_stability,6,0.9302846832439046,False,False,0.7854080467410766
difficulty_level,0,easy,1.0,8,5,consensus_ce_stability,7,0.9160772895885824,False,False,0.7001932059837017
difficulty_level,0,easy,1.0,8,5,consensus_gini_stability,3,0.7004229197889249,False,False,0.57932330974683
difficulty_level,0,easy,1.0,8,5,consensus_gini_stability,4,0.9631516025250776,False,False,0.9333303610035165
difficulty_level,0,easy,1.0,8,5,consensus_gini_stability,5,1.0,True,True,1.0
difficulty_level,0,easy,1.0,8,5,consensus_gini_stability,6,0.9404965561499018,False,False,0.7854080467410766
difficulty_level,0,easy,1.0,8,5,consensus_gini_stability,7,0.9228892456187628,False,False,0.7001932059837017
difficulty_level,0,easy,1.0,8,5,consensus_pac_stability,3,0.6617149210584834,False,False,0.57932330974683
difficulty_level,0,easy,1.0,8,5,consensus_pac_stability,4,0.9004207249277296,False,False,0.9333303610035165
difficulty_level,0,easy,1.0,8,5,consensus_pac_stability,5,1.0,True,True,1.0
difficulty_level,0,easy,1.0,8,5,consensus_pac_stability,6,0.8948899266177451,False,False,0.7854080467410766
difficulty_level,0,easy,1.0,8,5,consensus_pac_stability,7,0.8963388925950634,False,False,0.7001932059837017
difficulty_level,0,easy,1.0,8,5,silhouette,3,0.10117036582419928,False,False,0.57932330974683
difficulty_level,0,easy,1.0,8,5,silhouette,4,0.15244013983925073,False,False,0.9333303610035165
difficulty_level,0,easy,1.0,8,5,silhouette,5,0.16161731316311045,False,True,1.0
difficulty_level,0,easy,1.0,8,5,silhouette,6,0.24452297465581183,False,False,0.785495539698944
difficulty_level,0,easy,1.0,8,5,silhouette,7,0.2711491761696758,True,False,0.7408028334743296
difficulty_level,0,easy,1.0,8,5,gap,3,0.6105434804385172,False,False,0.57932330974683
difficulty_level,0,easy,1.0,8,5,gap,4,0.6870581275497134,False,False,0.9333303610035165
difficulty_level,0,easy,1.0,8,5,gap,5,0.703593623785455,False,True,1.0
difficulty_level,0,easy,1.0,8,5,gap,6,0.9024773893929705,False,False,0.785495539698944
difficulty_level,0,easy,1.0,8,5,gap,7,1.0015302243934663,True,False,0.7408028334743296
difficulty_level,0,easy,1.0,8,5,davies_bouldin,3,0.24551304786933537,False,False,0.57932330974683
difficulty_level,0,easy,1.0,8,5,davies_bouldin,4,0.27127098482094153,False,False,0.9333303610035165
difficulty_level,0,easy,1.0,8,5,davies_bouldin,5,0.27529344209951573,False,True,1.0
difficulty_level,0,easy,1.0,8,5,davies_bouldin,6,0.3002933439653548,False,False,0.785495539698944
difficulty_level,0,easy,1.0,8,5,davies_bouldin,7,0.3265866993259779,True,False,0.7408028334743296
difficulty_level,0,easy,1.0,8,5,calinski_harabasz,3,80.36516347491664,False,False,0.57932330974683
difficulty_level,0,easy,1.0,8,5,calinski_harabasz,4,102.24370165627175,False,False,0.9333303610035165
difficulty_level,0,easy,1.0,8,5,calinski_harabasz,5,87.5147195170002,False,True,1.0
difficulty_level,0,easy,1.0,8,5,calinski_harabasz,6,153.81173155515123,False,False,0.785495539698944
difficulty_level,0,easy,1.0,8,5,calinski_harabasz,7,169.65667369549098,True,False,0.7408028334743296
difficulty_level,0,easy,1.0,9,5,accuracy_generalizability,3,0.8391178785442992,False,False,0.689786529162705
difficulty_level,0,easy,1.0,9,5,accuracy_generalizability,4,0.918463230507481,False,False,0.92409650145534
difficulty_level,0,easy,1.0,9,5,accuracy_generalizability,5,0.9928082788728397,True,True,1.0
difficulty_level,0,easy,1.0,9,5,accuracy_generalizability,6,0.9191301559575837,False,False,0.8569757598652806
difficulty_level,0,easy,1.0,9,5,accuracy_generalizability,7,0.9119490053564003,False,False,0.7940305176392651
difficulty_level,0,easy,1.0,9,5,ari_average,3,0.6900643017520609,False,False,0.689786529162705
difficulty_level,0,easy,1.0,9,5,ari_average,4,0.8492345907391922,False,False,0.92409650145534
difficulty_level,0,easy,1.0,9,5,ari_average,5,0.9972914668200812,True,True,1.0
difficulty_level,0,easy,1.0,9,5,ari_average,6,0.900910154880275,False,False,0.8569757598652806
difficulty_level,0,easy,1.0,9,5,ari_average,7,0.9077897449339476,False,False,0.7940305176392651
difficulty_level,0,easy,1.0,9,5,ari_average_1se,3,0.6900643017520609,False,False,0.689786529162705
difficulty_level,0,easy,1.0,9,5,ari_average_1se,4,0.8492345907391922,False,False,0.92409650145534
difficulty_level,0,easy,1.0,9,5,ari_average_1se,5,0.9972914668200812,True,True,1.0
difficulty_level,0,easy,1.0,9,5,ari_average_1se,6,0.900910154880275,False,False,0.8569757598652806
difficulty_level,0,easy,1.0,9,5,ari_average_1se,7,0.9077897449339476,False,False,0.7940305176392651
difficulty_level,0,easy,1.0,9,5,ari_average_quant,3,0.6900643017520609,False,False,0.689786529162705
difficulty_level,0,easy,1.0,9,5,ari_average_quant,4,0.8492345907391922,False,False,0.92409650145534
difficulty_level,0,easy,1.0,9,5,ari_average_quant,5,0.9972914668200812,True,True,1.0
difficulty_level,0,easy,1.0,9,5,ari_average_quant,6,0.900910154880275,False,False,0.8569757598652806
difficulty_level,0,easy,1.0,9,5,ari_average_quant,7,0.9077897449339476,False,False,0.7940305176392651
difficulty_level,0,easy,1.0,9,5,ari_generalizability,3,0.621286737765187,False,False,0.689786529162705
difficulty_level,0,easy,1.0,9,5,ari_generalizability,4,0.8570523378086472,False,False,0.92409650145534
difficulty_level,0,easy,1.0,9,5,ari_generalizability,5,0.9945829336401624,True,True,1.0
difficulty_level,0,easy,1.0,9,5,ari_generalizability,6,0.8901699805512392,False,False,0.8569757598652806
difficulty_level,0,easy,1.0,9,5,ari_generalizability,7,0.8880601203966215,False,False,0.7940305176392651
difficulty_level,0,easy,1.0,9,5,ari_generalizability_1se,3,0.621286737765187,False,False,0.689786529162705
difficulty_level,0,easy,1.0,9,5,ari_generalizability_1se,4,0.8570523378086472,False,False,0.92409650145534
difficulty_level,0,easy,1.0,9,5,ari_generalizability_1se,5,0.9945829336401624,True,True,1.0
difficulty_level,0,easy,1.0,9,5,ari_generalizability_1se,6,0.8901699805512392,False,False,0.8569757598652806
difficulty_level,0,easy,1.0,9,5,ari_generalizability_1se,7,0.8880601203966215,False,False,0.7940305176392651
difficulty_level,0,easy,1.0,9,5,ari_generalizability_quant,3,0.621286737765187,False,False,0.689786529162705
difficulty_level,0,easy,1.0,9,5,ari_generalizability_quant,4,0.8570523378086472,False,False,0.92409650145534
difficulty_level,0,easy,1.0,9,5,ari_generalizability_quant,5,0.9945829336401624,True,True,1.0
difficulty_level,0,easy,1.0,9,5,ari_generalizability_quant,6,0.8901699805512392,False,False,0.8569757598652806
difficulty_level,0,easy,1.0,9,5,ari_generalizability_quant,7,0.8880601203966215,False,False,0.7940305176392651
difficulty_level,0,easy,1.0,9,5,ari_stability,3,0.7588418657389349,False,False,0.689786529162705
difficulty_level,0,easy,1.0,9,5,ari_stability,4,0.841416843669737,False,False,0.92409650145534
difficulty_level,0,easy,1.0,9,5,ari_stability,5,1.0,True,True,1.0
difficulty_level,0,easy,1.0,9,5,ari_stability,6,0.9116503292093112,False,False,0.8569757598652806
difficulty_level,0,easy,1.0,9,5,ari_stability,7,0.9275193694712732,False,False,0.7940305176392651
difficulty_level,0,easy,1.0,9,5,ari_stability_1se,3,0.7588418657389349,False,False,0.689786529162705
difficulty_level,0,easy,1.0,9,5,ari_stability_1se,4,0.841416843669737,False,False,0.92409650145534
difficulty_level,0,easy,1.0,9,5,ari_stability_1se,5,1.0,True,True,1.0
difficulty_level,0,easy,1.0,9,5,ari_stability_1se,6,0.9116503292093112,False,False,0.8569757598652806
difficulty_level,0,easy,1.0,9,5,ari_stability_1se,7,0.9275193694712732,False,False,0.7940305176392651
difficulty_level,0,easy,1.0,9,5,ari_stability_quant,3,0.7588418657389349,False,False,0.689786529162705
difficulty_level,0,easy,1.0,9,5,ari_stability_quant,4,0.841416843669737,False,False,0.92409650145534
difficulty_level,0,easy,1.0,9,5,ari_stability_quant,5,1.0,True,True,1.0
difficulty_level,0,easy,1.0,9,5,ari_stability_quant,6,0.9116503292093112,False,False,0.8569757598652806
difficulty_level,0,easy,1.0,9,5,ari_stability_quant,7,0.9275193694712732,False,False,0.7940305176392651
difficulty_level,0,easy,1.0,9,5,consensus_ce_stability,3,0.744243097718778,False,False,0.689786529162705
difficulty_level,0,easy,1.0,9,5,consensus_ce_stability,4,0.8720733817184757,False,False,0.92409650145534
difficulty_level,0,easy,1.0,9,5,consensus_ce_stability,5,0.9999999999586944,True,True,1.0
difficulty_level,0,easy,1.0,9,5,consensus_ce_stability,6,0.9353126600632803,False,False,0.8569757598652806
difficulty_level,0,easy,1.0,9,5,consensus_ce_stability,7,0.9512868073065492,False,False,0.7940305176392651
difficulty_level,0,easy,1.0,9,5,consensus_gini_stability,3,0.7606993993911213,False,False,0.689786529162705
difficulty_level,0,easy,1.0,9,5,consensus_gini_stability,4,0.8858571693748554,False,False,0.92409650145534
difficulty_level,0,easy,1.0,9,5,consensus_gini_stability,5,1.0,True,True,1.0
difficulty_level,0,easy,1.0,9,5,consensus_gini_stability,6,0.9405233260271828,False,False,0.8569757598652806
difficulty_level,0,easy,1.0,9,5,consensus_gini_stability,7,0.9589292810618608,False,False,0.7940305176392651
difficulty_level,0,easy,1.0,9,5,consensus_pac_stability,3,0.7031816766733379,False,False,0.689786529162705
difficulty_level,0,easy,1.0,9,5,consensus_pac_stability,4,0.8230535912830776,False,False,0.92409650145534
difficulty_level,0,easy,1.0,9,5,consensus_pac_stability,5,1.0,True,True,1.0
difficulty_level,0,easy,1.0,9,5,consensus_pac_stability,6,0.9240862797420503,False,False,0.8569757598652806
difficulty_level,0,easy,1.0,9,5,consensus_pac_stability,7,0.9347191460973983,False,False,0.7940305176392651
difficulty_level,0,easy,1.0,9,5,silhouette,3,0.126141367927418,False,False,0.689786529162705
difficulty_level,0,easy,1.0,9,5,silhouette,4,0.13709266642207824,False,False,0.92409650145534
difficulty_level,0,easy,1.0,9,5,silhouette,5,0.1812250425076631,False,True,0.81121744384322
difficulty_level,0,easy,1.0,9,5,silhouette,6,0.22638405064135478,False,False,0.8594695469216944
difficulty_level,0,easy,1.0,9,5,silhouette,7,0.2656313984021035,True,False,0.7959927177452982
difficulty_level,0,easy,1.0,9,5,gap,3,0.6230971163344261,False,False,0.689786529162705
difficulty_level,0,easy,1.0,9,5,gap,4,0.648520172920346,False,False,0.92409650145534
difficulty_level,0,easy,1.0,9,5,gap,5,0.7293330390067982,False,True,0.81121744384322
difficulty_level,0,easy,1.0,9,5,gap,6,0.8329831148338158,False,False,0.8594695469216944
difficulty_level,0,easy,1.0,9,5,gap,7,0.9465222190094522,True,False,0.7959927177452982
difficulty_level,0,easy,1.0,9,5,davies_bouldin,3,0.2514580439838702,False,False,0.689786529162705
difficulty_level,0,easy,1.0,9,5,davies_bouldin,4,0.23958037313742406,False,False,0.92409650145534
difficulty_level,0,easy,1.0,9,5,davies_bouldin,5,0.2810821667784983,False,True,0.81121744384322
difficulty_level,0,easy,1.0,9,5,davies_bouldin,6,0.29308909213075324,False,False,0.8594695469216944
difficulty_level,0,easy,1.0,9,5,davies_bouldin,7,0.3223952225626987,True,False,0.7959927177452982
difficulty_level,0,easy,1.0,9,5,calinski_harabasz,3,119.60066821409497,False,False,0.689786529162705
difficulty_level,0,easy,1.0,9,5,calinski_harabasz,4,99.57837485922856,False,False,0.92409650145534
difficulty_level,0,easy,1.0,9,5,calinski_harabasz,5,115.90344654883266,False,True,0.81121744384322
difficulty_level,0,easy,1.0,9,5,calinski_harabasz,6,138.09888812785596,False,False,0.8594695469216944
difficulty_level,0,easy,1.0,9,5,calinski_harabasz,7,161.02674975018644,True,False,0.7959927177452982
difficulty_level,0,easy,1.0,10,5,accuracy_generalizability,3,0.8367256520331439,False,False,0.6776066157517814
difficulty_level,0,easy,1.0,10,5,accuracy_generalizability,4,0.863879758396188,False,False,0.8505437174127839
difficulty_level,0,easy,1.0,10,5,accuracy_generalizability,5,0.9990837740302665,True,True,1.0
difficulty_level,0,easy,1.0,10,5,accuracy_generalizability,6,0.8357707576501939,False,False,0.8781724072937698
difficulty_level,0,easy,1.0,10,5,accuracy_generalizability,7,0.8787954761660979,False,False,0.7747902626161736
difficulty_level,0,easy,1.0,10,5,ari_average,3,0.6424157717141946,False,False,0.6776066157517814
difficulty_level,0,easy,1.0,10,5,ari_average,4,0.7942266374478121,False,False,0.8505437174127839
difficulty_level,0,easy,1.0,10,5,ari_average,5,0.9996089282432051,True,True,1.0
difficulty_level,0,easy,1.0,10,5,ari_average,6,0.8479942506861096,False,False,0.8781724072937698
difficulty_level,0,easy,1.0,10,5,ari_average,7,0.8787237202713394,False,False,0.7747902626161736
difficulty_level,0,easy,1.0,10,5,ari_average_1se,3,0.6424157717141946,False,False,0.6776066157517814
difficulty_level,0,easy,1.0,10,5,ari_average_1se,4,0.7942266374478121,False,False,0.8505437174127839
difficulty_level,0,easy,1.0,10,5,ari_average_1se,5,0.9996089282432051,True,True,1.0
difficulty_level,0,easy,1.0,10,5,ari_average_1se,6,0.8479942506861096,False,False,0.8781724072937698
difficulty_level,0,easy,1.0,10,5,ari_average_1se,7,0.8787237202713394,False,False,0.7747902626161736
difficulty_level,0,easy,1.0,10,5,ari_average_quant,3,0.6424157717141946,False,False,0.6776066157517814
difficulty_level,0,easy,1.0,10,5,ari_average_quant,4,0.7942266374478121,False,False,0.8505437174127839
difficulty_level,0,easy,1.0,10,5,ari_average_quant,5,0.9996089282432051,True,True,1.0
difficulty_level,0,easy,1.0,10,5,ari_average_quant,6,0.8479942506861096,False,False,0.8781724072937698
difficulty_level,0,easy,1.0,10,5,ari_average_quant,7,0.8787237202713394,False,False,0.7747902626161736
difficulty_level,0,easy,1.0,10,5,ari_generalizability,3,0.6247996549274721,False,False,0.6776066157517814
difficulty_level,0,easy,1.0,10,5,ari_generalizability,4,0.7811877129877688,False,False,0.8505437174127839
difficulty_level,0,easy,1.0,10,5,ari_generalizability,5,0.9992178564864101,True,True,1.0
difficulty_level,0,easy,1.0,10,5,ari_generalizability,6,0.8348553892823212,False,False,0.8781724072937698
difficulty_level,0,easy,1.0,10,5,ari_generalizability,7,0.8588607270492504,False,False,0.7747902626161736
difficulty_level,0,easy,1.0,10,5,ari_generalizability_1se,3,0.6247996549274721,False,False,0.6776066157517814
difficulty_level,0,easy,1.0,10,5,ari_generalizability_1se,4,0.7811877129877688,False,False,0.8505437174127839
difficulty_level,0,easy,1.0,10,5,ari_generalizability_1se,5,0.9992178564864101,True,True,1.0
difficulty_level,0,easy,1.0,10,5,ari_generalizability_1se,6,0.8348553892823212,False,False,0.8781724072937698
difficulty_level,0,easy,1.0,10,5,ari_generalizability_1se,7,0.8588607270492504,False,False,0.7747902626161736
difficulty_level,0,easy,1.0,10,5,ari_generalizability_quant,3,0.6247996549274721,False,False,0.6776066157517814
difficulty_level,0,easy,1.0,10,5,ari_generalizability_quant,4,0.7811877129877688,False,False,0.8505437174127839
difficulty_level,0,easy,1.0,10,5,ari_generalizability_quant,5,0.9992178564864101,True,True,1.0
difficulty_level,0,easy,1.0,10,5,ari_generalizability_quant,6,0.8348553892823212,False,False,0.8781724072937698
difficulty_level,0,easy,1.0,10,5,ari_generalizability_quant,7,0.8588607270492504,False,False,0.7747902626161736
difficulty_level,0,easy,1.0,10,5,ari_stability,3,0.6600318885009172,False,False,0.6776066157517814
difficulty_level,0,easy,1.0,10,5,ari_stability,4,0.8072655619078553,False,False,0.8505437174127839
difficulty_level,0,easy,1.0,10,5,ari_stability,5,1.0,True,True,1.0
difficulty_level,0,easy,1.0,10,5,ari_stability,6,0.8611331120898984,False,False,0.8781724072937698
difficulty_level,0,easy,1.0,10,5,ari_stability,7,0.8985867134934282,False,False,0.7747902626161736
difficulty_level,0,easy,1.0,10,5,ari_stability_1se,3,0.6600318885009172,False,False,0.6776066157517814
difficulty_level,0,easy,1.0,10,5,ari_stability_1se,4,0.8072655619078553,False,False,0.8505437174127839
difficulty_level,0,easy,1.0,10,5,ari_stability_1se,5,1.0,True,True,1.0
difficulty_level,0,easy,1.0,10,5,ari_stability_1se,6,0.8611331120898984,False,False,0.8781724072937698
difficulty_level,0,easy,1.0,10,5,ari_stability_1se,7,0.8985867134934282,False,False,0.7747902626161736
difficulty_level,0,easy,1.0,10,5,ari_stability_quant,3,0.6600318885009172,False,False,0.6776066157517814
difficulty_level,0,easy,1.0,10,5,ari_stability_quant,4,0.8072655619078553,False,False,0.8505437174127839
difficulty_level,0,easy,1.0,10,5,ari_stability_quant,5,1.0,True,True,1.0
difficulty_level,0,easy,1.0,10,5,ari_stability_quant,6,0.8611331120898984,False,False,0.8781724072937698
difficulty_level,0,easy,1.0,10,5,ari_stability_quant,7,0.8985867134934282,False,False,0.7747902626161736
difficulty_level,0,easy,1.0,10,5,consensus_ce_stability,3,0.665782560836864,False,False,0.6776066157517814
difficulty_level,0,easy,1.0,10,5,consensus_ce_stability,4,0.8126787854975397,False,False,0.8505437174127839
difficulty_level,0,easy,1.0,10,5,consensus_ce_stability,5,0.9999999999586944,True,True,1.0
difficulty_level,0,easy,1.0,10,5,consensus_ce_stability,6,0.9215067403972154,False,False,0.8781724072937698
difficulty_level,0,easy,1.0,10,5,consensus_ce_stability,7,0.9460750193255936,False,False,0.7747902626161736
difficulty_level,0,easy,1.0,10,5,consensus_gini_stability,3,0.7061792353743865,False,False,0.6776066157517814
difficulty_level,0,easy,1.0,10,5,consensus_gini_stability,4,0.8328895210031781,False,False,0.8505437174127839
difficulty_level,0,easy,1.0,10,5,consensus_gini_stability,5,1.0,True,True,1.0
difficulty_level,0,easy,1.0,10,5,consensus_gini_stability,6,0.9253918885687945,False,False,0.8781724072937698
difficulty_level,0,easy,1.0,10,5,consensus_gini_stability,7,0.9562545895669622,False,False,0.7747902626161736
difficulty_level,0,easy,1.0,10,5,consensus_pac_stability,3,0.5430180120080053,False,False,0.6776066157517814
difficulty_level,0,easy,1.0,10,5,consensus_pac_stability,4,0.762080498109851,False,False,0.8505437174127839
difficulty_level,0,easy,1.0,10,5,consensus_pac_stability,5,1.0,True,True,1.0
difficulty_level,0,easy,1.0,10,5,consensus_pac_stability,6,0.9112136980209028,False,False,0.8781724072937698
difficulty_level,0,easy,1.0,10,5,consensus_pac_stability,7,0.9084518567934179,False,False,0.7747902626161736
difficulty_level,0,easy,1.0,10,5,silhouette,3,0.08969417525380337,False,False,0.5830185871862079
difficulty_level,0,easy,1.0,10,5,silhouette,4,0.14811045243828888,False,False,0.9119859130321678
difficulty_level,0,easy,1.0,10,5,silhouette,5,0.16647570760083263,False,True,1.0
difficulty_level,0,easy,1.0,10,5,silhouette,6,0.21395224720938788,False,False,0.9143331183855753
difficulty_level,0,easy,1.0,10,5,silhouette,7,0.23773768389328218,True,False,0.7956353649347061
difficulty_level,0,easy,1.0,10,5,gap,3,0.6014544892435332,False,False,0.5830185871862079
difficulty_level,0,easy,1.0,10,5,gap,4,0.6834225050127003,False,False,0.9119859130321678
difficulty_level,0,easy,1.0,10,5,gap,5,0.7227520188990635,False,True,1.0
difficulty_level,0,easy,1.0,10,5,gap,6,0.8813472716662112,False,False,0.9143331183855753
difficulty_level,0,easy,1.0,10,5,gap,7,0.973562739035172,True,False,0.7956353649347061
difficulty_level,0,easy,1.0,10,5,davies_bouldin,3,0.23992166227668935,False,False,0.5830185871862079
difficulty_level,0,easy,1.0,10,5,davies_bouldin,4,0.2532308183629822,False,False,0.9119859130321678
difficulty_level,0,easy,1.0,10,5,davies_bouldin,5,0.28827482756306594,False,True,1.0
difficulty_level,0,easy,1.0,10,5,davies_bouldin,6,0.3257397601377585,False,False,0.9143331183855753
difficulty_level,0,easy,1.0,10,5,davies_bouldin,7,0.3300043494121166,True,False,0.7956353649347061
difficulty_level,0,easy,1.0,10,5,calinski_harabasz,3,84.647133237511,False,False,0.5830185871862079
difficulty_level,0,easy,1.0,10,5,calinski_harabasz,4,108.82996817047903,False,False,0.9119859130321678
difficulty_level,0,easy,1.0,10,5,calinski_harabasz,5,103.06369375834107,False,True,1.0
difficulty_level,0,easy,1.0,10,5,calinski_harabasz,6,150.81791219115752,False,False,0.9143331183855753
difficulty_level,0,easy,1.0,10,5,calinski_harabasz,7,164.1038900965052,True,False,0.7956353649347061
difficulty_level,0,easy,1.0,11,5,accuracy_generalizability,3,0.8996803666128371,False,False,0.8107715386725332
difficulty_level,0,easy,1.0,11,5,accuracy_generalizability,4,0.9956942217189511,True,False,0.9485165163407056
difficulty_level,0,easy,1.0,11,5,accuracy_generalizability,5,0.9117660891132106,False,True,1.0
difficulty_level,0,easy,1.0,11,5,accuracy_generalizability,6,0.9213857662690959,False,False,0.6840712509721539
difficulty_level,0,easy,1.0,11,5,accuracy_generalizability,7,0.8651026037265932,False,False,0.5612056434347827
difficulty_level,0,easy,1.0,11,5,ari_average,3,0.8727348026800589,False,False,0.8107715386725332
difficulty_level,0,easy,1.0,11,5,ari_average,4,0.9954775194928317,True,False,0.9485165163407056
difficulty_level,0,easy,1.0,11,5,ari_average,5,0.9483350424700184,False,True,1.0
difficulty_level,0,easy,1.0,11,5,ari_average,6,0.8792219466912221,False,False,0.6840712509721539
difficulty_level,0,easy,1.0,11,5,ari_average,7,0.8051770606655966,False,False,0.5612056434347827
difficulty_level,0,easy,1.0,11,5,ari_average_1se,3,0.8727348026800589,False,False,0.8107715386725332
difficulty_level,0,easy,1.0,11,5,ari_average_1se,4,0.9954775194928317,True,False,0.9485165163407056
difficulty_level,0,easy,1.0,11,5,ari_average_1se,5,0.9483350424700184,False,True,1.0
difficulty_level,0,easy,1.0,11,5,ari_average_1se,6,0.8792219466912221,False,False,0.6840712509721539
difficulty_level,0,easy,1.0,11,5,ari_average_1se,7,0.8051770606655966,False,False,0.5612056434347827
difficulty_level,0,easy,1.0,11,5,ari_average_quant,3,0.8727348026800589,False,False,0.8107715386725332
difficulty_level,0,easy,1.0,11,5,ari_average_quant,4,0.9954775194928317,False,False,0.9485165163407056
difficulty_level,0,easy,1.0,11,5,ari_average_quant,5,0.9483350424700184,True,True,1.0
difficulty_level,0,easy,1.0,11,5,ari_average_quant,6,0.8792219466912221,False,False,0.6840712509721539
difficulty_level,0,easy,1.0,11,5,ari_average_quant,7,0.8051770606655966,False,False,0.5612056434347827
difficulty_level,0,easy,1.0,11,5,ari_generalizability,3,0.862380120939039,False,False,0.8107715386725332
difficulty_level,0,easy,1.0,11,5,ari_generalizability,4,0.9963422523359655,True,False,0.9485165163407056
difficulty_level,0,easy,1.0,11,5,ari_generalizability,5,0.8966700849400372,False,True,1.0
difficulty_level,0,easy,1.0,11,5,ari_generalizability,6,0.8577946128452925,False,False,0.6840712509721539
difficulty_level,0,easy,1.0,11,5,ari_generalizability,7,0.7884678403288045,False,False,0.5612056434347827
difficulty_level,0,easy,1.0,11,5,ari_generalizability_1se,3,0.862380120939039,False,False,0.8107715386725332
difficulty_level,0,easy,1.0,11,5,ari_generalizability_1se,4,0.9963422523359655,True,False,0.9485165163407056
difficulty_level,0,easy,1.0,11,5,ari_generalizability_1se,5,0.8966700849400372,False,True,1.0
difficulty_level,0,easy,1.0,11,5,ari_generalizability_1se,6,0.8577946128452925,False,False,0.6840712509721539
difficulty_level,0,easy,1.0,11,5,ari_generalizability_1se,7,0.7884678403288045,False,False,0.5612056434347827
difficulty_level,0,easy,1.0,11,5,ari_generalizability_quant,3,0.862380120939039,False,False,0.8107715386725332
difficulty_level,0,easy,1.0,11,5,ari_generalizability_quant,4,0.9963422523359655,True,False,0.9485165163407056
difficulty_level,0,easy,1.0,11,5,ari_generalizability_quant,5,0.8966700849400372,False,True,1.0
difficulty_level,0,easy,1.0,11,5,ari_generalizability_quant,6,0.8577946128452925,False,False,0.6840712509721539
difficulty_level,0,easy,1.0,11,5,ari_generalizability_quant,7,0.7884678403288045,False,False,0.5612056434347827
difficulty_level,0,easy,1.0,11,5,ari_stability,3,0.8830894844210785,False,False,0.8107715386725332
difficulty_level,0,easy,1.0,11,5,ari_stability,4,0.994612786649698,False,False,0.9485165163407056
difficulty_level,0,easy,1.0,11,5,ari_stability,5,1.0,True,True,1.0
difficulty_level,0,easy,1.0,11,5,ari_stability,6,0.9006492805371512,False,False,0.6840712509721539
difficulty_level,0,easy,1.0,11,5,ari_stability,7,0.821886281002389,False,False,0.5612056434347827
difficulty_level,0,easy,1.0,11,5,ari_stability_1se,3,0.8830894844210785,False,False,0.8107715386725332
difficulty_level,0,easy,1.0,11,5,ari_stability_1se,4,0.994612786649698,False,False,0.9485165163407056
difficulty_level,0,easy,1.0,11,5,ari_stability_1se,5,1.0,True,True,1.0
difficulty_level,0,easy,1.0,11,5,ari_stability_1se,6,0.9006492805371512,False,False,0.6840712509721539
difficulty_level,0,easy,1.0,11,5,ari_stability_1se,7,0.821886281002389,False,False,0.5612056434347827
difficulty_level,0,easy,1.0,11,5,ari_stability_quant,3,0.8830894844210785,False,False,0.8107715386725332
difficulty_level,0,easy,1.0,11,5,ari_stability_quant,4,0.994612786649698,False,False,0.9485165163407056
difficulty_level,0,easy,1.0,11,5,ari_stability_quant,5,1.0,True,True,1.0
difficulty_level,0,easy,1.0,11,5,ari_stability_quant,6,0.9006492805371512,False,False,0.6840712509721539
difficulty_level,0,easy,1.0,11,5,ari_stability_quant,7,0.821886281002389,False,False,0.5612056434347827
difficulty_level,0,easy,1.0,11,5,consensus_ce_stability,3,0.8717875251490375,False,False,0.8107715386725332
difficulty_level,0,easy,1.0,11,5,consensus_ce_stability,4,0.9957503141622573,False,False,0.9485165163407056
difficulty_level,0,easy,1.0,11,5,consensus_ce_stability,5,0.9999999999586944,True,True,1.0
difficulty_level,0,easy,1.0,11,5,consensus_ce_stability,6,0.9225075835457592,False,False,0.6840712509721539
difficulty_level,0,easy,1.0,11,5,consensus_ce_stability,7,0.8887888837228629,False,False,0.5612056434347827
difficulty_level,0,easy,1.0,11,5,consensus_gini_stability,3,0.8812456142282274,False,False,0.8107715386725332
difficulty_level,0,easy,1.0,11,5,consensus_gini_stability,4,0.9975197325714397,False,False,0.9485165163407056
difficulty_level,0,easy,1.0,11,5,consensus_gini_stability,5,1.0,True,True,1.0
difficulty_level,0,easy,1.0,11,5,consensus_gini_stability,6,0.9379294048461458,False,False,0.6840712509721539
difficulty_level,0,easy,1.0,11,5,consensus_gini_stability,7,0.8999089467508838,False,False,0.5612056434347827
difficulty_level,0,easy,1.0,11,5,consensus_pac_stability,3,0.8362606181899044,False,False,0.8107715386725332
difficulty_level,0,easy,1.0,11,5,consensus_pac_stability,4,1.0,True,False,0.9485165163407056
difficulty_level,0,easy,1.0,11,5,consensus_pac_stability,5,1.0,False,True,1.0
difficulty_level,0,easy,1.0,11,5,consensus_pac_stability,6,0.8669139426284189,False,False,0.6840712509721539
difficulty_level,0,easy,1.0,11,5,consensus_pac_stability,7,0.8613386702245942,False,False,0.5612056434347827
difficulty_level,0,easy,1.0,11,5,silhouette,3,0.1586920749917009,False,False,0.8107715386725332
difficulty_level,0,easy,1.0,11,5,silhouette,4,0.18788477584053961,False,False,0.9485165163407056
difficulty_level,0,easy,1.0,11,5,silhouette,5,0.2088920776928995,False,True,1.0
difficulty_level,0,easy,1.0,11,5,silhouette,6,0.27977330957643753,False,False,0.685313067916824
difficulty_level,0,easy,1.0,11,5,silhouette,7,0.2927556065481072,True,False,0.5715268078363669
difficulty_level,0,easy,1.0,11,5,gap,3,0.6894176418212972,False,False,0.8107715386725332
difficulty_level,0,easy,1.0,11,5,gap,4,0.7277294144303248,False,False,0.9485165163407056
difficulty_level,0,easy,1.0,11,5,gap,5,0.7537658333377131,False,True,1.0
difficulty_level,0,easy,1.0,11,5,gap,6,0.9459112598085397,False,False,0.685313067916824
difficulty_level,0,easy,1.0,11,5,gap,7,1.0704631252883683,True,False,0.5715268078363669
difficulty_level,0,easy,1.0,11,5,davies_bouldin,3,0.23605473212832984,False,False,0.8107715386725332
difficulty_level,0,easy,1.0,11,5,davies_bouldin,4,0.25531144358789737,False,False,0.9485165163407056
difficulty_level,0,easy,1.0,11,5,davies_bouldin,5,0.2696296192034112,False,True,1.0
difficulty_level,0,easy,1.0,11,5,davies_bouldin,6,0.29116429169328556,False,False,0.685313067916824
difficulty_level,0,easy,1.0,11,5,davies_bouldin,7,0.31367072212701874,True,False,0.5715268078363669
difficulty_level,0,easy,1.0,11,5,calinski_harabasz,3,113.66947630712662,False,False,0.8107715386725332
difficulty_level,0,easy,1.0,11,5,calinski_harabasz,4,103.12333042208198,False,False,0.9485165163407056
difficulty_level,0,easy,1.0,11,5,calinski_harabasz,5,92.70490765174458,False,True,1.0
difficulty_level,0,easy,1.0,11,5,calinski_harabasz,6,155.8990758093432,False,False,0.685313067916824
difficulty_level,0,easy,1.0,11,5,calinski_harabasz,7,182.1947693320729,True,False,0.5715268078363669
difficulty_level,0,easy,0.6690384222157768,12,5,accuracy_generalizability,3,1.0,True,False,0.8460914360283867
difficulty_level,0,easy,0.6690384222157768,12,5,accuracy_generalizability,4,0.8687210840006676,False,False,0.9505921360805065
difficulty_level,0,easy,0.6690384222157768,12,5,accuracy_generalizability,5,0.7597215798277115,False,True,1.0
difficulty_level,0,easy,0.6690384222157768,12,5,accuracy_generalizability,6,0.898197961788225,False,False,0.7338944305127854
difficulty_level,0,easy,0.6690384222157768,12,5,accuracy_generalizability,7,0.8017818614436119,False,False,0.6736670050763954
difficulty_level,0,easy,0.6690384222157768,12,5,ari_average,3,0.9974393506701662,True,False,0.8460914360283867
difficulty_level,0,easy,0.6690384222157768,12,5,ari_average,4,0.9024758395991145,False,False,0.9505921360805065
difficulty_level,0,easy,0.6690384222157768,12,5,ari_average,5,0.859913189774162,False,True,1.0
difficulty_level,0,easy,0.6690384222157768,12,5,ari_average,6,0.905789394578807,False,False,0.7338944305127854
difficulty_level,0,easy,0.6690384222157768,12,5,ari_average,7,0.7720734002223492,False,False,0.6736670050763954
difficulty_level,0,easy,0.6690384222157768,12,5,ari_average_1se,3,0.9974393506701662,True,False,0.8460914360283867
difficulty_level,0,easy,0.6690384222157768,12,5,ari_average_1se,4,0.9024758395991145,False,False,0.9505921360805065
difficulty_level,0,easy,0.6690384222157768,12,5,ari_average_1se,5,0.859913189774162,False,True,1.0
difficulty_level,0,easy,0.6690384222157768,12,5,ari_average_1se,6,0.905789394578807,False,False,0.7338944305127854
difficulty_level,0,easy,0.6690384222157768,12,5,ari_average_1se,7,0.7720734002223492,False,False,0.6736670050763954
difficulty_level,0,easy,0.6690384222157768,12,5,ari_average_quant,3,0.9974393506701662,True,False,0.8460914360283867
difficulty_level,0,easy,0.6690384222157768,12,5,ari_average_quant,4,0.9024758395991145,False,False,0.9505921360805065
difficulty_level,0,easy,0.6690384222157768,12,5,ari_average_quant,5,0.859913189774162,False,True,1.0
difficulty_level,0,easy,0.6690384222157768,12,5,ari_average_quant,6,0.905789394578807,False,False,0.7338944305127854
difficulty_level,0,easy,0.6690384222157768,12,5,ari_average_quant,7,0.7720734002223492,False,False,0.6736670050763954
difficulty_level,0,easy,0.6690384222157768,12,5,ari_generalizability,3,1.0,True,False,0.8460914360283867
difficulty_level,0,easy,0.6690384222157768,12,5,ari_generalizability,4,0.8407413884496728,False,False,0.9505921360805065
difficulty_level,0,easy,0.6690384222157768,12,5,ari_generalizability,5,0.7198263795483238,False,True,1.0
difficulty_level,0,easy,0.6690384222157768,12,5,ari_generalizability,6,0.8627299661121086,False,False,0.7338944305127854
difficulty_level,0,easy,0.6690384222157768,12,5,ari_generalizability,7,0.7426492982589785,False,False,0.6736670050763954
difficulty_level,0,easy,0.6690384222157768,12,5,ari_generalizability_1se,3,1.0,True,False,0.8460914360283867
difficulty_level,0,easy,0.6690384222157768,12,5,ari_generalizability_1se,4,0.8407413884496728,False,False,0.9505921360805065
difficulty_level,0,easy,0.6690384222157768,12,5,ari_generalizability_1se,5,0.7198263795483238,False,True,1.0
difficulty_level,0,easy,0.6690384222157768,12,5,ari_generalizability_1se,6,0.8627299661121086,False,False,0.7338944305127854
difficulty_level,0,easy,0.6690384222157768,12,5,ari_generalizability_1se,7,0.7426492982589785,False,False,0.6736670050763954
difficulty_level,0,easy,0.6690384222157768,12,5,ari_generalizability_quant,3,1.0,True,False,0.8460914360283867
difficulty_level,0,easy,0.6690384222157768,12,5,ari_generalizability_quant,4,0.8407413884496728,False,False,0.9505921360805065
difficulty_level,0,easy,0.6690384222157768,12,5,ari_generalizability_quant,5,0.7198263795483238,False,True,1.0
difficulty_level,0,easy,0.6690384222157768,12,5,ari_generalizability_quant,6,0.8627299661121086,False,False,0.7338944305127854
difficulty_level,0,easy,0.6690384222157768,12,5,ari_generalizability_quant,7,0.7426492982589785,False,False,0.6736670050763954
difficulty_level,0,easy,0.6690384222157768,12,5,ari_stability,3,0.9948787013403326,False,False,0.8460914360283867
difficulty_level,0,easy,0.6690384222157768,12,5,ari_stability,4,0.9642102907485558,False,False,0.9505921360805065
difficulty_level,0,easy,0.6690384222157768,12,5,ari_stability,5,1.0,True,True,1.0
difficulty_level,0,easy,0.6690384222157768,12,5,ari_stability,6,0.948848823045506,False,False,0.7338944305127854
difficulty_level,0,easy,0.6690384222157768,12,5,ari_stability,7,0.8014975021857192,False,False,0.6736670050763954
difficulty_level,0,easy,0.6690384222157768,12,5,ari_stability_1se,3,0.9948787013403326,False,False,0.8460914360283867
difficulty_level,0,easy,0.6690384222157768,12,5,ari_stability_1se,4,0.9642102907485558,False,False,0.9505921360805065
difficulty_level,0,easy,0.6690384222157768,12,5,ari_stability_1se,5,1.0,True,True,1.0
difficulty_level,0,easy,0.6690384222157768,12,5,ari_stability_1se,6,0.948848823045506,False,False,0.7338944305127854
difficulty_level,0,easy,0.6690384222157768,12,5,ari_stability_1se,7,0.8014975021857192,False,False,0.6736670050763954
difficulty_level,0,easy,0.6690384222157768,12,5,ari_stability_quant,3,0.9948787013403326,False,False,0.8460914360283867
difficulty_level,0,easy,0.6690384222157768,12,5,ari_stability_quant,4,0.9642102907485558,False,False,0.9505921360805065
difficulty_level,0,easy,0.6690384222157768,12,5,ari_stability_quant,5,1.0,True,True,1.0
difficulty_level,0,easy,0.6690384222157768,12,5,ari_stability_quant,6,0.948848823045506,False,False,0.7338944305127854
difficulty_level,0,easy,0.6690384222157768,12,5,ari_stability_quant,7,0.8014975021857192,False,False,0.6736670050763954
difficulty_level,0,easy,0.6690384222157768,12,5,consensus_ce_stability,3,0.9999999999586944,True,False,0.8460914360283867
difficulty_level,0,easy,0.6690384222157768,12,5,consensus_ce_stability,4,0.9605624945329725,False,False,0.9505921360805065
difficulty_level,0,easy,0.6690384222157768,12,5,consensus_ce_stability,5,0.9999999999586944,False,True,1.0
difficulty_level,0,easy,0.6690384222157768,12,5,consensus_ce_stability,6,0.961382961620889,False,False,0.7338944305127854
difficulty_level,0,easy,0.6690384222157768,12,5,consensus_ce_stability,7,0.8864433393509288,False,False,0.6736670050763954
difficulty_level,0,easy,0.6690384222157768,12,5,consensus_gini_stability,3,1.0,True,False,0.8460914360283867
difficulty_level,0,easy,0.6690384222157768,12,5,consensus_gini_stability,4,0.964319384323079,False,False,0.9505921360805065
difficulty_level,0,easy,0.6690384222157768,12,5,consensus_gini_stability,5,1.0,False,True,1.0
difficulty_level,0,easy,0.6690384222157768,12,5,consensus_gini_stability,6,0.9662063864791239,False,False,0.7338944305127854
difficulty_level,0,easy,0.6690384222157768,12,5,consensus_gini_stability,7,0.8945502192109778,False,False,0.6736670050763954
difficulty_level,0,easy,0.6690384222157768,12,5,consensus_pac_stability,3,1.0,True,False,0.8460914360283867
difficulty_level,0,easy,0.6690384222157768,12,5,consensus_pac_stability,4,0.9527898599066044,False,False,0.9505921360805065
difficulty_level,0,easy,0.6690384222157768,12,5,consensus_pac_stability,5,1.0,False,True,1.0
difficulty_level,0,easy,0.6690384222157768,12,5,consensus_pac_stability,6,0.9598185456971314,False,False,0.7338944305127854
difficulty_level,0,easy,0.6690384222157768,12,5,consensus_pac_stability,7,0.8644109406270848,False,False,0.6736670050763954
difficulty_level,0,easy,0.6690384222157768,12,5,silhouette,3,0.13965360050850273,False,False,0.8460914360283867
difficulty_level,0,easy,0.6690384222157768,12,5,silhouette,4,0.1658784968612527,False,False,0.9505921360805065
difficulty_level,0,easy,0.6690384222157768,12,5,silhouette,5,0.24985824434497772,False,True,0.6690384222157768
difficulty_level,0,easy,0.6690384222157768,12,5,silhouette,6,0.27301438879092915,False,False,0.7177194441550826
difficulty_level,0,easy,0.6690384222157768,12,5,silhouette,7,0.27309130071580245,True,False,0.6080883133250458
difficulty_level,0,easy,0.6690384222157768,12,5,gap,3,0.9090040842584521,False,False,0.8460914360283867
difficulty_level,0,easy,0.6690384222157768,12,5,gap,4,0.9498878920174594,False,False,0.9505921360805065
difficulty_level,0,easy,0.6690384222157768,12,5,gap,5,1.1412819634706128,False,True,0.6690384222157768
difficulty_level,0,easy,0.6690384222157768,12,5,gap,6,1.1919157251303396,False,False,0.7177194441550826
difficulty_level,0,easy,0.6690384222157768,12,5,gap,7,1.2941255273306247,True,False,0.6080883133250458
difficulty_level,0,easy,0.6690384222157768,12,5,davies_bouldin,3,0.2450812131653292,False,False,0.8460914360283867
difficulty_level,0,easy,0.6690384222157768,12,5,davies_bouldin,4,0.2551172054842781,False,False,0.9505921360805065
difficulty_level,0,easy,0.6690384222157768,12,5,davies_bouldin,5,0.28565348702139837,False,True,0.6690384222157768
difficulty_level,0,easy,0.6690384222157768,12,5,davies_bouldin,6,0.31939080232170813,False,False,0.7177194441550826
difficulty_level,0,easy,0.6690384222157768,12,5,davies_bouldin,7,0.34055986878566513,True,False,0.6080883133250458
difficulty_level,0,easy,0.6690384222157768,12,5,calinski_harabasz,3,102.82019370680123,False,False,0.8460914360283867
difficulty_level,0,easy,0.6690384222157768,12,5,calinski_harabasz,4,96.74310790063242,False,False,0.9505921360805065
difficulty_level,0,easy,0.6690384222157768,12,5,calinski_harabasz,5,170.22044627224238,False,True,0.6690384222157768
difficulty_level,0,easy,0.6690384222157768,12,5,calinski_harabasz,6,161.62899911348734,False,False,0.7177194441550826
difficulty_level,0,easy,0.6690384222157768,12,5,calinski_harabasz,7,178.25217170045784,True,False,0.6080883133250458
difficulty_level,0,easy,1.0,13,5,accuracy_generalizability,3,0.8577082085176913,False,False,0.605732042599473
difficulty_level,0,easy,1.0,13,5,accuracy_generalizability,4,0.9556882676706548,False,False,0.9369922427073986
difficulty_level,0,easy,1.0,13,5,accuracy_generalizability,5,0.982808199961756,True,True,1.0
difficulty_level,0,easy,1.0,13,5,accuracy_generalizability,6,0.9464512134768746,False,False,0.8115487192595785
difficulty_level,0,easy,1.0,13,5,accuracy_generalizability,7,0.8891383091583503,False,False,0.7088863331228609
difficulty_level,0,easy,1.0,13,5,ari_average,3,0.7046867399896545,False,False,0.605732042599473
difficulty_level,0,easy,1.0,13,5,ari_average,4,0.8970744879220471,False,False,0.9369922427073986
difficulty_level,0,easy,1.0,13,5,ari_average,5,0.9914733237026101,True,True,1.0
difficulty_level,0,easy,1.0,13,5,ari_average,6,0.932422081461905,False,False,0.8115487192595785
difficulty_level,0,easy,1.0,13,5,ari_average,7,0.871846285434182,False,False,0.7088863331228609
difficulty_level,0,easy,1.0,13,5,ari_average_1se,3,0.7046867399896545,False,False,0.605732042599473
difficulty_level,0,easy,1.0,13,5,ari_average_1se,4,0.8970744879220471,False,False,0.9369922427073986
difficulty_level,0,easy,1.0,13,5,ari_average_1se,5,0.9914733237026101,True,True,1.0
difficulty_level,0,easy,1.0,13,5,ari_average_1se,6,0.932422081461905,False,False,0.8115487192595785
difficulty_level,0,easy,1.0,13,5,ari_average_1se,7,0.871846285434182,False,False,0.7088863331228609
difficulty_level,0,easy,1.0,13,5,ari_average_quant,3,0.7046867399896545,False,False,0.605732042599473
difficulty_level,0,easy,1.0,13,5,ari_average_quant,4,0.8970744879220471,False,False,0.9369922427073986
difficulty_level,0,easy,1.0,13,5,ari_average_quant,5,0.9914733237026101,False,True,1.0
difficulty_level,0,easy,1.0,13,5,ari_average_quant,6,0.932422081461905,True,False,0.8115487192595785
difficulty_level,0,easy,1.0,13,5,ari_average_quant,7,0.871846285434182,False,False,0.7088863331228609
difficulty_level,0,easy,1.0,13,5,ari_generalizability,3,0.663411395742789,False,False,0.605732042599473
difficulty_level,0,easy,1.0,13,5,ari_generalizability,4,0.9171690801248437,False,False,0.9369922427073986
difficulty_level,0,easy,1.0,13,5,ari_generalizability,5,0.9829466474052201,True,True,1.0
difficulty_level,0,easy,1.0,13,5,ari_generalizability,6,0.9203105087250267,False,False,0.8115487192595785
difficulty_level,0,easy,1.0,13,5,ari_generalizability,7,0.8555808070163864,False,False,0.7088863331228609
difficulty_level,0,easy,1.0,13,5,ari_generalizability_1se,3,0.663411395742789,False,False,0.605732042599473
difficulty_level,0,easy,1.0,13,5,ari_generalizability_1se,4,0.9171690801248437,False,False,0.9369922427073986
difficulty_level,0,easy,1.0,13,5,ari_generalizability_1se,5,0.9829466474052201,True,True,1.0
difficulty_level,0,easy,1.0,13,5,ari_generalizability_1se,6,0.9203105087250267,False,False,0.8115487192595785
difficulty_level,0,easy,1.0,13,5,ari_generalizability_1se,7,0.8555808070163864,False,False,0.7088863331228609
difficulty_level,0,easy,1.0,13,5,ari_generalizability_quant,3,0.663411395742789,False,False,0.605732042599473
difficulty_level,0,easy,1.0,13,5,ari_generalizability_quant,4,0.9171690801248437,False,False,0.9369922427073986
difficulty_level,0,easy,1.0,13,5,ari_generalizability_quant,5,0.9829466474052201,False,True,1.0
difficulty_level,0,easy,1.0,13,5,ari_generalizability_quant,6,0.9203105087250267,False,False,0.8115487192595785
difficulty_level,0,easy,1.0,13,5,ari_generalizability_quant,7,0.8555808070163864,True,False,0.7088863331228609
difficulty_level,0,easy,1.0,13,5,ari_stability,3,0.7459620842365198,False,False,0.605732042599473
difficulty_level,0,easy,1.0,13,5,ari_stability,4,0.8769798957192506,False,False,0.9369922427073986
difficulty_level,0,easy,1.0,13,5,ari_stability,5,1.0,True,True,1.0
difficulty_level,0,easy,1.0,13,5,ari_stability,6,0.9445336541987828,False,False,0.8115487192595785
difficulty_level,0,easy,1.0,13,5,ari_stability,7,0.8881117638519775,False,False,0.7088863331228609
difficulty_level,0,easy,1.0,13,5,ari_stability_1se,3,0.7459620842365198,False,False,0.605732042599473
difficulty_level,0,easy,1.0,13,5,ari_stability_1se,4,0.8769798957192506,False,False,0.9369922427073986
difficulty_level,0,easy,1.0,13,5,ari_stability_1se,5,1.0,True,True,1.0
difficulty_level,0,easy,1.0,13,5,ari_stability_1se,6,0.9445336541987828,False,False,0.8115487192595785
difficulty_level,0,easy,1.0,13,5,ari_stability_1se,7,0.8881117638519775,False,False,0.7088863331228609
difficulty_level,0,easy,1.0,13,5,ari_stability_quant,3,0.7459620842365198,False,False,0.605732042599473
difficulty_level,0,easy,1.0,13,5,ari_stability_quant,4,0.8769798957192506,False,False,0.9369922427073986
difficulty_level,0,easy,1.0,13,5,ari_stability_quant,5,1.0,True,True,1.0
difficulty_level,0,easy,1.0,13,5,ari_stability_quant,6,0.9445336541987828,False,False,0.8115487192595785
difficulty_level,0,easy,1.0,13,5,ari_stability_quant,7,0.8881117638519775,False,False,0.7088863331228609
difficulty_level,0,easy,1.0,13,5,consensus_ce_stability,3,0.7668129068392292,False,False,0.605732042599473
difficulty_level,0,easy,1.0,13,5,consensus_ce_stability,4,0.8887070236095476,False,False,0.9369922427073986
difficulty_level,0,easy,1.0,13,5,consensus_ce_stability,5,0.9999999999586944,True,True,1.0
difficulty_level,0,easy,1.0,13,5,consensus_ce_stability,6,0.9596437501987811,False,False,0.8115487192595785
difficulty_level,0,easy,1.0,13,5,consensus_ce_stability,7,0.937365563681082,False,False,0.7088863331228609
difficulty_level,0,easy,1.0,13,5,consensus_gini_stability,3,0.774997759570442,False,False,0.605732042599473
difficulty_level,0,easy,1.0,13,5,consensus_gini_stability,4,0.9027757466004774,False,False,0.9369922427073986
difficulty_level,0,easy,1.0,13,5,consensus_gini_stability,5,1.0,True,True,1.0
difficulty_level,0,easy,1.0,13,5,consensus_gini_stability,6,0.9669027597158515,False,False,0.8115487192595785
difficulty_level,0,easy,1.0,13,5,consensus_gini_stability,7,0.9457042641417205,False,False,0.7088863331228609
difficulty_level,0,easy,1.0,13,5,consensus_pac_stability,3,0.7409802090282411,False,False,0.605732042599473
difficulty_level,0,easy,1.0,13,5,consensus_pac_stability,4,0.853274627529464,False,False,0.9369922427073986
difficulty_level,0,easy,1.0,13,5,consensus_pac_stability,5,1.0,True,True,1.0
difficulty_level,0,easy,1.0,13,5,consensus_pac_stability,6,0.9426746720035579,False,False,0.8115487192595785
difficulty_level,0,easy,1.0,13,5,consensus_pac_stability,7,0.9180333555703802,False,False,0.7088863331228609
difficulty_level,0,easy,1.0,13,5,silhouette,3,0.08729761818389799,False,False,0.500841869760699
difficulty_level,0,easy,1.0,13,5,silhouette,4,0.14638981086225641,False,False,0.8982983163448504
difficulty_level,0,easy,1.0,13,5,silhouette,5,0.1751583648213281,False,True,1.0
difficulty_level,0,easy,1.0,13,5,silhouette,6,0.2837666777109393,False,False,0.8064294880938615
difficulty_level,0,easy,1.0,13,5,silhouette,7,0.31059437971599996,True,False,0.7032261950727347
difficulty_level,0,easy,1.0,13,5,gap,3,0.5489936754678002,False,False,0.500841869760699
difficulty_level,0,easy,1.0,13,5,gap,4,0.6235118382997715,False,False,0.8982983163448504
difficulty_level,0,easy,1.0,13,5,gap,5,0.6690205546469805,False,True,1.0
difficulty_level,0,easy,1.0,13,5,gap,6,0.9318397821601607,False,False,0.8064294880938615
difficulty_level,0,easy,1.0,13,5,gap,7,1.060814378742739,True,False,0.7032261950727347
difficulty_level,0,easy,1.0,13,5,davies_bouldin,3,0.23883576760528227,False,False,0.500841869760699
difficulty_level,0,easy,1.0,13,5,davies_bouldin,4,0.27018285905803174,False,False,0.8982983163448504
difficulty_level,0,easy,1.0,13,5,davies_bouldin,5,0.28479821564810714,False,True,1.0
difficulty_level,0,easy,1.0,13,5,davies_bouldin,6,0.3269269328328114,False,False,0.8064294880938615
difficulty_level,0,easy,1.0,13,5,davies_bouldin,7,0.3474791204642387,True,False,0.7032261950727347
difficulty_level,0,easy,1.0,13,5,calinski_harabasz,3,83.78607545453812,False,False,0.500841869760699
difficulty_level,0,easy,1.0,13,5,calinski_harabasz,4,103.5575633600192,False,False,0.8982983163448504
difficulty_level,0,easy,1.0,13,5,calinski_harabasz,5,102.09986205590032,False,True,1.0
difficulty_level,0,easy,1.0,13,5,calinski_harabasz,6,198.9483892716034,False,False,0.8064294880938615
difficulty_level,0,easy,1.0,13,5,calinski_harabasz,7,224.956324396774,True,False,0.7032261950727347
difficulty_level,0,easy,0.65470922636465,14,5,accuracy_generalizability,3,0.7701037503710463,False,False,0.7066219224489935
difficulty_level,0,easy,0.65470922636465,14,5,accuracy_generalizability,4,0.8325805430072301,False,False,0.8900778879267961
difficulty_level,0,easy,0.65470922636465,14,5,accuracy_generalizability,5,0.9999040131200186,True,True,1.0
difficulty_level,0,easy,0.65470922636465,14,5,accuracy_generalizability,6,0.9485639432525871,False,False,0.7465223647229401
difficulty_level,0,easy,0.65470922636465,14,5,accuracy_generalizability,7,0.8727461862108119,False,False,0.6618442589317415
difficulty_level,0,easy,0.65470922636465,14,5,ari_average,3,0.6480463772319799,False,False,0.7066219224489935
difficulty_level,0,easy,0.65470922636465,14,5,ari_average,4,0.7922192095972964,False,False,0.8900778879267961
difficulty_level,0,easy,0.65470922636465,14,5,ari_average,5,0.9999399429291155,True,True,1.0
difficulty_level,0,easy,0.65470922636465,14,5,ari_average,6,0.9099505514918113,False,False,0.7465223647229401
difficulty_level,0,easy,0.65470922636465,14,5,ari_average,7,0.8440484968710754,False,False,0.6618442589317415
difficulty_level,0,easy,0.65470922636465,14,5,ari_average_1se,3,0.6480463772319799,False,False,0.7066219224489935
difficulty_level,0,easy,0.65470922636465,14,5,ari_average_1se,4,0.7922192095972964,False,False,0.8900778879267961
difficulty_level,0,easy,0.65470922636465,14,5,ari_average_1se,5,0.9999399429291155,True,True,1.0
difficulty_level,0,easy,0.65470922636465,14,5,ari_average_1se,6,0.9099505514918113,False,False,0.7465223647229401
difficulty_level,0,easy,0.65470922636465,14,5,ari_average_1se,7,0.8440484968710754,False,False,0.6618442589317415
difficulty_level,0,easy,0.65470922636465,14,5,ari_average_quant,3,0.6480463772319799,False,False,0.7066219224489935
difficulty_level,0,easy,0.65470922636465,14,5,ari_average_quant,4,0.7922192095972964,False,False,0.8900778879267961
difficulty_level,0,easy,0.65470922636465,14,5,ari_average_quant,5,0.9999399429291155,True,True,1.0
difficulty_level,0,easy,0.65470922636465,14,5,ari_average_quant,6,0.9099505514918113,False,False,0.7465223647229401
difficulty_level,0,easy,0.65470922636465,14,5,ari_average_quant,7,0.8440484968710754,False,False,0.6618442589317415
difficulty_level,0,easy,0.65470922636465,14,5,ari_generalizability,3,0.6327915945647876,False,False,0.7066219224489935
difficulty_level,0,easy,0.65470922636465,14,5,ari_generalizability,4,0.7922408913163257,False,False,0.8900778879267961
difficulty_level,0,easy,0.65470922636465,14,5,ari_generalizability,5,0.9998798858582311,True,True,1.0
difficulty_level,0,easy,0.65470922636465,14,5,ari_generalizability,6,0.8928639199186343,False,False,0.7465223647229401
difficulty_level,0,easy,0.65470922636465,14,5,ari_generalizability,7,0.8312601087969704,False,False,0.6618442589317415
difficulty_level,0,easy,0.65470922636465,14,5,ari_generalizability_1se,3,0.6327915945647876,False,False,0.7066219224489935
difficulty_level,0,easy,0.65470922636465,14,5,ari_generalizability_1se,4,0.7922408913163257,False,False,0.8900778879267961
difficulty_level,0,easy,0.65470922636465,14,5,ari_generalizability_1se,5,0.9998798858582311,True,True,1.0
difficulty_level,0,easy,0.65470922636465,14,5,ari_generalizability_1se,6,0.8928639199186343,False,False,0.7465223647229401
difficulty_level,0,easy,0.65470922636465,14,5,ari_generalizability_1se,7,0.8312601087969704,False,False,0.6618442589317415
difficulty_level,0,easy,0.65470922636465,14,5,ari_generalizability_quant,3,0.6327915945647876,False,False,0.7066219224489935
difficulty_level,0,easy,0.65470922636465,14,5,ari_generalizability_quant,4,0.7922408913163257,False,False,0.8900778879267961
difficulty_level,0,easy,0.65470922636465,14,5,ari_generalizability_quant,5,0.9998798858582311,True,True,1.0
difficulty_level,0,easy,0.65470922636465,14,5,ari_generalizability_quant,6,0.8928639199186343,False,False,0.7465223647229401
difficulty_level,0,easy,0.65470922636465,14,5,ari_generalizability_quant,7,0.8312601087969704,False,False,0.6618442589317415
difficulty_level,0,easy,0.65470922636465,14,5,ari_stability,3,0.6633011598991719,False,False,0.7066219224489935
difficulty_level,0,easy,0.65470922636465,14,5,ari_stability,4,0.7921975278782674,False,False,0.8900778879267961
difficulty_level,0,easy,0.65470922636465,14,5,ari_stability,5,1.0,True,True,1.0
difficulty_level,0,easy,0.65470922636465,14,5,ari_stability,6,0.927037183064988,False,False,0.7465223647229401
difficulty_level,0,easy,0.65470922636465,14,5,ari_stability,7,0.8568368849451802,False,False,0.6618442589317415
difficulty_level,0,easy,0.65470922636465,14,5,ari_stability_1se,3,0.6633011598991719,False,False,0.7066219224489935
difficulty_level,0,easy,0.65470922636465,14,5,ari_stability_1se,4,0.7921975278782674,False,False,0.8900778879267961
difficulty_level,0,easy,0.65470922636465,14,5,ari_stability_1se,5,1.0,True,True,1.0
difficulty_level,0,easy,0.65470922636465,14,5,ari_stability_1se,6,0.927037183064988,False,False,0.7465223647229401
difficulty_level,0,easy,0.65470922636465,14,5,ari_stability_1se,7,0.8568368849451802,False,False,0.6618442589317415
difficulty_level,0,easy,0.65470922636465,14,5,ari_stability_quant,3,0.6633011598991719,False,False,0.7066219224489935
difficulty_level,0,easy,0.65470922636465,14,5,ari_stability_quant,4,0.7921975278782674,False,False,0.8900778879267961
difficulty_level,0,easy,0.65470922636465,14,5,ari_stability_quant,5,1.0,True,True,1.0
difficulty_level,0,easy,0.65470922636465,14,5,ari_stability_quant,6,0.927037183064988,False,False,0.7465223647229401
difficulty_level,0,easy,0.65470922636465,14,5,ari_stability_quant,7,0.8568368849451802,False,False,0.6618442589317415
difficulty_level,0,easy,0.65470922636465,14,5,consensus_ce_stability,3,0.6476008983226382,False,False,0.7066219224489935
difficulty_level,0,easy,0.65470922636465,14,5,consensus_ce_stability,4,0.7974969597928424,False,False,0.8900778879267961
difficulty_level,0,easy,0.65470922636465,14,5,consensus_ce_stability,5,0.9999999999586944,True,True,1.0
difficulty_level,0,easy,0.65470922636465,14,5,consensus_ce_stability,6,0.9502898431875649,False,False,0.7465223647229401
difficulty_level,0,easy,0.65470922636465,14,5,consensus_ce_stability,7,0.9097054376671143,False,False,0.6618442589317415
difficulty_level,0,easy,0.65470922636465,14,5,consensus_gini_stability,3,0.6881565660415139,False,False,0.7066219224489935
difficulty_level,0,easy,0.65470922636465,14,5,consensus_gini_stability,4,0.826726117942112,False,False,0.8900778879267961
difficulty_level,0,easy,0.65470922636465,14,5,consensus_gini_stability,5,1.0,True,True,1.0
difficulty_level,0,easy,0.65470922636465,14,5,consensus_gini_stability,6,0.956910741921867,False,False,0.7465223647229401
difficulty_level,0,easy,0.65470922636465,14,5,consensus_gini_stability,7,0.9172744158308518,False,False,0.6618442589317415
difficulty_level,0,easy,0.65470922636465,14,5,consensus_pac_stability,3,0.5289810985101179,False,False,0.7066219224489935
difficulty_level,0,easy,0.65470922636465,14,5,consensus_pac_stability,4,0.693196353124305,False,False,0.8900778879267961
difficulty_level,0,easy,0.65470922636465,14,5,consensus_pac_stability,5,1.0,True,True,1.0
difficulty_level,0,easy,0.65470922636465,14,5,consensus_pac_stability,6,0.9404794307315989,False,False,0.7465223647229401
difficulty_level,0,easy,0.65470922636465,14,5,consensus_pac_stability,7,0.8886484322881921,False,False,0.6618442589317415
difficulty_level,0,easy,0.65470922636465,14,5,silhouette,3,0.09160225589227143,False,False,0.4414329972347197
difficulty_level,0,easy,0.65470922636465,14,5,silhouette,4,0.16131671873108946,False,False,0.9019564233066893
difficulty_level,0,easy,0.65470922636465,14,5,silhouette,5,0.22260651349817498,False,True,0.65470922636465
difficulty_level,0,easy,0.65470922636465,14,5,silhouette,6,0.24999598331519107,False,False,0.6987403970994853
difficulty_level,0,easy,0.65470922636465,14,5,silhouette,7,0.2659003502896971,True,False,0.6662019813819847
difficulty_level,0,easy,0.65470922636465,14,5,gap,3,0.6982927205190297,False,False,0.4414329972347197
difficulty_level,0,easy,0.65470922636465,14,5,gap,4,0.8231632369666393,False,False,0.9019564233066893
difficulty_level,0,easy,0.65470922636465,14,5,gap,5,0.9636115128302212,False,True,0.65470922636465
difficulty_level,0,easy,0.65470922636465,14,5,gap,6,1.0102266906491533,False,False,0.6987403970994853
difficulty_level,0,easy,0.65470922636465,14,5,gap,7,1.124931906594746,True,False,0.6662019813819847
difficulty_level,0,easy,0.65470922636465,14,5,davies_bouldin,3,0.24015961508996628,False,False,0.4414329972347197
difficulty_level,0,easy,0.65470922636465,14,5,davies_bouldin,4,0.2688763254776602,False,False,0.9019564233066893
difficulty_level,0,easy,0.65470922636465,14,5,davies_bouldin,5,0.2971469879497293,False,True,0.65470922636465
difficulty_level,0,easy,0.65470922636465,14,5,davies_bouldin,6,0.3123771193218581,False,False,0.6987403970994853
difficulty_level,0,easy,0.65470922636465,14,5,davies_bouldin,7,0.33510066411833234,True,False,0.6662019813819847
difficulty_level,0,easy,0.65470922636465,14,5,calinski_harabasz,3,60.84772215071466,False,False,0.4414329972347197
difficulty_level,0,easy,0.65470922636465,14,5,calinski_harabasz,4,117.1848585413482,False,False,0.9019564233066893
difficulty_level,0,easy,0.65470922636465,14,5,calinski_harabasz,5,161.04716735044485,False,True,0.65470922636465
difficulty_level,0,easy,0.65470922636465,14,5,calinski_harabasz,6,152.11240860309627,False,False,0.6987403970994853
difficulty_level,0,easy,0.65470922636465,14,5,calinski_harabasz,7,174.48003713242173,True,False,0.6662019813819847
difficulty_level,0,easy,0.8322298138743802,15,5,accuracy_generalizability,3,0.8956661048033178,False,False,0.6583589338475963
difficulty_level,0,easy,0.8322298138743802,15,5,accuracy_generalizability,4,0.9741039110242239,False,False,0.8457681142561806
difficulty_level,0,easy,0.8322298138743802,15,5,accuracy_generalizability,5,0.9954743002308482,True,True,1.0
difficulty_level,0,easy,0.8322298138743802,15,5,accuracy_generalizability,6,0.9311607182003964,False,False,0.8310996231864147
difficulty_level,0,easy,0.8322298138743802,15,5,accuracy_generalizability,7,0.8458019773232488,False,False,0.7675430161211683
difficulty_level,0,easy,0.8322298138743802,15,5,ari_average,3,0.807929054317949,False,False,0.6583589338475963
difficulty_level,0,easy,0.8322298138743802,15,5,ari_average,4,0.971870711602962,False,False,0.8457681142561806
difficulty_level,0,easy,0.8322298138743802,15,5,ari_average,5,0.9976429261807829,True,True,1.0
difficulty_level,0,easy,0.8322298138743802,15,5,ari_average,6,0.9161078257229517,False,False,0.8310996231864147
difficulty_level,0,easy,0.8322298138743802,15,5,ari_average,7,0.8399906473799164,False,False,0.7675430161211683
difficulty_level,0,easy,0.8322298138743802,15,5,ari_average_1se,3,0.807929054317949,False,False,0.6583589338475963
difficulty_level,0,easy,0.8322298138743802,15,5,ari_average_1se,4,0.971870711602962,False,False,0.8457681142561806
difficulty_level,0,easy,0.8322298138743802,15,5,ari_average_1se,5,0.9976429261807829,True,True,1.0
difficulty_level,0,easy,0.8322298138743802,15,5,ari_average_1se,6,0.9161078257229517,False,False,0.8310996231864147
difficulty_level,0,easy,0.8322298138743802,15,5,ari_average_1se,7,0.8399906473799164,False,False,0.7675430161211683
difficulty_level,0,easy,0.8322298138743802,15,5,ari_average_quant,3,0.807929054317949,False,False,0.6583589338475963
difficulty_level,0,easy,0.8322298138743802,15,5,ari_average_quant,4,0.971870711602962,False,False,0.8457681142561806
difficulty_level,0,easy,0.8322298138743802,15,5,ari_average_quant,5,0.9976429261807829,True,True,1.0
difficulty_level,0,easy,0.8322298138743802,15,5,ari_average_quant,6,0.9161078257229517,False,False,0.8310996231864147
difficulty_level,0,easy,0.8322298138743802,15,5,ari_average_quant,7,0.8399906473799164,False,False,0.7675430161211683
difficulty_level,0,easy,0.8322298138743802,15,5,ari_generalizability,3,0.8103324479109877,False,False,0.6583589338475963
difficulty_level,0,easy,0.8322298138743802,15,5,ari_generalizability,4,0.9577863806139245,False,False,0.8457681142561806
difficulty_level,0,easy,0.8322298138743802,15,5,ari_generalizability,5,0.9952858523615657,True,True,1.0
difficulty_level,0,easy,0.8322298138743802,15,5,ari_generalizability,6,0.9006036500920601,False,False,0.8310996231864147
difficulty_level,0,easy,0.8322298138743802,15,5,ari_generalizability,7,0.8208027391531273,False,False,0.7675430161211683
difficulty_level,0,easy,0.8322298138743802,15,5,ari_generalizability_1se,3,0.8103324479109877,False,False,0.6583589338475963
difficulty_level,0,easy,0.8322298138743802,15,5,ari_generalizability_1se,4,0.9577863806139245,False,False,0.8457681142561806
difficulty_level,0,easy,0.8322298138743802,15,5,ari_generalizability_1se,5,0.9952858523615657,True,True,1.0
difficulty_level,0,easy,0.8322298138743802,15,5,ari_generalizability_1se,6,0.9006036500920601,False,False,0.8310996231864147
difficulty_level,0,easy,0.8322298138743802,15,5,ari_generalizability_1se,7,0.8208027391531273,False,False,0.7675430161211683
difficulty_level,0,easy,0.8322298138743802,15,5,ari_generalizability_quant,3,0.8103324479109877,False,False,0.6583589338475963
difficulty_level,0,easy,0.8322298138743802,15,5,ari_generalizability_quant,4,0.9577863806139245,False,False,0.8457681142561806
difficulty_level,0,easy,0.8322298138743802,15,5,ari_generalizability_quant,5,0.9952858523615657,True,True,1.0
difficulty_level,0,easy,0.8322298138743802,15,5,ari_generalizability_quant,6,0.9006036500920601,False,False,0.8310996231864147
difficulty_level,0,easy,0.8322298138743802,15,5,ari_generalizability_quant,7,0.8208027391531273,False,False,0.7675430161211683
difficulty_level,0,easy,0.8322298138743802,15,5,ari_stability,3,0.8055256607249103,False,False,0.6583589338475963
difficulty_level,0,easy,0.8322298138743802,15,5,ari_stability,4,0.9859550425919997,False,False,0.8457681142561806
difficulty_level,0,easy,0.8322298138743802,15,5,ari_stability,5,1.0,True,True,1.0
difficulty_level,0,easy,0.8322298138743802,15,5,ari_stability,6,0.9316120013538435,False,False,0.8310996231864147
difficulty_level,0,easy,0.8322298138743802,15,5,ari_stability,7,0.8591785556067053,False,False,0.7675430161211683
difficulty_level,0,easy,0.8322298138743802,15,5,ari_stability_1se,3,0.8055256607249103,False,False,0.6583589338475963
difficulty_level,0,easy,0.8322298138743802,15,5,ari_stability_1se,4,0.9859550425919997,False,False,0.8457681142561806
difficulty_level,0,easy,0.8322298138743802,15,5,ari_stability_1se,5,1.0,True,True,1.0
difficulty_level,0,easy,0.8322298138743802,15,5,ari_stability_1se,6,0.9316120013538435,False,False,0.8310996231864147
difficulty_level,0,easy,0.8322298138743802,15,5,ari_stability_1se,7,0.8591785556067053,False,False,0.7675430161211683
difficulty_level,0,easy,0.8322298138743802,15,5,ari_stability_quant,3,0.8055256607249103,False,False,0.6583589338475963
difficulty_level,0,easy,0.8322298138743802,15,5,ari_stability_quant,4,0.9859550425919997,False,False,0.8457681142561806
difficulty_level,0,easy,0.8322298138743802,15,5,ari_stability_quant,5,1.0,True,True,1.0
difficulty_level,0,easy,0.8322298138743802,15,5,ari_stability_quant,6,0.9316120013538435,False,False,0.8310996231864147
difficulty_level,0,easy,0.8322298138743802,15,5,ari_stability_quant,7,0.8591785556067053,False,False,0.7675430161211683
difficulty_level,0,easy,0.8322298138743802,15,5,consensus_ce_stability,3,0.7502399480876043,False,False,0.6583589338475963
difficulty_level,0,easy,0.8322298138743802,15,5,consensus_ce_stability,4,0.982879243611634,False,False,0.8457681142561806
difficulty_level,0,easy,0.8322298138743802,15,5,consensus_ce_stability,5,0.9999999999586944,True,True,1.0
difficulty_level,0,easy,0.8322298138743802,15,5,consensus_ce_stability,6,0.9495065160166568,False,False,0.8310996231864147
difficulty_level,0,easy,0.8322298138743802,15,5,consensus_ce_stability,7,0.9229088800704555,False,False,0.7675430161211683
difficulty_level,0,easy,0.8322298138743802,15,5,consensus_gini_stability,3,0.7862816322739594,False,False,0.6583589338475963
difficulty_level,0,easy,0.8322298138743802,15,5,consensus_gini_stability,4,0.9890259001555256,False,False,0.8457681142561806
difficulty_level,0,easy,0.8322298138743802,15,5,consensus_gini_stability,5,1.0,True,True,1.0
difficulty_level,0,easy,0.8322298138743802,15,5,consensus_gini_stability,6,0.95915736808368,False,False,0.8310996231864147
difficulty_level,0,easy,0.8322298138743802,15,5,consensus_gini_stability,7,0.9295609785219618,False,False,0.7675430161211683
difficulty_level,0,easy,0.8322298138743802,15,5,consensus_pac_stability,3,0.6690905047809651,False,False,0.6583589338475963
difficulty_level,0,easy,0.8322298138743802,15,5,consensus_pac_stability,4,0.978135645986213,False,False,0.8457681142561806
difficulty_level,0,easy,0.8322298138743802,15,5,consensus_pac_stability,5,1.0,True,True,1.0
difficulty_level,0,easy,0.8322298138743802,15,5,consensus_pac_stability,6,0.9323806982432733,False,False,0.8310996231864147
difficulty_level,0,easy,0.8322298138743802,15,5,consensus_pac_stability,7,0.9051536579942183,False,False,0.7675430161211683
difficulty_level,0,easy,0.8322298138743802,15,5,silhouette,3,0.09745359953587097,False,False,0.7310274591179976
difficulty_level,0,easy,0.8322298138743802,15,5,silhouette,4,0.10425454961406641,False,False,0.8939948325535033
difficulty_level,0,easy,0.8322298138743802,15,5,silhouette,5,0.15051862532493432,False,True,0.8322298138743802
difficulty_level,0,easy,0.8322298138743802,15,5,silhouette,6,0.21691769135418576,False,False,0.8306214086488887
difficulty_level,0,easy,0.8322298138743802,15,5,silhouette,7,0.23842589858709234,True,False,0.7690698882223739
difficulty_level,0,easy,0.8322298138743802,15,5,gap,3,0.6917724207154041,False,False,0.7310274591179976
difficulty_level,0,easy,0.8322298138743802,15,5,gap,4,0.7139818496869541,False,False,0.8939948325535033
difficulty_level,0,easy,0.8322298138743802,15,5,gap,5,0.8050808505559157,False,True,0.8322298138743802
difficulty_level,0,easy,0.8322298138743802,15,5,gap,6,0.9360316084388138,False,False,0.8306214086488887
difficulty_level,0,easy,0.8322298138743802,15,5,gap,7,1.041630362496143,True,False,0.7690698882223739
difficulty_level,0,easy,0.8322298138743802,15,5,davies_bouldin,3,0.22793598797603176,False,False,0.7310274591179976
difficulty_level,0,easy,0.8322298138743802,15,5,davies_bouldin,4,0.22862160545475055,False,False,0.8939948325535033
difficulty_level,0,easy,0.8322298138743802,15,5,davies_bouldin,5,0.26535081033724367,False,True,0.8322298138743802
difficulty_level,0,easy,0.8322298138743802,15,5,davies_bouldin,6,0.287944980087584,False,False,0.8306214086488887
difficulty_level,0,easy,0.8322298138743802,15,5,davies_bouldin,7,0.30961629154556514,True,False,0.7690698882223739
difficulty_level,0,easy,0.8322298138743802,15,5,calinski_harabasz,3,86.8054924772678,False,False,0.7310274591179976
difficulty_level,0,easy,0.8322298138743802,15,5,calinski_harabasz,4,75.31217144357674,False,False,0.8939948325535033
difficulty_level,0,easy,0.8322298138743802,15,5,calinski_harabasz,5,100.57177864665087,False,True,0.8322298138743802
difficulty_level,0,easy,0.8322298138743802,15,5,calinski_harabasz,6,136.17476681829902,False,False,0.8306214086488887
difficulty_level,0,easy,0.8322298138743802,15,5,calinski_harabasz,7,155.85015791964784,True,False,0.7690698882223739
difficulty_level,0,easy,1.0,16,5,accuracy_generalizability,3,0.9741945673428793,True,False,0.7774608957616016
difficulty_level,0,easy,1.0,16,5,accuracy_generalizability,4,0.9248244525131889,False,False,0.9194655675444712
difficulty_level,0,easy,1.0,16,5,accuracy_generalizability,5,0.9537302027257966,False,True,1.0
difficulty_level,0,easy,1.0,16,5,accuracy_generalizability,6,0.9684838873727103,False,False,0.7361380097599828
difficulty_level,0,easy,1.0,16,5,accuracy_generalizability,7,0.8426979822421369,False,False,0.6820398879693457
difficulty_level,0,easy,1.0,16,5,ari_average,3,0.9603189924792084,False,False,0.7774608957616016
difficulty_level,0,easy,1.0,16,5,ari_average,4,0.9418285304012067,False,False,0.9194655675444712
difficulty_level,0,easy,1.0,16,5,ari_average,5,0.9747128321498845,True,True,1.0
difficulty_level,0,easy,1.0,16,5,ari_average,6,0.956358094539428,False,False,0.7361380097599828
difficulty_level,0,easy,1.0,16,5,ari_average,7,0.8143597500461222,False,False,0.6820398879693457
difficulty_level,0,easy,1.0,16,5,ari_average_1se,3,0.9603189924792084,False,False,0.7774608957616016
difficulty_level,0,easy,1.0,16,5,ari_average_1se,4,0.9418285304012067,False,False,0.9194655675444712
difficulty_level,0,easy,1.0,16,5,ari_average_1se,5,0.9747128321498845,True,True,1.0
difficulty_level,0,easy,1.0,16,5,ari_average_1se,6,0.956358094539428,False,False,0.7361380097599828
difficulty_level,0,easy,1.0,16,5,ari_average_1se,7,0.8143597500461222,False,False,0.6820398879693457
difficulty_level,0,easy,1.0,16,5,ari_average_quant,3,0.9603189924792084,False,False,0.7774608957616016
difficulty_level,0,easy,1.0,16,5,ari_average_quant,4,0.9418285304012067,False,False,0.9194655675444712
difficulty_level,0,easy,1.0,16,5,ari_average_quant,5,0.9747128321498845,False,True,1.0
difficulty_level,0,easy,1.0,16,5,ari_average_quant,6,0.956358094539428,True,False,0.7361380097599828
difficulty_level,0,easy,1.0,16,5,ari_average_quant,7,0.8143597500461222,False,False,0.6820398879693457
difficulty_level,0,easy,1.0,16,5,ari_generalizability,3,0.9668700259105171,True,False,0.7774608957616016
difficulty_level,0,easy,1.0,16,5,ari_generalizability,4,0.9089688652720427,False,False,0.9194655675444712
difficulty_level,0,easy,1.0,16,5,ari_generalizability,5,0.9501038444715735,False,True,1.0
difficulty_level,0,easy,1.0,16,5,ari_generalizability,6,0.9417713565573851,False,False,0.7361380097599828
difficulty_level,0,easy,1.0,16,5,ari_generalizability,7,0.7975766638084957,False,False,0.6820398879693457
difficulty_level,0,easy,1.0,16,5,ari_generalizability_1se,3,0.9668700259105171,True,False,0.7774608957616016
difficulty_level,0,easy,1.0,16,5,ari_generalizability_1se,4,0.9089688652720427,False,False,0.9194655675444712
difficulty_level,0,easy,1.0,16,5,ari_generalizability_1se,5,0.9501038444715735,False,True,1.0
difficulty_level,0,easy,1.0,16,5,ari_generalizability_1se,6,0.9417713565573851,False,False,0.7361380097599828
difficulty_level,0,easy,1.0,16,5,ari_generalizability_1se,7,0.7975766638084957,False,False,0.6820398879693457
difficulty_level,0,easy,1.0,16,5,ari_generalizability_quant,3,0.9668700259105171,False,False,0.7774608957616016
difficulty_level,0,easy,1.0,16,5,ari_generalizability_quant,4,0.9089688652720427,False,False,0.9194655675444712
difficulty_level,0,easy,1.0,16,5,ari_generalizability_quant,5,0.9501038444715735,False,True,1.0
difficulty_level,0,easy,1.0,16,5,ari_generalizability_quant,6,0.9417713565573851,False,False,0.7361380097599828
difficulty_level,0,easy,1.0,16,5,ari_generalizability_quant,7,0.7975766638084957,True,False,0.6820398879693457
difficulty_level,0,easy,1.0,16,5,ari_stability,3,0.9537679590478996,False,False,0.7774608957616016
difficulty_level,0,easy,1.0,16,5,ari_stability,4,0.9746881955303709,False,False,0.9194655675444712
difficulty_level,0,easy,1.0,16,5,ari_stability,5,0.9993218198281956,True,True,1.0
difficulty_level,0,easy,1.0,16,5,ari_stability,6,0.9709448325214709,False,False,0.7361380097599828
difficulty_level,0,easy,1.0,16,5,ari_stability,7,0.8311428362837483,False,False,0.6820398879693457
difficulty_level,0,easy,1.0,16,5,ari_stability_1se,3,0.9537679590478996,False,False,0.7774608957616016
difficulty_level,0,easy,1.0,16,5,ari_stability_1se,4,0.9746881955303709,False,False,0.9194655675444712
difficulty_level,0,easy,1.0,16,5,ari_stability_1se,5,0.9993218198281956,True,True,1.0
difficulty_level,0,easy,1.0,16,5,ari_stability_1se,6,0.9709448325214709,False,False,0.7361380097599828
difficulty_level,0,easy,1.0,16,5,ari_stability_1se,7,0.8311428362837483,False,False,0.6820398879693457
difficulty_level,0,easy,1.0,16,5,ari_stability_quant,3,0.9537679590478996,False,False,0.7774608957616016
difficulty_level,0,easy,1.0,16,5,ari_stability_quant,4,0.9746881955303709,False,False,0.9194655675444712
difficulty_level,0,easy,1.0,16,5,ari_stability_quant,5,0.9993218198281956,True,True,1.0
difficulty_level,0,easy,1.0,16,5,ari_stability_quant,6,0.9709448325214709,False,False,0.7361380097599828
difficulty_level,0,easy,1.0,16,5,ari_stability_quant,7,0.8311428362837483,False,False,0.6820398879693457
difficulty_level,0,easy,1.0,16,5,consensus_ce_stability,3,0.9491100788371732,False,False,0.7774608957616016
difficulty_level,0,easy,1.0,16,5,consensus_ce_stability,4,0.9651551350110167,False,False,0.9194655675444712
difficulty_level,0,easy,1.0,16,5,consensus_ce_stability,5,0.9999999999586944,True,True,1.0
difficulty_level,0,easy,1.0,16,5,consensus_ce_stability,6,0.9798546491763906,False,False,0.7361380097599828
difficulty_level,0,easy,1.0,16,5,consensus_ce_stability,7,0.9046447400465988,False,False,0.6820398879693457
difficulty_level,0,easy,1.0,16,5,consensus_gini_stability,3,0.9638679238552327,False,False,0.7774608957616016
difficulty_level,0,easy,1.0,16,5,consensus_gini_stability,4,0.974194484110003,False,False,0.9194655675444712
difficulty_level,0,easy,1.0,16,5,consensus_gini_stability,5,1.0,True,True,1.0
difficulty_level,0,easy,1.0,16,5,consensus_gini_stability,6,0.9853074001221491,False,False,0.7361380097599828
difficulty_level,0,easy,1.0,16,5,consensus_gini_stability,7,0.9121047394296701,False,False,0.6820398879693457
difficulty_level,0,easy,1.0,16,5,consensus_pac_stability,3,0.8943482321547699,False,False,0.7774608957616016
difficulty_level,0,easy,1.0,16,5,consensus_pac_stability,4,0.9317447187013564,False,False,0.9194655675444712
difficulty_level,0,easy,1.0,16,5,consensus_pac_stability,5,1.0,True,True,1.0
difficulty_level,0,easy,1.0,16,5,consensus_pac_stability,6,0.9751985768289971,False,False,0.7361380097599828
difficulty_level,0,easy,1.0,16,5,consensus_pac_stability,7,0.8843495663775851,False,False,0.6820398879693457
difficulty_level,0,easy,1.0,16,5,silhouette,3,0.12783677422237497,False,False,0.7177243602270261
difficulty_level,0,easy,1.0,16,5,silhouette,4,0.136133108264013,False,False,0.9226194119742441
difficulty_level,0,easy,1.0,16,5,silhouette,5,0.16454957324083483,False,True,1.0
difficulty_level,0,easy,1.0,16,5,silhouette,6,0.16779699929415443,False,False,0.9570966972589089
difficulty_level,0,easy,1.0,16,5,silhouette,7,0.235850613037924,True,False,0.5824852624732269
difficulty_level,0,easy,1.0,16,5,gap,3,0.765352534880698,False,False,0.7177243602270261
difficulty_level,0,easy,1.0,16,5,gap,4,0.8153232462360691,False,False,0.9226194119742441
difficulty_level,0,easy,1.0,16,5,gap,5,0.8548953941326829,False,True,1.0
difficulty_level,0,easy,1.0,16,5,gap,6,0.9293833000155658,False,False,0.9570966972589089
difficulty_level,0,easy,1.0,16,5,gap,7,1.108784276063835,True,False,0.5824852624732269
difficulty_level,0,easy,1.0,16,5,davies_bouldin,3,0.23629623236785005,False,False,0.7177243602270261
difficulty_level,0,easy,1.0,16,5,davies_bouldin,4,0.2582824385310469,False,False,0.9226194119742441
difficulty_level,0,easy,1.0,16,5,davies_bouldin,5,0.2819903856892949,False,True,1.0
difficulty_level,0,easy,1.0,16,5,davies_bouldin,6,0.31212381941472744,False,False,0.9570966972589089
difficulty_level,0,easy,1.0,16,5,davies_bouldin,7,0.32989018372094026,True,False,0.5824852624732269
difficulty_level,0,easy,1.0,16,5,calinski_harabasz,3,89.80718529201388,False,False,0.7177243602270261
difficulty_level,0,easy,1.0,16,5,calinski_harabasz,4,93.28086669488277,False,False,0.9226194119742441
difficulty_level,0,easy,1.0,16,5,calinski_harabasz,5,91.0081901550321,False,True,1.0
difficulty_level,0,easy,1.0,16,5,calinski_harabasz,6,103.82392740886706,False,False,0.9570966972589089
difficulty_level,0,easy,1.0,16,5,calinski_harabasz,7,154.71181316309304,True,False,0.5824852624732269
difficulty_level,0,easy,0.6264194933215228,17,5,accuracy_generalizability,3,0.8488688678771334,False,False,0.7885886743817261
difficulty_level,0,easy,0.6264194933215228,17,5,accuracy_generalizability,4,0.997134223409429,True,False,0.9399435752339984
difficulty_level,0,easy,0.6264194933215228,17,5,accuracy_generalizability,5,0.8806237416360893,False,True,1.0
difficulty_level,0,easy,0.6264194933215228,17,5,accuracy_generalizability,6,0.9214001411505436,False,False,0.6860257967200316
difficulty_level,0,easy,0.6264194933215228,17,5,accuracy_generalizability,7,0.8539785822905795,False,False,0.5824267239430931
difficulty_level,0,easy,0.6264194933215228,17,5,ari_average,3,0.7965963086674954,False,False,0.7885886743817261
difficulty_level,0,easy,0.6264194933215228,17,5,ari_average,4,0.9982577164167905,True,False,0.9399435752339984
difficulty_level,0,easy,0.6264194933215228,17,5,ari_average,5,0.9322133936861521,False,True,1.0
difficulty_level,0,easy,0.6264194933215228,17,5,ari_average,6,0.8734376876158078,False,False,0.6860257967200316
difficulty_level,0,easy,0.6264194933215228,17,5,ari_average,7,0.7883499510875077,False,False,0.5824267239430931
difficulty_level,0,easy,0.6264194933215228,17,5,ari_average_1se,3,0.7965963086674954,False,False,0.7885886743817261
difficulty_level,0,easy,0.6264194933215228,17,5,ari_average_1se,4,0.9982577164167905,True,False,0.9399435752339984
difficulty_level,0,easy,0.6264194933215228,17,5,ari_average_1se,5,0.9322133936861521,False,True,1.0
difficulty_level,0,easy,0.6264194933215228,17,5,ari_average_1se,6,0.8734376876158078,False,False,0.6860257967200316
difficulty_level,0,easy,0.6264194933215228,17,5,ari_average_1se,7,0.7883499510875077,False,False,0.5824267239430931
difficulty_level,0,easy,0.6264194933215228,17,5,ari_average_quant,3,0.7965963086674954,False,False,0.7885886743817261
difficulty_level,0,easy,0.6264194933215228,17,5,ari_average_quant,4,0.9982577164167905,True,False,0.9399435752339984
difficulty_level,0,easy,0.6264194933215228,17,5,ari_average_quant,5,0.9322133936861521,False,True,1.0
difficulty_level,0,easy,0.6264194933215228,17,5,ari_average_quant,6,0.8734376876158078,False,False,0.6860257967200316
difficulty_level,0,easy,0.6264194933215228,17,5,ari_average_quant,7,0.7883499510875077,False,False,0.5824267239430931
difficulty_level,0,easy,0.6264194933215228,17,5,ari_generalizability,3,0.794591414554366,False,False,0.7885886743817261
difficulty_level,0,easy,0.6264194933215228,17,5,ari_generalizability,4,0.9965154328335809,True,False,0.9399435752339984
difficulty_level,0,easy,0.6264194933215228,17,5,ari_generalizability,5,0.8644267873723039,False,True,1.0
difficulty_level,0,easy,0.6264194933215228,17,5,ari_generalizability,6,0.8612827299526217,False,False,0.6860257967200316
difficulty_level,0,easy,0.6264194933215228,17,5,ari_generalizability,7,0.7895954612436112,False,False,0.5824267239430931
difficulty_level,0,easy,0.6264194933215228,17,5,ari_generalizability_1se,3,0.794591414554366,False,False,0.7885886743817261
difficulty_level,0,easy,0.6264194933215228,17,5,ari_generalizability_1se,4,0.9965154328335809,True,False,0.9399435752339984
difficulty_level,0,easy,0.6264194933215228,17,5,ari_generalizability_1se,5,0.8644267873723039,False,True,1.0
difficulty_level,0,easy,0.6264194933215228,17,5,ari_generalizability_1se,6,0.8612827299526217,False,False,0.6860257967200316
difficulty_level,0,easy,0.6264194933215228,17,5,ari_generalizability_1se,7,0.7895954612436112,False,False,0.5824267239430931
difficulty_level,0,easy,0.6264194933215228,17,5,ari_generalizability_quant,3,0.794591414554366,False,False,0.7885886743817261
difficulty_level,0,easy,0.6264194933215228,17,5,ari_generalizability_quant,4,0.9965154328335809,True,False,0.9399435752339984
difficulty_level,0,easy,0.6264194933215228,17,5,ari_generalizability_quant,5,0.8644267873723039,False,True,1.0
difficulty_level,0,easy,0.6264194933215228,17,5,ari_generalizability_quant,6,0.8612827299526217,False,False,0.6860257967200316
difficulty_level,0,easy,0.6264194933215228,17,5,ari_generalizability_quant,7,0.7895954612436112,False,False,0.5824267239430931
difficulty_level,0,easy,0.6264194933215228,17,5,ari_stability,3,0.798601202780625,False,False,0.7885886743817261
difficulty_level,0,easy,0.6264194933215228,17,5,ari_stability,4,1.0,True,False,0.9399435752339984
difficulty_level,0,easy,0.6264194933215228,17,5,ari_stability,5,1.0,False,True,1.0
difficulty_level,0,easy,0.6264194933215228,17,5,ari_stability,6,0.8855926452789936,False,False,0.6860257967200316
difficulty_level,0,easy,0.6264194933215228,17,5,ari_stability,7,0.7871044409314042,False,False,0.5824267239430931
difficulty_level,0,easy,0.6264194933215228,17,5,ari_stability_1se,3,0.798601202780625,False,False,0.7885886743817261
difficulty_level,0,easy,0.6264194933215228,17,5,ari_stability_1se,4,1.0,False,False,0.9399435752339984
difficulty_level,0,easy,0.6264194933215228,17,5,ari_stability_1se,5,1.0,True,True,1.0
difficulty_level,0,easy,0.6264194933215228,17,5,ari_stability_1se,6,0.8855926452789936,False,False,0.6860257967200316
difficulty_level,0,easy,0.6264194933215228,17,5,ari_stability_1se,7,0.7871044409314042,False,False,0.5824267239430931
difficulty_level,0,easy,0.6264194933215228,17,5,ari_stability_quant,3,0.798601202780625,False,False,0.7885886743817261
difficulty_level,0,easy,0.6264194933215228,17,5,ari_stability_quant,4,1.0,False,False,0.9399435752339984
difficulty_level,0,easy,0.6264194933215228,17,5,ari_stability_quant,5,1.0,True,True,1.0
difficulty_level,0,easy,0.6264194933215228,17,5,ari_stability_quant,6,0.8855926452789936,False,False,0.6860257967200316
difficulty_level,0,easy,0.6264194933215228,17,5,ari_stability_quant,7,0.7871044409314042,False,False,0.5824267239430931
difficulty_level,0,easy,0.6264194933215228,17,5,consensus_ce_stability,3,0.7627827295017572,False,False,0.7885886743817261
difficulty_level,0,easy,0.6264194933215228,17,5,consensus_ce_stability,4,0.9999999999586944,True,False,0.9399435752339984
difficulty_level,0,easy,0.6264194933215228,17,5,consensus_ce_stability,5,0.9999999999586944,False,True,1.0
difficulty_level,0,easy,0.6264194933215228,17,5,consensus_ce_stability,6,0.9134800774429072,False,False,0.6860257967200316
difficulty_level,0,easy,0.6264194933215228,17,5,consensus_ce_stability,7,0.8740831003655903,False,False,0.5824267239430931
difficulty_level,0,easy,0.6264194933215228,17,5,consensus_gini_stability,3,0.7969678353699879,False,False,0.7885886743817261
difficulty_level,0,easy,0.6264194933215228,17,5,consensus_gini_stability,4,1.0,True,False,0.9399435752339984
difficulty_level,0,easy,0.6264194933215228,17,5,consensus_gini_stability,5,1.0,False,True,1.0
difficulty_level,0,easy,0.6264194933215228,17,5,consensus_gini_stability,6,0.9289120103909205,False,False,0.6860257967200316
difficulty_level,0,easy,0.6264194933215228,17,5,consensus_gini_stability,7,0.8850298878171884,False,False,0.5824267239430931
difficulty_level,0,easy,0.6264194933215228,17,5,consensus_pac_stability,3,0.6620876139648655,False,False,0.7885886743817261
difficulty_level,0,easy,0.6264194933215228,17,5,consensus_pac_stability,4,1.0,True,False,0.9399435752339984
difficulty_level,0,easy,0.6264194933215228,17,5,consensus_pac_stability,5,1.0,False,True,1.0
difficulty_level,0,easy,0.6264194933215228,17,5,consensus_pac_stability,6,0.8615930620413609,False,False,0.6860257967200316
difficulty_level,0,easy,0.6264194933215228,17,5,consensus_pac_stability,7,0.8478185456971314,False,False,0.5824267239430931
difficulty_level,0,easy,0.6264194933215228,17,5,silhouette,3,0.12234432875528012,False,False,0.7885886743817261
difficulty_level,0,easy,0.6264194933215228,17,5,silhouette,4,0.1516590008231013,False,False,0.9399435752339984
difficulty_level,0,easy,0.6264194933215228,17,5,silhouette,5,0.258047874953205,False,True,0.6264194933215228
difficulty_level,0,easy,0.6264194933215228,17,5,silhouette,6,0.2855464397288409,False,False,0.6385376100099559
difficulty_level,0,easy,0.6264194933215228,17,5,silhouette,7,0.2954572030953081,True,False,0.6254871240540131
difficulty_level,0,easy,0.6264194933215228,17,5,gap,3,0.6982703169055693,False,False,0.7885886743817261
difficulty_level,0,easy,0.6264194933215228,17,5,gap,4,0.7318963866195478,False,False,0.9399435752339984
difficulty_level,0,easy,0.6264194933215228,17,5,gap,5,0.9701312459164448,False,True,0.6264194933215228
difficulty_level,0,easy,0.6264194933215228,17,5,gap,6,1.043166910599469,False,False,0.6385376100099559
difficulty_level,0,easy,0.6264194933215228,17,5,gap,7,1.1068353294733129,True,False,0.6254871240540131
difficulty_level,0,easy,0.6264194933215228,17,5,davies_bouldin,3,0.23556246883445384,False,False,0.7885886743817261
difficulty_level,0,easy,0.6264194933215228,17,5,davies_bouldin,4,0.252092918971772,False,False,0.9399435752339984
difficulty_level,0,easy,0.6264194933215228,17,5,davies_bouldin,5,0.2864691705206777,False,True,0.6264194933215228
difficulty_level,0,easy,0.6264194933215228,17,5,davies_bouldin,6,0.30983921361603173,False,False,0.6385376100099559
difficulty_level,0,easy,0.6264194933215228,17,5,davies_bouldin,7,0.33266720874173705,True,False,0.6254871240540131
difficulty_level,0,easy,0.6264194933215228,17,5,calinski_harabasz,3,92.01207871011955,False,False,0.7885886743817261
difficulty_level,0,easy,0.6264194933215228,17,5,calinski_harabasz,4,85.04194516332791,False,False,0.9399435752339984
difficulty_level,0,easy,0.6264194933215228,17,5,calinski_harabasz,5,185.7131345319428,True,True,0.6264194933215228
difficulty_level,0,easy,0.6264194933215228,17,5,calinski_harabasz,6,185.28616340317876,False,False,0.6385376100099559
difficulty_level,0,easy,0.6264194933215228,17,5,calinski_harabasz,7,183.16524096760864,False,False,0.6254871240540131
difficulty_level,0,easy,0.6751740318990528,18,5,accuracy_generalizability,3,0.9592076939483638,True,False,0.8454151068151283
difficulty_level,0,easy,0.6751740318990528,18,5,accuracy_generalizability,4,0.8917783740203638,False,False,0.9429101821713829
difficulty_level,0,easy,0.6751740318990528,18,5,accuracy_generalizability,5,0.9000171323341826,False,True,1.0
difficulty_level,0,easy,0.6751740318990528,18,5,accuracy_generalizability,6,0.9475581863556326,False,False,0.722225953256618
difficulty_level,0,easy,0.6751740318990528,18,5,accuracy_generalizability,7,0.9203018952168565,False,False,0.6458133043835388
difficulty_level,0,easy,0.6751740318990528,18,5,ari_average,3,0.9120379709142331,False,False,0.8454151068151283
difficulty_level,0,easy,0.6751740318990528,18,5,ari_average,4,0.9022384668196227,False,False,0.9429101821713829
difficulty_level,0,easy,0.6751740318990528,18,5,ari_average,5,0.9443898910616093,True,True,1.0
difficulty_level,0,easy,0.6751740318990528,18,5,ari_average,6,0.936066681802986,False,False,0.722225953256618
difficulty_level,0,easy,0.6751740318990528,18,5,ari_average,7,0.8932655619279037,False,False,0.6458133043835388
difficulty_level,0,easy,0.6751740318990528,18,5,ari_average_1se,3,0.9120379709142331,False,False,0.8454151068151283
difficulty_level,0,easy,0.6751740318990528,18,5,ari_average_1se,4,0.9022384668196227,False,False,0.9429101821713829
difficulty_level,0,easy,0.6751740318990528,18,5,ari_average_1se,5,0.9443898910616093,True,True,1.0
difficulty_level,0,easy,0.6751740318990528,18,5,ari_average_1se,6,0.936066681802986,False,False,0.722225953256618
difficulty_level,0,easy,0.6751740318990528,18,5,ari_average_1se,7,0.8932655619279037,False,False,0.6458133043835388
difficulty_level,0,easy,0.6751740318990528,18,5,ari_average_quant,3,0.9120379709142331,False,False,0.8454151068151283
difficulty_level,0,easy,0.6751740318990528,18,5,ari_average_quant,4,0.9022384668196227,False,False,0.9429101821713829
difficulty_level,0,easy,0.6751740318990528,18,5,ari_average_quant,5,0.9443898910616093,False,True,1.0
difficulty_level,0,easy,0.6751740318990528,18,5,ari_average_quant,6,0.936066681802986,False,False,0.722225953256618
difficulty_level,0,easy,0.6751740318990528,18,5,ari_average_quant,7,0.8932655619279037,True,False,0.6458133043835388
difficulty_level,0,easy,0.6751740318990528,18,5,ari_generalizability,3,0.9319644911573272,True,False,0.8454151068151283
difficulty_level,0,easy,0.6751740318990528,18,5,ari_generalizability,4,0.8785354556156136,False,False,0.9429101821713829
difficulty_level,0,easy,0.6751740318990528,18,5,ari_generalizability,5,0.8887797821232186,False,True,1.0
difficulty_level,0,easy,0.6751740318990528,18,5,ari_generalizability,6,0.9150360671156921,False,False,0.722225953256618
difficulty_level,0,easy,0.6751740318990528,18,5,ari_generalizability,7,0.874626894123599,False,False,0.6458133043835388
difficulty_level,0,easy,0.6751740318990528,18,5,ari_generalizability_1se,3,0.9319644911573272,True,False,0.8454151068151283
difficulty_level,0,easy,0.6751740318990528,18,5,ari_generalizability_1se,4,0.8785354556156136,False,False,0.9429101821713829
difficulty_level,0,easy,0.6751740318990528,18,5,ari_generalizability_1se,5,0.8887797821232186,False,True,1.0
difficulty_level,0,easy,0.6751740318990528,18,5,ari_generalizability_1se,6,0.9150360671156921,False,False,0.722225953256618
difficulty_level,0,easy,0.6751740318990528,18,5,ari_generalizability_1se,7,0.874626894123599,False,False,0.6458133043835388
difficulty_level,0,easy,0.6751740318990528,18,5,ari_generalizability_quant,3,0.9319644911573272,False,False,0.8454151068151283
difficulty_level,0,easy,0.6751740318990528,18,5,ari_generalizability_quant,4,0.8785354556156136,False,False,0.9429101821713829
difficulty_level,0,easy,0.6751740318990528,18,5,ari_generalizability_quant,5,0.8887797821232186,False,True,1.0
difficulty_level,0,easy,0.6751740318990528,18,5,ari_generalizability_quant,6,0.9150360671156921,False,False,0.722225953256618
difficulty_level,0,easy,0.6751740318990528,18,5,ari_generalizability_quant,7,0.874626894123599,True,False,0.6458133043835388
difficulty_level,0,easy,0.6751740318990528,18,5,ari_stability,3,0.892111450671139,False,False,0.8454151068151283
difficulty_level,0,easy,0.6751740318990528,18,5,ari_stability,4,0.9259414780236316,False,False,0.9429101821713829
difficulty_level,0,easy,0.6751740318990528,18,5,ari_stability,5,1.0,True,True,1.0
difficulty_level,0,easy,0.6751740318990528,18,5,ari_stability,6,0.95709729649028,False,False,0.722225953256618
difficulty_level,0,easy,0.6751740318990528,18,5,ari_stability,7,0.9119042297322091,False,False,0.6458133043835388
difficulty_level,0,easy,0.6751740318990528,18,5,ari_stability_1se,3,0.892111450671139,False,False,0.8454151068151283
difficulty_level,0,easy,0.6751740318990528,18,5,ari_stability_1se,4,0.9259414780236316,False,False,0.9429101821713829
difficulty_level,0,easy,0.6751740318990528,18,5,ari_stability_1se,5,1.0,True,True,1.0
difficulty_level,0,easy,0.6751740318990528,18,5,ari_stability_1se,6,0.95709729649028,False,False,0.722225953256618
difficulty_level,0,easy,0.6751740318990528,18,5,ari_stability_1se,7,0.9119042297322091,False,False,0.6458133043835388
difficulty_level,0,easy,0.6751740318990528,18,5,ari_stability_quant,3,0.892111450671139,False,False,0.8454151068151283
difficulty_level,0,easy,0.6751740318990528,18,5,ari_stability_quant,4,0.9259414780236316,False,False,0.9429101821713829
difficulty_level,0,easy,0.6751740318990528,18,5,ari_stability_quant,5,1.0,True,True,1.0
difficulty_level,0,easy,0.6751740318990528,18,5,ari_stability_quant,6,0.95709729649028,False,False,0.722225953256618
difficulty_level,0,easy,0.6751740318990528,18,5,ari_stability_quant,7,0.9119042297322091,False,False,0.6458133043835388
difficulty_level,0,easy,0.6751740318990528,18,5,consensus_ce_stability,3,0.8859053980341047,False,False,0.8454151068151283
difficulty_level,0,easy,0.6751740318990528,18,5,consensus_ce_stability,4,0.9317087168908071,False,False,0.9429101821713829
difficulty_level,0,easy,0.6751740318990528,18,5,consensus_ce_stability,5,0.9999999999586944,True,True,1.0
difficulty_level,0,easy,0.6751740318990528,18,5,consensus_ce_stability,6,0.9647624642808317,False,False,0.722225953256618
difficulty_level,0,easy,0.6751740318990528,18,5,consensus_ce_stability,7,0.9410478329157442,False,False,0.6458133043835388
difficulty_level,0,easy,0.6751740318990528,18,5,consensus_gini_stability,3,0.901560325485207,False,False,0.8454151068151283
difficulty_level,0,easy,0.6751740318990528,18,5,consensus_gini_stability,4,0.9392982077036162,False,False,0.9429101821713829
difficulty_level,0,easy,0.6751740318990528,18,5,consensus_gini_stability,5,1.0,True,True,1.0
difficulty_level,0,easy,0.6751740318990528,18,5,consensus_gini_stability,6,0.974010687608146,False,False,0.722225953256618
difficulty_level,0,easy,0.6751740318990528,18,5,consensus_gini_stability,7,0.9510873036931599,False,False,0.6458133043835388
difficulty_level,0,easy,0.6751740318990528,18,5,consensus_pac_stability,3,0.8354894374027129,False,False,0.8454151068151283
difficulty_level,0,easy,0.6751740318990528,18,5,consensus_pac_stability,4,0.9045648209917723,False,False,0.9429101821713829
difficulty_level,0,easy,0.6751740318990528,18,5,consensus_pac_stability,5,1.0,True,True,1.0
difficulty_level,0,easy,0.6751740318990528,18,5,consensus_pac_stability,6,0.9559697576161885,False,False,0.722225953256618
difficulty_level,0,easy,0.6751740318990528,18,5,consensus_pac_stability,7,0.9090860573715811,False,False,0.6458133043835388
difficulty_level,0,easy,0.6751740318990528,18,5,silhouette,3,0.14543583514101094,False,False,0.8350186114724804
difficulty_level,0,easy,0.6751740318990528,18,5,silhouette,4,0.16553750460201358,False,False,0.951975008550547
difficulty_level,0,easy,0.6751740318990528,18,5,silhouette,5,0.24354850073998083,False,True,0.6751740318990528
difficulty_level,0,easy,0.6751740318990528,18,5,silhouette,6,0.26793260758110365,False,False,0.722225953256618
difficulty_level,0,easy,0.6751740318990528,18,5,silhouette,7,0.3046887113399941,True,False,0.6462175821486997
difficulty_level,0,easy,0.6751740318990528,18,5,gap,3,0.8139726037505781,False,False,0.8350186114724804
difficulty_level,0,easy,0.6751740318990528,18,5,gap,4,0.8568781395639977,False,False,0.951975008550547
difficulty_level,0,easy,0.6751740318990528,18,5,gap,5,1.0396829042672362,False,True,0.6751740318990528
difficulty_level,0,easy,0.6751740318990528,18,5,gap,6,1.0971668081880246,False,False,0.722225953256618
difficulty_level,0,easy,0.6751740318990528,18,5,gap,7,1.202872396694195,True,False,0.6462175821486997
difficulty_level,0,easy,0.6751740318990528,18,5,davies_bouldin,3,0.24545386941702618,False,False,0.8350186114724804
difficulty_level,0,easy,0.6751740318990528,18,5,davies_bouldin,4,0.26106614371096015,False,False,0.951975008550547
difficulty_level,0,easy,0.6751740318990528,18,5,davies_bouldin,5,0.29455667222317866,False,True,0.6751740318990528
difficulty_level,0,easy,0.6751740318990528,18,5,davies_bouldin,6,0.3208239906269454,False,False,0.722225953256618
difficulty_level,0,easy,0.6751740318990528,18,5,davies_bouldin,7,0.3357247800974882,True,False,0.6462175821486997
difficulty_level,0,easy,0.6751740318990528,18,5,calinski_harabasz,3,112.826605035927,False,False,0.8350186114724804
difficulty_level,0,easy,0.6751740318990528,18,5,calinski_harabasz,4,105.72339124714563,False,False,0.951975008550547
difficulty_level,0,easy,0.6751740318990528,18,5,calinski_harabasz,5,173.67274203914667,False,True,0.6751740318990528
difficulty_level,0,easy,0.6751740318990528,18,5,calinski_harabasz,6,167.50580256447898,False,False,0.722225953256618
difficulty_level,0,easy,0.6751740318990528,18,5,calinski_harabasz,7,185.31269008315581,True,False,0.6462175821486997
difficulty_level,0,easy,1.0,19,5,accuracy_generalizability,3,0.8792090005679858,False,False,0.6538962163947455
difficulty_level,0,easy,1.0,19,5,accuracy_generalizability,4,0.9763639806802206,False,False,0.807641928739719
difficulty_level,0,easy,1.0,19,5,accuracy_generalizability,5,0.9982316257745524,True,True,1.0
difficulty_level,0,easy,1.0,19,5,accuracy_generalizability,6,0.8670151861941459,False,False,0.9144665680937275
difficulty_level,0,easy,1.0,19,5,accuracy_generalizability,7,0.8187507619769576,False,False,0.8115017982024602
difficulty_level,0,easy,1.0,19,5,ari_average,3,0.7251426084255941,False,False,0.6538962163947455
difficulty_level,0,easy,1.0,19,5,ari_average,4,0.9762719754646974,False,False,0.807641928739719
difficulty_level,0,easy,1.0,19,5,ari_average,5,0.9988593106291717,True,True,1.0
difficulty_level,0,easy,1.0,19,5,ari_average,6,0.8824969188565249,False,False,0.9144665680937275
difficulty_level,0,easy,1.0,19,5,ari_average,7,0.8360450713897505,False,False,0.8115017982024602
difficulty_level,0,easy,1.0,19,5,ari_average_1se,3,0.7251426084255941,False,False,0.6538962163947455
difficulty_level,0,easy,1.0,19,5,ari_average_1se,4,0.9762719754646974,False,False,0.807641928739719
difficulty_level,0,easy,1.0,19,5,ari_average_1se,5,0.9988593106291717,True,True,1.0
difficulty_level,0,easy,1.0,19,5,ari_average_1se,6,0.8824969188565249,False,False,0.9144665680937275
difficulty_level,0,easy,1.0,19,5,ari_average_1se,7,0.8360450713897505,False,False,0.8115017982024602
difficulty_level,0,easy,1.0,19,5,ari_average_quant,3,0.7251426084255941,False,False,0.6538962163947455
difficulty_level,0,easy,1.0,19,5,ari_average_quant,4,0.9762719754646974,False,False,0.807641928739719
difficulty_level,0,easy,1.0,19,5,ari_average_quant,5,0.9988593106291717,True,True,1.0
difficulty_level,0,easy,1.0,19,5,ari_average_quant,6,0.8824969188565249,False,False,0.9144665680937275
difficulty_level,0,easy,1.0,19,5,ari_average_quant,7,0.8360450713897505,False,False,0.8115017982024602
difficulty_level,0,easy,1.0,19,5,ari_generalizability,3,0.7133726268390481,False,False,0.6538962163947455
difficulty_level,0,easy,1.0,19,5,ari_generalizability,4,0.9590085951921293,False,False,0.807641928739719
difficulty_level,0,easy,1.0,19,5,ari_generalizability,5,0.9977186212583432,True,True,1.0
difficulty_level,0,easy,1.0,19,5,ari_generalizability,6,0.8736035219111733,False,False,0.9144665680937275
difficulty_level,0,easy,1.0,19,5,ari_generalizability,7,0.8047282354164984,False,False,0.8115017982024602
difficulty_level,0,easy,1.0,19,5,ari_generalizability_1se,3,0.7133726268390481,False,False,0.6538962163947455
difficulty_level,0,easy,1.0,19,5,ari_generalizability_1se,4,0.9590085951921293,False,False,0.807641928739719
difficulty_level,0,easy,1.0,19,5,ari_generalizability_1se,5,0.9977186212583432,True,True,1.0
difficulty_level,0,easy,1.0,19,5,ari_generalizability_1se,6,0.8736035219111733,False,False,0.9144665680937275
difficulty_level,0,easy,1.0,19,5,ari_generalizability_1se,7,0.8047282354164984,False,False,0.8115017982024602
difficulty_level,0,easy,1.0,19,5,ari_generalizability_quant,3,0.7133726268390481,False,False,0.6538962163947455
difficulty_level,0,easy,1.0,19,5,ari_generalizability_quant,4,0.9590085951921293,False,False,0.807641928739719
difficulty_level,0,easy,1.0,19,5,ari_generalizability_quant,5,0.9977186212583432,True,True,1.0
difficulty_level,0,easy,1.0,19,5,ari_generalizability_quant,6,0.8736035219111733,False,False,0.9144665680937275
difficulty_level,0,easy,1.0,19,5,ari_generalizability_quant,7,0.8047282354164984,False,False,0.8115017982024602
difficulty_level,0,easy,1.0,19,5,ari_stability,3,0.7369125900121404,False,False,0.6538962163947455
difficulty_level,0,easy,1.0,19,5,ari_stability,4,0.9935353557372654,False,False,0.807641928739719
difficulty_level,0,easy,1.0,19,5,ari_stability,5,1.0,True,True,1.0
difficulty_level,0,easy,1.0,19,5,ari_stability,6,0.8913903158018764,False,False,0.9144665680937275
difficulty_level,0,easy,1.0,19,5,ari_stability,7,0.8673619073630023,False,False,0.8115017982024602
difficulty_level,0,easy,1.0,19,5,ari_stability_1se,3,0.7369125900121404,False,False,0.6538962163947455
difficulty_level,0,easy,1.0,19,5,ari_stability_1se,4,0.9935353557372654,False,False,0.807641928739719
difficulty_level,0,easy,1.0,19,5,ari_stability_1se,5,1.0,True,True,1.0
difficulty_level,0,easy,1.0,19,5,ari_stability_1se,6,0.8913903158018764,False,False,0.9144665680937275
difficulty_level,0,easy,1.0,19,5,ari_stability_1se,7,0.8673619073630023,False,False,0.8115017982024602
difficulty_level,0,easy,1.0,19,5,ari_stability_quant,3,0.7369125900121404,False,False,0.6538962163947455
difficulty_level,0,easy,1.0,19,5,ari_stability_quant,4,0.9935353557372654,False,False,0.807641928739719
difficulty_level,0,easy,1.0,19,5,ari_stability_quant,5,1.0,True,True,1.0
difficulty_level,0,easy,1.0,19,5,ari_stability_quant,6,0.8913903158018764,False,False,0.9144665680937275
difficulty_level,0,easy,1.0,19,5,ari_stability_quant,7,0.8673619073630023,False,False,0.8115017982024602
difficulty_level,0,easy,1.0,19,5,consensus_ce_stability,3,0.745898280282737,False,False,0.6538962163947455
difficulty_level,0,easy,1.0,19,5,consensus_ce_stability,4,0.9902510465539345,False,False,0.807641928739719
difficulty_level,0,easy,1.0,19,5,consensus_ce_stability,5,0.9999999999586944,True,True,1.0
difficulty_level,0,easy,1.0,19,5,consensus_ce_stability,6,0.9290273882950053,False,False,0.9144665680937275
difficulty_level,0,easy,1.0,19,5,consensus_ce_stability,7,0.9175118622876635,False,False,0.8115017982024602
difficulty_level,0,easy,1.0,19,5,consensus_gini_stability,3,0.7647383260920434,False,False,0.6538962163947455
difficulty_level,0,easy,1.0,19,5,consensus_gini_stability,4,0.9943064273452896,False,False,0.807641928739719
difficulty_level,0,easy,1.0,19,5,consensus_gini_stability,5,1.0,True,True,1.0
difficulty_level,0,easy,1.0,19,5,consensus_gini_stability,6,0.9379689322423468,False,False,0.9144665680937275
difficulty_level,0,easy,1.0,19,5,consensus_gini_stability,7,0.9281030305467324,False,False,0.8115017982024602
difficulty_level,0,easy,1.0,19,5,consensus_pac_stability,3,0.6661658883700244,False,False,0.6538962163947455
difficulty_level,0,easy,1.0,19,5,consensus_pac_stability,4,0.9999982210362464,False,False,0.807641928739719
difficulty_level,0,easy,1.0,19,5,consensus_pac_stability,5,1.0,True,True,1.0
difficulty_level,0,easy,1.0,19,5,consensus_pac_stability,6,0.9062806315321326,False,False,0.9144665680937275
difficulty_level,0,easy,1.0,19,5,consensus_pac_stability,7,0.8842357126973538,False,False,0.8115017982024602
difficulty_level,0,easy,1.0,19,5,silhouette,3,0.128220832592328,False,False,0.4817587112494461
difficulty_level,0,easy,1.0,19,5,silhouette,4,0.1460376619600188,False,False,0.807641928739719
difficulty_level,0,easy,1.0,19,5,silhouette,5,0.17037498618113162,False,True,1.0
difficulty_level,0,easy,1.0,19,5,silhouette,6,0.20670442623885152,False,False,0.91503688450101
difficulty_level,0,easy,1.0,19,5,silhouette,7,0.2428402875628345,True,False,0.8116811117116776
difficulty_level,0,easy,1.0,19,5,gap,3,0.7470987513780578,False,False,0.4817587112494461
difficulty_level,0,easy,1.0,19,5,gap,4,0.7948620596301463,False,False,0.807641928739719
difficulty_level,0,easy,1.0,19,5,gap,5,0.8396280253153154,False,True,1.0
difficulty_level,0,easy,1.0,19,5,gap,6,0.93730298424747,False,False,0.91503688450101
difficulty_level,0,easy,1.0,19,5,gap,7,1.0330458188354967,True,False,0.8116811117116776
difficulty_level,0,easy,1.0,19,5,davies_bouldin,3,0.2492856368595126,False,False,0.4817587112494461
difficulty_level,0,easy,1.0,19,5,davies_bouldin,4,0.26460861500479244,False,False,0.807641928739719
difficulty_level,0,easy,1.0,19,5,davies_bouldin,5,0.275403892367278,False,True,1.0
difficulty_level,0,easy,1.0,19,5,davies_bouldin,6,0.2990853064332578,False,False,0.91503688450101
difficulty_level,0,easy,1.0,19,5,davies_bouldin,7,0.3160292315666525,True,False,0.8116811117116776
difficulty_level,0,easy,1.0,19,5,calinski_harabasz,3,92.97110828831389,False,False,0.4817587112494461
difficulty_level,0,easy,1.0,19,5,calinski_harabasz,4,94.75610598992111,False,False,0.807641928739719
difficulty_level,0,easy,1.0,19,5,calinski_harabasz,5,94.48050677168199,False,True,1.0
difficulty_level,0,easy,1.0,19,5,calinski_harabasz,6,116.3779322758979,False,False,0.91503688450101
difficulty_level,0,easy,1.0,19,5,calinski_harabasz,7,133.7078496354767,True,False,0.8116811117116776
difficulty_level,1,medium,0.7921587666504206,0,5,accuracy_generalizability,3,0.9999848484848485,True,False,0.7690259502720593
difficulty_level,1,medium,0.7921587666504206,0,5,accuracy_generalizability,4,0.9204792507076814,False,False,0.9321119662441609
difficulty_level,1,medium,0.7921587666504206,0,5,accuracy_generalizability,5,0.8718720058412492,False,True,1.0
difficulty_level,1,medium,0.7921587666504206,0,5,accuracy_generalizability,6,0.7965313913500748,False,False,0.8602833086710282
difficulty_level,1,medium,0.7921587666504206,0,5,accuracy_generalizability,7,0.9599251895253677,False,False,0.7071258309332004
difficulty_level,1,medium,0.7921587666504206,0,5,ari_average,3,0.9999737440568065,True,False,0.7690259502720593
difficulty_level,1,medium,0.7921587666504206,0,5,ari_average,4,0.9064402787367818,False,False,0.9321119662441609
difficulty_level,1,medium,0.7921587666504206,0,5,ari_average,5,0.942505376003514,False,True,1.0
difficulty_level,1,medium,0.7921587666504206,0,5,ari_average,6,0.8110814623603625,False,False,0.8602833086710282
difficulty_level,1,medium,0.7921587666504206,0,5,ari_average,7,0.9455253591269117,False,False,0.7071258309332004
difficulty_level,1,medium,0.7921587666504206,0,5,ari_average_1se,3,0.9999737440568065,True,False,0.7690259502720593
difficulty_level,1,medium,0.7921587666504206,0,5,ari_average_1se,4,0.9064402787367818,False,False,0.9321119662441609
difficulty_level,1,medium,0.7921587666504206,0,5,ari_average_1se,5,0.942505376003514,False,True,1.0
difficulty_level,1,medium,0.7921587666504206,0,5,ari_average_1se,6,0.8110814623603625,False,False,0.8602833086710282
difficulty_level,1,medium,0.7921587666504206,0,5,ari_average_1se,7,0.9455253591269117,False,False,0.7071258309332004
difficulty_level,1,medium,0.7921587666504206,0,5,ari_average_quant,3,0.9999737440568065,True,False,0.7690259502720593
difficulty_level,1,medium,0.7921587666504206,0,5,ari_average_quant,4,0.9064402787367818,False,False,0.9321119662441609
difficulty_level,1,medium,0.7921587666504206,0,5,ari_average_quant,5,0.942505376003514,False,True,1.0
difficulty_level,1,medium,0.7921587666504206,0,5,ari_average_quant,6,0.8110814623603625,False,False,0.8602833086710282
difficulty_level,1,medium,0.7921587666504206,0,5,ari_average_quant,7,0.9455253591269117,False,False,0.7071258309332004
difficulty_level,1,medium,0.7921587666504206,0,5,ari_generalizability,3,0.9999474881136129,True,False,0.7690259502720593
difficulty_level,1,medium,0.7921587666504206,0,5,ari_generalizability,4,0.8992820208555556,False,False,0.9321119662441609
difficulty_level,1,medium,0.7921587666504206,0,5,ari_generalizability,5,0.8850107520070278,False,True,1.0
difficulty_level,1,medium,0.7921587666504206,0,5,ari_generalizability,6,0.7742273549663459,False,False,0.8602833086710282
difficulty_level,1,medium,0.7921587666504206,0,5,ari_generalizability,7,0.9336805869890764,False,False,0.7071258309332004
difficulty_level,1,medium,0.7921587666504206,0,5,ari_generalizability_1se,3,0.9999474881136129,True,False,0.7690259502720593
difficulty_level,1,medium,0.7921587666504206,0,5,ari_generalizability_1se,4,0.8992820208555556,False,False,0.9321119662441609
difficulty_level,1,medium,0.7921587666504206,0,5,ari_generalizability_1se,5,0.8850107520070278,False,True,1.0
difficulty_level,1,medium,0.7921587666504206,0,5,ari_generalizability_1se,6,0.7742273549663459,False,False,0.8602833086710282
difficulty_level,1,medium,0.7921587666504206,0,5,ari_generalizability_1se,7,0.9336805869890764,False,False,0.7071258309332004
difficulty_level,1,medium,0.7921587666504206,0,5,ari_generalizability_quant,3,0.9999474881136129,True,False,0.7690259502720593
difficulty_level,1,medium,0.7921587666504206,0,5,ari_generalizability_quant,4,0.8992820208555556,False,False,0.9321119662441609
difficulty_level,1,medium,0.7921587666504206,0,5,ari_generalizability_quant,5,0.8850107520070278,False,True,1.0
difficulty_level,1,medium,0.7921587666504206,0,5,ari_generalizability_quant,6,0.7742273549663459,False,False,0.8602833086710282
difficulty_level,1,medium,0.7921587666504206,0,5,ari_generalizability_quant,7,0.9336805869890764,False,False,0.7071258309332004
difficulty_level,1,medium,0.7921587666504206,0,5,ari_stability,3,1.0,True,False,0.7690259502720593
difficulty_level,1,medium,0.7921587666504206,0,5,ari_stability,4,0.9135985366180076,False,False,0.9321119662441609
difficulty_level,1,medium,0.7921587666504206,0,5,ari_stability,5,1.0,False,True,1.0
difficulty_level,1,medium,0.7921587666504206,0,5,ari_stability,6,0.8479355697543793,False,False,0.8602833086710282
difficulty_level,1,medium,0.7921587666504206,0,5,ari_stability,7,0.9573701312647477,False,False,0.7071258309332004
difficulty_level,1,medium,0.7921587666504206,0,5,ari_stability_1se,3,1.0,False,False,0.7690259502720593
difficulty_level,1,medium,0.7921587666504206,0,5,ari_stability_1se,4,0.9135985366180076,False,False,0.9321119662441609
difficulty_level,1,medium,0.7921587666504206,0,5,ari_stability_1se,5,1.0,True,True,1.0
difficulty_level,1,medium,0.7921587666504206,0,5,ari_stability_1se,6,0.8479355697543793,False,False,0.8602833086710282
difficulty_level,1,medium,0.7921587666504206,0,5,ari_stability_1se,7,0.9573701312647477,False,False,0.7071258309332004
difficulty_level,1,medium,0.7921587666504206,0,5,ari_stability_quant,3,1.0,False,False,0.7690259502720593
difficulty_level,1,medium,0.7921587666504206,0,5,ari_stability_quant,4,0.9135985366180076,False,False,0.9321119662441609
difficulty_level,1,medium,0.7921587666504206,0,5,ari_stability_quant,5,1.0,True,True,1.0
difficulty_level,1,medium,0.7921587666504206,0,5,ari_stability_quant,6,0.8479355697543793,False,False,0.8602833086710282
difficulty_level,1,medium,0.7921587666504206,0,5,ari_stability_quant,7,0.9573701312647477,False,False,0.7071258309332004
difficulty_level,1,medium,0.7921587666504206,0,5,consensus_ce_stability,3,0.9999999999586945,True,False,0.7690259502720593
difficulty_level,1,medium,0.7921587666504206,0,5,consensus_ce_stability,4,0.9240346935122125,False,False,0.9321119662441609
difficulty_level,1,medium,0.7921587666504206,0,5,consensus_ce_stability,5,0.9999999999586944,False,True,1.0
difficulty_level,1,medium,0.7921587666504206,0,5,consensus_ce_stability,6,0.9033616439752683,False,False,0.8602833086710282
difficulty_level,1,medium,0.7921587666504206,0,5,consensus_ce_stability,7,0.9726593134509667,False,False,0.7071258309332004
difficulty_level,1,medium,0.7921587666504206,0,5,consensus_gini_stability,3,1.0,True,False,0.7690259502720593
difficulty_level,1,medium,0.7921587666504206,0,5,consensus_gini_stability,4,0.929671137075512,False,False,0.9321119662441609
difficulty_level,1,medium,0.7921587666504206,0,5,consensus_gini_stability,5,1.0,False,True,1.0
difficulty_level,1,medium,0.7921587666504206,0,5,consensus_gini_stability,6,0.9074783275100556,False,False,0.8602833086710282
difficulty_level,1,medium,0.7921587666504206,0,5,consensus_gini_stability,7,0.9790924736046148,False,False,0.7071258309332004
difficulty_level,1,medium,0.7921587666504206,0,5,consensus_pac_stability,3,1.0,True,False,0.7690259502720593
difficulty_level,1,medium,0.7921587666504206,0,5,consensus_pac_stability,4,0.904188570157883,False,False,0.9321119662441609
difficulty_level,1,medium,0.7921587666504206,0,5,consensus_pac_stability,5,1.0,False,True,1.0
difficulty_level,1,medium,0.7921587666504206,0,5,consensus_pac_stability,6,0.898338447854125,False,False,0.8602833086710282
difficulty_level,1,medium,0.7921587666504206,0,5,consensus_pac_stability,7,0.9690736046253058,False,False,0.7071258309332004
difficulty_level,1,medium,0.7921587666504206,0,5,silhouette,3,0.13248548255053408,False,False,0.7690259502720593
difficulty_level,1,medium,0.7921587666504206,0,5,silhouette,4,0.15994430145722527,False,False,0.9321119662441609
difficulty_level,1,medium,0.7921587666504206,0,5,silhouette,5,0.17911912490660528,False,True,1.0
difficulty_level,1,medium,0.7921587666504206,0,5,silhouette,6,0.2111929711193661,False,False,0.867517853232286
difficulty_level,1,medium,0.7921587666504206,0,5,silhouette,7,0.2639625749343827,True,False,0.7062368108585104
difficulty_level,1,medium,0.7921587666504206,0,5,gap,3,0.17298975154755247,False,False,0.7690259502720593
difficulty_level,1,medium,0.7921587666504206,0,5,gap,4,0.2148161087726379,False,False,0.9321119662441609
difficulty_level,1,medium,0.7921587666504206,0,5,gap,5,0.24217020641152942,False,True,1.0
difficulty_level,1,medium,0.7921587666504206,0,5,gap,6,0.3527317142724655,False,False,0.867517853232286
difficulty_level,1,medium,0.7921587666504206,0,5,gap,7,0.5021478122644236,True,False,0.7062368108585104
difficulty_level,1,medium,0.7921587666504206,0,5,davies_bouldin,3,0.24045580275144984,False,False,0.7690259502720593
difficulty_level,1,medium,0.7921587666504206,0,5,davies_bouldin,4,0.2522600828962891,False,False,0.9321119662441609
difficulty_level,1,medium,0.7921587666504206,0,5,davies_bouldin,5,0.27496882655583366,False,True,1.0
difficulty_level,1,medium,0.7921587666504206,0,5,davies_bouldin,6,0.2970849917707595,False,False,0.867517853232286
difficulty_level,1,medium,0.7921587666504206,0,5,davies_bouldin,7,0.3169324269809451,True,False,0.7062368108585104
difficulty_level,1,medium,0.7921587666504206,0,5,calinski_harabasz,3,123.00539696910688,False,False,0.7690259502720593
difficulty_level,1,medium,0.7921587666504206,0,5,calinski_harabasz,4,111.930675181011,False,False,0.9321119662441609
difficulty_level,1,medium,0.7921587666504206,0,5,calinski_harabasz,5,100.00399809201413,False,True,1.0
difficulty_level,1,medium,0.7921587666504206,0,5,calinski_harabasz,6,126.75187398419713,False,False,0.867517853232286
difficulty_level,1,medium,0.7921587666504206,0,5,calinski_harabasz,7,164.92993096072607,True,False,0.7062368108585104
difficulty_level,1,medium,0.7106649877639253,1,5,accuracy_generalizability,3,0.9872051103510893,True,False,0.8555270584931348
difficulty_level,1,medium,0.7106649877639253,1,5,accuracy_generalizability,4,0.8327977120355282,False,False,0.9490882103035541
difficulty_level,1,medium,0.7106649877639253,1,5,accuracy_generalizability,5,0.6973124540919686,False,True,1.0
difficulty_level,1,medium,0.7106649877639253,1,5,accuracy_generalizability,6,0.8468406346141408,False,False,0.7594436061192373
difficulty_level,1,medium,0.7106649877639253,1,5,accuracy_generalizability,7,0.8416739838304674,False,False,0.647336036050595
difficulty_level,1,medium,0.7106649877639253,1,5,ari_average,3,0.9686797176289921,True,False,0.8555270584931348
difficulty_level,1,medium,0.7106649877639253,1,5,ari_average,4,0.8876650357894934,False,False,0.9490882103035541
difficulty_level,1,medium,0.7106649877639253,1,5,ari_average,5,0.8491925181452454,False,True,1.0
difficulty_level,1,medium,0.7106649877639253,1,5,ari_average,6,0.8896727373964949,False,False,0.7594436061192373
difficulty_level,1,medium,0.7106649877639253,1,5,ari_average,7,0.8388908918409983,False,False,0.647336036050595
difficulty_level,1,medium,0.7106649877639253,1,5,ari_average_1se,3,0.9686797176289921,True,False,0.8555270584931348
difficulty_level,1,medium,0.7106649877639253,1,5,ari_average_1se,4,0.8876650357894934,False,False,0.9490882103035541
difficulty_level,1,medium,0.7106649877639253,1,5,ari_average_1se,5,0.8491925181452454,False,True,1.0
difficulty_level,1,medium,0.7106649877639253,1,5,ari_average_1se,6,0.8896727373964949,False,False,0.7594436061192373
difficulty_level,1,medium,0.7106649877639253,1,5,ari_average_1se,7,0.8388908918409983,False,False,0.647336036050595
difficulty_level,1,medium,0.7106649877639253,1,5,ari_average_quant,3,0.9686797176289921,False,False,0.8555270584931348
difficulty_level,1,medium,0.7106649877639253,1,5,ari_average_quant,4,0.8876650357894934,False,False,0.9490882103035541
difficulty_level,1,medium,0.7106649877639253,1,5,ari_average_quant,5,0.8491925181452454,False,True,1.0
difficulty_level,1,medium,0.7106649877639253,1,5,ari_average_quant,6,0.8896727373964949,False,False,0.7594436061192373
difficulty_level,1,medium,0.7106649877639253,1,5,ari_average_quant,7,0.8388908918409983,True,False,0.647336036050595
difficulty_level,1,medium,0.7106649877639253,1,5,ari_generalizability,3,0.9775755101871486,True,False,0.8555270584931348
difficulty_level,1,medium,0.7106649877639253,1,5,ari_generalizability,4,0.8195780491763937,False,False,0.9490882103035541
difficulty_level,1,medium,0.7106649877639253,1,5,ari_generalizability,5,0.6983850362904911,False,True,1.0
difficulty_level,1,medium,0.7106649877639253,1,5,ari_generalizability,6,0.832932711393132,False,False,0.7594436061192373
difficulty_level,1,medium,0.7106649877639253,1,5,ari_generalizability,7,0.7870603329112345,False,False,0.647336036050595
difficulty_level,1,medium,0.7106649877639253,1,5,ari_generalizability_1se,3,0.9775755101871486,True,False,0.8555270584931348
difficulty_level,1,medium,0.7106649877639253,1,5,ari_generalizability_1se,4,0.8195780491763937,False,False,0.9490882103035541
difficulty_level,1,medium,0.7106649877639253,1,5,ari_generalizability_1se,5,0.6983850362904911,False,True,1.0
difficulty_level,1,medium,0.7106649877639253,1,5,ari_generalizability_1se,6,0.832932711393132,False,False,0.7594436061192373
difficulty_level,1,medium,0.7106649877639253,1,5,ari_generalizability_1se,7,0.7870603329112345,False,False,0.647336036050595
difficulty_level,1,medium,0.7106649877639253,1,5,ari_generalizability_quant,3,0.9775755101871486,False,False,0.8555270584931348
difficulty_level,1,medium,0.7106649877639253,1,5,ari_generalizability_quant,4,0.8195780491763937,False,False,0.9490882103035541
difficulty_level,1,medium,0.7106649877639253,1,5,ari_generalizability_quant,5,0.6983850362904911,False,True,1.0
difficulty_level,1,medium,0.7106649877639253,1,5,ari_generalizability_quant,6,0.832932711393132,True,False,0.7594436061192373
difficulty_level,1,medium,0.7106649877639253,1,5,ari_generalizability_quant,7,0.7870603329112345,False,False,0.647336036050595
difficulty_level,1,medium,0.7106649877639253,1,5,ari_stability,3,0.9597839250708355,False,False,0.8555270584931348
difficulty_level,1,medium,0.7106649877639253,1,5,ari_stability,4,0.9557520224025932,False,False,0.9490882103035541
difficulty_level,1,medium,0.7106649877639253,1,5,ari_stability,5,1.0,True,True,1.0
difficulty_level,1,medium,0.7106649877639253,1,5,ari_stability,6,0.9464127633998575,False,False,0.7594436061192373
difficulty_level,1,medium,0.7106649877639253,1,5,ari_stability,7,0.8907214507707623,False,False,0.647336036050595
difficulty_level,1,medium,0.7106649877639253,1,5,ari_stability_1se,3,0.9597839250708355,False,False,0.8555270584931348
difficulty_level,1,medium,0.7106649877639253,1,5,ari_stability_1se,4,0.9557520224025932,False,False,0.9490882103035541
difficulty_level,1,medium,0.7106649877639253,1,5,ari_stability_1se,5,1.0,True,True,1.0
difficulty_level,1,medium,0.7106649877639253,1,5,ari_stability_1se,6,0.9464127633998575,False,False,0.7594436061192373
difficulty_level,1,medium,0.7106649877639253,1,5,ari_stability_1se,7,0.8907214507707623,False,False,0.647336036050595
difficulty_level,1,medium,0.7106649877639253,1,5,ari_stability_quant,3,0.9597839250708355,False,False,0.8555270584931348
difficulty_level,1,medium,0.7106649877639253,1,5,ari_stability_quant,4,0.9557520224025932,False,False,0.9490882103035541
difficulty_level,1,medium,0.7106649877639253,1,5,ari_stability_quant,5,1.0,True,True,1.0
difficulty_level,1,medium,0.7106649877639253,1,5,ari_stability_quant,6,0.9464127633998575,False,False,0.7594436061192373
difficulty_level,1,medium,0.7106649877639253,1,5,ari_stability_quant,7,0.8907214507707623,False,False,0.647336036050595
difficulty_level,1,medium,0.7106649877639253,1,5,consensus_ce_stability,3,0.9423580431162424,False,False,0.8555270584931348
difficulty_level,1,medium,0.7106649877639253,1,5,consensus_ce_stability,4,0.9599215425362703,False,False,0.9490882103035541
difficulty_level,1,medium,0.7106649877639253,1,5,consensus_ce_stability,5,0.9999999999586944,True,True,1.0
difficulty_level,1,medium,0.7106649877639253,1,5,consensus_ce_stability,6,0.9515871543438298,False,False,0.7594436061192373
difficulty_level,1,medium,0.7106649877639253,1,5,consensus_ce_stability,7,0.9262918048802069,False,False,0.647336036050595
difficulty_level,1,medium,0.7106649877639253,1,5,consensus_gini_stability,3,0.9599932553624916,False,False,0.8555270584931348
difficulty_level,1,medium,0.7106649877639253,1,5,consensus_gini_stability,4,0.9660708565417314,False,False,0.9490882103035541
difficulty_level,1,medium,0.7106649877639253,1,5,consensus_gini_stability,5,1.0,True,True,1.0
difficulty_level,1,medium,0.7106649877639253,1,5,consensus_gini_stability,6,0.9653161368948509,False,False,0.7594436061192373
difficulty_level,1,medium,0.7106649877639253,1,5,consensus_gini_stability,7,0.939122945841771,False,False,0.647336036050595
difficulty_level,1,medium,0.7106649877639253,1,5,consensus_pac_stability,3,0.897818100956193,False,False,0.8555270584931348
difficulty_level,1,medium,0.7106649877639253,1,5,consensus_pac_stability,4,0.9486039581943518,False,False,0.9490882103035541
difficulty_level,1,medium,0.7106649877639253,1,5,consensus_pac_stability,5,1.0,True,True,1.0
difficulty_level,1,medium,0.7106649877639253,1,5,consensus_pac_stability,6,0.9311674449633088,False,False,0.7594436061192373
difficulty_level,1,medium,0.7106649877639253,1,5,consensus_pac_stability,7,0.9015485879475206,False,False,0.647336036050595
difficulty_level,1,medium,0.7106649877639253,1,5,silhouette,3,0.13968832347544455,False,False,0.8555270584931348
difficulty_level,1,medium,0.7106649877639253,1,5,silhouette,4,0.15752535447064417,False,False,0.950373662782235
difficulty_level,1,medium,0.7106649877639253,1,5,silhouette,5,0.2429514547294793,False,True,0.7106649877639253
difficulty_level,1,medium,0.7106649877639253,1,5,silhouette,6,0.263184906442727,False,False,0.7596365298356109
difficulty_level,1,medium,0.7106649877639253,1,5,silhouette,7,0.26634507614757685,True,False,0.6756750478701643
difficulty_level,1,medium,0.7106649877639253,1,5,gap,3,0.14449632694291026,False,False,0.8555270584931348
difficulty_level,1,medium,0.7106649877639253,1,5,gap,4,0.1800122264881825,False,False,0.950373662782235
difficulty_level,1,medium,0.7106649877639253,1,5,gap,5,0.38662246783871446,False,True,0.7106649877639253
difficulty_level,1,medium,0.7106649877639253,1,5,gap,6,0.43782715978461084,False,False,0.7596365298356109
difficulty_level,1,medium,0.7106649877639253,1,5,gap,7,0.5466242104275807,True,False,0.6756750478701643
difficulty_level,1,medium,0.7106649877639253,1,5,davies_bouldin,3,0.2456207817349614,False,False,0.8555270584931348
difficulty_level,1,medium,0.7106649877639253,1,5,davies_bouldin,4,0.2504695727568427,False,False,0.950373662782235
difficulty_level,1,medium,0.7106649877639253,1,5,davies_bouldin,5,0.2833077543495672,False,True,0.7106649877639253
difficulty_level,1,medium,0.7106649877639253,1,5,davies_bouldin,6,0.3173747350288263,False,False,0.7596365298356109
difficulty_level,1,medium,0.7106649877639253,1,5,davies_bouldin,7,0.3379835304857073,True,False,0.6756750478701643
difficulty_level,1,medium,0.7106649877639253,1,5,calinski_harabasz,3,114.92213682547873,False,False,0.8555270584931348
difficulty_level,1,medium,0.7106649877639253,1,5,calinski_harabasz,4,102.4563646630585,False,False,0.950373662782235
difficulty_level,1,medium,0.7106649877639253,1,5,calinski_harabasz,5,184.22788533190493,False,True,0.7106649877639253
difficulty_level,1,medium,0.7106649877639253,1,5,calinski_harabasz,6,173.57964244941704,False,False,0.7596365298356109
difficulty_level,1,medium,0.7106649877639253,1,5,calinski_harabasz,7,192.08607156300704,True,False,0.6756750478701643
difficulty_level,1,medium,1.0,2,5,accuracy_generalizability,3,0.788657692317443,False,False,0.6427898723502744
difficulty_level,1,medium,1.0,2,5,accuracy_generalizability,4,0.9664934985065565,False,False,0.8975486538928705
difficulty_level,1,medium,1.0,2,5,accuracy_generalizability,5,0.9985217214583061,True,True,1.0
difficulty_level,1,medium,1.0,2,5,accuracy_generalizability,6,0.8566771880549271,False,False,0.8903408957895085
difficulty_level,1,medium,1.0,2,5,accuracy_generalizability,7,0.8517592275137021,False,False,0.776356188162725
difficulty_level,1,medium,1.0,2,5,ari_average,3,0.6003359880993391,False,False,0.6427898723502744
difficulty_level,1,medium,1.0,2,5,ari_average,4,0.9533631387995577,False,False,0.8975486538928705
difficulty_level,1,medium,1.0,2,5,ari_average,5,0.9993876981004832,True,True,1.0
difficulty_level,1,medium,1.0,2,5,ari_average,6,0.8758217554880561,False,False,0.8903408957895085
difficulty_level,1,medium,1.0,2,5,ari_average,7,0.8469890547772394,False,False,0.776356188162725
difficulty_level,1,medium,1.0,2,5,ari_average_1se,3,0.6003359880993391,False,False,0.6427898723502744
difficulty_level,1,medium,1.0,2,5,ari_average_1se,4,0.9533631387995577,False,False,0.8975486538928705
difficulty_level,1,medium,1.0,2,5,ari_average_1se,5,0.9993876981004832,True,True,1.0
difficulty_level,1,medium,1.0,2,5,ari_average_1se,6,0.8758217554880561,False,False,0.8903408957895085
difficulty_level,1,medium,1.0,2,5,ari_average_1se,7,0.8469890547772394,False,False,0.776356188162725
difficulty_level,1,medium,1.0,2,5,ari_average_quant,3,0.6003359880993391,False,False,0.6427898723502744
difficulty_level,1,medium,1.0,2,5,ari_average_quant,4,0.9533631387995577,False,False,0.8975486538928705
difficulty_level,1,medium,1.0,2,5,ari_average_quant,5,0.9993876981004832,True,True,1.0
difficulty_level,1,medium,1.0,2,5,ari_average_quant,6,0.8758217554880561,False,False,0.8903408957895085
difficulty_level,1,medium,1.0,2,5,ari_average_quant,7,0.8469890547772394,False,False,0.776356188162725
difficulty_level,1,medium,1.0,2,5,ari_generalizability,3,0.5819629217859803,False,False,0.6427898723502744
difficulty_level,1,medium,1.0,2,5,ari_generalizability,4,0.9393003082267338,False,False,0.8975486538928705
difficulty_level,1,medium,1.0,2,5,ari_generalizability,5,0.9987753962009667,True,True,1.0
difficulty_level,1,medium,1.0,2,5,ari_generalizability,6,0.8556884108622806,False,False,0.8903408957895085
difficulty_level,1,medium,1.0,2,5,ari_generalizability,7,0.8263414060869136,False,False,0.776356188162725
difficulty_level,1,medium,1.0,2,5,ari_generalizability_1se,3,0.5819629217859803,False,False,0.6427898723502744
difficulty_level,1,medium,1.0,2,5,ari_generalizability_1se,4,0.9393003082267338,False,False,0.8975486538928705
difficulty_level,1,medium,1.0,2,5,ari_generalizability_1se,5,0.9987753962009667,True,True,1.0
difficulty_level,1,medium,1.0,2,5,ari_generalizability_1se,6,0.8556884108622806,False,False,0.8903408957895085
difficulty_level,1,medium,1.0,2,5,ari_generalizability_1se,7,0.8263414060869136,False,False,0.776356188162725
difficulty_level,1,medium,1.0,2,5,ari_generalizability_quant,3,0.5819629217859803,False,False,0.6427898723502744
difficulty_level,1,medium,1.0,2,5,ari_generalizability_quant,4,0.9393003082267338,False,False,0.8975486538928705
difficulty_level,1,medium,1.0,2,5,ari_generalizability_quant,5,0.9987753962009667,True,True,1.0
difficulty_level,1,medium,1.0,2,5,ari_generalizability_quant,6,0.8556884108622806,False,False,0.8903408957895085
difficulty_level,1,medium,1.0,2,5,ari_generalizability_quant,7,0.8263414060869136,False,False,0.776356188162725
difficulty_level,1,medium,1.0,2,5,ari_stability,3,0.6187090544126979,False,False,0.6427898723502744
difficulty_level,1,medium,1.0,2,5,ari_stability,4,0.9674259693723815,False,False,0.8975486538928705
difficulty_level,1,medium,1.0,2,5,ari_stability,5,1.0,True,True,1.0
difficulty_level,1,medium,1.0,2,5,ari_stability,6,0.8959551001138313,False,False,0.8903408957895085
difficulty_level,1,medium,1.0,2,5,ari_stability,7,0.8676367034675648,False,False,0.776356188162725
difficulty_level,1,medium,1.0,2,5,ari_stability_1se,3,0.6187090544126979,False,False,0.6427898723502744
difficulty_level,1,medium,1.0,2,5,ari_stability_1se,4,0.9674259693723815,False,False,0.8975486538928705
difficulty_level,1,medium,1.0,2,5,ari_stability_1se,5,1.0,True,True,1.0
difficulty_level,1,medium,1.0,2,5,ari_stability_1se,6,0.8959551001138313,False,False,0.8903408957895085
difficulty_level,1,medium,1.0,2,5,ari_stability_1se,7,0.8676367034675648,False,False,0.776356188162725
difficulty_level,1,medium,1.0,2,5,ari_stability_quant,3,0.6187090544126979,False,False,0.6427898723502744
difficulty_level,1,medium,1.0,2,5,ari_stability_quant,4,0.9674259693723815,False,False,0.8975486538928705
difficulty_level,1,medium,1.0,2,5,ari_stability_quant,5,1.0,True,True,1.0
difficulty_level,1,medium,1.0,2,5,ari_stability_quant,6,0.8959551001138313,False,False,0.8903408957895085
difficulty_level,1,medium,1.0,2,5,ari_stability_quant,7,0.8676367034675648,False,False,0.776356188162725
difficulty_level,1,medium,1.0,2,5,consensus_ce_stability,3,0.6010661799648603,False,False,0.6427898723502744
difficulty_level,1,medium,1.0,2,5,consensus_ce_stability,4,0.95603873831205,False,False,0.8975486538928705
difficulty_level,1,medium,1.0,2,5,consensus_ce_stability,5,0.9999999999586944,True,True,1.0
difficulty_level,1,medium,1.0,2,5,consensus_ce_stability,6,0.9245145315574698,False,False,0.8903408957895085
difficulty_level,1,medium,1.0,2,5,consensus_ce_stability,7,0.9168747398059395,False,False,0.776356188162725
difficulty_level,1,medium,1.0,2,5,consensus_gini_stability,3,0.6372895805293225,False,False,0.6427898723502744
difficulty_level,1,medium,1.0,2,5,consensus_gini_stability,4,0.970154526631742,False,False,0.8975486538928705
difficulty_level,1,medium,1.0,2,5,consensus_gini_stability,5,1.0,True,True,1.0
difficulty_level,1,medium,1.0,2,5,consensus_gini_stability,6,0.9329954345000561,False,False,0.8903408957895085
difficulty_level,1,medium,1.0,2,5,consensus_gini_stability,7,0.927597774871367,False,False,0.776356188162725
difficulty_level,1,medium,1.0,2,5,consensus_pac_stability,3,0.4889793195463642,False,False,0.6427898723502744
difficulty_level,1,medium,1.0,2,5,consensus_pac_stability,4,0.9319937736268623,False,False,0.8975486538928705
difficulty_level,1,medium,1.0,2,5,consensus_pac_stability,5,1.0,True,True,1.0
difficulty_level,1,medium,1.0,2,5,consensus_pac_stability,6,0.9011892372692907,False,False,0.8903408957895085
difficulty_level,1,medium,1.0,2,5,consensus_pac_stability,7,0.8822112519457416,False,False,0.776356188162725
difficulty_level,1,medium,1.0,2,5,silhouette,3,0.11061711231769236,False,False,0.6491561556762867
difficulty_level,1,medium,1.0,2,5,silhouette,4,0.13780433236314685,False,False,0.8975486538928705
difficulty_level,1,medium,1.0,2,5,silhouette,5,0.16023279330123977,False,True,1.0
difficulty_level,1,medium,1.0,2,5,silhouette,6,0.20028675667777626,False,False,0.9000853859936444
difficulty_level,1,medium,1.0,2,5,silhouette,7,0.25500492701802463,True,False,0.7783605731918938
difficulty_level,1,medium,1.0,2,5,gap,3,0.14839217213631173,False,False,0.6491561556762867
difficulty_level,1,medium,1.0,2,5,gap,4,0.19843123858763256,False,False,0.8975486538928705
difficulty_level,1,medium,1.0,2,5,gap,5,0.2339505564947295,False,True,1.0
difficulty_level,1,medium,1.0,2,5,gap,6,0.3415349604799083,False,False,0.9000853859936444
difficulty_level,1,medium,1.0,2,5,gap,7,0.47358522219815313,True,False,0.7783605731918938
difficulty_level,1,medium,1.0,2,5,davies_bouldin,3,0.22040032900877962,False,False,0.6491561556762867
difficulty_level,1,medium,1.0,2,5,davies_bouldin,4,0.2453026861306387,False,False,0.8975486538928705
difficulty_level,1,medium,1.0,2,5,davies_bouldin,5,0.270850758749185,False,True,1.0
difficulty_level,1,medium,1.0,2,5,davies_bouldin,6,0.2971170682041362,False,False,0.9000853859936444
difficulty_level,1,medium,1.0,2,5,davies_bouldin,7,0.3198008632539842,True,False,0.7783605731918938
difficulty_level,1,medium,1.0,2,5,calinski_harabasz,3,95.48462115026787,False,False,0.6491561556762867
difficulty_level,1,medium,1.0,2,5,calinski_harabasz,4,97.57506679801469,False,False,0.8975486538928705
difficulty_level,1,medium,1.0,2,5,calinski_harabasz,5,92.59146055988751,False,True,1.0
difficulty_level,1,medium,1.0,2,5,calinski_harabasz,6,119.03581906421982,False,False,0.9000853859936444
difficulty_level,1,medium,1.0,2,5,calinski_harabasz,7,150.30545454355345,True,False,0.7783605731918938
difficulty_level,1,medium,0.7570743286912803,3,5,accuracy_generalizability,3,0.9978193985010466,True,False,0.8373218995640163
difficulty_level,1,medium,0.7570743286912803,3,5,accuracy_generalizability,4,0.8248761096288895,False,False,0.9466731422382939
difficulty_level,1,medium,0.7570743286912803,3,5,accuracy_generalizability,5,0.6884685828922951,False,True,1.0
difficulty_level,1,medium,0.7570743286912803,3,5,accuracy_generalizability,6,0.7524656093394685,False,False,0.8096146232841589
difficulty_level,1,medium,0.7570743286912803,3,5,accuracy_generalizability,7,0.8802285527657503,False,False,0.679067308495783
difficulty_level,1,medium,0.7570743286912803,3,5,ari_average,3,0.9961552053958532,True,False,0.8373218995640163
difficulty_level,1,medium,0.7570743286912803,3,5,ari_average,4,0.8985975207706748,False,False,0.9466731422382939
difficulty_level,1,medium,0.7570743286912803,3,5,ari_average,5,0.850045480772359,False,True,1.0
difficulty_level,1,medium,0.7570743286912803,3,5,ari_average,6,0.7808972267106428,False,False,0.8096146232841589
difficulty_level,1,medium,0.7570743286912803,3,5,ari_average,7,0.8850974875217907,False,False,0.679067308495783
difficulty_level,1,medium,0.7570743286912803,3,5,ari_average_1se,3,0.9961552053958532,True,False,0.8373218995640163
difficulty_level,1,medium,0.7570743286912803,3,5,ari_average_1se,4,0.8985975207706748,False,False,0.9466731422382939
difficulty_level,1,medium,0.7570743286912803,3,5,ari_average_1se,5,0.850045480772359,False,True,1.0
difficulty_level,1,medium,0.7570743286912803,3,5,ari_average_1se,6,0.7808972267106428,False,False,0.8096146232841589
difficulty_level,1,medium,0.7570743286912803,3,5,ari_average_1se,7,0.8850974875217907,False,False,0.679067308495783
difficulty_level,1,medium,0.7570743286912803,3,5,ari_average_quant,3,0.9961552053958532,True,False,0.8373218995640163
difficulty_level,1,medium,0.7570743286912803,3,5,ari_average_quant,4,0.8985975207706748,False,False,0.9466731422382939
difficulty_level,1,medium,0.7570743286912803,3,5,ari_average_quant,5,0.850045480772359,False,True,1.0
difficulty_level,1,medium,0.7570743286912803,3,5,ari_average_quant,6,0.7808972267106428,False,False,0.8096146232841589
difficulty_level,1,medium,0.7570743286912803,3,5,ari_average_quant,7,0.8850974875217907,False,False,0.679067308495783
difficulty_level,1,medium,0.7570743286912803,3,5,ari_generalizability,3,0.9961527645022964,True,False,0.8373218995640163
difficulty_level,1,medium,0.7570743286912803,3,5,ari_generalizability,4,0.8194384796443256,False,False,0.9466731422382939
difficulty_level,1,medium,0.7570743286912803,3,5,ari_generalizability,5,0.7000909615447181,False,True,1.0
difficulty_level,1,medium,0.7570743286912803,3,5,ari_generalizability,6,0.7192821007426174,False,False,0.8096146232841589
difficulty_level,1,medium,0.7570743286912803,3,5,ari_generalizability,7,0.8344816672478985,False,False,0.679067308495783
difficulty_level,1,medium,0.7570743286912803,3,5,ari_generalizability_1se,3,0.9961527645022964,True,False,0.8373218995640163
difficulty_level,1,medium,0.7570743286912803,3,5,ari_generalizability_1se,4,0.8194384796443256,False,False,0.9466731422382939
difficulty_level,1,medium,0.7570743286912803,3,5,ari_generalizability_1se,5,0.7000909615447181,False,True,1.0
difficulty_level,1,medium,0.7570743286912803,3,5,ari_generalizability_1se,6,0.7192821007426174,False,False,0.8096146232841589
difficulty_level,1,medium,0.7570743286912803,3,5,ari_generalizability_1se,7,0.8344816672478985,False,False,0.679067308495783
difficulty_level,1,medium,0.7570743286912803,3,5,ari_generalizability_quant,3,0.9961527645022964,True,False,0.8373218995640163
difficulty_level,1,medium,0.7570743286912803,3,5,ari_generalizability_quant,4,0.8194384796443256,False,False,0.9466731422382939
difficulty_level,1,medium,0.7570743286912803,3,5,ari_generalizability_quant,5,0.7000909615447181,False,True,1.0
difficulty_level,1,medium,0.7570743286912803,3,5,ari_generalizability_quant,6,0.7192821007426174,False,False,0.8096146232841589
difficulty_level,1,medium,0.7570743286912803,3,5,ari_generalizability_quant,7,0.8344816672478985,False,False,0.679067308495783
difficulty_level,1,medium,0.7570743286912803,3,5,ari_stability,3,0.9961576462894101,False,False,0.8373218995640163
difficulty_level,1,medium,0.7570743286912803,3,5,ari_stability,4,0.977756561897024,False,False,0.9466731422382939
difficulty_level,1,medium,0.7570743286912803,3,5,ari_stability,5,1.0,True,True,1.0
difficulty_level,1,medium,0.7570743286912803,3,5,ari_stability,6,0.8425123526786682,False,False,0.8096146232841589
difficulty_level,1,medium,0.7570743286912803,3,5,ari_stability,7,0.9357133077956828,False,False,0.679067308495783
difficulty_level,1,medium,0.7570743286912803,3,5,ari_stability_1se,3,0.9961576462894101,False,False,0.8373218995640163
difficulty_level,1,medium,0.7570743286912803,3,5,ari_stability_1se,4,0.977756561897024,False,False,0.9466731422382939
difficulty_level,1,medium,0.7570743286912803,3,5,ari_stability_1se,5,1.0,True,True,1.0
difficulty_level,1,medium,0.7570743286912803,3,5,ari_stability_1se,6,0.8425123526786682,False,False,0.8096146232841589
difficulty_level,1,medium,0.7570743286912803,3,5,ari_stability_1se,7,0.9357133077956828,False,False,0.679067308495783
difficulty_level,1,medium,0.7570743286912803,3,5,ari_stability_quant,3,0.9961576462894101,False,False,0.8373218995640163
difficulty_level,1,medium,0.7570743286912803,3,5,ari_stability_quant,4,0.977756561897024,False,False,0.9466731422382939
difficulty_level,1,medium,0.7570743286912803,3,5,ari_stability_quant,5,1.0,True,True,1.0
difficulty_level,1,medium,0.7570743286912803,3,5,ari_stability_quant,6,0.8425123526786682,False,False,0.8096146232841589
difficulty_level,1,medium,0.7570743286912803,3,5,ari_stability_quant,7,0.9357133077956828,False,False,0.679067308495783
difficulty_level,1,medium,0.7570743286912803,3,5,consensus_ce_stability,3,0.988728738395982,False,False,0.8373218995640163
difficulty_level,1,medium,0.7570743286912803,3,5,consensus_ce_stability,4,0.9736591113506823,False,False,0.9466731422382939
difficulty_level,1,medium,0.7570743286912803,3,5,consensus_ce_stability,5,0.9999999999586944,True,True,1.0
difficulty_level,1,medium,0.7570743286912803,3,5,consensus_ce_stability,6,0.8869402065746544,False,False,0.8096146232841589
difficulty_level,1,medium,0.7570743286912803,3,5,consensus_ce_stability,7,0.9612895686490551,False,False,0.679067308495783
difficulty_level,1,medium,0.7570743286912803,3,5,consensus_gini_stability,3,0.9934182884801517,False,False,0.8373218995640163
difficulty_level,1,medium,0.7570743286912803,3,5,consensus_gini_stability,4,0.9787037708041201,False,False,0.9466731422382939
difficulty_level,1,medium,0.7570743286912803,3,5,consensus_gini_stability,5,1.0,True,True,1.0
difficulty_level,1,medium,0.7570743286912803,3,5,consensus_gini_stability,6,0.8934871809724149,False,False,0.8096146232841589
difficulty_level,1,medium,0.7570743286912803,3,5,consensus_gini_stability,7,0.9679388780632332,False,False,0.679067308495783
difficulty_level,1,medium,0.7570743286912803,3,5,consensus_pac_stability,3,0.9999964420724927,False,False,0.8373218995640163
difficulty_level,1,medium,0.7570743286912803,3,5,consensus_pac_stability,4,0.9559928841449855,False,False,0.9466731422382939
difficulty_level,1,medium,0.7570743286912803,3,5,consensus_pac_stability,5,1.0,True,True,1.0
difficulty_level,1,medium,0.7570743286912803,3,5,consensus_pac_stability,6,0.874863242161441,False,False,0.8096146232841589
difficulty_level,1,medium,0.7570743286912803,3,5,consensus_pac_stability,7,0.9472919724260618,False,False,0.679067308495783
difficulty_level,1,medium,0.7570743286912803,3,5,silhouette,3,0.14898029501564541,False,False,0.8373218995640163
difficulty_level,1,medium,0.7570743286912803,3,5,silhouette,4,0.15928314550698883,False,False,0.9466731422382939
difficulty_level,1,medium,0.7570743286912803,3,5,silhouette,5,0.21731056776178,False,True,0.7570743286912803
difficulty_level,1,medium,0.7570743286912803,3,5,silhouette,6,0.270939193893583,True,False,0.6258769648752374
difficulty_level,1,medium,0.7570743286912803,3,5,silhouette,7,0.2685170836842533,False,False,0.7524360904519608
difficulty_level,1,medium,0.7570743286912803,3,5,gap,3,0.1524497970073373,False,False,0.8373218995640163
difficulty_level,1,medium,0.7570743286912803,3,5,gap,4,0.1853988948654699,False,False,0.9466731422382939
difficulty_level,1,medium,0.7570743286912803,3,5,gap,5,0.32655879417651335,False,True,0.7570743286912803
difficulty_level,1,medium,0.7570743286912803,3,5,gap,6,0.45407970238697537,False,False,0.6258769648752374
difficulty_level,1,medium,0.7570743286912803,3,5,gap,7,0.47306127774677975,True,False,0.7524360904519608
difficulty_level,1,medium,0.7570743286912803,3,5,davies_bouldin,3,0.2479015248782018,False,False,0.8373218995640163
difficulty_level,1,medium,0.7570743286912803,3,5,davies_bouldin,4,0.25979118753541736,False,False,0.9466731422382939
difficulty_level,1,medium,0.7570743286912803,3,5,davies_bouldin,5,0.28739106839092365,False,True,0.7570743286912803
difficulty_level,1,medium,0.7570743286912803,3,5,davies_bouldin,6,0.31626222951194594,False,False,0.6258769648752374
difficulty_level,1,medium,0.7570743286912803,3,5,davies_bouldin,7,0.3237035435193563,True,False,0.7524360904519608
difficulty_level,1,medium,0.7570743286912803,3,5,calinski_harabasz,3,132.84374435194712,False,False,0.8373218995640163
difficulty_level,1,medium,0.7570743286912803,3,5,calinski_harabasz,4,113.2575831238117,False,False,0.9466731422382939
difficulty_level,1,medium,0.7570743286912803,3,5,calinski_harabasz,5,158.08715242802245,False,True,0.7570743286912803
difficulty_level,1,medium,0.7570743286912803,3,5,calinski_harabasz,6,187.10494235906532,True,False,0.6258769648752374
difficulty_level,1,medium,0.7570743286912803,3,5,calinski_harabasz,7,166.11278441850268,False,False,0.7524360904519608
difficulty_level,1,medium,1.0,4,5,accuracy_generalizability,3,0.9492683780203518,False,False,0.7446509492482017
difficulty_level,1,medium,1.0,4,5,accuracy_generalizability,4,0.9179079667236046,False,False,0.9163744589124467
difficulty_level,1,medium,1.0,4,5,accuracy_generalizability,5,0.8929093155288796,False,True,1.0
difficulty_level,1,medium,1.0,4,5,accuracy_generalizability,6,0.9556132914614967,True,False,0.7788621302754842
difficulty_level,1,medium,1.0,4,5,accuracy_generalizability,7,0.8878220139714005,False,False,0.7147148355659599
difficulty_level,1,medium,1.0,4,5,ari_average,3,0.8876322416379219,False,False,0.7446509492482017
difficulty_level,1,medium,1.0,4,5,ari_average,4,0.8935522133526017,False,False,0.9163744589124467
difficulty_level,1,medium,1.0,4,5,ari_average,5,0.9397963222257133,False,True,1.0
difficulty_level,1,medium,1.0,4,5,ari_average,6,0.9416436841307174,True,False,0.7788621302754842
difficulty_level,1,medium,1.0,4,5,ari_average,7,0.8785664709873008,False,False,0.7147148355659599
difficulty_level,1,medium,1.0,4,5,ari_average_1se,3,0.8876322416379219,False,False,0.7446509492482017
difficulty_level,1,medium,1.0,4,5,ari_average_1se,4,0.8935522133526017,False,False,0.9163744589124467
difficulty_level,1,medium,1.0,4,5,ari_average_1se,5,0.9397963222257133,False,True,1.0
difficulty_level,1,medium,1.0,4,5,ari_average_1se,6,0.9416436841307174,True,False,0.7788621302754842
difficulty_level,1,medium,1.0,4,5,ari_average_1se,7,0.8785664709873008,False,False,0.7147148355659599
difficulty_level,1,medium,1.0,4,5,ari_average_quant,3,0.8876322416379219,False,False,0.7446509492482017
difficulty_level,1,medium,1.0,4,5,ari_average_quant,4,0.8935522133526017,False,False,0.9163744589124467
difficulty_level,1,medium,1.0,4,5,ari_average_quant,5,0.9397963222257133,False,True,1.0
difficulty_level,1,medium,1.0,4,5,ari_average_quant,6,0.9416436841307174,False,False,0.7788621302754842
difficulty_level,1,medium,1.0,4,5,ari_average_quant,7,0.8785664709873008,True,False,0.7147148355659599
difficulty_level,1,medium,1.0,4,5,ari_generalizability,3,0.9038045922984635,False,False,0.7446509492482017
difficulty_level,1,medium,1.0,4,5,ari_generalizability,4,0.882973010027618,False,False,0.9163744589124467
difficulty_level,1,medium,1.0,4,5,ari_generalizability,5,0.8795926444514264,False,True,1.0
difficulty_level,1,medium,1.0,4,5,ari_generalizability,6,0.9267665140640057,True,False,0.7788621302754842
difficulty_level,1,medium,1.0,4,5,ari_generalizability,7,0.857600361279091,False,False,0.7147148355659599
difficulty_level,1,medium,1.0,4,5,ari_generalizability_1se,3,0.9038045922984635,False,False,0.7446509492482017
difficulty_level,1,medium,1.0,4,5,ari_generalizability_1se,4,0.882973010027618,False,False,0.9163744589124467
difficulty_level,1,medium,1.0,4,5,ari_generalizability_1se,5,0.8795926444514264,False,True,1.0
difficulty_level,1,medium,1.0,4,5,ari_generalizability_1se,6,0.9267665140640057,True,False,0.7788621302754842
difficulty_level,1,medium,1.0,4,5,ari_generalizability_1se,7,0.857600361279091,False,False,0.7147148355659599
difficulty_level,1,medium,1.0,4,5,ari_generalizability_quant,3,0.9038045922984635,False,False,0.7446509492482017
difficulty_level,1,medium,1.0,4,5,ari_generalizability_quant,4,0.882973010027618,False,False,0.9163744589124467
difficulty_level,1,medium,1.0,4,5,ari_generalizability_quant,5,0.8795926444514264,False,True,1.0
difficulty_level,1,medium,1.0,4,5,ari_generalizability_quant,6,0.9267665140640057,False,False,0.7788621302754842
difficulty_level,1,medium,1.0,4,5,ari_generalizability_quant,7,0.857600361279091,True,False,0.7147148355659599
difficulty_level,1,medium,1.0,4,5,ari_stability,3,0.87145989097738,False,False,0.7446509492482017
difficulty_level,1,medium,1.0,4,5,ari_stability,4,0.9041314166775851,False,False,0.9163744589124467
difficulty_level,1,medium,1.0,4,5,ari_stability,5,1.0,True,True,1.0
difficulty_level,1,medium,1.0,4,5,ari_stability,6,0.9565208541974293,False,False,0.7788621302754842
difficulty_level,1,medium,1.0,4,5,ari_stability,7,0.8995325806955102,False,False,0.7147148355659599
difficulty_level,1,medium,1.0,4,5,ari_stability_1se,3,0.87145989097738,False,False,0.7446509492482017
difficulty_level,1,medium,1.0,4,5,ari_stability_1se,4,0.9041314166775851,False,False,0.9163744589124467
difficulty_level,1,medium,1.0,4,5,ari_stability_1se,5,1.0,True,True,1.0
difficulty_level,1,medium,1.0,4,5,ari_stability_1se,6,0.9565208541974293,False,False,0.7788621302754842
difficulty_level,1,medium,1.0,4,5,ari_stability_1se,7,0.8995325806955102,False,False,0.7147148355659599
difficulty_level,1,medium,1.0,4,5,ari_stability_quant,3,0.87145989097738,False,False,0.7446509492482017
difficulty_level,1,medium,1.0,4,5,ari_stability_quant,4,0.9041314166775851,False,False,0.9163744589124467
difficulty_level,1,medium,1.0,4,5,ari_stability_quant,5,1.0,True,True,1.0
difficulty_level,1,medium,1.0,4,5,ari_stability_quant,6,0.9565208541974293,False,False,0.7788621302754842
difficulty_level,1,medium,1.0,4,5,ari_stability_quant,7,0.8995325806955102,False,False,0.7147148355659599
difficulty_level,1,medium,1.0,4,5,consensus_ce_stability,3,0.837461785460136,False,False,0.7446509492482017
difficulty_level,1,medium,1.0,4,5,consensus_ce_stability,4,0.9226867318806461,False,False,0.9163744589124467
difficulty_level,1,medium,1.0,4,5,consensus_ce_stability,5,0.9999999999586944,True,True,1.0
difficulty_level,1,medium,1.0,4,5,consensus_ce_stability,6,0.9671424879153152,False,False,0.7788621302754842
difficulty_level,1,medium,1.0,4,5,consensus_ce_stability,7,0.9451229149002338,False,False,0.7147148355659599
difficulty_level,1,medium,1.0,4,5,consensus_gini_stability,3,0.873217614392907,False,False,0.7446509492482017
difficulty_level,1,medium,1.0,4,5,consensus_gini_stability,4,0.927455188743356,False,False,0.9163744589124467
difficulty_level,1,medium,1.0,4,5,consensus_gini_stability,5,1.0,True,True,1.0
difficulty_level,1,medium,1.0,4,5,consensus_gini_stability,6,0.9754658433530163,False,False,0.7788621302754842
difficulty_level,1,medium,1.0,4,5,consensus_gini_stability,7,0.9566963669107502,False,False,0.7147148355659599
difficulty_level,1,medium,1.0,4,5,consensus_pac_stability,3,0.7096642205915055,False,False,0.7446509492482017
difficulty_level,1,medium,1.0,4,5,consensus_pac_stability,4,0.9321227484989993,False,False,0.9163744589124467
difficulty_level,1,medium,1.0,4,5,consensus_pac_stability,5,1.0,True,True,1.0
difficulty_level,1,medium,1.0,4,5,consensus_pac_stability,6,0.9529277295975095,False,False,0.7788621302754842
difficulty_level,1,medium,1.0,4,5,consensus_pac_stability,7,0.9118585723815877,False,False,0.7147148355659599
difficulty_level,1,medium,1.0,4,5,silhouette,3,0.12357573331462665,False,False,0.5197515191205957
difficulty_level,1,medium,1.0,4,5,silhouette,4,0.1568295575598471,False,False,0.9163744589124467
difficulty_level,1,medium,1.0,4,5,silhouette,5,0.17606826555823046,False,True,1.0
difficulty_level,1,medium,1.0,4,5,silhouette,6,0.23567630158094693,False,False,0.7788621302754842
difficulty_level,1,medium,1.0,4,5,silhouette,7,0.27311196723246206,True,False,0.7146224083756173
difficulty_level,1,medium,1.0,4,5,gap,3,0.1055150088733825,False,False,0.5197515191205957
difficulty_level,1,medium,1.0,4,5,gap,4,0.1694887194460808,False,False,0.9163744589124467
difficulty_level,1,medium,1.0,4,5,gap,5,0.21688322046552067,False,True,1.0
difficulty_level,1,medium,1.0,4,5,gap,6,0.36222990761295115,False,False,0.7788621302754842
difficulty_level,1,medium,1.0,4,5,gap,7,0.46925892401025315,True,False,0.7146224083756173
difficulty_level,1,medium,1.0,4,5,davies_bouldin,3,0.25299240189630456,False,False,0.5197515191205957
difficulty_level,1,medium,1.0,4,5,davies_bouldin,4,0.25652986554712826,False,False,0.9163744589124467
difficulty_level,1,medium,1.0,4,5,davies_bouldin,5,0.2960399100445084,False,True,1.0
difficulty_level,1,medium,1.0,4,5,davies_bouldin,6,0.3180206947872437,False,False,0.7788621302754842
difficulty_level,1,medium,1.0,4,5,davies_bouldin,7,0.3380865108798886,True,False,0.7146224083756173
difficulty_level,1,medium,1.0,4,5,calinski_harabasz,3,95.77977589317368,False,False,0.5197515191205957
difficulty_level,1,medium,1.0,4,5,calinski_harabasz,4,106.0970060154746,False,False,0.9163744589124467
difficulty_level,1,medium,1.0,4,5,calinski_harabasz,5,104.67163819945402,False,True,1.0
difficulty_level,1,medium,1.0,4,5,calinski_harabasz,6,146.39410678841287,False,False,0.7788621302754842
difficulty_level,1,medium,1.0,4,5,calinski_harabasz,7,165.95126468093255,True,False,0.7146224083756173
difficulty_level,1,medium,0.8039578763840408,5,5,accuracy_generalizability,3,0.98453190034023,True,False,0.6959476953908872
difficulty_level,1,medium,0.8039578763840408,5,5,accuracy_generalizability,4,0.9671307055777905,False,False,0.9243968936767974
difficulty_level,1,medium,0.8039578763840408,5,5,accuracy_generalizability,5,0.9570245109636348,False,True,1.0
difficulty_level,1,medium,0.8039578763840408,5,5,accuracy_generalizability,6,0.9330406348734023,False,False,0.8398445206537322
difficulty_level,1,medium,0.8039578763840408,5,5,accuracy_generalizability,7,0.8754591140819961,False,False,0.7624269469283411
difficulty_level,1,medium,0.8039578763840408,5,5,ari_average,3,0.9702533943378335,False,False,0.6959476953908872
difficulty_level,1,medium,0.8039578763840408,5,5,ari_average,4,0.9601370953247743,False,False,0.9243968936767974
difficulty_level,1,medium,0.8039578763840408,5,5,ari_average,5,0.9798424561234591,True,True,1.0
difficulty_level,1,medium,0.8039578763840408,5,5,ari_average,6,0.9251996403444849,False,False,0.8398445206537322
difficulty_level,1,medium,0.8039578763840408,5,5,ari_average,7,0.8573732400933752,False,False,0.7624269469283411
difficulty_level,1,medium,0.8039578763840408,5,5,ari_average_1se,3,0.9702533943378335,False,False,0.6959476953908872
difficulty_level,1,medium,0.8039578763840408,5,5,ari_average_1se,4,0.9601370953247743,False,False,0.9243968936767974
difficulty_level,1,medium,0.8039578763840408,5,5,ari_average_1se,5,0.9798424561234591,True,True,1.0
difficulty_level,1,medium,0.8039578763840408,5,5,ari_average_1se,6,0.9251996403444849,False,False,0.8398445206537322
difficulty_level,1,medium,0.8039578763840408,5,5,ari_average_1se,7,0.8573732400933752,False,False,0.7624269469283411
difficulty_level,1,medium,0.8039578763840408,5,5,ari_average_quant,3,0.9702533943378335,False,False,0.6959476953908872
difficulty_level,1,medium,0.8039578763840408,5,5,ari_average_quant,4,0.9601370953247743,False,False,0.9243968936767974
difficulty_level,1,medium,0.8039578763840408,5,5,ari_average_quant,5,0.9798424561234591,False,True,1.0
difficulty_level,1,medium,0.8039578763840408,5,5,ari_average_quant,6,0.9251996403444849,True,False,0.8398445206537322
difficulty_level,1,medium,0.8039578763840408,5,5,ari_average_quant,7,0.8573732400933752,False,False,0.7624269469283411
difficulty_level,1,medium,0.8039578763840408,5,5,ari_generalizability,3,0.9695952295984527,True,False,0.6959476953908872
difficulty_level,1,medium,0.8039578763840408,5,5,ari_generalizability,4,0.9469252072714274,False,False,0.9243968936767974
difficulty_level,1,medium,0.8039578763840408,5,5,ari_generalizability,5,0.9596849122469187,False,True,1.0
difficulty_level,1,medium,0.8039578763840408,5,5,ari_generalizability,6,0.9047533222373341,False,False,0.8398445206537322
difficulty_level,1,medium,0.8039578763840408,5,5,ari_generalizability,7,0.8437651055608594,False,False,0.7624269469283411
difficulty_level,1,medium,0.8039578763840408,5,5,ari_generalizability_1se,3,0.9695952295984527,False,False,0.6959476953908872
difficulty_level,1,medium,0.8039578763840408,5,5,ari_generalizability_1se,4,0.9469252072714274,False,False,0.9243968936767974
difficulty_level,1,medium,0.8039578763840408,5,5,ari_generalizability_1se,5,0.9596849122469187,True,True,1.0
difficulty_level,1,medium,0.8039578763840408,5,5,ari_generalizability_1se,6,0.9047533222373341,False,False,0.8398445206537322
difficulty_level,1,medium,0.8039578763840408,5,5,ari_generalizability_1se,7,0.8437651055608594,False,False,0.7624269469283411
difficulty_level,1,medium,0.8039578763840408,5,5,ari_generalizability_quant,3,0.9695952295984527,False,False,0.6959476953908872
difficulty_level,1,medium,0.8039578763840408,5,5,ari_generalizability_quant,4,0.9469252072714274,False,False,0.9243968936767974
difficulty_level,1,medium,0.8039578763840408,5,5,ari_generalizability_quant,5,0.9596849122469187,False,True,1.0
difficulty_level,1,medium,0.8039578763840408,5,5,ari_generalizability_quant,6,0.9047533222373341,False,False,0.8398445206537322
difficulty_level,1,medium,0.8039578763840408,5,5,ari_generalizability_quant,7,0.8437651055608594,True,False,0.7624269469283411
difficulty_level,1,medium,0.8039578763840408,5,5,ari_stability,3,0.9709115590772143,False,False,0.6959476953908872
difficulty_level,1,medium,0.8039578763840408,5,5,ari_stability,4,0.9733489833781215,False,False,0.9243968936767974
difficulty_level,1,medium,0.8039578763840408,5,5,ari_stability,5,1.0,True,True,1.0
difficulty_level,1,medium,0.8039578763840408,5,5,ari_stability,6,0.9456459584516358,False,False,0.8398445206537322
difficulty_level,1,medium,0.8039578763840408,5,5,ari_stability,7,0.8709813746258911,False,False,0.7624269469283411
difficulty_level,1,medium,0.8039578763840408,5,5,ari_stability_1se,3,0.9709115590772143,False,False,0.6959476953908872
difficulty_level,1,medium,0.8039578763840408,5,5,ari_stability_1se,4,0.9733489833781215,False,False,0.9243968936767974
difficulty_level,1,medium,0.8039578763840408,5,5,ari_stability_1se,5,1.0,True,True,1.0
difficulty_level,1,medium,0.8039578763840408,5,5,ari_stability_1se,6,0.9456459584516358,False,False,0.8398445206537322
difficulty_level,1,medium,0.8039578763840408,5,5,ari_stability_1se,7,0.8709813746258911,False,False,0.7624269469283411
difficulty_level,1,medium,0.8039578763840408,5,5,ari_stability_quant,3,0.9709115590772143,False,False,0.6959476953908872
difficulty_level,1,medium,0.8039578763840408,5,5,ari_stability_quant,4,0.9733489833781215,False,False,0.9243968936767974
difficulty_level,1,medium,0.8039578763840408,5,5,ari_stability_quant,5,1.0,True,True,1.0
difficulty_level,1,medium,0.8039578763840408,5,5,ari_stability_quant,6,0.9456459584516358,False,False,0.8398445206537322
difficulty_level,1,medium,0.8039578763840408,5,5,ari_stability_quant,7,0.8709813746258911,False,False,0.7624269469283411
difficulty_level,1,medium,0.8039578763840408,5,5,consensus_ce_stability,3,0.9700700671586749,False,False,0.6959476953908872
difficulty_level,1,medium,0.8039578763840408,5,5,consensus_ce_stability,4,0.9741772175878828,False,False,0.9243968936767974
difficulty_level,1,medium,0.8039578763840408,5,5,consensus_ce_stability,5,0.9999999999586944,True,True,1.0
difficulty_level,1,medium,0.8039578763840408,5,5,consensus_ce_stability,6,0.9613764130085183,False,False,0.8398445206537322
difficulty_level,1,medium,0.8039578763840408,5,5,consensus_ce_stability,7,0.9248678751751366,False,False,0.7624269469283411
difficulty_level,1,medium,0.8039578763840408,5,5,consensus_gini_stability,3,0.9821299565832132,False,False,0.6959476953908872
difficulty_level,1,medium,0.8039578763840408,5,5,consensus_gini_stability,4,0.9823031850956828,False,False,0.9243968936767974
difficulty_level,1,medium,0.8039578763840408,5,5,consensus_gini_stability,5,1.0,True,True,1.0
difficulty_level,1,medium,0.8039578763840408,5,5,consensus_gini_stability,6,0.9689913189077521,False,False,0.8398445206537322
difficulty_level,1,medium,0.8039578763840408,5,5,consensus_gini_stability,7,0.9343340547584135,False,False,0.7624269469283411
difficulty_level,1,medium,0.8039578763840408,5,5,consensus_pac_stability,3,0.9911567711807872,False,False,0.6959476953908872
difficulty_level,1,medium,0.8039578763840408,5,5,consensus_pac_stability,4,0.9552697353791416,False,False,0.9243968936767974
difficulty_level,1,medium,0.8039578763840408,5,5,consensus_pac_stability,5,1.0,True,True,1.0
difficulty_level,1,medium,0.8039578763840408,5,5,consensus_pac_stability,6,0.9453875917278185,False,False,0.8398445206537322
difficulty_level,1,medium,0.8039578763840408,5,5,consensus_pac_stability,7,0.9042019123860351,False,False,0.7624269469283411
difficulty_level,1,medium,0.8039578763840408,5,5,silhouette,3,0.11203866566675123,False,False,0.6959476953908872
difficulty_level,1,medium,0.8039578763840408,5,5,silhouette,4,0.14298273043450405,False,False,0.9243968936767974
difficulty_level,1,medium,0.8039578763840408,5,5,silhouette,5,0.17399965243178742,False,True,0.8039578763840408
difficulty_level,1,medium,0.8039578763840408,5,5,silhouette,6,0.21640277863875784,False,False,0.8375695650528816
difficulty_level,1,medium,0.8039578763840408,5,5,silhouette,7,0.23929960405057724,True,False,0.7565912367131352
difficulty_level,1,medium,0.8039578763840408,5,5,gap,3,0.09618399681973067,False,False,0.6959476953908872
difficulty_level,1,medium,0.8039578763840408,5,5,gap,4,0.14719084641491342,False,False,0.9243968936767974
difficulty_level,1,medium,0.8039578763840408,5,5,gap,5,0.20986897135699323,False,True,0.8039578763840408
difficulty_level,1,medium,0.8039578763840408,5,5,gap,6,0.3102883865942392,False,False,0.8375695650528816
difficulty_level,1,medium,0.8039578763840408,5,5,gap,7,0.397579320896277,True,False,0.7565912367131352
difficulty_level,1,medium,0.8039578763840408,5,5,davies_bouldin,3,0.23498914880447905,False,False,0.6959476953908872
difficulty_level,1,medium,0.8039578763840408,5,5,davies_bouldin,4,0.25700145918757705,False,False,0.9243968936767974
difficulty_level,1,medium,0.8039578763840408,5,5,davies_bouldin,5,0.29019827666602055,False,True,0.8039578763840408
difficulty_level,1,medium,0.8039578763840408,5,5,davies_bouldin,6,0.3092544730999456,False,False,0.8375695650528816
difficulty_level,1,medium,0.8039578763840408,5,5,davies_bouldin,7,0.334087633906242,True,False,0.7565912367131352
difficulty_level,1,medium,0.8039578763840408,5,5,calinski_harabasz,3,102.13464289839179,False,False,0.6959476953908872
difficulty_level,1,medium,0.8039578763840408,5,5,calinski_harabasz,4,102.50393715588358,False,False,0.9243968936767974
difficulty_level,1,medium,0.8039578763840408,5,5,calinski_harabasz,5,109.27362305142184,False,True,0.8039578763840408
difficulty_level,1,medium,0.8039578763840408,5,5,calinski_harabasz,6,130.66164257815967,False,False,0.8375695650528816
difficulty_level,1,medium,0.8039578763840408,5,5,calinski_harabasz,7,143.54587906859146,True,False,0.7565912367131352
difficulty_level,1,medium,1.0,6,5,accuracy_generalizability,3,0.7128143846186692,False,False,0.6190296261016452
difficulty_level,1,medium,1.0,6,5,accuracy_generalizability,4,0.8910262782906032,False,False,0.8756672120178434
difficulty_level,1,medium,1.0,6,5,accuracy_generalizability,5,0.9959287761751787,True,True,1.0
difficulty_level,1,medium,1.0,6,5,accuracy_generalizability,6,0.9353493429658389,False,False,0.8391326220445887
difficulty_level,1,medium,1.0,6,5,accuracy_generalizability,7,0.8602151884990702,False,False,0.7806978267289002
difficulty_level,1,medium,1.0,6,5,ari_average,3,0.5379568209371695,False,False,0.6190296261016452
difficulty_level,1,medium,1.0,6,5,ari_average,4,0.8053256043414291,False,False,0.8756672120178434
difficulty_level,1,medium,1.0,6,5,ari_average,5,0.9970507432719705,True,True,1.0
difficulty_level,1,medium,1.0,6,5,ari_average,6,0.9183855512048634,False,False,0.8391326220445887
difficulty_level,1,medium,1.0,6,5,ari_average,7,0.8587613316480361,False,False,0.7806978267289002
difficulty_level,1,medium,1.0,6,5,ari_average_1se,3,0.5379568209371695,False,False,0.6190296261016452
difficulty_level,1,medium,1.0,6,5,ari_average_1se,4,0.8053256043414291,False,False,0.8756672120178434
difficulty_level,1,medium,1.0,6,5,ari_average_1se,5,0.9970507432719705,True,True,1.0
difficulty_level,1,medium,1.0,6,5,ari_average_1se,6,0.9183855512048634,False,False,0.8391326220445887
difficulty_level,1,medium,1.0,6,5,ari_average_1se,7,0.8587613316480361,False,False,0.7806978267289002
difficulty_level,1,medium,1.0,6,5,ari_average_quant,3,0.5379568209371695,False,False,0.6190296261016452
difficulty_level,1,medium,1.0,6,5,ari_average_quant,4,0.8053256043414291,False,False,0.8756672120178434
difficulty_level,1,medium,1.0,6,5,ari_average_quant,5,0.9970507432719705,True,True,1.0
difficulty_level,1,medium,1.0,6,5,ari_average_quant,6,0.9183855512048634,False,False,0.8391326220445887
difficulty_level,1,medium,1.0,6,5,ari_average_quant,7,0.8587613316480361,False,False,0.7806978267289002
difficulty_level,1,medium,1.0,6,5,ari_generalizability,3,0.5202401157282007,False,False,0.6190296261016452
difficulty_level,1,medium,1.0,6,5,ari_generalizability,4,0.8002207003492869,False,False,0.8756672120178434
difficulty_level,1,medium,1.0,6,5,ari_generalizability,5,0.9953240669793254,True,True,1.0
difficulty_level,1,medium,1.0,6,5,ari_generalizability,6,0.9081926222239115,False,False,0.8391326220445887
difficulty_level,1,medium,1.0,6,5,ari_generalizability,7,0.8423394142412848,False,False,0.7806978267289002
difficulty_level,1,medium,1.0,6,5,ari_generalizability_1se,3,0.5202401157282007,False,False,0.6190296261016452
difficulty_level,1,medium,1.0,6,5,ari_generalizability_1se,4,0.8002207003492869,False,False,0.8756672120178434
difficulty_level,1,medium,1.0,6,5,ari_generalizability_1se,5,0.9953240669793254,True,True,1.0
difficulty_level,1,medium,1.0,6,5,ari_generalizability_1se,6,0.9081926222239115,False,False,0.8391326220445887
difficulty_level,1,medium,1.0,6,5,ari_generalizability_1se,7,0.8423394142412848,False,False,0.7806978267289002
difficulty_level,1,medium,1.0,6,5,ari_generalizability_quant,3,0.5202401157282007,False,False,0.6190296261016452
difficulty_level,1,medium,1.0,6,5,ari_generalizability_quant,4,0.8002207003492869,False,False,0.8756672120178434
difficulty_level,1,medium,1.0,6,5,ari_generalizability_quant,5,0.9953240669793254,True,True,1.0
difficulty_level,1,medium,1.0,6,5,ari_generalizability_quant,6,0.9081926222239115,False,False,0.8391326220445887
difficulty_level,1,medium,1.0,6,5,ari_generalizability_quant,7,0.8423394142412848,False,False,0.7806978267289002
difficulty_level,1,medium,1.0,6,5,ari_stability,3,0.5556735261461381,False,False,0.6190296261016452
difficulty_level,1,medium,1.0,6,5,ari_stability,4,0.8104305083335707,False,False,0.8756672120178434
difficulty_level,1,medium,1.0,6,5,ari_stability,5,0.9987774195646156,True,True,1.0
difficulty_level,1,medium,1.0,6,5,ari_stability,6,0.9285784801858152,False,False,0.8391326220445887
difficulty_level,1,medium,1.0,6,5,ari_stability,7,0.8751832490547875,False,False,0.7806978267289002
difficulty_level,1,medium,1.0,6,5,ari_stability_1se,3,0.5556735261461381,False,False,0.6190296261016452
difficulty_level,1,medium,1.0,6,5,ari_stability_1se,4,0.8104305083335707,False,False,0.8756672120178434
difficulty_level,1,medium,1.0,6,5,ari_stability_1se,5,0.9987774195646156,True,True,1.0
difficulty_level,1,medium,1.0,6,5,ari_stability_1se,6,0.9285784801858152,False,False,0.8391326220445887
difficulty_level,1,medium,1.0,6,5,ari_stability_1se,7,0.8751832490547875,False,False,0.7806978267289002
difficulty_level,1,medium,1.0,6,5,ari_stability_quant,3,0.5556735261461381,False,False,0.6190296261016452
difficulty_level,1,medium,1.0,6,5,ari_stability_quant,4,0.8104305083335707,False,False,0.8756672120178434
difficulty_level,1,medium,1.0,6,5,ari_stability_quant,5,0.9987774195646156,True,True,1.0
difficulty_level,1,medium,1.0,6,5,ari_stability_quant,6,0.9285784801858152,False,False,0.8391326220445887
difficulty_level,1,medium,1.0,6,5,ari_stability_quant,7,0.8751832490547875,False,False,0.7806978267289002
difficulty_level,1,medium,1.0,6,5,consensus_ce_stability,3,0.5214469068436037,False,False,0.6190296261016452
difficulty_level,1,medium,1.0,6,5,consensus_ce_stability,4,0.8280875355985987,False,False,0.8756672120178434
difficulty_level,1,medium,1.0,6,5,consensus_ce_stability,5,0.9975516352827642,True,True,1.0
difficulty_level,1,medium,1.0,6,5,consensus_ce_stability,6,0.9444375177396138,False,False,0.8391326220445887
difficulty_level,1,medium,1.0,6,5,consensus_ce_stability,7,0.9243214438917962,False,False,0.7806978267289002
difficulty_level,1,medium,1.0,6,5,consensus_gini_stability,3,0.5704241121132831,False,False,0.6190296261016452
difficulty_level,1,medium,1.0,6,5,consensus_gini_stability,4,0.8549696791877791,False,False,0.8756672120178434
difficulty_level,1,medium,1.0,6,5,consensus_gini_stability,5,0.9985726493385678,True,True,1.0
difficulty_level,1,medium,1.0,6,5,consensus_gini_stability,6,0.9535961671872507,False,False,0.8391326220445887
difficulty_level,1,medium,1.0,6,5,consensus_gini_stability,7,0.9338384595441147,False,False,0.7806978267289002
difficulty_level,1,medium,1.0,6,5,consensus_pac_stability,3,0.34769668668000886,False,False,0.6190296261016452
difficulty_level,1,medium,1.0,6,5,consensus_pac_stability,4,0.7425492550589281,False,False,0.8756672120178434
difficulty_level,1,medium,1.0,6,5,consensus_pac_stability,5,0.999995552590616,True,True,1.0
difficulty_level,1,medium,1.0,6,5,consensus_pac_stability,6,0.9236184122748499,False,False,0.8391326220445887
difficulty_level,1,medium,1.0,6,5,consensus_pac_stability,7,0.8974703135423616,False,False,0.7806978267289002
difficulty_level,1,medium,1.0,6,5,silhouette,3,0.07905765306754906,False,False,0.6190296261016452
difficulty_level,1,medium,1.0,6,5,silhouette,4,0.12113715776871167,False,False,0.8756672120178434
difficulty_level,1,medium,1.0,6,5,silhouette,5,0.15032439383902974,False,True,1.0
difficulty_level,1,medium,1.0,6,5,silhouette,6,0.18601603753284005,False,False,0.8422713744383854
difficulty_level,1,medium,1.0,6,5,silhouette,7,0.22043520622977963,True,False,0.7859944915017651
difficulty_level,1,medium,1.0,6,5,gap,3,0.052918535127963295,False,False,0.6190296261016452
difficulty_level,1,medium,1.0,6,5,gap,4,0.12212848180583791,False,False,0.8756672120178434
difficulty_level,1,medium,1.0,6,5,gap,5,0.16893573381242533,False,True,1.0
difficulty_level,1,medium,1.0,6,5,gap,6,0.2715658042599074,False,False,0.8422713744383854
difficulty_level,1,medium,1.0,6,5,gap,7,0.34788562996903316,True,False,0.7859944915017651
difficulty_level,1,medium,1.0,6,5,davies_bouldin,3,0.20657431727577102,False,False,0.6190296261016452
difficulty_level,1,medium,1.0,6,5,davies_bouldin,4,0.24654721144220507,False,False,0.8756672120178434
difficulty_level,1,medium,1.0,6,5,davies_bouldin,5,0.27201549967864336,False,True,1.0
difficulty_level,1,medium,1.0,6,5,davies_bouldin,6,0.3007520408421397,False,False,0.8422713744383854
difficulty_level,1,medium,1.0,6,5,davies_bouldin,7,0.3243522869475348,True,False,0.7859944915017651
difficulty_level,1,medium,1.0,6,5,calinski_harabasz,3,70.80705342733349,False,False,0.6190296261016452
difficulty_level,1,medium,1.0,6,5,calinski_harabasz,4,91.00517534697511,False,False,0.8756672120178434
difficulty_level,1,medium,1.0,6,5,calinski_harabasz,5,92.5730019134519,False,True,1.0
difficulty_level,1,medium,1.0,6,5,calinski_harabasz,6,116.7886833319008,False,False,0.8422713744383854
difficulty_level,1,medium,1.0,6,5,calinski_harabasz,7,126.83657388267999,True,False,0.7859944915017651
difficulty_level,1,medium,1.0,7,5,accuracy_generalizability,3,0.8259905331503251,False,False,0.6672286792924913
difficulty_level,1,medium,1.0,7,5,accuracy_generalizability,4,0.9668382876508825,True,False,0.9021949467294774
difficulty_level,1,medium,1.0,7,5,accuracy_generalizability,5,0.9476125084172445,False,True,1.0
difficulty_level,1,medium,1.0,7,5,accuracy_generalizability,6,0.9103046609865251,False,False,0.8232759598105016
difficulty_level,1,medium,1.0,7,5,accuracy_generalizability,7,0.8351431250185203,False,False,0.769316430425921
difficulty_level,1,medium,1.0,7,5,ari_average,3,0.7729983200756179,False,False,0.6672286792924913
difficulty_level,1,medium,1.0,7,5,ari_average,4,0.9371882916206721,False,False,0.9021949467294774
difficulty_level,1,medium,1.0,7,5,ari_average,5,0.9707636027740117,True,True,1.0
difficulty_level,1,medium,1.0,7,5,ari_average,6,0.8910890716788263,False,False,0.8232759598105016
difficulty_level,1,medium,1.0,7,5,ari_average,7,0.8276959266595236,False,False,0.769316430425921
difficulty_level,1,medium,1.0,7,5,ari_average_1se,3,0.7729983200756179,False,False,0.6672286792924913
difficulty_level,1,medium,1.0,7,5,ari_average_1se,4,0.9371882916206721,False,False,0.9021949467294774
difficulty_level,1,medium,1.0,7,5,ari_average_1se,5,0.9707636027740117,True,True,1.0
difficulty_level,1,medium,1.0,7,5,ari_average_1se,6,0.8910890716788263,False,False,0.8232759598105016
difficulty_level,1,medium,1.0,7,5,ari_average_1se,7,0.8276959266595236,False,False,0.769316430425921
difficulty_level,1,medium,1.0,7,5,ari_average_quant,3,0.7729983200756179,False,False,0.6672286792924913
difficulty_level,1,medium,1.0,7,5,ari_average_quant,4,0.9371882916206721,False,False,0.9021949467294774
difficulty_level,1,medium,1.0,7,5,ari_average_quant,5,0.9707636027740117,False,True,1.0
difficulty_level,1,medium,1.0,7,5,ari_average_quant,6,0.8910890716788263,True,False,0.8232759598105016
difficulty_level,1,medium,1.0,7,5,ari_average_quant,7,0.8276959266595236,False,False,0.769316430425921
difficulty_level,1,medium,1.0,7,5,ari_generalizability,3,0.7211929548661777,False,False,0.6672286792924913
difficulty_level,1,medium,1.0,7,5,ari_generalizability,4,0.9409253101853753,False,False,0.9021949467294774
difficulty_level,1,medium,1.0,7,5,ari_generalizability,5,0.9415272055480238,True,True,1.0
difficulty_level,1,medium,1.0,7,5,ari_generalizability,6,0.8640161635458249,False,False,0.8232759598105016
difficulty_level,1,medium,1.0,7,5,ari_generalizability,7,0.801362653491988,False,False,0.769316430425921
difficulty_level,1,medium,1.0,7,5,ari_generalizability_1se,3,0.7211929548661777,False,False,0.6672286792924913
difficulty_level,1,medium,1.0,7,5,ari_generalizability_1se,4,0.9409253101853753,False,False,0.9021949467294774
difficulty_level,1,medium,1.0,7,5,ari_generalizability_1se,5,0.9415272055480238,True,True,1.0
difficulty_level,1,medium,1.0,7,5,ari_generalizability_1se,6,0.8640161635458249,False,False,0.8232759598105016
difficulty_level,1,medium,1.0,7,5,ari_generalizability_1se,7,0.801362653491988,False,False,0.769316430425921
difficulty_level,1,medium,1.0,7,5,ari_generalizability_quant,3,0.7211929548661777,False,False,0.6672286792924913
difficulty_level,1,medium,1.0,7,5,ari_generalizability_quant,4,0.9409253101853753,False,False,0.9021949467294774
difficulty_level,1,medium,1.0,7,5,ari_generalizability_quant,5,0.9415272055480238,False,True,1.0
difficulty_level,1,medium,1.0,7,5,ari_generalizability_quant,6,0.8640161635458249,False,False,0.8232759598105016
difficulty_level,1,medium,1.0,7,5,ari_generalizability_quant,7,0.801362653491988,True,False,0.769316430425921
difficulty_level,1,medium,1.0,7,5,ari_stability,3,0.8248036852850583,False,False,0.6672286792924913
difficulty_level,1,medium,1.0,7,5,ari_stability,4,0.9334512730559692,False,False,0.9021949467294774
difficulty_level,1,medium,1.0,7,5,ari_stability,5,1.0,True,True,1.0
difficulty_level,1,medium,1.0,7,5,ari_stability,6,0.9181619798118281,False,False,0.8232759598105016
difficulty_level,1,medium,1.0,7,5,ari_stability,7,0.8540291998270588,False,False,0.769316430425921
difficulty_level,1,medium,1.0,7,5,ari_stability_1se,3,0.8248036852850583,False,False,0.6672286792924913
difficulty_level,1,medium,1.0,7,5,ari_stability_1se,4,0.9334512730559692,False,False,0.9021949467294774
difficulty_level,1,medium,1.0,7,5,ari_stability_1se,5,1.0,True,True,1.0
difficulty_level,1,medium,1.0,7,5,ari_stability_1se,6,0.9181619798118281,False,False,0.8232759598105016
difficulty_level,1,medium,1.0,7,5,ari_stability_1se,7,0.8540291998270588,False,False,0.769316430425921
difficulty_level,1,medium,1.0,7,5,ari_stability_quant,3,0.8248036852850583,False,False,0.6672286792924913
difficulty_level,1,medium,1.0,7,5,ari_stability_quant,4,0.9334512730559692,False,False,0.9021949467294774
difficulty_level,1,medium,1.0,7,5,ari_stability_quant,5,1.0,True,True,1.0
difficulty_level,1,medium,1.0,7,5,ari_stability_quant,6,0.9181619798118281,False,False,0.8232759598105016
difficulty_level,1,medium,1.0,7,5,ari_stability_quant,7,0.8540291998270588,False,False,0.769316430425921
difficulty_level,1,medium,1.0,7,5,consensus_ce_stability,3,0.8214946136255109,False,False,0.6672286792924913
difficulty_level,1,medium,1.0,7,5,consensus_ce_stability,4,0.9539625141063274,False,False,0.9021949467294774
difficulty_level,1,medium,1.0,7,5,consensus_ce_stability,5,0.9999999999586944,True,True,1.0
difficulty_level,1,medium,1.0,7,5,consensus_ce_stability,6,0.9339792913320912,False,False,0.8232759598105016
difficulty_level,1,medium,1.0,7,5,consensus_ce_stability,7,0.9166213321602357,False,False,0.769316430425921
difficulty_level,1,medium,1.0,7,5,consensus_gini_stability,3,0.8361337233230788,False,False,0.6672286792924913
difficulty_level,1,medium,1.0,7,5,consensus_gini_stability,4,0.9645920840344145,False,False,0.9021949467294774
difficulty_level,1,medium,1.0,7,5,consensus_gini_stability,5,1.0,True,True,1.0
difficulty_level,1,medium,1.0,7,5,consensus_gini_stability,6,0.9424418141025277,False,False,0.8232759598105016
difficulty_level,1,medium,1.0,7,5,consensus_gini_stability,7,0.9240271179668037,False,False,0.769316430425921
difficulty_level,1,medium,1.0,7,5,consensus_pac_stability,3,0.7909388481209696,False,False,0.6672286792924913
difficulty_level,1,medium,1.0,7,5,consensus_pac_stability,4,0.9146488770291306,False,False,0.9021949467294774
difficulty_level,1,medium,1.0,7,5,consensus_pac_stability,5,1.0,True,True,1.0
difficulty_level,1,medium,1.0,7,5,consensus_pac_stability,6,0.9098625750500333,False,False,0.8232759598105016
difficulty_level,1,medium,1.0,7,5,consensus_pac_stability,7,0.8944167222592839,False,False,0.769316430425921
difficulty_level,1,medium,1.0,7,5,silhouette,3,0.16138256401682757,False,False,0.6672286792924913
difficulty_level,1,medium,1.0,7,5,silhouette,4,0.18264266295350187,False,False,0.9021949467294774
difficulty_level,1,medium,1.0,7,5,silhouette,5,0.20990666560896543,False,True,0.7526573135137234
difficulty_level,1,medium,1.0,7,5,silhouette,6,0.24654318149908855,False,False,0.8239602001825745
difficulty_level,1,medium,1.0,7,5,silhouette,7,0.275051690546508,True,False,0.7696263905390845
difficulty_level,1,medium,1.0,7,5,gap,3,0.18427025479325998,False,False,0.6672286792924913
difficulty_level,1,medium,1.0,7,5,gap,4,0.23860149114084983,False,False,0.9021949467294774
difficulty_level,1,medium,1.0,7,5,gap,5,0.3038688225701911,False,True,0.7526573135137234
difficulty_level,1,medium,1.0,7,5,gap,6,0.4037882182263104,False,False,0.8239602001825745
difficulty_level,1,medium,1.0,7,5,gap,7,0.47733904419602347,True,False,0.7696263905390845
difficulty_level,1,medium,1.0,7,5,davies_bouldin,3,0.2760452930096322,False,False,0.6672286792924913
difficulty_level,1,medium,1.0,7,5,davies_bouldin,4,0.27867467849796407,False,False,0.9021949467294774
difficulty_level,1,medium,1.0,7,5,davies_bouldin,5,0.2991219521432577,False,True,0.7526573135137234
difficulty_level,1,medium,1.0,7,5,davies_bouldin,6,0.3153040714979114,False,False,0.8239602001825745
difficulty_level,1,medium,1.0,7,5,davies_bouldin,7,0.33278735823724975,True,False,0.7696263905390845
difficulty_level,1,medium,1.0,7,5,calinski_harabasz,3,152.4601537370855,False,False,0.6672286792924913
difficulty_level,1,medium,1.0,7,5,calinski_harabasz,4,140.25736647725128,False,False,0.9021949467294774
difficulty_level,1,medium,1.0,7,5,calinski_harabasz,5,140.72516864030845,False,True,0.7526573135137234
difficulty_level,1,medium,1.0,7,5,calinski_harabasz,6,158.6143631154971,False,False,0.8239602001825745
difficulty_level,1,medium,1.0,7,5,calinski_harabasz,7,163.39488023522748,True,False,0.7696263905390845
difficulty_level,1,medium,0.6797628997958609,8,5,accuracy_generalizability,3,0.7798375427880293,False,False,0.7204018025738778
difficulty_level,1,medium,0.6797628997958609,8,5,accuracy_generalizability,4,0.7954135937185135,False,False,0.9056623341736902
difficulty_level,1,medium,0.6797628997958609,8,5,accuracy_generalizability,5,0.7555089939846581,False,True,1.0
difficulty_level,1,medium,0.6797628997958609,8,5,accuracy_generalizability,6,0.8970393373667679,True,False,0.7477995335305779
difficulty_level,1,medium,0.6797628997958609,8,5,accuracy_generalizability,7,0.7887588350749128,False,False,0.6918312572206887
difficulty_level,1,medium,0.6797628997958609,8,5,ari_average,3,0.7356721580400318,False,False,0.7204018025738778
difficulty_level,1,medium,0.6797628997958609,8,5,ari_average,4,0.8157872038770418,False,False,0.9056623341736902
difficulty_level,1,medium,0.6797628997958609,8,5,ari_average,5,0.8614457715450295,False,True,1.0
difficulty_level,1,medium,0.6797628997958609,8,5,ari_average,6,0.8965006715632485,True,False,0.7477995335305779
difficulty_level,1,medium,0.6797628997958609,8,5,ari_average,7,0.8121000690509955,False,False,0.6918312572206887
difficulty_level,1,medium,0.6797628997958609,8,5,ari_average_1se,3,0.7356721580400318,False,False,0.7204018025738778
difficulty_level,1,medium,0.6797628997958609,8,5,ari_average_1se,4,0.8157872038770418,False,False,0.9056623341736902
difficulty_level,1,medium,0.6797628997958609,8,5,ari_average_1se,5,0.8614457715450295,False,True,1.0
difficulty_level,1,medium,0.6797628997958609,8,5,ari_average_1se,6,0.8965006715632485,True,False,0.7477995335305779
difficulty_level,1,medium,0.6797628997958609,8,5,ari_average_1se,7,0.8121000690509955,False,False,0.6918312572206887
difficulty_level,1,medium,0.6797628997958609,8,5,ari_average_quant,3,0.7356721580400318,False,False,0.7204018025738778
difficulty_level,1,medium,0.6797628997958609,8,5,ari_average_quant,4,0.8157872038770418,False,False,0.9056623341736902
difficulty_level,1,medium,0.6797628997958609,8,5,ari_average_quant,5,0.8614457715450295,False,True,1.0
difficulty_level,1,medium,0.6797628997958609,8,5,ari_average_quant,6,0.8965006715632485,False,False,0.7477995335305779
difficulty_level,1,medium,0.6797628997958609,8,5,ari_average_quant,7,0.8121000690509955,True,False,0.6918312572206887
difficulty_level,1,medium,0.6797628997958609,8,5,ari_generalizability,3,0.692152997672598,False,False,0.7204018025738778
difficulty_level,1,medium,0.6797628997958609,8,5,ari_generalizability,4,0.7272523957931171,False,False,0.9056623341736902
difficulty_level,1,medium,0.6797628997958609,8,5,ari_generalizability,5,0.722891543090059,False,True,1.0
difficulty_level,1,medium,0.6797628997958609,8,5,ari_generalizability,6,0.8490906504236108,True,False,0.7477995335305779
difficulty_level,1,medium,0.6797628997958609,8,5,ari_generalizability,7,0.7431977947751589,False,False,0.6918312572206887
difficulty_level,1,medium,0.6797628997958609,8,5,ari_generalizability_1se,3,0.692152997672598,False,False,0.7204018025738778
difficulty_level,1,medium,0.6797628997958609,8,5,ari_generalizability_1se,4,0.7272523957931171,False,False,0.9056623341736902
difficulty_level,1,medium,0.6797628997958609,8,5,ari_generalizability_1se,5,0.722891543090059,False,True,1.0
difficulty_level,1,medium,0.6797628997958609,8,5,ari_generalizability_1se,6,0.8490906504236108,True,False,0.7477995335305779
difficulty_level,1,medium,0.6797628997958609,8,5,ari_generalizability_1se,7,0.7431977947751589,False,False,0.6918312572206887
difficulty_level,1,medium,0.6797628997958609,8,5,ari_generalizability_quant,3,0.692152997672598,False,False,0.7204018025738778
difficulty_level,1,medium,0.6797628997958609,8,5,ari_generalizability_quant,4,0.7272523957931171,False,False,0.9056623341736902
difficulty_level,1,medium,0.6797628997958609,8,5,ari_generalizability_quant,5,0.722891543090059,False,True,1.0
difficulty_level,1,medium,0.6797628997958609,8,5,ari_generalizability_quant,6,0.8490906504236108,False,False,0.7477995335305779
difficulty_level,1,medium,0.6797628997958609,8,5,ari_generalizability_quant,7,0.7431977947751589,True,False,0.6918312572206887
difficulty_level,1,medium,0.6797628997958609,8,5,ari_stability,3,0.7791913184074655,False,False,0.7204018025738778
difficulty_level,1,medium,0.6797628997958609,8,5,ari_stability,4,0.9043220119609668,False,False,0.9056623341736902
difficulty_level,1,medium,0.6797628997958609,8,5,ari_stability,5,1.0,True,True,1.0
difficulty_level,1,medium,0.6797628997958609,8,5,ari_stability,6,0.9439106927028863,False,False,0.7477995335305779
difficulty_level,1,medium,0.6797628997958609,8,5,ari_stability,7,0.8810023433268325,False,False,0.6918312572206887
difficulty_level,1,medium,0.6797628997958609,8,5,ari_stability_1se,3,0.7791913184074655,False,False,0.7204018025738778
difficulty_level,1,medium,0.6797628997958609,8,5,ari_stability_1se,4,0.9043220119609668,False,False,0.9056623341736902
difficulty_level,1,medium,0.6797628997958609,8,5,ari_stability_1se,5,1.0,True,True,1.0
difficulty_level,1,medium,0.6797628997958609,8,5,ari_stability_1se,6,0.9439106927028863,False,False,0.7477995335305779
difficulty_level,1,medium,0.6797628997958609,8,5,ari_stability_1se,7,0.8810023433268325,False,False,0.6918312572206887
difficulty_level,1,medium,0.6797628997958609,8,5,ari_stability_quant,3,0.7791913184074655,False,False,0.7204018025738778
difficulty_level,1,medium,0.6797628997958609,8,5,ari_stability_quant,4,0.9043220119609668,False,False,0.9056623341736902
difficulty_level,1,medium,0.6797628997958609,8,5,ari_stability_quant,5,1.0,True,True,1.0
difficulty_level,1,medium,0.6797628997958609,8,5,ari_stability_quant,6,0.9439106927028863,False,False,0.7477995335305779
difficulty_level,1,medium,0.6797628997958609,8,5,ari_stability_quant,7,0.8810023433268325,False,False,0.6918312572206887
difficulty_level,1,medium,0.6797628997958609,8,5,consensus_ce_stability,3,0.7867565170625673,False,False,0.7204018025738778
difficulty_level,1,medium,0.6797628997958609,8,5,consensus_ce_stability,4,0.9191971150783573,False,False,0.9056623341736902
difficulty_level,1,medium,0.6797628997958609,8,5,consensus_ce_stability,5,0.9999999999586944,True,True,1.0
difficulty_level,1,medium,0.6797628997958609,8,5,consensus_ce_stability,6,0.9625241914697046,False,False,0.7477995335305779
difficulty_level,1,medium,0.6797628997958609,8,5,consensus_ce_stability,7,0.9246842897892303,False,False,0.6918312572206887
difficulty_level,1,medium,0.6797628997958609,8,5,consensus_gini_stability,3,0.7962508251540857,False,False,0.7204018025738778
difficulty_level,1,medium,0.6797628997958609,8,5,consensus_gini_stability,4,0.9234562443757092,False,False,0.9056623341736902
difficulty_level,1,medium,0.6797628997958609,8,5,consensus_gini_stability,5,1.0,True,True,1.0
difficulty_level,1,medium,0.6797628997958609,8,5,consensus_gini_stability,6,0.9686777010076387,False,False,0.7477995335305779
difficulty_level,1,medium,0.6797628997958609,8,5,consensus_gini_stability,7,0.9368150618755416,False,False,0.6918312572206887
difficulty_level,1,medium,0.6797628997958609,8,5,consensus_pac_stability,3,0.7506213030909495,False,False,0.7204018025738778
difficulty_level,1,medium,0.6797628997958609,8,5,consensus_pac_stability,4,0.9036877918612408,False,False,0.9056623341736902
difficulty_level,1,medium,0.6797628997958609,8,5,consensus_pac_stability,5,1.0,True,True,1.0
difficulty_level,1,medium,0.6797628997958609,8,5,consensus_pac_stability,6,0.957574382921948,False,False,0.7477995335305779
difficulty_level,1,medium,0.6797628997958609,8,5,consensus_pac_stability,7,0.8960613742494996,False,False,0.6918312572206887
difficulty_level,1,medium,0.6797628997958609,8,5,silhouette,3,0.12961011236613504,False,False,0.727977351411509
difficulty_level,1,medium,0.6797628997958609,8,5,silhouette,4,0.15703252584492777,False,False,0.9291700611123507
difficulty_level,1,medium,0.6797628997958609,8,5,silhouette,5,0.23581235259124775,False,True,0.6797628997958609
difficulty_level,1,medium,0.6797628997958609,8,5,silhouette,6,0.2594098297579782,False,False,0.7478512790828505
difficulty_level,1,medium,0.6797628997958609,8,5,silhouette,7,0.2945663693661804,True,False,0.6879568590451264
difficulty_level,1,medium,0.6797628997958609,8,5,gap,3,0.1450690722164083,False,False,0.727977351411509
difficulty_level,1,medium,0.6797628997958609,8,5,gap,4,0.1911480921468911,False,False,0.9291700611123507
difficulty_level,1,medium,0.6797628997958609,8,5,gap,5,0.3681629985721049,False,True,0.6797628997958609
difficulty_level,1,medium,0.6797628997958609,8,5,gap,6,0.4183272212436915,False,False,0.7478512790828505
difficulty_level,1,medium,0.6797628997958609,8,5,gap,7,0.5316173875022354,True,False,0.6879568590451264
difficulty_level,1,medium,0.6797628997958609,8,5,davies_bouldin,3,0.2601959417408469,False,False,0.727977351411509
difficulty_level,1,medium,0.6797628997958609,8,5,davies_bouldin,4,0.26412006475571864,False,False,0.9291700611123507
difficulty_level,1,medium,0.6797628997958609,8,5,davies_bouldin,5,0.29249463334403686,False,True,0.6797628997958609
difficulty_level,1,medium,0.6797628997958609,8,5,davies_bouldin,6,0.32034339167819187,False,False,0.7478512790828505
difficulty_level,1,medium,0.6797628997958609,8,5,davies_bouldin,7,0.3447794204630658,True,False,0.6879568590451264
difficulty_level,1,medium,0.6797628997958609,8,5,calinski_harabasz,3,120.66624200379765,False,False,0.727977351411509
difficulty_level,1,medium,0.6797628997958609,8,5,calinski_harabasz,4,112.47215565993511,False,False,0.9291700611123507
difficulty_level,1,medium,0.6797628997958609,8,5,calinski_harabasz,5,176.9546366559101,False,True,0.6797628997958609
difficulty_level,1,medium,0.6797628997958609,8,5,calinski_harabasz,6,167.04364505479057,False,False,0.7478512790828505
difficulty_level,1,medium,0.6797628997958609,8,5,calinski_harabasz,7,188.11253647316943,True,False,0.6879568590451264
difficulty_level,1,medium,0.6858440481275517,9,5,accuracy_generalizability,3,0.9596426119083796,True,False,0.8139317493692222
difficulty_level,1,medium,0.6858440481275517,9,5,accuracy_generalizability,4,0.8163057434414265,False,False,0.9344159918833161
difficulty_level,1,medium,0.6858440481275517,9,5,accuracy_generalizability,5,0.7419088326181472,False,True,1.0
difficulty_level,1,medium,0.6858440481275517,9,5,accuracy_generalizability,6,0.8882762368552476,False,False,0.7471884035790572
difficulty_level,1,medium,0.6858440481275517,9,5,accuracy_generalizability,7,0.8333100973077059,False,False,0.6658340774191007
difficulty_level,1,medium,0.6858440481275517,9,5,ari_average,3,0.9226050558470179,True,False,0.8139317493692222
difficulty_level,1,medium,0.6858440481275517,9,5,ari_average,4,0.8587782270891128,False,False,0.9344159918833161
difficulty_level,1,medium,0.6858440481275517,9,5,ari_average,5,0.8653438438734591,False,True,1.0
difficulty_level,1,medium,0.6858440481275517,9,5,ari_average,6,0.9037459856485144,False,False,0.7471884035790572
difficulty_level,1,medium,0.6858440481275517,9,5,ari_average,7,0.8274991480317547,False,False,0.6658340774191007
difficulty_level,1,medium,0.6858440481275517,9,5,ari_average_1se,3,0.9226050558470179,True,False,0.8139317493692222
difficulty_level,1,medium,0.6858440481275517,9,5,ari_average_1se,4,0.8587782270891128,False,False,0.9344159918833161
difficulty_level,1,medium,0.6858440481275517,9,5,ari_average_1se,5,0.8653438438734591,False,True,1.0
difficulty_level,1,medium,0.6858440481275517,9,5,ari_average_1se,6,0.9037459856485144,False,False,0.7471884035790572
difficulty_level,1,medium,0.6858440481275517,9,5,ari_average_1se,7,0.8274991480317547,False,False,0.6658340774191007
difficulty_level,1,medium,0.6858440481275517,9,5,ari_average_quant,3,0.9226050558470179,False,False,0.8139317493692222
difficulty_level,1,medium,0.6858440481275517,9,5,ari_average_quant,4,0.8587782270891128,False,False,0.9344159918833161
difficulty_level,1,medium,0.6858440481275517,9,5,ari_average_quant,5,0.8653438438734591,False,True,1.0
difficulty_level,1,medium,0.6858440481275517,9,5,ari_average_quant,6,0.9037459856485144,False,False,0.7471884035790572
difficulty_level,1,medium,0.6858440481275517,9,5,ari_average_quant,7,0.8274991480317547,True,False,0.6658340774191007
difficulty_level,1,medium,0.6858440481275517,9,5,ari_generalizability,3,0.9360004983150165,True,False,0.8139317493692222
difficulty_level,1,medium,0.6858440481275517,9,5,ari_generalizability,4,0.7864261076744099,False,False,0.9344159918833161
difficulty_level,1,medium,0.6858440481275517,9,5,ari_generalizability,5,0.7306876877469183,False,True,1.0
difficulty_level,1,medium,0.6858440481275517,9,5,ari_generalizability,6,0.8621283312659331,False,False,0.7471884035790572
difficulty_level,1,medium,0.6858440481275517,9,5,ari_generalizability,7,0.7776010859131999,False,False,0.6658340774191007
difficulty_level,1,medium,0.6858440481275517,9,5,ari_generalizability_1se,3,0.9360004983150165,True,False,0.8139317493692222
difficulty_level,1,medium,0.6858440481275517,9,5,ari_generalizability_1se,4,0.7864261076744099,False,False,0.9344159918833161
difficulty_level,1,medium,0.6858440481275517,9,5,ari_generalizability_1se,5,0.7306876877469183,False,True,1.0
difficulty_level,1,medium,0.6858440481275517,9,5,ari_generalizability_1se,6,0.8621283312659331,False,False,0.7471884035790572
difficulty_level,1,medium,0.6858440481275517,9,5,ari_generalizability_1se,7,0.7776010859131999,False,False,0.6658340774191007
difficulty_level,1,medium,0.6858440481275517,9,5,ari_generalizability_quant,3,0.9360004983150165,False,False,0.8139317493692222
difficulty_level,1,medium,0.6858440481275517,9,5,ari_generalizability_quant,4,0.7864261076744099,False,False,0.9344159918833161
difficulty_level,1,medium,0.6858440481275517,9,5,ari_generalizability_quant,5,0.7306876877469183,False,True,1.0
difficulty_level,1,medium,0.6858440481275517,9,5,ari_generalizability_quant,6,0.8621283312659331,False,False,0.7471884035790572
difficulty_level,1,medium,0.6858440481275517,9,5,ari_generalizability_quant,7,0.7776010859131999,True,False,0.6658340774191007
difficulty_level,1,medium,0.6858440481275517,9,5,ari_stability,3,0.9092096133790193,False,False,0.8139317493692222
difficulty_level,1,medium,0.6858440481275517,9,5,ari_stability,4,0.9311303465038158,False,False,0.9344159918833161
difficulty_level,1,medium,0.6858440481275517,9,5,ari_stability,5,1.0,True,True,1.0
difficulty_level,1,medium,0.6858440481275517,9,5,ari_stability,6,0.9453636400310954,False,False,0.7471884035790572
difficulty_level,1,medium,0.6858440481275517,9,5,ari_stability,7,0.8773972101503091,False,False,0.6658340774191007
difficulty_level,1,medium,0.6858440481275517,9,5,ari_stability_1se,3,0.9092096133790193,False,False,0.8139317493692222
difficulty_level,1,medium,0.6858440481275517,9,5,ari_stability_1se,4,0.9311303465038158,False,False,0.9344159918833161
difficulty_level,1,medium,0.6858440481275517,9,5,ari_stability_1se,5,1.0,True,True,1.0
difficulty_level,1,medium,0.6858440481275517,9,5,ari_stability_1se,6,0.9453636400310954,False,False,0.7471884035790572
difficulty_level,1,medium,0.6858440481275517,9,5,ari_stability_1se,7,0.8773972101503091,False,False,0.6658340774191007
difficulty_level,1,medium,0.6858440481275517,9,5,ari_stability_quant,3,0.9092096133790193,False,False,0.8139317493692222
difficulty_level,1,medium,0.6858440481275517,9,5,ari_stability_quant,4,0.9311303465038158,False,False,0.9344159918833161
difficulty_level,1,medium,0.6858440481275517,9,5,ari_stability_quant,5,1.0,True,True,1.0
difficulty_level,1,medium,0.6858440481275517,9,5,ari_stability_quant,6,0.9453636400310954,False,False,0.7471884035790572
difficulty_level,1,medium,0.6858440481275517,9,5,ari_stability_quant,7,0.8773972101503091,False,False,0.6658340774191007
difficulty_level,1,medium,0.6858440481275517,9,5,consensus_ce_stability,3,0.8804449009984497,False,False,0.8139317493692222
difficulty_level,1,medium,0.6858440481275517,9,5,consensus_ce_stability,4,0.930350739774205,False,False,0.9344159918833161
difficulty_level,1,medium,0.6858440481275517,9,5,consensus_ce_stability,5,0.9999999999586944,True,True,1.0
difficulty_level,1,medium,0.6858440481275517,9,5,consensus_ce_stability,6,0.9554658677003756,False,False,0.7471884035790572
difficulty_level,1,medium,0.6858440481275517,9,5,consensus_ce_stability,7,0.9269784187818576,False,False,0.6658340774191007
difficulty_level,1,medium,0.6858440481275517,9,5,consensus_gini_stability,3,0.9017904585635683,False,False,0.8139317493692222
difficulty_level,1,medium,0.6858440481275517,9,5,consensus_gini_stability,4,0.9387313381179346,False,False,0.9344159918833161
difficulty_level,1,medium,0.6858440481275517,9,5,consensus_gini_stability,5,1.0,True,True,1.0
difficulty_level,1,medium,0.6858440481275517,9,5,consensus_gini_stability,6,0.9650421188841464,False,False,0.7471884035790572
difficulty_level,1,medium,0.6858440481275517,9,5,consensus_gini_stability,7,0.9367764372387877,False,False,0.6658340774191007
difficulty_level,1,medium,0.6858440481275517,9,5,consensus_pac_stability,3,0.8021952412719591,False,False,0.8139317493692222
difficulty_level,1,medium,0.6858440481275517,9,5,consensus_pac_stability,4,0.901307538358906,False,False,0.9344159918833161
difficulty_level,1,medium,0.6858440481275517,9,5,consensus_pac_stability,5,1.0,True,True,1.0
difficulty_level,1,medium,0.6858440481275517,9,5,consensus_pac_stability,6,0.9445665999555259,False,False,0.7471884035790572
difficulty_level,1,medium,0.6858440481275517,9,5,consensus_pac_stability,7,0.8987787413831443,False,False,0.6658340774191007
difficulty_level,1,medium,0.6858440481275517,9,5,silhouette,3,0.15105251451313187,False,False,0.816781776449934
difficulty_level,1,medium,0.6858440481275517,9,5,silhouette,4,0.17738312642301812,False,False,0.9361945432121674
difficulty_level,1,medium,0.6858440481275517,9,5,silhouette,5,0.22615970578952782,False,True,0.6858440481275517
difficulty_level,1,medium,0.6858440481275517,9,5,silhouette,6,0.2483545841748778,True,False,0.7485975964501256
difficulty_level,1,medium,0.6858440481275517,9,5,silhouette,7,0.23869224520518656,False,False,0.664704419455588
difficulty_level,1,medium,0.6858440481275517,9,5,gap,3,0.21916978364422945,False,False,0.816781776449934
difficulty_level,1,medium,0.6858440481275517,9,5,gap,4,0.2751423667651043,False,False,0.9361945432121674
difficulty_level,1,medium,0.6858440481275517,9,5,gap,5,0.4094224540607634,False,True,0.6858440481275517
difficulty_level,1,medium,0.6858440481275517,9,5,gap,6,0.4549959502736094,False,False,0.7485975964501256
difficulty_level,1,medium,0.6858440481275517,9,5,gap,7,0.4909360352545562,True,False,0.664704419455588
difficulty_level,1,medium,0.6858440481275517,9,5,davies_bouldin,3,0.23295416305081054,False,False,0.816781776449934
difficulty_level,1,medium,0.6858440481275517,9,5,davies_bouldin,4,0.2780598413032386,False,False,0.9361945432121674
difficulty_level,1,medium,0.6858440481275517,9,5,davies_bouldin,5,0.3008003593923211,False,True,0.6858440481275517
difficulty_level,1,medium,0.6858440481275517,9,5,davies_bouldin,6,0.31631131886305675,False,False,0.7485975964501256
difficulty_level,1,medium,0.6858440481275517,9,5,davies_bouldin,7,0.32999238339824194,True,False,0.664704419455588
difficulty_level,1,medium,0.6858440481275517,9,5,calinski_harabasz,3,130.9109276767757,False,False,0.816781776449934
difficulty_level,1,medium,0.6858440481275517,9,5,calinski_harabasz,4,126.05478285586346,False,False,0.9361945432121674
difficulty_level,1,medium,0.6858440481275517,9,5,calinski_harabasz,5,165.49108518408764,True,True,0.6858440481275517
difficulty_level,1,medium,0.6858440481275517,9,5,calinski_harabasz,6,155.41817686378474,False,False,0.7485975964501256
difficulty_level,1,medium,0.6858440481275517,9,5,calinski_harabasz,7,145.2121792423903,False,False,0.664704419455588
difficulty_level,1,medium,0.8309994703553006,10,5,accuracy_generalizability,3,0.8672969103966196,False,False,0.7160920473580167
difficulty_level,1,medium,0.8309994703553006,10,5,accuracy_generalizability,4,0.9899785518233482,True,False,0.9393756025093727
difficulty_level,1,medium,0.8309994703553006,10,5,accuracy_generalizability,5,0.7831551016729931,False,True,1.0
difficulty_level,1,medium,0.8309994703553006,10,5,accuracy_generalizability,6,0.7751446084272998,False,False,0.8611970420428666
difficulty_level,1,medium,0.8309994703553006,10,5,accuracy_generalizability,7,0.7646189591851189,False,False,0.7527675363041818
difficulty_level,1,medium,0.8309994703553006,10,5,ari_average,3,0.7810517423304855,False,False,0.7160920473580167
difficulty_level,1,medium,0.8309994703553006,10,5,ari_average,4,0.9945352490985333,True,False,0.9393756025093727
difficulty_level,1,medium,0.8309994703553006,10,5,ari_average,5,0.9083684300400483,False,True,1.0
difficulty_level,1,medium,0.8309994703553006,10,5,ari_average,6,0.8622555806840042,False,False,0.8611970420428666
difficulty_level,1,medium,0.8309994703553006,10,5,ari_average,7,0.810251992134696,False,False,0.7527675363041818
difficulty_level,1,medium,0.8309994703553006,10,5,ari_average_1se,3,0.7810517423304855,False,False,0.7160920473580167
difficulty_level,1,medium,0.8309994703553006,10,5,ari_average_1se,4,0.9945352490985333,True,False,0.9393756025093727
difficulty_level,1,medium,0.8309994703553006,10,5,ari_average_1se,5,0.9083684300400483,False,True,1.0
difficulty_level,1,medium,0.8309994703553006,10,5,ari_average_1se,6,0.8622555806840042,False,False,0.8611970420428666
difficulty_level,1,medium,0.8309994703553006,10,5,ari_average_1se,7,0.810251992134696,False,False,0.7527675363041818
difficulty_level,1,medium,0.8309994703553006,10,5,ari_average_quant,3,0.7810517423304855,False,False,0.7160920473580167
difficulty_level,1,medium,0.8309994703553006,10,5,ari_average_quant,4,0.9945352490985333,True,False,0.9393756025093727
difficulty_level,1,medium,0.8309994703553006,10,5,ari_average_quant,5,0.9083684300400483,False,True,1.0
difficulty_level,1,medium,0.8309994703553006,10,5,ari_average_quant,6,0.8622555806840042,False,False,0.8611970420428666
difficulty_level,1,medium,0.8309994703553006,10,5,ari_average_quant,7,0.810251992134696,False,False,0.7527675363041818
difficulty_level,1,medium,0.8309994703553006,10,5,ari_generalizability,3,0.7195181455922476,False,False,0.7160920473580167
difficulty_level,1,medium,0.8309994703553006,10,5,ari_generalizability,4,0.9890704981970666,True,False,0.9393756025093727
difficulty_level,1,medium,0.8309994703553006,10,5,ari_generalizability,5,0.8189073326515964,False,True,1.0
difficulty_level,1,medium,0.8309994703553006,10,5,ari_generalizability,6,0.7772765647333082,False,False,0.8611970420428666
difficulty_level,1,medium,0.8309994703553006,10,5,ari_generalizability,7,0.7297228646957004,False,False,0.7527675363041818
difficulty_level,1,medium,0.8309994703553006,10,5,ari_generalizability_1se,3,0.7195181455922476,False,False,0.7160920473580167
difficulty_level,1,medium,0.8309994703553006,10,5,ari_generalizability_1se,4,0.9890704981970666,True,False,0.9393756025093727
difficulty_level,1,medium,0.8309994703553006,10,5,ari_generalizability_1se,5,0.8189073326515964,False,True,1.0
difficulty_level,1,medium,0.8309994703553006,10,5,ari_generalizability_1se,6,0.7772765647333082,False,False,0.8611970420428666
difficulty_level,1,medium,0.8309994703553006,10,5,ari_generalizability_1se,7,0.7297228646957004,False,False,0.7527675363041818
difficulty_level,1,medium,0.8309994703553006,10,5,ari_generalizability_quant,3,0.7195181455922476,False,False,0.7160920473580167
difficulty_level,1,medium,0.8309994703553006,10,5,ari_generalizability_quant,4,0.9890704981970666,True,False,0.9393756025093727
difficulty_level,1,medium,0.8309994703553006,10,5,ari_generalizability_quant,5,0.8189073326515964,False,True,1.0
difficulty_level,1,medium,0.8309994703553006,10,5,ari_generalizability_quant,6,0.7772765647333082,False,False,0.8611970420428666
difficulty_level,1,medium,0.8309994703553006,10,5,ari_generalizability_quant,7,0.7297228646957004,False,False,0.7527675363041818
difficulty_level,1,medium,0.8309994703553006,10,5,ari_stability,3,0.8425853390687233,False,False,0.7160920473580167
difficulty_level,1,medium,0.8309994703553006,10,5,ari_stability,4,1.0,True,False,0.9393756025093727
difficulty_level,1,medium,0.8309994703553006,10,5,ari_stability,5,0.9978295274285003,False,True,1.0
difficulty_level,1,medium,0.8309994703553006,10,5,ari_stability,6,0.9472345966347,False,False,0.8611970420428666
difficulty_level,1,medium,0.8309994703553006,10,5,ari_stability,7,0.890781119573692,False,False,0.7527675363041818
difficulty_level,1,medium,0.8309994703553006,10,5,ari_stability_1se,3,0.8425853390687233,False,False,0.7160920473580167
difficulty_level,1,medium,0.8309994703553006,10,5,ari_stability_1se,4,1.0,True,False,0.9393756025093727
difficulty_level,1,medium,0.8309994703553006,10,5,ari_stability_1se,5,0.9978295274285003,False,True,1.0
difficulty_level,1,medium,0.8309994703553006,10,5,ari_stability_1se,6,0.9472345966347,False,False,0.8611970420428666
difficulty_level,1,medium,0.8309994703553006,10,5,ari_stability_1se,7,0.890781119573692,False,False,0.7527675363041818
difficulty_level,1,medium,0.8309994703553006,10,5,ari_stability_quant,3,0.8425853390687233,False,False,0.7160920473580167
difficulty_level,1,medium,0.8309994703553006,10,5,ari_stability_quant,4,1.0,True,False,0.9393756025093727
difficulty_level,1,medium,0.8309994703553006,10,5,ari_stability_quant,5,0.9978295274285003,False,True,1.0
difficulty_level,1,medium,0.8309994703553006,10,5,ari_stability_quant,6,0.9472345966347,False,False,0.8611970420428666
difficulty_level,1,medium,0.8309994703553006,10,5,ari_stability_quant,7,0.890781119573692,False,False,0.7527675363041818
difficulty_level,1,medium,0.8309994703553006,10,5,consensus_ce_stability,3,0.8813688087253304,False,False,0.7160920473580167
difficulty_level,1,medium,0.8309994703553006,10,5,consensus_ce_stability,4,0.9999999999586944,True,False,0.9393756025093727
difficulty_level,1,medium,0.8309994703553006,10,5,consensus_ce_stability,5,0.9954522961863067,False,True,1.0
difficulty_level,1,medium,0.8309994703553006,10,5,consensus_ce_stability,6,0.9594509047264377,False,False,0.8611970420428666
difficulty_level,1,medium,0.8309994703553006,10,5,consensus_ce_stability,7,0.9285522563477692,False,False,0.7527675363041818
difficulty_level,1,medium,0.8309994703553006,10,5,consensus_gini_stability,3,0.9013669456115989,False,False,0.7160920473580167
difficulty_level,1,medium,0.8309994703553006,10,5,consensus_gini_stability,4,1.0,True,False,0.9393756025093727
difficulty_level,1,medium,0.8309994703553006,10,5,consensus_gini_stability,5,0.997350190512639,False,True,1.0
difficulty_level,1,medium,0.8309994703553006,10,5,consensus_gini_stability,6,0.9678036501217143,False,False,0.8611970420428666
difficulty_level,1,medium,0.8309994703553006,10,5,consensus_gini_stability,7,0.9392173971096754,False,False,0.7527675363041818
difficulty_level,1,medium,0.8309994703553006,10,5,consensus_pac_stability,3,0.7978118745830554,False,False,0.7160920473580167
difficulty_level,1,medium,0.8309994703553006,10,5,consensus_pac_stability,4,1.0,True,False,0.9393756025093727
difficulty_level,1,medium,0.8309994703553006,10,5,consensus_pac_stability,5,0.9999991105181232,False,True,1.0
difficulty_level,1,medium,0.8309994703553006,10,5,consensus_pac_stability,6,0.9392732933066489,False,False,0.8611970420428666
difficulty_level,1,medium,0.8309994703553006,10,5,consensus_pac_stability,7,0.8995668223259952,False,False,0.7527675363041818
difficulty_level,1,medium,0.8309994703553006,10,5,silhouette,3,0.14208315956297843,False,False,0.7160920473580167
difficulty_level,1,medium,0.8309994703553006,10,5,silhouette,4,0.16311401650584667,False,False,0.9393756025093727
difficulty_level,1,medium,0.8309994703553006,10,5,silhouette,5,0.17414016861230622,False,True,0.8309994703553006
difficulty_level,1,medium,0.8309994703553006,10,5,silhouette,6,0.20796741631670215,False,False,0.7197979020126372
difficulty_level,1,medium,0.8309994703553006,10,5,silhouette,7,0.25023710089591067,True,False,0.7513931010968352
difficulty_level,1,medium,0.8309994703553006,10,5,gap,3,0.1700523695663243,False,False,0.7160920473580167
difficulty_level,1,medium,0.8309994703553006,10,5,gap,4,0.2110939748893994,False,False,0.9393756025093727
difficulty_level,1,medium,0.8309994703553006,10,5,gap,5,0.2509816090684236,False,True,0.8309994703553006
difficulty_level,1,medium,0.8309994703553006,10,5,gap,6,0.3310319864736986,False,False,0.7197979020126372
difficulty_level,1,medium,0.8309994703553006,10,5,gap,7,0.43571455991699537,True,False,0.7513931010968352
difficulty_level,1,medium,0.8309994703553006,10,5,davies_bouldin,3,0.2500904945137887,False,False,0.7160920473580167
difficulty_level,1,medium,0.8309994703553006,10,5,davies_bouldin,4,0.2611369080962899,False,False,0.9393756025093727
difficulty_level,1,medium,0.8309994703553006,10,5,davies_bouldin,5,0.2775313265611438,False,True,0.8309994703553006
difficulty_level,1,medium,0.8309994703553006,10,5,davies_bouldin,6,0.29688806139086327,False,False,0.7197979020126372
difficulty_level,1,medium,0.8309994703553006,10,5,davies_bouldin,7,0.30862079450545216,True,False,0.7513931010968352
difficulty_level,1,medium,0.8309994703553006,10,5,calinski_harabasz,3,127.31470798266866,False,False,0.7160920473580167
difficulty_level,1,medium,0.8309994703553006,10,5,calinski_harabasz,4,114.17915766566944,False,False,0.9393756025093727
difficulty_level,1,medium,0.8309994703553006,10,5,calinski_harabasz,5,107.6921709328227,False,True,0.8309994703553006
difficulty_level,1,medium,0.8309994703553006,10,5,calinski_harabasz,6,120.86802387876546,False,False,0.7197979020126372
difficulty_level,1,medium,0.8309994703553006,10,5,calinski_harabasz,7,141.42405639135953,True,False,0.7513931010968352
difficulty_level,1,medium,0.807672150179361,11,5,accuracy_generalizability,3,0.8411483035661299,False,False,0.7253981569178859
difficulty_level,1,medium,0.807672150179361,11,5,accuracy_generalizability,4,0.9291685612114959,True,False,0.9200954090745258
difficulty_level,1,medium,0.807672150179361,11,5,accuracy_generalizability,5,0.9068166663144805,False,True,1.0
difficulty_level,1,medium,0.807672150179361,11,5,accuracy_generalizability,6,0.8867987120219788,False,False,0.8229289215932748
difficulty_level,1,medium,0.807672150179361,11,5,accuracy_generalizability,7,0.9061581382459086,False,False,0.7284321730006494
difficulty_level,1,medium,0.807672150179361,11,5,ari_average,3,0.716777075358078,False,False,0.7253981569178859
difficulty_level,1,medium,0.807672150179361,11,5,ari_average,4,0.8811489711791206,False,False,0.9200954090745258
difficulty_level,1,medium,0.807672150179361,11,5,ari_average,5,0.9506638389641537,True,True,1.0
difficulty_level,1,medium,0.807672150179361,11,5,ari_average,6,0.8834841451196006,False,False,0.8229289215932748
difficulty_level,1,medium,0.807672150179361,11,5,ari_average,7,0.8698083548808584,False,False,0.7284321730006494
difficulty_level,1,medium,0.807672150179361,11,5,ari_average_1se,3,0.716777075358078,False,False,0.7253981569178859
difficulty_level,1,medium,0.807672150179361,11,5,ari_average_1se,4,0.8811489711791206,False,False,0.9200954090745258
difficulty_level,1,medium,0.807672150179361,11,5,ari_average_1se,5,0.9506638389641537,True,True,1.0
difficulty_level,1,medium,0.807672150179361,11,5,ari_average_1se,6,0.8834841451196006,False,False,0.8229289215932748
difficulty_level,1,medium,0.807672150179361,11,5,ari_average_1se,7,0.8698083548808584,False,False,0.7284321730006494
difficulty_level,1,medium,0.807672150179361,11,5,ari_average_quant,3,0.716777075358078,False,False,0.7253981569178859
difficulty_level,1,medium,0.807672150179361,11,5,ari_average_quant,4,0.8811489711791206,False,False,0.9200954090745258
difficulty_level,1,medium,0.807672150179361,11,5,ari_average_quant,5,0.9506638389641537,False,True,1.0
difficulty_level,1,medium,0.807672150179361,11,5,ari_average_quant,6,0.8834841451196006,False,False,0.8229289215932748
difficulty_level,1,medium,0.807672150179361,11,5,ari_average_quant,7,0.8698083548808584,True,False,0.7284321730006494
difficulty_level,1,medium,0.807672150179361,11,5,ari_generalizability,3,0.7277173438047924,False,False,0.7253981569178859
difficulty_level,1,medium,0.807672150179361,11,5,ari_generalizability,4,0.8791516829121876,False,False,0.9200954090745258
difficulty_level,1,medium,0.807672150179361,11,5,ari_generalizability,5,0.9013276779283075,True,True,1.0
difficulty_level,1,medium,0.807672150179361,11,5,ari_generalizability,6,0.8532191140128472,False,False,0.8229289215932748
difficulty_level,1,medium,0.807672150179361,11,5,ari_generalizability,7,0.8534973912231905,False,False,0.7284321730006494
difficulty_level,1,medium,0.807672150179361,11,5,ari_generalizability_1se,3,0.7277173438047924,False,False,0.7253981569178859
difficulty_level,1,medium,0.807672150179361,11,5,ari_generalizability_1se,4,0.8791516829121876,False,False,0.9200954090745258
difficulty_level,1,medium,0.807672150179361,11,5,ari_generalizability_1se,5,0.9013276779283075,True,True,1.0
difficulty_level,1,medium,0.807672150179361,11,5,ari_generalizability_1se,6,0.8532191140128472,False,False,0.8229289215932748
difficulty_level,1,medium,0.807672150179361,11,5,ari_generalizability_1se,7,0.8534973912231905,False,False,0.7284321730006494
difficulty_level,1,medium,0.807672150179361,11,5,ari_generalizability_quant,3,0.7277173438047924,False,False,0.7253981569178859
difficulty_level,1,medium,0.807672150179361,11,5,ari_generalizability_quant,4,0.8791516829121876,False,False,0.9200954090745258
difficulty_level,1,medium,0.807672150179361,11,5,ari_generalizability_quant,5,0.9013276779283075,False,True,1.0
difficulty_level,1,medium,0.807672150179361,11,5,ari_generalizability_quant,6,0.8532191140128472,False,False,0.8229289215932748
difficulty_level,1,medium,0.807672150179361,11,5,ari_generalizability_quant,7,0.8534973912231905,True,False,0.7284321730006494
difficulty_level,1,medium,0.807672150179361,11,5,ari_stability,3,0.7058368069113636,False,False,0.7253981569178859
difficulty_level,1,medium,0.807672150179361,11,5,ari_stability,4,0.8831462594460534,False,False,0.9200954090745258
difficulty_level,1,medium,0.807672150179361,11,5,ari_stability,5,1.0,True,True,1.0
difficulty_level,1,medium,0.807672150179361,11,5,ari_stability,6,0.9137491762263538,False,False,0.8229289215932748
difficulty_level,1,medium,0.807672150179361,11,5,ari_stability,7,0.8861193185385271,False,False,0.7284321730006494
difficulty_level,1,medium,0.807672150179361,11,5,ari_stability_1se,3,0.7058368069113636,False,False,0.7253981569178859
difficulty_level,1,medium,0.807672150179361,11,5,ari_stability_1se,4,0.8831462594460534,False,False,0.9200954090745258
difficulty_level,1,medium,0.807672150179361,11,5,ari_stability_1se,5,1.0,True,True,1.0
difficulty_level,1,medium,0.807672150179361,11,5,ari_stability_1se,6,0.9137491762263538,False,False,0.8229289215932748
difficulty_level,1,medium,0.807672150179361,11,5,ari_stability_1se,7,0.8861193185385271,False,False,0.7284321730006494
difficulty_level,1,medium,0.807672150179361,11,5,ari_stability_quant,3,0.7058368069113636,False,False,0.7253981569178859
difficulty_level,1,medium,0.807672150179361,11,5,ari_stability_quant,4,0.8831462594460534,False,False,0.9200954090745258
difficulty_level,1,medium,0.807672150179361,11,5,ari_stability_quant,5,1.0,True,True,1.0
difficulty_level,1,medium,0.807672150179361,11,5,ari_stability_quant,6,0.9137491762263538,False,False,0.8229289215932748
difficulty_level,1,medium,0.807672150179361,11,5,ari_stability_quant,7,0.8861193185385271,False,False,0.7284321730006494
difficulty_level,1,medium,0.807672150179361,11,5,consensus_ce_stability,3,0.719373829137187,False,False,0.7253981569178859
difficulty_level,1,medium,0.807672150179361,11,5,consensus_ce_stability,4,0.9070891823340794,False,False,0.9200954090745258
difficulty_level,1,medium,0.807672150179361,11,5,consensus_ce_stability,5,0.9999999999586944,True,True,1.0
difficulty_level,1,medium,0.807672150179361,11,5,consensus_ce_stability,6,0.9497553879352314,False,False,0.8229289215932748
difficulty_level,1,medium,0.807672150179361,11,5,consensus_ce_stability,7,0.9414168155890467,False,False,0.7284321730006494
difficulty_level,1,medium,0.807672150179361,11,5,consensus_gini_stability,3,0.7438258204414931,False,False,0.7253981569178859
difficulty_level,1,medium,0.807672150179361,11,5,consensus_gini_stability,4,0.9128292078795683,False,False,0.9200954090745258
difficulty_level,1,medium,0.807672150179361,11,5,consensus_gini_stability,5,1.0,True,True,1.0
difficulty_level,1,medium,0.807672150179361,11,5,consensus_gini_stability,6,0.9589445289385116,False,False,0.8229289215932748
difficulty_level,1,medium,0.807672150179361,11,5,consensus_gini_stability,7,0.9515460362663984,False,False,0.7284321730006494
difficulty_level,1,medium,0.807672150179361,11,5,consensus_pac_stability,3,0.6793604625305759,False,False,0.7253981569178859
difficulty_level,1,medium,0.807672150179361,11,5,consensus_pac_stability,4,0.8854124972203692,False,False,0.9200954090745258
difficulty_level,1,medium,0.807672150179361,11,5,consensus_pac_stability,5,1.0,True,True,1.0
difficulty_level,1,medium,0.807672150179361,11,5,consensus_pac_stability,6,0.9259835445852791,False,False,0.8229289215932748
difficulty_level,1,medium,0.807672150179361,11,5,consensus_pac_stability,7,0.9139203913720257,False,False,0.7284321730006494
difficulty_level,1,medium,0.807672150179361,11,5,silhouette,3,0.12003406201638747,False,False,0.7253981569178859
difficulty_level,1,medium,0.807672150179361,11,5,silhouette,4,0.14863717779903007,False,False,0.9200954090745258
difficulty_level,1,medium,0.807672150179361,11,5,silhouette,5,0.17545671928025006,False,True,0.807672150179361
difficulty_level,1,medium,0.807672150179361,11,5,silhouette,6,0.20326423733066593,False,False,0.8233031417868357
difficulty_level,1,medium,0.807672150179361,11,5,silhouette,7,0.23883529319749505,True,False,0.7288415645244049
difficulty_level,1,medium,0.807672150179361,11,5,gap,3,0.12584957232871297,False,False,0.7253981569178859
difficulty_level,1,medium,0.807672150179361,11,5,gap,4,0.16737643043223116,False,False,0.9200954090745258
difficulty_level,1,medium,0.807672150179361,11,5,gap,5,0.2614185155865467,False,True,0.807672150179361
difficulty_level,1,medium,0.807672150179361,11,5,gap,6,0.32425217896078173,False,False,0.8233031417868357
difficulty_level,1,medium,0.807672150179361,11,5,gap,7,0.4080255872552101,True,False,0.7288415645244049
difficulty_level,1,medium,0.807672150179361,11,5,davies_bouldin,3,0.24674965423428566,False,False,0.7253981569178859
difficulty_level,1,medium,0.807672150179361,11,5,davies_bouldin,4,0.25402110482820595,False,False,0.9200954090745258
difficulty_level,1,medium,0.807672150179361,11,5,davies_bouldin,5,0.30051557978208665,False,True,0.807672150179361
difficulty_level,1,medium,0.807672150179361,11,5,davies_bouldin,6,0.31331197846468334,False,False,0.8233031417868357
difficulty_level,1,medium,0.807672150179361,11,5,davies_bouldin,7,0.33233601979231836,True,False,0.7288415645244049
difficulty_level,1,medium,0.807672150179361,11,5,calinski_harabasz,3,106.10745418898757,False,False,0.7253981569178859
difficulty_level,1,medium,0.807672150179361,11,5,calinski_harabasz,4,99.79029466551766,False,False,0.9200954090745258
difficulty_level,1,medium,0.807672150179361,11,5,calinski_harabasz,5,122.51740354727431,False,True,0.807672150179361
difficulty_level,1,medium,0.807672150179361,11,5,calinski_harabasz,6,126.12976690394494,False,False,0.8233031417868357
difficulty_level,1,medium,0.807672150179361,11,5,calinski_harabasz,7,137.92159684290658,True,False,0.7288415645244049
difficulty_level,1,medium,1.0,12,5,accuracy_generalizability,3,0.8900071657853496,False,False,0.6817865284781686
difficulty_level,1,medium,1.0,12,5,accuracy_generalizability,4,0.8884741632393263,False,False,0.8988282845416614
difficulty_level,1,medium,1.0,12,5,accuracy_generalizability,5,0.9789326148909485,True,True,1.0
difficulty_level,1,medium,1.0,12,5,accuracy_generalizability,6,0.9544278624654308,False,False,0.8438790031231473
difficulty_level,1,medium,1.0,12,5,accuracy_generalizability,7,0.8300061702252263,False,False,0.794223898403198
difficulty_level,1,medium,1.0,12,5,ari_average,3,0.8084133812596357,False,False,0.6817865284781686
difficulty_level,1,medium,1.0,12,5,ari_average,4,0.8285043022845245,False,False,0.8988282845416614
difficulty_level,1,medium,1.0,12,5,ari_average,5,0.9888432297847309,True,True,1.0
difficulty_level,1,medium,1.0,12,5,ari_average,6,0.9369897377118838,False,False,0.8438790031231473
difficulty_level,1,medium,1.0,12,5,ari_average,7,0.8407508342073596,False,False,0.794223898403198
difficulty_level,1,medium,1.0,12,5,ari_average_1se,3,0.8084133812596357,False,False,0.6817865284781686
difficulty_level,1,medium,1.0,12,5,ari_average_1se,4,0.8285043022845245,False,False,0.8988282845416614
difficulty_level,1,medium,1.0,12,5,ari_average_1se,5,0.9888432297847309,True,True,1.0
difficulty_level,1,medium,1.0,12,5,ari_average_1se,6,0.9369897377118838,False,False,0.8438790031231473
difficulty_level,1,medium,1.0,12,5,ari_average_1se,7,0.8407508342073596,False,False,0.794223898403198
difficulty_level,1,medium,1.0,12,5,ari_average_quant,3,0.8084133812596357,False,False,0.6817865284781686
difficulty_level,1,medium,1.0,12,5,ari_average_quant,4,0.8285043022845245,False,False,0.8988282845416614
difficulty_level,1,medium,1.0,12,5,ari_average_quant,5,0.9888432297847309,False,True,1.0
difficulty_level,1,medium,1.0,12,5,ari_average_quant,6,0.9369897377118838,True,False,0.8438790031231473
difficulty_level,1,medium,1.0,12,5,ari_average_quant,7,0.8407508342073596,False,False,0.794223898403198
difficulty_level,1,medium,1.0,12,5,ari_generalizability,3,0.7768134250768908,False,False,0.6817865284781686
difficulty_level,1,medium,1.0,12,5,ari_generalizability,4,0.8135314650203403,False,False,0.8988282845416614
difficulty_level,1,medium,1.0,12,5,ari_generalizability,5,0.9776864595694619,True,True,1.0
difficulty_level,1,medium,1.0,12,5,ari_generalizability,6,0.9261802594694895,False,False,0.8438790031231473
difficulty_level,1,medium,1.0,12,5,ari_generalizability,7,0.8164220490532991,False,False,0.794223898403198
difficulty_level,1,medium,1.0,12,5,ari_generalizability_1se,3,0.7768134250768908,False,False,0.6817865284781686
difficulty_level,1,medium,1.0,12,5,ari_generalizability_1se,4,0.8135314650203403,False,False,0.8988282845416614
difficulty_level,1,medium,1.0,12,5,ari_generalizability_1se,5,0.9776864595694619,True,True,1.0
difficulty_level,1,medium,1.0,12,5,ari_generalizability_1se,6,0.9261802594694895,False,False,0.8438790031231473
difficulty_level,1,medium,1.0,12,5,ari_generalizability_1se,7,0.8164220490532991,False,False,0.794223898403198
difficulty_level,1,medium,1.0,12,5,ari_generalizability_quant,3,0.7768134250768908,False,False,0.6817865284781686
difficulty_level,1,medium,1.0,12,5,ari_generalizability_quant,4,0.8135314650203403,False,False,0.8988282845416614
difficulty_level,1,medium,1.0,12,5,ari_generalizability_quant,5,0.9776864595694619,False,True,1.0
difficulty_level,1,medium,1.0,12,5,ari_generalizability_quant,6,0.9261802594694895,False,False,0.8438790031231473
difficulty_level,1,medium,1.0,12,5,ari_generalizability_quant,7,0.8164220490532991,True,False,0.794223898403198
difficulty_level,1,medium,1.0,12,5,ari_stability,3,0.8400133374423807,False,False,0.6817865284781686
difficulty_level,1,medium,1.0,12,5,ari_stability,4,0.8434771395487088,False,False,0.8988282845416614
difficulty_level,1,medium,1.0,12,5,ari_stability,5,1.0,True,True,1.0
difficulty_level,1,medium,1.0,12,5,ari_stability,6,0.9477992159542779,False,False,0.8438790031231473
difficulty_level,1,medium,1.0,12,5,ari_stability,7,0.86507961936142,False,False,0.794223898403198
difficulty_level,1,medium,1.0,12,5,ari_stability_1se,3,0.8400133374423807,False,False,0.6817865284781686
difficulty_level,1,medium,1.0,12,5,ari_stability_1se,4,0.8434771395487088,False,False,0.8988282845416614
difficulty_level,1,medium,1.0,12,5,ari_stability_1se,5,1.0,True,True,1.0
difficulty_level,1,medium,1.0,12,5,ari_stability_1se,6,0.9477992159542779,False,False,0.8438790031231473
difficulty_level,1,medium,1.0,12,5,ari_stability_1se,7,0.86507961936142,False,False,0.794223898403198
difficulty_level,1,medium,1.0,12,5,ari_stability_quant,3,0.8400133374423807,False,False,0.6817865284781686
difficulty_level,1,medium,1.0,12,5,ari_stability_quant,4,0.8434771395487088,False,False,0.8988282845416614
difficulty_level,1,medium,1.0,12,5,ari_stability_quant,5,1.0,True,True,1.0
difficulty_level,1,medium,1.0,12,5,ari_stability_quant,6,0.9477992159542779,False,False,0.8438790031231473
difficulty_level,1,medium,1.0,12,5,ari_stability_quant,7,0.86507961936142,False,False,0.794223898403198
difficulty_level,1,medium,1.0,12,5,consensus_ce_stability,3,0.838586640220413,False,False,0.6817865284781686
difficulty_level,1,medium,1.0,12,5,consensus_ce_stability,4,0.8596889316850554,False,False,0.8988282845416614
difficulty_level,1,medium,1.0,12,5,consensus_ce_stability,5,0.9999999999586944,True,True,1.0
difficulty_level,1,medium,1.0,12,5,consensus_ce_stability,6,0.9673722250678366,False,False,0.8438790031231473
difficulty_level,1,medium,1.0,12,5,consensus_ce_stability,7,0.926962603188195,False,False,0.794223898403198
difficulty_level,1,medium,1.0,12,5,consensus_gini_stability,3,0.859589993856271,False,False,0.6817865284781686
difficulty_level,1,medium,1.0,12,5,consensus_gini_stability,4,0.8713974947630828,False,False,0.8988282845416614
difficulty_level,1,medium,1.0,12,5,consensus_gini_stability,5,1.0,True,True,1.0
difficulty_level,1,medium,1.0,12,5,consensus_gini_stability,6,0.9716493748341825,False,False,0.8438790031231473
difficulty_level,1,medium,1.0,12,5,consensus_gini_stability,7,0.9320338367474353,False,False,0.794223898403198
difficulty_level,1,medium,1.0,12,5,consensus_pac_stability,3,0.7871754503002002,False,False,0.6817865284781686
difficulty_level,1,medium,1.0,12,5,consensus_pac_stability,4,0.8200498109851012,False,False,0.8988282845416614
difficulty_level,1,medium,1.0,12,5,consensus_pac_stability,5,1.0,True,True,1.0
difficulty_level,1,medium,1.0,12,5,consensus_pac_stability,6,0.9634405158994885,False,False,0.8438790031231473
difficulty_level,1,medium,1.0,12,5,consensus_pac_stability,7,0.9153524571936846,False,False,0.794223898403198
difficulty_level,1,medium,1.0,12,5,silhouette,3,0.14619035569513092,False,False,0.7337851902360587
difficulty_level,1,medium,1.0,12,5,silhouette,4,0.15892376783013154,False,False,0.9077460565575348
difficulty_level,1,medium,1.0,12,5,silhouette,5,0.18434983563581098,False,True,1.0
difficulty_level,1,medium,1.0,12,5,silhouette,6,0.21989682959221296,False,False,0.7728945438953805
difficulty_level,1,medium,1.0,12,5,silhouette,7,0.2283447079874522,True,False,0.8769772681634685
difficulty_level,1,medium,1.0,12,5,gap,3,0.11523459948389281,False,False,0.7337851902360587
difficulty_level,1,medium,1.0,12,5,gap,4,0.15075299816839305,False,False,0.9077460565575348
difficulty_level,1,medium,1.0,12,5,gap,5,0.2002711021408654,False,True,1.0
difficulty_level,1,medium,1.0,12,5,gap,6,0.3189008091924652,False,False,0.7728945438953805
difficulty_level,1,medium,1.0,12,5,gap,7,0.35895635979939833,True,False,0.8769772681634685
difficulty_level,1,medium,1.0,12,5,davies_bouldin,3,0.2625933378754997,False,False,0.7337851902360587
difficulty_level,1,medium,1.0,12,5,davies_bouldin,4,0.25361359492975993,False,False,0.9077460565575348
difficulty_level,1,medium,1.0,12,5,davies_bouldin,5,0.2901823917639343,False,True,1.0
difficulty_level,1,medium,1.0,12,5,davies_bouldin,6,0.3207684477987705,False,False,0.7728945438953805
difficulty_level,1,medium,1.0,12,5,davies_bouldin,7,0.34276701512209035,True,False,0.8769772681634685
difficulty_level,1,medium,1.0,12,5,calinski_harabasz,3,145.23223698584638,False,False,0.7337851902360587
difficulty_level,1,medium,1.0,12,5,calinski_harabasz,4,123.33356949291539,False,False,0.9077460565575348
difficulty_level,1,medium,1.0,12,5,calinski_harabasz,5,119.55100947990574,False,True,1.0
difficulty_level,1,medium,1.0,12,5,calinski_harabasz,6,147.89905937895097,True,False,0.7728945438953805
difficulty_level,1,medium,1.0,12,5,calinski_harabasz,7,140.60748034753905,False,False,0.8769772681634685
difficulty_level,1,medium,0.6148148211233299,13,5,accuracy_generalizability,3,0.7264683084208615,False,False,0.8340571576430066
difficulty_level,1,medium,0.6148148211233299,13,5,accuracy_generalizability,4,0.6465812841267382,False,False,0.9435615182931251
difficulty_level,1,medium,0.6148148211233299,13,5,accuracy_generalizability,5,0.6414496483348415,False,True,1.0
difficulty_level,1,medium,0.6148148211233299,13,5,accuracy_generalizability,6,0.6801242046194792,False,False,0.6704481275589819
difficulty_level,1,medium,0.6148148211233299,13,5,accuracy_generalizability,7,0.8006335690672522,True,False,0.5586196442968154
difficulty_level,1,medium,0.6148148211233299,13,5,ari_average,3,0.7718287401768091,False,False,0.8340571576430066
difficulty_level,1,medium,0.6148148211233299,13,5,ari_average,4,0.7716129021412911,False,False,0.9435615182931251
difficulty_level,1,medium,0.6148148211233299,13,5,ari_average,5,0.6920028590149283,False,True,1.0
difficulty_level,1,medium,0.6148148211233299,13,5,ari_average,6,0.7811059487171523,False,False,0.6704481275589819
difficulty_level,1,medium,0.6148148211233299,13,5,ari_average,7,0.802781024277872,True,False,0.5586196442968154
difficulty_level,1,medium,0.6148148211233299,13,5,ari_average_1se,3,0.7718287401768091,False,False,0.8340571576430066
difficulty_level,1,medium,0.6148148211233299,13,5,ari_average_1se,4,0.7716129021412911,False,False,0.9435615182931251
difficulty_level,1,medium,0.6148148211233299,13,5,ari_average_1se,5,0.6920028590149283,False,True,1.0
difficulty_level,1,medium,0.6148148211233299,13,5,ari_average_1se,6,0.7811059487171523,False,False,0.6704481275589819
difficulty_level,1,medium,0.6148148211233299,13,5,ari_average_1se,7,0.802781024277872,True,False,0.5586196442968154
difficulty_level,1,medium,0.6148148211233299,13,5,ari_average_quant,3,0.7718287401768091,False,False,0.8340571576430066
difficulty_level,1,medium,0.6148148211233299,13,5,ari_average_quant,4,0.7716129021412911,False,False,0.9435615182931251
difficulty_level,1,medium,0.6148148211233299,13,5,ari_average_quant,5,0.6920028590149283,False,True,1.0
difficulty_level,1,medium,0.6148148211233299,13,5,ari_average_quant,6,0.7811059487171523,False,False,0.6704481275589819
difficulty_level,1,medium,0.6148148211233299,13,5,ari_average_quant,7,0.802781024277872,True,False,0.5586196442968154
difficulty_level,1,medium,0.6148148211233299,13,5,ari_generalizability,3,0.6592477210737697,False,False,0.8340571576430066
difficulty_level,1,medium,0.6148148211233299,13,5,ari_generalizability,4,0.5710581667486716,False,False,0.9435615182931251
difficulty_level,1,medium,0.6148148211233299,13,5,ari_generalizability,5,0.5635534971089154,False,True,1.0
difficulty_level,1,medium,0.6148148211233299,13,5,ari_generalizability,6,0.6184313852703504,False,False,0.6704481275589819
difficulty_level,1,medium,0.6148148211233299,13,5,ari_generalizability,7,0.7430064207505983,True,False,0.5586196442968154
difficulty_level,1,medium,0.6148148211233299,13,5,ari_generalizability_1se,3,0.6592477210737697,False,False,0.8340571576430066
difficulty_level,1,medium,0.6148148211233299,13,5,ari_generalizability_1se,4,0.5710581667486716,False,False,0.9435615182931251
difficulty_level,1,medium,0.6148148211233299,13,5,ari_generalizability_1se,5,0.5635534971089154,False,True,1.0
difficulty_level,1,medium,0.6148148211233299,13,5,ari_generalizability_1se,6,0.6184313852703504,False,False,0.6704481275589819
difficulty_level,1,medium,0.6148148211233299,13,5,ari_generalizability_1se,7,0.7430064207505983,True,False,0.5586196442968154
difficulty_level,1,medium,0.6148148211233299,13,5,ari_generalizability_quant,3,0.6592477210737697,False,False,0.8340571576430066
difficulty_level,1,medium,0.6148148211233299,13,5,ari_generalizability_quant,4,0.5710581667486716,False,False,0.9435615182931251
difficulty_level,1,medium,0.6148148211233299,13,5,ari_generalizability_quant,5,0.5635534971089154,False,True,1.0
difficulty_level,1,medium,0.6148148211233299,13,5,ari_generalizability_quant,6,0.6184313852703504,False,False,0.6704481275589819
difficulty_level,1,medium,0.6148148211233299,13,5,ari_generalizability_quant,7,0.7430064207505983,True,False,0.5586196442968154
difficulty_level,1,medium,0.6148148211233299,13,5,ari_stability,3,0.8844097592798487,False,False,0.8340571576430066
difficulty_level,1,medium,0.6148148211233299,13,5,ari_stability,4,0.9721676375339107,True,False,0.9435615182931251
difficulty_level,1,medium,0.6148148211233299,13,5,ari_stability,5,0.8204522209209412,False,True,1.0
difficulty_level,1,medium,0.6148148211233299,13,5,ari_stability,6,0.9437805121639545,False,False,0.6704481275589819
difficulty_level,1,medium,0.6148148211233299,13,5,ari_stability,7,0.8625556278051458,False,False,0.5586196442968154
difficulty_level,1,medium,0.6148148211233299,13,5,ari_stability_1se,3,0.8844097592798487,False,False,0.8340571576430066
difficulty_level,1,medium,0.6148148211233299,13,5,ari_stability_1se,4,0.9721676375339107,True,False,0.9435615182931251
difficulty_level,1,medium,0.6148148211233299,13,5,ari_stability_1se,5,0.8204522209209412,False,True,1.0
difficulty_level,1,medium,0.6148148211233299,13,5,ari_stability_1se,6,0.9437805121639545,False,False,0.6704481275589819
difficulty_level,1,medium,0.6148148211233299,13,5,ari_stability_1se,7,0.8625556278051458,False,False,0.5586196442968154
difficulty_level,1,medium,0.6148148211233299,13,5,ari_stability_quant,3,0.8844097592798487,False,False,0.8340571576430066
difficulty_level,1,medium,0.6148148211233299,13,5,ari_stability_quant,4,0.9721676375339107,False,False,0.9435615182931251
difficulty_level,1,medium,0.6148148211233299,13,5,ari_stability_quant,5,0.8204522209209412,False,True,1.0
difficulty_level,1,medium,0.6148148211233299,13,5,ari_stability_quant,6,0.9437805121639545,True,False,0.6704481275589819
difficulty_level,1,medium,0.6148148211233299,13,5,ari_stability_quant,7,0.8625556278051458,False,False,0.5586196442968154
difficulty_level,1,medium,0.6148148211233299,13,5,consensus_ce_stability,3,0.8797925799045194,False,False,0.8340571576430066
difficulty_level,1,medium,0.6148148211233299,13,5,consensus_ce_stability,4,0.9603748164011664,True,False,0.9435615182931251
difficulty_level,1,medium,0.6148148211233299,13,5,consensus_ce_stability,5,0.8722456280575367,False,True,1.0
difficulty_level,1,medium,0.6148148211233299,13,5,consensus_ce_stability,6,0.9497411369715251,False,False,0.6704481275589819
difficulty_level,1,medium,0.6148148211233299,13,5,consensus_ce_stability,7,0.9112292896125576,False,False,0.5586196442968154
difficulty_level,1,medium,0.6148148211233299,13,5,consensus_gini_stability,3,0.8913569139223882,False,False,0.8340571576430066
difficulty_level,1,medium,0.6148148211233299,13,5,consensus_gini_stability,4,0.9705163111229457,True,False,0.9435615182931251
difficulty_level,1,medium,0.6148148211233299,13,5,consensus_gini_stability,5,0.8848466038485663,False,True,1.0
difficulty_level,1,medium,0.6148148211233299,13,5,consensus_gini_stability,6,0.9623896603765413,False,False,0.6704481275589819
difficulty_level,1,medium,0.6148148211233299,13,5,consensus_gini_stability,7,0.9249450033654014,False,False,0.5586196442968154
difficulty_level,1,medium,0.6148148211233299,13,5,consensus_pac_stability,3,0.8425732710696019,False,False,0.8340571576430066
difficulty_level,1,medium,0.6148148211233299,13,5,consensus_pac_stability,4,0.9455548143206582,True,False,0.9435615182931251
difficulty_level,1,medium,0.6148148211233299,13,5,consensus_pac_stability,5,0.8372203691349789,False,True,1.0
difficulty_level,1,medium,0.6148148211233299,13,5,consensus_pac_stability,6,0.9433204358461197,False,False,0.6704481275589819
difficulty_level,1,medium,0.6148148211233299,13,5,consensus_pac_stability,7,0.8679226150767179,False,False,0.5586196442968154
difficulty_level,1,medium,0.6148148211233299,13,5,silhouette,3,0.16846962963507964,False,False,0.8340571576430066
difficulty_level,1,medium,0.6148148211233299,13,5,silhouette,4,0.1782188716076884,False,False,0.9435615182931251
difficulty_level,1,medium,0.6148148211233299,13,5,silhouette,5,0.25459717866141723,False,True,0.6148148211233299
difficulty_level,1,medium,0.6148148211233299,13,5,silhouette,6,0.27597339182167085,False,False,0.6868422140218313
difficulty_level,1,medium,0.6148148211233299,13,5,silhouette,7,0.3055985800695659,True,False,0.5630695454984141
difficulty_level,1,medium,0.6148148211233299,13,5,gap,3,0.19316539174087488,False,False,0.8340571576430066
difficulty_level,1,medium,0.6148148211233299,13,5,gap,4,0.22292609741487013,False,False,0.9435615182931251
difficulty_level,1,medium,0.6148148211233299,13,5,gap,5,0.4091961556233983,False,True,0.6148148211233299
difficulty_level,1,medium,0.6148148211233299,13,5,gap,6,0.4576968090604687,False,False,0.6868422140218313
difficulty_level,1,medium,0.6148148211233299,13,5,gap,7,0.5908486843923466,True,False,0.5630695454984141
difficulty_level,1,medium,0.6148148211233299,13,5,davies_bouldin,3,0.2679409093785562,False,False,0.8340571576430066
difficulty_level,1,medium,0.6148148211233299,13,5,davies_bouldin,4,0.27139304734171515,False,False,0.9435615182931251
difficulty_level,1,medium,0.6148148211233299,13,5,davies_bouldin,5,0.2967813681874163,False,True,0.6148148211233299
difficulty_level,1,medium,0.6148148211233299,13,5,davies_bouldin,6,0.32173716591028256,False,False,0.6868422140218313
difficulty_level,1,medium,0.6148148211233299,13,5,davies_bouldin,7,0.34364612952487533,True,False,0.5630695454984141
difficulty_level,1,medium,0.6148148211233299,13,5,calinski_harabasz,3,141.60967736425235,False,False,0.8340571576430066
difficulty_level,1,medium,0.6148148211233299,13,5,calinski_harabasz,4,117.48862766652867,False,False,0.9435615182931251
difficulty_level,1,medium,0.6148148211233299,13,5,calinski_harabasz,5,186.3787715467094,False,True,0.6148148211233299
difficulty_level,1,medium,0.6148148211233299,13,5,calinski_harabasz,6,174.2406584811905,False,False,0.6868422140218313
difficulty_level,1,medium,0.6148148211233299,13,5,calinski_harabasz,7,203.4922903803449,True,False,0.5630695454984141
difficulty_level,1,medium,1.0,14,5,accuracy_generalizability,3,0.9161535554288849,False,False,0.7093679632605256
difficulty_level,1,medium,1.0,14,5,accuracy_generalizability,4,0.9002616066511107,False,False,0.9186624627576736
difficulty_level,1,medium,1.0,14,5,accuracy_generalizability,5,0.9051699369015679,False,True,1.0
difficulty_level,1,medium,1.0,14,5,accuracy_generalizability,6,0.961965168773337,True,False,0.8090487830391039
difficulty_level,1,medium,1.0,14,5,accuracy_generalizability,7,0.9019691881903885,False,False,0.7325509391681422
difficulty_level,1,medium,1.0,14,5,ari_average,3,0.8538813379465051,False,False,0.7093679632605256
difficulty_level,1,medium,1.0,14,5,ari_average,4,0.8476267536355664,False,False,0.9186624627576736
difficulty_level,1,medium,1.0,14,5,ari_average,5,0.9527099874964183,True,True,1.0
difficulty_level,1,medium,1.0,14,5,ari_average,6,0.9512322723846137,False,False,0.8090487830391039
difficulty_level,1,medium,1.0,14,5,ari_average,7,0.8921166734352681,False,False,0.7325509391681422
difficulty_level,1,medium,1.0,14,5,ari_average_1se,3,0.8538813379465051,False,False,0.7093679632605256
difficulty_level,1,medium,1.0,14,5,ari_average_1se,4,0.8476267536355664,False,False,0.9186624627576736
difficulty_level,1,medium,1.0,14,5,ari_average_1se,5,0.9527099874964183,False,True,1.0
difficulty_level,1,medium,1.0,14,5,ari_average_1se,6,0.9512322723846137,True,False,0.8090487830391039
difficulty_level,1,medium,1.0,14,5,ari_average_1se,7,0.8921166734352681,False,False,0.7325509391681422
difficulty_level,1,medium,1.0,14,5,ari_average_quant,3,0.8538813379465051,False,False,0.7093679632605256
difficulty_level,1,medium,1.0,14,5,ari_average_quant,4,0.8476267536355664,False,False,0.9186624627576736
difficulty_level,1,medium,1.0,14,5,ari_average_quant,5,0.9527099874964183,False,True,1.0
difficulty_level,1,medium,1.0,14,5,ari_average_quant,6,0.9512322723846137,False,False,0.8090487830391039
difficulty_level,1,medium,1.0,14,5,ari_average_quant,7,0.8921166734352681,True,False,0.7325509391681422
difficulty_level,1,medium,1.0,14,5,ari_generalizability,3,0.8579333130480862,False,False,0.7093679632605256
difficulty_level,1,medium,1.0,14,5,ari_generalizability,4,0.8488662850191108,False,False,0.9186624627576736
difficulty_level,1,medium,1.0,14,5,ari_generalizability,5,0.9054199749928364,False,True,1.0
difficulty_level,1,medium,1.0,14,5,ari_generalizability,6,0.933997580365169,True,False,0.8090487830391039
difficulty_level,1,medium,1.0,14,5,ari_generalizability,7,0.8705175239872085,False,False,0.7325509391681422
difficulty_level,1,medium,1.0,14,5,ari_generalizability_1se,3,0.8579333130480862,False,False,0.7093679632605256
difficulty_level,1,medium,1.0,14,5,ari_generalizability_1se,4,0.8488662850191108,False,False,0.9186624627576736
difficulty_level,1,medium,1.0,14,5,ari_generalizability_1se,5,0.9054199749928364,False,True,1.0
difficulty_level,1,medium,1.0,14,5,ari_generalizability_1se,6,0.933997580365169,True,False,0.8090487830391039
difficulty_level,1,medium,1.0,14,5,ari_generalizability_1se,7,0.8705175239872085,False,False,0.7325509391681422
difficulty_level,1,medium,1.0,14,5,ari_generalizability_quant,3,0.8579333130480862,False,False,0.7093679632605256
difficulty_level,1,medium,1.0,14,5,ari_generalizability_quant,4,0.8488662850191108,False,False,0.9186624627576736
difficulty_level,1,medium,1.0,14,5,ari_generalizability_quant,5,0.9054199749928364,False,True,1.0
difficulty_level,1,medium,1.0,14,5,ari_generalizability_quant,6,0.933997580365169,False,False,0.8090487830391039
difficulty_level,1,medium,1.0,14,5,ari_generalizability_quant,7,0.8705175239872085,True,False,0.7325509391681422
difficulty_level,1,medium,1.0,14,5,ari_stability,3,0.8498293628449239,False,False,0.7093679632605256
difficulty_level,1,medium,1.0,14,5,ari_stability,4,0.8463872222520217,False,False,0.9186624627576736
difficulty_level,1,medium,1.0,14,5,ari_stability,5,1.0,True,True,1.0
difficulty_level,1,medium,1.0,14,5,ari_stability,6,0.9684669644040581,False,False,0.8090487830391039
difficulty_level,1,medium,1.0,14,5,ari_stability,7,0.9137158228833284,False,False,0.7325509391681422
difficulty_level,1,medium,1.0,14,5,ari_stability_1se,3,0.8498293628449239,False,False,0.7093679632605256
difficulty_level,1,medium,1.0,14,5,ari_stability_1se,4,0.8463872222520217,False,False,0.9186624627576736
difficulty_level,1,medium,1.0,14,5,ari_stability_1se,5,1.0,True,True,1.0
difficulty_level,1,medium,1.0,14,5,ari_stability_1se,6,0.9684669644040581,False,False,0.8090487830391039
difficulty_level,1,medium,1.0,14,5,ari_stability_1se,7,0.9137158228833284,False,False,0.7325509391681422
difficulty_level,1,medium,1.0,14,5,ari_stability_quant,3,0.8498293628449239,False,False,0.7093679632605256
difficulty_level,1,medium,1.0,14,5,ari_stability_quant,4,0.8463872222520217,False,False,0.9186624627576736
difficulty_level,1,medium,1.0,14,5,ari_stability_quant,5,1.0,True,True,1.0
difficulty_level,1,medium,1.0,14,5,ari_stability_quant,6,0.9684669644040581,False,False,0.8090487830391039
difficulty_level,1,medium,1.0,14,5,ari_stability_quant,7,0.9137158228833284,False,False,0.7325509391681422
difficulty_level,1,medium,1.0,14,5,consensus_ce_stability,3,0.8214401780588139,False,False,0.7093679632605256
difficulty_level,1,medium,1.0,14,5,consensus_ce_stability,4,0.8730045989425195,False,False,0.9186624627576736
difficulty_level,1,medium,1.0,14,5,consensus_ce_stability,5,0.9999999999586944,True,True,1.0
difficulty_level,1,medium,1.0,14,5,consensus_ce_stability,6,0.979547692900131,False,False,0.8090487830391039
difficulty_level,1,medium,1.0,14,5,consensus_ce_stability,7,0.9443849664241433,False,False,0.7325509391681422
difficulty_level,1,medium,1.0,14,5,consensus_gini_stability,3,0.853402707417265,False,False,0.7093679632605256
difficulty_level,1,medium,1.0,14,5,consensus_gini_stability,4,0.8889047212068693,False,False,0.9186624627576736
difficulty_level,1,medium,1.0,14,5,consensus_gini_stability,5,1.0,True,True,1.0
difficulty_level,1,medium,1.0,14,5,consensus_gini_stability,6,0.983066130917079,False,False,0.8090487830391039
difficulty_level,1,medium,1.0,14,5,consensus_gini_stability,7,0.9525675690626247,False,False,0.7325509391681422
difficulty_level,1,medium,1.0,14,5,consensus_pac_stability,3,0.718163219924394,False,False,0.7093679632605256
difficulty_level,1,medium,1.0,14,5,consensus_pac_stability,4,0.814205025572604,False,False,0.9186624627576736
difficulty_level,1,medium,1.0,14,5,consensus_pac_stability,5,1.0,True,True,1.0
difficulty_level,1,medium,1.0,14,5,consensus_pac_stability,6,0.9762490549255058,False,False,0.8090487830391039
difficulty_level,1,medium,1.0,14,5,consensus_pac_stability,7,0.9210131198576829,False,False,0.7325509391681422
difficulty_level,1,medium,1.0,14,5,silhouette,3,0.1341597619966724,False,False,0.6111033637521531
difficulty_level,1,medium,1.0,14,5,silhouette,4,0.16738604963085443,False,False,0.9186624627576736
difficulty_level,1,medium,1.0,14,5,silhouette,5,0.18959369180369537,False,True,1.0
difficulty_level,1,medium,1.0,14,5,silhouette,6,0.24729838332776746,False,False,0.8077543818215164
difficulty_level,1,medium,1.0,14,5,silhouette,7,0.2651477318650865,True,False,0.7838823165050175
difficulty_level,1,medium,1.0,14,5,gap,3,0.1148578658296806,False,False,0.6111033637521531
difficulty_level,1,medium,1.0,14,5,gap,4,0.18706839828418964,False,False,0.9186624627576736
difficulty_level,1,medium,1.0,14,5,gap,5,0.2260948144723276,False,True,1.0
difficulty_level,1,medium,1.0,14,5,gap,6,0.37039214241969454,False,False,0.8077543818215164
difficulty_level,1,medium,1.0,14,5,gap,7,0.4459653000070123,True,False,0.7838823165050175
difficulty_level,1,medium,1.0,14,5,davies_bouldin,3,0.23316683140313954,False,False,0.6111033637521531
difficulty_level,1,medium,1.0,14,5,davies_bouldin,4,0.2577231501238009,False,False,0.9186624627576736
difficulty_level,1,medium,1.0,14,5,davies_bouldin,5,0.2818179817001579,False,True,1.0
difficulty_level,1,medium,1.0,14,5,davies_bouldin,6,0.30464999930516334,False,False,0.8077543818215164
difficulty_level,1,medium,1.0,14,5,davies_bouldin,7,0.34441126109613657,True,False,0.7838823165050175
difficulty_level,1,medium,1.0,14,5,calinski_harabasz,3,120.43764732066447,False,False,0.6111033637521531
difficulty_level,1,medium,1.0,14,5,calinski_harabasz,4,128.64694927002412,False,False,0.9186624627576736
difficulty_level,1,medium,1.0,14,5,calinski_harabasz,5,118.70735019054017,False,True,1.0
difficulty_level,1,medium,1.0,14,5,calinski_harabasz,6,158.87321633827827,False,False,0.8077543818215164
difficulty_level,1,medium,1.0,14,5,calinski_harabasz,7,164.50177602555524,True,False,0.7838823165050175
difficulty_level,1,medium,1.0,15,5,accuracy_generalizability,3,0.7423084811325944,False,False,0.5799856440629759
difficulty_level,1,medium,1.0,15,5,accuracy_generalizability,4,0.8215941845954329,False,False,0.7911908231516644
difficulty_level,1,medium,1.0,15,5,accuracy_generalizability,5,0.9887717312469546,True,True,1.0
difficulty_level,1,medium,1.0,15,5,accuracy_generalizability,6,0.9415198311940604,False,False,0.8674526037934891
difficulty_level,1,medium,1.0,15,5,accuracy_generalizability,7,0.9338341966797576,False,False,0.7721366340014318
difficulty_level,1,medium,1.0,15,5,ari_average,3,0.594870584042685,False,False,0.5799856440629759
difficulty_level,1,medium,1.0,15,5,ari_average,4,0.7574149367918954,False,False,0.7911908231516644
difficulty_level,1,medium,1.0,15,5,ari_average,5,0.9937638345174854,True,True,1.0
difficulty_level,1,medium,1.0,15,5,ari_average,6,0.9313932030609164,False,False,0.8674526037934891
difficulty_level,1,medium,1.0,15,5,ari_average,7,0.9133467646351184,False,False,0.7721366340014318
difficulty_level,1,medium,1.0,15,5,ari_average_1se,3,0.594870584042685,False,False,0.5799856440629759
difficulty_level,1,medium,1.0,15,5,ari_average_1se,4,0.7574149367918954,False,False,0.7911908231516644
difficulty_level,1,medium,1.0,15,5,ari_average_1se,5,0.9937638345174854,True,True,1.0
difficulty_level,1,medium,1.0,15,5,ari_average_1se,6,0.9313932030609164,False,False,0.8674526037934891
difficulty_level,1,medium,1.0,15,5,ari_average_1se,7,0.9133467646351184,False,False,0.7721366340014318
difficulty_level,1,medium,1.0,15,5,ari_average_quant,3,0.594870584042685,False,False,0.5799856440629759
difficulty_level,1,medium,1.0,15,5,ari_average_quant,4,0.7574149367918954,False,False,0.7911908231516644
difficulty_level,1,medium,1.0,15,5,ari_average_quant,5,0.9937638345174854,True,True,1.0
difficulty_level,1,medium,1.0,15,5,ari_average_quant,6,0.9313932030609164,False,False,0.8674526037934891
difficulty_level,1,medium,1.0,15,5,ari_average_quant,7,0.9133467646351184,False,False,0.7721366340014318
difficulty_level,1,medium,1.0,15,5,ari_generalizability,3,0.5704990470256712,False,False,0.5799856440629759
difficulty_level,1,medium,1.0,15,5,ari_generalizability,4,0.7550738512034433,False,False,0.7911908231516644
difficulty_level,1,medium,1.0,15,5,ari_generalizability,5,0.9875276690349708,True,True,1.0
difficulty_level,1,medium,1.0,15,5,ari_generalizability,6,0.9224794938044731,False,False,0.8674526037934891
difficulty_level,1,medium,1.0,15,5,ari_generalizability,7,0.9070768853077702,False,False,0.7721366340014318
difficulty_level,1,medium,1.0,15,5,ari_generalizability_1se,3,0.5704990470256712,False,False,0.5799856440629759
difficulty_level,1,medium,1.0,15,5,ari_generalizability_1se,4,0.7550738512034433,False,False,0.7911908231516644
difficulty_level,1,medium,1.0,15,5,ari_generalizability_1se,5,0.9875276690349708,True,True,1.0
difficulty_level,1,medium,1.0,15,5,ari_generalizability_1se,6,0.9224794938044731,False,False,0.8674526037934891
difficulty_level,1,medium,1.0,15,5,ari_generalizability_1se,7,0.9070768853077702,False,False,0.7721366340014318
difficulty_level,1,medium,1.0,15,5,ari_generalizability_quant,3,0.5704990470256712,False,False,0.5799856440629759
difficulty_level,1,medium,1.0,15,5,ari_generalizability_quant,4,0.7550738512034433,False,False,0.7911908231516644
difficulty_level,1,medium,1.0,15,5,ari_generalizability_quant,5,0.9875276690349708,True,True,1.0
difficulty_level,1,medium,1.0,15,5,ari_generalizability_quant,6,0.9224794938044731,False,False,0.8674526037934891
difficulty_level,1,medium,1.0,15,5,ari_generalizability_quant,7,0.9070768853077702,False,False,0.7721366340014318
difficulty_level,1,medium,1.0,15,5,ari_stability,3,0.6192421210596989,False,False,0.5799856440629759
difficulty_level,1,medium,1.0,15,5,ari_stability,4,0.7597560223803477,False,False,0.7911908231516644
difficulty_level,1,medium,1.0,15,5,ari_stability,5,1.0,True,True,1.0
difficulty_level,1,medium,1.0,15,5,ari_stability,6,0.94030691231736,False,False,0.8674526037934891
difficulty_level,1,medium,1.0,15,5,ari_stability,7,0.9196166439624668,False,False,0.7721366340014318
difficulty_level,1,medium,1.0,15,5,ari_stability_1se,3,0.6192421210596989,False,False,0.5799856440629759
difficulty_level,1,medium,1.0,15,5,ari_stability_1se,4,0.7597560223803477,False,False,0.7911908231516644
difficulty_level,1,medium,1.0,15,5,ari_stability_1se,5,1.0,True,True,1.0
difficulty_level,1,medium,1.0,15,5,ari_stability_1se,6,0.94030691231736,False,False,0.8674526037934891
difficulty_level,1,medium,1.0,15,5,ari_stability_1se,7,0.9196166439624668,False,False,0.7721366340014318
difficulty_level,1,medium,1.0,15,5,ari_stability_quant,3,0.6192421210596989,False,False,0.5799856440629759
difficulty_level,1,medium,1.0,15,5,ari_stability_quant,4,0.7597560223803477,False,False,0.7911908231516644
difficulty_level,1,medium,1.0,15,5,ari_stability_quant,5,1.0,True,True,1.0
difficulty_level,1,medium,1.0,15,5,ari_stability_quant,6,0.94030691231736,False,False,0.8674526037934891
difficulty_level,1,medium,1.0,15,5,ari_stability_quant,7,0.9196166439624668,False,False,0.7721366340014318
difficulty_level,1,medium,1.0,15,5,consensus_ce_stability,3,0.6472054853912139,False,False,0.5799856440629759
difficulty_level,1,medium,1.0,15,5,consensus_ce_stability,4,0.7759402447216165,False,False,0.7911908231516644
difficulty_level,1,medium,1.0,15,5,consensus_ce_stability,5,0.9999999999586944,True,True,1.0
difficulty_level,1,medium,1.0,15,5,consensus_ce_stability,6,0.9457362830283145,False,False,0.8674526037934891
difficulty_level,1,medium,1.0,15,5,consensus_ce_stability,7,0.9525341140788571,False,False,0.7721366340014318
difficulty_level,1,medium,1.0,15,5,consensus_gini_stability,3,0.6507955674832802,False,False,0.5799856440629759
difficulty_level,1,medium,1.0,15,5,consensus_gini_stability,4,0.8076705809634751,False,False,0.7911908231516644
difficulty_level,1,medium,1.0,15,5,consensus_gini_stability,5,1.0,True,True,1.0
difficulty_level,1,medium,1.0,15,5,consensus_gini_stability,6,0.9535929079310079,False,False,0.8674526037934891
difficulty_level,1,medium,1.0,15,5,consensus_gini_stability,7,0.9608775636145326,False,False,0.7721366340014318
difficulty_level,1,medium,1.0,15,5,consensus_pac_stability,3,0.6373564598621303,False,False,0.5799856440629759
difficulty_level,1,medium,1.0,15,5,consensus_pac_stability,4,0.6487863019790971,False,False,0.7911908231516644
difficulty_level,1,medium,1.0,15,5,consensus_pac_stability,5,1.0,True,True,1.0
difficulty_level,1,medium,1.0,15,5,consensus_pac_stability,6,0.9220893929286191,False,False,0.8674526037934891
difficulty_level,1,medium,1.0,15,5,consensus_pac_stability,7,0.9309166110740493,False,False,0.7721366340014318
difficulty_level,1,medium,1.0,15,5,silhouette,3,0.100829955162868,False,False,0.5377727472199024
difficulty_level,1,medium,1.0,15,5,silhouette,4,0.14347716068942756,False,False,0.8827521701999982
difficulty_level,1,medium,1.0,15,5,silhouette,5,0.1727943160768895,False,True,1.0
difficulty_level,1,medium,1.0,15,5,silhouette,6,0.19908484951963373,False,False,0.8692315111742949
difficulty_level,1,medium,1.0,15,5,silhouette,7,0.23395357214867923,True,False,0.7698722452649582
difficulty_level,1,medium,1.0,15,5,gap,3,0.016421234099603055,False,False,0.5377727472199024
difficulty_level,1,medium,1.0,15,5,gap,4,0.08361904320917013,False,False,0.8827521701999982
difficulty_level,1,medium,1.0,15,5,gap,5,0.13398813292469214,False,True,1.0
difficulty_level,1,medium,1.0,15,5,gap,6,0.2355750405771122,False,False,0.8692315111742949
difficulty_level,1,medium,1.0,15,5,gap,7,0.31384165481362736,True,False,0.7698722452649582
difficulty_level,1,medium,1.0,15,5,davies_bouldin,3,0.24006803821581427,False,False,0.5377727472199024
difficulty_level,1,medium,1.0,15,5,davies_bouldin,4,0.2554633089166051,False,False,0.8827521701999982
difficulty_level,1,medium,1.0,15,5,davies_bouldin,5,0.28681541679248623,False,True,1.0
difficulty_level,1,medium,1.0,15,5,davies_bouldin,6,0.30685902460296727,False,False,0.8692315111742949
difficulty_level,1,medium,1.0,15,5,davies_bouldin,7,0.32638463263136486,True,False,0.7698722452649582
difficulty_level,1,medium,1.0,15,5,calinski_harabasz,3,87.24594489846244,False,False,0.5377727472199024
difficulty_level,1,medium,1.0,15,5,calinski_harabasz,4,101.96003412206652,False,False,0.8827521701999982
difficulty_level,1,medium,1.0,15,5,calinski_harabasz,5,102.9629634833326,False,True,1.0
difficulty_level,1,medium,1.0,15,5,calinski_harabasz,6,125.63738434983158,False,False,0.8692315111742949
difficulty_level,1,medium,1.0,15,5,calinski_harabasz,7,135.61230166840858,True,False,0.7698722452649582
difficulty_level,1,medium,0.677849846063669,16,5,accuracy_generalizability,3,0.7634007712791218,False,False,0.7002109913466805
difficulty_level,1,medium,0.677849846063669,16,5,accuracy_generalizability,4,0.8815580870407111,False,False,0.9034050686940187
difficulty_level,1,medium,0.677849846063669,16,5,accuracy_generalizability,5,0.7569901495391818,False,True,1.0
difficulty_level,1,medium,0.677849846063669,16,5,accuracy_generalizability,6,0.9342800206212605,True,False,0.7674622610979452
difficulty_level,1,medium,0.677849846063669,16,5,accuracy_generalizability,7,0.8160152608152763,False,False,0.7249576894165242
difficulty_level,1,medium,0.677849846063669,16,5,ari_average,3,0.7270031868189953,False,False,0.7002109913466805
difficulty_level,1,medium,0.677849846063669,16,5,ari_average,4,0.865301697697552,False,False,0.9034050686940187
difficulty_level,1,medium,0.677849846063669,16,5,ari_average,5,0.8655473203851993,False,True,1.0
difficulty_level,1,medium,0.677849846063669,16,5,ari_average,6,0.9154304888942625,True,False,0.7674622610979452
difficulty_level,1,medium,0.677849846063669,16,5,ari_average,7,0.8167495702570501,False,False,0.7249576894165242
difficulty_level,1,medium,0.677849846063669,16,5,ari_average_1se,3,0.7270031868189953,False,False,0.7002109913466805
difficulty_level,1,medium,0.677849846063669,16,5,ari_average_1se,4,0.865301697697552,False,False,0.9034050686940187
difficulty_level,1,medium,0.677849846063669,16,5,ari_average_1se,5,0.8655473203851993,False,True,1.0
difficulty_level,1,medium,0.677849846063669,16,5,ari_average_1se,6,0.9154304888942625,True,False,0.7674622610979452
difficulty_level,1,medium,0.677849846063669,16,5,ari_average_1se,7,0.8167495702570501,False,False,0.7249576894165242
difficulty_level,1,medium,0.677849846063669,16,5,ari_average_quant,3,0.7270031868189953,False,False,0.7002109913466805
difficulty_level,1,medium,0.677849846063669,16,5,ari_average_quant,4,0.865301697697552,False,False,0.9034050686940187
difficulty_level,1,medium,0.677849846063669,16,5,ari_average_quant,5,0.8655473203851993,False,True,1.0
difficulty_level,1,medium,0.677849846063669,16,5,ari_average_quant,6,0.9154304888942625,False,False,0.7674622610979452
difficulty_level,1,medium,0.677849846063669,16,5,ari_average_quant,7,0.8167495702570501,True,False,0.7249576894165242
difficulty_level,1,medium,0.677849846063669,16,5,ari_generalizability,3,0.6671782808822162,False,False,0.7002109913466805
difficulty_level,1,medium,0.677849846063669,16,5,ari_generalizability,4,0.8250586979049505,False,False,0.9034050686940187
difficulty_level,1,medium,0.677849846063669,16,5,ari_generalizability,5,0.7310946407703984,False,True,1.0
difficulty_level,1,medium,0.677849846063669,16,5,ari_generalizability,6,0.8936467632686876,True,False,0.7674622610979452
difficulty_level,1,medium,0.677849846063669,16,5,ari_generalizability,7,0.7873499126999484,False,False,0.7249576894165242
difficulty_level,1,medium,0.677849846063669,16,5,ari_generalizability_1se,3,0.6671782808822162,False,False,0.7002109913466805
difficulty_level,1,medium,0.677849846063669,16,5,ari_generalizability_1se,4,0.8250586979049505,False,False,0.9034050686940187
difficulty_level,1,medium,0.677849846063669,16,5,ari_generalizability_1se,5,0.7310946407703984,False,True,1.0
difficulty_level,1,medium,0.677849846063669,16,5,ari_generalizability_1se,6,0.8936467632686876,True,False,0.7674622610979452
difficulty_level,1,medium,0.677849846063669,16,5,ari_generalizability_1se,7,0.7873499126999484,False,False,0.7249576894165242
difficulty_level,1,medium,0.677849846063669,16,5,ari_generalizability_quant,3,0.6671782808822162,False,False,0.7002109913466805
difficulty_level,1,medium,0.677849846063669,16,5,ari_generalizability_quant,4,0.8250586979049505,False,False,0.9034050686940187
difficulty_level,1,medium,0.677849846063669,16,5,ari_generalizability_quant,5,0.7310946407703984,False,True,1.0
difficulty_level,1,medium,0.677849846063669,16,5,ari_generalizability_quant,6,0.8936467632686876,False,False,0.7674622610979452
difficulty_level,1,medium,0.677849846063669,16,5,ari_generalizability_quant,7,0.7873499126999484,True,False,0.7249576894165242
difficulty_level,1,medium,0.677849846063669,16,5,ari_stability,3,0.7868280927557743,False,False,0.7002109913466805
difficulty_level,1,medium,0.677849846063669,16,5,ari_stability,4,0.9055446974901536,False,False,0.9034050686940187
difficulty_level,1,medium,0.677849846063669,16,5,ari_stability,5,1.0,True,True,1.0
difficulty_level,1,medium,0.677849846063669,16,5,ari_stability,6,0.9372142145198374,False,False,0.7674622610979452
difficulty_level,1,medium,0.677849846063669,16,5,ari_stability,7,0.8461492278141519,False,False,0.7249576894165242
difficulty_level,1,medium,0.677849846063669,16,5,ari_stability_1se,3,0.7868280927557743,False,False,0.7002109913466805
difficulty_level,1,medium,0.677849846063669,16,5,ari_stability_1se,4,0.9055446974901536,False,False,0.9034050686940187
difficulty_level,1,medium,0.677849846063669,16,5,ari_stability_1se,5,1.0,True,True,1.0
difficulty_level,1,medium,0.677849846063669,16,5,ari_stability_1se,6,0.9372142145198374,False,False,0.7674622610979452
difficulty_level,1,medium,0.677849846063669,16,5,ari_stability_1se,7,0.8461492278141519,False,False,0.7249576894165242
difficulty_level,1,medium,0.677849846063669,16,5,ari_stability_quant,3,0.7868280927557743,False,False,0.7002109913466805
difficulty_level,1,medium,0.677849846063669,16,5,ari_stability_quant,4,0.9055446974901536,False,False,0.9034050686940187
difficulty_level,1,medium,0.677849846063669,16,5,ari_stability_quant,5,1.0,True,True,1.0
difficulty_level,1,medium,0.677849846063669,16,5,ari_stability_quant,6,0.9372142145198374,False,False,0.7674622610979452
difficulty_level,1,medium,0.677849846063669,16,5,ari_stability_quant,7,0.8461492278141519,False,False,0.7249576894165242
difficulty_level,1,medium,0.677849846063669,16,5,consensus_ce_stability,3,0.7522579929895137,False,False,0.7002109913466805
difficulty_level,1,medium,0.677849846063669,16,5,consensus_ce_stability,4,0.9168177639166805,False,False,0.9034050686940187
difficulty_level,1,medium,0.677849846063669,16,5,consensus_ce_stability,5,0.9999999999586944,True,True,1.0
difficulty_level,1,medium,0.677849846063669,16,5,consensus_ce_stability,6,0.9582993237368631,False,False,0.7674622610979452
difficulty_level,1,medium,0.677849846063669,16,5,consensus_ce_stability,7,0.9129347785945516,False,False,0.7249576894165242
difficulty_level,1,medium,0.677849846063669,16,5,consensus_gini_stability,3,0.7698363598082442,False,False,0.7002109913466805
difficulty_level,1,medium,0.677849846063669,16,5,consensus_gini_stability,4,0.9235671757673903,False,False,0.9034050686940187
difficulty_level,1,medium,0.677849846063669,16,5,consensus_gini_stability,5,1.0,True,True,1.0
difficulty_level,1,medium,0.677849846063669,16,5,consensus_gini_stability,6,0.9650684334887102,False,False,0.7674622610979452
difficulty_level,1,medium,0.677849846063669,16,5,consensus_gini_stability,7,0.9233269662018987,False,False,0.7249576894165242
difficulty_level,1,medium,0.677849846063669,16,5,consensus_pac_stability,3,0.727130086724483,False,False,0.7002109913466805
difficulty_level,1,medium,0.677849846063669,16,5,consensus_pac_stability,4,0.89072981987992,False,False,0.9034050686940187
difficulty_level,1,medium,0.677849846063669,16,5,consensus_pac_stability,5,1.0,True,True,1.0
difficulty_level,1,medium,0.677849846063669,16,5,consensus_pac_stability,6,0.9506390927284857,False,False,0.7674622610979452
difficulty_level,1,medium,0.677849846063669,16,5,consensus_pac_stability,7,0.8831256393150989,False,False,0.7249576894165242
difficulty_level,1,medium,0.677849846063669,16,5,silhouette,3,0.12078997804536175,False,False,0.7002109913466805
difficulty_level,1,medium,0.677849846063669,16,5,silhouette,4,0.1595438849515053,False,False,0.9089135724441205
difficulty_level,1,medium,0.677849846063669,16,5,silhouette,5,0.2233255268253713,False,True,0.677849846063669
difficulty_level,1,medium,0.677849846063669,16,5,silhouette,6,0.2448201094619671,False,False,0.7671684463575706
difficulty_level,1,medium,0.677849846063669,16,5,silhouette,7,0.26043550516392816,True,False,0.726054340195046
difficulty_level,1,medium,0.677849846063669,16,5,gap,3,0.14909321675344422,False,False,0.7002109913466805
difficulty_level,1,medium,0.677849846063669,16,5,gap,4,0.2192667739669556,False,False,0.9089135724441205
difficulty_level,1,medium,0.677849846063669,16,5,gap,5,0.3906567923639681,False,True,0.677849846063669
difficulty_level,1,medium,0.677849846063669,16,5,gap,6,0.4387153815147169,False,False,0.7671684463575706
difficulty_level,1,medium,0.677849846063669,16,5,gap,7,0.4979351259538838,True,False,0.726054340195046
difficulty_level,1,medium,0.677849846063669,16,5,davies_bouldin,3,0.24525838500970948,False,False,0.7002109913466805
difficulty_level,1,medium,0.677849846063669,16,5,davies_bouldin,4,0.27216770461922546,False,False,0.9089135724441205
difficulty_level,1,medium,0.677849846063669,16,5,davies_bouldin,5,0.30303540793102396,False,True,0.677849846063669
difficulty_level,1,medium,0.677849846063669,16,5,davies_bouldin,6,0.32205286911068665,False,False,0.7671684463575706
difficulty_level,1,medium,0.677849846063669,16,5,davies_bouldin,7,0.337818409351313,True,False,0.726054340195046
difficulty_level,1,medium,0.677849846063669,16,5,calinski_harabasz,3,104.42808208711422,False,False,0.7002109913466805
difficulty_level,1,medium,0.677849846063669,16,5,calinski_harabasz,4,115.91669505085567,False,False,0.9089135724441205
difficulty_level,1,medium,0.677849846063669,16,5,calinski_harabasz,5,176.6081728913807,True,True,0.677849846063669
difficulty_level,1,medium,0.677849846063669,16,5,calinski_harabasz,6,165.94855311837438,False,False,0.7671684463575706
difficulty_level,1,medium,0.677849846063669,16,5,calinski_harabasz,7,164.13598806077158,False,False,0.726054340195046
difficulty_level,1,medium,0.8619110706351626,17,5,accuracy_generalizability,3,0.9651840114979036,False,False,0.6694815216187239
difficulty_level,1,medium,0.8619110706351626,17,5,accuracy_generalizability,4,0.9754878907901704,True,False,0.8992687440074342
difficulty_level,1,medium,0.8619110706351626,17,5,accuracy_generalizability,5,0.8675974752195516,False,True,1.0
difficulty_level,1,medium,0.8619110706351626,17,5,accuracy_generalizability,6,0.7836300896783738,False,False,0.8814965043551081
difficulty_level,1,medium,0.8619110706351626,17,5,accuracy_generalizability,7,0.8561654372113342,False,False,0.7672672581798448
difficulty_level,1,medium,0.8619110706351626,17,5,ari_average,3,0.9162918470355014,False,False,0.6694815216187239
difficulty_level,1,medium,0.8619110706351626,17,5,ari_average,4,0.949239350984015,True,False,0.8992687440074342
difficulty_level,1,medium,0.8619110706351626,17,5,ari_average,5,0.9391122033161161,False,True,1.0
difficulty_level,1,medium,0.8619110706351626,17,5,ari_average,6,0.8225127588952401,False,False,0.8814965043551081
difficulty_level,1,medium,0.8619110706351626,17,5,ari_average,7,0.8599726745487917,False,False,0.7672672581798448
difficulty_level,1,medium,0.8619110706351626,17,5,ari_average_1se,3,0.9162918470355014,False,False,0.6694815216187239
difficulty_level,1,medium,0.8619110706351626,17,5,ari_average_1se,4,0.949239350984015,True,False,0.8992687440074342
difficulty_level,1,medium,0.8619110706351626,17,5,ari_average_1se,5,0.9391122033161161,False,True,1.0
difficulty_level,1,medium,0.8619110706351626,17,5,ari_average_1se,6,0.8225127588952401,False,False,0.8814965043551081
difficulty_level,1,medium,0.8619110706351626,17,5,ari_average_1se,7,0.8599726745487917,False,False,0.7672672581798448
difficulty_level,1,medium,0.8619110706351626,17,5,ari_average_quant,3,0.9162918470355014,False,False,0.6694815216187239
difficulty_level,1,medium,0.8619110706351626,17,5,ari_average_quant,4,0.949239350984015,False,False,0.8992687440074342
difficulty_level,1,medium,0.8619110706351626,17,5,ari_average_quant,5,0.9391122033161161,False,True,1.0
difficulty_level,1,medium,0.8619110706351626,17,5,ari_average_quant,6,0.8225127588952401,False,False,0.8814965043551081
difficulty_level,1,medium,0.8619110706351626,17,5,ari_average_quant,7,0.8599726745487917,True,False,0.7672672581798448
difficulty_level,1,medium,0.8619110706351626,17,5,ari_generalizability,3,0.9320118360990645,False,False,0.6694815216187239
difficulty_level,1,medium,0.8619110706351626,17,5,ari_generalizability,4,0.9613343472780503,True,False,0.8992687440074342
difficulty_level,1,medium,0.8619110706351626,17,5,ari_generalizability,5,0.878224406632232,False,True,1.0
difficulty_level,1,medium,0.8619110706351626,17,5,ari_generalizability,6,0.7686221644339364,False,False,0.8814965043551081
difficulty_level,1,medium,0.8619110706351626,17,5,ari_generalizability,7,0.8188025978806678,False,False,0.7672672581798448
difficulty_level,1,medium,0.8619110706351626,17,5,ari_generalizability_1se,3,0.9320118360990645,False,False,0.6694815216187239
difficulty_level,1,medium,0.8619110706351626,17,5,ari_generalizability_1se,4,0.9613343472780503,True,False,0.8992687440074342
difficulty_level,1,medium,0.8619110706351626,17,5,ari_generalizability_1se,5,0.878224406632232,False,True,1.0
difficulty_level,1,medium,0.8619110706351626,17,5,ari_generalizability_1se,6,0.7686221644339364,False,False,0.8814965043551081
difficulty_level,1,medium,0.8619110706351626,17,5,ari_generalizability_1se,7,0.8188025978806678,False,False,0.7672672581798448
difficulty_level,1,medium,0.8619110706351626,17,5,ari_generalizability_quant,3,0.9320118360990645,False,False,0.6694815216187239
difficulty_level,1,medium,0.8619110706351626,17,5,ari_generalizability_quant,4,0.9613343472780503,False,False,0.8992687440074342
difficulty_level,1,medium,0.8619110706351626,17,5,ari_generalizability_quant,5,0.878224406632232,False,True,1.0
difficulty_level,1,medium,0.8619110706351626,17,5,ari_generalizability_quant,6,0.7686221644339364,False,False,0.8814965043551081
difficulty_level,1,medium,0.8619110706351626,17,5,ari_generalizability_quant,7,0.8188025978806678,True,False,0.7672672581798448
difficulty_level,1,medium,0.8619110706351626,17,5,ari_stability,3,0.9005718579719383,False,False,0.6694815216187239
difficulty_level,1,medium,0.8619110706351626,17,5,ari_stability,4,0.9371443546899798,False,False,0.8992687440074342
difficulty_level,1,medium,0.8619110706351626,17,5,ari_stability,5,1.0,True,True,1.0
difficulty_level,1,medium,0.8619110706351626,17,5,ari_stability,6,0.8764033533565443,False,False,0.8814965043551081
difficulty_level,1,medium,0.8619110706351626,17,5,ari_stability,7,0.9011427512169153,False,False,0.7672672581798448
difficulty_level,1,medium,0.8619110706351626,17,5,ari_stability_1se,3,0.9005718579719383,False,False,0.6694815216187239
difficulty_level,1,medium,0.8619110706351626,17,5,ari_stability_1se,4,0.9371443546899798,False,False,0.8992687440074342
difficulty_level,1,medium,0.8619110706351626,17,5,ari_stability_1se,5,1.0,True,True,1.0
difficulty_level,1,medium,0.8619110706351626,17,5,ari_stability_1se,6,0.8764033533565443,False,False,0.8814965043551081
difficulty_level,1,medium,0.8619110706351626,17,5,ari_stability_1se,7,0.9011427512169153,False,False,0.7672672581798448
difficulty_level,1,medium,0.8619110706351626,17,5,ari_stability_quant,3,0.9005718579719383,False,False,0.6694815216187239
difficulty_level,1,medium,0.8619110706351626,17,5,ari_stability_quant,4,0.9371443546899798,False,False,0.8992687440074342
difficulty_level,1,medium,0.8619110706351626,17,5,ari_stability_quant,5,1.0,True,True,1.0
difficulty_level,1,medium,0.8619110706351626,17,5,ari_stability_quant,6,0.8764033533565443,False,False,0.8814965043551081
difficulty_level,1,medium,0.8619110706351626,17,5,ari_stability_quant,7,0.9011427512169153,False,False,0.7672672581798448
difficulty_level,1,medium,0.8619110706351626,17,5,consensus_ce_stability,3,0.854507069352598,False,False,0.6694815216187239
difficulty_level,1,medium,0.8619110706351626,17,5,consensus_ce_stability,4,0.9344712225440285,False,False,0.8992687440074342
difficulty_level,1,medium,0.8619110706351626,17,5,consensus_ce_stability,5,0.9999999999586944,True,True,1.0
difficulty_level,1,medium,0.8619110706351626,17,5,consensus_ce_stability,6,0.9177028488886666,False,False,0.8814965043551081
difficulty_level,1,medium,0.8619110706351626,17,5,consensus_ce_stability,7,0.9367696422617307,False,False,0.7672672581798448
difficulty_level,1,medium,0.8619110706351626,17,5,consensus_gini_stability,3,0.8909152480973699,False,False,0.6694815216187239
difficulty_level,1,medium,0.8619110706351626,17,5,consensus_gini_stability,4,0.9468545231738611,False,False,0.8992687440074342
difficulty_level,1,medium,0.8619110706351626,17,5,consensus_gini_stability,5,1.0,True,True,1.0
difficulty_level,1,medium,0.8619110706351626,17,5,consensus_gini_stability,6,0.9228771778747868,False,False,0.8814965043551081
difficulty_level,1,medium,0.8619110706351626,17,5,consensus_gini_stability,7,0.9494156993183994,False,False,0.7672672581798448
difficulty_level,1,medium,0.8619110706351626,17,5,consensus_pac_stability,3,0.7209277295975094,False,False,0.6694815216187239
difficulty_level,1,medium,0.8619110706351626,17,5,consensus_pac_stability,4,0.890213920391372,False,False,0.8992687440074342
difficulty_level,1,medium,0.8619110706351626,17,5,consensus_pac_stability,5,1.0,True,True,1.0
difficulty_level,1,medium,0.8619110706351626,17,5,consensus_pac_stability,6,0.9092933066488771,False,False,0.8814965043551081
difficulty_level,1,medium,0.8619110706351626,17,5,consensus_pac_stability,7,0.9054872136980209,False,False,0.7672672581798448
difficulty_level,1,medium,0.8619110706351626,17,5,silhouette,3,0.11798881269279321,False,False,0.7091004183866365
difficulty_level,1,medium,0.8619110706351626,17,5,silhouette,4,0.144742265732089,False,False,0.8992687440074342
difficulty_level,1,medium,0.8619110706351626,17,5,silhouette,5,0.167542877744849,False,True,0.8619110706351626
difficulty_level,1,medium,0.8619110706351626,17,5,silhouette,6,0.19937571325103726,False,False,0.8854940507742239
difficulty_level,1,medium,0.8619110706351626,17,5,silhouette,7,0.22590971210979754,True,False,0.8229151901512082
difficulty_level,1,medium,0.8619110706351626,17,5,gap,3,0.1461949846860211,False,False,0.7091004183866365
difficulty_level,1,medium,0.8619110706351626,17,5,gap,4,0.20710191839437542,False,False,0.8992687440074342
difficulty_level,1,medium,0.8619110706351626,17,5,gap,5,0.23945980953338442,False,True,0.8619110706351626
difficulty_level,1,medium,0.8619110706351626,17,5,gap,6,0.3102236842983839,False,False,0.8854940507742239
difficulty_level,1,medium,0.8619110706351626,17,5,gap,7,0.3959074711678614,True,False,0.8229151901512082
difficulty_level,1,medium,0.8619110706351626,17,5,davies_bouldin,3,0.22219238860868135,False,False,0.7091004183866365
difficulty_level,1,medium,0.8619110706351626,17,5,davies_bouldin,4,0.24271064445598922,False,False,0.8992687440074342
difficulty_level,1,medium,0.8619110706351626,17,5,davies_bouldin,5,0.2705090377490438,False,True,0.8619110706351626
difficulty_level,1,medium,0.8619110706351626,17,5,davies_bouldin,6,0.28475342493580885,False,False,0.8854940507742239
difficulty_level,1,medium,0.8619110706351626,17,5,davies_bouldin,7,0.30518165256501484,True,False,0.8229151901512082
difficulty_level,1,medium,0.8619110706351626,17,5,calinski_harabasz,3,100.95888908426117,False,False,0.7091004183866365
difficulty_level,1,medium,0.8619110706351626,17,5,calinski_harabasz,4,107.51375610234766,False,False,0.8992687440074342
difficulty_level,1,medium,0.8619110706351626,17,5,calinski_harabasz,5,98.8476208085108,False,True,0.8619110706351626
difficulty_level,1,medium,0.8619110706351626,17,5,calinski_harabasz,6,109.19825497028499,False,False,0.8854940507742239
difficulty_level,1,medium,0.8619110706351626,17,5,calinski_harabasz,7,123.32939406024842,True,False,0.8229151901512082
difficulty_level,1,medium,1.0,18,5,accuracy_generalizability,3,0.8285644925223377,False,False,0.6340202152438259
difficulty_level,1,medium,1.0,18,5,accuracy_generalizability,4,0.9848387564974073,True,False,0.9103115607834102
difficulty_level,1,medium,1.0,18,5,accuracy_generalizability,5,0.777304524148889,False,True,1.0
difficulty_level,1,medium,1.0,18,5,accuracy_generalizability,6,0.772852954053227,False,False,0.8685046557767239
difficulty_level,1,medium,1.0,18,5,accuracy_generalizability,7,0.8428171248154254,False,False,0.7669891652968982
difficulty_level,1,medium,1.0,18,5,ari_average,3,0.6925442106241405,False,False,0.6340202152438259
difficulty_level,1,medium,1.0,18,5,ari_average,4,0.990173898137175,True,False,0.9103115607834102
difficulty_level,1,medium,1.0,18,5,ari_average,5,0.8954199363995755,False,True,1.0
difficulty_level,1,medium,1.0,18,5,ari_average,6,0.8454918477510902,False,False,0.8685046557767239
difficulty_level,1,medium,1.0,18,5,ari_average,7,0.865833247058486,False,False,0.7669891652968982
difficulty_level,1,medium,1.0,18,5,ari_average_1se,3,0.6925442106241405,False,False,0.6340202152438259
difficulty_level,1,medium,1.0,18,5,ari_average_1se,4,0.990173898137175,True,False,0.9103115607834102
difficulty_level,1,medium,1.0,18,5,ari_average_1se,5,0.8954199363995755,False,True,1.0
difficulty_level,1,medium,1.0,18,5,ari_average_1se,6,0.8454918477510902,False,False,0.8685046557767239
difficulty_level,1,medium,1.0,18,5,ari_average_1se,7,0.865833247058486,False,False,0.7669891652968982
difficulty_level,1,medium,1.0,18,5,ari_average_quant,3,0.6925442106241405,False,False,0.6340202152438259
difficulty_level,1,medium,1.0,18,5,ari_average_quant,4,0.990173898137175,True,False,0.9103115607834102
difficulty_level,1,medium,1.0,18,5,ari_average_quant,5,0.8954199363995755,False,True,1.0
difficulty_level,1,medium,1.0,18,5,ari_average_quant,6,0.8454918477510902,False,False,0.8685046557767239
difficulty_level,1,medium,1.0,18,5,ari_average_quant,7,0.865833247058486,False,False,0.7669891652968982
difficulty_level,1,medium,1.0,18,5,ari_generalizability,3,0.6698453108316202,False,False,0.6340202152438259
difficulty_level,1,medium,1.0,18,5,ari_generalizability,4,0.9823351839534581,True,False,0.9103115607834102
difficulty_level,1,medium,1.0,18,5,ari_generalizability,5,0.7910637572128862,False,True,1.0
difficulty_level,1,medium,1.0,18,5,ari_generalizability,6,0.7610403566130528,False,False,0.8685046557767239
difficulty_level,1,medium,1.0,18,5,ari_generalizability,7,0.7975070014138984,False,False,0.7669891652968982
difficulty_level,1,medium,1.0,18,5,ari_generalizability_1se,3,0.6698453108316202,False,False,0.6340202152438259
difficulty_level,1,medium,1.0,18,5,ari_generalizability_1se,4,0.9823351839534581,True,False,0.9103115607834102
difficulty_level,1,medium,1.0,18,5,ari_generalizability_1se,5,0.7910637572128862,False,True,1.0
difficulty_level,1,medium,1.0,18,5,ari_generalizability_1se,6,0.7610403566130528,False,False,0.8685046557767239
difficulty_level,1,medium,1.0,18,5,ari_generalizability_1se,7,0.7975070014138984,False,False,0.7669891652968982
difficulty_level,1,medium,1.0,18,5,ari_generalizability_quant,3,0.6698453108316202,False,False,0.6340202152438259
difficulty_level,1,medium,1.0,18,5,ari_generalizability_quant,4,0.9823351839534581,True,False,0.9103115607834102
difficulty_level,1,medium,1.0,18,5,ari_generalizability_quant,5,0.7910637572128862,False,True,1.0
difficulty_level,1,medium,1.0,18,5,ari_generalizability_quant,6,0.7610403566130528,False,False,0.8685046557767239
difficulty_level,1,medium,1.0,18,5,ari_generalizability_quant,7,0.7975070014138984,False,False,0.7669891652968982
difficulty_level,1,medium,1.0,18,5,ari_stability,3,0.7152431104166608,False,False,0.6340202152438259
difficulty_level,1,medium,1.0,18,5,ari_stability,4,0.9980126123208918,False,False,0.9103115607834102
difficulty_level,1,medium,1.0,18,5,ari_stability,5,0.9997761155862644,True,True,1.0
difficulty_level,1,medium,1.0,18,5,ari_stability,6,0.9299433388891281,False,False,0.8685046557767239
difficulty_level,1,medium,1.0,18,5,ari_stability,7,0.9341594927030737,False,False,0.7669891652968982
difficulty_level,1,medium,1.0,18,5,ari_stability_1se,3,0.7152431104166608,False,False,0.6340202152438259
difficulty_level,1,medium,1.0,18,5,ari_stability_1se,4,0.9980126123208918,False,False,0.9103115607834102
difficulty_level,1,medium,1.0,18,5,ari_stability_1se,5,0.9997761155862644,True,True,1.0
difficulty_level,1,medium,1.0,18,5,ari_stability_1se,6,0.9299433388891281,False,False,0.8685046557767239
difficulty_level,1,medium,1.0,18,5,ari_stability_1se,7,0.9341594927030737,False,False,0.7669891652968982
difficulty_level,1,medium,1.0,18,5,ari_stability_quant,3,0.7152431104166608,False,False,0.6340202152438259
difficulty_level,1,medium,1.0,18,5,ari_stability_quant,4,0.9980126123208918,False,False,0.9103115607834102
difficulty_level,1,medium,1.0,18,5,ari_stability_quant,5,0.9997761155862644,True,True,1.0
difficulty_level,1,medium,1.0,18,5,ari_stability_quant,6,0.9299433388891281,False,False,0.8685046557767239
difficulty_level,1,medium,1.0,18,5,ari_stability_quant,7,0.9341594927030737,False,False,0.7669891652968982
difficulty_level,1,medium,1.0,18,5,consensus_ce_stability,3,0.7717922836090312,False,False,0.6340202152438259
difficulty_level,1,medium,1.0,18,5,consensus_ce_stability,4,0.9999999999586944,True,False,0.9103115607834102
difficulty_level,1,medium,1.0,18,5,consensus_ce_stability,5,0.9995604645537076,False,True,1.0
difficulty_level,1,medium,1.0,18,5,consensus_ce_stability,6,0.9494621549975466,False,False,0.8685046557767239
difficulty_level,1,medium,1.0,18,5,consensus_ce_stability,7,0.9630668687995085,False,False,0.7669891652968982
difficulty_level,1,medium,1.0,18,5,consensus_gini_stability,3,0.7730998964592107,False,False,0.6340202152438259
difficulty_level,1,medium,1.0,18,5,consensus_gini_stability,4,1.0,True,False,0.9103115607834102
difficulty_level,1,medium,1.0,18,5,consensus_gini_stability,5,0.9997435052272546,False,True,1.0
difficulty_level,1,medium,1.0,18,5,consensus_gini_stability,6,0.9579734575422099,False,False,0.8685046557767239
difficulty_level,1,medium,1.0,18,5,consensus_gini_stability,7,0.9696177346598157,False,False,0.7669891652968982
difficulty_level,1,medium,1.0,18,5,consensus_pac_stability,3,0.7682721814543029,False,False,0.6340202152438259
difficulty_level,1,medium,1.0,18,5,consensus_pac_stability,4,1.0,True,False,0.9103115607834102
difficulty_level,1,medium,1.0,18,5,consensus_pac_stability,5,1.0,False,True,1.0
difficulty_level,1,medium,1.0,18,5,consensus_pac_stability,6,0.9215290193462309,False,False,0.8685046557767239
difficulty_level,1,medium,1.0,18,5,consensus_pac_stability,7,0.9519750945074494,False,False,0.7669891652968982
difficulty_level,1,medium,1.0,18,5,silhouette,3,0.14037702264791516,False,False,0.6719931141940655
difficulty_level,1,medium,1.0,18,5,silhouette,4,0.15728367454762804,False,False,0.9103115607834102
difficulty_level,1,medium,1.0,18,5,silhouette,5,0.17113898316739704,False,True,1.0
difficulty_level,1,medium,1.0,18,5,silhouette,6,0.2126962910917363,False,False,0.8694317789906073
difficulty_level,1,medium,1.0,18,5,silhouette,7,0.2617448123249203,True,False,0.7684904432622808
difficulty_level,1,medium,1.0,18,5,gap,3,0.10966047175632632,False,False,0.6719931141940655
difficulty_level,1,medium,1.0,18,5,gap,4,0.15032392165174713,False,False,0.9103115607834102
difficulty_level,1,medium,1.0,18,5,gap,5,0.18288750286618516,False,True,1.0
difficulty_level,1,medium,1.0,18,5,gap,6,0.27986448937756236,False,False,0.8694317789906073
difficulty_level,1,medium,1.0,18,5,gap,7,0.4027332832124486,True,False,0.7684904432622808
difficulty_level,1,medium,1.0,18,5,davies_bouldin,3,0.2571309340463266,False,False,0.6719931141940655
difficulty_level,1,medium,1.0,18,5,davies_bouldin,4,0.26119684577387875,False,False,0.9103115607834102
difficulty_level,1,medium,1.0,18,5,davies_bouldin,5,0.2884044115074282,False,True,1.0
difficulty_level,1,medium,1.0,18,5,davies_bouldin,6,0.30411019512820353,False,False,0.8694317789906073
difficulty_level,1,medium,1.0,18,5,davies_bouldin,7,0.3250601795645823,True,False,0.7684904432622808
difficulty_level,1,medium,1.0,18,5,calinski_harabasz,3,138.0192123624149,False,False,0.6719931141940655
difficulty_level,1,medium,1.0,18,5,calinski_harabasz,4,121.50879842082546,False,False,0.9103115607834102
difficulty_level,1,medium,1.0,18,5,calinski_harabasz,5,109.61652380024849,False,True,1.0
difficulty_level,1,medium,1.0,18,5,calinski_harabasz,6,129.84657777071004,False,False,0.8694317789906073
difficulty_level,1,medium,1.0,18,5,calinski_harabasz,7,156.943306758984,True,False,0.7684904432622808
difficulty_level,1,medium,1.0,19,5,accuracy_generalizability,3,0.9930473136926702,True,False,0.7869768078130389
difficulty_level,1,medium,1.0,19,5,accuracy_generalizability,4,0.7282618528478868,False,False,0.916721709871675
difficulty_level,1,medium,1.0,19,5,accuracy_generalizability,5,0.6459390123759998,False,True,1.0
difficulty_level,1,medium,1.0,19,5,accuracy_generalizability,6,0.7055626667210381,False,False,0.7838086140087083
difficulty_level,1,medium,1.0,19,5,accuracy_generalizability,7,0.7511355921419857,False,False,0.715524091916725
difficulty_level,1,medium,1.0,19,5,ari_average,3,0.9781416195714518,True,False,0.7869768078130389
difficulty_level,1,medium,1.0,19,5,ari_average,4,0.7890092934657672,False,False,0.916721709871675
difficulty_level,1,medium,1.0,19,5,ari_average,5,0.7879176760752862,False,True,1.0
difficulty_level,1,medium,1.0,19,5,ari_average,6,0.7935008925169373,False,False,0.7838086140087083
difficulty_level,1,medium,1.0,19,5,ari_average,7,0.7746798644697493,False,False,0.715524091916725
difficulty_level,1,medium,1.0,19,5,ari_average_1se,3,0.9781416195714518,True,False,0.7869768078130389
difficulty_level,1,medium,1.0,19,5,ari_average_1se,4,0.7890092934657672,False,False,0.916721709871675
difficulty_level,1,medium,1.0,19,5,ari_average_1se,5,0.7879176760752862,False,True,1.0
difficulty_level,1,medium,1.0,19,5,ari_average_1se,6,0.7935008925169373,False,False,0.7838086140087083
difficulty_level,1,medium,1.0,19,5,ari_average_1se,7,0.7746798644697493,False,False,0.715524091916725
difficulty_level,1,medium,1.0,19,5,ari_average_quant,3,0.9781416195714518,True,False,0.7869768078130389
difficulty_level,1,medium,1.0,19,5,ari_average_quant,4,0.7890092934657672,False,False,0.916721709871675
difficulty_level,1,medium,1.0,19,5,ari_average_quant,5,0.7879176760752862,False,True,1.0
difficulty_level,1,medium,1.0,19,5,ari_average_quant,6,0.7935008925169373,False,False,0.7838086140087083
difficulty_level,1,medium,1.0,19,5,ari_average_quant,7,0.7746798644697493,False,False,0.715524091916725
difficulty_level,1,medium,1.0,19,5,ari_generalizability,3,0.9848095267674072,True,False,0.7869768078130389
difficulty_level,1,medium,1.0,19,5,ari_generalizability,4,0.6612841605781299,False,False,0.916721709871675
difficulty_level,1,medium,1.0,19,5,ari_generalizability,5,0.5923591390320102,False,True,1.0
difficulty_level,1,medium,1.0,19,5,ari_generalizability,6,0.6652336672153009,False,False,0.7838086140087083
difficulty_level,1,medium,1.0,19,5,ari_generalizability,7,0.7003688150270151,False,False,0.715524091916725
difficulty_level,1,medium,1.0,19,5,ari_generalizability_1se,3,0.9848095267674072,True,False,0.7869768078130389
difficulty_level,1,medium,1.0,19,5,ari_generalizability_1se,4,0.6612841605781299,False,False,0.916721709871675
difficulty_level,1,medium,1.0,19,5,ari_generalizability_1se,5,0.5923591390320102,False,True,1.0
difficulty_level,1,medium,1.0,19,5,ari_generalizability_1se,6,0.6652336672153009,False,False,0.7838086140087083
difficulty_level,1,medium,1.0,19,5,ari_generalizability_1se,7,0.7003688150270151,False,False,0.715524091916725
difficulty_level,1,medium,1.0,19,5,ari_generalizability_quant,3,0.9848095267674072,True,False,0.7869768078130389
difficulty_level,1,medium,1.0,19,5,ari_generalizability_quant,4,0.6612841605781299,False,False,0.916721709871675
difficulty_level,1,medium,1.0,19,5,ari_generalizability_quant,5,0.5923591390320102,False,True,1.0
difficulty_level,1,medium,1.0,19,5,ari_generalizability_quant,6,0.6652336672153009,False,False,0.7838086140087083
difficulty_level,1,medium,1.0,19,5,ari_generalizability_quant,7,0.7003688150270151,False,False,0.715524091916725
difficulty_level,1,medium,1.0,19,5,ari_stability,3,0.9714737123754967,False,False,0.7869768078130389
difficulty_level,1,medium,1.0,19,5,ari_stability,4,0.9167344263534051,False,False,0.916721709871675
difficulty_level,1,medium,1.0,19,5,ari_stability,5,0.9834762131185623,True,True,1.0
difficulty_level,1,medium,1.0,19,5,ari_stability,6,0.9217681178185735,False,False,0.7838086140087083
difficulty_level,1,medium,1.0,19,5,ari_stability,7,0.8489909139124836,False,False,0.715524091916725
difficulty_level,1,medium,1.0,19,5,ari_stability_1se,3,0.9714737123754967,False,False,0.7869768078130389
difficulty_level,1,medium,1.0,19,5,ari_stability_1se,4,0.9167344263534051,False,False,0.916721709871675
difficulty_level,1,medium,1.0,19,5,ari_stability_1se,5,0.9834762131185623,True,True,1.0
difficulty_level,1,medium,1.0,19,5,ari_stability_1se,6,0.9217681178185735,False,False,0.7838086140087083
difficulty_level,1,medium,1.0,19,5,ari_stability_1se,7,0.8489909139124836,False,False,0.715524091916725
difficulty_level,1,medium,1.0,19,5,ari_stability_quant,3,0.9714737123754967,False,False,0.7869768078130389
difficulty_level,1,medium,1.0,19,5,ari_stability_quant,4,0.9167344263534051,False,False,0.916721709871675
difficulty_level,1,medium,1.0,19,5,ari_stability_quant,5,0.9834762131185623,False,True,1.0
difficulty_level,1,medium,1.0,19,5,ari_stability_quant,6,0.9217681178185735,False,False,0.7838086140087083
difficulty_level,1,medium,1.0,19,5,ari_stability_quant,7,0.8489909139124836,True,False,0.715524091916725
difficulty_level,1,medium,1.0,19,5,consensus_ce_stability,3,0.9658314772004525,False,False,0.7869768078130389
difficulty_level,1,medium,1.0,19,5,consensus_ce_stability,4,0.9114349041497171,False,False,0.916721709871675
difficulty_level,1,medium,1.0,19,5,consensus_ce_stability,5,0.9710678210630342,True,True,1.0
difficulty_level,1,medium,1.0,19,5,consensus_ce_stability,6,0.9410899758968561,False,False,0.7838086140087083
difficulty_level,1,medium,1.0,19,5,consensus_ce_stability,7,0.9067459252557496,False,False,0.715524091916725
difficulty_level,1,medium,1.0,19,5,consensus_gini_stability,3,0.9786416069823852,False,False,0.7869768078130389
difficulty_level,1,medium,1.0,19,5,consensus_gini_stability,4,0.92218442558711,False,False,0.916721709871675
difficulty_level,1,medium,1.0,19,5,consensus_gini_stability,5,0.9807187289885057,True,True,1.0
difficulty_level,1,medium,1.0,19,5,consensus_gini_stability,6,0.9519337557360147,False,False,0.7838086140087083
difficulty_level,1,medium,1.0,19,5,consensus_gini_stability,7,0.9176827641949094,False,False,0.715524091916725
difficulty_level,1,medium,1.0,19,5,consensus_pac_stability,3,0.9687231487658439,True,False,0.7869768078130389
difficulty_level,1,medium,1.0,19,5,consensus_pac_stability,4,0.8796308650211252,False,False,0.916721709871675
difficulty_level,1,medium,1.0,19,5,consensus_pac_stability,5,0.9541765621525461,False,True,1.0
difficulty_level,1,medium,1.0,19,5,consensus_pac_stability,6,0.9141703357794085,False,False,0.7838086140087083
difficulty_level,1,medium,1.0,19,5,consensus_pac_stability,7,0.8740475872804092,False,False,0.715524091916725
difficulty_level,1,medium,1.0,19,5,silhouette,3,0.1320779213588925,False,False,0.41860498858680545
difficulty_level,1,medium,1.0,19,5,silhouette,4,0.15160960394705336,False,False,0.9413141023145252
difficulty_level,1,medium,1.0,19,5,silhouette,5,0.1676629436473726,False,True,1.0
difficulty_level,1,medium,1.0,19,5,silhouette,6,0.2238401665270571,False,False,0.7869959055508295
difficulty_level,1,medium,1.0,19,5,silhouette,7,0.24974640736041184,True,False,0.7641286636632512
difficulty_level,1,medium,1.0,19,5,gap,3,0.18772907656046378,False,False,0.41860498858680545
difficulty_level,1,medium,1.0,19,5,gap,4,0.26009418368859727,False,False,0.9413141023145252
difficulty_level,1,medium,1.0,19,5,gap,5,0.30025996144719613,False,True,1.0
difficulty_level,1,medium,1.0,19,5,gap,6,0.4193811785364314,False,False,0.7869959055508295
difficulty_level,1,medium,1.0,19,5,gap,7,0.501550192764471,True,False,0.7641286636632512
difficulty_level,1,medium,1.0,19,5,davies_bouldin,3,0.2696737466156289,False,False,0.41860498858680545
difficulty_level,1,medium,1.0,19,5,davies_bouldin,4,0.25709983412298076,False,False,0.9413141023145252
difficulty_level,1,medium,1.0,19,5,davies_bouldin,5,0.2949640253946595,False,True,1.0
difficulty_level,1,medium,1.0,19,5,davies_bouldin,6,0.3162573236978905,False,False,0.7869959055508295
difficulty_level,1,medium,1.0,19,5,davies_bouldin,7,0.33696620135108524,True,False,0.7641286636632512
difficulty_level,1,medium,1.0,19,5,calinski_harabasz,3,88.13848412627983,False,False,0.41860498858680545
difficulty_level,1,medium,1.0,19,5,calinski_harabasz,4,105.39196762790907,False,False,0.9413141023145252
difficulty_level,1,medium,1.0,19,5,calinski_harabasz,5,100.85868628807134,False,True,1.0
difficulty_level,1,medium,1.0,19,5,calinski_harabasz,6,131.4129692322815,False,False,0.7869959055508295
difficulty_level,1,medium,1.0,19,5,calinski_harabasz,7,142.4055222162479,True,False,0.7641286636632512
difficulty_level,2,hard,1.0,0,5,accuracy_generalizability,3,0.9067373638418212,False,False,0.8578694535397352
difficulty_level,2,hard,1.0,0,5,accuracy_generalizability,4,0.9612440697764172,False,False,0.9570118790076045
difficulty_level,2,hard,1.0,0,5,accuracy_generalizability,5,0.9737098611071399,True,True,1.0
difficulty_level,2,hard,1.0,0,5,accuracy_generalizability,6,0.9040149593339629,False,False,0.6138765009601342
difficulty_level,2,hard,1.0,0,5,accuracy_generalizability,7,0.9367234817879931,False,False,0.4931693835827508
difficulty_level,2,hard,1.0,0,5,ari_average,3,0.9099667286507234,False,False,0.8578694535397352
difficulty_level,2,hard,1.0,0,5,ari_average,4,0.9791221627019407,False,False,0.9570118790076045
difficulty_level,2,hard,1.0,0,5,ari_average,5,0.9833975562368917,True,True,1.0
difficulty_level,2,hard,1.0,0,5,ari_average,6,0.8042754366461763,False,False,0.6138765009601342
difficulty_level,2,hard,1.0,0,5,ari_average,7,0.880787019573516,False,False,0.4931693835827508
difficulty_level,2,hard,1.0,0,5,ari_average_1se,3,0.9099667286507234,False,False,0.8578694535397352
difficulty_level,2,hard,1.0,0,5,ari_average_1se,4,0.9791221627019407,False,False,0.9570118790076045
difficulty_level,2,hard,1.0,0,5,ari_average_1se,5,0.9833975562368917,True,True,1.0
difficulty_level,2,hard,1.0,0,5,ari_average_1se,6,0.8042754366461763,False,False,0.6138765009601342
difficulty_level,2,hard,1.0,0,5,ari_average_1se,7,0.880787019573516,False,False,0.4931693835827508
difficulty_level,2,hard,1.0,0,5,ari_average_quant,3,0.9099667286507234,False,False,0.8578694535397352
difficulty_level,2,hard,1.0,0,5,ari_average_quant,4,0.9791221627019407,False,False,0.9570118790076045
difficulty_level,2,hard,1.0,0,5,ari_average_quant,5,0.9833975562368917,False,True,1.0
difficulty_level,2,hard,1.0,0,5,ari_average_quant,6,0.8042754366461763,False,False,0.6138765009601342
difficulty_level,2,hard,1.0,0,5,ari_average_quant,7,0.880787019573516,True,False,0.4931693835827508
difficulty_level,2,hard,1.0,0,5,ari_generalizability,3,0.9073857717633637,False,False,0.8578694535397352
difficulty_level,2,hard,1.0,0,5,ari_generalizability,4,0.9638590895142903,False,False,0.9570118790076045
difficulty_level,2,hard,1.0,0,5,ari_generalizability,5,0.9667951124737835,True,True,1.0
difficulty_level,2,hard,1.0,0,5,ari_generalizability,6,0.7742847188659439,False,False,0.6138765009601342
difficulty_level,2,hard,1.0,0,5,ari_generalizability,7,0.8706603745679624,False,False,0.4931693835827508
difficulty_level,2,hard,1.0,0,5,ari_generalizability_1se,3,0.9073857717633637,False,False,0.8578694535397352
difficulty_level,2,hard,1.0,0,5,ari_generalizability_1se,4,0.9638590895142903,False,False,0.9570118790076045
difficulty_level,2,hard,1.0,0,5,ari_generalizability_1se,5,0.9667951124737835,True,True,1.0
difficulty_level,2,hard,1.0,0,5,ari_generalizability_1se,6,0.7742847188659439,False,False,0.6138765009601342
difficulty_level,2,hard,1.0,0,5,ari_generalizability_1se,7,0.8706603745679624,False,False,0.4931693835827508
difficulty_level,2,hard,1.0,0,5,ari_generalizability_quant,3,0.9073857717633637,False,False,0.8578694535397352
difficulty_level,2,hard,1.0,0,5,ari_generalizability_quant,4,0.9638590895142903,False,False,0.9570118790076045
difficulty_level,2,hard,1.0,0,5,ari_generalizability_quant,5,0.9667951124737835,False,True,1.0
difficulty_level,2,hard,1.0,0,5,ari_generalizability_quant,6,0.7742847188659439,False,False,0.6138765009601342
difficulty_level,2,hard,1.0,0,5,ari_generalizability_quant,7,0.8706603745679624,True,False,0.4931693835827508
difficulty_level,2,hard,1.0,0,5,ari_stability,3,0.9125476855380835,False,False,0.8578694535397352
difficulty_level,2,hard,1.0,0,5,ari_stability,4,0.9943852358895913,False,False,0.9570118790076045
difficulty_level,2,hard,1.0,0,5,ari_stability,5,1.0,True,True,1.0
difficulty_level,2,hard,1.0,0,5,ari_stability,6,0.834266154426409,False,False,0.6138765009601342
difficulty_level,2,hard,1.0,0,5,ari_stability,7,0.8909136645790702,False,False,0.4931693835827508
difficulty_level,2,hard,1.0,0,5,ari_stability_1se,3,0.9125476855380835,False,False,0.8578694535397352
difficulty_level,2,hard,1.0,0,5,ari_stability_1se,4,0.9943852358895913,False,False,0.9570118790076045
difficulty_level,2,hard,1.0,0,5,ari_stability_1se,5,1.0,True,True,1.0
difficulty_level,2,hard,1.0,0,5,ari_stability_1se,6,0.834266154426409,False,False,0.6138765009601342
difficulty_level,2,hard,1.0,0,5,ari_stability_1se,7,0.8909136645790702,False,False,0.4931693835827508
difficulty_level,2,hard,1.0,0,5,ari_stability_quant,3,0.9125476855380835,False,False,0.8578694535397352
difficulty_level,2,hard,1.0,0,5,ari_stability_quant,4,0.9943852358895913,False,False,0.9570118790076045
difficulty_level,2,hard,1.0,0,5,ari_stability_quant,5,1.0,True,True,1.0
difficulty_level,2,hard,1.0,0,5,ari_stability_quant,6,0.834266154426409,False,False,0.6138765009601342
difficulty_level,2,hard,1.0,0,5,ari_stability_quant,7,0.8909136645790702,False,False,0.4931693835827508
difficulty_level,2,hard,1.0,0,5,consensus_ce_stability,3,0.9005381255062921,False,False,0.8578694535397352
difficulty_level,2,hard,1.0,0,5,consensus_ce_stability,4,0.9899147851994867,False,False,0.9570118790076045
difficulty_level,2,hard,1.0,0,5,consensus_ce_stability,5,0.9999999999586944,True,True,1.0
difficulty_level,2,hard,1.0,0,5,consensus_ce_stability,6,0.8863970615553135,False,False,0.6138765009601342
difficulty_level,2,hard,1.0,0,5,consensus_ce_stability,7,0.9322034595083357,False,False,0.4931693835827508
difficulty_level,2,hard,1.0,0,5,consensus_gini_stability,3,0.9139440271773741,False,False,0.8578694535397352
difficulty_level,2,hard,1.0,0,5,consensus_gini_stability,4,0.9933071370553067,False,False,0.9570118790076045
difficulty_level,2,hard,1.0,0,5,consensus_gini_stability,5,1.0,True,True,1.0
difficulty_level,2,hard,1.0,0,5,consensus_gini_stability,6,0.8966947687278876,False,False,0.6138765009601342
difficulty_level,2,hard,1.0,0,5,consensus_gini_stability,7,0.9466544304103772,False,False,0.4931693835827508
difficulty_level,2,hard,1.0,0,5,consensus_pac_stability,3,0.878973537914165,False,False,0.8578694535397352
difficulty_level,2,hard,1.0,0,5,consensus_pac_stability,4,0.9834760951745608,False,False,0.9570118790076045
difficulty_level,2,hard,1.0,0,5,consensus_pac_stability,5,1.0,True,True,1.0
difficulty_level,2,hard,1.0,0,5,consensus_pac_stability,6,0.8687907493884812,False,False,0.6138765009601342
difficulty_level,2,hard,1.0,0,5,consensus_pac_stability,7,0.9131162997553924,False,False,0.4931693835827508
difficulty_level,2,hard,1.0,0,5,silhouette,3,0.13012089617438644,False,False,0.8578694535397352
difficulty_level,2,hard,1.0,0,5,silhouette,4,0.14589141415872592,False,False,0.9570118790076045
difficulty_level,2,hard,1.0,0,5,silhouette,5,0.2792720169651932,False,True,0.5773459512947586
difficulty_level,2,hard,1.0,0,5,silhouette,6,0.30089706731157373,False,False,0.636353710614658
difficulty_level,2,hard,1.0,0,5,silhouette,7,0.3689289339383491,True,False,0.49670441674983246
difficulty_level,2,hard,1.0,0,5,gap,3,0.734640681676721,False,False,0.8578694535397352
difficulty_level,2,hard,1.0,0,5,gap,4,0.7800660426277304,False,False,0.9570118790076045
difficulty_level,2,hard,1.0,0,5,gap,5,1.0876854251446773,False,True,0.5773459512947586
difficulty_level,2,hard,1.0,0,5,gap,6,1.1308731135628491,False,False,0.636353710614658
difficulty_level,2,hard,1.0,0,5,gap,7,1.430046659780361,True,False,0.49670441674983246
difficulty_level,2,hard,1.0,0,5,davies_bouldin,3,0.26551859297485475,False,False,0.8578694535397352
difficulty_level,2,hard,1.0,0,5,davies_bouldin,4,0.2992731720997559,False,False,0.9570118790076045
difficulty_level,2,hard,1.0,0,5,davies_bouldin,5,0.34374745283672964,False,True,0.5773459512947586
difficulty_level,2,hard,1.0,0,5,davies_bouldin,6,0.34126277977528385,False,False,0.636353710614658
difficulty_level,2,hard,1.0,0,5,davies_bouldin,7,0.367057506980822,True,False,0.49670441674983246
difficulty_level,2,hard,1.0,0,5,calinski_harabasz,3,102.88305282981574,False,False,0.8578694535397352
difficulty_level,2,hard,1.0,0,5,calinski_harabasz,4,99.76038159148109,False,False,0.9570118790076045
difficulty_level,2,hard,1.0,0,5,calinski_harabasz,5,240.27636093440415,False,True,0.5773459512947586
difficulty_level,2,hard,1.0,0,5,calinski_harabasz,6,217.08250926252256,False,False,0.636353710614658
difficulty_level,2,hard,1.0,0,5,calinski_harabasz,7,333.79074256157287,True,False,0.49670441674983246
difficulty_level,2,hard,0.6013467130783609,1,5,accuracy_generalizability,3,0.8819866003287216,False,False,0.8644734294631288
difficulty_level,2,hard,0.6013467130783609,1,5,accuracy_generalizability,4,0.9122843619210156,False,False,0.9520508110411302
difficulty_level,2,hard,0.6013467130783609,1,5,accuracy_generalizability,5,0.966382866370581,True,True,1.0
difficulty_level,2,hard,0.6013467130783609,1,5,accuracy_generalizability,6,0.9415452004923813,False,False,0.644724279320091
difficulty_level,2,hard,0.6013467130783609,1,5,accuracy_generalizability,7,0.8968378122662704,False,False,0.5012047242203413
difficulty_level,2,hard,0.6013467130783609,1,5,ari_average,3,0.9009490598655276,False,False,0.8644734294631288
difficulty_level,2,hard,0.6013467130783609,1,5,ari_average,4,0.9295624657410264,False,False,0.9520508110411302
difficulty_level,2,hard,0.6013467130783609,1,5,ari_average,5,0.9797691465954804,True,True,1.0
difficulty_level,2,hard,0.6013467130783609,1,5,ari_average,6,0.9109132398068839,False,False,0.644724279320091
difficulty_level,2,hard,0.6013467130783609,1,5,ari_average,7,0.8194823641162051,False,False,0.5012047242203413
difficulty_level,2,hard,0.6013467130783609,1,5,ari_average_1se,3,0.9009490598655276,False,False,0.8644734294631288
difficulty_level,2,hard,0.6013467130783609,1,5,ari_average_1se,4,0.9295624657410264,False,False,0.9520508110411302
difficulty_level,2,hard,0.6013467130783609,1,5,ari_average_1se,5,0.9797691465954804,True,True,1.0
difficulty_level,2,hard,0.6013467130783609,1,5,ari_average_1se,6,0.9109132398068839,False,False,0.644724279320091
difficulty_level,2,hard,0.6013467130783609,1,5,ari_average_1se,7,0.8194823641162051,False,False,0.5012047242203413
difficulty_level,2,hard,0.6013467130783609,1,5,ari_average_quant,3,0.9009490598655276,False,False,0.8644734294631288
difficulty_level,2,hard,0.6013467130783609,1,5,ari_average_quant,4,0.9295624657410264,False,False,0.9520508110411302
difficulty_level,2,hard,0.6013467130783609,1,5,ari_average_quant,5,0.9797691465954804,False,True,1.0
difficulty_level,2,hard,0.6013467130783609,1,5,ari_average_quant,6,0.9109132398068839,False,False,0.644724279320091
difficulty_level,2,hard,0.6013467130783609,1,5,ari_average_quant,7,0.8194823641162051,True,False,0.5012047242203413
difficulty_level,2,hard,0.6013467130783609,1,5,ari_generalizability,3,0.8801586814490143,False,False,0.8644734294631288
difficulty_level,2,hard,0.6013467130783609,1,5,ari_generalizability,4,0.9269322032185993,False,False,0.9520508110411302
difficulty_level,2,hard,0.6013467130783609,1,5,ari_generalizability,5,0.9595382931909607,True,True,1.0
difficulty_level,2,hard,0.6013467130783609,1,5,ari_generalizability,6,0.8852507684655275,False,False,0.644724279320091
difficulty_level,2,hard,0.6013467130783609,1,5,ari_generalizability,7,0.8065476984707165,False,False,0.5012047242203413
difficulty_level,2,hard,0.6013467130783609,1,5,ari_generalizability_1se,3,0.8801586814490143,False,False,0.8644734294631288
difficulty_level,2,hard,0.6013467130783609,1,5,ari_generalizability_1se,4,0.9269322032185993,False,False,0.9520508110411302
difficulty_level,2,hard,0.6013467130783609,1,5,ari_generalizability_1se,5,0.9595382931909607,True,True,1.0
difficulty_level,2,hard,0.6013467130783609,1,5,ari_generalizability_1se,6,0.8852507684655275,False,False,0.644724279320091
difficulty_level,2,hard,0.6013467130783609,1,5,ari_generalizability_1se,7,0.8065476984707165,False,False,0.5012047242203413
difficulty_level,2,hard,0.6013467130783609,1,5,ari_generalizability_quant,3,0.8801586814490143,False,False,0.8644734294631288
difficulty_level,2,hard,0.6013467130783609,1,5,ari_generalizability_quant,4,0.9269322032185993,False,False,0.9520508110411302
difficulty_level,2,hard,0.6013467130783609,1,5,ari_generalizability_quant,5,0.9595382931909607,False,True,1.0
difficulty_level,2,hard,0.6013467130783609,1,5,ari_generalizability_quant,6,0.8852507684655275,False,False,0.644724279320091
difficulty_level,2,hard,0.6013467130783609,1,5,ari_generalizability_quant,7,0.8065476984707165,True,False,0.5012047242203413
difficulty_level,2,hard,0.6013467130783609,1,5,ari_stability,3,0.9217394382820414,False,False,0.8644734294631288
difficulty_level,2,hard,0.6013467130783609,1,5,ari_stability,4,0.932192728263453,False,False,0.9520508110411302
difficulty_level,2,hard,0.6013467130783609,1,5,ari_stability,5,1.0,True,True,1.0
difficulty_level,2,hard,0.6013467130783609,1,5,ari_stability,6,0.9365757111482398,False,False,0.644724279320091
difficulty_level,2,hard,0.6013467130783609,1,5,ari_stability,7,0.8324170297616936,False,False,0.5012047242203413
difficulty_level,2,hard,0.6013467130783609,1,5,ari_stability_1se,3,0.9217394382820414,False,False,0.8644734294631288
difficulty_level,2,hard,0.6013467130783609,1,5,ari_stability_1se,4,0.932192728263453,False,False,0.9520508110411302
difficulty_level,2,hard,0.6013467130783609,1,5,ari_stability_1se,5,1.0,True,True,1.0
difficulty_level,2,hard,0.6013467130783609,1,5,ari_stability_1se,6,0.9365757111482398,False,False,0.644724279320091
difficulty_level,2,hard,0.6013467130783609,1,5,ari_stability_1se,7,0.8324170297616936,False,False,0.5012047242203413
difficulty_level,2,hard,0.6013467130783609,1,5,ari_stability_quant,3,0.9217394382820414,False,False,0.8644734294631288
difficulty_level,2,hard,0.6013467130783609,1,5,ari_stability_quant,4,0.932192728263453,False,False,0.9520508110411302
difficulty_level,2,hard,0.6013467130783609,1,5,ari_stability_quant,5,1.0,True,True,1.0
difficulty_level,2,hard,0.6013467130783609,1,5,ari_stability_quant,6,0.9365757111482398,False,False,0.644724279320091
difficulty_level,2,hard,0.6013467130783609,1,5,ari_stability_quant,7,0.8324170297616936,False,False,0.5012047242203413
difficulty_level,2,hard,0.6013467130783609,1,5,consensus_ce_stability,3,0.9142289454980634,False,False,0.8644734294631288
difficulty_level,2,hard,0.6013467130783609,1,5,consensus_ce_stability,4,0.9372601767575093,False,False,0.9520508110411302
difficulty_level,2,hard,0.6013467130783609,1,5,consensus_ce_stability,5,0.9999999999586944,True,True,1.0
difficulty_level,2,hard,0.6013467130783609,1,5,consensus_ce_stability,6,0.9403418380526828,False,False,0.644724279320091
difficulty_level,2,hard,0.6013467130783609,1,5,consensus_ce_stability,7,0.8976716859152231,False,False,0.5012047242203413
difficulty_level,2,hard,0.6013467130783609,1,5,consensus_gini_stability,3,0.9286179872479228,False,False,0.8644734294631288
difficulty_level,2,hard,0.6013467130783609,1,5,consensus_gini_stability,4,0.9432257529883964,False,False,0.9520508110411302
difficulty_level,2,hard,0.6013467130783609,1,5,consensus_gini_stability,5,1.0,True,True,1.0
difficulty_level,2,hard,0.6013467130783609,1,5,consensus_gini_stability,6,0.9515992524394514,False,False,0.644724279320091
difficulty_level,2,hard,0.6013467130783609,1,5,consensus_gini_stability,7,0.9119520313601218,False,False,0.5012047242203413
difficulty_level,2,hard,0.6013467130783609,1,5,consensus_pac_stability,3,0.8548765843895931,False,False,0.8644734294631288
difficulty_level,2,hard,0.6013467130783609,1,5,consensus_pac_stability,4,0.9273275517011341,False,False,0.9520508110411302
difficulty_level,2,hard,0.6013467130783609,1,5,consensus_pac_stability,5,1.0,True,True,1.0
difficulty_level,2,hard,0.6013467130783609,1,5,consensus_pac_stability,6,0.9344442961974649,False,False,0.644724279320091
difficulty_level,2,hard,0.6013467130783609,1,5,consensus_pac_stability,7,0.8536917945296865,False,False,0.5012047242203413
difficulty_level,2,hard,0.6013467130783609,1,5,silhouette,3,0.18598635685730877,False,False,0.8644734294631288
difficulty_level,2,hard,0.6013467130783609,1,5,silhouette,4,0.21699494481066733,False,False,0.9566124538480794
difficulty_level,2,hard,0.6013467130783609,1,5,silhouette,5,0.24737734639854345,False,True,1.0
difficulty_level,2,hard,0.6013467130783609,1,5,silhouette,6,0.2938510477355451,False,False,0.4713281054361456
difficulty_level,2,hard,0.6013467130783609,1,5,silhouette,7,0.3271111932075438,True,False,0.5165611779698095
difficulty_level,2,hard,0.6013467130783609,1,5,gap,3,0.9242905444280787,False,False,0.8644734294631288
difficulty_level,2,hard,0.6013467130783609,1,5,gap,4,0.9782364199588631,False,False,0.9566124538480794
difficulty_level,2,hard,0.6013467130783609,1,5,gap,5,1.0332925767411982,False,True,1.0
difficulty_level,2,hard,0.6013467130783609,1,5,gap,6,1.3311381385988472,False,False,0.4713281054361456
difficulty_level,2,hard,0.6013467130783609,1,5,gap,7,1.414938300822092,True,False,0.5165611779698095
difficulty_level,2,hard,0.6013467130783609,1,5,davies_bouldin,3,0.26099779174976956,False,False,0.8644734294631288
difficulty_level,2,hard,0.6013467130783609,1,5,davies_bouldin,4,0.2878996166542846,False,False,0.9566124538480794
difficulty_level,2,hard,0.6013467130783609,1,5,davies_bouldin,5,0.3166968819806611,False,True,1.0
difficulty_level,2,hard,0.6013467130783609,1,5,davies_bouldin,6,0.3382602070372423,False,False,0.4713281054361456
difficulty_level,2,hard,0.6013467130783609,1,5,davies_bouldin,7,0.3565195770976999,True,False,0.5165611779698095
difficulty_level,2,hard,0.6013467130783609,1,5,calinski_harabasz,3,134.4119509310121,False,False,0.8644734294631288
difficulty_level,2,hard,0.6013467130783609,1,5,calinski_harabasz,4,127.3258151036511,False,False,0.9566124538480794
difficulty_level,2,hard,0.6013467130783609,1,5,calinski_harabasz,5,125.68566811527315,False,True,1.0
difficulty_level,2,hard,0.6013467130783609,1,5,calinski_harabasz,6,242.08294713785634,False,False,0.4713281054361456
difficulty_level,2,hard,0.6013467130783609,1,5,calinski_harabasz,7,243.61235480457626,True,False,0.5165611779698095
difficulty_level,2,hard,0.5588938140071392,2,5,accuracy_generalizability,3,0.8694394413358157,False,False,0.8733207175982403
difficulty_level,2,hard,0.5588938140071392,2,5,accuracy_generalizability,4,0.8751124694407395,False,False,0.9562748613543838
difficulty_level,2,hard,0.5588938140071392,2,5,accuracy_generalizability,5,0.692659910548405,False,True,1.0
difficulty_level,2,hard,0.5588938140071392,2,5,accuracy_generalizability,6,0.8496682878121792,False,False,0.6012883977033638
difficulty_level,2,hard,0.5588938140071392,2,5,accuracy_generalizability,7,0.9058550324946739,True,False,0.46794890831359515
difficulty_level,2,hard,0.5588938140071392,2,5,ari_average,3,0.876669510990104,False,False,0.8733207175982403
difficulty_level,2,hard,0.5588938140071392,2,5,ari_average,4,0.9209194355609452,True,False,0.9562748613543838
difficulty_level,2,hard,0.5588938140071392,2,5,ari_average,5,0.8136040732569769,False,True,1.0
difficulty_level,2,hard,0.5588938140071392,2,5,ari_average,6,0.8412722215256505,False,False,0.6012883977033638
difficulty_level,2,hard,0.5588938140071392,2,5,ari_average,7,0.8431788482616526,False,False,0.46794890831359515
difficulty_level,2,hard,0.5588938140071392,2,5,ari_average_1se,3,0.876669510990104,False,False,0.8733207175982403
difficulty_level,2,hard,0.5588938140071392,2,5,ari_average_1se,4,0.9209194355609452,True,False,0.9562748613543838
difficulty_level,2,hard,0.5588938140071392,2,5,ari_average_1se,5,0.8136040732569769,False,True,1.0
difficulty_level,2,hard,0.5588938140071392,2,5,ari_average_1se,6,0.8412722215256505,False,False,0.6012883977033638
difficulty_level,2,hard,0.5588938140071392,2,5,ari_average_1se,7,0.8431788482616526,False,False,0.46794890831359515
difficulty_level,2,hard,0.5588938140071392,2,5,ari_average_quant,3,0.876669510990104,False,False,0.8733207175982403
difficulty_level,2,hard,0.5588938140071392,2,5,ari_average_quant,4,0.9209194355609452,False,False,0.9562748613543838
difficulty_level,2,hard,0.5588938140071392,2,5,ari_average_quant,5,0.8136040732569769,False,True,1.0
difficulty_level,2,hard,0.5588938140071392,2,5,ari_average_quant,6,0.8412722215256505,False,False,0.6012883977033638
difficulty_level,2,hard,0.5588938140071392,2,5,ari_average_quant,7,0.8431788482616526,True,False,0.46794890831359515
difficulty_level,2,hard,0.5588938140071392,2,5,ari_generalizability,3,0.8622877790280533,True,False,0.8733207175982403
difficulty_level,2,hard,0.5588938140071392,2,5,ari_generalizability,4,0.8519143114561519,False,False,0.9562748613543838
difficulty_level,2,hard,0.5588938140071392,2,5,ari_generalizability,5,0.6272081465139542,False,True,1.0
difficulty_level,2,hard,0.5588938140071392,2,5,ari_generalizability,6,0.7745689902351179,False,False,0.6012883977033638
difficulty_level,2,hard,0.5588938140071392,2,5,ari_generalizability,7,0.8182114022522533,False,False,0.46794890831359515
difficulty_level,2,hard,0.5588938140071392,2,5,ari_generalizability_1se,3,0.8622877790280533,False,False,0.8733207175982403
difficulty_level,2,hard,0.5588938140071392,2,5,ari_generalizability_1se,4,0.8519143114561519,True,False,0.9562748613543838
difficulty_level,2,hard,0.5588938140071392,2,5,ari_generalizability_1se,5,0.6272081465139542,False,True,1.0
difficulty_level,2,hard,0.5588938140071392,2,5,ari_generalizability_1se,6,0.7745689902351179,False,False,0.6012883977033638
difficulty_level,2,hard,0.5588938140071392,2,5,ari_generalizability_1se,7,0.8182114022522533,False,False,0.46794890831359515
difficulty_level,2,hard,0.5588938140071392,2,5,ari_generalizability_quant,3,0.8622877790280533,False,False,0.8733207175982403
difficulty_level,2,hard,0.5588938140071392,2,5,ari_generalizability_quant,4,0.8519143114561519,False,False,0.9562748613543838
difficulty_level,2,hard,0.5588938140071392,2,5,ari_generalizability_quant,5,0.6272081465139542,False,True,1.0
difficulty_level,2,hard,0.5588938140071392,2,5,ari_generalizability_quant,6,0.7745689902351179,False,False,0.6012883977033638
difficulty_level,2,hard,0.5588938140071392,2,5,ari_generalizability_quant,7,0.8182114022522533,True,False,0.46794890831359515
difficulty_level,2,hard,0.5588938140071392,2,5,ari_stability,3,0.8910512429521547,False,False,0.8733207175982403
difficulty_level,2,hard,0.5588938140071392,2,5,ari_stability,4,0.9899245596657386,False,False,0.9562748613543838
difficulty_level,2,hard,0.5588938140071392,2,5,ari_stability,5,1.0,True,True,1.0
difficulty_level,2,hard,0.5588938140071392,2,5,ari_stability,6,0.9079754528161831,False,False,0.6012883977033638
difficulty_level,2,hard,0.5588938140071392,2,5,ari_stability,7,0.8681462942710518,False,False,0.46794890831359515
difficulty_level,2,hard,0.5588938140071392,2,5,ari_stability_1se,3,0.8910512429521547,False,False,0.8733207175982403
difficulty_level,2,hard,0.5588938140071392,2,5,ari_stability_1se,4,0.9899245596657386,False,False,0.9562748613543838
difficulty_level,2,hard,0.5588938140071392,2,5,ari_stability_1se,5,1.0,True,True,1.0
difficulty_level,2,hard,0.5588938140071392,2,5,ari_stability_1se,6,0.9079754528161831,False,False,0.6012883977033638
difficulty_level,2,hard,0.5588938140071392,2,5,ari_stability_1se,7,0.8681462942710518,False,False,0.46794890831359515
difficulty_level,2,hard,0.5588938140071392,2,5,ari_stability_quant,3,0.8910512429521547,False,False,0.8733207175982403
difficulty_level,2,hard,0.5588938140071392,2,5,ari_stability_quant,4,0.9899245596657386,False,False,0.9562748613543838
difficulty_level,2,hard,0.5588938140071392,2,5,ari_stability_quant,5,1.0,True,True,1.0
difficulty_level,2,hard,0.5588938140071392,2,5,ari_stability_quant,6,0.9079754528161831,False,False,0.6012883977033638
difficulty_level,2,hard,0.5588938140071392,2,5,ari_stability_quant,7,0.8681462942710518,False,False,0.46794890831359515
difficulty_level,2,hard,0.5588938140071392,2,5,consensus_ce_stability,3,0.9089833762515024,False,False,0.8733207175982403
difficulty_level,2,hard,0.5588938140071392,2,5,consensus_ce_stability,4,0.988753773602487,False,False,0.9562748613543838
difficulty_level,2,hard,0.5588938140071392,2,5,consensus_ce_stability,5,0.9999999999586944,True,True,1.0
difficulty_level,2,hard,0.5588938140071392,2,5,consensus_ce_stability,6,0.9298283869936694,False,False,0.6012883977033638
difficulty_level,2,hard,0.5588938140071392,2,5,consensus_ce_stability,7,0.8927188801782036,False,False,0.46794890831359515
difficulty_level,2,hard,0.5588938140071392,2,5,consensus_gini_stability,3,0.9120422112439157,False,False,0.8733207175982403
difficulty_level,2,hard,0.5588938140071392,2,5,consensus_gini_stability,4,0.992681428721221,False,False,0.9562748613543838
difficulty_level,2,hard,0.5588938140071392,2,5,consensus_gini_stability,5,1.0,True,True,1.0
difficulty_level,2,hard,0.5588938140071392,2,5,consensus_gini_stability,6,0.9452981101934671,False,False,0.6012883977033638
difficulty_level,2,hard,0.5588938140071392,2,5,consensus_gini_stability,7,0.9123384531303715,False,False,0.46794890831359515
difficulty_level,2,hard,0.5588938140071392,2,5,consensus_pac_stability,3,0.8980137869690905,False,False,0.8733207175982403
difficulty_level,2,hard,0.5588938140071392,2,5,consensus_pac_stability,4,0.9851705581498778,False,False,0.9562748613543838
difficulty_level,2,hard,0.5588938140071392,2,5,consensus_pac_stability,5,1.0,True,True,1.0
difficulty_level,2,hard,0.5588938140071392,2,5,consensus_pac_stability,6,0.9224434067155882,False,False,0.6012883977033638
difficulty_level,2,hard,0.5588938140071392,2,5,consensus_pac_stability,7,0.8382984211696687,False,False,0.46794890831359515
difficulty_level,2,hard,0.5588938140071392,2,5,silhouette,3,0.2063671669713288,False,False,0.5151494668329897
difficulty_level,2,hard,0.5588938140071392,2,5,silhouette,4,0.25935746243176283,False,False,0.9584693586807789
difficulty_level,2,hard,0.5588938140071392,2,5,silhouette,5,0.2701993685630658,False,True,1.0
difficulty_level,2,hard,0.5588938140071392,2,5,silhouette,6,0.3090471238291959,False,False,0.670495863024702
difficulty_level,2,hard,0.5588938140071392,2,5,silhouette,7,0.33629487891470544,True,False,0.4686793384969452
difficulty_level,2,hard,0.5588938140071392,2,5,gap,3,0.998907115499561,False,False,0.5151494668329897
difficulty_level,2,hard,0.5588938140071392,2,5,gap,4,1.1122751205352834,False,False,0.9584693586807789
difficulty_level,2,hard,0.5588938140071392,2,5,gap,5,1.158364581030236,False,True,1.0
difficulty_level,2,hard,0.5588938140071392,2,5,gap,6,1.3371166207554523,False,False,0.670495863024702
difficulty_level,2,hard,0.5588938140071392,2,5,gap,7,1.475938589338904,True,False,0.4686793384969452
difficulty_level,2,hard,0.5588938140071392,2,5,davies_bouldin,3,0.295027650888206,False,False,0.5151494668329897
difficulty_level,2,hard,0.5588938140071392,2,5,davies_bouldin,4,0.2990769544812395,False,False,0.9584693586807789
difficulty_level,2,hard,0.5588938140071392,2,5,davies_bouldin,5,0.3105126831136886,False,True,1.0
difficulty_level,2,hard,0.5588938140071392,2,5,davies_bouldin,6,0.3288804073179879,False,False,0.670495863024702
difficulty_level,2,hard,0.5588938140071392,2,5,davies_bouldin,7,0.3459064486746874,True,False,0.4686793384969452
difficulty_level,2,hard,0.5588938140071392,2,5,calinski_harabasz,3,104.45258614153141,False,False,0.5151494668329897
difficulty_level,2,hard,0.5588938140071392,2,5,calinski_harabasz,4,143.00709821562143,False,False,0.9584693586807789
difficulty_level,2,hard,0.5588938140071392,2,5,calinski_harabasz,5,133.4130892237847,False,True,1.0
difficulty_level,2,hard,0.5588938140071392,2,5,calinski_harabasz,6,188.79809212019157,False,False,0.670495863024702
difficulty_level,2,hard,0.5588938140071392,2,5,calinski_harabasz,7,220.31716595065896,True,False,0.4686793384969452
difficulty_level,2,hard,0.576915615083047,3,5,accuracy_generalizability,3,0.930919777079472,False,False,0.8746703155531355
difficulty_level,2,hard,0.576915615083047,3,5,accuracy_generalizability,4,0.9542108700371383,True,False,0.9572470757333763
difficulty_level,2,hard,0.576915615083047,3,5,accuracy_generalizability,5,0.9288775091388218,False,True,1.0
difficulty_level,2,hard,0.576915615083047,3,5,accuracy_generalizability,6,0.9281198249831971,False,False,0.6395700178343636
difficulty_level,2,hard,0.576915615083047,3,5,accuracy_generalizability,7,0.9271721188923969,False,False,0.507670790622611
difficulty_level,2,hard,0.576915615083047,3,5,ari_average,3,0.9583252568965307,False,False,0.8746703155531355
difficulty_level,2,hard,0.576915615083047,3,5,ari_average,4,0.964370955304388,True,False,0.9572470757333763
difficulty_level,2,hard,0.576915615083047,3,5,ari_average,5,0.9567587358867183,False,True,1.0
difficulty_level,2,hard,0.576915615083047,3,5,ari_average,6,0.8898422322430306,False,False,0.6395700178343636
difficulty_level,2,hard,0.576915615083047,3,5,ari_average,7,0.8818435617683247,False,False,0.507670790622611
difficulty_level,2,hard,0.576915615083047,3,5,ari_average_1se,3,0.9583252568965307,False,False,0.8746703155531355
difficulty_level,2,hard,0.576915615083047,3,5,ari_average_1se,4,0.964370955304388,True,False,0.9572470757333763
difficulty_level,2,hard,0.576915615083047,3,5,ari_average_1se,5,0.9567587358867183,False,True,1.0
difficulty_level,2,hard,0.576915615083047,3,5,ari_average_1se,6,0.8898422322430306,False,False,0.6395700178343636
difficulty_level,2,hard,0.576915615083047,3,5,ari_average_1se,7,0.8818435617683247,False,False,0.507670790622611
difficulty_level,2,hard,0.576915615083047,3,5,ari_average_quant,3,0.9583252568965307,False,False,0.8746703155531355
difficulty_level,2,hard,0.576915615083047,3,5,ari_average_quant,4,0.964370955304388,False,False,0.9572470757333763
difficulty_level,2,hard,0.576915615083047,3,5,ari_average_quant,5,0.9567587358867183,True,True,1.0
difficulty_level,2,hard,0.576915615083047,3,5,ari_average_quant,6,0.8898422322430306,False,False,0.6395700178343636
difficulty_level,2,hard,0.576915615083047,3,5,ari_average_quant,7,0.8818435617683247,False,False,0.507670790622611
difficulty_level,2,hard,0.576915615083047,3,5,ari_generalizability,3,0.9300837070922906,False,False,0.8746703155531355
difficulty_level,2,hard,0.576915615083047,3,5,ari_generalizability,4,0.9584510446967467,True,False,0.9572470757333763
difficulty_level,2,hard,0.576915615083047,3,5,ari_generalizability,5,0.9135174717734367,False,True,1.0
difficulty_level,2,hard,0.576915615083047,3,5,ari_generalizability,6,0.8669144666132592,False,False,0.6395700178343636
difficulty_level,2,hard,0.576915615083047,3,5,ari_generalizability,7,0.8613296457725015,False,False,0.507670790622611
difficulty_level,2,hard,0.576915615083047,3,5,ari_generalizability_1se,3,0.9300837070922906,False,False,0.8746703155531355
difficulty_level,2,hard,0.576915615083047,3,5,ari_generalizability_1se,4,0.9584510446967467,True,False,0.9572470757333763
difficulty_level,2,hard,0.576915615083047,3,5,ari_generalizability_1se,5,0.9135174717734367,False,True,1.0
difficulty_level,2,hard,0.576915615083047,3,5,ari_generalizability_1se,6,0.8669144666132592,False,False,0.6395700178343636
difficulty_level,2,hard,0.576915615083047,3,5,ari_generalizability_1se,7,0.8613296457725015,False,False,0.507670790622611
difficulty_level,2,hard,0.576915615083047,3,5,ari_generalizability_quant,3,0.9300837070922906,False,False,0.8746703155531355
difficulty_level,2,hard,0.576915615083047,3,5,ari_generalizability_quant,4,0.9584510446967467,False,False,0.9572470757333763
difficulty_level,2,hard,0.576915615083047,3,5,ari_generalizability_quant,5,0.9135174717734367,True,True,1.0
difficulty_level,2,hard,0.576915615083047,3,5,ari_generalizability_quant,6,0.8669144666132592,False,False,0.6395700178343636
difficulty_level,2,hard,0.576915615083047,3,5,ari_generalizability_quant,7,0.8613296457725015,False,False,0.507670790622611
difficulty_level,2,hard,0.576915615083047,3,5,ari_stability,3,0.9865668067007709,False,False,0.8746703155531355
difficulty_level,2,hard,0.576915615083047,3,5,ari_stability,4,0.9702908659120295,False,False,0.9572470757333763
difficulty_level,2,hard,0.576915615083047,3,5,ari_stability,5,1.0,True,True,1.0
difficulty_level,2,hard,0.576915615083047,3,5,ari_stability,6,0.9127699978728018,False,False,0.6395700178343636
difficulty_level,2,hard,0.576915615083047,3,5,ari_stability,7,0.9023574777641472,False,False,0.507670790622611
difficulty_level,2,hard,0.576915615083047,3,5,ari_stability_1se,3,0.9865668067007709,False,False,0.8746703155531355
difficulty_level,2,hard,0.576915615083047,3,5,ari_stability_1se,4,0.9702908659120295,False,False,0.9572470757333763
difficulty_level,2,hard,0.576915615083047,3,5,ari_stability_1se,5,1.0,True,True,1.0
difficulty_level,2,hard,0.576915615083047,3,5,ari_stability_1se,6,0.9127699978728018,False,False,0.6395700178343636
difficulty_level,2,hard,0.576915615083047,3,5,ari_stability_1se,7,0.9023574777641472,False,False,0.507670790622611
difficulty_level,2,hard,0.576915615083047,3,5,ari_stability_quant,3,0.9865668067007709,False,False,0.8746703155531355
difficulty_level,2,hard,0.576915615083047,3,5,ari_stability_quant,4,0.9702908659120295,False,False,0.9572470757333763
difficulty_level,2,hard,0.576915615083047,3,5,ari_stability_quant,5,1.0,True,True,1.0
difficulty_level,2,hard,0.576915615083047,3,5,ari_stability_quant,6,0.9127699978728018,False,False,0.6395700178343636
difficulty_level,2,hard,0.576915615083047,3,5,ari_stability_quant,7,0.9023574777641472,False,False,0.507670790622611
difficulty_level,2,hard,0.576915615083047,3,5,consensus_ce_stability,3,0.9875254254373175,False,False,0.8746703155531355
difficulty_level,2,hard,0.576915615083047,3,5,consensus_ce_stability,4,0.9708926846903029,False,False,0.9572470757333763
difficulty_level,2,hard,0.576915615083047,3,5,consensus_ce_stability,5,0.9999999999586944,True,True,1.0
difficulty_level,2,hard,0.576915615083047,3,5,consensus_ce_stability,6,0.9422718189785753,False,False,0.6395700178343636
difficulty_level,2,hard,0.576915615083047,3,5,consensus_ce_stability,7,0.9334563447655809,False,False,0.507670790622611
difficulty_level,2,hard,0.576915615083047,3,5,consensus_gini_stability,3,0.9923780180373408,False,False,0.8746703155531355
difficulty_level,2,hard,0.576915615083047,3,5,consensus_gini_stability,4,0.9739680425154714,False,False,0.9572470757333763
difficulty_level,2,hard,0.576915615083047,3,5,consensus_gini_stability,5,1.0,True,True,1.0
difficulty_level,2,hard,0.576915615083047,3,5,consensus_gini_stability,6,0.9510584585131913,False,False,0.6395700178343636
difficulty_level,2,hard,0.576915615083047,3,5,consensus_gini_stability,7,0.9482187538505517,False,False,0.507670790622611
difficulty_level,2,hard,0.576915615083047,3,5,consensus_pac_stability,3,0.9920907271514343,False,False,0.8746703155531355
difficulty_level,2,hard,0.576915615083047,3,5,consensus_pac_stability,4,0.9600151211919057,False,False,0.9572470757333763
difficulty_level,2,hard,0.576915615083047,3,5,consensus_pac_stability,5,1.0,True,True,1.0
difficulty_level,2,hard,0.576915615083047,3,5,consensus_pac_stability,6,0.9283655770513676,False,False,0.6395700178343636
difficulty_level,2,hard,0.576915615083047,3,5,consensus_pac_stability,7,0.8997260395819435,False,False,0.507670790622611
difficulty_level,2,hard,0.576915615083047,3,5,silhouette,3,0.2223088030800668,False,False,0.8746703155531355
difficulty_level,2,hard,0.576915615083047,3,5,silhouette,4,0.24497549410134944,False,False,0.9572470757333763
difficulty_level,2,hard,0.576915615083047,3,5,silhouette,5,0.26050566426290744,False,True,1.0
difficulty_level,2,hard,0.576915615083047,3,5,silhouette,6,0.3424684039065794,False,False,0.6368025947452991
difficulty_level,2,hard,0.576915615083047,3,5,silhouette,7,0.3622277443489954,True,False,0.5115082026119443
difficulty_level,2,hard,0.576915615083047,3,5,gap,3,0.9417204964685766,False,False,0.8746703155531355
difficulty_level,2,hard,0.576915615083047,3,5,gap,4,0.9990598980164371,False,False,0.9572470757333763
difficulty_level,2,hard,0.576915615083047,3,5,gap,5,1.0459184408159174,False,True,1.0
difficulty_level,2,hard,0.576915615083047,3,5,gap,6,1.2914218297909787,False,False,0.6368025947452991
difficulty_level,2,hard,0.576915615083047,3,5,gap,7,1.4457419388765818,True,False,0.5115082026119443
difficulty_level,2,hard,0.576915615083047,3,5,davies_bouldin,3,0.28200092171776814,False,False,0.8746703155531355
difficulty_level,2,hard,0.576915615083047,3,5,davies_bouldin,4,0.30595693626334125,False,False,0.9572470757333763
difficulty_level,2,hard,0.576915615083047,3,5,davies_bouldin,5,0.3218407454205032,False,True,1.0
difficulty_level,2,hard,0.576915615083047,3,5,davies_bouldin,6,0.34595435319172285,False,False,0.6368025947452991
difficulty_level,2,hard,0.576915615083047,3,5,davies_bouldin,7,0.366518354849174,True,False,0.5115082026119443
difficulty_level,2,hard,0.576915615083047,3,5,calinski_harabasz,3,153.01030682686317,False,False,0.8746703155531355
difficulty_level,2,hard,0.576915615083047,3,5,calinski_harabasz,4,142.69448251785371,False,False,0.9572470757333763
difficulty_level,2,hard,0.576915615083047,3,5,calinski_harabasz,5,133.27458425249637,False,True,1.0
difficulty_level,2,hard,0.576915615083047,3,5,calinski_harabasz,6,222.54404937880295,False,False,0.6368025947452991
difficulty_level,2,hard,0.576915615083047,3,5,calinski_harabasz,7,260.3540280180843,True,False,0.5115082026119443
difficulty_level,2,hard,0.6195657513929784,4,5,accuracy_generalizability,3,0.8431022392309612,False,False,0.8094425017785423
difficulty_level,2,hard,0.6195657513929784,4,5,accuracy_generalizability,4,0.8978801072423646,False,False,0.9318935118143167
difficulty_level,2,hard,0.6195657513929784,4,5,accuracy_generalizability,5,0.8244633980662457,False,True,1.0
difficulty_level,2,hard,0.6195657513929784,4,5,accuracy_generalizability,6,0.933045243624876,True,False,0.6641784901628431
difficulty_level,2,hard,0.6195657513929784,4,5,accuracy_generalizability,7,0.8482965544481849,False,False,0.5307583175115448
difficulty_level,2,hard,0.6195657513929784,4,5,ari_average,3,0.9022689021469814,False,False,0.8094425017785423
difficulty_level,2,hard,0.6195657513929784,4,5,ari_average,4,0.9209339885795758,True,False,0.9318935118143167
difficulty_level,2,hard,0.6195657513929784,4,5,ari_average,5,0.8928021863543363,False,True,1.0
difficulty_level,2,hard,0.6195657513929784,4,5,ari_average,6,0.9025907307253704,False,False,0.6641784901628431
difficulty_level,2,hard,0.6195657513929784,4,5,ari_average,7,0.7761322522925572,False,False,0.5307583175115448
difficulty_level,2,hard,0.6195657513929784,4,5,ari_average_1se,3,0.9022689021469814,False,False,0.8094425017785423
difficulty_level,2,hard,0.6195657513929784,4,5,ari_average_1se,4,0.9209339885795758,True,False,0.9318935118143167
difficulty_level,2,hard,0.6195657513929784,4,5,ari_average_1se,5,0.8928021863543363,False,True,1.0
difficulty_level,2,hard,0.6195657513929784,4,5,ari_average_1se,6,0.9025907307253704,False,False,0.6641784901628431
difficulty_level,2,hard,0.6195657513929784,4,5,ari_average_1se,7,0.7761322522925572,False,False,0.5307583175115448
difficulty_level,2,hard,0.6195657513929784,4,5,ari_average_quant,3,0.9022689021469814,False,False,0.8094425017785423
difficulty_level,2,hard,0.6195657513929784,4,5,ari_average_quant,4,0.9209339885795758,False,False,0.9318935118143167
difficulty_level,2,hard,0.6195657513929784,4,5,ari_average_quant,5,0.8928021863543363,False,True,1.0
difficulty_level,2,hard,0.6195657513929784,4,5,ari_average_quant,6,0.9025907307253704,False,False,0.6641784901628431
difficulty_level,2,hard,0.6195657513929784,4,5,ari_average_quant,7,0.7761322522925572,True,False,0.5307583175115448
difficulty_level,2,hard,0.6195657513929784,4,5,ari_generalizability,3,0.8337766483455046,False,False,0.8094425017785423
difficulty_level,2,hard,0.6195657513929784,4,5,ari_generalizability,4,0.8858906867875217,True,False,0.9318935118143167
difficulty_level,2,hard,0.6195657513929784,4,5,ari_generalizability,5,0.7856043727086727,False,True,1.0
difficulty_level,2,hard,0.6195657513929784,4,5,ari_generalizability,6,0.8840587122177904,False,False,0.6641784901628431
difficulty_level,2,hard,0.6195657513929784,4,5,ari_generalizability,7,0.7631440265702273,False,False,0.5307583175115448
difficulty_level,2,hard,0.6195657513929784,4,5,ari_generalizability_1se,3,0.8337766483455046,False,False,0.8094425017785423
difficulty_level,2,hard,0.6195657513929784,4,5,ari_generalizability_1se,4,0.8858906867875217,False,False,0.9318935118143167
difficulty_level,2,hard,0.6195657513929784,4,5,ari_generalizability_1se,5,0.7856043727086727,False,True,1.0
difficulty_level,2,hard,0.6195657513929784,4,5,ari_generalizability_1se,6,0.8840587122177904,True,False,0.6641784901628431
difficulty_level,2,hard,0.6195657513929784,4,5,ari_generalizability_1se,7,0.7631440265702273,False,False,0.5307583175115448
difficulty_level,2,hard,0.6195657513929784,4,5,ari_generalizability_quant,3,0.8337766483455046,False,False,0.8094425017785423
difficulty_level,2,hard,0.6195657513929784,4,5,ari_generalizability_quant,4,0.8858906867875217,False,False,0.9318935118143167
difficulty_level,2,hard,0.6195657513929784,4,5,ari_generalizability_quant,5,0.7856043727086727,False,True,1.0
difficulty_level,2,hard,0.6195657513929784,4,5,ari_generalizability_quant,6,0.8840587122177904,False,False,0.6641784901628431
difficulty_level,2,hard,0.6195657513929784,4,5,ari_generalizability_quant,7,0.7631440265702273,True,False,0.5307583175115448
difficulty_level,2,hard,0.6195657513929784,4,5,ari_stability,3,0.9707611559484581,False,False,0.8094425017785423
difficulty_level,2,hard,0.6195657513929784,4,5,ari_stability,4,0.9559772903716299,False,False,0.9318935118143167
difficulty_level,2,hard,0.6195657513929784,4,5,ari_stability,5,1.0,True,True,1.0
difficulty_level,2,hard,0.6195657513929784,4,5,ari_stability,6,0.9211227492329509,False,False,0.6641784901628431
difficulty_level,2,hard,0.6195657513929784,4,5,ari_stability,7,0.7891204780148873,False,False,0.5307583175115448
difficulty_level,2,hard,0.6195657513929784,4,5,ari_stability_1se,3,0.9707611559484581,False,False,0.8094425017785423
difficulty_level,2,hard,0.6195657513929784,4,5,ari_stability_1se,4,0.9559772903716299,False,False,0.9318935118143167
difficulty_level,2,hard,0.6195657513929784,4,5,ari_stability_1se,5,1.0,True,True,1.0
difficulty_level,2,hard,0.6195657513929784,4,5,ari_stability_1se,6,0.9211227492329509,False,False,0.6641784901628431
difficulty_level,2,hard,0.6195657513929784,4,5,ari_stability_1se,7,0.7891204780148873,False,False,0.5307583175115448
difficulty_level,2,hard,0.6195657513929784,4,5,ari_stability_quant,3,0.9707611559484581,False,False,0.8094425017785423
difficulty_level,2,hard,0.6195657513929784,4,5,ari_stability_quant,4,0.9559772903716299,False,False,0.9318935118143167
difficulty_level,2,hard,0.6195657513929784,4,5,ari_stability_quant,5,1.0,True,True,1.0
difficulty_level,2,hard,0.6195657513929784,4,5,ari_stability_quant,6,0.9211227492329509,False,False,0.6641784901628431
difficulty_level,2,hard,0.6195657513929784,4,5,ari_stability_quant,7,0.7891204780148873,False,False,0.5307583175115448
difficulty_level,2,hard,0.6195657513929784,4,5,consensus_ce_stability,3,0.9594033481291104,False,False,0.8094425017785423
difficulty_level,2,hard,0.6195657513929784,4,5,consensus_ce_stability,4,0.9472989517729209,False,False,0.9318935118143167
difficulty_level,2,hard,0.6195657513929784,4,5,consensus_ce_stability,5,0.9999999999586944,True,True,1.0
difficulty_level,2,hard,0.6195657513929784,4,5,consensus_ce_stability,6,0.9228141583982196,False,False,0.6641784901628431
difficulty_level,2,hard,0.6195657513929784,4,5,consensus_ce_stability,7,0.8729035272040517,False,False,0.5307583175115448
difficulty_level,2,hard,0.6195657513929784,4,5,consensus_gini_stability,3,0.9718393296197106,False,False,0.8094425017785423
difficulty_level,2,hard,0.6195657513929784,4,5,consensus_gini_stability,4,0.9539888563129838,False,False,0.9318935118143167
difficulty_level,2,hard,0.6195657513929784,4,5,consensus_gini_stability,5,1.0,True,True,1.0
difficulty_level,2,hard,0.6195657513929784,4,5,consensus_gini_stability,6,0.9393483784794329,False,False,0.6641784901628431
difficulty_level,2,hard,0.6195657513929784,4,5,consensus_gini_stability,7,0.8852920273384752,False,False,0.5307583175115448
difficulty_level,2,hard,0.6195657513929784,4,5,consensus_pac_stability,3,0.9257647320435847,False,False,0.8094425017785423
difficulty_level,2,hard,0.6195657513929784,4,5,consensus_pac_stability,4,0.9345483655770513,False,False,0.9318935118143167
difficulty_level,2,hard,0.6195657513929784,4,5,consensus_pac_stability,5,1.0,True,True,1.0
difficulty_level,2,hard,0.6195657513929784,4,5,consensus_pac_stability,6,0.8761156326439848,False,False,0.6641784901628431
difficulty_level,2,hard,0.6195657513929784,4,5,consensus_pac_stability,7,0.8434849899933289,False,False,0.5307583175115448
difficulty_level,2,hard,0.6195657513929784,4,5,silhouette,3,0.20829533326848704,False,False,0.8827075508075634
difficulty_level,2,hard,0.6195657513929784,4,5,silhouette,4,0.21775832816356683,False,False,0.9558030916651433
difficulty_level,2,hard,0.6195657513929784,4,5,silhouette,5,0.2937957613890256,False,True,0.6195657513929784
difficulty_level,2,hard,0.6195657513929784,4,5,silhouette,6,0.32360147491038826,True,False,0.6631539337106251
difficulty_level,2,hard,0.6195657513929784,4,5,silhouette,7,0.3171957996930674,False,False,0.5346389069750835
difficulty_level,2,hard,0.6195657513929784,4,5,gap,3,1.0342985950918955,False,False,0.8827075508075634
difficulty_level,2,hard,0.6195657513929784,4,5,gap,4,1.0694777927964783,False,False,0.9558030916651433
difficulty_level,2,hard,0.6195657513929784,4,5,gap,5,1.28363641972717,False,True,0.6195657513929784
difficulty_level,2,hard,0.6195657513929784,4,5,gap,6,1.3520023080413406,False,False,0.6631539337106251
difficulty_level,2,hard,0.6195657513929784,4,5,gap,7,1.4638492110105474,True,False,0.5346389069750835
difficulty_level,2,hard,0.6195657513929784,4,5,davies_bouldin,3,0.2740716775072448,False,False,0.8827075508075634
difficulty_level,2,hard,0.6195657513929784,4,5,davies_bouldin,4,0.27814152134788556,False,False,0.9558030916651433
difficulty_level,2,hard,0.6195657513929784,4,5,davies_bouldin,5,0.30637658197441686,False,True,0.6195657513929784
difficulty_level,2,hard,0.6195657513929784,4,5,davies_bouldin,6,0.3364685336545623,False,False,0.6631539337106251
difficulty_level,2,hard,0.6195657513929784,4,5,davies_bouldin,7,0.3543982747532502,True,False,0.5346389069750835
difficulty_level,2,hard,0.6195657513929784,4,5,calinski_harabasz,3,154.79279571960998,False,False,0.8827075508075634
difficulty_level,2,hard,0.6195657513929784,4,5,calinski_harabasz,4,130.0699835891928,False,False,0.9558030916651433
difficulty_level,2,hard,0.6195657513929784,4,5,calinski_harabasz,5,214.12328312825485,False,True,0.6195657513929784
difficulty_level,2,hard,0.6195657513929784,4,5,calinski_harabasz,6,207.50532672015177,False,False,0.6631539337106251
difficulty_level,2,hard,0.6195657513929784,4,5,calinski_harabasz,7,225.55431021660786,True,False,0.5346389069750835
difficulty_level,2,hard,1.0,5,5,accuracy_generalizability,3,0.8949362596705234,False,False,0.8779415357055614
difficulty_level,2,hard,1.0,5,5,accuracy_generalizability,4,0.8688116162339311,False,False,0.95863800667752
difficulty_level,2,hard,1.0,5,5,accuracy_generalizability,5,0.7168051897981099,False,True,1.0
difficulty_level,2,hard,1.0,5,5,accuracy_generalizability,6,0.8767598936215933,False,False,0.6075218191238853
difficulty_level,2,hard,1.0,5,5,accuracy_generalizability,7,0.9413465569575862,True,False,0.4780741377552311
difficulty_level,2,hard,1.0,5,5,ari_average,3,0.9396239770332778,True,False,0.8779415357055614
difficulty_level,2,hard,1.0,5,5,ari_average,4,0.9064020441883008,False,False,0.95863800667752
difficulty_level,2,hard,1.0,5,5,ari_average,5,0.8245166151924311,False,True,1.0
difficulty_level,2,hard,1.0,5,5,ari_average,6,0.8460867019620008,False,False,0.6075218191238853
difficulty_level,2,hard,1.0,5,5,ari_average,7,0.8904115965580361,False,False,0.4780741377552311
difficulty_level,2,hard,1.0,5,5,ari_average_1se,3,0.9396239770332778,True,False,0.8779415357055614
difficulty_level,2,hard,1.0,5,5,ari_average_1se,4,0.9064020441883008,False,False,0.95863800667752
difficulty_level,2,hard,1.0,5,5,ari_average_1se,5,0.8245166151924311,False,True,1.0
difficulty_level,2,hard,1.0,5,5,ari_average_1se,6,0.8460867019620008,False,False,0.6075218191238853
difficulty_level,2,hard,1.0,5,5,ari_average_1se,7,0.8904115965580361,False,False,0.4780741377552311
difficulty_level,2,hard,1.0,5,5,ari_average_quant,3,0.9396239770332778,False,False,0.8779415357055614
difficulty_level,2,hard,1.0,5,5,ari_average_quant,4,0.9064020441883008,False,False,0.95863800667752
difficulty_level,2,hard,1.0,5,5,ari_average_quant,5,0.8245166151924311,False,True,1.0
difficulty_level,2,hard,1.0,5,5,ari_average_quant,6,0.8460867019620008,False,False,0.6075218191238853
difficulty_level,2,hard,1.0,5,5,ari_average_quant,7,0.8904115965580361,True,False,0.4780741377552311
difficulty_level,2,hard,1.0,5,5,ari_generalizability,3,0.89732762151856,True,False,0.8779415357055614
difficulty_level,2,hard,1.0,5,5,ari_generalizability,4,0.849349079468593,False,False,0.95863800667752
difficulty_level,2,hard,1.0,5,5,ari_generalizability,5,0.6490332303848624,False,True,1.0
difficulty_level,2,hard,1.0,5,5,ari_generalizability,6,0.8004962329879635,False,False,0.6075218191238853
difficulty_level,2,hard,1.0,5,5,ari_generalizability,7,0.8715822685035015,False,False,0.4780741377552311
difficulty_level,2,hard,1.0,5,5,ari_generalizability_1se,3,0.89732762151856,True,False,0.8779415357055614
difficulty_level,2,hard,1.0,5,5,ari_generalizability_1se,4,0.849349079468593,False,False,0.95863800667752
difficulty_level,2,hard,1.0,5,5,ari_generalizability_1se,5,0.6490332303848624,False,True,1.0
difficulty_level,2,hard,1.0,5,5,ari_generalizability_1se,6,0.8004962329879635,False,False,0.6075218191238853
difficulty_level,2,hard,1.0,5,5,ari_generalizability_1se,7,0.8715822685035015,False,False,0.4780741377552311
difficulty_level,2,hard,1.0,5,5,ari_generalizability_quant,3,0.89732762151856,False,False,0.8779415357055614
difficulty_level,2,hard,1.0,5,5,ari_generalizability_quant,4,0.849349079468593,False,False,0.95863800667752
difficulty_level,2,hard,1.0,5,5,ari_generalizability_quant,5,0.6490332303848624,False,True,1.0
difficulty_level,2,hard,1.0,5,5,ari_generalizability_quant,6,0.8004962329879635,False,False,0.6075218191238853
difficulty_level,2,hard,1.0,5,5,ari_generalizability_quant,7,0.8715822685035015,True,False,0.4780741377552311
difficulty_level,2,hard,1.0,5,5,ari_stability,3,0.9819203325479955,False,False,0.8779415357055614
difficulty_level,2,hard,1.0,5,5,ari_stability,4,0.963455008908009,False,False,0.95863800667752
difficulty_level,2,hard,1.0,5,5,ari_stability,5,1.0,True,True,1.0
difficulty_level,2,hard,1.0,5,5,ari_stability,6,0.8916771709360378,False,False,0.6075218191238853
difficulty_level,2,hard,1.0,5,5,ari_stability,7,0.9092409246125708,False,False,0.4780741377552311
difficulty_level,2,hard,1.0,5,5,ari_stability_1se,3,0.9819203325479955,False,False,0.8779415357055614
difficulty_level,2,hard,1.0,5,5,ari_stability_1se,4,0.963455008908009,False,False,0.95863800667752
difficulty_level,2,hard,1.0,5,5,ari_stability_1se,5,1.0,True,True,1.0
difficulty_level,2,hard,1.0,5,5,ari_stability_1se,6,0.8916771709360378,False,False,0.6075218191238853
difficulty_level,2,hard,1.0,5,5,ari_stability_1se,7,0.9092409246125708,False,False,0.4780741377552311
difficulty_level,2,hard,1.0,5,5,ari_stability_quant,3,0.9819203325479955,False,False,0.8779415357055614
difficulty_level,2,hard,1.0,5,5,ari_stability_quant,4,0.963455008908009,False,False,0.95863800667752
difficulty_level,2,hard,1.0,5,5,ari_stability_quant,5,1.0,True,True,1.0
difficulty_level,2,hard,1.0,5,5,ari_stability_quant,6,0.8916771709360378,False,False,0.6075218191238853
difficulty_level,2,hard,1.0,5,5,ari_stability_quant,7,0.9092409246125708,False,False,0.4780741377552311
difficulty_level,2,hard,1.0,5,5,consensus_ce_stability,3,0.9614935757166129,False,False,0.8779415357055614
difficulty_level,2,hard,1.0,5,5,consensus_ce_stability,4,0.9593992007968966,False,False,0.95863800667752
difficulty_level,2,hard,1.0,5,5,consensus_ce_stability,5,0.9999999999586944,True,True,1.0
difficulty_level,2,hard,1.0,5,5,consensus_ce_stability,6,0.9080351911591239,False,False,0.6075218191238853
difficulty_level,2,hard,1.0,5,5,consensus_ce_stability,7,0.938447591221142,False,False,0.4780741377552311
difficulty_level,2,hard,1.0,5,5,consensus_gini_stability,3,0.9717242214431648,False,False,0.8779415357055614
difficulty_level,2,hard,1.0,5,5,consensus_gini_stability,4,0.9633739276009575,False,False,0.95863800667752
difficulty_level,2,hard,1.0,5,5,consensus_gini_stability,5,1.0,True,True,1.0
difficulty_level,2,hard,1.0,5,5,consensus_gini_stability,6,0.9271016710611927,False,False,0.6075218191238853
difficulty_level,2,hard,1.0,5,5,consensus_gini_stability,7,0.9494834292656875,False,False,0.4780741377552311
difficulty_level,2,hard,1.0,5,5,consensus_pac_stability,3,0.9263793640204581,False,False,0.8779415357055614
difficulty_level,2,hard,1.0,5,5,consensus_pac_stability,4,0.9578421169668668,False,False,0.95863800667752
difficulty_level,2,hard,1.0,5,5,consensus_pac_stability,5,1.0,True,True,1.0
difficulty_level,2,hard,1.0,5,5,consensus_pac_stability,6,0.8767026906826774,False,False,0.6075218191238853
difficulty_level,2,hard,1.0,5,5,consensus_pac_stability,7,0.9230464754280632,False,False,0.4780741377552311
difficulty_level,2,hard,1.0,5,5,silhouette,3,0.1866866855350995,False,False,0.8779415357055614
difficulty_level,2,hard,1.0,5,5,silhouette,4,0.21400387346783753,False,False,0.95863800667752
difficulty_level,2,hard,1.0,5,5,silhouette,5,0.3055552763448139,False,True,0.5632531761900088
difficulty_level,2,hard,1.0,5,5,silhouette,6,0.3526148760847119,False,False,0.4366915537935903
difficulty_level,2,hard,1.0,5,5,silhouette,7,0.3781056296337641,True,False,0.47756273916181496
difficulty_level,2,hard,1.0,5,5,gap,3,0.958667929523747,False,False,0.8779415357055614
difficulty_level,2,hard,1.0,5,5,gap,4,1.013820572912575,False,False,0.95863800667752
difficulty_level,2,hard,1.0,5,5,gap,5,1.256916681458467,False,True,0.5632531761900088
difficulty_level,2,hard,1.0,5,5,gap,6,1.4265528154912772,False,False,0.4366915537935903
difficulty_level,2,hard,1.0,5,5,gap,7,1.5006186958012897,True,False,0.47756273916181496
difficulty_level,2,hard,1.0,5,5,davies_bouldin,3,0.2572512116260326,False,False,0.8779415357055614
difficulty_level,2,hard,1.0,5,5,davies_bouldin,4,0.2831259103099831,False,False,0.95863800667752
difficulty_level,2,hard,1.0,5,5,davies_bouldin,5,0.3079358870405428,False,True,0.5632531761900088
difficulty_level,2,hard,1.0,5,5,davies_bouldin,6,0.3338360098390455,False,False,0.4366915537935903
difficulty_level,2,hard,1.0,5,5,davies_bouldin,7,0.34244439237062135,True,False,0.47756273916181496
difficulty_level,2,hard,1.0,5,5,calinski_harabasz,3,112.25526773825639,False,False,0.8779415357055614
difficulty_level,2,hard,1.0,5,5,calinski_harabasz,4,112.45656758669074,False,False,0.95863800667752
difficulty_level,2,hard,1.0,5,5,calinski_harabasz,5,214.26808854766742,False,True,0.5632531761900088
difficulty_level,2,hard,1.0,5,5,calinski_harabasz,6,261.60717581253243,True,False,0.4366915537935903
difficulty_level,2,hard,1.0,5,5,calinski_harabasz,7,256.43730835000184,False,False,0.47756273916181496
difficulty_level,2,hard,1.0,6,5,accuracy_generalizability,3,0.8787036988694258,False,False,0.8726297427496339
difficulty_level,2,hard,1.0,6,5,accuracy_generalizability,4,0.947155238100403,True,False,0.956344427329933
difficulty_level,2,hard,1.0,6,5,accuracy_generalizability,5,0.8193194587794971,False,True,1.0
difficulty_level,2,hard,1.0,6,5,accuracy_generalizability,6,0.932327337739432,False,False,0.6450236592191194
difficulty_level,2,hard,1.0,6,5,accuracy_generalizability,7,0.9038720277547722,False,False,0.527850580850578
difficulty_level,2,hard,1.0,6,5,ari_average,3,0.8858845763132662,False,False,0.8726297427496339
difficulty_level,2,hard,1.0,6,5,ari_average,4,0.9586343417467776,True,False,0.956344427329933
difficulty_level,2,hard,1.0,6,5,ari_average,5,0.8906061758548323,False,True,1.0
difficulty_level,2,hard,1.0,6,5,ari_average,6,0.8922531328564007,False,False,0.6450236592191194
difficulty_level,2,hard,1.0,6,5,ari_average,7,0.8368375352936184,False,False,0.527850580850578
difficulty_level,2,hard,1.0,6,5,ari_average_1se,3,0.8858845763132662,False,False,0.8726297427496339
difficulty_level,2,hard,1.0,6,5,ari_average_1se,4,0.9586343417467776,True,False,0.956344427329933
difficulty_level,2,hard,1.0,6,5,ari_average_1se,5,0.8906061758548323,False,True,1.0
difficulty_level,2,hard,1.0,6,5,ari_average_1se,6,0.8922531328564007,False,False,0.6450236592191194
difficulty_level,2,hard,1.0,6,5,ari_average_1se,7,0.8368375352936184,False,False,0.527850580850578
difficulty_level,2,hard,1.0,6,5,ari_average_quant,3,0.8858845763132662,False,False,0.8726297427496339
difficulty_level,2,hard,1.0,6,5,ari_average_quant,4,0.9586343417467776,False,False,0.956344427329933
difficulty_level,2,hard,1.0,6,5,ari_average_quant,5,0.8906061758548323,False,True,1.0
difficulty_level,2,hard,1.0,6,5,ari_average_quant,6,0.8922531328564007,False,False,0.6450236592191194
difficulty_level,2,hard,1.0,6,5,ari_average_quant,7,0.8368375352936184,True,False,0.527850580850578
difficulty_level,2,hard,1.0,6,5,ari_generalizability,3,0.8709656168075246,False,False,0.8726297427496339
difficulty_level,2,hard,1.0,6,5,ari_generalizability,4,0.9370266346162158,True,False,0.956344427329933
difficulty_level,2,hard,1.0,6,5,ari_generalizability,5,0.7813765086615728,False,True,1.0
difficulty_level,2,hard,1.0,6,5,ari_generalizability,6,0.8724489868580281,False,False,0.6450236592191194
difficulty_level,2,hard,1.0,6,5,ari_generalizability,7,0.8291503663898219,False,False,0.527850580850578
difficulty_level,2,hard,1.0,6,5,ari_generalizability_1se,3,0.8709656168075246,False,False,0.8726297427496339
difficulty_level,2,hard,1.0,6,5,ari_generalizability_1se,4,0.9370266346162158,True,False,0.956344427329933
difficulty_level,2,hard,1.0,6,5,ari_generalizability_1se,5,0.7813765086615728,False,True,1.0
difficulty_level,2,hard,1.0,6,5,ari_generalizability_1se,6,0.8724489868580281,False,False,0.6450236592191194
difficulty_level,2,hard,1.0,6,5,ari_generalizability_1se,7,0.8291503663898219,False,False,0.527850580850578
difficulty_level,2,hard,1.0,6,5,ari_generalizability_quant,3,0.8709656168075246,False,False,0.8726297427496339
difficulty_level,2,hard,1.0,6,5,ari_generalizability_quant,4,0.9370266346162158,False,False,0.956344427329933
difficulty_level,2,hard,1.0,6,5,ari_generalizability_quant,5,0.7813765086615728,False,True,1.0
difficulty_level,2,hard,1.0,6,5,ari_generalizability_quant,6,0.8724489868580281,False,False,0.6450236592191194
difficulty_level,2,hard,1.0,6,5,ari_generalizability_quant,7,0.8291503663898219,True,False,0.527850580850578
difficulty_level,2,hard,1.0,6,5,ari_stability,3,0.9008035358190079,False,False,0.8726297427496339
difficulty_level,2,hard,1.0,6,5,ari_stability,4,0.9802420488773395,False,False,0.956344427329933
difficulty_level,2,hard,1.0,6,5,ari_stability,5,0.9998358430480917,True,True,1.0
difficulty_level,2,hard,1.0,6,5,ari_stability,6,0.9120572788547734,False,False,0.6450236592191194
difficulty_level,2,hard,1.0,6,5,ari_stability,7,0.8445247041974144,False,False,0.527850580850578
difficulty_level,2,hard,1.0,6,5,ari_stability_1se,3,0.9008035358190079,False,False,0.8726297427496339
difficulty_level,2,hard,1.0,6,5,ari_stability_1se,4,0.9802420488773395,False,False,0.956344427329933
difficulty_level,2,hard,1.0,6,5,ari_stability_1se,5,0.9998358430480917,True,True,1.0
difficulty_level,2,hard,1.0,6,5,ari_stability_1se,6,0.9120572788547734,False,False,0.6450236592191194
difficulty_level,2,hard,1.0,6,5,ari_stability_1se,7,0.8445247041974144,False,False,0.527850580850578
difficulty_level,2,hard,1.0,6,5,ari_stability_quant,3,0.9008035358190079,False,False,0.8726297427496339
difficulty_level,2,hard,1.0,6,5,ari_stability_quant,4,0.9802420488773395,False,False,0.956344427329933
difficulty_level,2,hard,1.0,6,5,ari_stability_quant,5,0.9998358430480917,True,True,1.0
difficulty_level,2,hard,1.0,6,5,ari_stability_quant,6,0.9120572788547734,False,False,0.6450236592191194
difficulty_level,2,hard,1.0,6,5,ari_stability_quant,7,0.8445247041974144,False,False,0.527850580850578
difficulty_level,2,hard,1.0,6,5,consensus_ce_stability,3,0.8899995415910956,False,False,0.8726297427496339
difficulty_level,2,hard,1.0,6,5,consensus_ce_stability,4,0.9771479004620672,False,False,0.956344427329933
difficulty_level,2,hard,1.0,6,5,consensus_ce_stability,5,0.9994792046312905,True,True,1.0
difficulty_level,2,hard,1.0,6,5,consensus_ce_stability,6,0.9171665324813305,False,False,0.6450236592191194
difficulty_level,2,hard,1.0,6,5,consensus_ce_stability,7,0.9088552300921932,False,False,0.527850580850578
difficulty_level,2,hard,1.0,6,5,consensus_gini_stability,3,0.8965722677398786,False,False,0.8726297427496339
difficulty_level,2,hard,1.0,6,5,consensus_gini_stability,4,0.9843575782620168,False,False,0.956344427329933
difficulty_level,2,hard,1.0,6,5,consensus_gini_stability,5,0.9996960407034002,True,True,1.0
difficulty_level,2,hard,1.0,6,5,consensus_gini_stability,6,0.9344740953885333,False,False,0.6450236592191194
difficulty_level,2,hard,1.0,6,5,consensus_gini_stability,7,0.9230802108203061,False,False,0.527850580850578
difficulty_level,2,hard,1.0,6,5,consensus_pac_stability,3,0.8899577496108517,False,False,0.8726297427496339
difficulty_level,2,hard,1.0,6,5,consensus_pac_stability,4,0.9664158327774072,False,False,0.956344427329933
difficulty_level,2,hard,1.0,6,5,consensus_pac_stability,5,1.0,True,True,1.0
difficulty_level,2,hard,1.0,6,5,consensus_pac_stability,6,0.8784656437625084,False,False,0.6450236592191194
difficulty_level,2,hard,1.0,6,5,consensus_pac_stability,7,0.8728494551923505,False,False,0.527850580850578
difficulty_level,2,hard,1.0,6,5,silhouette,3,0.23451123837871532,False,False,0.7181503974044472
difficulty_level,2,hard,1.0,6,5,silhouette,4,0.21642830648920472,False,False,0.7763756206698399
difficulty_level,2,hard,1.0,6,5,silhouette,5,0.22607389415671356,False,True,1.0
difficulty_level,2,hard,1.0,6,5,silhouette,6,0.27519573551848,False,False,0.471057281900272
difficulty_level,2,hard,1.0,6,5,silhouette,7,0.3225857201725768,True,False,0.5173085224128385
difficulty_level,2,hard,1.0,6,5,gap,3,1.183534522901624,False,False,0.7181503974044472
difficulty_level,2,hard,1.0,6,5,gap,4,1.2387338311435592,False,False,0.7763756206698399
difficulty_level,2,hard,1.0,6,5,gap,5,1.2842784066853792,False,True,1.0
difficulty_level,2,hard,1.0,6,5,gap,6,1.4883881493357265,False,False,0.471057281900272
difficulty_level,2,hard,1.0,6,5,gap,7,1.5988668925538114,True,False,0.5173085224128385
difficulty_level,2,hard,1.0,6,5,davies_bouldin,3,0.27943367014339504,False,False,0.7181503974044472
difficulty_level,2,hard,1.0,6,5,davies_bouldin,4,0.30746000851525235,False,False,0.7763756206698399
difficulty_level,2,hard,1.0,6,5,davies_bouldin,5,0.3040876182164298,False,True,1.0
difficulty_level,2,hard,1.0,6,5,davies_bouldin,6,0.33223918313958045,False,False,0.471057281900272
difficulty_level,2,hard,1.0,6,5,davies_bouldin,7,0.34868251158719554,True,False,0.5173085224128385
difficulty_level,2,hard,1.0,6,5,calinski_harabasz,3,132.3638668956648,False,False,0.7181503974044472
difficulty_level,2,hard,1.0,6,5,calinski_harabasz,4,126.69085185077812,False,False,0.7763756206698399
difficulty_level,2,hard,1.0,6,5,calinski_harabasz,5,119.95303903870162,False,True,1.0
difficulty_level,2,hard,1.0,6,5,calinski_harabasz,6,188.6055626422757,False,False,0.471057281900272
difficulty_level,2,hard,1.0,6,5,calinski_harabasz,7,207.21559420972946,True,False,0.5173085224128385
difficulty_level,2,hard,0.5243964111193196,7,5,accuracy_generalizability,3,0.8511987105578619,False,False,0.8779415357055614
difficulty_level,2,hard,0.5243964111193196,7,5,accuracy_generalizability,4,0.84779139808205,False,False,0.95863800667752
difficulty_level,2,hard,0.5243964111193196,7,5,accuracy_generalizability,5,0.8265645239296152,False,True,1.0
difficulty_level,2,hard,0.5243964111193196,7,5,accuracy_generalizability,6,0.8680595987320158,False,False,0.5956038468010129
difficulty_level,2,hard,0.5243964111193196,7,5,accuracy_generalizability,7,0.9044784854476484,True,False,0.4794042339428552
difficulty_level,2,hard,0.5243964111193196,7,5,ari_average,3,0.8840340257175592,False,False,0.8779415357055614
difficulty_level,2,hard,0.5243964111193196,7,5,ari_average,4,0.9018491912122232,True,False,0.95863800667752
difficulty_level,2,hard,0.5243964111193196,7,5,ari_average,5,0.8945604634033844,False,True,1.0
difficulty_level,2,hard,0.5243964111193196,7,5,ari_average,6,0.8041160569791246,False,False,0.5956038468010129
difficulty_level,2,hard,0.5243964111193196,7,5,ari_average,7,0.8178892086195388,False,False,0.4794042339428552
difficulty_level,2,hard,0.5243964111193196,7,5,ari_average_1se,3,0.8840340257175592,False,False,0.8779415357055614
difficulty_level,2,hard,0.5243964111193196,7,5,ari_average_1se,4,0.9018491912122232,False,False,0.95863800667752
difficulty_level,2,hard,0.5243964111193196,7,5,ari_average_1se,5,0.8945604634033844,True,True,1.0
difficulty_level,2,hard,0.5243964111193196,7,5,ari_average_1se,6,0.8041160569791246,False,False,0.5956038468010129
difficulty_level,2,hard,0.5243964111193196,7,5,ari_average_1se,7,0.8178892086195388,False,False,0.4794042339428552
difficulty_level,2,hard,0.5243964111193196,7,5,ari_average_quant,3,0.8840340257175592,False,False,0.8779415357055614
difficulty_level,2,hard,0.5243964111193196,7,5,ari_average_quant,4,0.9018491912122232,False,False,0.95863800667752
difficulty_level,2,hard,0.5243964111193196,7,5,ari_average_quant,5,0.8945604634033844,False,True,1.0
difficulty_level,2,hard,0.5243964111193196,7,5,ari_average_quant,6,0.8041160569791246,False,False,0.5956038468010129
difficulty_level,2,hard,0.5243964111193196,7,5,ari_average_quant,7,0.8178892086195388,True,False,0.4794042339428552
difficulty_level,2,hard,0.5243964111193196,7,5,ari_generalizability,3,0.8628224075674809,True,False,0.8779415357055614
difficulty_level,2,hard,0.5243964111193196,7,5,ari_generalizability,4,0.8558366227494919,False,False,0.95863800667752
difficulty_level,2,hard,0.5243964111193196,7,5,ari_generalizability,5,0.7891209268067685,False,True,1.0
difficulty_level,2,hard,0.5243964111193196,7,5,ari_generalizability,6,0.7576932323254065,False,False,0.5956038468010129
difficulty_level,2,hard,0.5243964111193196,7,5,ari_generalizability,7,0.8019895114541782,False,False,0.4794042339428552
difficulty_level,2,hard,0.5243964111193196,7,5,ari_generalizability_1se,3,0.8628224075674809,False,False,0.8779415357055614
difficulty_level,2,hard,0.5243964111193196,7,5,ari_generalizability_1se,4,0.8558366227494919,True,False,0.95863800667752
difficulty_level,2,hard,0.5243964111193196,7,5,ari_generalizability_1se,5,0.7891209268067685,False,True,1.0
difficulty_level,2,hard,0.5243964111193196,7,5,ari_generalizability_1se,6,0.7576932323254065,False,False,0.5956038468010129
difficulty_level,2,hard,0.5243964111193196,7,5,ari_generalizability_1se,7,0.8019895114541782,False,False,0.4794042339428552
difficulty_level,2,hard,0.5243964111193196,7,5,ari_generalizability_quant,3,0.8628224075674809,False,False,0.8779415357055614
difficulty_level,2,hard,0.5243964111193196,7,5,ari_generalizability_quant,4,0.8558366227494919,True,False,0.95863800667752
difficulty_level,2,hard,0.5243964111193196,7,5,ari_generalizability_quant,5,0.7891209268067685,False,True,1.0
difficulty_level,2,hard,0.5243964111193196,7,5,ari_generalizability_quant,6,0.7576932323254065,False,False,0.5956038468010129
difficulty_level,2,hard,0.5243964111193196,7,5,ari_generalizability_quant,7,0.8019895114541782,False,False,0.4794042339428552
difficulty_level,2,hard,0.5243964111193196,7,5,ari_stability,3,0.9052456438676374,False,False,0.8779415357055614
difficulty_level,2,hard,0.5243964111193196,7,5,ari_stability,4,0.9478617596749543,False,False,0.95863800667752
difficulty_level,2,hard,0.5243964111193196,7,5,ari_stability,5,1.0,True,True,1.0
difficulty_level,2,hard,0.5243964111193196,7,5,ari_stability,6,0.8505388816328425,False,False,0.5956038468010129
difficulty_level,2,hard,0.5243964111193196,7,5,ari_stability,7,0.8337889057848996,False,False,0.4794042339428552
difficulty_level,2,hard,0.5243964111193196,7,5,ari_stability_1se,3,0.9052456438676374,False,False,0.8779415357055614
difficulty_level,2,hard,0.5243964111193196,7,5,ari_stability_1se,4,0.9478617596749543,False,False,0.95863800667752
difficulty_level,2,hard,0.5243964111193196,7,5,ari_stability_1se,5,1.0,True,True,1.0
difficulty_level,2,hard,0.5243964111193196,7,5,ari_stability_1se,6,0.8505388816328425,False,False,0.5956038468010129
difficulty_level,2,hard,0.5243964111193196,7,5,ari_stability_1se,7,0.8337889057848996,False,False,0.4794042339428552
difficulty_level,2,hard,0.5243964111193196,7,5,ari_stability_quant,3,0.9052456438676374,False,False,0.8779415357055614
difficulty_level,2,hard,0.5243964111193196,7,5,ari_stability_quant,4,0.9478617596749543,False,False,0.95863800667752
difficulty_level,2,hard,0.5243964111193196,7,5,ari_stability_quant,5,1.0,True,True,1.0
difficulty_level,2,hard,0.5243964111193196,7,5,ari_stability_quant,6,0.8505388816328425,False,False,0.5956038468010129
difficulty_level,2,hard,0.5243964111193196,7,5,ari_stability_quant,7,0.8337889057848996,False,False,0.4794042339428552
difficulty_level,2,hard,0.5243964111193196,7,5,consensus_ce_stability,3,0.8958215669195729,False,False,0.8779415357055614
difficulty_level,2,hard,0.5243964111193196,7,5,consensus_ce_stability,4,0.945772610982748,False,False,0.95863800667752
difficulty_level,2,hard,0.5243964111193196,7,5,consensus_ce_stability,5,0.9999999999586944,True,True,1.0
difficulty_level,2,hard,0.5243964111193196,7,5,consensus_ce_stability,6,0.8527659020025867,False,False,0.5956038468010129
difficulty_level,2,hard,0.5243964111193196,7,5,consensus_ce_stability,7,0.8841690417828628,False,False,0.4794042339428552
difficulty_level,2,hard,0.5243964111193196,7,5,consensus_gini_stability,3,0.9007423579666298,False,False,0.8779415357055614
difficulty_level,2,hard,0.5243964111193196,7,5,consensus_gini_stability,4,0.9513097855773831,False,False,0.95863800667752
difficulty_level,2,hard,0.5243964111193196,7,5,consensus_gini_stability,5,1.0,True,True,1.0
difficulty_level,2,hard,0.5243964111193196,7,5,consensus_gini_stability,6,0.877182784784327,False,False,0.5956038468010129
difficulty_level,2,hard,0.5243964111193196,7,5,consensus_gini_stability,7,0.9024006945951031,False,False,0.4794042339428552
difficulty_level,2,hard,0.5243964111193196,7,5,consensus_pac_stability,3,0.879926173004225,False,False,0.8779415357055614
difficulty_level,2,hard,0.5243964111193196,7,5,consensus_pac_stability,4,0.9344469646430954,False,False,0.95863800667752
difficulty_level,2,hard,0.5243964111193196,7,5,consensus_pac_stability,5,1.0,True,True,1.0
difficulty_level,2,hard,0.5243964111193196,7,5,consensus_pac_stability,6,0.7821098510117857,False,False,0.5956038468010129
difficulty_level,2,hard,0.5243964111193196,7,5,consensus_pac_stability,7,0.8286386479875473,False,False,0.4794042339428552
difficulty_level,2,hard,0.5243964111193196,7,5,silhouette,3,0.21596278221146123,False,False,0.8779415357055614
difficulty_level,2,hard,0.5243964111193196,7,5,silhouette,4,0.2278288959738859,False,False,0.3112231276859167
difficulty_level,2,hard,0.5243964111193196,7,5,silhouette,5,0.2622757494187134,False,True,1.0
difficulty_level,2,hard,0.5243964111193196,7,5,silhouette,6,0.3082070427150972,False,False,0.3559510623161704
difficulty_level,2,hard,0.5243964111193196,7,5,silhouette,7,0.336930648265655,True,False,0.44792108444629275
difficulty_level,2,hard,0.5243964111193196,7,5,gap,3,1.0772557891937247,False,False,0.8779415357055614
difficulty_level,2,hard,0.5243964111193196,7,5,gap,4,1.197949519631246,False,False,0.3112231276859167
difficulty_level,2,hard,0.5243964111193196,7,5,gap,5,1.1894581251075316,False,True,1.0
difficulty_level,2,hard,0.5243964111193196,7,5,gap,6,1.465442446224559,False,False,0.3559510623161704
difficulty_level,2,hard,0.5243964111193196,7,5,gap,7,1.547116018456924,True,False,0.44792108444629275
difficulty_level,2,hard,0.5243964111193196,7,5,davies_bouldin,3,0.27203454738839355,False,False,0.8779415357055614
difficulty_level,2,hard,0.5243964111193196,7,5,davies_bouldin,4,0.3337604555321825,False,False,0.3112231276859167
difficulty_level,2,hard,0.5243964111193196,7,5,davies_bouldin,5,0.3255095749066021,False,True,1.0
difficulty_level,2,hard,0.5243964111193196,7,5,davies_bouldin,6,0.3591131778086086,True,False,0.3559510623161704
difficulty_level,2,hard,0.5243964111193196,7,5,davies_bouldin,7,0.3590750924567681,False,False,0.44792108444629275
difficulty_level,2,hard,0.5243964111193196,7,5,calinski_harabasz,3,130.5988156875711,False,False,0.8779415357055614
difficulty_level,2,hard,0.5243964111193196,7,5,calinski_harabasz,4,167.6730517323106,False,False,0.3112231276859167
difficulty_level,2,hard,0.5243964111193196,7,5,calinski_harabasz,5,124.65023948518264,False,True,1.0
difficulty_level,2,hard,0.5243964111193196,7,5,calinski_harabasz,6,229.30575388886407,False,False,0.3559510623161704
difficulty_level,2,hard,0.5243964111193196,7,5,calinski_harabasz,7,231.2587844035176,True,False,0.44792108444629275
difficulty_level,2,hard,1.0,8,5,accuracy_generalizability,3,0.8729738434031908,False,False,0.8661853676802076
difficulty_level,2,hard,1.0,8,5,accuracy_generalizability,4,0.9156410466047192,False,False,0.9526019960690805
difficulty_level,2,hard,1.0,8,5,accuracy_generalizability,5,0.9883644568595067,True,True,1.0
difficulty_level,2,hard,1.0,8,5,accuracy_generalizability,6,0.8831927774324082,False,False,0.646898398095811
difficulty_level,2,hard,1.0,8,5,accuracy_generalizability,7,0.9484615768771696,False,False,0.49650839939833125
difficulty_level,2,hard,1.0,8,5,ari_average,3,0.7572028525392297,False,False,0.8661853676802076
difficulty_level,2,hard,1.0,8,5,ari_average,4,0.952561687239358,False,False,0.9526019960690805
difficulty_level,2,hard,1.0,8,5,ari_average,5,0.9926029930409846,True,True,1.0
difficulty_level,2,hard,1.0,8,5,ari_average,6,0.8013292863357183,False,False,0.646898398095811
difficulty_level,2,hard,1.0,8,5,ari_average,7,0.8970236180910003,False,False,0.49650839939833125
difficulty_level,2,hard,1.0,8,5,ari_average_1se,3,0.7572028525392297,False,False,0.8661853676802076
difficulty_level,2,hard,1.0,8,5,ari_average_1se,4,0.952561687239358,False,False,0.9526019960690805
difficulty_level,2,hard,1.0,8,5,ari_average_1se,5,0.9926029930409846,True,True,1.0
difficulty_level,2,hard,1.0,8,5,ari_average_1se,6,0.8013292863357183,False,False,0.646898398095811
difficulty_level,2,hard,1.0,8,5,ari_average_1se,7,0.8970236180910003,False,False,0.49650839939833125
difficulty_level,2,hard,1.0,8,5,ari_average_quant,3,0.7572028525392297,False,False,0.8661853676802076
difficulty_level,2,hard,1.0,8,5,ari_average_quant,4,0.952561687239358,False,False,0.9526019960690805
difficulty_level,2,hard,1.0,8,5,ari_average_quant,5,0.9926029930409846,True,True,1.0
difficulty_level,2,hard,1.0,8,5,ari_average_quant,6,0.8013292863357183,False,False,0.646898398095811
difficulty_level,2,hard,1.0,8,5,ari_average_quant,7,0.8970236180910003,False,False,0.49650839939833125
difficulty_level,2,hard,1.0,8,5,ari_generalizability,3,0.7754150324967487,False,False,0.8661853676802076
difficulty_level,2,hard,1.0,8,5,ari_generalizability,4,0.932984065413444,False,False,0.9526019960690805
difficulty_level,2,hard,1.0,8,5,ari_generalizability,5,0.9852059860819693,True,True,1.0
difficulty_level,2,hard,1.0,8,5,ari_generalizability,6,0.764627501788801,False,False,0.646898398095811
difficulty_level,2,hard,1.0,8,5,ari_generalizability,7,0.8768072508009048,False,False,0.49650839939833125
difficulty_level,2,hard,1.0,8,5,ari_generalizability_1se,3,0.7754150324967487,False,False,0.8661853676802076
difficulty_level,2,hard,1.0,8,5,ari_generalizability_1se,4,0.932984065413444,False,False,0.9526019960690805
difficulty_level,2,hard,1.0,8,5,ari_generalizability_1se,5,0.9852059860819693,True,True,1.0
difficulty_level,2,hard,1.0,8,5,ari_generalizability_1se,6,0.764627501788801,False,False,0.646898398095811
difficulty_level,2,hard,1.0,8,5,ari_generalizability_1se,7,0.8768072508009048,False,False,0.49650839939833125
difficulty_level,2,hard,1.0,8,5,ari_generalizability_quant,3,0.7754150324967487,False,False,0.8661853676802076
difficulty_level,2,hard,1.0,8,5,ari_generalizability_quant,4,0.932984065413444,False,False,0.9526019960690805
difficulty_level,2,hard,1.0,8,5,ari_generalizability_quant,5,0.9852059860819693,True,True,1.0
difficulty_level,2,hard,1.0,8,5,ari_generalizability_quant,6,0.764627501788801,False,False,0.646898398095811
difficulty_level,2,hard,1.0,8,5,ari_generalizability_quant,7,0.8768072508009048,False,False,0.49650839939833125
difficulty_level,2,hard,1.0,8,5,ari_stability,3,0.7389906725817105,False,False,0.8661853676802076
difficulty_level,2,hard,1.0,8,5,ari_stability,4,0.9721393090652717,False,False,0.9526019960690805
difficulty_level,2,hard,1.0,8,5,ari_stability,5,1.0,True,True,1.0
difficulty_level,2,hard,1.0,8,5,ari_stability,6,0.8380310708826357,False,False,0.646898398095811
difficulty_level,2,hard,1.0,8,5,ari_stability,7,0.9172399853810959,False,False,0.49650839939833125
difficulty_level,2,hard,1.0,8,5,ari_stability_1se,3,0.7389906725817105,False,False,0.8661853676802076
difficulty_level,2,hard,1.0,8,5,ari_stability_1se,4,0.9721393090652717,False,False,0.9526019960690805
difficulty_level,2,hard,1.0,8,5,ari_stability_1se,5,1.0,True,True,1.0
difficulty_level,2,hard,1.0,8,5,ari_stability_1se,6,0.8380310708826357,False,False,0.646898398095811
difficulty_level,2,hard,1.0,8,5,ari_stability_1se,7,0.9172399853810959,False,False,0.49650839939833125
difficulty_level,2,hard,1.0,8,5,ari_stability_quant,3,0.7389906725817105,False,False,0.8661853676802076
difficulty_level,2,hard,1.0,8,5,ari_stability_quant,4,0.9721393090652717,False,False,0.9526019960690805
difficulty_level,2,hard,1.0,8,5,ari_stability_quant,5,1.0,True,True,1.0
difficulty_level,2,hard,1.0,8,5,ari_stability_quant,6,0.8380310708826357,False,False,0.646898398095811
difficulty_level,2,hard,1.0,8,5,ari_stability_quant,7,0.9172399853810959,False,False,0.49650839939833125
difficulty_level,2,hard,1.0,8,5,consensus_ce_stability,3,0.717088077896713,False,False,0.8661853676802076
difficulty_level,2,hard,1.0,8,5,consensus_ce_stability,4,0.972551279482896,False,False,0.9526019960690805
difficulty_level,2,hard,1.0,8,5,consensus_ce_stability,5,0.9999999999586944,True,True,1.0
difficulty_level,2,hard,1.0,8,5,consensus_ce_stability,6,0.8619572036020057,False,False,0.646898398095811
difficulty_level,2,hard,1.0,8,5,consensus_ce_stability,7,0.9497533917593757,False,False,0.49650839939833125
difficulty_level,2,hard,1.0,8,5,consensus_gini_stability,3,0.7453995522521452,False,False,0.8661853676802076
difficulty_level,2,hard,1.0,8,5,consensus_gini_stability,4,0.9815742258999233,False,False,0.9526019960690805
difficulty_level,2,hard,1.0,8,5,consensus_gini_stability,5,1.0,True,True,1.0
difficulty_level,2,hard,1.0,8,5,consensus_gini_stability,6,0.8852199885701848,False,False,0.646898398095811
difficulty_level,2,hard,1.0,8,5,consensus_gini_stability,7,0.9572833107588873,False,False,0.49650839939833125
difficulty_level,2,hard,1.0,8,5,consensus_pac_stability,3,0.6784861018456749,False,False,0.8661853676802076
difficulty_level,2,hard,1.0,8,5,consensus_pac_stability,4,0.9680542583944852,False,False,0.9526019960690805
difficulty_level,2,hard,1.0,8,5,consensus_pac_stability,5,1.0,True,True,1.0
difficulty_level,2,hard,1.0,8,5,consensus_pac_stability,6,0.7944967756281965,False,False,0.646898398095811
difficulty_level,2,hard,1.0,8,5,consensus_pac_stability,7,0.938462975316878,False,False,0.49650839939833125
difficulty_level,2,hard,1.0,8,5,silhouette,3,0.12230028697511988,False,False,0.4916162241990872
difficulty_level,2,hard,1.0,8,5,silhouette,4,0.1655653164839864,False,False,0.9526019960690805
difficulty_level,2,hard,1.0,8,5,silhouette,5,0.18641050299901465,False,True,1.0
difficulty_level,2,hard,1.0,8,5,silhouette,6,0.35235725049612915,False,False,0.45572145076676485
difficulty_level,2,hard,1.0,8,5,silhouette,7,0.4062105115918545,True,False,0.49385491833004874
difficulty_level,2,hard,1.0,8,5,gap,3,0.6716380883092583,False,False,0.4916162241990872
difficulty_level,2,hard,1.0,8,5,gap,4,0.7531250495324997,False,False,0.9526019960690805
difficulty_level,2,hard,1.0,8,5,gap,5,0.7920619981829766,False,True,1.0
difficulty_level,2,hard,1.0,8,5,gap,6,1.2628235393342901,False,False,0.45572145076676485
difficulty_level,2,hard,1.0,8,5,gap,7,1.4202692681387887,True,False,0.49385491833004874
difficulty_level,2,hard,1.0,8,5,davies_bouldin,3,0.2799028441497649,False,False,0.4916162241990872
difficulty_level,2,hard,1.0,8,5,davies_bouldin,4,0.2877315073779524,False,False,0.9526019960690805
difficulty_level,2,hard,1.0,8,5,davies_bouldin,5,0.31365744109067045,False,True,1.0
difficulty_level,2,hard,1.0,8,5,davies_bouldin,6,0.363197316240172,False,False,0.45572145076676485
difficulty_level,2,hard,1.0,8,5,davies_bouldin,7,0.3737937697768626,True,False,0.49385491833004874
difficulty_level,2,hard,1.0,8,5,calinski_harabasz,3,67.53336032293657,False,False,0.4916162241990872
difficulty_level,2,hard,1.0,8,5,calinski_harabasz,4,96.31026836619637,False,False,0.9526019960690805
difficulty_level,2,hard,1.0,8,5,calinski_harabasz,5,92.92562402814445,False,True,1.0
difficulty_level,2,hard,1.0,8,5,calinski_harabasz,6,302.3268828219602,False,False,0.45572145076676485
difficulty_level,2,hard,1.0,8,5,calinski_harabasz,7,340.41807057249287,True,False,0.49385491833004874
difficulty_level,2,hard,0.7598668756481496,9,5,accuracy_generalizability,3,1.0,True,False,0.857430088962001
difficulty_level,2,hard,0.7598668756481496,9,5,accuracy_generalizability,4,0.9704612172876338,False,False,0.9509998379849974
difficulty_level,2,hard,0.7598668756481496,9,5,accuracy_generalizability,5,0.9565521402255474,False,True,1.0
difficulty_level,2,hard,0.7598668756481496,9,5,accuracy_generalizability,6,0.8046044981378242,False,False,0.8688526622089747
difficulty_level,2,hard,0.7598668756481496,9,5,accuracy_generalizability,7,0.9387068053338703,False,False,0.648925632093381
difficulty_level,2,hard,0.7598668756481496,9,5,ari_average,3,1.0,True,False,0.857430088962001
difficulty_level,2,hard,0.7598668756481496,9,5,ari_average,4,0.9753113974907631,False,False,0.9509998379849974
difficulty_level,2,hard,0.7598668756481496,9,5,ari_average,5,0.9817541126220445,False,True,1.0
difficulty_level,2,hard,0.7598668756481496,9,5,ari_average,6,0.7897161709835043,False,False,0.8688526622089747
difficulty_level,2,hard,0.7598668756481496,9,5,ari_average,7,0.8957056535110026,False,False,0.648925632093381
difficulty_level,2,hard,0.7598668756481496,9,5,ari_average_1se,3,1.0,True,False,0.857430088962001
difficulty_level,2,hard,0.7598668756481496,9,5,ari_average_1se,4,0.9753113974907631,False,False,0.9509998379849974
difficulty_level,2,hard,0.7598668756481496,9,5,ari_average_1se,5,0.9817541126220445,False,True,1.0
difficulty_level,2,hard,0.7598668756481496,9,5,ari_average_1se,6,0.7897161709835043,False,False,0.8688526622089747
difficulty_level,2,hard,0.7598668756481496,9,5,ari_average_1se,7,0.8957056535110026,False,False,0.648925632093381
difficulty_level,2,hard,0.7598668756481496,9,5,ari_average_quant,3,1.0,True,False,0.857430088962001
difficulty_level,2,hard,0.7598668756481496,9,5,ari_average_quant,4,0.9753113974907631,False,False,0.9509998379849974
difficulty_level,2,hard,0.7598668756481496,9,5,ari_average_quant,5,0.9817541126220445,False,True,1.0
difficulty_level,2,hard,0.7598668756481496,9,5,ari_average_quant,6,0.7897161709835043,False,False,0.8688526622089747
difficulty_level,2,hard,0.7598668756481496,9,5,ari_average_quant,7,0.8957056535110026,False,False,0.648925632093381
difficulty_level,2,hard,0.7598668756481496,9,5,ari_generalizability,3,1.0,True,False,0.857430088962001
difficulty_level,2,hard,0.7598668756481496,9,5,ari_generalizability,4,0.9704917875568754,False,False,0.9509998379849974
difficulty_level,2,hard,0.7598668756481496,9,5,ari_generalizability,5,0.9635082252440893,False,True,1.0
difficulty_level,2,hard,0.7598668756481496,9,5,ari_generalizability,6,0.7702995627489062,False,False,0.8688526622089747
difficulty_level,2,hard,0.7598668756481496,9,5,ari_generalizability,7,0.8786778428691215,False,False,0.648925632093381
difficulty_level,2,hard,0.7598668756481496,9,5,ari_generalizability_1se,3,1.0,True,False,0.857430088962001
difficulty_level,2,hard,0.7598668756481496,9,5,ari_generalizability_1se,4,0.9704917875568754,False,False,0.9509998379849974
difficulty_level,2,hard,0.7598668756481496,9,5,ari_generalizability_1se,5,0.9635082252440893,False,True,1.0
difficulty_level,2,hard,0.7598668756481496,9,5,ari_generalizability_1se,6,0.7702995627489062,False,False,0.8688526622089747
difficulty_level,2,hard,0.7598668756481496,9,5,ari_generalizability_1se,7,0.8786778428691215,False,False,0.648925632093381
difficulty_level,2,hard,0.7598668756481496,9,5,ari_generalizability_quant,3,1.0,True,False,0.857430088962001
difficulty_level,2,hard,0.7598668756481496,9,5,ari_generalizability_quant,4,0.9704917875568754,False,False,0.9509998379849974
difficulty_level,2,hard,0.7598668756481496,9,5,ari_generalizability_quant,5,0.9635082252440893,False,True,1.0
difficulty_level,2,hard,0.7598668756481496,9,5,ari_generalizability_quant,6,0.7702995627489062,False,False,0.8688526622089747
difficulty_level,2,hard,0.7598668756481496,9,5,ari_generalizability_quant,7,0.8786778428691215,False,False,0.648925632093381
difficulty_level,2,hard,0.7598668756481496,9,5,ari_stability,3,1.0,True,False,0.857430088962001
difficulty_level,2,hard,0.7598668756481496,9,5,ari_stability,4,0.9801310074246514,False,False,0.9509998379849974
difficulty_level,2,hard,0.7598668756481496,9,5,ari_stability,5,1.0,False,True,1.0
difficulty_level,2,hard,0.7598668756481496,9,5,ari_stability,6,0.8091327792181028,False,False,0.8688526622089747
difficulty_level,2,hard,0.7598668756481496,9,5,ari_stability,7,0.9127334641528835,False,False,0.648925632093381
difficulty_level,2,hard,0.7598668756481496,9,5,ari_stability_1se,3,1.0,False,False,0.857430088962001
difficulty_level,2,hard,0.7598668756481496,9,5,ari_stability_1se,4,0.9801310074246514,False,False,0.9509998379849974
difficulty_level,2,hard,0.7598668756481496,9,5,ari_stability_1se,5,1.0,True,True,1.0
difficulty_level,2,hard,0.7598668756481496,9,5,ari_stability_1se,6,0.8091327792181028,False,False,0.8688526622089747
difficulty_level,2,hard,0.7598668756481496,9,5,ari_stability_1se,7,0.9127334641528835,False,False,0.648925632093381
difficulty_level,2,hard,0.7598668756481496,9,5,ari_stability_quant,3,1.0,False,False,0.857430088962001
difficulty_level,2,hard,0.7598668756481496,9,5,ari_stability_quant,4,0.9801310074246514,False,False,0.9509998379849974
difficulty_level,2,hard,0.7598668756481496,9,5,ari_stability_quant,5,1.0,True,True,1.0
difficulty_level,2,hard,0.7598668756481496,9,5,ari_stability_quant,6,0.8091327792181028,False,False,0.8688526622089747
difficulty_level,2,hard,0.7598668756481496,9,5,ari_stability_quant,7,0.9127334641528835,False,False,0.648925632093381
difficulty_level,2,hard,0.7598668756481496,9,5,consensus_ce_stability,3,0.9999999999586945,True,False,0.857430088962001
difficulty_level,2,hard,0.7598668756481496,9,5,consensus_ce_stability,4,0.9772719610574243,False,False,0.9509998379849974
difficulty_level,2,hard,0.7598668756481496,9,5,consensus_ce_stability,5,0.9999999999586944,False,True,1.0
difficulty_level,2,hard,0.7598668756481496,9,5,consensus_ce_stability,6,0.8716603433423358,False,False,0.8688526622089747
difficulty_level,2,hard,0.7598668756481496,9,5,consensus_ce_stability,7,0.9497017530037483,False,False,0.648925632093381
difficulty_level,2,hard,0.7598668756481496,9,5,consensus_gini_stability,3,1.0,True,False,0.857430088962001
difficulty_level,2,hard,0.7598668756481496,9,5,consensus_gini_stability,4,0.9812566009787146,False,False,0.9509998379849974
difficulty_level,2,hard,0.7598668756481496,9,5,consensus_gini_stability,5,1.0,False,True,1.0
difficulty_level,2,hard,0.7598668756481496,9,5,consensus_gini_stability,6,0.8779195514557738,False,False,0.8688526622089747
difficulty_level,2,hard,0.7598668756481496,9,5,consensus_gini_stability,7,0.9601556398900836,False,False,0.648925632093381
difficulty_level,2,hard,0.7598668756481496,9,5,consensus_pac_stability,3,1.0,True,False,0.857430088962001
difficulty_level,2,hard,0.7598668756481496,9,5,consensus_pac_stability,4,0.9604563042028018,False,False,0.9509998379849974
difficulty_level,2,hard,0.7598668756481496,9,5,consensus_pac_stability,5,1.0,False,True,1.0
difficulty_level,2,hard,0.7598668756481496,9,5,consensus_pac_stability,6,0.8609357349344007,False,False,0.8688526622089747
difficulty_level,2,hard,0.7598668756481496,9,5,consensus_pac_stability,7,0.9397669557482766,False,False,0.648925632093381
difficulty_level,2,hard,0.7598668756481496,9,5,silhouette,3,0.1603094772595975,False,False,0.857430088962001
difficulty_level,2,hard,0.7598668756481496,9,5,silhouette,4,0.1906510144313949,False,False,0.9509998379849974
difficulty_level,2,hard,0.7598668756481496,9,5,silhouette,5,0.2198304085121397,False,True,1.0
difficulty_level,2,hard,0.7598668756481496,9,5,silhouette,6,0.26253685753872485,False,False,0.8084137398987592
difficulty_level,2,hard,0.7598668756481496,9,5,silhouette,7,0.32642431932299726,True,False,0.6683703449267764
difficulty_level,2,hard,0.7598668756481496,9,5,gap,3,1.0307505404000477,False,False,0.857430088962001
difficulty_level,2,hard,0.7598668756481496,9,5,gap,4,1.0837695183085412,False,False,0.9509998379849974
difficulty_level,2,hard,0.7598668756481496,9,5,gap,5,1.1323052107445637,False,True,1.0
difficulty_level,2,hard,0.7598668756481496,9,5,gap,6,1.2606496705159103,False,False,0.8084137398987592
difficulty_level,2,hard,0.7598668756481496,9,5,gap,7,1.4163440042832676,True,False,0.6683703449267764
difficulty_level,2,hard,0.7598668756481496,9,5,davies_bouldin,3,0.26670156223184566,False,False,0.857430088962001
difficulty_level,2,hard,0.7598668756481496,9,5,davies_bouldin,4,0.2829126487638379,False,False,0.9509998379849974
difficulty_level,2,hard,0.7598668756481496,9,5,davies_bouldin,5,0.3116426545253485,False,True,1.0
difficulty_level,2,hard,0.7598668756481496,9,5,davies_bouldin,6,0.32930446256729706,False,False,0.8084137398987592
difficulty_level,2,hard,0.7598668756481496,9,5,davies_bouldin,7,0.3458383452011503,True,False,0.6683703449267764
difficulty_level,2,hard,0.7598668756481496,9,5,calinski_harabasz,3,148.31774680620867,False,False,0.857430088962001
difficulty_level,2,hard,0.7598668756481496,9,5,calinski_harabasz,4,136.35423609520186,False,False,0.9509998379849974
difficulty_level,2,hard,0.7598668756481496,9,5,calinski_harabasz,5,129.48234321093256,False,True,1.0
difficulty_level,2,hard,0.7598668756481496,9,5,calinski_harabasz,6,161.47528575835665,False,False,0.8084137398987592
difficulty_level,2,hard,0.7598668756481496,9,5,calinski_harabasz,7,201.5772679810296,True,False,0.6683703449267764
difficulty_level,2,hard,0.8278026594766007,10,5,accuracy_generalizability,3,0.9812810382323996,False,False,0.7874320215924844
difficulty_level,2,hard,0.8278026594766007,10,5,accuracy_generalizability,4,0.905849105778223,False,False,0.9476179472522298
difficulty_level,2,hard,0.8278026594766007,10,5,accuracy_generalizability,5,1.0,True,True,1.0
difficulty_level,2,hard,0.8278026594766007,10,5,accuracy_generalizability,6,0.8500287126327615,False,False,0.8777212633483299
difficulty_level,2,hard,0.8278026594766007,10,5,accuracy_generalizability,7,0.9372444833618877,False,False,0.6988394959247696
difficulty_level,2,hard,0.8278026594766007,10,5,ari_average,3,0.946665466776409,False,False,0.7874320215924844
difficulty_level,2,hard,0.8278026594766007,10,5,ari_average,4,0.8914796413039875,False,False,0.9476179472522298
difficulty_level,2,hard,0.8278026594766007,10,5,ari_average,5,1.0,True,True,1.0
difficulty_level,2,hard,0.8278026594766007,10,5,ari_average,6,0.8538712600347683,False,False,0.8777212633483299
difficulty_level,2,hard,0.8278026594766007,10,5,ari_average,7,0.8969211351509736,False,False,0.6988394959247696
difficulty_level,2,hard,0.8278026594766007,10,5,ari_average_1se,3,0.946665466776409,False,False,0.7874320215924844
difficulty_level,2,hard,0.8278026594766007,10,5,ari_average_1se,4,0.8914796413039875,False,False,0.9476179472522298
difficulty_level,2,hard,0.8278026594766007,10,5,ari_average_1se,5,1.0,True,True,1.0
difficulty_level,2,hard,0.8278026594766007,10,5,ari_average_1se,6,0.8538712600347683,False,False,0.8777212633483299
difficulty_level,2,hard,0.8278026594766007,10,5,ari_average_1se,7,0.8969211351509736,False,False,0.6988394959247696
difficulty_level,2,hard,0.8278026594766007,10,5,ari_average_quant,3,0.946665466776409,False,False,0.7874320215924844
difficulty_level,2,hard,0.8278026594766007,10,5,ari_average_quant,4,0.8914796413039875,False,False,0.9476179472522298
difficulty_level,2,hard,0.8278026594766007,10,5,ari_average_quant,5,1.0,True,True,1.0
difficulty_level,2,hard,0.8278026594766007,10,5,ari_average_quant,6,0.8538712600347683,False,False,0.8777212633483299
difficulty_level,2,hard,0.8278026594766007,10,5,ari_average_quant,7,0.8969211351509736,False,False,0.6988394959247696
difficulty_level,2,hard,0.8278026594766007,10,5,ari_generalizability,3,0.958014873120878,False,False,0.7874320215924844
difficulty_level,2,hard,0.8278026594766007,10,5,ari_generalizability,4,0.8770799481033668,False,False,0.9476179472522298
difficulty_level,2,hard,0.8278026594766007,10,5,ari_generalizability,5,1.0,True,True,1.0
difficulty_level,2,hard,0.8278026594766007,10,5,ari_generalizability,6,0.8296837464708393,False,False,0.8777212633483299
difficulty_level,2,hard,0.8278026594766007,10,5,ari_generalizability,7,0.8878235509702652,False,False,0.6988394959247696
difficulty_level,2,hard,0.8278026594766007,10,5,ari_generalizability_1se,3,0.958014873120878,False,False,0.7874320215924844
difficulty_level,2,hard,0.8278026594766007,10,5,ari_generalizability_1se,4,0.8770799481033668,False,False,0.9476179472522298
difficulty_level,2,hard,0.8278026594766007,10,5,ari_generalizability_1se,5,1.0,True,True,1.0
difficulty_level,2,hard,0.8278026594766007,10,5,ari_generalizability_1se,6,0.8296837464708393,False,False,0.8777212633483299
difficulty_level,2,hard,0.8278026594766007,10,5,ari_generalizability_1se,7,0.8878235509702652,False,False,0.6988394959247696
difficulty_level,2,hard,0.8278026594766007,10,5,ari_generalizability_quant,3,0.958014873120878,False,False,0.7874320215924844
difficulty_level,2,hard,0.8278026594766007,10,5,ari_generalizability_quant,4,0.8770799481033668,False,False,0.9476179472522298
difficulty_level,2,hard,0.8278026594766007,10,5,ari_generalizability_quant,5,1.0,True,True,1.0
difficulty_level,2,hard,0.8278026594766007,10,5,ari_generalizability_quant,6,0.8296837464708393,False,False,0.8777212633483299
difficulty_level,2,hard,0.8278026594766007,10,5,ari_generalizability_quant,7,0.8878235509702652,False,False,0.6988394959247696
difficulty_level,2,hard,0.8278026594766007,10,5,ari_stability,3,0.9353160604319396,False,False,0.7874320215924844
difficulty_level,2,hard,0.8278026594766007,10,5,ari_stability,4,0.9058793345046081,False,False,0.9476179472522298
difficulty_level,2,hard,0.8278026594766007,10,5,ari_stability,5,1.0,True,True,1.0
difficulty_level,2,hard,0.8278026594766007,10,5,ari_stability,6,0.8780587735986977,False,False,0.8777212633483299
difficulty_level,2,hard,0.8278026594766007,10,5,ari_stability,7,0.9060187193316821,False,False,0.6988394959247696
difficulty_level,2,hard,0.8278026594766007,10,5,ari_stability_1se,3,0.9353160604319396,False,False,0.7874320215924844
difficulty_level,2,hard,0.8278026594766007,10,5,ari_stability_1se,4,0.9058793345046081,False,False,0.9476179472522298
difficulty_level,2,hard,0.8278026594766007,10,5,ari_stability_1se,5,1.0,True,True,1.0
difficulty_level,2,hard,0.8278026594766007,10,5,ari_stability_1se,6,0.8780587735986977,False,False,0.8777212633483299
difficulty_level,2,hard,0.8278026594766007,10,5,ari_stability_1se,7,0.9060187193316821,False,False,0.6988394959247696
difficulty_level,2,hard,0.8278026594766007,10,5,ari_stability_quant,3,0.9353160604319396,False,False,0.7874320215924844
difficulty_level,2,hard,0.8278026594766007,10,5,ari_stability_quant,4,0.9058793345046081,False,False,0.9476179472522298
difficulty_level,2,hard,0.8278026594766007,10,5,ari_stability_quant,5,1.0,True,True,1.0
difficulty_level,2,hard,0.8278026594766007,10,5,ari_stability_quant,6,0.8780587735986977,False,False,0.8777212633483299
difficulty_level,2,hard,0.8278026594766007,10,5,ari_stability_quant,7,0.9060187193316821,False,False,0.6988394959247696
difficulty_level,2,hard,0.8278026594766007,10,5,consensus_ce_stability,3,0.9268072965661204,False,False,0.7874320215924844
difficulty_level,2,hard,0.8278026594766007,10,5,consensus_ce_stability,4,0.9237272899994435,False,False,0.9476179472522298
difficulty_level,2,hard,0.8278026594766007,10,5,consensus_ce_stability,5,0.9999999999586944,True,True,1.0
difficulty_level,2,hard,0.8278026594766007,10,5,consensus_ce_stability,6,0.9177512509637278,False,False,0.8777212633483299
difficulty_level,2,hard,0.8278026594766007,10,5,consensus_ce_stability,7,0.9476898621446699,False,False,0.6988394959247696
difficulty_level,2,hard,0.8278026594766007,10,5,consensus_gini_stability,3,0.9491793506975071,False,False,0.7874320215924844
difficulty_level,2,hard,0.8278026594766007,10,5,consensus_gini_stability,4,0.9274477030873167,False,False,0.9476179472522298
difficulty_level,2,hard,0.8278026594766007,10,5,consensus_gini_stability,5,1.0,True,True,1.0
difficulty_level,2,hard,0.8278026594766007,10,5,consensus_gini_stability,6,0.9279031030206056,False,False,0.8777212633483299
difficulty_level,2,hard,0.8278026594766007,10,5,consensus_gini_stability,7,0.9571747998520608,False,False,0.6988394959247696
difficulty_level,2,hard,0.8278026594766007,10,5,consensus_pac_stability,3,0.8811785634867689,False,False,0.7874320215924844
difficulty_level,2,hard,0.8278026594766007,10,5,consensus_pac_stability,4,0.911443184345119,False,False,0.9476179472522298
difficulty_level,2,hard,0.8278026594766007,10,5,consensus_pac_stability,5,1.0,True,True,1.0
difficulty_level,2,hard,0.8278026594766007,10,5,consensus_pac_stability,6,0.8861436513231042,False,False,0.8777212633483299
difficulty_level,2,hard,0.8278026594766007,10,5,consensus_pac_stability,7,0.9281022904158328,False,False,0.6988394959247696
difficulty_level,2,hard,0.8278026594766007,10,5,silhouette,3,0.13038813441551278,False,False,0.7626444357980273
difficulty_level,2,hard,0.8278026594766007,10,5,silhouette,4,0.1659695842039796,False,False,0.9476179472522298
difficulty_level,2,hard,0.8278026594766007,10,5,silhouette,5,0.18857354507529833,False,True,1.0
difficulty_level,2,hard,0.8278026594766007,10,5,silhouette,6,0.2826074889481799,False,False,0.6192128047405615
difficulty_level,2,hard,0.8278026594766007,10,5,silhouette,7,0.3226290158324386,True,False,0.6979562144868657
difficulty_level,2,hard,0.8278026594766007,10,5,gap,3,0.8517921936797546,False,False,0.7626444357980273
difficulty_level,2,hard,0.8278026594766007,10,5,gap,4,0.9120976540547598,False,False,0.9476179472522298
difficulty_level,2,hard,0.8278026594766007,10,5,gap,5,0.9498834413780592,False,True,1.0
difficulty_level,2,hard,0.8278026594766007,10,5,gap,6,1.2389228224892133,False,False,0.6192128047405615
difficulty_level,2,hard,0.8278026594766007,10,5,gap,7,1.3475955402487223,True,False,0.6979562144868657
difficulty_level,2,hard,0.8278026594766007,10,5,davies_bouldin,3,0.25386178642497687,False,False,0.7626444357980273
difficulty_level,2,hard,0.8278026594766007,10,5,davies_bouldin,4,0.2754605770157965,False,False,0.9476179472522298
difficulty_level,2,hard,0.8278026594766007,10,5,davies_bouldin,5,0.30209230098850953,False,True,1.0
difficulty_level,2,hard,0.8278026594766007,10,5,davies_bouldin,6,0.36549624911445416,False,False,0.6192128047405615
difficulty_level,2,hard,0.8278026594766007,10,5,davies_bouldin,7,0.3784224454938752,True,False,0.6979562144868657
difficulty_level,2,hard,0.8278026594766007,10,5,calinski_harabasz,3,111.72982817891172,False,False,0.7626444357980273
difficulty_level,2,hard,0.8278026594766007,10,5,calinski_harabasz,4,114.89939328290853,False,False,0.9476179472522298
difficulty_level,2,hard,0.8278026594766007,10,5,calinski_harabasz,5,107.5422245590958,False,True,1.0
difficulty_level,2,hard,0.8278026594766007,10,5,calinski_harabasz,6,218.12600596950264,False,False,0.6192128047405615
difficulty_level,2,hard,0.8278026594766007,10,5,calinski_harabasz,7,233.86003408378744,True,False,0.6979562144868657
difficulty_level,2,hard,1.0,11,5,accuracy_generalizability,3,0.8335509363812119,False,False,0.7671174919650351
difficulty_level,2,hard,1.0,11,5,accuracy_generalizability,4,0.9043701889957577,False,False,0.8992739233713726
difficulty_level,2,hard,1.0,11,5,accuracy_generalizability,5,0.9505516582115652,False,True,1.0
difficulty_level,2,hard,1.0,11,5,accuracy_generalizability,6,0.9616270872652467,True,False,0.7318347469150083
difficulty_level,2,hard,1.0,11,5,accuracy_generalizability,7,0.8154590610978444,False,False,0.6614791767659475
difficulty_level,2,hard,1.0,11,5,ari_average,3,0.8601592905140106,False,False,0.7671174919650351
difficulty_level,2,hard,1.0,11,5,ari_average,4,0.8969975388350384,False,False,0.8992739233713726
difficulty_level,2,hard,1.0,11,5,ari_average,5,0.9709268515286351,True,True,1.0
difficulty_level,2,hard,1.0,11,5,ari_average,6,0.9331879269765573,False,False,0.7318347469150083
difficulty_level,2,hard,1.0,11,5,ari_average,7,0.7870143162944108,False,False,0.6614791767659475
difficulty_level,2,hard,1.0,11,5,ari_average_1se,3,0.8601592905140106,False,False,0.7671174919650351
difficulty_level,2,hard,1.0,11,5,ari_average_1se,4,0.8969975388350384,False,False,0.8992739233713726
difficulty_level,2,hard,1.0,11,5,ari_average_1se,5,0.9709268515286351,True,True,1.0
difficulty_level,2,hard,1.0,11,5,ari_average_1se,6,0.9331879269765573,False,False,0.7318347469150083
difficulty_level,2,hard,1.0,11,5,ari_average_1se,7,0.7870143162944108,False,False,0.6614791767659475
difficulty_level,2,hard,1.0,11,5,ari_average_quant,3,0.8601592905140106,False,False,0.7671174919650351
difficulty_level,2,hard,1.0,11,5,ari_average_quant,4,0.8969975388350384,False,False,0.8992739233713726
difficulty_level,2,hard,1.0,11,5,ari_average_quant,5,0.9709268515286351,False,True,1.0
difficulty_level,2,hard,1.0,11,5,ari_average_quant,6,0.9331879269765573,True,False,0.7318347469150083
difficulty_level,2,hard,1.0,11,5,ari_average_quant,7,0.7870143162944108,False,False,0.6614791767659475
difficulty_level,2,hard,1.0,11,5,ari_generalizability,3,0.7743586927658396,False,False,0.7671174919650351
difficulty_level,2,hard,1.0,11,5,ari_generalizability,4,0.8916867251481255,False,False,0.8992739233713726
difficulty_level,2,hard,1.0,11,5,ari_generalizability,5,0.9418537030572699,True,True,1.0
difficulty_level,2,hard,1.0,11,5,ari_generalizability,6,0.916739053401616,False,False,0.7318347469150083
difficulty_level,2,hard,1.0,11,5,ari_generalizability,7,0.7513916131258219,False,False,0.6614791767659475
difficulty_level,2,hard,1.0,11,5,ari_generalizability_1se,3,0.7743586927658396,False,False,0.7671174919650351
difficulty_level,2,hard,1.0,11,5,ari_generalizability_1se,4,0.8916867251481255,False,False,0.8992739233713726
difficulty_level,2,hard,1.0,11,5,ari_generalizability_1se,5,0.9418537030572699,True,True,1.0
difficulty_level,2,hard,1.0,11,5,ari_generalizability_1se,6,0.916739053401616,False,False,0.7318347469150083
difficulty_level,2,hard,1.0,11,5,ari_generalizability_1se,7,0.7513916131258219,False,False,0.6614791767659475
difficulty_level,2,hard,1.0,11,5,ari_generalizability_quant,3,0.7743586927658396,False,False,0.7671174919650351
difficulty_level,2,hard,1.0,11,5,ari_generalizability_quant,4,0.8916867251481255,False,False,0.8992739233713726
difficulty_level,2,hard,1.0,11,5,ari_generalizability_quant,5,0.9418537030572699,False,True,1.0
difficulty_level,2,hard,1.0,11,5,ari_generalizability_quant,6,0.916739053401616,False,False,0.7318347469150083
difficulty_level,2,hard,1.0,11,5,ari_generalizability_quant,7,0.7513916131258219,True,False,0.6614791767659475
difficulty_level,2,hard,1.0,11,5,ari_stability,3,0.9459598882621815,False,False,0.7671174919650351
difficulty_level,2,hard,1.0,11,5,ari_stability,4,0.902308352521952,False,False,0.8992739233713726
difficulty_level,2,hard,1.0,11,5,ari_stability,5,1.0,True,True,1.0
difficulty_level,2,hard,1.0,11,5,ari_stability,6,0.9496368005514987,False,False,0.7318347469150083
difficulty_level,2,hard,1.0,11,5,ari_stability,7,0.8226370194629992,False,False,0.6614791767659475
difficulty_level,2,hard,1.0,11,5,ari_stability_1se,3,0.9459598882621815,False,False,0.7671174919650351
difficulty_level,2,hard,1.0,11,5,ari_stability_1se,4,0.902308352521952,False,False,0.8992739233713726
difficulty_level,2,hard,1.0,11,5,ari_stability_1se,5,1.0,True,True,1.0
difficulty_level,2,hard,1.0,11,5,ari_stability_1se,6,0.9496368005514987,False,False,0.7318347469150083
difficulty_level,2,hard,1.0,11,5,ari_stability_1se,7,0.8226370194629992,False,False,0.6614791767659475
difficulty_level,2,hard,1.0,11,5,ari_stability_quant,3,0.9459598882621815,False,False,0.7671174919650351
difficulty_level,2,hard,1.0,11,5,ari_stability_quant,4,0.902308352521952,False,False,0.8992739233713726
difficulty_level,2,hard,1.0,11,5,ari_stability_quant,5,1.0,True,True,1.0
difficulty_level,2,hard,1.0,11,5,ari_stability_quant,6,0.9496368005514987,False,False,0.7318347469150083
difficulty_level,2,hard,1.0,11,5,ari_stability_quant,7,0.8226370194629992,False,False,0.6614791767659475
difficulty_level,2,hard,1.0,11,5,consensus_ce_stability,3,0.9211531876703641,False,False,0.7671174919650351
difficulty_level,2,hard,1.0,11,5,consensus_ce_stability,4,0.9118963567551173,False,False,0.8992739233713726
difficulty_level,2,hard,1.0,11,5,consensus_ce_stability,5,0.9999999999586944,True,True,1.0
difficulty_level,2,hard,1.0,11,5,consensus_ce_stability,6,0.956454869936211,False,False,0.7318347469150083
difficulty_level,2,hard,1.0,11,5,consensus_ce_stability,7,0.8819227319533389,False,False,0.6614791767659475
difficulty_level,2,hard,1.0,11,5,consensus_gini_stability,3,0.9379726139947492,False,False,0.7671174919650351
difficulty_level,2,hard,1.0,11,5,consensus_gini_stability,4,0.9193067207072362,False,False,0.8992739233713726
difficulty_level,2,hard,1.0,11,5,consensus_gini_stability,5,1.0,True,True,1.0
difficulty_level,2,hard,1.0,11,5,consensus_gini_stability,6,0.965921879044917,False,False,0.7318347469150083
difficulty_level,2,hard,1.0,11,5,consensus_gini_stability,7,0.8956655916724342,False,False,0.6614791767659475
difficulty_level,2,hard,1.0,11,5,consensus_pac_stability,3,0.860414498554592,False,False,0.7671174919650351
difficulty_level,2,hard,1.0,11,5,consensus_pac_stability,4,0.8863500111185234,False,False,0.8992739233713726
difficulty_level,2,hard,1.0,11,5,consensus_pac_stability,5,1.0,True,True,1.0
difficulty_level,2,hard,1.0,11,5,consensus_pac_stability,6,0.954761841227485,False,False,0.7318347469150083
difficulty_level,2,hard,1.0,11,5,consensus_pac_stability,7,0.855189682010229,False,False,0.6614791767659475
difficulty_level,2,hard,1.0,11,5,silhouette,3,0.21335802132377898,False,False,0.8565886538257294
difficulty_level,2,hard,1.0,11,5,silhouette,4,0.2447025100119303,False,False,0.9532251337016389
difficulty_level,2,hard,1.0,11,5,silhouette,5,0.2626161941072419,False,True,1.0
difficulty_level,2,hard,1.0,11,5,silhouette,6,0.29574174351059923,False,False,0.7312674855771879
difficulty_level,2,hard,1.0,11,5,silhouette,7,0.3454420746497271,True,False,0.5761762397569765
difficulty_level,2,hard,1.0,11,5,gap,3,0.9071849410501329,False,False,0.8565886538257294
difficulty_level,2,hard,1.0,11,5,gap,4,0.9705251132793311,False,False,0.9532251337016389
difficulty_level,2,hard,1.0,11,5,gap,5,1.0112731337301035,False,True,1.0
difficulty_level,2,hard,1.0,11,5,gap,6,1.145165838581141,False,False,0.7312674855771879
difficulty_level,2,hard,1.0,11,5,gap,7,1.3620699711912412,True,False,0.5761762397569765
difficulty_level,2,hard,1.0,11,5,davies_bouldin,3,0.2642268731088724,False,False,0.8565886538257294
difficulty_level,2,hard,1.0,11,5,davies_bouldin,4,0.2950054992142353,False,False,0.9532251337016389
difficulty_level,2,hard,1.0,11,5,davies_bouldin,5,0.310336872877318,False,True,1.0
difficulty_level,2,hard,1.0,11,5,davies_bouldin,6,0.32951028441542163,False,False,0.7312674855771879
difficulty_level,2,hard,1.0,11,5,davies_bouldin,7,0.36676128347766956,True,False,0.5761762397569765
difficulty_level,2,hard,1.0,11,5,calinski_harabasz,3,180.50825793571912,False,False,0.8565886538257294
difficulty_level,2,hard,1.0,11,5,calinski_harabasz,4,165.88089153199127,False,False,0.9532251337016389
difficulty_level,2,hard,1.0,11,5,calinski_harabasz,5,148.7105392103765,False,True,1.0
difficulty_level,2,hard,1.0,11,5,calinski_harabasz,6,181.71703704048562,False,False,0.7312674855771879
difficulty_level,2,hard,1.0,11,5,calinski_harabasz,7,251.21382537452791,True,False,0.5761762397569765
difficulty_level,2,hard,1.0,12,5,accuracy_generalizability,3,0.8575960643334198,False,False,0.598656137910271
difficulty_level,2,hard,1.0,12,5,accuracy_generalizability,4,0.9144972738525727,False,False,0.7978164871394119
difficulty_level,2,hard,1.0,12,5,accuracy_generalizability,5,0.9974816803710966,True,True,1.0
difficulty_level,2,hard,1.0,12,5,accuracy_generalizability,6,0.9418625104569035,False,False,0.7606214661251798
difficulty_level,2,hard,1.0,12,5,accuracy_generalizability,7,0.9103091953040808,False,False,0.666984431090179
difficulty_level,2,hard,1.0,12,5,ari_average,3,0.781650456744606,False,False,0.598656137910271
difficulty_level,2,hard,1.0,12,5,ari_average,4,0.8458415013060921,False,False,0.7978164871394119
difficulty_level,2,hard,1.0,12,5,ari_average,5,0.9985414322126996,True,True,1.0
difficulty_level,2,hard,1.0,12,5,ari_average,6,0.9178420203663612,False,False,0.7606214661251798
difficulty_level,2,hard,1.0,12,5,ari_average,7,0.8708177381339337,False,False,0.666984431090179
difficulty_level,2,hard,1.0,12,5,ari_average_1se,3,0.781650456744606,False,False,0.598656137910271
difficulty_level,2,hard,1.0,12,5,ari_average_1se,4,0.8458415013060921,False,False,0.7978164871394119
difficulty_level,2,hard,1.0,12,5,ari_average_1se,5,0.9985414322126996,True,True,1.0
difficulty_level,2,hard,1.0,12,5,ari_average_1se,6,0.9178420203663612,False,False,0.7606214661251798
difficulty_level,2,hard,1.0,12,5,ari_average_1se,7,0.8708177381339337,False,False,0.666984431090179
difficulty_level,2,hard,1.0,12,5,ari_average_quant,3,0.781650456744606,False,False,0.598656137910271
difficulty_level,2,hard,1.0,12,5,ari_average_quant,4,0.8458415013060921,False,False,0.7978164871394119
difficulty_level,2,hard,1.0,12,5,ari_average_quant,5,0.9985414322126996,True,True,1.0
difficulty_level,2,hard,1.0,12,5,ari_average_quant,6,0.9178420203663612,False,False,0.7606214661251798
difficulty_level,2,hard,1.0,12,5,ari_average_quant,7,0.8708177381339337,False,False,0.666984431090179
difficulty_level,2,hard,1.0,12,5,ari_generalizability,3,0.6730347060507968,False,False,0.598656137910271
difficulty_level,2,hard,1.0,12,5,ari_generalizability,4,0.8079245300264436,False,False,0.7978164871394119
difficulty_level,2,hard,1.0,12,5,ari_generalizability,5,0.9970828644253993,True,True,1.0
difficulty_level,2,hard,1.0,12,5,ari_generalizability,6,0.9005860293106103,False,False,0.7606214661251798
difficulty_level,2,hard,1.0,12,5,ari_generalizability,7,0.8523509207965252,False,False,0.666984431090179
difficulty_level,2,hard,1.0,12,5,ari_generalizability_1se,3,0.6730347060507968,False,False,0.598656137910271
difficulty_level,2,hard,1.0,12,5,ari_generalizability_1se,4,0.8079245300264436,False,False,0.7978164871394119
difficulty_level,2,hard,1.0,12,5,ari_generalizability_1se,5,0.9970828644253993,True,True,1.0
difficulty_level,2,hard,1.0,12,5,ari_generalizability_1se,6,0.9005860293106103,False,False,0.7606214661251798
difficulty_level,2,hard,1.0,12,5,ari_generalizability_1se,7,0.8523509207965252,False,False,0.666984431090179
difficulty_level,2,hard,1.0,12,5,ari_generalizability_quant,3,0.6730347060507968,False,False,0.598656137910271
difficulty_level,2,hard,1.0,12,5,ari_generalizability_quant,4,0.8079245300264436,False,False,0.7978164871394119
difficulty_level,2,hard,1.0,12,5,ari_generalizability_quant,5,0.9970828644253993,True,True,1.0
difficulty_level,2,hard,1.0,12,5,ari_generalizability_quant,6,0.9005860293106103,False,False,0.7606214661251798
difficulty_level,2,hard,1.0,12,5,ari_generalizability_quant,7,0.8523509207965252,False,False,0.666984431090179
difficulty_level,2,hard,1.0,12,5,ari_stability,3,0.8902662074384153,False,False,0.598656137910271
difficulty_level,2,hard,1.0,12,5,ari_stability,4,0.8837584725857404,False,False,0.7978164871394119
difficulty_level,2,hard,1.0,12,5,ari_stability,5,1.0,True,True,1.0
difficulty_level,2,hard,1.0,12,5,ari_stability,6,0.9350980114221121,False,False,0.7606214661251798
difficulty_level,2,hard,1.0,12,5,ari_stability,7,0.8892845554713423,False,False,0.666984431090179
difficulty_level,2,hard,1.0,12,5,ari_stability_1se,3,0.8902662074384153,False,False,0.598656137910271
difficulty_level,2,hard,1.0,12,5,ari_stability_1se,4,0.8837584725857404,False,False,0.7978164871394119
difficulty_level,2,hard,1.0,12,5,ari_stability_1se,5,1.0,True,True,1.0
difficulty_level,2,hard,1.0,12,5,ari_stability_1se,6,0.9350980114221121,False,False,0.7606214661251798
difficulty_level,2,hard,1.0,12,5,ari_stability_1se,7,0.8892845554713423,False,False,0.666984431090179
difficulty_level,2,hard,1.0,12,5,ari_stability_quant,3,0.8902662074384153,False,False,0.598656137910271
difficulty_level,2,hard,1.0,12,5,ari_stability_quant,4,0.8837584725857404,False,False,0.7978164871394119
difficulty_level,2,hard,1.0,12,5,ari_stability_quant,5,1.0,True,True,1.0
difficulty_level,2,hard,1.0,12,5,ari_stability_quant,6,0.9350980114221121,False,False,0.7606214661251798
difficulty_level,2,hard,1.0,12,5,ari_stability_quant,7,0.8892845554713423,False,False,0.666984431090179
difficulty_level,2,hard,1.0,12,5,consensus_ce_stability,3,0.8806924878587051,False,False,0.598656137910271
difficulty_level,2,hard,1.0,12,5,consensus_ce_stability,4,0.9044094612538999,False,False,0.7978164871394119
difficulty_level,2,hard,1.0,12,5,consensus_ce_stability,5,0.9999999999586944,True,True,1.0
difficulty_level,2,hard,1.0,12,5,consensus_ce_stability,6,0.9557433483559462,False,False,0.7606214661251798
difficulty_level,2,hard,1.0,12,5,consensus_ce_stability,7,0.9253222254443629,False,False,0.666984431090179
difficulty_level,2,hard,1.0,12,5,consensus_gini_stability,3,0.903514887566318,False,False,0.598656137910271
difficulty_level,2,hard,1.0,12,5,consensus_gini_stability,4,0.910495235624124,False,False,0.7978164871394119
difficulty_level,2,hard,1.0,12,5,consensus_gini_stability,5,1.0,True,True,1.0
difficulty_level,2,hard,1.0,12,5,consensus_gini_stability,6,0.9644452247395057,False,False,0.7606214661251798
difficulty_level,2,hard,1.0,12,5,consensus_gini_stability,7,0.9359658001850815,False,False,0.666984431090179
difficulty_level,2,hard,1.0,12,5,consensus_pac_stability,3,0.7887071380920614,False,False,0.598656137910271
difficulty_level,2,hard,1.0,12,5,consensus_pac_stability,4,0.8893600177896376,False,False,0.7978164871394119
difficulty_level,2,hard,1.0,12,5,consensus_pac_stability,5,1.0,True,True,1.0
difficulty_level,2,hard,1.0,12,5,consensus_pac_stability,6,0.950664887702913,False,False,0.7606214661251798
difficulty_level,2,hard,1.0,12,5,consensus_pac_stability,7,0.8922508338892595,False,False,0.666984431090179
difficulty_level,2,hard,1.0,12,5,silhouette,3,0.11803472682270297,False,False,0.598656137910271
difficulty_level,2,hard,1.0,12,5,silhouette,4,0.1682697679655875,False,False,0.9498109867628602
difficulty_level,2,hard,1.0,12,5,silhouette,5,0.19428748168453944,False,True,1.0
difficulty_level,2,hard,1.0,12,5,silhouette,6,0.3013309281805388,False,False,0.7606214661251798
difficulty_level,2,hard,1.0,12,5,silhouette,7,0.337997027567408,True,False,0.6732008633081488
difficulty_level,2,hard,1.0,12,5,gap,3,0.7966647756596963,False,False,0.598656137910271
difficulty_level,2,hard,1.0,12,5,gap,4,0.8826992679572516,False,False,0.9498109867628602
difficulty_level,2,hard,1.0,12,5,gap,5,0.9207052977512102,False,True,1.0
difficulty_level,2,hard,1.0,12,5,gap,6,1.1994397215903092,False,False,0.7606214661251798
difficulty_level,2,hard,1.0,12,5,gap,7,1.3237357432124313,True,False,0.6732008633081488
difficulty_level,2,hard,1.0,12,5,davies_bouldin,3,0.28667100054240324,False,False,0.598656137910271
difficulty_level,2,hard,1.0,12,5,davies_bouldin,4,0.2861193729050692,False,False,0.9498109867628602
difficulty_level,2,hard,1.0,12,5,davies_bouldin,5,0.3244374208775767,False,True,1.0
difficulty_level,2,hard,1.0,12,5,davies_bouldin,6,0.3530523225295522,False,False,0.7606214661251798
difficulty_level,2,hard,1.0,12,5,davies_bouldin,7,0.3835119516782537,True,False,0.6732008633081488
difficulty_level,2,hard,1.0,12,5,calinski_harabasz,3,111.57978003885505,False,False,0.598656137910271
difficulty_level,2,hard,1.0,12,5,calinski_harabasz,4,130.86886737045006,False,False,0.9498109867628602
difficulty_level,2,hard,1.0,12,5,calinski_harabasz,5,119.65575434810233,False,True,1.0
difficulty_level,2,hard,1.0,12,5,calinski_harabasz,6,225.65476621537485,False,False,0.7606214661251798
difficulty_level,2,hard,1.0,12,5,calinski_harabasz,7,248.80384146522195,True,False,0.6732008633081488
difficulty_level,2,hard,0.5625478337366063,13,5,accuracy_generalizability,3,0.8726709969828363,False,False,0.8763967696317041
difficulty_level,2,hard,0.5625478337366063,13,5,accuracy_generalizability,4,0.9543828606850127,True,False,0.9578762674619807
difficulty_level,2,hard,0.5625478337366063,13,5,accuracy_generalizability,5,0.7388359799961054,False,True,1.0
difficulty_level,2,hard,0.5625478337366063,13,5,accuracy_generalizability,6,0.8794443979916803,False,False,0.6013954154560174
difficulty_level,2,hard,0.5625478337366063,13,5,accuracy_generalizability,7,0.947928115905996,False,False,0.4621675231746454
difficulty_level,2,hard,0.5625478337366063,13,5,ari_average,3,0.9013449166213579,False,False,0.8763967696317041
difficulty_level,2,hard,0.5625478337366063,13,5,ari_average,4,0.9702772507627518,True,False,0.9578762674619807
difficulty_level,2,hard,0.5625478337366063,13,5,ari_average,5,0.8395496487564722,False,True,1.0
difficulty_level,2,hard,0.5625478337366063,13,5,ari_average,6,0.845082660014314,False,False,0.6013954154560174
difficulty_level,2,hard,0.5625478337366063,13,5,ari_average,7,0.9143045300660364,False,False,0.4621675231746454
difficulty_level,2,hard,0.5625478337366063,13,5,ari_average_1se,3,0.9013449166213579,False,False,0.8763967696317041
difficulty_level,2,hard,0.5625478337366063,13,5,ari_average_1se,4,0.9702772507627518,True,False,0.9578762674619807
difficulty_level,2,hard,0.5625478337366063,13,5,ari_average_1se,5,0.8395496487564722,False,True,1.0
difficulty_level,2,hard,0.5625478337366063,13,5,ari_average_1se,6,0.845082660014314,False,False,0.6013954154560174
difficulty_level,2,hard,0.5625478337366063,13,5,ari_average_1se,7,0.9143045300660364,False,False,0.4621675231746454
difficulty_level,2,hard,0.5625478337366063,13,5,ari_average_quant,3,0.9013449166213579,False,False,0.8763967696317041
difficulty_level,2,hard,0.5625478337366063,13,5,ari_average_quant,4,0.9702772507627518,False,False,0.9578762674619807
difficulty_level,2,hard,0.5625478337366063,13,5,ari_average_quant,5,0.8395496487564722,False,True,1.0
difficulty_level,2,hard,0.5625478337366063,13,5,ari_average_quant,6,0.845082660014314,False,False,0.6013954154560174
difficulty_level,2,hard,0.5625478337366063,13,5,ari_average_quant,7,0.9143045300660364,True,False,0.4621675231746454
difficulty_level,2,hard,0.5625478337366063,13,5,ari_generalizability,3,0.8874855881458434,False,False,0.8763967696317041
difficulty_level,2,hard,0.5625478337366063,13,5,ari_generalizability,4,0.9479400555651136,True,False,0.9578762674619807
difficulty_level,2,hard,0.5625478337366063,13,5,ari_generalizability,5,0.6790992975129447,False,True,1.0
difficulty_level,2,hard,0.5625478337366063,13,5,ari_generalizability,6,0.8027848042544737,False,False,0.6013954154560174
difficulty_level,2,hard,0.5625478337366063,13,5,ari_generalizability,7,0.895892100885419,False,False,0.4621675231746454
difficulty_level,2,hard,0.5625478337366063,13,5,ari_generalizability_1se,3,0.8874855881458434,False,False,0.8763967696317041
difficulty_level,2,hard,0.5625478337366063,13,5,ari_generalizability_1se,4,0.9479400555651136,True,False,0.9578762674619807
difficulty_level,2,hard,0.5625478337366063,13,5,ari_generalizability_1se,5,0.6790992975129447,False,True,1.0
difficulty_level,2,hard,0.5625478337366063,13,5,ari_generalizability_1se,6,0.8027848042544737,False,False,0.6013954154560174
difficulty_level,2,hard,0.5625478337366063,13,5,ari_generalizability_1se,7,0.895892100885419,False,False,0.4621675231746454
difficulty_level,2,hard,0.5625478337366063,13,5,ari_generalizability_quant,3,0.8874855881458434,False,False,0.8763967696317041
difficulty_level,2,hard,0.5625478337366063,13,5,ari_generalizability_quant,4,0.9479400555651136,False,False,0.9578762674619807
difficulty_level,2,hard,0.5625478337366063,13,5,ari_generalizability_quant,5,0.6790992975129447,False,True,1.0
difficulty_level,2,hard,0.5625478337366063,13,5,ari_generalizability_quant,6,0.8027848042544737,False,False,0.6013954154560174
difficulty_level,2,hard,0.5625478337366063,13,5,ari_generalizability_quant,7,0.895892100885419,True,False,0.4621675231746454
difficulty_level,2,hard,0.5625478337366063,13,5,ari_stability,3,0.9152042450968721,False,False,0.8763967696317041
difficulty_level,2,hard,0.5625478337366063,13,5,ari_stability,4,0.9926144459603898,False,False,0.9578762674619807
difficulty_level,2,hard,0.5625478337366063,13,5,ari_stability,5,1.0,True,True,1.0
difficulty_level,2,hard,0.5625478337366063,13,5,ari_stability,6,0.8873805157741539,False,False,0.6013954154560174
difficulty_level,2,hard,0.5625478337366063,13,5,ari_stability,7,0.9327169592466533,False,False,0.4621675231746454
difficulty_level,2,hard,0.5625478337366063,13,5,ari_stability_1se,3,0.9152042450968721,False,False,0.8763967696317041
difficulty_level,2,hard,0.5625478337366063,13,5,ari_stability_1se,4,0.9926144459603898,False,False,0.9578762674619807
difficulty_level,2,hard,0.5625478337366063,13,5,ari_stability_1se,5,1.0,True,True,1.0
difficulty_level,2,hard,0.5625478337366063,13,5,ari_stability_1se,6,0.8873805157741539,False,False,0.6013954154560174
difficulty_level,2,hard,0.5625478337366063,13,5,ari_stability_1se,7,0.9327169592466533,False,False,0.4621675231746454
difficulty_level,2,hard,0.5625478337366063,13,5,ari_stability_quant,3,0.9152042450968721,False,False,0.8763967696317041
difficulty_level,2,hard,0.5625478337366063,13,5,ari_stability_quant,4,0.9926144459603898,False,False,0.9578762674619807
difficulty_level,2,hard,0.5625478337366063,13,5,ari_stability_quant,5,1.0,True,True,1.0
difficulty_level,2,hard,0.5625478337366063,13,5,ari_stability_quant,6,0.8873805157741539,False,False,0.6013954154560174
difficulty_level,2,hard,0.5625478337366063,13,5,ari_stability_quant,7,0.9327169592466533,False,False,0.4621675231746454
difficulty_level,2,hard,0.5625478337366063,13,5,consensus_ce_stability,3,0.9191744873921337,False,False,0.8763967696317041
difficulty_level,2,hard,0.5625478337366063,13,5,consensus_ce_stability,4,0.9925517528094038,False,False,0.9578762674619807
difficulty_level,2,hard,0.5625478337366063,13,5,consensus_ce_stability,5,0.9999999999586944,True,True,1.0
difficulty_level,2,hard,0.5625478337366063,13,5,consensus_ce_stability,6,0.9178299796105748,False,False,0.6013954154560174
difficulty_level,2,hard,0.5625478337366063,13,5,consensus_ce_stability,7,0.9563362401387095,False,False,0.4621675231746454
difficulty_level,2,hard,0.5625478337366063,13,5,consensus_gini_stability,3,0.9208293433167807,False,False,0.8763967696317041
difficulty_level,2,hard,0.5625478337366063,13,5,consensus_gini_stability,4,0.9953723162479752,False,False,0.9578762674619807
difficulty_level,2,hard,0.5625478337366063,13,5,consensus_gini_stability,5,1.0,True,True,1.0
difficulty_level,2,hard,0.5625478337366063,13,5,consensus_gini_stability,6,0.9301170900165118,False,False,0.6013954154560174
difficulty_level,2,hard,0.5625478337366063,13,5,consensus_gini_stability,7,0.9651813844358055,False,False,0.4621675231746454
difficulty_level,2,hard,0.5625478337366063,13,5,consensus_pac_stability,3,0.9172639537469424,False,False,0.8763967696317041
difficulty_level,2,hard,0.5625478337366063,13,5,consensus_pac_stability,4,0.9936215254614187,False,False,0.9578762674619807
difficulty_level,2,hard,0.5625478337366063,13,5,consensus_pac_stability,5,1.0,True,True,1.0
difficulty_level,2,hard,0.5625478337366063,13,5,consensus_pac_stability,6,0.8814329553035357,False,False,0.6013954154560174
difficulty_level,2,hard,0.5625478337366063,13,5,consensus_pac_stability,7,0.9427867467200356,False,False,0.4621675231746454
difficulty_level,2,hard,0.5625478337366063,13,5,silhouette,3,0.22964844948533936,False,False,0.8721316576505754
difficulty_level,2,hard,0.5625478337366063,13,5,silhouette,4,0.22858699688424644,False,False,0.9584255960493417
difficulty_level,2,hard,0.5625478337366063,13,5,silhouette,5,0.3045872286152523,False,True,0.5625478337366063
difficulty_level,2,hard,0.5625478337366063,13,5,silhouette,6,0.3233297536888898,True,False,0.6568773832933683
difficulty_level,2,hard,0.5625478337366063,13,5,silhouette,7,0.29158870539399145,False,False,0.35243609444814555
difficulty_level,2,hard,0.5625478337366063,13,5,gap,3,1.0539350309720596,False,False,0.8721316576505754
difficulty_level,2,hard,0.5625478337366063,13,5,gap,4,1.0941639402473964,False,False,0.9584255960493417
difficulty_level,2,hard,0.5625478337366063,13,5,gap,5,1.295578413804968,False,True,0.5625478337366063
difficulty_level,2,hard,0.5625478337366063,13,5,gap,6,1.3633824874755138,False,False,0.6568773832933683
difficulty_level,2,hard,0.5625478337366063,13,5,gap,7,1.4647428860650216,True,False,0.35243609444814555
difficulty_level,2,hard,0.5625478337366063,13,5,davies_bouldin,3,0.2875890254841105,False,False,0.8721316576505754
difficulty_level,2,hard,0.5625478337366063,13,5,davies_bouldin,4,0.28800613946704245,False,False,0.9584255960493417
difficulty_level,2,hard,0.5625478337366063,13,5,davies_bouldin,5,0.3113785565273515,False,True,0.5625478337366063
difficulty_level,2,hard,0.5625478337366063,13,5,davies_bouldin,6,0.33746398303968583,True,False,0.6568773832933683
difficulty_level,2,hard,0.5625478337366063,13,5,davies_bouldin,7,0.33526811463129835,False,False,0.35243609444814555
difficulty_level,2,hard,0.5625478337366063,13,5,calinski_harabasz,3,150.8720484386654,False,False,0.8721316576505754
difficulty_level,2,hard,0.5625478337366063,13,5,calinski_harabasz,4,130.22757907393049,False,False,0.9584255960493417
difficulty_level,2,hard,0.5625478337366063,13,5,calinski_harabasz,5,206.80028163627975,False,True,0.5625478337366063
difficulty_level,2,hard,0.5625478337366063,13,5,calinski_harabasz,6,201.09895957239112,False,False,0.6568773832933683
difficulty_level,2,hard,0.5625478337366063,13,5,calinski_harabasz,7,214.82218178521728,True,False,0.35243609444814555
difficulty_level,2,hard,0.4696856022533564,14,5,accuracy_generalizability,3,0.9331096204011846,True,False,0.8756274321040517
difficulty_level,2,hard,0.4696856022533564,14,5,accuracy_generalizability,4,0.9095327574261661,False,False,0.9574516577021221
difficulty_level,2,hard,0.4696856022533564,14,5,accuracy_generalizability,5,0.7729502226102792,False,True,1.0
difficulty_level,2,hard,0.4696856022533564,14,5,accuracy_generalizability,6,0.9078832757829458,False,False,0.6041675786097385
difficulty_level,2,hard,0.4696856022533564,14,5,accuracy_generalizability,7,0.9263105950006936,False,False,0.46341290847879724
difficulty_level,2,hard,0.4696856022533564,14,5,ari_average,3,0.9555809661874142,True,False,0.8756274321040517
difficulty_level,2,hard,0.4696856022533564,14,5,ari_average,4,0.940726631749184,False,False,0.9574516577021221
difficulty_level,2,hard,0.4696856022533564,14,5,ari_average,5,0.8594671370347484,False,True,1.0
difficulty_level,2,hard,0.4696856022533564,14,5,ari_average,6,0.840212660441861,False,False,0.6041675786097385
difficulty_level,2,hard,0.4696856022533564,14,5,ari_average,7,0.8321552090004849,False,False,0.46341290847879724
difficulty_level,2,hard,0.4696856022533564,14,5,ari_average_1se,3,0.9555809661874142,True,False,0.8756274321040517
difficulty_level,2,hard,0.4696856022533564,14,5,ari_average_1se,4,0.940726631749184,False,False,0.9574516577021221
difficulty_level,2,hard,0.4696856022533564,14,5,ari_average_1se,5,0.8594671370347484,False,True,1.0
difficulty_level,2,hard,0.4696856022533564,14,5,ari_average_1se,6,0.840212660441861,False,False,0.6041675786097385
difficulty_level,2,hard,0.4696856022533564,14,5,ari_average_1se,7,0.8321552090004849,False,False,0.46341290847879724
difficulty_level,2,hard,0.4696856022533564,14,5,ari_average_quant,3,0.9555809661874142,False,False,0.8756274321040517
difficulty_level,2,hard,0.4696856022533564,14,5,ari_average_quant,4,0.940726631749184,False,False,0.9574516577021221
difficulty_level,2,hard,0.4696856022533564,14,5,ari_average_quant,5,0.8594671370347484,True,True,1.0
difficulty_level,2,hard,0.4696856022533564,14,5,ari_average_quant,6,0.840212660441861,False,False,0.6041675786097385
difficulty_level,2,hard,0.4696856022533564,14,5,ari_average_quant,7,0.8321552090004849,False,False,0.46341290847879724
difficulty_level,2,hard,0.4696856022533564,14,5,ari_generalizability,3,0.9398160885644847,True,False,0.8756274321040517
difficulty_level,2,hard,0.4696856022533564,14,5,ari_generalizability,4,0.8944495961591143,False,False,0.9574516577021221
difficulty_level,2,hard,0.4696856022533564,14,5,ari_generalizability,5,0.7189342740694965,False,True,1.0
difficulty_level,2,hard,0.4696856022533564,14,5,ari_generalizability,6,0.8308900933853548,False,False,0.6041675786097385
difficulty_level,2,hard,0.4696856022533564,14,5,ari_generalizability,7,0.8338134462198034,False,False,0.46341290847879724
difficulty_level,2,hard,0.4696856022533564,14,5,ari_generalizability_1se,3,0.9398160885644847,True,False,0.8756274321040517
difficulty_level,2,hard,0.4696856022533564,14,5,ari_generalizability_1se,4,0.8944495961591143,False,False,0.9574516577021221
difficulty_level,2,hard,0.4696856022533564,14,5,ari_generalizability_1se,5,0.7189342740694965,False,True,1.0
difficulty_level,2,hard,0.4696856022533564,14,5,ari_generalizability_1se,6,0.8308900933853548,False,False,0.6041675786097385
difficulty_level,2,hard,0.4696856022533564,14,5,ari_generalizability_1se,7,0.8338134462198034,False,False,0.46341290847879724
difficulty_level,2,hard,0.4696856022533564,14,5,ari_generalizability_quant,3,0.9398160885644847,False,False,0.8756274321040517
difficulty_level,2,hard,0.4696856022533564,14,5,ari_generalizability_quant,4,0.8944495961591143,False,False,0.9574516577021221
difficulty_level,2,hard,0.4696856022533564,14,5,ari_generalizability_quant,5,0.7189342740694965,False,True,1.0
difficulty_level,2,hard,0.4696856022533564,14,5,ari_generalizability_quant,6,0.8308900933853548,False,False,0.6041675786097385
difficulty_level,2,hard,0.4696856022533564,14,5,ari_generalizability_quant,7,0.8338134462198034,True,False,0.46341290847879724
difficulty_level,2,hard,0.4696856022533564,14,5,ari_stability,3,0.9713458438103437,False,False,0.8756274321040517
difficulty_level,2,hard,0.4696856022533564,14,5,ari_stability,4,0.9870036673392534,False,False,0.9574516577021221
difficulty_level,2,hard,0.4696856022533564,14,5,ari_stability,5,1.0,True,True,1.0
difficulty_level,2,hard,0.4696856022533564,14,5,ari_stability,6,0.8495352274983676,False,False,0.6041675786097385
difficulty_level,2,hard,0.4696856022533564,14,5,ari_stability,7,0.8304969717811668,False,False,0.46341290847879724
difficulty_level,2,hard,0.4696856022533564,14,5,ari_stability_1se,3,0.9713458438103437,False,False,0.8756274321040517
difficulty_level,2,hard,0.4696856022533564,14,5,ari_stability_1se,4,0.9870036673392534,False,False,0.9574516577021221
difficulty_level,2,hard,0.4696856022533564,14,5,ari_stability_1se,5,1.0,True,True,1.0
difficulty_level,2,hard,0.4696856022533564,14,5,ari_stability_1se,6,0.8495352274983676,False,False,0.6041675786097385
difficulty_level,2,hard,0.4696856022533564,14,5,ari_stability_1se,7,0.8304969717811668,False,False,0.46341290847879724
difficulty_level,2,hard,0.4696856022533564,14,5,ari_stability_quant,3,0.9713458438103437,False,False,0.8756274321040517
difficulty_level,2,hard,0.4696856022533564,14,5,ari_stability_quant,4,0.9870036673392534,False,False,0.9574516577021221
difficulty_level,2,hard,0.4696856022533564,14,5,ari_stability_quant,5,1.0,True,True,1.0
difficulty_level,2,hard,0.4696856022533564,14,5,ari_stability_quant,6,0.8495352274983676,False,False,0.6041675786097385
difficulty_level,2,hard,0.4696856022533564,14,5,ari_stability_quant,7,0.8304969717811668,False,False,0.46341290847879724
difficulty_level,2,hard,0.4696856022533564,14,5,consensus_ce_stability,3,0.9717757542152244,False,False,0.8756274321040517
difficulty_level,2,hard,0.4696856022533564,14,5,consensus_ce_stability,4,0.9832254155785849,False,False,0.9574516577021221
difficulty_level,2,hard,0.4696856022533564,14,5,consensus_ce_stability,5,0.9999999999586944,True,True,1.0
difficulty_level,2,hard,0.4696856022533564,14,5,consensus_ce_stability,6,0.8730778938947966,False,False,0.6041675786097385
difficulty_level,2,hard,0.4696856022533564,14,5,consensus_ce_stability,7,0.8969120785125811,False,False,0.46341290847879724
difficulty_level,2,hard,0.4696856022533564,14,5,consensus_gini_stability,3,0.9795215953397037,False,False,0.8756274321040517
difficulty_level,2,hard,0.4696856022533564,14,5,consensus_gini_stability,4,0.9877873365512148,False,False,0.9574516577021221
difficulty_level,2,hard,0.4696856022533564,14,5,consensus_gini_stability,5,1.0,True,True,1.0
difficulty_level,2,hard,0.4696856022533564,14,5,consensus_gini_stability,6,0.8983356079232,False,False,0.6041675786097385
difficulty_level,2,hard,0.4696856022533564,14,5,consensus_gini_stability,7,0.9117756654510861,False,False,0.46341290847879724
difficulty_level,2,hard,0.4696856022533564,14,5,consensus_pac_stability,3,0.9401174116077385,False,False,0.8756274321040517
difficulty_level,2,hard,0.4696856022533564,14,5,consensus_pac_stability,4,0.9673150989548588,False,False,0.9574516577021221
difficulty_level,2,hard,0.4696856022533564,14,5,consensus_pac_stability,5,1.0,True,True,1.0
difficulty_level,2,hard,0.4696856022533564,14,5,consensus_pac_stability,6,0.8012959750945075,False,False,0.6041675786097385
difficulty_level,2,hard,0.4696856022533564,14,5,consensus_pac_stability,7,0.8611963531243051,False,False,0.46341290847879724
difficulty_level,2,hard,0.4696856022533564,14,5,silhouette,3,0.23297552503942157,False,False,0.9167340259872209
difficulty_level,2,hard,0.4696856022533564,14,5,silhouette,4,0.24437096944378553,False,False,0.9585544823685624
difficulty_level,2,hard,0.4696856022533564,14,5,silhouette,5,0.28871240057678704,False,True,0.4696856022533564
difficulty_level,2,hard,0.4696856022533564,14,5,silhouette,6,0.3405332305033166,True,False,0.6000957737852557
difficulty_level,2,hard,0.4696856022533564,14,5,silhouette,7,0.3297104737837791,False,False,0.44165751531752523
difficulty_level,2,hard,0.4696856022533564,14,5,gap,3,1.0590650027577126,False,False,0.9167340259872209
difficulty_level,2,hard,0.4696856022533564,14,5,gap,4,1.0996101540113887,False,False,0.9585544823685624
difficulty_level,2,hard,0.4696856022533564,14,5,gap,5,1.292718102326873,False,True,0.4696856022533564
difficulty_level,2,hard,0.4696856022533564,14,5,gap,6,1.415281487434891,False,False,0.6000957737852557
difficulty_level,2,hard,0.4696856022533564,14,5,gap,7,1.5318754333405789,True,False,0.44165751531752523
difficulty_level,2,hard,0.4696856022533564,14,5,davies_bouldin,3,0.24221594950131456,False,False,0.9167340259872209
difficulty_level,2,hard,0.4696856022533564,14,5,davies_bouldin,4,0.27511614230998,False,False,0.9585544823685624
difficulty_level,2,hard,0.4696856022533564,14,5,davies_bouldin,5,0.31255452176332493,False,True,0.4696856022533564
difficulty_level,2,hard,0.4696856022533564,14,5,davies_bouldin,6,0.3217799722133816,False,False,0.6000957737852557
difficulty_level,2,hard,0.4696856022533564,14,5,davies_bouldin,7,0.34303231365051395,True,False,0.44165751531752523
difficulty_level,2,hard,0.4696856022533564,14,5,calinski_harabasz,3,138.94785296554713,False,False,0.9167340259872209
difficulty_level,2,hard,0.4696856022533564,14,5,calinski_harabasz,4,122.4137238530724,False,False,0.9585544823685624
difficulty_level,2,hard,0.4696856022533564,14,5,calinski_harabasz,5,195.08807740925863,False,True,0.4696856022533564
difficulty_level,2,hard,0.4696856022533564,14,5,calinski_harabasz,6,218.34767844572607,False,False,0.6000957737852557
difficulty_level,2,hard,0.4696856022533564,14,5,calinski_harabasz,7,238.00735106261595,True,False,0.44165751531752523
difficulty_level,2,hard,1.0,15,5,accuracy_generalizability,3,0.9296077640803794,False,False,0.8195351349808884
difficulty_level,2,hard,1.0,15,5,accuracy_generalizability,4,0.9004596247643449,False,False,0.942021529003795
difficulty_level,2,hard,1.0,15,5,accuracy_generalizability,5,0.997702406822109,True,True,1.0
difficulty_level,2,hard,1.0,15,5,accuracy_generalizability,6,0.8322751801524134,False,False,0.8575177661937241
difficulty_level,2,hard,1.0,15,5,accuracy_generalizability,7,0.9256079141605638,False,False,0.668414819408098
difficulty_level,2,hard,1.0,15,5,ari_average,3,0.8385508126384894,False,False,0.8195351349808884
difficulty_level,2,hard,1.0,15,5,ari_average,4,0.9010767143270377,False,False,0.942021529003795
difficulty_level,2,hard,1.0,15,5,ari_average,5,0.998969352019068,True,True,1.0
difficulty_level,2,hard,1.0,15,5,ari_average,6,0.8003670101130536,False,False,0.8575177661937241
difficulty_level,2,hard,1.0,15,5,ari_average,7,0.8697785649455966,False,False,0.668414819408098
difficulty_level,2,hard,1.0,15,5,ari_average_1se,3,0.8385508126384894,False,False,0.8195351349808884
difficulty_level,2,hard,1.0,15,5,ari_average_1se,4,0.9010767143270377,False,False,0.942021529003795
difficulty_level,2,hard,1.0,15,5,ari_average_1se,5,0.998969352019068,True,True,1.0
difficulty_level,2,hard,1.0,15,5,ari_average_1se,6,0.8003670101130536,False,False,0.8575177661937241
difficulty_level,2,hard,1.0,15,5,ari_average_1se,7,0.8697785649455966,False,False,0.668414819408098
difficulty_level,2,hard,1.0,15,5,ari_average_quant,3,0.8385508126384894,False,False,0.8195351349808884
difficulty_level,2,hard,1.0,15,5,ari_average_quant,4,0.9010767143270377,False,False,0.942021529003795
difficulty_level,2,hard,1.0,15,5,ari_average_quant,5,0.998969352019068,True,True,1.0
difficulty_level,2,hard,1.0,15,5,ari_average_quant,6,0.8003670101130536,False,False,0.8575177661937241
difficulty_level,2,hard,1.0,15,5,ari_average_quant,7,0.8697785649455966,False,False,0.668414819408098
difficulty_level,2,hard,1.0,15,5,ari_generalizability,3,0.8709152265837156,False,False,0.8195351349808884
difficulty_level,2,hard,1.0,15,5,ari_generalizability,4,0.8820710347977279,False,False,0.942021529003795
difficulty_level,2,hard,1.0,15,5,ari_generalizability,5,0.997938704038136,True,True,1.0
difficulty_level,2,hard,1.0,15,5,ari_generalizability,6,0.7925122740536333,False,False,0.8575177661937241
difficulty_level,2,hard,1.0,15,5,ari_generalizability,7,0.8498291554635112,False,False,0.668414819408098
difficulty_level,2,hard,1.0,15,5,ari_generalizability_1se,3,0.8709152265837156,False,False,0.8195351349808884
difficulty_level,2,hard,1.0,15,5,ari_generalizability_1se,4,0.8820710347977279,False,False,0.942021529003795
difficulty_level,2,hard,1.0,15,5,ari_generalizability_1se,5,0.997938704038136,True,True,1.0
difficulty_level,2,hard,1.0,15,5,ari_generalizability_1se,6,0.7925122740536333,False,False,0.8575177661937241
difficulty_level,2,hard,1.0,15,5,ari_generalizability_1se,7,0.8498291554635112,False,False,0.668414819408098
difficulty_level,2,hard,1.0,15,5,ari_generalizability_quant,3,0.8709152265837156,False,False,0.8195351349808884
difficulty_level,2,hard,1.0,15,5,ari_generalizability_quant,4,0.8820710347977279,False,False,0.942021529003795
difficulty_level,2,hard,1.0,15,5,ari_generalizability_quant,5,0.997938704038136,True,True,1.0
difficulty_level,2,hard,1.0,15,5,ari_generalizability_quant,6,0.7925122740536333,False,False,0.8575177661937241
difficulty_level,2,hard,1.0,15,5,ari_generalizability_quant,7,0.8498291554635112,False,False,0.668414819408098
difficulty_level,2,hard,1.0,15,5,ari_stability,3,0.8061863986932636,False,False,0.8195351349808884
difficulty_level,2,hard,1.0,15,5,ari_stability,4,0.9200823938563477,False,False,0.942021529003795
difficulty_level,2,hard,1.0,15,5,ari_stability,5,1.0,True,True,1.0
difficulty_level,2,hard,1.0,15,5,ari_stability,6,0.8082217461724742,False,False,0.8575177661937241
difficulty_level,2,hard,1.0,15,5,ari_stability,7,0.8897279744276814,False,False,0.668414819408098
difficulty_level,2,hard,1.0,15,5,ari_stability_1se,3,0.8061863986932636,False,False,0.8195351349808884
difficulty_level,2,hard,1.0,15,5,ari_stability_1se,4,0.9200823938563477,False,False,0.942021529003795
difficulty_level,2,hard,1.0,15,5,ari_stability_1se,5,1.0,True,True,1.0
difficulty_level,2,hard,1.0,15,5,ari_stability_1se,6,0.8082217461724742,False,False,0.8575177661937241
difficulty_level,2,hard,1.0,15,5,ari_stability_1se,7,0.8897279744276814,False,False,0.668414819408098
difficulty_level,2,hard,1.0,15,5,ari_stability_quant,3,0.8061863986932636,False,False,0.8195351349808884
difficulty_level,2,hard,1.0,15,5,ari_stability_quant,4,0.9200823938563477,False,False,0.942021529003795
difficulty_level,2,hard,1.0,15,5,ari_stability_quant,5,1.0,True,True,1.0
difficulty_level,2,hard,1.0,15,5,ari_stability_quant,6,0.8082217461724742,False,False,0.8575177661937241
difficulty_level,2,hard,1.0,15,5,ari_stability_quant,7,0.8897279744276814,False,False,0.668414819408098
difficulty_level,2,hard,1.0,15,5,consensus_ce_stability,3,0.7890488220319024,False,False,0.8195351349808884
difficulty_level,2,hard,1.0,15,5,consensus_ce_stability,4,0.9044373190215103,False,False,0.942021529003795
difficulty_level,2,hard,1.0,15,5,consensus_ce_stability,5,0.9999999999586944,True,True,1.0
difficulty_level,2,hard,1.0,15,5,consensus_ce_stability,6,0.8899258151259903,False,False,0.8575177661937241
difficulty_level,2,hard,1.0,15,5,consensus_ce_stability,7,0.934419708591094,False,False,0.668414819408098
difficulty_level,2,hard,1.0,15,5,consensus_gini_stability,3,0.8168841223985543,False,False,0.8195351349808884
difficulty_level,2,hard,1.0,15,5,consensus_gini_stability,4,0.9154640403013209,False,False,0.942021529003795
difficulty_level,2,hard,1.0,15,5,consensus_gini_stability,5,1.0,True,True,1.0
difficulty_level,2,hard,1.0,15,5,consensus_gini_stability,6,0.8979509062397345,False,False,0.8575177661937241
difficulty_level,2,hard,1.0,15,5,consensus_gini_stability,7,0.942170008692723,False,False,0.668414819408098
difficulty_level,2,hard,1.0,15,5,consensus_pac_stability,3,0.7087676228596842,False,False,0.8195351349808884
difficulty_level,2,hard,1.0,15,5,consensus_pac_stability,4,0.8570851678897042,False,False,0.942021529003795
difficulty_level,2,hard,1.0,15,5,consensus_pac_stability,5,1.0,True,True,1.0
difficulty_level,2,hard,1.0,15,5,consensus_pac_stability,6,0.8638736935734934,False,False,0.8575177661937241
difficulty_level,2,hard,1.0,15,5,consensus_pac_stability,7,0.9179034912163665,False,False,0.668414819408098
difficulty_level,2,hard,1.0,15,5,silhouette,3,0.1617067903856741,False,False,0.6171158328907418
difficulty_level,2,hard,1.0,15,5,silhouette,4,0.1786417264089464,False,False,0.8256082970164477
difficulty_level,2,hard,1.0,15,5,silhouette,5,0.24760744287818184,False,True,0.7743322924892516
difficulty_level,2,hard,1.0,15,5,silhouette,6,0.27503982055604026,False,False,0.8636041551250134
difficulty_level,2,hard,1.0,15,5,silhouette,7,0.33893756670149383,True,False,0.6823720456382877
difficulty_level,2,hard,1.0,15,5,gap,3,0.8152394858233354,False,False,0.6171158328907418
difficulty_level,2,hard,1.0,15,5,gap,4,0.8804398297083971,False,False,0.8256082970164477
difficulty_level,2,hard,1.0,15,5,gap,5,1.0482059423209211,False,True,0.7743322924892516
difficulty_level,2,hard,1.0,15,5,gap,6,1.0946667186003882,False,False,0.8636041551250134
difficulty_level,2,hard,1.0,15,5,gap,7,1.2957074230150774,True,False,0.6823720456382877
difficulty_level,2,hard,1.0,15,5,davies_bouldin,3,0.28407492508440013,False,False,0.6171158328907418
difficulty_level,2,hard,1.0,15,5,davies_bouldin,4,0.3090805343548827,False,False,0.8256082970164477
difficulty_level,2,hard,1.0,15,5,davies_bouldin,5,0.31074088647366616,False,True,0.7743322924892516
difficulty_level,2,hard,1.0,15,5,davies_bouldin,6,0.33185733951846125,False,False,0.8636041551250134
difficulty_level,2,hard,1.0,15,5,davies_bouldin,7,0.35061564507579934,True,False,0.6823720456382877
difficulty_level,2,hard,1.0,15,5,calinski_harabasz,3,124.74029555272347,False,False,0.6171158328907418
difficulty_level,2,hard,1.0,15,5,calinski_harabasz,4,127.34497436977334,False,False,0.8256082970164477
difficulty_level,2,hard,1.0,15,5,calinski_harabasz,5,184.97993506212094,False,True,0.7743322924892516
difficulty_level,2,hard,1.0,15,5,calinski_harabasz,6,172.3074200819443,False,False,0.8636041551250134
difficulty_level,2,hard,1.0,15,5,calinski_harabasz,7,233.33725512814735,True,False,0.6823720456382877
difficulty_level,2,hard,0.7621999873166219,16,5,accuracy_generalizability,3,1.0,True,False,0.8412629986760284
difficulty_level,2,hard,0.7621999873166219,16,5,accuracy_generalizability,4,0.9365316400210336,False,False,0.9501805143237454
difficulty_level,2,hard,0.7621999873166219,16,5,accuracy_generalizability,5,0.8762537356963542,False,True,1.0
difficulty_level,2,hard,0.7621999873166219,16,5,accuracy_generalizability,6,0.8921607134137617,False,False,0.8089230902560776
difficulty_level,2,hard,0.7621999873166219,16,5,accuracy_generalizability,7,0.9094056765045115,False,False,0.6813765520030806
difficulty_level,2,hard,0.7621999873166219,16,5,ari_average,3,1.0,True,False,0.8412629986760284
difficulty_level,2,hard,0.7621999873166219,16,5,ari_average,4,0.9484650321663417,False,False,0.9501805143237454
difficulty_level,2,hard,0.7621999873166219,16,5,ari_average,5,0.9416493965692523,False,True,1.0
difficulty_level,2,hard,0.7621999873166219,16,5,ari_average,6,0.8835123190061575,False,False,0.8089230902560776
difficulty_level,2,hard,0.7621999873166219,16,5,ari_average,7,0.8710458652358645,False,False,0.6813765520030806
difficulty_level,2,hard,0.7621999873166219,16,5,ari_average_1se,3,1.0,True,False,0.8412629986760284
difficulty_level,2,hard,0.7621999873166219,16,5,ari_average_1se,4,0.9484650321663417,False,False,0.9501805143237454
difficulty_level,2,hard,0.7621999873166219,16,5,ari_average_1se,5,0.9416493965692523,False,True,1.0
difficulty_level,2,hard,0.7621999873166219,16,5,ari_average_1se,6,0.8835123190061575,False,False,0.8089230902560776
difficulty_level,2,hard,0.7621999873166219,16,5,ari_average_1se,7,0.8710458652358645,False,False,0.6813765520030806
difficulty_level,2,hard,0.7621999873166219,16,5,ari_average_quant,3,1.0,True,False,0.8412629986760284
difficulty_level,2,hard,0.7621999873166219,16,5,ari_average_quant,4,0.9484650321663417,False,False,0.9501805143237454
difficulty_level,2,hard,0.7621999873166219,16,5,ari_average_quant,5,0.9416493965692523,False,True,1.0
difficulty_level,2,hard,0.7621999873166219,16,5,ari_average_quant,6,0.8835123190061575,False,False,0.8089230902560776
difficulty_level,2,hard,0.7621999873166219,16,5,ari_average_quant,7,0.8710458652358645,False,False,0.6813765520030806
difficulty_level,2,hard,0.7621999873166219,16,5,ari_generalizability,3,1.0,True,False,0.8412629986760284
difficulty_level,2,hard,0.7621999873166219,16,5,ari_generalizability,4,0.9316480521090585,False,False,0.9501805143237454
difficulty_level,2,hard,0.7621999873166219,16,5,ari_generalizability,5,0.8832987931385047,False,True,1.0
difficulty_level,2,hard,0.7621999873166219,16,5,ari_generalizability,6,0.85370895739137,False,False,0.8089230902560776
difficulty_level,2,hard,0.7621999873166219,16,5,ari_generalizability,7,0.8435691042270409,False,False,0.6813765520030806
difficulty_level,2,hard,0.7621999873166219,16,5,ari_generalizability_1se,3,1.0,True,False,0.8412629986760284
difficulty_level,2,hard,0.7621999873166219,16,5,ari_generalizability_1se,4,0.9316480521090585,False,False,0.9501805143237454
difficulty_level,2,hard,0.7621999873166219,16,5,ari_generalizability_1se,5,0.8832987931385047,False,True,1.0
difficulty_level,2,hard,0.7621999873166219,16,5,ari_generalizability_1se,6,0.85370895739137,False,False,0.8089230902560776
difficulty_level,2,hard,0.7621999873166219,16,5,ari_generalizability_1se,7,0.8435691042270409,False,False,0.6813765520030806
difficulty_level,2,hard,0.7621999873166219,16,5,ari_generalizability_quant,3,1.0,True,False,0.8412629986760284
difficulty_level,2,hard,0.7621999873166219,16,5,ari_generalizability_quant,4,0.9316480521090585,False,False,0.9501805143237454
difficulty_level,2,hard,0.7621999873166219,16,5,ari_generalizability_quant,5,0.8832987931385047,False,True,1.0
difficulty_level,2,hard,0.7621999873166219,16,5,ari_generalizability_quant,6,0.85370895739137,False,False,0.8089230902560776
difficulty_level,2,hard,0.7621999873166219,16,5,ari_generalizability_quant,7,0.8435691042270409,False,False,0.6813765520030806
difficulty_level,2,hard,0.7621999873166219,16,5,ari_stability,3,1.0,True,False,0.8412629986760284
difficulty_level,2,hard,0.7621999873166219,16,5,ari_stability,4,0.9652820122236251,False,False,0.9501805143237454
difficulty_level,2,hard,0.7621999873166219,16,5,ari_stability,5,1.0,False,True,1.0
difficulty_level,2,hard,0.7621999873166219,16,5,ari_stability,6,0.913315680620945,False,False,0.8089230902560776
difficulty_level,2,hard,0.7621999873166219,16,5,ari_stability,7,0.8985226262446874,False,False,0.6813765520030806
difficulty_level,2,hard,0.7621999873166219,16,5,ari_stability_1se,3,1.0,False,False,0.8412629986760284
difficulty_level,2,hard,0.7621999873166219,16,5,ari_stability_1se,4,0.9652820122236251,False,False,0.9501805143237454
difficulty_level,2,hard,0.7621999873166219,16,5,ari_stability_1se,5,1.0,True,True,1.0
difficulty_level,2,hard,0.7621999873166219,16,5,ari_stability_1se,6,0.913315680620945,False,False,0.8089230902560776
difficulty_level,2,hard,0.7621999873166219,16,5,ari_stability_1se,7,0.8985226262446874,False,False,0.6813765520030806
difficulty_level,2,hard,0.7621999873166219,16,5,ari_stability_quant,3,1.0,False,False,0.8412629986760284
difficulty_level,2,hard,0.7621999873166219,16,5,ari_stability_quant,4,0.9652820122236251,False,False,0.9501805143237454
difficulty_level,2,hard,0.7621999873166219,16,5,ari_stability_quant,5,1.0,True,True,1.0
difficulty_level,2,hard,0.7621999873166219,16,5,ari_stability_quant,6,0.913315680620945,False,False,0.8089230902560776
difficulty_level,2,hard,0.7621999873166219,16,5,ari_stability_quant,7,0.8985226262446874,False,False,0.6813765520030806
difficulty_level,2,hard,0.7621999873166219,16,5,consensus_ce_stability,3,0.9999999999586945,True,False,0.8412629986760284
difficulty_level,2,hard,0.7621999873166219,16,5,consensus_ce_stability,4,0.9686262798191936,False,False,0.9501805143237454
difficulty_level,2,hard,0.7621999873166219,16,5,consensus_ce_stability,5,0.9999999999586944,False,True,1.0
difficulty_level,2,hard,0.7621999873166219,16,5,consensus_ce_stability,6,0.933395707627267,False,False,0.8089230902560776
difficulty_level,2,hard,0.7621999873166219,16,5,consensus_ce_stability,7,0.9293323905335376,False,False,0.6813765520030806
difficulty_level,2,hard,0.7621999873166219,16,5,consensus_gini_stability,3,1.0,True,False,0.8412629986760284
difficulty_level,2,hard,0.7621999873166219,16,5,consensus_gini_stability,4,0.9720273150483226,False,False,0.9501805143237454
difficulty_level,2,hard,0.7621999873166219,16,5,consensus_gini_stability,5,1.0,False,True,1.0
difficulty_level,2,hard,0.7621999873166219,16,5,consensus_gini_stability,6,0.9449746399247018,False,False,0.8089230902560776
difficulty_level,2,hard,0.7621999873166219,16,5,consensus_gini_stability,7,0.9405994237848703,False,False,0.6813765520030806
difficulty_level,2,hard,0.7621999873166219,16,5,consensus_pac_stability,3,1.0,True,False,0.8412629986760284
difficulty_level,2,hard,0.7621999873166219,16,5,consensus_pac_stability,4,0.9564474093840338,False,False,0.9501805143237454
difficulty_level,2,hard,0.7621999873166219,16,5,consensus_pac_stability,5,1.0,False,True,1.0
difficulty_level,2,hard,0.7621999873166219,16,5,consensus_pac_stability,6,0.8890051145207917,False,False,0.8089230902560776
difficulty_level,2,hard,0.7621999873166219,16,5,consensus_pac_stability,7,0.9025812764064932,False,False,0.6813765520030806
difficulty_level,2,hard,0.7621999873166219,16,5,silhouette,3,0.1763588552791183,False,False,0.8412629986760284
difficulty_level,2,hard,0.7621999873166219,16,5,silhouette,4,0.21095804899956072,False,False,0.9501805143237454
difficulty_level,2,hard,0.7621999873166219,16,5,silhouette,5,0.22671564711161266,False,True,1.0
difficulty_level,2,hard,0.7621999873166219,16,5,silhouette,6,0.2682356923707674,False,False,0.8147509167506991
difficulty_level,2,hard,0.7621999873166219,16,5,silhouette,7,0.32520093916202913,True,False,0.6895282808598259
difficulty_level,2,hard,0.7621999873166219,16,5,gap,3,0.932246053887015,False,False,0.8412629986760284
difficulty_level,2,hard,0.7621999873166219,16,5,gap,4,0.9937038105058686,False,False,0.9501805143237454
difficulty_level,2,hard,0.7621999873166219,16,5,gap,5,1.0195496217981574,False,True,1.0
difficulty_level,2,hard,0.7621999873166219,16,5,gap,6,1.1602383560330978,False,False,0.8147509167506991
difficulty_level,2,hard,0.7621999873166219,16,5,gap,7,1.3128820006270008,True,False,0.6895282808598259
difficulty_level,2,hard,0.7621999873166219,16,5,davies_bouldin,3,0.2717362004591119,False,False,0.8412629986760284
difficulty_level,2,hard,0.7621999873166219,16,5,davies_bouldin,4,0.2961503447446529,False,False,0.9501805143237454
difficulty_level,2,hard,0.7621999873166219,16,5,davies_bouldin,5,0.3094675722898388,False,True,1.0
difficulty_level,2,hard,0.7621999873166219,16,5,davies_bouldin,6,0.3257370953805296,False,False,0.8147509167506991
difficulty_level,2,hard,0.7621999873166219,16,5,davies_bouldin,7,0.34269447876724696,True,False,0.6895282808598259
difficulty_level,2,hard,0.7621999873166219,16,5,calinski_harabasz,3,163.24980873264076,False,False,0.8412629986760284
difficulty_level,2,hard,0.7621999873166219,16,5,calinski_harabasz,4,152.33547112844496,False,False,0.9501805143237454
difficulty_level,2,hard,0.7621999873166219,16,5,calinski_harabasz,5,130.82137871790695,False,True,1.0
difficulty_level,2,hard,0.7621999873166219,16,5,calinski_harabasz,6,168.44385654240622,False,False,0.8147509167506991
difficulty_level,2,hard,0.7621999873166219,16,5,calinski_harabasz,7,206.99519781417513,True,False,0.6895282808598259
difficulty_level,2,hard,0.7838403314753497,17,5,accuracy_generalizability,3,0.9875773830990956,True,False,0.8146632816083271
difficulty_level,2,hard,0.7838403314753497,17,5,accuracy_generalizability,4,0.9512098020698425,False,False,0.948704692690112
difficulty_level,2,hard,0.7838403314753497,17,5,accuracy_generalizability,5,0.9850029811440278,False,True,1.0
difficulty_level,2,hard,0.7838403314753497,17,5,accuracy_generalizability,6,0.9270559912942528,False,False,0.8170458681488091
difficulty_level,2,hard,0.7838403314753497,17,5,accuracy_generalizability,7,0.9443119421162984,False,False,0.6855552176979164
difficulty_level,2,hard,0.7838403314753497,17,5,ari_average,3,0.961263593376251,False,False,0.8146632816083271
difficulty_level,2,hard,0.7838403314753497,17,5,ari_average,4,0.9415329902230444,False,False,0.948704692690112
difficulty_level,2,hard,0.7838403314753497,17,5,ari_average,5,0.9931729957990534,True,True,1.0
difficulty_level,2,hard,0.7838403314753497,17,5,ari_average,6,0.912479992787455,False,False,0.8170458681488091
difficulty_level,2,hard,0.7838403314753497,17,5,ari_average,7,0.9050374468238644,False,False,0.6855552176979164
difficulty_level,2,hard,0.7838403314753497,17,5,ari_average_1se,3,0.961263593376251,False,False,0.8146632816083271
difficulty_level,2,hard,0.7838403314753497,17,5,ari_average_1se,4,0.9415329902230444,False,False,0.948704692690112
difficulty_level,2,hard,0.7838403314753497,17,5,ari_average_1se,5,0.9931729957990534,True,True,1.0
difficulty_level,2,hard,0.7838403314753497,17,5,ari_average_1se,6,0.912479992787455,False,False,0.8170458681488091
difficulty_level,2,hard,0.7838403314753497,17,5,ari_average_1se,7,0.9050374468238644,False,False,0.6855552176979164
difficulty_level,2,hard,0.7838403314753497,17,5,ari_average_quant,3,0.961263593376251,False,False,0.8146632816083271
difficulty_level,2,hard,0.7838403314753497,17,5,ari_average_quant,4,0.9415329902230444,False,False,0.948704692690112
difficulty_level,2,hard,0.7838403314753497,17,5,ari_average_quant,5,0.9931729957990534,True,True,1.0
difficulty_level,2,hard,0.7838403314753497,17,5,ari_average_quant,6,0.912479992787455,False,False,0.8170458681488091
difficulty_level,2,hard,0.7838403314753497,17,5,ari_average_quant,7,0.9050374468238644,False,False,0.6855552176979164
difficulty_level,2,hard,0.7838403314753497,17,5,ari_generalizability,3,0.974268877770875,False,False,0.8146632816083271
difficulty_level,2,hard,0.7838403314753497,17,5,ari_generalizability,4,0.9417602632218945,False,False,0.948704692690112
difficulty_level,2,hard,0.7838403314753497,17,5,ari_generalizability,5,0.9863459915981068,True,True,1.0
difficulty_level,2,hard,0.7838403314753497,17,5,ari_generalizability,6,0.8976507946147337,False,False,0.8170458681488091
difficulty_level,2,hard,0.7838403314753497,17,5,ari_generalizability,7,0.8929565157870999,False,False,0.6855552176979164
difficulty_level,2,hard,0.7838403314753497,17,5,ari_generalizability_1se,3,0.974268877770875,False,False,0.8146632816083271
difficulty_level,2,hard,0.7838403314753497,17,5,ari_generalizability_1se,4,0.9417602632218945,False,False,0.948704692690112
difficulty_level,2,hard,0.7838403314753497,17,5,ari_generalizability_1se,5,0.9863459915981068,True,True,1.0
difficulty_level,2,hard,0.7838403314753497,17,5,ari_generalizability_1se,6,0.8976507946147337,False,False,0.8170458681488091
difficulty_level,2,hard,0.7838403314753497,17,5,ari_generalizability_1se,7,0.8929565157870999,False,False,0.6855552176979164
difficulty_level,2,hard,0.7838403314753497,17,5,ari_generalizability_quant,3,0.974268877770875,False,False,0.8146632816083271
difficulty_level,2,hard,0.7838403314753497,17,5,ari_generalizability_quant,4,0.9417602632218945,False,False,0.948704692690112
difficulty_level,2,hard,0.7838403314753497,17,5,ari_generalizability_quant,5,0.9863459915981068,False,True,1.0
difficulty_level,2,hard,0.7838403314753497,17,5,ari_generalizability_quant,6,0.8976507946147337,False,False,0.8170458681488091
difficulty_level,2,hard,0.7838403314753497,17,5,ari_generalizability_quant,7,0.8929565157870999,True,False,0.6855552176979164
difficulty_level,2,hard,0.7838403314753497,17,5,ari_stability,3,0.9482583089816272,False,False,0.8146632816083271
difficulty_level,2,hard,0.7838403314753497,17,5,ari_stability,4,0.9413057172241941,False,False,0.948704692690112
difficulty_level,2,hard,0.7838403314753497,17,5,ari_stability,5,1.0,True,True,1.0
difficulty_level,2,hard,0.7838403314753497,17,5,ari_stability,6,0.9273091909601762,False,False,0.8170458681488091
difficulty_level,2,hard,0.7838403314753497,17,5,ari_stability,7,0.917118377860629,False,False,0.6855552176979164
difficulty_level,2,hard,0.7838403314753497,17,5,ari_stability_1se,3,0.9482583089816272,False,False,0.8146632816083271
difficulty_level,2,hard,0.7838403314753497,17,5,ari_stability_1se,4,0.9413057172241941,False,False,0.948704692690112
difficulty_level,2,hard,0.7838403314753497,17,5,ari_stability_1se,5,1.0,True,True,1.0
difficulty_level,2,hard,0.7838403314753497,17,5,ari_stability_1se,6,0.9273091909601762,False,False,0.8170458681488091
difficulty_level,2,hard,0.7838403314753497,17,5,ari_stability_1se,7,0.917118377860629,False,False,0.6855552176979164
difficulty_level,2,hard,0.7838403314753497,17,5,ari_stability_quant,3,0.9482583089816272,False,False,0.8146632816083271
difficulty_level,2,hard,0.7838403314753497,17,5,ari_stability_quant,4,0.9413057172241941,False,False,0.948704692690112
difficulty_level,2,hard,0.7838403314753497,17,5,ari_stability_quant,5,1.0,True,True,1.0
difficulty_level,2,hard,0.7838403314753497,17,5,ari_stability_quant,6,0.9273091909601762,False,False,0.8170458681488091
difficulty_level,2,hard,0.7838403314753497,17,5,ari_stability_quant,7,0.917118377860629,False,False,0.6855552176979164
difficulty_level,2,hard,0.7838403314753497,17,5,consensus_ce_stability,3,0.9408524660564367,False,False,0.8146632816083271
difficulty_level,2,hard,0.7838403314753497,17,5,consensus_ce_stability,4,0.9510346726919201,False,False,0.948704692690112
difficulty_level,2,hard,0.7838403314753497,17,5,consensus_ce_stability,5,0.9999999999586944,True,True,1.0
difficulty_level,2,hard,0.7838403314753497,17,5,consensus_ce_stability,6,0.9475589675327983,False,False,0.8170458681488091
difficulty_level,2,hard,0.7838403314753497,17,5,consensus_ce_stability,7,0.9491026378908612,False,False,0.6855552176979164
difficulty_level,2,hard,0.7838403314753497,17,5,consensus_gini_stability,3,0.9571180746934327,False,False,0.8146632816083271
difficulty_level,2,hard,0.7838403314753497,17,5,consensus_gini_stability,4,0.9548321077175024,False,False,0.948704692690112
difficulty_level,2,hard,0.7838403314753497,17,5,consensus_gini_stability,5,1.0,True,True,1.0
difficulty_level,2,hard,0.7838403314753497,17,5,consensus_gini_stability,6,0.9581255075136117,False,False,0.8170458681488091
difficulty_level,2,hard,0.7838403314753497,17,5,consensus_gini_stability,7,0.9569852212466428,False,False,0.6855552176979164
difficulty_level,2,hard,0.7838403314753497,17,5,consensus_pac_stability,3,0.8852692906382033,False,False,0.8146632816083271
difficulty_level,2,hard,0.7838403314753497,17,5,consensus_pac_stability,4,0.9510277963086502,False,False,0.948704692690112
difficulty_level,2,hard,0.7838403314753497,17,5,consensus_pac_stability,5,1.0,True,True,1.0
difficulty_level,2,hard,0.7838403314753497,17,5,consensus_pac_stability,6,0.9251385368023126,False,False,0.8170458681488091
difficulty_level,2,hard,0.7838403314753497,17,5,consensus_pac_stability,7,0.9356050700466978,False,False,0.6855552176979164
difficulty_level,2,hard,0.7838403314753497,17,5,silhouette,3,0.15005398278871776,False,False,0.6392134176850741
difficulty_level,2,hard,0.7838403314753497,17,5,silhouette,4,0.1882421953021821,False,False,0.8235893513326531
difficulty_level,2,hard,0.7838403314753497,17,5,silhouette,5,0.23608451626595758,False,True,0.7478208720247095
difficulty_level,2,hard,0.7838403314753497,17,5,silhouette,6,0.28325378565478837,False,False,0.611114888942834
difficulty_level,2,hard,0.7838403314753497,17,5,silhouette,7,0.3109760631243937,True,False,0.5417269389167471
difficulty_level,2,hard,0.7838403314753497,17,5,gap,3,0.8869075348161584,False,False,0.6392134176850741
difficulty_level,2,hard,0.7838403314753497,17,5,gap,4,0.9597588641818326,False,False,0.8235893513326531
difficulty_level,2,hard,0.7838403314753497,17,5,gap,5,1.048957812139383,False,True,0.7478208720247095
difficulty_level,2,hard,0.7838403314753497,17,5,gap,6,1.216123416363823,False,False,0.611114888942834
difficulty_level,2,hard,0.7838403314753497,17,5,gap,7,1.3071987217101046,True,False,0.5417269389167471
difficulty_level,2,hard,0.7838403314753497,17,5,davies_bouldin,3,0.27180040773441927,False,False,0.6392134176850741
difficulty_level,2,hard,0.7838403314753497,17,5,davies_bouldin,4,0.2984253371916398,False,False,0.8235893513326531
difficulty_level,2,hard,0.7838403314753497,17,5,davies_bouldin,5,0.3083312111572461,False,True,0.7478208720247095
difficulty_level,2,hard,0.7838403314753497,17,5,davies_bouldin,6,0.33507131297216614,False,False,0.611114888942834
difficulty_level,2,hard,0.7838403314753497,17,5,davies_bouldin,7,0.3809073957311435,True,False,0.5417269389167471
difficulty_level,2,hard,0.7838403314753497,17,5,calinski_harabasz,3,112.84749141126656,False,False,0.6392134176850741
difficulty_level,2,hard,0.7838403314753497,17,5,calinski_harabasz,4,123.335971744963,False,False,0.8235893513326531
difficulty_level,2,hard,0.7838403314753497,17,5,calinski_harabasz,5,139.5052714243106,False,True,0.7478208720247095
difficulty_level,2,hard,0.7838403314753497,17,5,calinski_harabasz,6,189.39325364013226,False,False,0.611114888942834
difficulty_level,2,hard,0.7838403314753497,17,5,calinski_harabasz,7,198.88232169888886,True,False,0.5417269389167471
difficulty_level,2,hard,1.0,18,5,accuracy_generalizability,3,0.8617260154877046,False,False,0.8528811639105577
difficulty_level,2,hard,1.0,18,5,accuracy_generalizability,4,0.9607434040284546,True,False,0.9466010057034236
difficulty_level,2,hard,1.0,18,5,accuracy_generalizability,5,0.9173916136429567,False,True,1.0
difficulty_level,2,hard,1.0,18,5,accuracy_generalizability,6,0.9203079105955586,False,False,0.667280503387728
difficulty_level,2,hard,1.0,18,5,accuracy_generalizability,7,0.9028949042373217,False,False,0.5394673508622806
difficulty_level,2,hard,1.0,18,5,ari_average,3,0.8798255944276585,False,False,0.8528811639105577
difficulty_level,2,hard,1.0,18,5,ari_average,4,0.9750059905478073,True,False,0.9466010057034236
difficulty_level,2,hard,1.0,18,5,ari_average,5,0.9522375282919736,False,True,1.0
difficulty_level,2,hard,1.0,18,5,ari_average,6,0.8655040679040222,False,False,0.667280503387728
difficulty_level,2,hard,1.0,18,5,ari_average,7,0.8348472375715782,False,False,0.5394673508622806
difficulty_level,2,hard,1.0,18,5,ari_average_1se,3,0.8798255944276585,False,False,0.8528811639105577
difficulty_level,2,hard,1.0,18,5,ari_average_1se,4,0.9750059905478073,True,False,0.9466010057034236
difficulty_level,2,hard,1.0,18,5,ari_average_1se,5,0.9522375282919736,False,True,1.0
difficulty_level,2,hard,1.0,18,5,ari_average_1se,6,0.8655040679040222,False,False,0.667280503387728
difficulty_level,2,hard,1.0,18,5,ari_average_1se,7,0.8348472375715782,False,False,0.5394673508622806
difficulty_level,2,hard,1.0,18,5,ari_average_quant,3,0.8798255944276585,False,False,0.8528811639105577
difficulty_level,2,hard,1.0,18,5,ari_average_quant,4,0.9750059905478073,False,False,0.9466010057034236
difficulty_level,2,hard,1.0,18,5,ari_average_quant,5,0.9522375282919736,True,True,1.0
difficulty_level,2,hard,1.0,18,5,ari_average_quant,6,0.8655040679040222,False,False,0.667280503387728
difficulty_level,2,hard,1.0,18,5,ari_average_quant,7,0.8348472375715782,False,False,0.5394673508622806
difficulty_level,2,hard,1.0,18,5,ari_generalizability,3,0.8461721659303744,False,False,0.8528811639105577
difficulty_level,2,hard,1.0,18,5,ari_generalizability,4,0.9554228589975732,True,False,0.9466010057034236
difficulty_level,2,hard,1.0,18,5,ari_generalizability,5,0.9049757634636209,False,True,1.0
difficulty_level,2,hard,1.0,18,5,ari_generalizability,6,0.8360202858992113,False,False,0.667280503387728
difficulty_level,2,hard,1.0,18,5,ari_generalizability,7,0.8152211601609067,False,False,0.5394673508622806
difficulty_level,2,hard,1.0,18,5,ari_generalizability_1se,3,0.8461721659303744,False,False,0.8528811639105577
difficulty_level,2,hard,1.0,18,5,ari_generalizability_1se,4,0.9554228589975732,True,False,0.9466010057034236
difficulty_level,2,hard,1.0,18,5,ari_generalizability_1se,5,0.9049757634636209,False,True,1.0
difficulty_level,2,hard,1.0,18,5,ari_generalizability_1se,6,0.8360202858992113,False,False,0.667280503387728
difficulty_level,2,hard,1.0,18,5,ari_generalizability_1se,7,0.8152211601609067,False,False,0.5394673508622806
difficulty_level,2,hard,1.0,18,5,ari_generalizability_quant,3,0.8461721659303744,False,False,0.8528811639105577
difficulty_level,2,hard,1.0,18,5,ari_generalizability_quant,4,0.9554228589975732,False,False,0.9466010057034236
difficulty_level,2,hard,1.0,18,5,ari_generalizability_quant,5,0.9049757634636209,True,True,1.0
difficulty_level,2,hard,1.0,18,5,ari_generalizability_quant,6,0.8360202858992113,False,False,0.667280503387728
difficulty_level,2,hard,1.0,18,5,ari_generalizability_quant,7,0.8152211601609067,False,False,0.5394673508622806
difficulty_level,2,hard,1.0,18,5,ari_stability,3,0.9134790229249425,False,False,0.8528811639105577
difficulty_level,2,hard,1.0,18,5,ari_stability,4,0.9945891220980414,False,False,0.9466010057034236
difficulty_level,2,hard,1.0,18,5,ari_stability,5,0.9994992931203264,True,True,1.0
difficulty_level,2,hard,1.0,18,5,ari_stability,6,0.8949878499088331,False,False,0.667280503387728
difficulty_level,2,hard,1.0,18,5,ari_stability,7,0.8544733149822494,False,False,0.5394673508622806
difficulty_level,2,hard,1.0,18,5,ari_stability_1se,3,0.9134790229249425,False,False,0.8528811639105577
difficulty_level,2,hard,1.0,18,5,ari_stability_1se,4,0.9945891220980414,False,False,0.9466010057034236
difficulty_level,2,hard,1.0,18,5,ari_stability_1se,5,0.9994992931203264,True,True,1.0
difficulty_level,2,hard,1.0,18,5,ari_stability_1se,6,0.8949878499088331,False,False,0.667280503387728
difficulty_level,2,hard,1.0,18,5,ari_stability_1se,7,0.8544733149822494,False,False,0.5394673508622806
difficulty_level,2,hard,1.0,18,5,ari_stability_quant,3,0.9134790229249425,False,False,0.8528811639105577
difficulty_level,2,hard,1.0,18,5,ari_stability_quant,4,0.9945891220980414,False,False,0.9466010057034236
difficulty_level,2,hard,1.0,18,5,ari_stability_quant,5,0.9994992931203264,True,True,1.0
difficulty_level,2,hard,1.0,18,5,ari_stability_quant,6,0.8949878499088331,False,False,0.667280503387728
difficulty_level,2,hard,1.0,18,5,ari_stability_quant,7,0.8544733149822494,False,False,0.5394673508622806
difficulty_level,2,hard,1.0,18,5,consensus_ce_stability,3,0.8821095167758712,False,False,0.8528811639105577
difficulty_level,2,hard,1.0,18,5,consensus_ce_stability,4,0.9927765827358696,False,False,0.9466010057034236
difficulty_level,2,hard,1.0,18,5,consensus_ce_stability,5,0.9984484016062335,True,True,1.0
difficulty_level,2,hard,1.0,18,5,consensus_ce_stability,6,0.9017422916493036,False,False,0.667280503387728
difficulty_level,2,hard,1.0,18,5,consensus_ce_stability,7,0.9070632628195078,False,False,0.5394673508622806
difficulty_level,2,hard,1.0,18,5,consensus_gini_stability,3,0.8835189340885754,False,False,0.8528811639105577
difficulty_level,2,hard,1.0,18,5,consensus_gini_stability,4,0.9956812076298289,False,False,0.9466010057034236
difficulty_level,2,hard,1.0,18,5,consensus_gini_stability,5,0.9990919620154558,True,True,1.0
difficulty_level,2,hard,1.0,18,5,consensus_gini_stability,6,0.9190917030092578,False,False,0.667280503387728
difficulty_level,2,hard,1.0,18,5,consensus_gini_stability,7,0.9209454031875149,False,False,0.5394673508622806
difficulty_level,2,hard,1.0,18,5,consensus_pac_stability,3,0.882651545474761,False,False,0.8528811639105577
difficulty_level,2,hard,1.0,18,5,consensus_pac_stability,4,0.9975147876362019,False,False,0.9466010057034236
difficulty_level,2,hard,1.0,18,5,consensus_pac_stability,5,1.0,True,True,1.0
difficulty_level,2,hard,1.0,18,5,consensus_pac_stability,6,0.8457433844785412,False,False,0.667280503387728
difficulty_level,2,hard,1.0,18,5,consensus_pac_stability,7,0.8698145430286858,False,False,0.5394673508622806
difficulty_level,2,hard,1.0,18,5,silhouette,3,0.20194041139875746,False,False,0.8528811639105577
difficulty_level,2,hard,1.0,18,5,silhouette,4,0.228158568498383,False,False,0.9548220031688291
difficulty_level,2,hard,1.0,18,5,silhouette,5,0.2672221184969383,False,True,0.6254421373139346
difficulty_level,2,hard,1.0,18,5,silhouette,6,0.2579581470869201,False,False,0.5050275994545398
difficulty_level,2,hard,1.0,18,5,silhouette,7,0.304835638545696,True,False,0.5441128890698033
difficulty_level,2,hard,1.0,18,5,gap,3,0.8950517746383415,False,False,0.8528811639105577
difficulty_level,2,hard,1.0,18,5,gap,4,0.9374360348677797,False,False,0.9548220031688291
difficulty_level,2,hard,1.0,18,5,gap,5,1.1044004894504997,False,True,0.6254421373139346
difficulty_level,2,hard,1.0,18,5,gap,6,1.1683672637427112,False,False,0.5050275994545398
difficulty_level,2,hard,1.0,18,5,gap,7,1.3028109650055786,True,False,0.5441128890698033
difficulty_level,2,hard,1.0,18,5,davies_bouldin,3,0.2797906809899514,False,False,0.8528811639105577
difficulty_level,2,hard,1.0,18,5,davies_bouldin,4,0.2779394322830663,False,False,0.9548220031688291
difficulty_level,2,hard,1.0,18,5,davies_bouldin,5,0.3037341330444687,False,True,0.6254421373139346
difficulty_level,2,hard,1.0,18,5,davies_bouldin,6,0.3391408571923207,False,False,0.5050275994545398
difficulty_level,2,hard,1.0,18,5,davies_bouldin,7,0.35011001060346275,True,False,0.5441128890698033
difficulty_level,2,hard,1.0,18,5,calinski_harabasz,3,156.79666686847224,False,False,0.8528811639105577
difficulty_level,2,hard,1.0,18,5,calinski_harabasz,4,135.91476190023437,False,False,0.9548220031688291
difficulty_level,2,hard,1.0,18,5,calinski_harabasz,5,192.36180779226171,False,True,0.6254421373139346
difficulty_level,2,hard,1.0,18,5,calinski_harabasz,6,186.6347274309775,False,False,0.5050275994545398
difficulty_level,2,hard,1.0,18,5,calinski_harabasz,7,215.87597713636282,True,False,0.5441128890698033
difficulty_level,2,hard,1.0,19,5,accuracy_generalizability,3,0.87116873549983,False,False,0.8604129521770618
difficulty_level,2,hard,1.0,19,5,accuracy_generalizability,4,0.9718197243614526,True,False,0.9496111756047098
difficulty_level,2,hard,1.0,19,5,accuracy_generalizability,5,0.9113550682464312,False,True,1.0
difficulty_level,2,hard,1.0,19,5,accuracy_generalizability,6,0.9513203920078714,False,False,0.614985098912096
difficulty_level,2,hard,1.0,19,5,accuracy_generalizability,7,0.8975008001080403,False,False,0.46740028339121675
difficulty_level,2,hard,1.0,19,5,ari_average,3,0.897199349799277,False,False,0.8604129521770618
difficulty_level,2,hard,1.0,19,5,ari_average,4,0.9860200494312675,True,False,0.9496111756047098
difficulty_level,2,hard,1.0,19,5,ari_average,5,0.9470553736927314,False,True,1.0
difficulty_level,2,hard,1.0,19,5,ari_average,6,0.9251920447732815,False,False,0.614985098912096
difficulty_level,2,hard,1.0,19,5,ari_average,7,0.837320959327915,False,False,0.46740028339121675
difficulty_level,2,hard,1.0,19,5,ari_average_1se,3,0.897199349799277,False,False,0.8604129521770618
difficulty_level,2,hard,1.0,19,5,ari_average_1se,4,0.9860200494312675,True,False,0.9496111756047098
difficulty_level,2,hard,1.0,19,5,ari_average_1se,5,0.9470553736927314,False,True,1.0
difficulty_level,2,hard,1.0,19,5,ari_average_1se,6,0.9251920447732815,False,False,0.614985098912096
difficulty_level,2,hard,1.0,19,5,ari_average_1se,7,0.837320959327915,False,False,0.46740028339121675
difficulty_level,2,hard,1.0,19,5,ari_average_quant,3,0.897199349799277,False,False,0.8604129521770618
difficulty_level,2,hard,1.0,19,5,ari_average_quant,4,0.9860200494312675,True,False,0.9496111756047098
difficulty_level,2,hard,1.0,19,5,ari_average_quant,5,0.9470553736927314,False,True,1.0
difficulty_level,2,hard,1.0,19,5,ari_average_quant,6,0.9251920447732815,False,False,0.614985098912096
difficulty_level,2,hard,1.0,19,5,ari_average_quant,7,0.837320959327915,False,False,0.46740028339121675
difficulty_level,2,hard,1.0,19,5,ari_generalizability,3,0.8795735949153978,False,False,0.8604129521770618
difficulty_level,2,hard,1.0,19,5,ari_generalizability,4,0.9728833178637254,True,False,0.9496111756047098
difficulty_level,2,hard,1.0,19,5,ari_generalizability,5,0.8941107473854628,False,True,1.0
difficulty_level,2,hard,1.0,19,5,ari_generalizability,6,0.9035439746314529,False,False,0.614985098912096
difficulty_level,2,hard,1.0,19,5,ari_generalizability,7,0.8199693869097718,False,False,0.46740028339121675
difficulty_level,2,hard,1.0,19,5,ari_generalizability_1se,3,0.8795735949153978,False,False,0.8604129521770618
difficulty_level,2,hard,1.0,19,5,ari_generalizability_1se,4,0.9728833178637254,True,False,0.9496111756047098
difficulty_level,2,hard,1.0,19,5,ari_generalizability_1se,5,0.8941107473854628,False,True,1.0
difficulty_level,2,hard,1.0,19,5,ari_generalizability_1se,6,0.9035439746314529,False,False,0.614985098912096
difficulty_level,2,hard,1.0,19,5,ari_generalizability_1se,7,0.8199693869097718,False,False,0.46740028339121675
difficulty_level,2,hard,1.0,19,5,ari_generalizability_quant,3,0.8795735949153978,False,False,0.8604129521770618
difficulty_level,2,hard,1.0,19,5,ari_generalizability_quant,4,0.9728833178637254,False,False,0.9496111756047098
difficulty_level,2,hard,1.0,19,5,ari_generalizability_quant,5,0.8941107473854628,False,True,1.0
difficulty_level,2,hard,1.0,19,5,ari_generalizability_quant,6,0.9035439746314529,True,False,0.614985098912096
difficulty_level,2,hard,1.0,19,5,ari_generalizability_quant,7,0.8199693869097718,False,False,0.46740028339121675
difficulty_level,2,hard,1.0,19,5,ari_stability,3,0.9148251046831565,False,False,0.8604129521770618
difficulty_level,2,hard,1.0,19,5,ari_stability,4,0.9991567809988098,False,False,0.9496111756047098
difficulty_level,2,hard,1.0,19,5,ari_stability,5,1.0,True,True,1.0
difficulty_level,2,hard,1.0,19,5,ari_stability,6,0.9468401149151101,False,False,0.614985098912096
difficulty_level,2,hard,1.0,19,5,ari_stability,7,0.8546725317460582,False,False,0.46740028339121675
difficulty_level,2,hard,1.0,19,5,ari_stability_1se,3,0.9148251046831565,False,False,0.8604129521770618
difficulty_level,2,hard,1.0,19,5,ari_stability_1se,4,0.9991567809988098,False,False,0.9496111756047098
difficulty_level,2,hard,1.0,19,5,ari_stability_1se,5,1.0,True,True,1.0
difficulty_level,2,hard,1.0,19,5,ari_stability_1se,6,0.9468401149151101,False,False,0.614985098912096
difficulty_level,2,hard,1.0,19,5,ari_stability_1se,7,0.8546725317460582,False,False,0.46740028339121675
difficulty_level,2,hard,1.0,19,5,ari_stability_quant,3,0.9148251046831565,False,False,0.8604129521770618
difficulty_level,2,hard,1.0,19,5,ari_stability_quant,4,0.9991567809988098,False,False,0.9496111756047098
difficulty_level,2,hard,1.0,19,5,ari_stability_quant,5,1.0,True,True,1.0
difficulty_level,2,hard,1.0,19,5,ari_stability_quant,6,0.9468401149151101,False,False,0.614985098912096
difficulty_level,2,hard,1.0,19,5,ari_stability_quant,7,0.8546725317460582,False,False,0.46740028339121675
difficulty_level,2,hard,1.0,19,5,consensus_ce_stability,3,0.9134237841732213,False,False,0.8604129521770618
difficulty_level,2,hard,1.0,19,5,consensus_ce_stability,4,0.9969916834913398,False,False,0.9496111756047098
difficulty_level,2,hard,1.0,19,5,consensus_ce_stability,5,0.9999999999586944,True,True,1.0
difficulty_level,2,hard,1.0,19,5,consensus_ce_stability,6,0.9514403340561539,False,False,0.614985098912096
difficulty_level,2,hard,1.0,19,5,consensus_ce_stability,7,0.8975152628153661,False,False,0.46740028339121675
difficulty_level,2,hard,1.0,19,5,consensus_gini_stability,3,0.9139730588771936,False,False,0.8604129521770618
difficulty_level,2,hard,1.0,19,5,consensus_gini_stability,4,0.9982400671018488,False,False,0.9496111756047098
difficulty_level,2,hard,1.0,19,5,consensus_gini_stability,5,1.0,True,True,1.0
difficulty_level,2,hard,1.0,19,5,consensus_gini_stability,6,0.9631065964524304,False,False,0.614985098912096
difficulty_level,2,hard,1.0,19,5,consensus_gini_stability,7,0.9134470359196788,False,False,0.46740028339121675
difficulty_level,2,hard,1.0,19,5,consensus_pac_stability,3,0.9119412941961308,False,False,0.8604129521770618
difficulty_level,2,hard,1.0,19,5,consensus_pac_stability,4,1.0,True,False,0.9496111756047098
difficulty_level,2,hard,1.0,19,5,consensus_pac_stability,5,1.0,False,True,1.0
difficulty_level,2,hard,1.0,19,5,consensus_pac_stability,6,0.9547734044918835,False,False,0.614985098912096
difficulty_level,2,hard,1.0,19,5,consensus_pac_stability,7,0.8461276406493218,False,False,0.46740028339121675
difficulty_level,2,hard,1.0,19,5,silhouette,3,0.20021039484550882,False,False,0.8604129521770618
difficulty_level,2,hard,1.0,19,5,silhouette,4,0.22843155262223816,False,False,0.9579694527755179
difficulty_level,2,hard,1.0,19,5,silhouette,5,0.3123015870555118,False,True,0.5713722457495749
difficulty_level,2,hard,1.0,19,5,silhouette,6,0.3150931297870821,False,False,0.425970479750646
difficulty_level,2,hard,1.0,19,5,silhouette,7,0.35083933926225985,True,False,0.47852029273356306
difficulty_level,2,hard,1.0,19,5,gap,3,1.0663865548236728,False,False,0.8604129521770618
difficulty_level,2,hard,1.0,19,5,gap,4,1.114074304265623,False,False,0.9579694527755179
difficulty_level,2,hard,1.0,19,5,gap,5,1.343565130733234,False,True,0.5713722457495749
difficulty_level,2,hard,1.0,19,5,gap,6,1.4239113704841273,False,False,0.425970479750646
difficulty_level,2,hard,1.0,19,5,gap,7,1.5381839746492503,True,False,0.47852029273356306
difficulty_level,2,hard,1.0,19,5,davies_bouldin,3,0.28672347558271505,False,False,0.8604129521770618
difficulty_level,2,hard,1.0,19,5,davies_bouldin,4,0.2917814803227424,False,False,0.9579694527755179
difficulty_level,2,hard,1.0,19,5,davies_bouldin,5,0.3188380418094332,False,True,0.5713722457495749
difficulty_level,2,hard,1.0,19,5,davies_bouldin,6,0.30858311824665813,False,False,0.425970479750646
difficulty_level,2,hard,1.0,19,5,davies_bouldin,7,0.34887424506726483,True,False,0.47852029273356306
difficulty_level,2,hard,1.0,19,5,calinski_harabasz,3,140.62979380008952,False,False,0.8604129521770618
difficulty_level,2,hard,1.0,19,5,calinski_harabasz,4,127.79543152708317,False,False,0.9579694527755179
difficulty_level,2,hard,1.0,19,5,calinski_harabasz,5,220.96468576763635,False,True,0.5713722457495749
difficulty_level,2,hard,1.0,19,5,calinski_harabasz,6,219.81858682934214,False,False,0.425970479750646
difficulty_level,2,hard,1.0,19,5,calinski_harabasz,7,237.93855108805815,True,False,0.47852029273356306
