"Assay"	"Sample Characteristic[organism]"	"Sample Characteristic Ontology Term[organism]"	"Sample Characteristic[strain]"	"Sample Characteristic Ontology Term[strain]"	"Sample Characteristic[age]"	"Sample Characteristic Ontology Term[age]"	"Sample Characteristic[developmental stage]"	"Sample Characteristic Ontology Term[developmental stage]"	"Sample Characteristic[organism part]"	"Sample Characteristic Ontology Term[organism part]"	"Sample Characteristic[genotype]"	"Sample Characteristic Ontology Term[genotype]"	"Factor Value[single cell identifier]"	"Factor Value Ontology Term[single cell identifier]"
"SRR5529430"	"Mus musculus"	"http://purl.obolibrary.org/obo/NCBITaxon_10090"	"C57BL/6"	"http://www.ebi.ac.uk/efo/EFO_0004472"	"12 to 15 week"		"adult"	"http://www.ebi.ac.uk/efo/EFO_0001272"	"brain without olfactory bulb"		"Cldn5-GFP"		"Brain single cell 1"	
"SRR5529431"	"Mus musculus"	"http://purl.obolibrary.org/obo/NCBITaxon_10090"	"C57BL/6"	"http://www.ebi.ac.uk/efo/EFO_0004472"	"12 to 15 week"		"adult"	"http://www.ebi.ac.uk/efo/EFO_0001272"	"brain without olfactory bulb"		"Cldn5-GFP"		"Brain single cell 2"	
"SRR5529432"	"Mus musculus"	"http://purl.obolibrary.org/obo/NCBITaxon_10090"	"C57BL/6"	"http://www.ebi.ac.uk/efo/EFO_0004472"	"12 to 15 week"		"adult"	"http://www.ebi.ac.uk/efo/EFO_0001272"	"brain without olfactory bulb"		"Cldn5-GFP"		"Brain single cell 3"	
"SRR5529433"	"Mus musculus"	"http://purl.obolibrary.org/obo/NCBITaxon_10090"	"C57BL/6"	"http://www.ebi.ac.uk/efo/EFO_0004472"	"12 to 15 week"		"adult"	"http://www.ebi.ac.uk/efo/EFO_0001272"	"brain without olfactory bulb"		"Cldn5-GFP"		"Brain single cell 4"	
"SRR5529434"	"Mus musculus"	"http://purl.obolibrary.org/obo/NCBITaxon_10090"	"C57BL/6"	"http://www.ebi.ac.uk/efo/EFO_0004472"	"12 to 15 week"		"adult"	"http://www.ebi.ac.uk/efo/EFO_0001272"	"brain without olfactory bulb"		"Cldn5-GFP"		"Brain single cell 5"	
"SRR5529435"	"Mus musculus"	"http://purl.obolibrary.org/obo/NCBITaxon_10090"	"C57BL/6"	"http://www.ebi.ac.uk/efo/EFO_0004472"	"12 to 15 week"		"adult"	"http://www.ebi.ac.uk/efo/EFO_0001272"	"brain without olfactory bulb"		"Cldn5-GFP"		"Brain single cell 6"	
"SRR5529436"	"Mus musculus"	"http://purl.obolibrary.org/obo/NCBITaxon_10090"	"C57BL/6"	"http://www.ebi.ac.uk/efo/EFO_0004472"	"12 to 15 week"		"adult"	"http://www.ebi.ac.uk/efo/EFO_0001272"	"brain without olfactory bulb"		"Cldn5-GFP"		"Brain single cell 7"	
"SRR5529437"	"Mus musculus"	"http://purl.obolibrary.org/obo/NCBITaxon_10090"	"C57BL/6"	"http://www.ebi.ac.uk/efo/EFO_0004472"	"12 to 15 week"		"adult"	"http://www.ebi.ac.uk/efo/EFO_0001272"	"brain without olfactory bulb"		"Cldn5-GFP"		"Brain single cell 8"	
"SRR5529438"	"Mus musculus"	"http://purl.obolibrary.org/obo/NCBITaxon_10090"	"C57BL/6"	"http://www.ebi.ac.uk/efo/EFO_0004472"	"12 to 15 week"		"adult"	"http://www.ebi.ac.uk/efo/EFO_0001272"	"brain without olfactory bulb"		"Cldn5-GFP"		"Brain single cell 9"	
"SRR5529439"	"Mus musculus"	"http://purl.obolibrary.org/obo/NCBITaxon_10090"	"C57BL/6"	"http://www.ebi.ac.uk/efo/EFO_0004472"	"12 to 15 week"		"adult"	"http://www.ebi.ac.uk/efo/EFO_0001272"	"brain without olfactory bulb"		"Cldn5-GFP"		"Brain single cell 10"	
"SRR5529440"	"Mus musculus"	"http://purl.obolibrary.org/obo/NCBITaxon_10090"	"C57BL/6"	"http://www.ebi.ac.uk/efo/EFO_0004472"	"12 to 15 week"		"adult"	"http://www.ebi.ac.uk/efo/EFO_0001272"	"brain without olfactory bulb"		"Cldn5-GFP"		"Brain single cell 11"	
"SRR5529441"	"Mus musculus"	"http://purl.obolibrary.org/obo/NCBITaxon_10090"	"C57BL/6"	"http://www.ebi.ac.uk/efo/EFO_0004472"	"12 to 15 week"		"adult"	"http://www.ebi.ac.uk/efo/EFO_0001272"	"brain without olfactory bulb"		"Cldn5-GFP"		"Brain single cell 12"	
"SRR5529442"	"Mus musculus"	"http://purl.obolibrary.org/obo/NCBITaxon_10090"	"C57BL/6"	"http://www.ebi.ac.uk/efo/EFO_0004472"	"12 to 15 week"		"adult"	"http://www.ebi.ac.uk/efo/EFO_0001272"	"brain without olfactory bulb"		"Cldn5-GFP"		"Brain single cell 13"	
"SRR5529443"	"Mus musculus"	"http://purl.obolibrary.org/obo/NCBITaxon_10090"	"C57BL/6"	"http://www.ebi.ac.uk/efo/EFO_0004472"	"12 to 15 week"		"adult"	"http://www.ebi.ac.uk/efo/EFO_0001272"	"brain without olfactory bulb"		"Cldn5-GFP"		"Brain single cell 14"	
"SRR5529444"	"Mus musculus"	"http://purl.obolibrary.org/obo/NCBITaxon_10090"	"C57BL/6"	"http://www.ebi.ac.uk/efo/EFO_0004472"	"12 to 15 week"		"adult"	"http://www.ebi.ac.uk/efo/EFO_0001272"	"brain without olfactory bulb"		"Cldn5-GFP"		"Brain single cell 15"	
"SRR5529445"	"Mus musculus"	"http://purl.obolibrary.org/obo/NCBITaxon_10090"	"C57BL/6"	"http://www.ebi.ac.uk/efo/EFO_0004472"	"12 to 15 week"		"adult"	"http://www.ebi.ac.uk/efo/EFO_0001272"	"brain without olfactory bulb"		"Cldn5-GFP"		"Brain single cell 16"	
"SRR5529446"	"Mus musculus"	"http://purl.obolibrary.org/obo/NCBITaxon_10090"	"C57BL/6"	"http://www.ebi.ac.uk/efo/EFO_0004472"	"12 to 15 week"		"adult"	"http://www.ebi.ac.uk/efo/EFO_0001272"	"brain without olfactory bulb"		"Cldn5-GFP"		"Brain single cell 17"	
"SRR5529447"	"Mus musculus"	"http://purl.obolibrary.org/obo/NCBITaxon_10090"	"C57BL/6"	"http://www.ebi.ac.uk/efo/EFO_0004472"	"12 to 15 week"		"adult"	"http://www.ebi.ac.uk/efo/EFO_0001272"	"brain without olfactory bulb"		"Cldn5-GFP"		"Brain single cell 18"	
"SRR5529448"	"Mus musculus"	"http://purl.obolibrary.org/obo/NCBITaxon_10090"	"C57BL/6"	"http://www.ebi.ac.uk/efo/EFO_0004472"	"12 to 15 week"		"adult"	"http://www.ebi.ac.uk/efo/EFO_0001272"	"brain without olfactory bulb"		"Cldn5-GFP"		"Brain single cell 19"	
"SRR5529449"	"Mus musculus"	"http://purl.obolibrary.org/obo/NCBITaxon_10090"	"C57BL/6"	"http://www.ebi.ac.uk/efo/EFO_0004472"	"12 to 15 week"		"adult"	"http://www.ebi.ac.uk/efo/EFO_0001272"	"brain without olfactory bulb"		"Cldn5-GFP"		"Brain single cell 20"	
"SRR5529450"	"Mus musculus"	"http://purl.obolibrary.org/obo/NCBITaxon_10090"	"C57BL/6"	"http://www.ebi.ac.uk/efo/EFO_0004472"	"12 to 15 week"		"adult"	"http://www.ebi.ac.uk/efo/EFO_0001272"	"brain without olfactory bulb"		"Cldn5-GFP"		"Brain single cell 21"	
"SRR5529451"	"Mus musculus"	"http://purl.obolibrary.org/obo/NCBITaxon_10090"	"C57BL/6"	"http://www.ebi.ac.uk/efo/EFO_0004472"	"12 to 15 week"		"adult"	"http://www.ebi.ac.uk/efo/EFO_0001272"	"brain without olfactory bulb"		"Cldn5-GFP"		"Brain single cell 22"	
"SRR5529452"	"Mus musculus"	"http://purl.obolibrary.org/obo/NCBITaxon_10090"	"C57BL/6"	"http://www.ebi.ac.uk/efo/EFO_0004472"	"12 to 15 week"		"adult"	"http://www.ebi.ac.uk/efo/EFO_0001272"	"brain without olfactory bulb"		"Cldn5-GFP"		"Brain single cell 23"	
"SRR5529453"	"Mus musculus"	"http://purl.obolibrary.org/obo/NCBITaxon_10090"	"C57BL/6"	"http://www.ebi.ac.uk/efo/EFO_0004472"	"12 to 15 week"		"adult"	"http://www.ebi.ac.uk/efo/EFO_0001272"	"brain without olfactory bulb"		"Cldn5-GFP"		"Brain single cell 24"	
"SRR5529454"	"Mus musculus"	"http://purl.obolibrary.org/obo/NCBITaxon_10090"	"C57BL/6"	"http://www.ebi.ac.uk/efo/EFO_0004472"	"12 to 15 week"		"adult"	"http://www.ebi.ac.uk/efo/EFO_0001272"	"brain without olfactory bulb"		"Cldn5-GFP"		"Brain single cell 25"	
"SRR5529455"	"Mus musculus"	"http://purl.obolibrary.org/obo/NCBITaxon_10090"	"C57BL/6"	"http://www.ebi.ac.uk/efo/EFO_0004472"	"12 to 15 week"		"adult"	"http://www.ebi.ac.uk/efo/EFO_0001272"	"brain without olfactory bulb"		"Cldn5-GFP"		"Brain single cell 26"	
"SRR5529456"	"Mus musculus"	"http://purl.obolibrary.org/obo/NCBITaxon_10090"	"C57BL/6"	"http://www.ebi.ac.uk/efo/EFO_0004472"	"12 to 15 week"		"adult"	"http://www.ebi.ac.uk/efo/EFO_0001272"	"brain without olfactory bulb"		"Cldn5-GFP"		"Brain single cell 27"	
"SRR5529457"	"Mus musculus"	"http://purl.obolibrary.org/obo/NCBITaxon_10090"	"C57BL/6"	"http://www.ebi.ac.uk/efo/EFO_0004472"	"12 to 15 week"		"adult"	"http://www.ebi.ac.uk/efo/EFO_0001272"	"brain without olfactory bulb"		"Cldn5-GFP"		"Brain single cell 28"	
"SRR5529458"	"Mus musculus"	"http://purl.obolibrary.org/obo/NCBITaxon_10090"	"C57BL/6"	"http://www.ebi.ac.uk/efo/EFO_0004472"	"12 to 15 week"		"adult"	"http://www.ebi.ac.uk/efo/EFO_0001272"	"brain without olfactory bulb"		"Cldn5-GFP"		"Brain single cell 29"	
"SRR5529459"	"Mus musculus"	"http://purl.obolibrary.org/obo/NCBITaxon_10090"	"C57BL/6"	"http://www.ebi.ac.uk/efo/EFO_0004472"	"12 to 15 week"		"adult"	"http://www.ebi.ac.uk/efo/EFO_0001272"	"brain without olfactory bulb"		"Cldn5-GFP"		"Brain single cell 30"	
"SRR5529460"	"Mus musculus"	"http://purl.obolibrary.org/obo/NCBITaxon_10090"	"C57BL/6"	"http://www.ebi.ac.uk/efo/EFO_0004472"	"12 to 15 week"		"adult"	"http://www.ebi.ac.uk/efo/EFO_0001272"	"brain without olfactory bulb"		"Cldn5-GFP"		"Brain single cell 31"	
"SRR5529461"	"Mus musculus"	"http://purl.obolibrary.org/obo/NCBITaxon_10090"	"C57BL/6"	"http://www.ebi.ac.uk/efo/EFO_0004472"	"12 to 15 week"		"adult"	"http://www.ebi.ac.uk/efo/EFO_0001272"	"brain without olfactory bulb"		"Cldn5-GFP"		"Brain single cell 32"	
"SRR5529462"	"Mus musculus"	"http://purl.obolibrary.org/obo/NCBITaxon_10090"	"C57BL/6"	"http://www.ebi.ac.uk/efo/EFO_0004472"	"12 to 15 week"		"adult"	"http://www.ebi.ac.uk/efo/EFO_0001272"	"brain without olfactory bulb"		"Cldn5-GFP"		"Brain single cell 33"	
"SRR5529463"	"Mus musculus"	"http://purl.obolibrary.org/obo/NCBITaxon_10090"	"C57BL/6"	"http://www.ebi.ac.uk/efo/EFO_0004472"	"12 to 15 week"		"adult"	"http://www.ebi.ac.uk/efo/EFO_0001272"	"brain without olfactory bulb"		"Cldn5-GFP"		"Brain single cell 34"	
"SRR5529464"	"Mus musculus"	"http://purl.obolibrary.org/obo/NCBITaxon_10090"	"C57BL/6"	"http://www.ebi.ac.uk/efo/EFO_0004472"	"12 to 15 week"		"adult"	"http://www.ebi.ac.uk/efo/EFO_0001272"	"brain without olfactory bulb"		"Cldn5-GFP"		"Brain single cell 35"	
"SRR5529465"	"Mus musculus"	"http://purl.obolibrary.org/obo/NCBITaxon_10090"	"C57BL/6"	"http://www.ebi.ac.uk/efo/EFO_0004472"	"12 to 15 week"		"adult"	"http://www.ebi.ac.uk/efo/EFO_0001272"	"brain without olfactory bulb"		"Cldn5-GFP"		"Brain single cell 36"	
"SRR5529466"	"Mus musculus"	"http://purl.obolibrary.org/obo/NCBITaxon_10090"	"C57BL/6"	"http://www.ebi.ac.uk/efo/EFO_0004472"	"12 to 15 week"		"adult"	"http://www.ebi.ac.uk/efo/EFO_0001272"	"brain without olfactory bulb"		"Cldn5-GFP"		"Brain single cell 37"	
"SRR5529467"	"Mus musculus"	"http://purl.obolibrary.org/obo/NCBITaxon_10090"	"C57BL/6"	"http://www.ebi.ac.uk/efo/EFO_0004472"	"12 to 15 week"		"adult"	"http://www.ebi.ac.uk/efo/EFO_0001272"	"brain without olfactory bulb"		"Cldn5-GFP"		"Brain single cell 38"	
"SRR5529468"	"Mus musculus"	"http://purl.obolibrary.org/obo/NCBITaxon_10090"	"C57BL/6"	"http://www.ebi.ac.uk/efo/EFO_0004472"	"12 to 15 week"		"adult"	"http://www.ebi.ac.uk/efo/EFO_0001272"	"brain without olfactory bulb"		"Cldn5-GFP"		"Brain single cell 39"	
"SRR5529469"	"Mus musculus"	"http://purl.obolibrary.org/obo/NCBITaxon_10090"	"C57BL/6"	"http://www.ebi.ac.uk/efo/EFO_0004472"	"12 to 15 week"		"adult"	"http://www.ebi.ac.uk/efo/EFO_0001272"	"brain without olfactory bulb"		"Cldn5-GFP"		"Brain single cell 40"	
"SRR5529470"	"Mus musculus"	"http://purl.obolibrary.org/obo/NCBITaxon_10090"	"C57BL/6"	"http://www.ebi.ac.uk/efo/EFO_0004472"	"12 to 15 week"		"adult"	"http://www.ebi.ac.uk/efo/EFO_0001272"	"brain without olfactory bulb"		"Cldn5-GFP"		"Brain single cell 41"	
"SRR5529471"	"Mus musculus"	"http://purl.obolibrary.org/obo/NCBITaxon_10090"	"C57BL/6"	"http://www.ebi.ac.uk/efo/EFO_0004472"	"12 to 15 week"		"adult"	"http://www.ebi.ac.uk/efo/EFO_0001272"	"brain without olfactory bulb"		"Cldn5-GFP"		"Brain single cell 42"	
"SRR5529472"	"Mus musculus"	"http://purl.obolibrary.org/obo/NCBITaxon_10090"	"C57BL/6"	"http://www.ebi.ac.uk/efo/EFO_0004472"	"12 to 15 week"		"adult"	"http://www.ebi.ac.uk/efo/EFO_0001272"	"brain without olfactory bulb"		"Cldn5-GFP"		"Brain single cell 43"	
"SRR5529473"	"Mus musculus"	"http://purl.obolibrary.org/obo/NCBITaxon_10090"	"C57BL/6"	"http://www.ebi.ac.uk/efo/EFO_0004472"	"12 to 15 week"		"adult"	"http://www.ebi.ac.uk/efo/EFO_0001272"	"brain without olfactory bulb"		"Cldn5-GFP"		"Brain single cell 44"	
"SRR5529474"	"Mus musculus"	"http://purl.obolibrary.org/obo/NCBITaxon_10090"	"C57BL/6"	"http://www.ebi.ac.uk/efo/EFO_0004472"	"12 to 15 week"		"adult"	"http://www.ebi.ac.uk/efo/EFO_0001272"	"brain without olfactory bulb"		"Cldn5-GFP"		"Brain single cell 45"	
"SRR5529475"	"Mus musculus"	"http://purl.obolibrary.org/obo/NCBITaxon_10090"	"C57BL/6"	"http://www.ebi.ac.uk/efo/EFO_0004472"	"12 to 15 week"		"adult"	"http://www.ebi.ac.uk/efo/EFO_0001272"	"brain without olfactory bulb"		"Cldn5-GFP"		"Brain single cell 46"	
"SRR5529476"	"Mus musculus"	"http://purl.obolibrary.org/obo/NCBITaxon_10090"	"C57BL/6"	"http://www.ebi.ac.uk/efo/EFO_0004472"	"12 to 15 week"		"adult"	"http://www.ebi.ac.uk/efo/EFO_0001272"	"brain without olfactory bulb"		"Cldn5-GFP"		"Brain single cell 47"	
"SRR5529477"	"Mus musculus"	"http://purl.obolibrary.org/obo/NCBITaxon_10090"	"C57BL/6"	"http://www.ebi.ac.uk/efo/EFO_0004472"	"12 to 15 week"		"adult"	"http://www.ebi.ac.uk/efo/EFO_0001272"	"brain without olfactory bulb"		"Cldn5-GFP"		"Brain single cell 48"	
"SRR5529478"	"Mus musculus"	"http://purl.obolibrary.org/obo/NCBITaxon_10090"	"C57BL/6"	"http://www.ebi.ac.uk/efo/EFO_0004472"	"12 to 15 week"		"adult"	"http://www.ebi.ac.uk/efo/EFO_0001272"	"brain without olfactory bulb"		"Cldn5-GFP"		"Brain single cell 49"	
"SRR5529479"	"Mus musculus"	"http://purl.obolibrary.org/obo/NCBITaxon_10090"	"C57BL/6"	"http://www.ebi.ac.uk/efo/EFO_0004472"	"12 to 15 week"		"adult"	"http://www.ebi.ac.uk/efo/EFO_0001272"	"brain without olfactory bulb"		"Cldn5-GFP"		"Brain single cell 50"	
"SRR5529480"	"Mus musculus"	"http://purl.obolibrary.org/obo/NCBITaxon_10090"	"C57BL/6"	"http://www.ebi.ac.uk/efo/EFO_0004472"	"12 to 15 week"		"adult"	"http://www.ebi.ac.uk/efo/EFO_0001272"	"brain without olfactory bulb"		"Cldn5-GFP"		"Brain single cell 51"	
"SRR5529481"	"Mus musculus"	"http://purl.obolibrary.org/obo/NCBITaxon_10090"	"C57BL/6"	"http://www.ebi.ac.uk/efo/EFO_0004472"	"12 to 15 week"		"adult"	"http://www.ebi.ac.uk/efo/EFO_0001272"	"brain without olfactory bulb"		"Cldn5-GFP"		"Brain single cell 52"	
"SRR5529482"	"Mus musculus"	"http://purl.obolibrary.org/obo/NCBITaxon_10090"	"C57BL/6"	"http://www.ebi.ac.uk/efo/EFO_0004472"	"12 to 15 week"		"adult"	"http://www.ebi.ac.uk/efo/EFO_0001272"	"brain without olfactory bulb"		"Cldn5-GFP"		"Brain single cell 53"	
"SRR5529483"	"Mus musculus"	"http://purl.obolibrary.org/obo/NCBITaxon_10090"	"C57BL/6"	"http://www.ebi.ac.uk/efo/EFO_0004472"	"12 to 15 week"		"adult"	"http://www.ebi.ac.uk/efo/EFO_0001272"	"brain without olfactory bulb"		"Cldn5-GFP"		"Brain single cell 54"	
"SRR5529484"	"Mus musculus"	"http://purl.obolibrary.org/obo/NCBITaxon_10090"	"C57BL/6"	"http://www.ebi.ac.uk/efo/EFO_0004472"	"12 to 15 week"		"adult"	"http://www.ebi.ac.uk/efo/EFO_0001272"	"brain without olfactory bulb"		"Cldn5-GFP"		"Brain single cell 55"	
"SRR5529485"	"Mus musculus"	"http://purl.obolibrary.org/obo/NCBITaxon_10090"	"C57BL/6"	"http://www.ebi.ac.uk/efo/EFO_0004472"	"12 to 15 week"		"adult"	"http://www.ebi.ac.uk/efo/EFO_0001272"	"brain without olfactory bulb"		"Cldn5-GFP"		"Brain single cell 56"	
"SRR5529486"	"Mus musculus"	"http://purl.obolibrary.org/obo/NCBITaxon_10090"	"C57BL/6"	"http://www.ebi.ac.uk/efo/EFO_0004472"	"12 to 15 week"		"adult"	"http://www.ebi.ac.uk/efo/EFO_0001272"	"brain without olfactory bulb"		"Cldn5-GFP"		"Brain single cell 57"	
"SRR5529487"	"Mus musculus"	"http://purl.obolibrary.org/obo/NCBITaxon_10090"	"C57BL/6"	"http://www.ebi.ac.uk/efo/EFO_0004472"	"12 to 15 week"		"adult"	"http://www.ebi.ac.uk/efo/EFO_0001272"	"brain without olfactory bulb"		"Cldn5-GFP"		"Brain single cell 58"	
"SRR5529488"	"Mus musculus"	"http://purl.obolibrary.org/obo/NCBITaxon_10090"	"C57BL/6"	"http://www.ebi.ac.uk/efo/EFO_0004472"	"12 to 15 week"		"adult"	"http://www.ebi.ac.uk/efo/EFO_0001272"	"brain without olfactory bulb"		"Cldn5-GFP"		"Brain single cell 59"	
"SRR5529489"	"Mus musculus"	"http://purl.obolibrary.org/obo/NCBITaxon_10090"	"C57BL/6"	"http://www.ebi.ac.uk/efo/EFO_0004472"	"12 to 15 week"		"adult"	"http://www.ebi.ac.uk/efo/EFO_0001272"	"brain without olfactory bulb"		"Cldn5-GFP"		"Brain single cell 60"	
"SRR5529490"	"Mus musculus"	"http://purl.obolibrary.org/obo/NCBITaxon_10090"	"C57BL/6"	"http://www.ebi.ac.uk/efo/EFO_0004472"	"12 to 15 week"		"adult"	"http://www.ebi.ac.uk/efo/EFO_0001272"	"brain without olfactory bulb"		"Cldn5-GFP"		"Brain single cell 61"	
"SRR5529491"	"Mus musculus"	"http://purl.obolibrary.org/obo/NCBITaxon_10090"	"C57BL/6"	"http://www.ebi.ac.uk/efo/EFO_0004472"	"12 to 15 week"		"adult"	"http://www.ebi.ac.uk/efo/EFO_0001272"	"brain without olfactory bulb"		"Cldn5-GFP"		"Brain single cell 62"	
"SRR5529492"	"Mus musculus"	"http://purl.obolibrary.org/obo/NCBITaxon_10090"	"C57BL/6"	"http://www.ebi.ac.uk/efo/EFO_0004472"	"12 to 15 week"		"adult"	"http://www.ebi.ac.uk/efo/EFO_0001272"	"brain without olfactory bulb"		"Cldn5-GFP"		"Brain single cell 63"	
"SRR5529493"	"Mus musculus"	"http://purl.obolibrary.org/obo/NCBITaxon_10090"	"C57BL/6"	"http://www.ebi.ac.uk/efo/EFO_0004472"	"12 to 15 week"		"adult"	"http://www.ebi.ac.uk/efo/EFO_0001272"	"brain without olfactory bulb"		"Cldn5-GFP"		"Brain single cell 64"	
"SRR5529494"	"Mus musculus"	"http://purl.obolibrary.org/obo/NCBITaxon_10090"	"C57BL/6"	"http://www.ebi.ac.uk/efo/EFO_0004472"	"12 to 15 week"		"adult"	"http://www.ebi.ac.uk/efo/EFO_0001272"	"brain without olfactory bulb"		"Cldn5-GFP"		"Brain single cell 65"	
"SRR5529495"	"Mus musculus"	"http://purl.obolibrary.org/obo/NCBITaxon_10090"	"C57BL/6"	"http://www.ebi.ac.uk/efo/EFO_0004472"	"12 to 15 week"		"adult"	"http://www.ebi.ac.uk/efo/EFO_0001272"	"brain without olfactory bulb"		"Cldn5-GFP"		"Brain single cell 66"	
"SRR5529496"	"Mus musculus"	"http://purl.obolibrary.org/obo/NCBITaxon_10090"	"C57BL/6"	"http://www.ebi.ac.uk/efo/EFO_0004472"	"12 to 15 week"		"adult"	"http://www.ebi.ac.uk/efo/EFO_0001272"	"brain without olfactory bulb"		"Cldn5-GFP"		"Brain single cell 67"	
"SRR5529497"	"Mus musculus"	"http://purl.obolibrary.org/obo/NCBITaxon_10090"	"C57BL/6"	"http://www.ebi.ac.uk/efo/EFO_0004472"	"12 to 15 week"		"adult"	"http://www.ebi.ac.uk/efo/EFO_0001272"	"brain without olfactory bulb"		"Cldn5-GFP"		"Brain single cell 68"	
"SRR5529498"	"Mus musculus"	"http://purl.obolibrary.org/obo/NCBITaxon_10090"	"C57BL/6"	"http://www.ebi.ac.uk/efo/EFO_0004472"	"12 to 15 week"		"adult"	"http://www.ebi.ac.uk/efo/EFO_0001272"	"brain without olfactory bulb"		"Cldn5-GFP"		"Brain single cell 69"	
"SRR5529499"	"Mus musculus"	"http://purl.obolibrary.org/obo/NCBITaxon_10090"	"C57BL/6"	"http://www.ebi.ac.uk/efo/EFO_0004472"	"12 to 15 week"		"adult"	"http://www.ebi.ac.uk/efo/EFO_0001272"	"brain without olfactory bulb"		"Cldn5-GFP"		"Brain single cell 70"	
"SRR5529500"	"Mus musculus"	"http://purl.obolibrary.org/obo/NCBITaxon_10090"	"C57BL/6"	"http://www.ebi.ac.uk/efo/EFO_0004472"	"12 to 15 week"		"adult"	"http://www.ebi.ac.uk/efo/EFO_0001272"	"brain without olfactory bulb"		"Cldn5-GFP"		"Brain single cell 71"	
"SRR5529501"	"Mus musculus"	"http://purl.obolibrary.org/obo/NCBITaxon_10090"	"C57BL/6"	"http://www.ebi.ac.uk/efo/EFO_0004472"	"12 to 15 week"		"adult"	"http://www.ebi.ac.uk/efo/EFO_0001272"	"brain without olfactory bulb"		"Cldn5-GFP"		"Brain single cell 72"	
"SRR5529502"	"Mus musculus"	"http://purl.obolibrary.org/obo/NCBITaxon_10090"	"C57BL/6"	"http://www.ebi.ac.uk/efo/EFO_0004472"	"12 to 15 week"		"adult"	"http://www.ebi.ac.uk/efo/EFO_0001272"	"brain without olfactory bulb"		"Cldn5-GFP"		"Brain single cell 73"	
"SRR5529503"	"Mus musculus"	"http://purl.obolibrary.org/obo/NCBITaxon_10090"	"C57BL/6"	"http://www.ebi.ac.uk/efo/EFO_0004472"	"12 to 15 week"		"adult"	"http://www.ebi.ac.uk/efo/EFO_0001272"	"brain without olfactory bulb"		"Cldn5-GFP"		"Brain single cell 74"	
"SRR5529504"	"Mus musculus"	"http://purl.obolibrary.org/obo/NCBITaxon_10090"	"C57BL/6"	"http://www.ebi.ac.uk/efo/EFO_0004472"	"12 to 15 week"		"adult"	"http://www.ebi.ac.uk/efo/EFO_0001272"	"brain without olfactory bulb"		"Cldn5-GFP"		"Brain single cell 75"	
"SRR5529505"	"Mus musculus"	"http://purl.obolibrary.org/obo/NCBITaxon_10090"	"C57BL/6"	"http://www.ebi.ac.uk/efo/EFO_0004472"	"12 to 15 week"		"adult"	"http://www.ebi.ac.uk/efo/EFO_0001272"	"brain without olfactory bulb"		"Cldn5-GFP"		"Brain single cell 76"	
"SRR5529506"	"Mus musculus"	"http://purl.obolibrary.org/obo/NCBITaxon_10090"	"C57BL/6"	"http://www.ebi.ac.uk/efo/EFO_0004472"	"12 to 15 week"		"adult"	"http://www.ebi.ac.uk/efo/EFO_0001272"	"brain without olfactory bulb"		"Cldn5-GFP"		"Brain single cell 77"	
"SRR5529507"	"Mus musculus"	"http://purl.obolibrary.org/obo/NCBITaxon_10090"	"C57BL/6"	"http://www.ebi.ac.uk/efo/EFO_0004472"	"12 to 15 week"		"adult"	"http://www.ebi.ac.uk/efo/EFO_0001272"	"brain without olfactory bulb"		"Cldn5-GFP"		"Brain single cell 78"	
"SRR5529508"	"Mus musculus"	"http://purl.obolibrary.org/obo/NCBITaxon_10090"	"C57BL/6"	"http://www.ebi.ac.uk/efo/EFO_0004472"	"12 to 15 week"		"adult"	"http://www.ebi.ac.uk/efo/EFO_0001272"	"brain without olfactory bulb"		"Cldn5-GFP"		"Brain single cell 79"	
"SRR5529509"	"Mus musculus"	"http://purl.obolibrary.org/obo/NCBITaxon_10090"	"C57BL/6"	"http://www.ebi.ac.uk/efo/EFO_0004472"	"12 to 15 week"		"adult"	"http://www.ebi.ac.uk/efo/EFO_0001272"	"brain without olfactory bulb"		"Cldn5-GFP"		"Brain single cell 80"	
"SRR5529510"	"Mus musculus"	"http://purl.obolibrary.org/obo/NCBITaxon_10090"	"C57BL/6"	"http://www.ebi.ac.uk/efo/EFO_0004472"	"12 to 15 week"		"adult"	"http://www.ebi.ac.uk/efo/EFO_0001272"	"brain without olfactory bulb"		"Cldn5-GFP"		"Brain single cell 81"	
"SRR5529511"	"Mus musculus"	"http://purl.obolibrary.org/obo/NCBITaxon_10090"	"C57BL/6"	"http://www.ebi.ac.uk/efo/EFO_0004472"	"12 to 15 week"		"adult"	"http://www.ebi.ac.uk/efo/EFO_0001272"	"brain without olfactory bulb"		"Cldn5-GFP"		"Brain single cell 82"	
"SRR5529512"	"Mus musculus"	"http://purl.obolibrary.org/obo/NCBITaxon_10090"	"C57BL/6"	"http://www.ebi.ac.uk/efo/EFO_0004472"	"12 to 15 week"		"adult"	"http://www.ebi.ac.uk/efo/EFO_0001272"	"brain without olfactory bulb"		"Cldn5-GFP"		"Brain single cell 83"	
"SRR5529513"	"Mus musculus"	"http://purl.obolibrary.org/obo/NCBITaxon_10090"	"C57BL/6"	"http://www.ebi.ac.uk/efo/EFO_0004472"	"12 to 15 week"		"adult"	"http://www.ebi.ac.uk/efo/EFO_0001272"	"brain without olfactory bulb"		"Cldn5-GFP"		"Brain single cell 84"	
"SRR5529514"	"Mus musculus"	"http://purl.obolibrary.org/obo/NCBITaxon_10090"	"C57BL/6"	"http://www.ebi.ac.uk/efo/EFO_0004472"	"12 to 15 week"		"adult"	"http://www.ebi.ac.uk/efo/EFO_0001272"	"brain without olfactory bulb"		"Cldn5-GFP"		"Brain single cell 85"	
"SRR5529515"	"Mus musculus"	"http://purl.obolibrary.org/obo/NCBITaxon_10090"	"C57BL/6"	"http://www.ebi.ac.uk/efo/EFO_0004472"	"12 to 15 week"		"adult"	"http://www.ebi.ac.uk/efo/EFO_0001272"	"brain without olfactory bulb"		"Cldn5-GFP"		"Brain single cell 86"	
"SRR5529516"	"Mus musculus"	"http://purl.obolibrary.org/obo/NCBITaxon_10090"	"C57BL/6"	"http://www.ebi.ac.uk/efo/EFO_0004472"	"12 to 15 week"		"adult"	"http://www.ebi.ac.uk/efo/EFO_0001272"	"brain without olfactory bulb"		"Cldn5-GFP"		"Brain single cell 87"	
"SRR5529517"	"Mus musculus"	"http://purl.obolibrary.org/obo/NCBITaxon_10090"	"C57BL/6"	"http://www.ebi.ac.uk/efo/EFO_0004472"	"12 to 15 week"		"adult"	"http://www.ebi.ac.uk/efo/EFO_0001272"	"brain without olfactory bulb"		"Cldn5-GFP"		"Brain single cell 88"	
"SRR5529518"	"Mus musculus"	"http://purl.obolibrary.org/obo/NCBITaxon_10090"	"C57BL/6"	"http://www.ebi.ac.uk/efo/EFO_0004472"	"12 to 15 week"		"adult"	"http://www.ebi.ac.uk/efo/EFO_0001272"	"brain without olfactory bulb"		"Cldn5-GFP"		"Brain single cell 89"	
"SRR5529519"	"Mus musculus"	"http://purl.obolibrary.org/obo/NCBITaxon_10090"	"C57BL/6"	"http://www.ebi.ac.uk/efo/EFO_0004472"	"12 to 15 week"		"adult"	"http://www.ebi.ac.uk/efo/EFO_0001272"	"brain without olfactory bulb"		"Cldn5-GFP"		"Brain single cell 90"	
"SRR5529520"	"Mus musculus"	"http://purl.obolibrary.org/obo/NCBITaxon_10090"	"C57BL/6"	"http://www.ebi.ac.uk/efo/EFO_0004472"	"12 to 15 week"		"adult"	"http://www.ebi.ac.uk/efo/EFO_0001272"	"brain without olfactory bulb"		"Cldn5-GFP"		"Brain single cell 91"	
"SRR5529521"	"Mus musculus"	"http://purl.obolibrary.org/obo/NCBITaxon_10090"	"C57BL/6"	"http://www.ebi.ac.uk/efo/EFO_0004472"	"12 to 15 week"		"adult"	"http://www.ebi.ac.uk/efo/EFO_0001272"	"brain without olfactory bulb"		"Cldn5-GFP"		"Brain single cell 92"	
"SRR5529522"	"Mus musculus"	"http://purl.obolibrary.org/obo/NCBITaxon_10090"	"C57BL/6"	"http://www.ebi.ac.uk/efo/EFO_0004472"	"12 to 15 week"		"adult"	"http://www.ebi.ac.uk/efo/EFO_0001272"	"brain without olfactory bulb"		"Cldn5-GFP"		"Brain single cell 93"	
"SRR5529523"	"Mus musculus"	"http://purl.obolibrary.org/obo/NCBITaxon_10090"	"C57BL/6"	"http://www.ebi.ac.uk/efo/EFO_0004472"	"12 to 15 week"		"adult"	"http://www.ebi.ac.uk/efo/EFO_0001272"	"brain without olfactory bulb"		"Cldn5-GFP"		"Brain single cell 94"	
"SRR5529524"	"Mus musculus"	"http://purl.obolibrary.org/obo/NCBITaxon_10090"	"C57BL/6"	"http://www.ebi.ac.uk/efo/EFO_0004472"	"12 to 15 week"		"adult"	"http://www.ebi.ac.uk/efo/EFO_0001272"	"brain without olfactory bulb"		"Cldn5-GFP"		"Brain single cell 95"	
"SRR5529525"	"Mus musculus"	"http://purl.obolibrary.org/obo/NCBITaxon_10090"	"C57BL/6"	"http://www.ebi.ac.uk/efo/EFO_0004472"	"12 to 15 week"		"adult"	"http://www.ebi.ac.uk/efo/EFO_0001272"	"brain without olfactory bulb"		"Cldn5-GFP"		"Brain single cell 96"	
"SRR5529526"	"Mus musculus"	"http://purl.obolibrary.org/obo/NCBITaxon_10090"	"C57BL/6"	"http://www.ebi.ac.uk/efo/EFO_0004472"	"12 to 15 week"		"adult"	"http://www.ebi.ac.uk/efo/EFO_0001272"	"brain without olfactory bulb"		"Cldn5-GFP"		"Brain single cell 97"	
"SRR5529527"	"Mus musculus"	"http://purl.obolibrary.org/obo/NCBITaxon_10090"	"C57BL/6"	"http://www.ebi.ac.uk/efo/EFO_0004472"	"12 to 15 week"		"adult"	"http://www.ebi.ac.uk/efo/EFO_0001272"	"brain without olfactory bulb"		"Cldn5-GFP"		"Brain single cell 98"	
"SRR5529528"	"Mus musculus"	"http://purl.obolibrary.org/obo/NCBITaxon_10090"	"C57BL/6"	"http://www.ebi.ac.uk/efo/EFO_0004472"	"12 to 15 week"		"adult"	"http://www.ebi.ac.uk/efo/EFO_0001272"	"brain without olfactory bulb"		"Cldn5-GFP"		"Brain single cell 99"	
"SRR5529529"	"Mus musculus"	"http://purl.obolibrary.org/obo/NCBITaxon_10090"	"C57BL/6"	"http://www.ebi.ac.uk/efo/EFO_0004472"	"12 to 15 week"		"adult"	"http://www.ebi.ac.uk/efo/EFO_0001272"	"brain without olfactory bulb"		"Cldn5-GFP"		"Brain single cell 100"	
"SRR5529530"	"Mus musculus"	"http://purl.obolibrary.org/obo/NCBITaxon_10090"	"C57BL/6"	"http://www.ebi.ac.uk/efo/EFO_0004472"	"12 to 15 week"		"adult"	"http://www.ebi.ac.uk/efo/EFO_0001272"	"brain without olfactory bulb"		"Cldn5-GFP"		"Brain single cell 101"	
"SRR5529531"	"Mus musculus"	"http://purl.obolibrary.org/obo/NCBITaxon_10090"	"C57BL/6"	"http://www.ebi.ac.uk/efo/EFO_0004472"	"12 to 15 week"		"adult"	"http://www.ebi.ac.uk/efo/EFO_0001272"	"brain without olfactory bulb"		"Cldn5-GFP"		"Brain single cell 102"	
"SRR5529532"	"Mus musculus"	"http://purl.obolibrary.org/obo/NCBITaxon_10090"	"C57BL/6"	"http://www.ebi.ac.uk/efo/EFO_0004472"	"12 to 15 week"		"adult"	"http://www.ebi.ac.uk/efo/EFO_0001272"	"brain without olfactory bulb"		"Cldn5-GFP"		"Brain single cell 103"	
"SRR5529533"	"Mus musculus"	"http://purl.obolibrary.org/obo/NCBITaxon_10090"	"C57BL/6"	"http://www.ebi.ac.uk/efo/EFO_0004472"	"12 to 15 week"		"adult"	"http://www.ebi.ac.uk/efo/EFO_0001272"	"brain without olfactory bulb"		"Cldn5-GFP"		"Brain single cell 104"	
"SRR5529534"	"Mus musculus"	"http://purl.obolibrary.org/obo/NCBITaxon_10090"	"C57BL/6"	"http://www.ebi.ac.uk/efo/EFO_0004472"	"12 to 15 week"		"adult"	"http://www.ebi.ac.uk/efo/EFO_0001272"	"brain without olfactory bulb"		"Cldn5-GFP"		"Brain single cell 105"	
"SRR5529535"	"Mus musculus"	"http://purl.obolibrary.org/obo/NCBITaxon_10090"	"C57BL/6"	"http://www.ebi.ac.uk/efo/EFO_0004472"	"12 to 15 week"		"adult"	"http://www.ebi.ac.uk/efo/EFO_0001272"	"brain without olfactory bulb"		"Cldn5-GFP"		"Brain single cell 106"	
"SRR5529536"	"Mus musculus"	"http://purl.obolibrary.org/obo/NCBITaxon_10090"	"C57BL/6"	"http://www.ebi.ac.uk/efo/EFO_0004472"	"12 to 15 week"		"adult"	"http://www.ebi.ac.uk/efo/EFO_0001272"	"brain without olfactory bulb"		"Cldn5-GFP"		"Brain single cell 107"	
"SRR5529537"	"Mus musculus"	"http://purl.obolibrary.org/obo/NCBITaxon_10090"	"C57BL/6"	"http://www.ebi.ac.uk/efo/EFO_0004472"	"12 to 15 week"		"adult"	"http://www.ebi.ac.uk/efo/EFO_0001272"	"brain without olfactory bulb"		"Cldn5-GFP"		"Brain single cell 108"	
"SRR5529538"	"Mus musculus"	"http://purl.obolibrary.org/obo/NCBITaxon_10090"	"C57BL/6"	"http://www.ebi.ac.uk/efo/EFO_0004472"	"12 to 15 week"		"adult"	"http://www.ebi.ac.uk/efo/EFO_0001272"	"brain without olfactory bulb"		"Cldn5-GFP"		"Brain single cell 109"	
"SRR5529539"	"Mus musculus"	"http://purl.obolibrary.org/obo/NCBITaxon_10090"	"C57BL/6"	"http://www.ebi.ac.uk/efo/EFO_0004472"	"12 to 15 week"		"adult"	"http://www.ebi.ac.uk/efo/EFO_0001272"	"brain without olfactory bulb"		"Cldn5-GFP"		"Brain single cell 110"	
"SRR5529540"	"Mus musculus"	"http://purl.obolibrary.org/obo/NCBITaxon_10090"	"C57BL/6"	"http://www.ebi.ac.uk/efo/EFO_0004472"	"12 to 15 week"		"adult"	"http://www.ebi.ac.uk/efo/EFO_0001272"	"brain without olfactory bulb"		"Cldn5-GFP"		"Brain single cell 111"	
"SRR5529541"	"Mus musculus"	"http://purl.obolibrary.org/obo/NCBITaxon_10090"	"C57BL/6"	"http://www.ebi.ac.uk/efo/EFO_0004472"	"12 to 15 week"		"adult"	"http://www.ebi.ac.uk/efo/EFO_0001272"	"brain without olfactory bulb"		"Cldn5-GFP"		"Brain single cell 112"	
"SRR5529542"	"Mus musculus"	"http://purl.obolibrary.org/obo/NCBITaxon_10090"	"C57BL/6"	"http://www.ebi.ac.uk/efo/EFO_0004472"	"12 to 15 week"		"adult"	"http://www.ebi.ac.uk/efo/EFO_0001272"	"brain without olfactory bulb"		"Cldn5-GFP"		"Brain single cell 113"	
"SRR5529543"	"Mus musculus"	"http://purl.obolibrary.org/obo/NCBITaxon_10090"	"C57BL/6"	"http://www.ebi.ac.uk/efo/EFO_0004472"	"12 to 15 week"		"adult"	"http://www.ebi.ac.uk/efo/EFO_0001272"	"brain without olfactory bulb"		"Cldn5-GFP"		"Brain single cell 114"	
"SRR5529544"	"Mus musculus"	"http://purl.obolibrary.org/obo/NCBITaxon_10090"	"C57BL/6"	"http://www.ebi.ac.uk/efo/EFO_0004472"	"12 to 15 week"		"adult"	"http://www.ebi.ac.uk/efo/EFO_0001272"	"brain without olfactory bulb"		"Cldn5-GFP"		"Brain single cell 115"	
"SRR5529545"	"Mus musculus"	"http://purl.obolibrary.org/obo/NCBITaxon_10090"	"C57BL/6"	"http://www.ebi.ac.uk/efo/EFO_0004472"	"12 to 15 week"		"adult"	"http://www.ebi.ac.uk/efo/EFO_0001272"	"brain without olfactory bulb"		"Cldn5-GFP"		"Brain single cell 116"	
"SRR5529546"	"Mus musculus"	"http://purl.obolibrary.org/obo/NCBITaxon_10090"	"C57BL/6"	"http://www.ebi.ac.uk/efo/EFO_0004472"	"12 to 15 week"		"adult"	"http://www.ebi.ac.uk/efo/EFO_0001272"	"brain without olfactory bulb"		"Cldn5-GFP"		"Brain single cell 117"	
"SRR5529547"	"Mus musculus"	"http://purl.obolibrary.org/obo/NCBITaxon_10090"	"C57BL/6"	"http://www.ebi.ac.uk/efo/EFO_0004472"	"12 to 15 week"		"adult"	"http://www.ebi.ac.uk/efo/EFO_0001272"	"brain without olfactory bulb"		"Cldn5-GFP"		"Brain single cell 118"	
"SRR5529548"	"Mus musculus"	"http://purl.obolibrary.org/obo/NCBITaxon_10090"	"C57BL/6"	"http://www.ebi.ac.uk/efo/EFO_0004472"	"12 to 15 week"		"adult"	"http://www.ebi.ac.uk/efo/EFO_0001272"	"brain without olfactory bulb"		"Cldn5-GFP"		"Brain single cell 119"	
"SRR5529549"	"Mus musculus"	"http://purl.obolibrary.org/obo/NCBITaxon_10090"	"C57BL/6"	"http://www.ebi.ac.uk/efo/EFO_0004472"	"12 to 15 week"		"adult"	"http://www.ebi.ac.uk/efo/EFO_0001272"	"brain without olfactory bulb"		"Cldn5-GFP"		"Brain single cell 120"	
"SRR5529550"	"Mus musculus"	"http://purl.obolibrary.org/obo/NCBITaxon_10090"	"C57BL/6"	"http://www.ebi.ac.uk/efo/EFO_0004472"	"12 to 15 week"		"adult"	"http://www.ebi.ac.uk/efo/EFO_0001272"	"brain without olfactory bulb"		"Cldn5-GFP"		"Brain single cell 121"	
"SRR5529551"	"Mus musculus"	"http://purl.obolibrary.org/obo/NCBITaxon_10090"	"C57BL/6"	"http://www.ebi.ac.uk/efo/EFO_0004472"	"12 to 15 week"		"adult"	"http://www.ebi.ac.uk/efo/EFO_0001272"	"brain without olfactory bulb"		"Cldn5-GFP"		"Brain single cell 122"	
"SRR5529552"	"Mus musculus"	"http://purl.obolibrary.org/obo/NCBITaxon_10090"	"C57BL/6"	"http://www.ebi.ac.uk/efo/EFO_0004472"	"12 to 15 week"		"adult"	"http://www.ebi.ac.uk/efo/EFO_0001272"	"brain without olfactory bulb"		"Cldn5-GFP"		"Brain single cell 123"	
"SRR5529553"	"Mus musculus"	"http://purl.obolibrary.org/obo/NCBITaxon_10090"	"C57BL/6"	"http://www.ebi.ac.uk/efo/EFO_0004472"	"12 to 15 week"		"adult"	"http://www.ebi.ac.uk/efo/EFO_0001272"	"brain without olfactory bulb"		"Cldn5-GFP"		"Brain single cell 124"	
"SRR5529554"	"Mus musculus"	"http://purl.obolibrary.org/obo/NCBITaxon_10090"	"C57BL/6"	"http://www.ebi.ac.uk/efo/EFO_0004472"	"12 to 15 week"		"adult"	"http://www.ebi.ac.uk/efo/EFO_0001272"	"brain without olfactory bulb"		"Cldn5-GFP"		"Brain single cell 125"	
"SRR5529555"	"Mus musculus"	"http://purl.obolibrary.org/obo/NCBITaxon_10090"	"C57BL/6"	"http://www.ebi.ac.uk/efo/EFO_0004472"	"12 to 15 week"		"adult"	"http://www.ebi.ac.uk/efo/EFO_0001272"	"brain without olfactory bulb"		"Cldn5-GFP"		"Brain single cell 126"	
"SRR5529556"	"Mus musculus"	"http://purl.obolibrary.org/obo/NCBITaxon_10090"	"C57BL/6"	"http://www.ebi.ac.uk/efo/EFO_0004472"	"12 to 15 week"		"adult"	"http://www.ebi.ac.uk/efo/EFO_0001272"	"brain without olfactory bulb"		"Cldn5-GFP"		"Brain single cell 127"	
"SRR5529557"	"Mus musculus"	"http://purl.obolibrary.org/obo/NCBITaxon_10090"	"C57BL/6"	"http://www.ebi.ac.uk/efo/EFO_0004472"	"12 to 15 week"		"adult"	"http://www.ebi.ac.uk/efo/EFO_0001272"	"brain without olfactory bulb"		"Cldn5-GFP"		"Brain single cell 128"	
"SRR5529558"	"Mus musculus"	"http://purl.obolibrary.org/obo/NCBITaxon_10090"	"C57BL/6"	"http://www.ebi.ac.uk/efo/EFO_0004472"	"12 to 15 week"		"adult"	"http://www.ebi.ac.uk/efo/EFO_0001272"	"brain without olfactory bulb"		"Cldn5-GFP"		"Brain single cell 129"	
"SRR5529559"	"Mus musculus"	"http://purl.obolibrary.org/obo/NCBITaxon_10090"	"C57BL/6"	"http://www.ebi.ac.uk/efo/EFO_0004472"	"12 to 15 week"		"adult"	"http://www.ebi.ac.uk/efo/EFO_0001272"	"brain without olfactory bulb"		"Cldn5-GFP"		"Brain single cell 130"	
"SRR5529560"	"Mus musculus"	"http://purl.obolibrary.org/obo/NCBITaxon_10090"	"C57BL/6"	"http://www.ebi.ac.uk/efo/EFO_0004472"	"12 to 15 week"		"adult"	"http://www.ebi.ac.uk/efo/EFO_0001272"	"brain without olfactory bulb"		"Cldn5-GFP"		"Brain single cell 131"	
"SRR5529561"	"Mus musculus"	"http://purl.obolibrary.org/obo/NCBITaxon_10090"	"C57BL/6"	"http://www.ebi.ac.uk/efo/EFO_0004472"	"12 to 15 week"		"adult"	"http://www.ebi.ac.uk/efo/EFO_0001272"	"brain without olfactory bulb"		"Cldn5-GFP"		"Brain single cell 132"	
"SRR5529562"	"Mus musculus"	"http://purl.obolibrary.org/obo/NCBITaxon_10090"	"C57BL/6"	"http://www.ebi.ac.uk/efo/EFO_0004472"	"12 to 15 week"		"adult"	"http://www.ebi.ac.uk/efo/EFO_0001272"	"brain without olfactory bulb"		"Cldn5-GFP"		"Brain single cell 133"	
"SRR5529563"	"Mus musculus"	"http://purl.obolibrary.org/obo/NCBITaxon_10090"	"C57BL/6"	"http://www.ebi.ac.uk/efo/EFO_0004472"	"12 to 15 week"		"adult"	"http://www.ebi.ac.uk/efo/EFO_0001272"	"brain without olfactory bulb"		"Cldn5-GFP"		"Brain single cell 134"	
"SRR5529564"	"Mus musculus"	"http://purl.obolibrary.org/obo/NCBITaxon_10090"	"C57BL/6"	"http://www.ebi.ac.uk/efo/EFO_0004472"	"12 to 15 week"		"adult"	"http://www.ebi.ac.uk/efo/EFO_0001272"	"brain without olfactory bulb"		"Cldn5-GFP"		"Brain single cell 135"	
"SRR5529565"	"Mus musculus"	"http://purl.obolibrary.org/obo/NCBITaxon_10090"	"C57BL/6"	"http://www.ebi.ac.uk/efo/EFO_0004472"	"12 to 15 week"		"adult"	"http://www.ebi.ac.uk/efo/EFO_0001272"	"brain without olfactory bulb"		"Cldn5-GFP"		"Brain single cell 136"	
"SRR5529566"	"Mus musculus"	"http://purl.obolibrary.org/obo/NCBITaxon_10090"	"C57BL/6"	"http://www.ebi.ac.uk/efo/EFO_0004472"	"12 to 15 week"		"adult"	"http://www.ebi.ac.uk/efo/EFO_0001272"	"brain without olfactory bulb"		"Cldn5-GFP"		"Brain single cell 137"	
"SRR5529567"	"Mus musculus"	"http://purl.obolibrary.org/obo/NCBITaxon_10090"	"C57BL/6"	"http://www.ebi.ac.uk/efo/EFO_0004472"	"12 to 15 week"		"adult"	"http://www.ebi.ac.uk/efo/EFO_0001272"	"brain without olfactory bulb"		"Cldn5-GFP"		"Brain single cell 138"	
"SRR5529568"	"Mus musculus"	"http://purl.obolibrary.org/obo/NCBITaxon_10090"	"C57BL/6"	"http://www.ebi.ac.uk/efo/EFO_0004472"	"12 to 15 week"		"adult"	"http://www.ebi.ac.uk/efo/EFO_0001272"	"brain without olfactory bulb"		"Cldn5-GFP"		"Brain single cell 139"	
"SRR5529569"	"Mus musculus"	"http://purl.obolibrary.org/obo/NCBITaxon_10090"	"C57BL/6"	"http://www.ebi.ac.uk/efo/EFO_0004472"	"12 to 15 week"		"adult"	"http://www.ebi.ac.uk/efo/EFO_0001272"	"brain without olfactory bulb"		"Cldn5-GFP"		"Brain single cell 140"	
"SRR5529570"	"Mus musculus"	"http://purl.obolibrary.org/obo/NCBITaxon_10090"	"C57BL/6"	"http://www.ebi.ac.uk/efo/EFO_0004472"	"12 to 15 week"		"adult"	"http://www.ebi.ac.uk/efo/EFO_0001272"	"brain without olfactory bulb"		"Cldn5-GFP"		"Brain single cell 141"	
"SRR5529571"	"Mus musculus"	"http://purl.obolibrary.org/obo/NCBITaxon_10090"	"C57BL/6"	"http://www.ebi.ac.uk/efo/EFO_0004472"	"12 to 15 week"		"adult"	"http://www.ebi.ac.uk/efo/EFO_0001272"	"brain without olfactory bulb"		"Cldn5-GFP"		"Brain single cell 142"	
"SRR5529572"	"Mus musculus"	"http://purl.obolibrary.org/obo/NCBITaxon_10090"	"C57BL/6"	"http://www.ebi.ac.uk/efo/EFO_0004472"	"12 to 15 week"		"adult"	"http://www.ebi.ac.uk/efo/EFO_0001272"	"brain without olfactory bulb"		"Cldn5-GFP"		"Brain single cell 143"	
"SRR5529573"	"Mus musculus"	"http://purl.obolibrary.org/obo/NCBITaxon_10090"	"C57BL/6"	"http://www.ebi.ac.uk/efo/EFO_0004472"	"12 to 15 week"		"adult"	"http://www.ebi.ac.uk/efo/EFO_0001272"	"brain without olfactory bulb"		"Cldn5-GFP"		"Brain single cell 144"	
"SRR5529574"	"Mus musculus"	"http://purl.obolibrary.org/obo/NCBITaxon_10090"	"C57BL/6"	"http://www.ebi.ac.uk/efo/EFO_0004472"	"12 to 15 week"		"adult"	"http://www.ebi.ac.uk/efo/EFO_0001272"	"brain without olfactory bulb"		"Cldn5-GFP"		"Brain single cell 145"	
"SRR5529575"	"Mus musculus"	"http://purl.obolibrary.org/obo/NCBITaxon_10090"	"C57BL/6"	"http://www.ebi.ac.uk/efo/EFO_0004472"	"12 to 15 week"		"adult"	"http://www.ebi.ac.uk/efo/EFO_0001272"	"brain without olfactory bulb"		"Cldn5-GFP"		"Brain single cell 146"	
"SRR5529576"	"Mus musculus"	"http://purl.obolibrary.org/obo/NCBITaxon_10090"	"C57BL/6"	"http://www.ebi.ac.uk/efo/EFO_0004472"	"12 to 15 week"		"adult"	"http://www.ebi.ac.uk/efo/EFO_0001272"	"brain without olfactory bulb"		"Cldn5-GFP"		"Brain single cell 147"	
"SRR5529577"	"Mus musculus"	"http://purl.obolibrary.org/obo/NCBITaxon_10090"	"C57BL/6"	"http://www.ebi.ac.uk/efo/EFO_0004472"	"12 to 15 week"		"adult"	"http://www.ebi.ac.uk/efo/EFO_0001272"	"brain without olfactory bulb"		"Cldn5-GFP"		"Brain single cell 148"	
"SRR5529578"	"Mus musculus"	"http://purl.obolibrary.org/obo/NCBITaxon_10090"	"C57BL/6"	"http://www.ebi.ac.uk/efo/EFO_0004472"	"12 to 15 week"		"adult"	"http://www.ebi.ac.uk/efo/EFO_0001272"	"brain without olfactory bulb"		"Cldn5-GFP"		"Brain single cell 149"	
"SRR5529579"	"Mus musculus"	"http://purl.obolibrary.org/obo/NCBITaxon_10090"	"C57BL/6"	"http://www.ebi.ac.uk/efo/EFO_0004472"	"12 to 15 week"		"adult"	"http://www.ebi.ac.uk/efo/EFO_0001272"	"brain without olfactory bulb"		"Cldn5-GFP"		"Brain single cell 150"	
"SRR5529580"	"Mus musculus"	"http://purl.obolibrary.org/obo/NCBITaxon_10090"	"C57BL/6"	"http://www.ebi.ac.uk/efo/EFO_0004472"	"12 to 15 week"		"adult"	"http://www.ebi.ac.uk/efo/EFO_0001272"	"brain without olfactory bulb"		"Cldn5-GFP"		"Brain single cell 151"	
"SRR5529581"	"Mus musculus"	"http://purl.obolibrary.org/obo/NCBITaxon_10090"	"C57BL/6"	"http://www.ebi.ac.uk/efo/EFO_0004472"	"12 to 15 week"		"adult"	"http://www.ebi.ac.uk/efo/EFO_0001272"	"brain without olfactory bulb"		"Cldn5-GFP"		"Brain single cell 152"	
"SRR5529582"	"Mus musculus"	"http://purl.obolibrary.org/obo/NCBITaxon_10090"	"C57BL/6"	"http://www.ebi.ac.uk/efo/EFO_0004472"	"12 to 15 week"		"adult"	"http://www.ebi.ac.uk/efo/EFO_0001272"	"brain without olfactory bulb"		"Cldn5-GFP"		"Brain single cell 153"	
"SRR5529583"	"Mus musculus"	"http://purl.obolibrary.org/obo/NCBITaxon_10090"	"C57BL/6"	"http://www.ebi.ac.uk/efo/EFO_0004472"	"12 to 15 week"		"adult"	"http://www.ebi.ac.uk/efo/EFO_0001272"	"brain without olfactory bulb"		"Cldn5-GFP"		"Brain single cell 154"	
"SRR5529584"	"Mus musculus"	"http://purl.obolibrary.org/obo/NCBITaxon_10090"	"C57BL/6"	"http://www.ebi.ac.uk/efo/EFO_0004472"	"12 to 15 week"		"adult"	"http://www.ebi.ac.uk/efo/EFO_0001272"	"brain without olfactory bulb"		"Cldn5-GFP"		"Brain single cell 155"	
"SRR5529585"	"Mus musculus"	"http://purl.obolibrary.org/obo/NCBITaxon_10090"	"C57BL/6"	"http://www.ebi.ac.uk/efo/EFO_0004472"	"12 to 15 week"		"adult"	"http://www.ebi.ac.uk/efo/EFO_0001272"	"brain without olfactory bulb"		"Cldn5-GFP"		"Brain single cell 156"	
"SRR5529586"	"Mus musculus"	"http://purl.obolibrary.org/obo/NCBITaxon_10090"	"C57BL/6"	"http://www.ebi.ac.uk/efo/EFO_0004472"	"12 to 15 week"		"adult"	"http://www.ebi.ac.uk/efo/EFO_0001272"	"brain without olfactory bulb"		"Cldn5-GFP"		"Brain single cell 157"	
"SRR5529587"	"Mus musculus"	"http://purl.obolibrary.org/obo/NCBITaxon_10090"	"C57BL/6"	"http://www.ebi.ac.uk/efo/EFO_0004472"	"12 to 15 week"		"adult"	"http://www.ebi.ac.uk/efo/EFO_0001272"	"brain without olfactory bulb"		"Cldn5-GFP"		"Brain single cell 158"	
"SRR5529588"	"Mus musculus"	"http://purl.obolibrary.org/obo/NCBITaxon_10090"	"C57BL/6"	"http://www.ebi.ac.uk/efo/EFO_0004472"	"12 to 15 week"		"adult"	"http://www.ebi.ac.uk/efo/EFO_0001272"	"brain without olfactory bulb"		"Cldn5-GFP"		"Brain single cell 159"	
"SRR5529589"	"Mus musculus"	"http://purl.obolibrary.org/obo/NCBITaxon_10090"	"C57BL/6"	"http://www.ebi.ac.uk/efo/EFO_0004472"	"12 to 15 week"		"adult"	"http://www.ebi.ac.uk/efo/EFO_0001272"	"brain without olfactory bulb"		"Cldn5-GFP"		"Brain single cell 160"	
"SRR5529590"	"Mus musculus"	"http://purl.obolibrary.org/obo/NCBITaxon_10090"	"C57BL/6"	"http://www.ebi.ac.uk/efo/EFO_0004472"	"12 to 15 week"		"adult"	"http://www.ebi.ac.uk/efo/EFO_0001272"	"brain without olfactory bulb"		"Cldn5-GFP"		"Brain single cell 161"	
"SRR5529591"	"Mus musculus"	"http://purl.obolibrary.org/obo/NCBITaxon_10090"	"C57BL/6"	"http://www.ebi.ac.uk/efo/EFO_0004472"	"12 to 15 week"		"adult"	"http://www.ebi.ac.uk/efo/EFO_0001272"	"brain without olfactory bulb"		"Cldn5-GFP"		"Brain single cell 162"	
"SRR5529592"	"Mus musculus"	"http://purl.obolibrary.org/obo/NCBITaxon_10090"	"C57BL/6"	"http://www.ebi.ac.uk/efo/EFO_0004472"	"12 to 15 week"		"adult"	"http://www.ebi.ac.uk/efo/EFO_0001272"	"brain without olfactory bulb"		"Cldn5-GFP"		"Brain single cell 163"	
"SRR5529593"	"Mus musculus"	"http://purl.obolibrary.org/obo/NCBITaxon_10090"	"C57BL/6"	"http://www.ebi.ac.uk/efo/EFO_0004472"	"12 to 15 week"		"adult"	"http://www.ebi.ac.uk/efo/EFO_0001272"	"brain without olfactory bulb"		"Cldn5-GFP"		"Brain single cell 164"	
"SRR5529594"	"Mus musculus"	"http://purl.obolibrary.org/obo/NCBITaxon_10090"	"C57BL/6"	"http://www.ebi.ac.uk/efo/EFO_0004472"	"12 to 15 week"		"adult"	"http://www.ebi.ac.uk/efo/EFO_0001272"	"brain without olfactory bulb"		"Cldn5-GFP"		"Brain single cell 165"	
"SRR5529595"	"Mus musculus"	"http://purl.obolibrary.org/obo/NCBITaxon_10090"	"C57BL/6"	"http://www.ebi.ac.uk/efo/EFO_0004472"	"12 to 15 week"		"adult"	"http://www.ebi.ac.uk/efo/EFO_0001272"	"brain without olfactory bulb"		"Cldn5-GFP"		"Brain single cell 166"	
"SRR5529596"	"Mus musculus"	"http://purl.obolibrary.org/obo/NCBITaxon_10090"	"C57BL/6"	"http://www.ebi.ac.uk/efo/EFO_0004472"	"12 to 15 week"		"adult"	"http://www.ebi.ac.uk/efo/EFO_0001272"	"brain without olfactory bulb"		"Cldn5-GFP"		"Brain single cell 167"	
"SRR5529597"	"Mus musculus"	"http://purl.obolibrary.org/obo/NCBITaxon_10090"	"C57BL/6"	"http://www.ebi.ac.uk/efo/EFO_0004472"	"12 to 15 week"		"adult"	"http://www.ebi.ac.uk/efo/EFO_0001272"	"brain without olfactory bulb"		"Cldn5-GFP"		"Brain single cell 168"	
"SRR5529598"	"Mus musculus"	"http://purl.obolibrary.org/obo/NCBITaxon_10090"	"C57BL/6"	"http://www.ebi.ac.uk/efo/EFO_0004472"	"12 to 15 week"		"adult"	"http://www.ebi.ac.uk/efo/EFO_0001272"	"brain without olfactory bulb"		"Cldn5-GFP"		"Brain single cell 169"	
"SRR5529599"	"Mus musculus"	"http://purl.obolibrary.org/obo/NCBITaxon_10090"	"C57BL/6"	"http://www.ebi.ac.uk/efo/EFO_0004472"	"12 to 15 week"		"adult"	"http://www.ebi.ac.uk/efo/EFO_0001272"	"brain without olfactory bulb"		"Cldn5-GFP"		"Brain single cell 170"	
"SRR5529600"	"Mus musculus"	"http://purl.obolibrary.org/obo/NCBITaxon_10090"	"C57BL/6"	"http://www.ebi.ac.uk/efo/EFO_0004472"	"12 to 15 week"		"adult"	"http://www.ebi.ac.uk/efo/EFO_0001272"	"brain without olfactory bulb"		"Cldn5-GFP"		"Brain single cell 171"	
"SRR5529601"	"Mus musculus"	"http://purl.obolibrary.org/obo/NCBITaxon_10090"	"C57BL/6"	"http://www.ebi.ac.uk/efo/EFO_0004472"	"12 to 15 week"		"adult"	"http://www.ebi.ac.uk/efo/EFO_0001272"	"brain without olfactory bulb"		"Cldn5-GFP"		"Brain single cell 172"	
"SRR5529602"	"Mus musculus"	"http://purl.obolibrary.org/obo/NCBITaxon_10090"	"C57BL/6"	"http://www.ebi.ac.uk/efo/EFO_0004472"	"12 to 15 week"		"adult"	"http://www.ebi.ac.uk/efo/EFO_0001272"	"brain without olfactory bulb"		"Cldn5-GFP"		"Brain single cell 173"	
"SRR5529603"	"Mus musculus"	"http://purl.obolibrary.org/obo/NCBITaxon_10090"	"C57BL/6"	"http://www.ebi.ac.uk/efo/EFO_0004472"	"12 to 15 week"		"adult"	"http://www.ebi.ac.uk/efo/EFO_0001272"	"brain without olfactory bulb"		"Cldn5-GFP"		"Brain single cell 174"	
"SRR5529604"	"Mus musculus"	"http://purl.obolibrary.org/obo/NCBITaxon_10090"	"C57BL/6"	"http://www.ebi.ac.uk/efo/EFO_0004472"	"12 to 15 week"		"adult"	"http://www.ebi.ac.uk/efo/EFO_0001272"	"brain without olfactory bulb"		"Cldn5-GFP"		"Brain single cell 175"	
"SRR5529605"	"Mus musculus"	"http://purl.obolibrary.org/obo/NCBITaxon_10090"	"C57BL/6"	"http://www.ebi.ac.uk/efo/EFO_0004472"	"12 to 15 week"		"adult"	"http://www.ebi.ac.uk/efo/EFO_0001272"	"brain without olfactory bulb"		"Cldn5-GFP"		"Brain single cell 176"	
"SRR5529606"	"Mus musculus"	"http://purl.obolibrary.org/obo/NCBITaxon_10090"	"C57BL/6"	"http://www.ebi.ac.uk/efo/EFO_0004472"	"12 to 15 week"		"adult"	"http://www.ebi.ac.uk/efo/EFO_0001272"	"brain without olfactory bulb"		"Cldn5-GFP"		"Brain single cell 177"	
"SRR5529607"	"Mus musculus"	"http://purl.obolibrary.org/obo/NCBITaxon_10090"	"C57BL/6"	"http://www.ebi.ac.uk/efo/EFO_0004472"	"12 to 15 week"		"adult"	"http://www.ebi.ac.uk/efo/EFO_0001272"	"brain without olfactory bulb"		"Cldn5-GFP"		"Brain single cell 178"	
"SRR5529608"	"Mus musculus"	"http://purl.obolibrary.org/obo/NCBITaxon_10090"	"C57BL/6"	"http://www.ebi.ac.uk/efo/EFO_0004472"	"12 to 15 week"		"adult"	"http://www.ebi.ac.uk/efo/EFO_0001272"	"brain without olfactory bulb"		"Cldn5-GFP"		"Brain single cell 179"	
"SRR5529609"	"Mus musculus"	"http://purl.obolibrary.org/obo/NCBITaxon_10090"	"C57BL/6"	"http://www.ebi.ac.uk/efo/EFO_0004472"	"12 to 15 week"		"adult"	"http://www.ebi.ac.uk/efo/EFO_0001272"	"brain without olfactory bulb"		"Cldn5-GFP"		"Brain single cell 180"	
"SRR5529610"	"Mus musculus"	"http://purl.obolibrary.org/obo/NCBITaxon_10090"	"C57BL/6"	"http://www.ebi.ac.uk/efo/EFO_0004472"	"12 to 15 week"		"adult"	"http://www.ebi.ac.uk/efo/EFO_0001272"	"brain without olfactory bulb"		"Cldn5-GFP"		"Brain single cell 181"	
"SRR5529611"	"Mus musculus"	"http://purl.obolibrary.org/obo/NCBITaxon_10090"	"C57BL/6"	"http://www.ebi.ac.uk/efo/EFO_0004472"	"12 to 15 week"		"adult"	"http://www.ebi.ac.uk/efo/EFO_0001272"	"brain without olfactory bulb"		"Cldn5-GFP"		"Brain single cell 182"	
"SRR5529612"	"Mus musculus"	"http://purl.obolibrary.org/obo/NCBITaxon_10090"	"C57BL/6"	"http://www.ebi.ac.uk/efo/EFO_0004472"	"12 to 15 week"		"adult"	"http://www.ebi.ac.uk/efo/EFO_0001272"	"brain without olfactory bulb"		"Cldn5-GFP"		"Brain single cell 183"	
"SRR5529613"	"Mus musculus"	"http://purl.obolibrary.org/obo/NCBITaxon_10090"	"C57BL/6"	"http://www.ebi.ac.uk/efo/EFO_0004472"	"12 to 15 week"		"adult"	"http://www.ebi.ac.uk/efo/EFO_0001272"	"brain without olfactory bulb"		"Cldn5-GFP"		"Brain single cell 184"	
"SRR5529614"	"Mus musculus"	"http://purl.obolibrary.org/obo/NCBITaxon_10090"	"C57BL/6"	"http://www.ebi.ac.uk/efo/EFO_0004472"	"12 to 15 week"		"adult"	"http://www.ebi.ac.uk/efo/EFO_0001272"	"brain without olfactory bulb"		"Cldn5-GFP"		"Brain single cell 185"	
"SRR5529615"	"Mus musculus"	"http://purl.obolibrary.org/obo/NCBITaxon_10090"	"C57BL/6"	"http://www.ebi.ac.uk/efo/EFO_0004472"	"12 to 15 week"		"adult"	"http://www.ebi.ac.uk/efo/EFO_0001272"	"brain without olfactory bulb"		"Cldn5-GFP"		"Brain single cell 186"	
"SRR5529616"	"Mus musculus"	"http://purl.obolibrary.org/obo/NCBITaxon_10090"	"C57BL/6"	"http://www.ebi.ac.uk/efo/EFO_0004472"	"12 to 15 week"		"adult"	"http://www.ebi.ac.uk/efo/EFO_0001272"	"brain without olfactory bulb"		"Cldn5-GFP"		"Brain single cell 187"	
"SRR5529617"	"Mus musculus"	"http://purl.obolibrary.org/obo/NCBITaxon_10090"	"C57BL/6"	"http://www.ebi.ac.uk/efo/EFO_0004472"	"12 to 15 week"		"adult"	"http://www.ebi.ac.uk/efo/EFO_0001272"	"brain without olfactory bulb"		"Cldn5-GFP"		"Brain single cell 188"	
"SRR5529618"	"Mus musculus"	"http://purl.obolibrary.org/obo/NCBITaxon_10090"	"C57BL/6"	"http://www.ebi.ac.uk/efo/EFO_0004472"	"12 to 15 week"		"adult"	"http://www.ebi.ac.uk/efo/EFO_0001272"	"brain without olfactory bulb"		"Cldn5-GFP"		"Brain single cell 189"	
"SRR5529619"	"Mus musculus"	"http://purl.obolibrary.org/obo/NCBITaxon_10090"	"C57BL/6"	"http://www.ebi.ac.uk/efo/EFO_0004472"	"12 to 15 week"		"adult"	"http://www.ebi.ac.uk/efo/EFO_0001272"	"brain without olfactory bulb"		"Cldn5-GFP"		"Brain single cell 190"	
"SRR5529620"	"Mus musculus"	"http://purl.obolibrary.org/obo/NCBITaxon_10090"	"C57BL/6"	"http://www.ebi.ac.uk/efo/EFO_0004472"	"12 to 15 week"		"adult"	"http://www.ebi.ac.uk/efo/EFO_0001272"	"brain without olfactory bulb"		"Cldn5-GFP"		"Brain single cell 191"	
"SRR5529621"	"Mus musculus"	"http://purl.obolibrary.org/obo/NCBITaxon_10090"	"C57BL/6"	"http://www.ebi.ac.uk/efo/EFO_0004472"	"12 to 15 week"		"adult"	"http://www.ebi.ac.uk/efo/EFO_0001272"	"brain without olfactory bulb"		"Cldn5-GFP"		"Brain single cell 192"	
"SRR5529622"	"Mus musculus"	"http://purl.obolibrary.org/obo/NCBITaxon_10090"	"C57BL/6"	"http://www.ebi.ac.uk/efo/EFO_0004472"	"12 to 15 week"		"adult"	"http://www.ebi.ac.uk/efo/EFO_0001272"	"brain without olfactory bulb"		"Cldn5-GFP"		"Brain single cell 193"	
"SRR5529623"	"Mus musculus"	"http://purl.obolibrary.org/obo/NCBITaxon_10090"	"C57BL/6"	"http://www.ebi.ac.uk/efo/EFO_0004472"	"12 to 15 week"		"adult"	"http://www.ebi.ac.uk/efo/EFO_0001272"	"brain without olfactory bulb"		"Cldn5-GFP"		"Brain single cell 194"	
"SRR5529624"	"Mus musculus"	"http://purl.obolibrary.org/obo/NCBITaxon_10090"	"C57BL/6"	"http://www.ebi.ac.uk/efo/EFO_0004472"	"12 to 15 week"		"adult"	"http://www.ebi.ac.uk/efo/EFO_0001272"	"brain without olfactory bulb"		"Cldn5-GFP"		"Brain single cell 195"	
"SRR5529625"	"Mus musculus"	"http://purl.obolibrary.org/obo/NCBITaxon_10090"	"C57BL/6"	"http://www.ebi.ac.uk/efo/EFO_0004472"	"12 to 15 week"		"adult"	"http://www.ebi.ac.uk/efo/EFO_0001272"	"brain without olfactory bulb"		"Cldn5-GFP"		"Brain single cell 196"	
"SRR5529626"	"Mus musculus"	"http://purl.obolibrary.org/obo/NCBITaxon_10090"	"C57BL/6"	"http://www.ebi.ac.uk/efo/EFO_0004472"	"12 to 15 week"		"adult"	"http://www.ebi.ac.uk/efo/EFO_0001272"	"brain without olfactory bulb"		"Cldn5-GFP"		"Brain single cell 197"	
"SRR5529627"	"Mus musculus"	"http://purl.obolibrary.org/obo/NCBITaxon_10090"	"C57BL/6"	"http://www.ebi.ac.uk/efo/EFO_0004472"	"12 to 15 week"		"adult"	"http://www.ebi.ac.uk/efo/EFO_0001272"	"brain without olfactory bulb"		"Cldn5-GFP"		"Brain single cell 198"	
"SRR5529628"	"Mus musculus"	"http://purl.obolibrary.org/obo/NCBITaxon_10090"	"C57BL/6"	"http://www.ebi.ac.uk/efo/EFO_0004472"	"12 to 15 week"		"adult"	"http://www.ebi.ac.uk/efo/EFO_0001272"	"brain without olfactory bulb"		"Cldn5-GFP"		"Brain single cell 199"	
"SRR5529629"	"Mus musculus"	"http://purl.obolibrary.org/obo/NCBITaxon_10090"	"C57BL/6"	"http://www.ebi.ac.uk/efo/EFO_0004472"	"12 to 15 week"		"adult"	"http://www.ebi.ac.uk/efo/EFO_0001272"	"brain without olfactory bulb"		"Cldn5-GFP"		"Brain single cell 200"	
"SRR5529630"	"Mus musculus"	"http://purl.obolibrary.org/obo/NCBITaxon_10090"	"C57BL/6"	"http://www.ebi.ac.uk/efo/EFO_0004472"	"12 to 15 week"		"adult"	"http://www.ebi.ac.uk/efo/EFO_0001272"	"brain without olfactory bulb"		"Cldn5-GFP"		"Brain single cell 201"	
"SRR5529631"	"Mus musculus"	"http://purl.obolibrary.org/obo/NCBITaxon_10090"	"C57BL/6"	"http://www.ebi.ac.uk/efo/EFO_0004472"	"12 to 15 week"		"adult"	"http://www.ebi.ac.uk/efo/EFO_0001272"	"brain without olfactory bulb"		"Cldn5-GFP"		"Brain single cell 202"	
"SRR5529632"	"Mus musculus"	"http://purl.obolibrary.org/obo/NCBITaxon_10090"	"C57BL/6"	"http://www.ebi.ac.uk/efo/EFO_0004472"	"12 to 15 week"		"adult"	"http://www.ebi.ac.uk/efo/EFO_0001272"	"brain without olfactory bulb"		"Cldn5-GFP"		"Brain single cell 203"	
"SRR5529633"	"Mus musculus"	"http://purl.obolibrary.org/obo/NCBITaxon_10090"	"C57BL/6"	"http://www.ebi.ac.uk/efo/EFO_0004472"	"12 to 15 week"		"adult"	"http://www.ebi.ac.uk/efo/EFO_0001272"	"brain without olfactory bulb"		"Cldn5-GFP"		"Brain single cell 204"	
"SRR5529634"	"Mus musculus"	"http://purl.obolibrary.org/obo/NCBITaxon_10090"	"C57BL/6"	"http://www.ebi.ac.uk/efo/EFO_0004472"	"12 to 15 week"		"adult"	"http://www.ebi.ac.uk/efo/EFO_0001272"	"brain without olfactory bulb"		"Cldn5-GFP"		"Brain single cell 205"	
"SRR5529635"	"Mus musculus"	"http://purl.obolibrary.org/obo/NCBITaxon_10090"	"C57BL/6"	"http://www.ebi.ac.uk/efo/EFO_0004472"	"12 to 15 week"		"adult"	"http://www.ebi.ac.uk/efo/EFO_0001272"	"brain without olfactory bulb"		"Cldn5-GFP"		"Brain single cell 206"	
"SRR5529636"	"Mus musculus"	"http://purl.obolibrary.org/obo/NCBITaxon_10090"	"C57BL/6"	"http://www.ebi.ac.uk/efo/EFO_0004472"	"12 to 15 week"		"adult"	"http://www.ebi.ac.uk/efo/EFO_0001272"	"brain without olfactory bulb"		"Cldn5-GFP"		"Brain single cell 207"	
"SRR5529637"	"Mus musculus"	"http://purl.obolibrary.org/obo/NCBITaxon_10090"	"C57BL/6"	"http://www.ebi.ac.uk/efo/EFO_0004472"	"12 to 15 week"		"adult"	"http://www.ebi.ac.uk/efo/EFO_0001272"	"brain without olfactory bulb"		"Cldn5-GFP"		"Brain single cell 208"	
"SRR5529638"	"Mus musculus"	"http://purl.obolibrary.org/obo/NCBITaxon_10090"	"C57BL/6"	"http://www.ebi.ac.uk/efo/EFO_0004472"	"12 to 15 week"		"adult"	"http://www.ebi.ac.uk/efo/EFO_0001272"	"brain without olfactory bulb"		"Cldn5-GFP"		"Brain single cell 209"	
"SRR5529639"	"Mus musculus"	"http://purl.obolibrary.org/obo/NCBITaxon_10090"	"C57BL/6"	"http://www.ebi.ac.uk/efo/EFO_0004472"	"12 to 15 week"		"adult"	"http://www.ebi.ac.uk/efo/EFO_0001272"	"brain without olfactory bulb"		"Cldn5-GFP"		"Brain single cell 210"	
"SRR5529640"	"Mus musculus"	"http://purl.obolibrary.org/obo/NCBITaxon_10090"	"C57BL/6"	"http://www.ebi.ac.uk/efo/EFO_0004472"	"12 to 15 week"		"adult"	"http://www.ebi.ac.uk/efo/EFO_0001272"	"brain without olfactory bulb"		"Cldn5-GFP"		"Brain single cell 211"	
"SRR5529641"	"Mus musculus"	"http://purl.obolibrary.org/obo/NCBITaxon_10090"	"C57BL/6"	"http://www.ebi.ac.uk/efo/EFO_0004472"	"12 to 15 week"		"adult"	"http://www.ebi.ac.uk/efo/EFO_0001272"	"brain without olfactory bulb"		"Cldn5-GFP"		"Brain single cell 212"	
"SRR5529642"	"Mus musculus"	"http://purl.obolibrary.org/obo/NCBITaxon_10090"	"C57BL/6"	"http://www.ebi.ac.uk/efo/EFO_0004472"	"12 to 15 week"		"adult"	"http://www.ebi.ac.uk/efo/EFO_0001272"	"brain without olfactory bulb"		"Cldn5-GFP"		"Brain single cell 213"	
"SRR5529643"	"Mus musculus"	"http://purl.obolibrary.org/obo/NCBITaxon_10090"	"C57BL/6"	"http://www.ebi.ac.uk/efo/EFO_0004472"	"12 to 15 week"		"adult"	"http://www.ebi.ac.uk/efo/EFO_0001272"	"brain without olfactory bulb"		"Cldn5-GFP"		"Brain single cell 214"	
"SRR5529644"	"Mus musculus"	"http://purl.obolibrary.org/obo/NCBITaxon_10090"	"C57BL/6"	"http://www.ebi.ac.uk/efo/EFO_0004472"	"12 to 15 week"		"adult"	"http://www.ebi.ac.uk/efo/EFO_0001272"	"brain without olfactory bulb"		"Cldn5-GFP"		"Brain single cell 215"	
"SRR5529645"	"Mus musculus"	"http://purl.obolibrary.org/obo/NCBITaxon_10090"	"C57BL/6"	"http://www.ebi.ac.uk/efo/EFO_0004472"	"12 to 15 week"		"adult"	"http://www.ebi.ac.uk/efo/EFO_0001272"	"brain without olfactory bulb"		"Cldn5-GFP"		"Brain single cell 216"	
"SRR5529646"	"Mus musculus"	"http://purl.obolibrary.org/obo/NCBITaxon_10090"	"C57BL/6"	"http://www.ebi.ac.uk/efo/EFO_0004472"	"12 to 15 week"		"adult"	"http://www.ebi.ac.uk/efo/EFO_0001272"	"brain without olfactory bulb"		"Cldn5-GFP"		"Brain single cell 217"	
"SRR5529647"	"Mus musculus"	"http://purl.obolibrary.org/obo/NCBITaxon_10090"	"C57BL/6"	"http://www.ebi.ac.uk/efo/EFO_0004472"	"12 to 15 week"		"adult"	"http://www.ebi.ac.uk/efo/EFO_0001272"	"brain without olfactory bulb"		"Cldn5-GFP"		"Brain single cell 218"	
"SRR5529648"	"Mus musculus"	"http://purl.obolibrary.org/obo/NCBITaxon_10090"	"C57BL/6"	"http://www.ebi.ac.uk/efo/EFO_0004472"	"12 to 15 week"		"adult"	"http://www.ebi.ac.uk/efo/EFO_0001272"	"brain without olfactory bulb"		"Cldn5-GFP"		"Brain single cell 219"	
"SRR5529649"	"Mus musculus"	"http://purl.obolibrary.org/obo/NCBITaxon_10090"	"C57BL/6"	"http://www.ebi.ac.uk/efo/EFO_0004472"	"12 to 15 week"		"adult"	"http://www.ebi.ac.uk/efo/EFO_0001272"	"brain without olfactory bulb"		"Cldn5-GFP"		"Brain single cell 220"	
"SRR5529650"	"Mus musculus"	"http://purl.obolibrary.org/obo/NCBITaxon_10090"	"C57BL/6"	"http://www.ebi.ac.uk/efo/EFO_0004472"	"12 to 15 week"		"adult"	"http://www.ebi.ac.uk/efo/EFO_0001272"	"brain without olfactory bulb"		"Cldn5-GFP"		"Brain single cell 221"	
"SRR5529651"	"Mus musculus"	"http://purl.obolibrary.org/obo/NCBITaxon_10090"	"C57BL/6"	"http://www.ebi.ac.uk/efo/EFO_0004472"	"12 to 15 week"		"adult"	"http://www.ebi.ac.uk/efo/EFO_0001272"	"brain without olfactory bulb"		"Cldn5-GFP"		"Brain single cell 222"	
"SRR5529652"	"Mus musculus"	"http://purl.obolibrary.org/obo/NCBITaxon_10090"	"C57BL/6"	"http://www.ebi.ac.uk/efo/EFO_0004472"	"12 to 15 week"		"adult"	"http://www.ebi.ac.uk/efo/EFO_0001272"	"brain without olfactory bulb"		"Cldn5-GFP"		"Brain single cell 223"	
"SRR5529653"	"Mus musculus"	"http://purl.obolibrary.org/obo/NCBITaxon_10090"	"C57BL/6"	"http://www.ebi.ac.uk/efo/EFO_0004472"	"12 to 15 week"		"adult"	"http://www.ebi.ac.uk/efo/EFO_0001272"	"brain without olfactory bulb"		"Cldn5-GFP"		"Brain single cell 224"	
"SRR5529654"	"Mus musculus"	"http://purl.obolibrary.org/obo/NCBITaxon_10090"	"C57BL/6"	"http://www.ebi.ac.uk/efo/EFO_0004472"	"12 to 15 week"		"adult"	"http://www.ebi.ac.uk/efo/EFO_0001272"	"brain without olfactory bulb"		"Cldn5-GFP"		"Brain single cell 225"	
"SRR5529655"	"Mus musculus"	"http://purl.obolibrary.org/obo/NCBITaxon_10090"	"C57BL/6"	"http://www.ebi.ac.uk/efo/EFO_0004472"	"12 to 15 week"		"adult"	"http://www.ebi.ac.uk/efo/EFO_0001272"	"brain without olfactory bulb"		"Cldn5-GFP"		"Brain single cell 226"	
"SRR5529656"	"Mus musculus"	"http://purl.obolibrary.org/obo/NCBITaxon_10090"	"C57BL/6"	"http://www.ebi.ac.uk/efo/EFO_0004472"	"12 to 15 week"		"adult"	"http://www.ebi.ac.uk/efo/EFO_0001272"	"brain without olfactory bulb"		"Cldn5-GFP"		"Brain single cell 227"	
"SRR5529657"	"Mus musculus"	"http://purl.obolibrary.org/obo/NCBITaxon_10090"	"C57BL/6"	"http://www.ebi.ac.uk/efo/EFO_0004472"	"12 to 15 week"		"adult"	"http://www.ebi.ac.uk/efo/EFO_0001272"	"brain without olfactory bulb"		"Cldn5-GFP"		"Brain single cell 228"	
"SRR5529658"	"Mus musculus"	"http://purl.obolibrary.org/obo/NCBITaxon_10090"	"C57BL/6"	"http://www.ebi.ac.uk/efo/EFO_0004472"	"12 to 15 week"		"adult"	"http://www.ebi.ac.uk/efo/EFO_0001272"	"brain without olfactory bulb"		"Cldn5-GFP"		"Brain single cell 229"	
"SRR5529659"	"Mus musculus"	"http://purl.obolibrary.org/obo/NCBITaxon_10090"	"C57BL/6"	"http://www.ebi.ac.uk/efo/EFO_0004472"	"12 to 15 week"		"adult"	"http://www.ebi.ac.uk/efo/EFO_0001272"	"brain without olfactory bulb"		"Cldn5-GFP"		"Brain single cell 230"	
"SRR5529660"	"Mus musculus"	"http://purl.obolibrary.org/obo/NCBITaxon_10090"	"C57BL/6"	"http://www.ebi.ac.uk/efo/EFO_0004472"	"12 to 15 week"		"adult"	"http://www.ebi.ac.uk/efo/EFO_0001272"	"brain without olfactory bulb"		"Cldn5-GFP"		"Brain single cell 231"	
"SRR5529661"	"Mus musculus"	"http://purl.obolibrary.org/obo/NCBITaxon_10090"	"C57BL/6"	"http://www.ebi.ac.uk/efo/EFO_0004472"	"12 to 15 week"		"adult"	"http://www.ebi.ac.uk/efo/EFO_0001272"	"brain without olfactory bulb"		"Cldn5-GFP"		"Brain single cell 232"	
"SRR5529662"	"Mus musculus"	"http://purl.obolibrary.org/obo/NCBITaxon_10090"	"C57BL/6"	"http://www.ebi.ac.uk/efo/EFO_0004472"	"12 to 15 week"		"adult"	"http://www.ebi.ac.uk/efo/EFO_0001272"	"brain without olfactory bulb"		"Cldn5-GFP"		"Brain single cell 233"	
"SRR5529663"	"Mus musculus"	"http://purl.obolibrary.org/obo/NCBITaxon_10090"	"C57BL/6"	"http://www.ebi.ac.uk/efo/EFO_0004472"	"12 to 15 week"		"adult"	"http://www.ebi.ac.uk/efo/EFO_0001272"	"brain without olfactory bulb"		"Cldn5-GFP"		"Brain single cell 234"	
"SRR5529664"	"Mus musculus"	"http://purl.obolibrary.org/obo/NCBITaxon_10090"	"C57BL/6"	"http://www.ebi.ac.uk/efo/EFO_0004472"	"12 to 15 week"		"adult"	"http://www.ebi.ac.uk/efo/EFO_0001272"	"brain without olfactory bulb"		"Cldn5-GFP"		"Brain single cell 235"	
"SRR5529665"	"Mus musculus"	"http://purl.obolibrary.org/obo/NCBITaxon_10090"	"C57BL/6"	"http://www.ebi.ac.uk/efo/EFO_0004472"	"12 to 15 week"		"adult"	"http://www.ebi.ac.uk/efo/EFO_0001272"	"brain without olfactory bulb"		"Cldn5-GFP"		"Brain single cell 236"	
"SRR5529666"	"Mus musculus"	"http://purl.obolibrary.org/obo/NCBITaxon_10090"	"C57BL/6"	"http://www.ebi.ac.uk/efo/EFO_0004472"	"12 to 15 week"		"adult"	"http://www.ebi.ac.uk/efo/EFO_0001272"	"brain without olfactory bulb"		"Cldn5-GFP"		"Brain single cell 237"	
"SRR5529667"	"Mus musculus"	"http://purl.obolibrary.org/obo/NCBITaxon_10090"	"C57BL/6"	"http://www.ebi.ac.uk/efo/EFO_0004472"	"12 to 15 week"		"adult"	"http://www.ebi.ac.uk/efo/EFO_0001272"	"brain without olfactory bulb"		"Cldn5-GFP"		"Brain single cell 238"	
"SRR5529668"	"Mus musculus"	"http://purl.obolibrary.org/obo/NCBITaxon_10090"	"C57BL/6"	"http://www.ebi.ac.uk/efo/EFO_0004472"	"12 to 15 week"		"adult"	"http://www.ebi.ac.uk/efo/EFO_0001272"	"brain without olfactory bulb"		"Cldn5-GFP"		"Brain single cell 239"	
"SRR5529669"	"Mus musculus"	"http://purl.obolibrary.org/obo/NCBITaxon_10090"	"C57BL/6"	"http://www.ebi.ac.uk/efo/EFO_0004472"	"12 to 15 week"		"adult"	"http://www.ebi.ac.uk/efo/EFO_0001272"	"brain without olfactory bulb"		"Cldn5-GFP"		"Brain single cell 240"	
"SRR5529670"	"Mus musculus"	"http://purl.obolibrary.org/obo/NCBITaxon_10090"	"C57BL/6"	"http://www.ebi.ac.uk/efo/EFO_0004472"	"12 to 15 week"		"adult"	"http://www.ebi.ac.uk/efo/EFO_0001272"	"brain without olfactory bulb"		"Cldn5-GFP"		"Brain single cell 241"	
"SRR5529671"	"Mus musculus"	"http://purl.obolibrary.org/obo/NCBITaxon_10090"	"C57BL/6"	"http://www.ebi.ac.uk/efo/EFO_0004472"	"12 to 15 week"		"adult"	"http://www.ebi.ac.uk/efo/EFO_0001272"	"brain without olfactory bulb"		"Cldn5-GFP"		"Brain single cell 242"	
"SRR5529672"	"Mus musculus"	"http://purl.obolibrary.org/obo/NCBITaxon_10090"	"C57BL/6"	"http://www.ebi.ac.uk/efo/EFO_0004472"	"12 to 15 week"		"adult"	"http://www.ebi.ac.uk/efo/EFO_0001272"	"brain without olfactory bulb"		"Cldn5-GFP"		"Brain single cell 243"	
"SRR5529673"	"Mus musculus"	"http://purl.obolibrary.org/obo/NCBITaxon_10090"	"C57BL/6"	"http://www.ebi.ac.uk/efo/EFO_0004472"	"12 to 15 week"		"adult"	"http://www.ebi.ac.uk/efo/EFO_0001272"	"brain without olfactory bulb"		"Cldn5-GFP"		"Brain single cell 244"	
"SRR5529674"	"Mus musculus"	"http://purl.obolibrary.org/obo/NCBITaxon_10090"	"C57BL/6"	"http://www.ebi.ac.uk/efo/EFO_0004472"	"12 to 15 week"		"adult"	"http://www.ebi.ac.uk/efo/EFO_0001272"	"brain without olfactory bulb"		"Cldn5-GFP"		"Brain single cell 245"	
"SRR5529675"	"Mus musculus"	"http://purl.obolibrary.org/obo/NCBITaxon_10090"	"C57BL/6"	"http://www.ebi.ac.uk/efo/EFO_0004472"	"12 to 15 week"		"adult"	"http://www.ebi.ac.uk/efo/EFO_0001272"	"brain without olfactory bulb"		"Cldn5-GFP"		"Brain single cell 246"	
"SRR5529676"	"Mus musculus"	"http://purl.obolibrary.org/obo/NCBITaxon_10090"	"C57BL/6"	"http://www.ebi.ac.uk/efo/EFO_0004472"	"12 to 15 week"		"adult"	"http://www.ebi.ac.uk/efo/EFO_0001272"	"brain without olfactory bulb"		"Cldn5-GFP"		"Brain single cell 247"	
"SRR5529677"	"Mus musculus"	"http://purl.obolibrary.org/obo/NCBITaxon_10090"	"C57BL/6"	"http://www.ebi.ac.uk/efo/EFO_0004472"	"12 to 15 week"		"adult"	"http://www.ebi.ac.uk/efo/EFO_0001272"	"brain without olfactory bulb"		"Cldn5-GFP"		"Brain single cell 248"	
"SRR5529678"	"Mus musculus"	"http://purl.obolibrary.org/obo/NCBITaxon_10090"	"C57BL/6"	"http://www.ebi.ac.uk/efo/EFO_0004472"	"12 to 15 week"		"adult"	"http://www.ebi.ac.uk/efo/EFO_0001272"	"brain without olfactory bulb"		"Cldn5-GFP"		"Brain single cell 249"	
"SRR5529679"	"Mus musculus"	"http://purl.obolibrary.org/obo/NCBITaxon_10090"	"C57BL/6"	"http://www.ebi.ac.uk/efo/EFO_0004472"	"12 to 15 week"		"adult"	"http://www.ebi.ac.uk/efo/EFO_0001272"	"brain without olfactory bulb"		"Cldn5-GFP"		"Brain single cell 250"	
"SRR5529680"	"Mus musculus"	"http://purl.obolibrary.org/obo/NCBITaxon_10090"	"C57BL/6"	"http://www.ebi.ac.uk/efo/EFO_0004472"	"12 to 15 week"		"adult"	"http://www.ebi.ac.uk/efo/EFO_0001272"	"brain without olfactory bulb"		"Cldn5-GFP"		"Brain single cell 251"	
"SRR5529681"	"Mus musculus"	"http://purl.obolibrary.org/obo/NCBITaxon_10090"	"C57BL/6"	"http://www.ebi.ac.uk/efo/EFO_0004472"	"12 to 15 week"		"adult"	"http://www.ebi.ac.uk/efo/EFO_0001272"	"brain without olfactory bulb"		"Cldn5-GFP"		"Brain single cell 252"	
"SRR5529682"	"Mus musculus"	"http://purl.obolibrary.org/obo/NCBITaxon_10090"	"C57BL/6"	"http://www.ebi.ac.uk/efo/EFO_0004472"	"12 to 15 week"		"adult"	"http://www.ebi.ac.uk/efo/EFO_0001272"	"brain without olfactory bulb"		"Cldn5-GFP"		"Brain single cell 253"	
"SRR5529683"	"Mus musculus"	"http://purl.obolibrary.org/obo/NCBITaxon_10090"	"C57BL/6"	"http://www.ebi.ac.uk/efo/EFO_0004472"	"12 to 15 week"		"adult"	"http://www.ebi.ac.uk/efo/EFO_0001272"	"brain without olfactory bulb"		"Cldn5-GFP"		"Brain single cell 254"	
"SRR5529684"	"Mus musculus"	"http://purl.obolibrary.org/obo/NCBITaxon_10090"	"C57BL/6"	"http://www.ebi.ac.uk/efo/EFO_0004472"	"12 to 15 week"		"adult"	"http://www.ebi.ac.uk/efo/EFO_0001272"	"brain without olfactory bulb"		"Cldn5-GFP"		"Brain single cell 255"	
"SRR5529685"	"Mus musculus"	"http://purl.obolibrary.org/obo/NCBITaxon_10090"	"C57BL/6"	"http://www.ebi.ac.uk/efo/EFO_0004472"	"12 to 15 week"		"adult"	"http://www.ebi.ac.uk/efo/EFO_0001272"	"brain without olfactory bulb"		"Cldn5-GFP"		"Brain single cell 256"	
"SRR5529686"	"Mus musculus"	"http://purl.obolibrary.org/obo/NCBITaxon_10090"	"C57BL/6"	"http://www.ebi.ac.uk/efo/EFO_0004472"	"12 to 15 week"		"adult"	"http://www.ebi.ac.uk/efo/EFO_0001272"	"brain without olfactory bulb"		"Cldn5-GFP"		"Brain single cell 257"	
"SRR5529687"	"Mus musculus"	"http://purl.obolibrary.org/obo/NCBITaxon_10090"	"C57BL/6"	"http://www.ebi.ac.uk/efo/EFO_0004472"	"12 to 15 week"		"adult"	"http://www.ebi.ac.uk/efo/EFO_0001272"	"brain without olfactory bulb"		"Cldn5-GFP"		"Brain single cell 258"	
"SRR5529688"	"Mus musculus"	"http://purl.obolibrary.org/obo/NCBITaxon_10090"	"C57BL/6"	"http://www.ebi.ac.uk/efo/EFO_0004472"	"12 to 15 week"		"adult"	"http://www.ebi.ac.uk/efo/EFO_0001272"	"brain without olfactory bulb"		"Cldn5-GFP"		"Brain single cell 259"	
"SRR5529689"	"Mus musculus"	"http://purl.obolibrary.org/obo/NCBITaxon_10090"	"C57BL/6"	"http://www.ebi.ac.uk/efo/EFO_0004472"	"12 to 15 week"		"adult"	"http://www.ebi.ac.uk/efo/EFO_0001272"	"brain without olfactory bulb"		"Cldn5-GFP"		"Brain single cell 260"	
"SRR5529690"	"Mus musculus"	"http://purl.obolibrary.org/obo/NCBITaxon_10090"	"C57BL/6"	"http://www.ebi.ac.uk/efo/EFO_0004472"	"12 to 15 week"		"adult"	"http://www.ebi.ac.uk/efo/EFO_0001272"	"brain without olfactory bulb"		"Cldn5-GFP"		"Brain single cell 261"	
"SRR5529691"	"Mus musculus"	"http://purl.obolibrary.org/obo/NCBITaxon_10090"	"C57BL/6"	"http://www.ebi.ac.uk/efo/EFO_0004472"	"12 to 15 week"		"adult"	"http://www.ebi.ac.uk/efo/EFO_0001272"	"brain without olfactory bulb"		"Cldn5-GFP"		"Brain single cell 262"	
"SRR5529692"	"Mus musculus"	"http://purl.obolibrary.org/obo/NCBITaxon_10090"	"C57BL/6"	"http://www.ebi.ac.uk/efo/EFO_0004472"	"12 to 15 week"		"adult"	"http://www.ebi.ac.uk/efo/EFO_0001272"	"brain without olfactory bulb"		"Cldn5-GFP"		"Brain single cell 263"	
"SRR5529693"	"Mus musculus"	"http://purl.obolibrary.org/obo/NCBITaxon_10090"	"C57BL/6"	"http://www.ebi.ac.uk/efo/EFO_0004472"	"12 to 15 week"		"adult"	"http://www.ebi.ac.uk/efo/EFO_0001272"	"brain without olfactory bulb"		"Cldn5-GFP"		"Brain single cell 264"	
"SRR5529694"	"Mus musculus"	"http://purl.obolibrary.org/obo/NCBITaxon_10090"	"C57BL/6"	"http://www.ebi.ac.uk/efo/EFO_0004472"	"12 to 15 week"		"adult"	"http://www.ebi.ac.uk/efo/EFO_0001272"	"brain without olfactory bulb"		"Cldn5-GFP"		"Brain single cell 265"	
"SRR5529695"	"Mus musculus"	"http://purl.obolibrary.org/obo/NCBITaxon_10090"	"C57BL/6"	"http://www.ebi.ac.uk/efo/EFO_0004472"	"12 to 15 week"		"adult"	"http://www.ebi.ac.uk/efo/EFO_0001272"	"brain without olfactory bulb"		"Cldn5-GFP"		"Brain single cell 266"	
"SRR5529696"	"Mus musculus"	"http://purl.obolibrary.org/obo/NCBITaxon_10090"	"C57BL/6"	"http://www.ebi.ac.uk/efo/EFO_0004472"	"12 to 15 week"		"adult"	"http://www.ebi.ac.uk/efo/EFO_0001272"	"brain without olfactory bulb"		"Cldn5-GFP"		"Brain single cell 267"	
"SRR5529697"	"Mus musculus"	"http://purl.obolibrary.org/obo/NCBITaxon_10090"	"C57BL/6"	"http://www.ebi.ac.uk/efo/EFO_0004472"	"12 to 15 week"		"adult"	"http://www.ebi.ac.uk/efo/EFO_0001272"	"brain without olfactory bulb"		"Cldn5-GFP"		"Brain single cell 268"	
"SRR5529698"	"Mus musculus"	"http://purl.obolibrary.org/obo/NCBITaxon_10090"	"C57BL/6"	"http://www.ebi.ac.uk/efo/EFO_0004472"	"12 to 15 week"		"adult"	"http://www.ebi.ac.uk/efo/EFO_0001272"	"brain without olfactory bulb"		"Cldn5-GFP"		"Brain single cell 269"	
"SRR5529699"	"Mus musculus"	"http://purl.obolibrary.org/obo/NCBITaxon_10090"	"C57BL/6"	"http://www.ebi.ac.uk/efo/EFO_0004472"	"12 to 15 week"		"adult"	"http://www.ebi.ac.uk/efo/EFO_0001272"	"brain without olfactory bulb"		"Cldn5-GFP"		"Brain single cell 270"	
"SRR5529700"	"Mus musculus"	"http://purl.obolibrary.org/obo/NCBITaxon_10090"	"C57BL/6"	"http://www.ebi.ac.uk/efo/EFO_0004472"	"12 to 15 week"		"adult"	"http://www.ebi.ac.uk/efo/EFO_0001272"	"brain without olfactory bulb"		"Cldn5-GFP"		"Brain single cell 271"	
"SRR5529701"	"Mus musculus"	"http://purl.obolibrary.org/obo/NCBITaxon_10090"	"C57BL/6"	"http://www.ebi.ac.uk/efo/EFO_0004472"	"12 to 15 week"		"adult"	"http://www.ebi.ac.uk/efo/EFO_0001272"	"brain without olfactory bulb"		"Cldn5-GFP"		"Brain single cell 272"	
"SRR5529702"	"Mus musculus"	"http://purl.obolibrary.org/obo/NCBITaxon_10090"	"C57BL/6"	"http://www.ebi.ac.uk/efo/EFO_0004472"	"12 to 15 week"		"adult"	"http://www.ebi.ac.uk/efo/EFO_0001272"	"brain without olfactory bulb"		"Cldn5-GFP"		"Brain single cell 273"	
"SRR5529703"	"Mus musculus"	"http://purl.obolibrary.org/obo/NCBITaxon_10090"	"C57BL/6"	"http://www.ebi.ac.uk/efo/EFO_0004472"	"12 to 15 week"		"adult"	"http://www.ebi.ac.uk/efo/EFO_0001272"	"brain without olfactory bulb"		"Cldn5-GFP"		"Brain single cell 274"	
"SRR5529704"	"Mus musculus"	"http://purl.obolibrary.org/obo/NCBITaxon_10090"	"C57BL/6"	"http://www.ebi.ac.uk/efo/EFO_0004472"	"12 to 15 week"		"adult"	"http://www.ebi.ac.uk/efo/EFO_0001272"	"brain without olfactory bulb"		"Cldn5-GFP"		"Brain single cell 275"	
"SRR5529705"	"Mus musculus"	"http://purl.obolibrary.org/obo/NCBITaxon_10090"	"C57BL/6"	"http://www.ebi.ac.uk/efo/EFO_0004472"	"12 to 15 week"		"adult"	"http://www.ebi.ac.uk/efo/EFO_0001272"	"brain without olfactory bulb"		"Cldn5-GFP"		"Brain single cell 276"	
"SRR5529706"	"Mus musculus"	"http://purl.obolibrary.org/obo/NCBITaxon_10090"	"C57BL/6"	"http://www.ebi.ac.uk/efo/EFO_0004472"	"12 to 15 week"		"adult"	"http://www.ebi.ac.uk/efo/EFO_0001272"	"brain without olfactory bulb"		"Cldn5-GFP"		"Brain single cell 277"	
"SRR5529707"	"Mus musculus"	"http://purl.obolibrary.org/obo/NCBITaxon_10090"	"C57BL/6"	"http://www.ebi.ac.uk/efo/EFO_0004472"	"12 to 15 week"		"adult"	"http://www.ebi.ac.uk/efo/EFO_0001272"	"brain without olfactory bulb"		"Cldn5-GFP"		"Brain single cell 278"	
"SRR5529708"	"Mus musculus"	"http://purl.obolibrary.org/obo/NCBITaxon_10090"	"C57BL/6"	"http://www.ebi.ac.uk/efo/EFO_0004472"	"12 to 15 week"		"adult"	"http://www.ebi.ac.uk/efo/EFO_0001272"	"brain without olfactory bulb"		"Cldn5-GFP"		"Brain single cell 279"	
"SRR5529709"	"Mus musculus"	"http://purl.obolibrary.org/obo/NCBITaxon_10090"	"C57BL/6"	"http://www.ebi.ac.uk/efo/EFO_0004472"	"12 to 15 week"		"adult"	"http://www.ebi.ac.uk/efo/EFO_0001272"	"brain without olfactory bulb"		"Cldn5-GFP"		"Brain single cell 280"	
"SRR5529710"	"Mus musculus"	"http://purl.obolibrary.org/obo/NCBITaxon_10090"	"C57BL/6"	"http://www.ebi.ac.uk/efo/EFO_0004472"	"12 to 15 week"		"adult"	"http://www.ebi.ac.uk/efo/EFO_0001272"	"brain without olfactory bulb"		"Cldn5-GFP"		"Brain single cell 281"	
"SRR5529711"	"Mus musculus"	"http://purl.obolibrary.org/obo/NCBITaxon_10090"	"C57BL/6"	"http://www.ebi.ac.uk/efo/EFO_0004472"	"12 to 15 week"		"adult"	"http://www.ebi.ac.uk/efo/EFO_0001272"	"brain without olfactory bulb"		"Cldn5-GFP"		"Brain single cell 282"	
"SRR5529712"	"Mus musculus"	"http://purl.obolibrary.org/obo/NCBITaxon_10090"	"C57BL/6"	"http://www.ebi.ac.uk/efo/EFO_0004472"	"12 to 15 week"		"adult"	"http://www.ebi.ac.uk/efo/EFO_0001272"	"brain without olfactory bulb"		"Cldn5-GFP"		"Brain single cell 283"	
"SRR5529713"	"Mus musculus"	"http://purl.obolibrary.org/obo/NCBITaxon_10090"	"C57BL/6"	"http://www.ebi.ac.uk/efo/EFO_0004472"	"12 to 15 week"		"adult"	"http://www.ebi.ac.uk/efo/EFO_0001272"	"brain without olfactory bulb"		"Cldn5-GFP"		"Brain single cell 284"	
"SRR5529714"	"Mus musculus"	"http://purl.obolibrary.org/obo/NCBITaxon_10090"	"C57BL/6"	"http://www.ebi.ac.uk/efo/EFO_0004472"	"12 to 15 week"		"adult"	"http://www.ebi.ac.uk/efo/EFO_0001272"	"brain without olfactory bulb"		"Cldn5-GFP"		"Brain single cell 285"	
"SRR5529715"	"Mus musculus"	"http://purl.obolibrary.org/obo/NCBITaxon_10090"	"C57BL/6"	"http://www.ebi.ac.uk/efo/EFO_0004472"	"12 to 15 week"		"adult"	"http://www.ebi.ac.uk/efo/EFO_0001272"	"brain without olfactory bulb"		"Cldn5-GFP"		"Brain single cell 286"	
"SRR5529716"	"Mus musculus"	"http://purl.obolibrary.org/obo/NCBITaxon_10090"	"C57BL/6"	"http://www.ebi.ac.uk/efo/EFO_0004472"	"12 to 15 week"		"adult"	"http://www.ebi.ac.uk/efo/EFO_0001272"	"brain without olfactory bulb"		"Cldn5-GFP"		"Brain single cell 287"	
"SRR5529717"	"Mus musculus"	"http://purl.obolibrary.org/obo/NCBITaxon_10090"	"C57BL/6"	"http://www.ebi.ac.uk/efo/EFO_0004472"	"12 to 15 week"		"adult"	"http://www.ebi.ac.uk/efo/EFO_0001272"	"brain without olfactory bulb"		"Cldn5-GFP"		"Brain single cell 288"	
"SRR5529718"	"Mus musculus"	"http://purl.obolibrary.org/obo/NCBITaxon_10090"	"C57BL/6"	"http://www.ebi.ac.uk/efo/EFO_0004472"	"12 to 15 week"		"adult"	"http://www.ebi.ac.uk/efo/EFO_0001272"	"brain without olfactory bulb"		"Cldn5-GFP"		"Brain single cell 289"	
"SRR5529719"	"Mus musculus"	"http://purl.obolibrary.org/obo/NCBITaxon_10090"	"C57BL/6"	"http://www.ebi.ac.uk/efo/EFO_0004472"	"12 to 15 week"		"adult"	"http://www.ebi.ac.uk/efo/EFO_0001272"	"brain without olfactory bulb"		"Cldn5-GFP"		"Brain single cell 290"	
"SRR5529720"	"Mus musculus"	"http://purl.obolibrary.org/obo/NCBITaxon_10090"	"C57BL/6"	"http://www.ebi.ac.uk/efo/EFO_0004472"	"12 to 15 week"		"adult"	"http://www.ebi.ac.uk/efo/EFO_0001272"	"brain without olfactory bulb"		"Cldn5-GFP"		"Brain single cell 291"	
"SRR5529721"	"Mus musculus"	"http://purl.obolibrary.org/obo/NCBITaxon_10090"	"C57BL/6"	"http://www.ebi.ac.uk/efo/EFO_0004472"	"12 to 15 week"		"adult"	"http://www.ebi.ac.uk/efo/EFO_0001272"	"brain without olfactory bulb"		"Cldn5-GFP"		"Brain single cell 292"	
"SRR5529722"	"Mus musculus"	"http://purl.obolibrary.org/obo/NCBITaxon_10090"	"C57BL/6"	"http://www.ebi.ac.uk/efo/EFO_0004472"	"12 to 15 week"		"adult"	"http://www.ebi.ac.uk/efo/EFO_0001272"	"brain without olfactory bulb"		"Cldn5-GFP"		"Brain single cell 293"	
"SRR5529723"	"Mus musculus"	"http://purl.obolibrary.org/obo/NCBITaxon_10090"	"C57BL/6"	"http://www.ebi.ac.uk/efo/EFO_0004472"	"12 to 15 week"		"adult"	"http://www.ebi.ac.uk/efo/EFO_0001272"	"brain without olfactory bulb"		"Cldn5-GFP"		"Brain single cell 294"	
"SRR5529724"	"Mus musculus"	"http://purl.obolibrary.org/obo/NCBITaxon_10090"	"C57BL/6"	"http://www.ebi.ac.uk/efo/EFO_0004472"	"12 to 15 week"		"adult"	"http://www.ebi.ac.uk/efo/EFO_0001272"	"brain without olfactory bulb"		"Cldn5-GFP"		"Brain single cell 295"	
"SRR5529725"	"Mus musculus"	"http://purl.obolibrary.org/obo/NCBITaxon_10090"	"C57BL/6"	"http://www.ebi.ac.uk/efo/EFO_0004472"	"12 to 15 week"		"adult"	"http://www.ebi.ac.uk/efo/EFO_0001272"	"brain without olfactory bulb"		"Cldn5-GFP"		"Brain single cell 296"	
"SRR5529726"	"Mus musculus"	"http://purl.obolibrary.org/obo/NCBITaxon_10090"	"C57BL/6"	"http://www.ebi.ac.uk/efo/EFO_0004472"	"12 to 15 week"		"adult"	"http://www.ebi.ac.uk/efo/EFO_0001272"	"brain without olfactory bulb"		"Cldn5-GFP"		"Brain single cell 297"	
"SRR5529727"	"Mus musculus"	"http://purl.obolibrary.org/obo/NCBITaxon_10090"	"C57BL/6"	"http://www.ebi.ac.uk/efo/EFO_0004472"	"12 to 15 week"		"adult"	"http://www.ebi.ac.uk/efo/EFO_0001272"	"brain without olfactory bulb"		"Cldn5-GFP"		"Brain single cell 298"	
"SRR5529728"	"Mus musculus"	"http://purl.obolibrary.org/obo/NCBITaxon_10090"	"C57BL/6"	"http://www.ebi.ac.uk/efo/EFO_0004472"	"12 to 15 week"		"adult"	"http://www.ebi.ac.uk/efo/EFO_0001272"	"brain without olfactory bulb"		"Cldn5-GFP"		"Brain single cell 299"	
"SRR5529729"	"Mus musculus"	"http://purl.obolibrary.org/obo/NCBITaxon_10090"	"C57BL/6"	"http://www.ebi.ac.uk/efo/EFO_0004472"	"12 to 15 week"		"adult"	"http://www.ebi.ac.uk/efo/EFO_0001272"	"brain without olfactory bulb"		"Cldn5-GFP"		"Brain single cell 300"	
"SRR5529730"	"Mus musculus"	"http://purl.obolibrary.org/obo/NCBITaxon_10090"	"C57BL/6"	"http://www.ebi.ac.uk/efo/EFO_0004472"	"12 to 15 week"		"adult"	"http://www.ebi.ac.uk/efo/EFO_0001272"	"brain without olfactory bulb"		"Cldn5-GFP"		"Brain single cell 301"	
"SRR5529731"	"Mus musculus"	"http://purl.obolibrary.org/obo/NCBITaxon_10090"	"C57BL/6"	"http://www.ebi.ac.uk/efo/EFO_0004472"	"12 to 15 week"		"adult"	"http://www.ebi.ac.uk/efo/EFO_0001272"	"brain without olfactory bulb"		"Cldn5-GFP"		"Brain single cell 302"	
"SRR5529732"	"Mus musculus"	"http://purl.obolibrary.org/obo/NCBITaxon_10090"	"C57BL/6"	"http://www.ebi.ac.uk/efo/EFO_0004472"	"12 to 15 week"		"adult"	"http://www.ebi.ac.uk/efo/EFO_0001272"	"brain without olfactory bulb"		"Cldn5-GFP"		"Brain single cell 303"	
"SRR5529733"	"Mus musculus"	"http://purl.obolibrary.org/obo/NCBITaxon_10090"	"C57BL/6"	"http://www.ebi.ac.uk/efo/EFO_0004472"	"12 to 15 week"		"adult"	"http://www.ebi.ac.uk/efo/EFO_0001272"	"brain without olfactory bulb"		"Cldn5-GFP"		"Brain single cell 304"	
"SRR5529734"	"Mus musculus"	"http://purl.obolibrary.org/obo/NCBITaxon_10090"	"C57BL/6"	"http://www.ebi.ac.uk/efo/EFO_0004472"	"12 to 15 week"		"adult"	"http://www.ebi.ac.uk/efo/EFO_0001272"	"brain without olfactory bulb"		"Cldn5-GFP"		"Brain single cell 305"	
"SRR5529735"	"Mus musculus"	"http://purl.obolibrary.org/obo/NCBITaxon_10090"	"C57BL/6"	"http://www.ebi.ac.uk/efo/EFO_0004472"	"12 to 15 week"		"adult"	"http://www.ebi.ac.uk/efo/EFO_0001272"	"brain without olfactory bulb"		"Cldn5-GFP"		"Brain single cell 306"	
"SRR5529736"	"Mus musculus"	"http://purl.obolibrary.org/obo/NCBITaxon_10090"	"C57BL/6"	"http://www.ebi.ac.uk/efo/EFO_0004472"	"12 to 15 week"		"adult"	"http://www.ebi.ac.uk/efo/EFO_0001272"	"brain without olfactory bulb"		"Cldn5-GFP"		"Brain single cell 307"	
"SRR5529737"	"Mus musculus"	"http://purl.obolibrary.org/obo/NCBITaxon_10090"	"C57BL/6"	"http://www.ebi.ac.uk/efo/EFO_0004472"	"12 to 15 week"		"adult"	"http://www.ebi.ac.uk/efo/EFO_0001272"	"brain without olfactory bulb"		"Cldn5-GFP"		"Brain single cell 308"	
"SRR5529738"	"Mus musculus"	"http://purl.obolibrary.org/obo/NCBITaxon_10090"	"C57BL/6"	"http://www.ebi.ac.uk/efo/EFO_0004472"	"12 to 15 week"		"adult"	"http://www.ebi.ac.uk/efo/EFO_0001272"	"brain without olfactory bulb"		"Cldn5-GFP"		"Brain single cell 309"	
"SRR5529739"	"Mus musculus"	"http://purl.obolibrary.org/obo/NCBITaxon_10090"	"C57BL/6"	"http://www.ebi.ac.uk/efo/EFO_0004472"	"12 to 15 week"		"adult"	"http://www.ebi.ac.uk/efo/EFO_0001272"	"brain without olfactory bulb"		"Cldn5-GFP"		"Brain single cell 310"	
"SRR5529740"	"Mus musculus"	"http://purl.obolibrary.org/obo/NCBITaxon_10090"	"C57BL/6"	"http://www.ebi.ac.uk/efo/EFO_0004472"	"12 to 15 week"		"adult"	"http://www.ebi.ac.uk/efo/EFO_0001272"	"brain without olfactory bulb"		"Cldn5-GFP"		"Brain single cell 311"	
"SRR5529741"	"Mus musculus"	"http://purl.obolibrary.org/obo/NCBITaxon_10090"	"C57BL/6"	"http://www.ebi.ac.uk/efo/EFO_0004472"	"12 to 15 week"		"adult"	"http://www.ebi.ac.uk/efo/EFO_0001272"	"brain without olfactory bulb"		"Cldn5-GFP"		"Brain single cell 312"	
"SRR5529742"	"Mus musculus"	"http://purl.obolibrary.org/obo/NCBITaxon_10090"	"C57BL/6"	"http://www.ebi.ac.uk/efo/EFO_0004472"	"12 to 15 week"		"adult"	"http://www.ebi.ac.uk/efo/EFO_0001272"	"brain without olfactory bulb"		"Cldn5-GFP"		"Brain single cell 313"	
"SRR5529743"	"Mus musculus"	"http://purl.obolibrary.org/obo/NCBITaxon_10090"	"C57BL/6"	"http://www.ebi.ac.uk/efo/EFO_0004472"	"12 to 15 week"		"adult"	"http://www.ebi.ac.uk/efo/EFO_0001272"	"brain without olfactory bulb"		"Cldn5-GFP"		"Brain single cell 314"	
"SRR5529744"	"Mus musculus"	"http://purl.obolibrary.org/obo/NCBITaxon_10090"	"C57BL/6"	"http://www.ebi.ac.uk/efo/EFO_0004472"	"12 to 15 week"		"adult"	"http://www.ebi.ac.uk/efo/EFO_0001272"	"brain without olfactory bulb"		"Cldn5-GFP"		"Brain single cell 315"	
"SRR5529745"	"Mus musculus"	"http://purl.obolibrary.org/obo/NCBITaxon_10090"	"C57BL/6"	"http://www.ebi.ac.uk/efo/EFO_0004472"	"12 to 15 week"		"adult"	"http://www.ebi.ac.uk/efo/EFO_0001272"	"brain without olfactory bulb"		"Cldn5-GFP"		"Brain single cell 316"	
"SRR5529746"	"Mus musculus"	"http://purl.obolibrary.org/obo/NCBITaxon_10090"	"C57BL/6"	"http://www.ebi.ac.uk/efo/EFO_0004472"	"12 to 15 week"		"adult"	"http://www.ebi.ac.uk/efo/EFO_0001272"	"brain without olfactory bulb"		"Cldn5-GFP"		"Brain single cell 317"	
"SRR5529747"	"Mus musculus"	"http://purl.obolibrary.org/obo/NCBITaxon_10090"	"C57BL/6"	"http://www.ebi.ac.uk/efo/EFO_0004472"	"12 to 15 week"		"adult"	"http://www.ebi.ac.uk/efo/EFO_0001272"	"brain without olfactory bulb"		"Cldn5-GFP"		"Brain single cell 318"	
"SRR5529748"	"Mus musculus"	"http://purl.obolibrary.org/obo/NCBITaxon_10090"	"C57BL/6"	"http://www.ebi.ac.uk/efo/EFO_0004472"	"12 to 15 week"		"adult"	"http://www.ebi.ac.uk/efo/EFO_0001272"	"brain without olfactory bulb"		"Cldn5-GFP"		"Brain single cell 319"	
"SRR5529749"	"Mus musculus"	"http://purl.obolibrary.org/obo/NCBITaxon_10090"	"C57BL/6"	"http://www.ebi.ac.uk/efo/EFO_0004472"	"12 to 15 week"		"adult"	"http://www.ebi.ac.uk/efo/EFO_0001272"	"brain without olfactory bulb"		"Cldn5-GFP"		"Brain single cell 320"	
"SRR5529750"	"Mus musculus"	"http://purl.obolibrary.org/obo/NCBITaxon_10090"	"C57BL/6"	"http://www.ebi.ac.uk/efo/EFO_0004472"	"12 to 15 week"		"adult"	"http://www.ebi.ac.uk/efo/EFO_0001272"	"brain without olfactory bulb"		"Cldn5-GFP"		"Brain single cell 321"	
"SRR5529751"	"Mus musculus"	"http://purl.obolibrary.org/obo/NCBITaxon_10090"	"C57BL/6"	"http://www.ebi.ac.uk/efo/EFO_0004472"	"12 to 15 week"		"adult"	"http://www.ebi.ac.uk/efo/EFO_0001272"	"brain without olfactory bulb"		"Cldn5-GFP"		"Brain single cell 322"	
"SRR5529752"	"Mus musculus"	"http://purl.obolibrary.org/obo/NCBITaxon_10090"	"C57BL/6"	"http://www.ebi.ac.uk/efo/EFO_0004472"	"12 to 15 week"		"adult"	"http://www.ebi.ac.uk/efo/EFO_0001272"	"brain without olfactory bulb"		"Cldn5-GFP"		"Brain single cell 323"	
"SRR5529753"	"Mus musculus"	"http://purl.obolibrary.org/obo/NCBITaxon_10090"	"C57BL/6"	"http://www.ebi.ac.uk/efo/EFO_0004472"	"12 to 15 week"		"adult"	"http://www.ebi.ac.uk/efo/EFO_0001272"	"brain without olfactory bulb"		"Cldn5-GFP"		"Brain single cell 324"	
"SRR5529754"	"Mus musculus"	"http://purl.obolibrary.org/obo/NCBITaxon_10090"	"C57BL/6"	"http://www.ebi.ac.uk/efo/EFO_0004472"	"12 to 15 week"		"adult"	"http://www.ebi.ac.uk/efo/EFO_0001272"	"brain without olfactory bulb"		"Cldn5-GFP"		"Brain single cell 325"	
"SRR5529755"	"Mus musculus"	"http://purl.obolibrary.org/obo/NCBITaxon_10090"	"C57BL/6"	"http://www.ebi.ac.uk/efo/EFO_0004472"	"12 to 15 week"		"adult"	"http://www.ebi.ac.uk/efo/EFO_0001272"	"brain without olfactory bulb"		"Cldn5-GFP"		"Brain single cell 326"	
"SRR5529756"	"Mus musculus"	"http://purl.obolibrary.org/obo/NCBITaxon_10090"	"C57BL/6"	"http://www.ebi.ac.uk/efo/EFO_0004472"	"12 to 15 week"		"adult"	"http://www.ebi.ac.uk/efo/EFO_0001272"	"brain without olfactory bulb"		"Cldn5-GFP"		"Brain single cell 327"	
"SRR5529757"	"Mus musculus"	"http://purl.obolibrary.org/obo/NCBITaxon_10090"	"C57BL/6"	"http://www.ebi.ac.uk/efo/EFO_0004472"	"12 to 15 week"		"adult"	"http://www.ebi.ac.uk/efo/EFO_0001272"	"brain without olfactory bulb"		"Cldn5-GFP"		"Brain single cell 328"	
"SRR5529758"	"Mus musculus"	"http://purl.obolibrary.org/obo/NCBITaxon_10090"	"C57BL/6"	"http://www.ebi.ac.uk/efo/EFO_0004472"	"12 to 15 week"		"adult"	"http://www.ebi.ac.uk/efo/EFO_0001272"	"brain without olfactory bulb"		"Cldn5-GFP"		"Brain single cell 329"	
"SRR5529759"	"Mus musculus"	"http://purl.obolibrary.org/obo/NCBITaxon_10090"	"C57BL/6"	"http://www.ebi.ac.uk/efo/EFO_0004472"	"12 to 15 week"		"adult"	"http://www.ebi.ac.uk/efo/EFO_0001272"	"brain without olfactory bulb"		"Cldn5-GFP"		"Brain single cell 330"	
"SRR5529760"	"Mus musculus"	"http://purl.obolibrary.org/obo/NCBITaxon_10090"	"C57BL/6"	"http://www.ebi.ac.uk/efo/EFO_0004472"	"12 to 15 week"		"adult"	"http://www.ebi.ac.uk/efo/EFO_0001272"	"brain without olfactory bulb"		"Cldn5-GFP"		"Brain single cell 331"	
"SRR5529761"	"Mus musculus"	"http://purl.obolibrary.org/obo/NCBITaxon_10090"	"C57BL/6"	"http://www.ebi.ac.uk/efo/EFO_0004472"	"12 to 15 week"		"adult"	"http://www.ebi.ac.uk/efo/EFO_0001272"	"brain without olfactory bulb"		"Cldn5-GFP"		"Brain single cell 332"	
"SRR5529762"	"Mus musculus"	"http://purl.obolibrary.org/obo/NCBITaxon_10090"	"C57BL/6"	"http://www.ebi.ac.uk/efo/EFO_0004472"	"12 to 15 week"		"adult"	"http://www.ebi.ac.uk/efo/EFO_0001272"	"brain without olfactory bulb"		"Cldn5-GFP"		"Brain single cell 333"	
"SRR5529763"	"Mus musculus"	"http://purl.obolibrary.org/obo/NCBITaxon_10090"	"C57BL/6"	"http://www.ebi.ac.uk/efo/EFO_0004472"	"12 to 15 week"		"adult"	"http://www.ebi.ac.uk/efo/EFO_0001272"	"brain without olfactory bulb"		"Cldn5-GFP"		"Brain single cell 334"	
"SRR5529764"	"Mus musculus"	"http://purl.obolibrary.org/obo/NCBITaxon_10090"	"C57BL/6"	"http://www.ebi.ac.uk/efo/EFO_0004472"	"12 to 15 week"		"adult"	"http://www.ebi.ac.uk/efo/EFO_0001272"	"brain without olfactory bulb"		"Cldn5-GFP"		"Brain single cell 335"	
"SRR5529765"	"Mus musculus"	"http://purl.obolibrary.org/obo/NCBITaxon_10090"	"C57BL/6"	"http://www.ebi.ac.uk/efo/EFO_0004472"	"12 to 15 week"		"adult"	"http://www.ebi.ac.uk/efo/EFO_0001272"	"brain without olfactory bulb"		"Cldn5-GFP"		"Brain single cell 336"	
"SRR5529766"	"Mus musculus"	"http://purl.obolibrary.org/obo/NCBITaxon_10090"	"C57BL/6"	"http://www.ebi.ac.uk/efo/EFO_0004472"	"12 to 15 week"		"adult"	"http://www.ebi.ac.uk/efo/EFO_0001272"	"brain without olfactory bulb"		"Cldn5-GFP"		"Brain single cell 337"	
"SRR5529767"	"Mus musculus"	"http://purl.obolibrary.org/obo/NCBITaxon_10090"	"C57BL/6"	"http://www.ebi.ac.uk/efo/EFO_0004472"	"12 to 15 week"		"adult"	"http://www.ebi.ac.uk/efo/EFO_0001272"	"brain without olfactory bulb"		"Cldn5-GFP"		"Brain single cell 338"	
"SRR5529768"	"Mus musculus"	"http://purl.obolibrary.org/obo/NCBITaxon_10090"	"C57BL/6"	"http://www.ebi.ac.uk/efo/EFO_0004472"	"12 to 15 week"		"adult"	"http://www.ebi.ac.uk/efo/EFO_0001272"	"brain without olfactory bulb"		"Cldn5-GFP"		"Brain single cell 339"	
"SRR5529769"	"Mus musculus"	"http://purl.obolibrary.org/obo/NCBITaxon_10090"	"C57BL/6"	"http://www.ebi.ac.uk/efo/EFO_0004472"	"12 to 15 week"		"adult"	"http://www.ebi.ac.uk/efo/EFO_0001272"	"brain without olfactory bulb"		"Cldn5-GFP"		"Brain single cell 340"	
"SRR5529770"	"Mus musculus"	"http://purl.obolibrary.org/obo/NCBITaxon_10090"	"C57BL/6"	"http://www.ebi.ac.uk/efo/EFO_0004472"	"12 to 15 week"		"adult"	"http://www.ebi.ac.uk/efo/EFO_0001272"	"brain without olfactory bulb"		"Cldn5-GFP"		"Brain single cell 341"	
"SRR5529771"	"Mus musculus"	"http://purl.obolibrary.org/obo/NCBITaxon_10090"	"C57BL/6"	"http://www.ebi.ac.uk/efo/EFO_0004472"	"12 to 15 week"		"adult"	"http://www.ebi.ac.uk/efo/EFO_0001272"	"brain without olfactory bulb"		"Cldn5-GFP"		"Brain single cell 342"	
"SRR5529772"	"Mus musculus"	"http://purl.obolibrary.org/obo/NCBITaxon_10090"	"C57BL/6"	"http://www.ebi.ac.uk/efo/EFO_0004472"	"12 to 15 week"		"adult"	"http://www.ebi.ac.uk/efo/EFO_0001272"	"brain without olfactory bulb"		"Cldn5-GFP"		"Brain single cell 343"	
"SRR5529773"	"Mus musculus"	"http://purl.obolibrary.org/obo/NCBITaxon_10090"	"C57BL/6"	"http://www.ebi.ac.uk/efo/EFO_0004472"	"12 to 15 week"		"adult"	"http://www.ebi.ac.uk/efo/EFO_0001272"	"brain without olfactory bulb"		"Cldn5-GFP"		"Brain single cell 344"	
"SRR5529774"	"Mus musculus"	"http://purl.obolibrary.org/obo/NCBITaxon_10090"	"C57BL/6"	"http://www.ebi.ac.uk/efo/EFO_0004472"	"12 to 15 week"		"adult"	"http://www.ebi.ac.uk/efo/EFO_0001272"	"brain without olfactory bulb"		"Cldn5-GFP"		"Brain single cell 345"	
"SRR5529775"	"Mus musculus"	"http://purl.obolibrary.org/obo/NCBITaxon_10090"	"C57BL/6"	"http://www.ebi.ac.uk/efo/EFO_0004472"	"12 to 15 week"		"adult"	"http://www.ebi.ac.uk/efo/EFO_0001272"	"brain without olfactory bulb"		"Cldn5-GFP"		"Brain single cell 346"	
"SRR5529776"	"Mus musculus"	"http://purl.obolibrary.org/obo/NCBITaxon_10090"	"C57BL/6"	"http://www.ebi.ac.uk/efo/EFO_0004472"	"12 to 15 week"		"adult"	"http://www.ebi.ac.uk/efo/EFO_0001272"	"brain without olfactory bulb"		"Cldn5-GFP"		"Brain single cell 347"	
"SRR5529777"	"Mus musculus"	"http://purl.obolibrary.org/obo/NCBITaxon_10090"	"C57BL/6"	"http://www.ebi.ac.uk/efo/EFO_0004472"	"12 to 15 week"		"adult"	"http://www.ebi.ac.uk/efo/EFO_0001272"	"brain without olfactory bulb"		"Cldn5-GFP"		"Brain single cell 348"	
"SRR5529778"	"Mus musculus"	"http://purl.obolibrary.org/obo/NCBITaxon_10090"	"C57BL/6"	"http://www.ebi.ac.uk/efo/EFO_0004472"	"12 to 15 week"		"adult"	"http://www.ebi.ac.uk/efo/EFO_0001272"	"brain without olfactory bulb"		"Cldn5-GFP"		"Brain single cell 349"	
"SRR5529779"	"Mus musculus"	"http://purl.obolibrary.org/obo/NCBITaxon_10090"	"C57BL/6"	"http://www.ebi.ac.uk/efo/EFO_0004472"	"12 to 15 week"		"adult"	"http://www.ebi.ac.uk/efo/EFO_0001272"	"brain without olfactory bulb"		"Cldn5-GFP"		"Brain single cell 350"	
"SRR5529780"	"Mus musculus"	"http://purl.obolibrary.org/obo/NCBITaxon_10090"	"C57BL/6"	"http://www.ebi.ac.uk/efo/EFO_0004472"	"12 to 15 week"		"adult"	"http://www.ebi.ac.uk/efo/EFO_0001272"	"brain without olfactory bulb"		"Cldn5-GFP"		"Brain single cell 351"	
"SRR5529781"	"Mus musculus"	"http://purl.obolibrary.org/obo/NCBITaxon_10090"	"C57BL/6"	"http://www.ebi.ac.uk/efo/EFO_0004472"	"12 to 15 week"		"adult"	"http://www.ebi.ac.uk/efo/EFO_0001272"	"brain without olfactory bulb"		"Cldn5-GFP"		"Brain single cell 352"	
"SRR5529782"	"Mus musculus"	"http://purl.obolibrary.org/obo/NCBITaxon_10090"	"C57BL/6"	"http://www.ebi.ac.uk/efo/EFO_0004472"	"12 to 15 week"		"adult"	"http://www.ebi.ac.uk/efo/EFO_0001272"	"brain without olfactory bulb"		"Cldn5-GFP"		"Brain single cell 353"	
"SRR5529783"	"Mus musculus"	"http://purl.obolibrary.org/obo/NCBITaxon_10090"	"C57BL/6"	"http://www.ebi.ac.uk/efo/EFO_0004472"	"12 to 15 week"		"adult"	"http://www.ebi.ac.uk/efo/EFO_0001272"	"brain without olfactory bulb"		"Cldn5-GFP"		"Brain single cell 354"	
"SRR5529784"	"Mus musculus"	"http://purl.obolibrary.org/obo/NCBITaxon_10090"	"C57BL/6"	"http://www.ebi.ac.uk/efo/EFO_0004472"	"12 to 15 week"		"adult"	"http://www.ebi.ac.uk/efo/EFO_0001272"	"brain without olfactory bulb"		"Cldn5-GFP"		"Brain single cell 355"	
"SRR5529785"	"Mus musculus"	"http://purl.obolibrary.org/obo/NCBITaxon_10090"	"C57BL/6"	"http://www.ebi.ac.uk/efo/EFO_0004472"	"12 to 15 week"		"adult"	"http://www.ebi.ac.uk/efo/EFO_0001272"	"brain without olfactory bulb"		"Cldn5-GFP"		"Brain single cell 356"	
"SRR5529786"	"Mus musculus"	"http://purl.obolibrary.org/obo/NCBITaxon_10090"	"C57BL/6"	"http://www.ebi.ac.uk/efo/EFO_0004472"	"12 to 15 week"		"adult"	"http://www.ebi.ac.uk/efo/EFO_0001272"	"brain without olfactory bulb"		"Cldn5-GFP"		"Brain single cell 357"	
"SRR5529787"	"Mus musculus"	"http://purl.obolibrary.org/obo/NCBITaxon_10090"	"C57BL/6"	"http://www.ebi.ac.uk/efo/EFO_0004472"	"12 to 15 week"		"adult"	"http://www.ebi.ac.uk/efo/EFO_0001272"	"brain without olfactory bulb"		"Cldn5-GFP"		"Brain single cell 358"	
"SRR5529788"	"Mus musculus"	"http://purl.obolibrary.org/obo/NCBITaxon_10090"	"C57BL/6"	"http://www.ebi.ac.uk/efo/EFO_0004472"	"12 to 15 week"		"adult"	"http://www.ebi.ac.uk/efo/EFO_0001272"	"brain without olfactory bulb"		"Cldn5-GFP"		"Brain single cell 359"	
"SRR5529789"	"Mus musculus"	"http://purl.obolibrary.org/obo/NCBITaxon_10090"	"C57BL/6"	"http://www.ebi.ac.uk/efo/EFO_0004472"	"12 to 15 week"		"adult"	"http://www.ebi.ac.uk/efo/EFO_0001272"	"brain without olfactory bulb"		"Cldn5-GFP"		"Brain single cell 360"	
"SRR5529790"	"Mus musculus"	"http://purl.obolibrary.org/obo/NCBITaxon_10090"	"C57BL/6"	"http://www.ebi.ac.uk/efo/EFO_0004472"	"12 to 15 week"		"adult"	"http://www.ebi.ac.uk/efo/EFO_0001272"	"brain without olfactory bulb"		"Cldn5-GFP"		"Brain single cell 361"	
"SRR5529791"	"Mus musculus"	"http://purl.obolibrary.org/obo/NCBITaxon_10090"	"C57BL/6"	"http://www.ebi.ac.uk/efo/EFO_0004472"	"12 to 15 week"		"adult"	"http://www.ebi.ac.uk/efo/EFO_0001272"	"brain without olfactory bulb"		"Cldn5-GFP"		"Brain single cell 362"	
"SRR5529792"	"Mus musculus"	"http://purl.obolibrary.org/obo/NCBITaxon_10090"	"C57BL/6"	"http://www.ebi.ac.uk/efo/EFO_0004472"	"12 to 15 week"		"adult"	"http://www.ebi.ac.uk/efo/EFO_0001272"	"brain without olfactory bulb"		"Cldn5-GFP"		"Brain single cell 363"	
"SRR5529793"	"Mus musculus"	"http://purl.obolibrary.org/obo/NCBITaxon_10090"	"C57BL/6"	"http://www.ebi.ac.uk/efo/EFO_0004472"	"12 to 15 week"		"adult"	"http://www.ebi.ac.uk/efo/EFO_0001272"	"brain without olfactory bulb"		"Cldn5-GFP"		"Brain single cell 364"	
"SRR5529794"	"Mus musculus"	"http://purl.obolibrary.org/obo/NCBITaxon_10090"	"C57BL/6"	"http://www.ebi.ac.uk/efo/EFO_0004472"	"12 to 15 week"		"adult"	"http://www.ebi.ac.uk/efo/EFO_0001272"	"brain without olfactory bulb"		"Cldn5-GFP"		"Brain single cell 365"	
"SRR5529795"	"Mus musculus"	"http://purl.obolibrary.org/obo/NCBITaxon_10090"	"C57BL/6"	"http://www.ebi.ac.uk/efo/EFO_0004472"	"12 to 15 week"		"adult"	"http://www.ebi.ac.uk/efo/EFO_0001272"	"brain without olfactory bulb"		"Cldn5-GFP"		"Brain single cell 366"	
"SRR5529796"	"Mus musculus"	"http://purl.obolibrary.org/obo/NCBITaxon_10090"	"C57BL/6"	"http://www.ebi.ac.uk/efo/EFO_0004472"	"12 to 15 week"		"adult"	"http://www.ebi.ac.uk/efo/EFO_0001272"	"brain without olfactory bulb"		"Cldn5-GFP"		"Brain single cell 367"	
"SRR5529797"	"Mus musculus"	"http://purl.obolibrary.org/obo/NCBITaxon_10090"	"C57BL/6"	"http://www.ebi.ac.uk/efo/EFO_0004472"	"12 to 15 week"		"adult"	"http://www.ebi.ac.uk/efo/EFO_0001272"	"brain without olfactory bulb"		"Cldn5-GFP"		"Brain single cell 368"	
"SRR5529798"	"Mus musculus"	"http://purl.obolibrary.org/obo/NCBITaxon_10090"	"C57BL/6"	"http://www.ebi.ac.uk/efo/EFO_0004472"	"12 to 15 week"		"adult"	"http://www.ebi.ac.uk/efo/EFO_0001272"	"brain without olfactory bulb"		"Cldn5-GFP"		"Brain single cell 369"	
"SRR5529799"	"Mus musculus"	"http://purl.obolibrary.org/obo/NCBITaxon_10090"	"C57BL/6"	"http://www.ebi.ac.uk/efo/EFO_0004472"	"12 to 15 week"		"adult"	"http://www.ebi.ac.uk/efo/EFO_0001272"	"brain without olfactory bulb"		"Cldn5-GFP"		"Brain single cell 370"	
"SRR5529800"	"Mus musculus"	"http://purl.obolibrary.org/obo/NCBITaxon_10090"	"C57BL/6"	"http://www.ebi.ac.uk/efo/EFO_0004472"	"12 to 15 week"		"adult"	"http://www.ebi.ac.uk/efo/EFO_0001272"	"brain without olfactory bulb"		"Cldn5-GFP"		"Brain single cell 371"	
"SRR5529801"	"Mus musculus"	"http://purl.obolibrary.org/obo/NCBITaxon_10090"	"C57BL/6"	"http://www.ebi.ac.uk/efo/EFO_0004472"	"12 to 15 week"		"adult"	"http://www.ebi.ac.uk/efo/EFO_0001272"	"brain without olfactory bulb"		"Cldn5-GFP"		"Brain single cell 372"	
"SRR5529802"	"Mus musculus"	"http://purl.obolibrary.org/obo/NCBITaxon_10090"	"C57BL/6"	"http://www.ebi.ac.uk/efo/EFO_0004472"	"12 to 15 week"		"adult"	"http://www.ebi.ac.uk/efo/EFO_0001272"	"brain without olfactory bulb"		"Cldn5-GFP"		"Brain single cell 373"	
"SRR5529803"	"Mus musculus"	"http://purl.obolibrary.org/obo/NCBITaxon_10090"	"C57BL/6"	"http://www.ebi.ac.uk/efo/EFO_0004472"	"12 to 15 week"		"adult"	"http://www.ebi.ac.uk/efo/EFO_0001272"	"brain without olfactory bulb"		"Cldn5-GFP"		"Brain single cell 374"	
"SRR5529804"	"Mus musculus"	"http://purl.obolibrary.org/obo/NCBITaxon_10090"	"C57BL/6"	"http://www.ebi.ac.uk/efo/EFO_0004472"	"12 to 15 week"		"adult"	"http://www.ebi.ac.uk/efo/EFO_0001272"	"brain without olfactory bulb"		"Cldn5-GFP"		"Brain single cell 375"	
"SRR5529805"	"Mus musculus"	"http://purl.obolibrary.org/obo/NCBITaxon_10090"	"C57BL/6"	"http://www.ebi.ac.uk/efo/EFO_0004472"	"12 to 15 week"		"adult"	"http://www.ebi.ac.uk/efo/EFO_0001272"	"brain without olfactory bulb"		"Cldn5-GFP"		"Brain single cell 376"	
"SRR5529806"	"Mus musculus"	"http://purl.obolibrary.org/obo/NCBITaxon_10090"	"C57BL/6"	"http://www.ebi.ac.uk/efo/EFO_0004472"	"12 to 15 week"		"adult"	"http://www.ebi.ac.uk/efo/EFO_0001272"	"brain without olfactory bulb"		"Cldn5-GFP"		"Brain single cell 377"	
"SRR5529807"	"Mus musculus"	"http://purl.obolibrary.org/obo/NCBITaxon_10090"	"C57BL/6"	"http://www.ebi.ac.uk/efo/EFO_0004472"	"12 to 15 week"		"adult"	"http://www.ebi.ac.uk/efo/EFO_0001272"	"brain without olfactory bulb"		"Cldn5-GFP"		"Brain single cell 378"	
"SRR5529808"	"Mus musculus"	"http://purl.obolibrary.org/obo/NCBITaxon_10090"	"C57BL/6"	"http://www.ebi.ac.uk/efo/EFO_0004472"	"12 to 15 week"		"adult"	"http://www.ebi.ac.uk/efo/EFO_0001272"	"brain without olfactory bulb"		"Cldn5-GFP"		"Brain single cell 379"	
"SRR5529809"	"Mus musculus"	"http://purl.obolibrary.org/obo/NCBITaxon_10090"	"C57BL/6"	"http://www.ebi.ac.uk/efo/EFO_0004472"	"12 to 15 week"		"adult"	"http://www.ebi.ac.uk/efo/EFO_0001272"	"brain without olfactory bulb"		"Cldn5-GFP"		"Brain single cell 380"	
"SRR5529810"	"Mus musculus"	"http://purl.obolibrary.org/obo/NCBITaxon_10090"	"C57BL/6"	"http://www.ebi.ac.uk/efo/EFO_0004472"	"12 to 15 week"		"adult"	"http://www.ebi.ac.uk/efo/EFO_0001272"	"brain without olfactory bulb"		"Cldn5-GFP"		"Brain single cell 381"	
"SRR5529811"	"Mus musculus"	"http://purl.obolibrary.org/obo/NCBITaxon_10090"	"C57BL/6"	"http://www.ebi.ac.uk/efo/EFO_0004472"	"12 to 15 week"		"adult"	"http://www.ebi.ac.uk/efo/EFO_0001272"	"brain without olfactory bulb"		"Cldn5-GFP"		"Brain single cell 382"	
"SRR5529812"	"Mus musculus"	"http://purl.obolibrary.org/obo/NCBITaxon_10090"	"C57BL/6"	"http://www.ebi.ac.uk/efo/EFO_0004472"	"12 to 15 week"		"adult"	"http://www.ebi.ac.uk/efo/EFO_0001272"	"brain without olfactory bulb"		"Cldn5-GFP"		"Brain single cell 383"	
"SRR5529813"	"Mus musculus"	"http://purl.obolibrary.org/obo/NCBITaxon_10090"	"C57BL/6"	"http://www.ebi.ac.uk/efo/EFO_0004472"	"12 to 15 week"		"adult"	"http://www.ebi.ac.uk/efo/EFO_0001272"	"brain without olfactory bulb"		"Cldn5-GFP"		"Brain single cell 384"	
"SRR5529814"	"Mus musculus"	"http://purl.obolibrary.org/obo/NCBITaxon_10090"	"C57BL/6"	"http://www.ebi.ac.uk/efo/EFO_0004472"	"12 to 15 week"		"adult"	"http://www.ebi.ac.uk/efo/EFO_0001272"	"brain without olfactory bulb"		"Cldn5-GFP"		"Brain single cell 385"	
"SRR5529815"	"Mus musculus"	"http://purl.obolibrary.org/obo/NCBITaxon_10090"	"C57BL/6"	"http://www.ebi.ac.uk/efo/EFO_0004472"	"12 to 15 week"		"adult"	"http://www.ebi.ac.uk/efo/EFO_0001272"	"brain without olfactory bulb"		"Cldn5-GFP"		"Brain single cell 386"	
"SRR5529816"	"Mus musculus"	"http://purl.obolibrary.org/obo/NCBITaxon_10090"	"C57BL/6"	"http://www.ebi.ac.uk/efo/EFO_0004472"	"12 to 15 week"		"adult"	"http://www.ebi.ac.uk/efo/EFO_0001272"	"brain without olfactory bulb"		"Cldn5-GFP"		"Brain single cell 387"	
"SRR5529817"	"Mus musculus"	"http://purl.obolibrary.org/obo/NCBITaxon_10090"	"C57BL/6"	"http://www.ebi.ac.uk/efo/EFO_0004472"	"12 to 15 week"		"adult"	"http://www.ebi.ac.uk/efo/EFO_0001272"	"brain without olfactory bulb"		"Cldn5-GFP"		"Brain single cell 388"	
"SRR5529818"	"Mus musculus"	"http://purl.obolibrary.org/obo/NCBITaxon_10090"	"C57BL/6"	"http://www.ebi.ac.uk/efo/EFO_0004472"	"12 to 15 week"		"adult"	"http://www.ebi.ac.uk/efo/EFO_0001272"	"brain without olfactory bulb"		"Cldn5-GFP"		"Brain single cell 389"	
"SRR5529819"	"Mus musculus"	"http://purl.obolibrary.org/obo/NCBITaxon_10090"	"C57BL/6"	"http://www.ebi.ac.uk/efo/EFO_0004472"	"12 to 15 week"		"adult"	"http://www.ebi.ac.uk/efo/EFO_0001272"	"brain without olfactory bulb"		"Cldn5-GFP"		"Brain single cell 390"	
"SRR5529820"	"Mus musculus"	"http://purl.obolibrary.org/obo/NCBITaxon_10090"	"C57BL/6"	"http://www.ebi.ac.uk/efo/EFO_0004472"	"12 to 15 week"		"adult"	"http://www.ebi.ac.uk/efo/EFO_0001272"	"brain without olfactory bulb"		"Cldn5-GFP"		"Brain single cell 391"	
"SRR5529821"	"Mus musculus"	"http://purl.obolibrary.org/obo/NCBITaxon_10090"	"C57BL/6"	"http://www.ebi.ac.uk/efo/EFO_0004472"	"12 to 15 week"		"adult"	"http://www.ebi.ac.uk/efo/EFO_0001272"	"brain without olfactory bulb"		"Cldn5-GFP"		"Brain single cell 392"	
"SRR5529822"	"Mus musculus"	"http://purl.obolibrary.org/obo/NCBITaxon_10090"	"C57BL/6"	"http://www.ebi.ac.uk/efo/EFO_0004472"	"12 to 15 week"		"adult"	"http://www.ebi.ac.uk/efo/EFO_0001272"	"brain without olfactory bulb"		"Cldn5-GFP"		"Brain single cell 393"	
"SRR5529823"	"Mus musculus"	"http://purl.obolibrary.org/obo/NCBITaxon_10090"	"C57BL/6"	"http://www.ebi.ac.uk/efo/EFO_0004472"	"12 to 15 week"		"adult"	"http://www.ebi.ac.uk/efo/EFO_0001272"	"brain without olfactory bulb"		"Cldn5-GFP"		"Brain single cell 394"	
"SRR5529824"	"Mus musculus"	"http://purl.obolibrary.org/obo/NCBITaxon_10090"	"C57BL/6"	"http://www.ebi.ac.uk/efo/EFO_0004472"	"12 to 15 week"		"adult"	"http://www.ebi.ac.uk/efo/EFO_0001272"	"brain without olfactory bulb"		"Cldn5-GFP"		"Brain single cell 395"	
"SRR5529825"	"Mus musculus"	"http://purl.obolibrary.org/obo/NCBITaxon_10090"	"C57BL/6"	"http://www.ebi.ac.uk/efo/EFO_0004472"	"12 to 15 week"		"adult"	"http://www.ebi.ac.uk/efo/EFO_0001272"	"brain without olfactory bulb"		"Cldn5-GFP"		"Brain single cell 396"	
"SRR5529826"	"Mus musculus"	"http://purl.obolibrary.org/obo/NCBITaxon_10090"	"C57BL/6"	"http://www.ebi.ac.uk/efo/EFO_0004472"	"12 to 15 week"		"adult"	"http://www.ebi.ac.uk/efo/EFO_0001272"	"brain without olfactory bulb"		"Cldn5-GFP"		"Brain single cell 397"	
"SRR5529827"	"Mus musculus"	"http://purl.obolibrary.org/obo/NCBITaxon_10090"	"C57BL/6"	"http://www.ebi.ac.uk/efo/EFO_0004472"	"12 to 15 week"		"adult"	"http://www.ebi.ac.uk/efo/EFO_0001272"	"brain without olfactory bulb"		"Cldn5-GFP"		"Brain single cell 398"	
"SRR5529828"	"Mus musculus"	"http://purl.obolibrary.org/obo/NCBITaxon_10090"	"C57BL/6"	"http://www.ebi.ac.uk/efo/EFO_0004472"	"12 to 15 week"		"adult"	"http://www.ebi.ac.uk/efo/EFO_0001272"	"brain without olfactory bulb"		"Cldn5-GFP"		"Brain single cell 399"	
"SRR5529829"	"Mus musculus"	"http://purl.obolibrary.org/obo/NCBITaxon_10090"	"C57BL/6"	"http://www.ebi.ac.uk/efo/EFO_0004472"	"12 to 15 week"		"adult"	"http://www.ebi.ac.uk/efo/EFO_0001272"	"brain without olfactory bulb"		"Cldn5-GFP"		"Brain single cell 400"	
"SRR5529830"	"Mus musculus"	"http://purl.obolibrary.org/obo/NCBITaxon_10090"	"C57BL/6"	"http://www.ebi.ac.uk/efo/EFO_0004472"	"12 to 15 week"		"adult"	"http://www.ebi.ac.uk/efo/EFO_0001272"	"brain without olfactory bulb"		"Cldn5-GFP"		"Brain single cell 401"	
"SRR5529831"	"Mus musculus"	"http://purl.obolibrary.org/obo/NCBITaxon_10090"	"C57BL/6"	"http://www.ebi.ac.uk/efo/EFO_0004472"	"12 to 15 week"		"adult"	"http://www.ebi.ac.uk/efo/EFO_0001272"	"brain without olfactory bulb"		"Cldn5-GFP"		"Brain single cell 402"	
"SRR5529832"	"Mus musculus"	"http://purl.obolibrary.org/obo/NCBITaxon_10090"	"C57BL/6"	"http://www.ebi.ac.uk/efo/EFO_0004472"	"12 to 15 week"		"adult"	"http://www.ebi.ac.uk/efo/EFO_0001272"	"brain without olfactory bulb"		"Cldn5-GFP"		"Brain single cell 403"	
"SRR5529833"	"Mus musculus"	"http://purl.obolibrary.org/obo/NCBITaxon_10090"	"C57BL/6"	"http://www.ebi.ac.uk/efo/EFO_0004472"	"12 to 15 week"		"adult"	"http://www.ebi.ac.uk/efo/EFO_0001272"	"brain without olfactory bulb"		"Cldn5-GFP"		"Brain single cell 404"	
"SRR5529834"	"Mus musculus"	"http://purl.obolibrary.org/obo/NCBITaxon_10090"	"C57BL/6"	"http://www.ebi.ac.uk/efo/EFO_0004472"	"12 to 15 week"		"adult"	"http://www.ebi.ac.uk/efo/EFO_0001272"	"brain without olfactory bulb"		"Cldn5-GFP"		"Brain single cell 405"	
"SRR5529835"	"Mus musculus"	"http://purl.obolibrary.org/obo/NCBITaxon_10090"	"C57BL/6"	"http://www.ebi.ac.uk/efo/EFO_0004472"	"12 to 15 week"		"adult"	"http://www.ebi.ac.uk/efo/EFO_0001272"	"brain without olfactory bulb"		"Cldn5-GFP"		"Brain single cell 406"	
"SRR5529836"	"Mus musculus"	"http://purl.obolibrary.org/obo/NCBITaxon_10090"	"C57BL/6"	"http://www.ebi.ac.uk/efo/EFO_0004472"	"12 to 15 week"		"adult"	"http://www.ebi.ac.uk/efo/EFO_0001272"	"brain without olfactory bulb"		"Cldn5-GFP"		"Brain single cell 407"	
"SRR5529837"	"Mus musculus"	"http://purl.obolibrary.org/obo/NCBITaxon_10090"	"C57BL/6"	"http://www.ebi.ac.uk/efo/EFO_0004472"	"12 to 15 week"		"adult"	"http://www.ebi.ac.uk/efo/EFO_0001272"	"brain without olfactory bulb"		"Cldn5-GFP"		"Brain single cell 408"	
"SRR5529838"	"Mus musculus"	"http://purl.obolibrary.org/obo/NCBITaxon_10090"	"C57BL/6"	"http://www.ebi.ac.uk/efo/EFO_0004472"	"12 to 15 week"		"adult"	"http://www.ebi.ac.uk/efo/EFO_0001272"	"brain without olfactory bulb"		"Cldn5-GFP"		"Brain single cell 409"	
"SRR5529839"	"Mus musculus"	"http://purl.obolibrary.org/obo/NCBITaxon_10090"	"C57BL/6"	"http://www.ebi.ac.uk/efo/EFO_0004472"	"12 to 15 week"		"adult"	"http://www.ebi.ac.uk/efo/EFO_0001272"	"brain without olfactory bulb"		"Cldn5-GFP"		"Brain single cell 410"	
"SRR5529840"	"Mus musculus"	"http://purl.obolibrary.org/obo/NCBITaxon_10090"	"C57BL/6"	"http://www.ebi.ac.uk/efo/EFO_0004472"	"12 to 15 week"		"adult"	"http://www.ebi.ac.uk/efo/EFO_0001272"	"brain without olfactory bulb"		"Cldn5-GFP"		"Brain single cell 411"	
"SRR5529841"	"Mus musculus"	"http://purl.obolibrary.org/obo/NCBITaxon_10090"	"C57BL/6"	"http://www.ebi.ac.uk/efo/EFO_0004472"	"12 to 15 week"		"adult"	"http://www.ebi.ac.uk/efo/EFO_0001272"	"brain without olfactory bulb"		"Cldn5-GFP"		"Brain single cell 412"	
"SRR5529842"	"Mus musculus"	"http://purl.obolibrary.org/obo/NCBITaxon_10090"	"C57BL/6"	"http://www.ebi.ac.uk/efo/EFO_0004472"	"12 to 15 week"		"adult"	"http://www.ebi.ac.uk/efo/EFO_0001272"	"brain without olfactory bulb"		"Cldn5-GFP"		"Brain single cell 413"	
"SRR5529843"	"Mus musculus"	"http://purl.obolibrary.org/obo/NCBITaxon_10090"	"C57BL/6"	"http://www.ebi.ac.uk/efo/EFO_0004472"	"12 to 15 week"		"adult"	"http://www.ebi.ac.uk/efo/EFO_0001272"	"brain without olfactory bulb"		"Cldn5-GFP"		"Brain single cell 414"	
"SRR5529844"	"Mus musculus"	"http://purl.obolibrary.org/obo/NCBITaxon_10090"	"C57BL/6"	"http://www.ebi.ac.uk/efo/EFO_0004472"	"12 to 15 week"		"adult"	"http://www.ebi.ac.uk/efo/EFO_0001272"	"brain without olfactory bulb"		"Cldn5-GFP"		"Brain single cell 415"	
"SRR5529845"	"Mus musculus"	"http://purl.obolibrary.org/obo/NCBITaxon_10090"	"C57BL/6"	"http://www.ebi.ac.uk/efo/EFO_0004472"	"12 to 15 week"		"adult"	"http://www.ebi.ac.uk/efo/EFO_0001272"	"brain without olfactory bulb"		"Cldn5-GFP"		"Brain single cell 416"	
"SRR5529846"	"Mus musculus"	"http://purl.obolibrary.org/obo/NCBITaxon_10090"	"C57BL/6"	"http://www.ebi.ac.uk/efo/EFO_0004472"	"12 to 15 week"		"adult"	"http://www.ebi.ac.uk/efo/EFO_0001272"	"brain without olfactory bulb"		"Cldn5-GFP"		"Brain single cell 417"	
"SRR5529847"	"Mus musculus"	"http://purl.obolibrary.org/obo/NCBITaxon_10090"	"C57BL/6"	"http://www.ebi.ac.uk/efo/EFO_0004472"	"12 to 15 week"		"adult"	"http://www.ebi.ac.uk/efo/EFO_0001272"	"brain without olfactory bulb"		"Cldn5-GFP"		"Brain single cell 418"	
"SRR5529848"	"Mus musculus"	"http://purl.obolibrary.org/obo/NCBITaxon_10090"	"C57BL/6"	"http://www.ebi.ac.uk/efo/EFO_0004472"	"12 to 15 week"		"adult"	"http://www.ebi.ac.uk/efo/EFO_0001272"	"brain without olfactory bulb"		"Cldn5-GFP"		"Brain single cell 419"	
"SRR5529849"	"Mus musculus"	"http://purl.obolibrary.org/obo/NCBITaxon_10090"	"C57BL/6"	"http://www.ebi.ac.uk/efo/EFO_0004472"	"12 to 15 week"		"adult"	"http://www.ebi.ac.uk/efo/EFO_0001272"	"brain without olfactory bulb"		"Cldn5-GFP"		"Brain single cell 420"	
"SRR5529850"	"Mus musculus"	"http://purl.obolibrary.org/obo/NCBITaxon_10090"	"C57BL/6"	"http://www.ebi.ac.uk/efo/EFO_0004472"	"12 to 15 week"		"adult"	"http://www.ebi.ac.uk/efo/EFO_0001272"	"brain without olfactory bulb"		"Cldn5-GFP"		"Brain single cell 421"	
"SRR5529851"	"Mus musculus"	"http://purl.obolibrary.org/obo/NCBITaxon_10090"	"C57BL/6"	"http://www.ebi.ac.uk/efo/EFO_0004472"	"12 to 15 week"		"adult"	"http://www.ebi.ac.uk/efo/EFO_0001272"	"brain without olfactory bulb"		"Cldn5-GFP"		"Brain single cell 422"	
"SRR5529852"	"Mus musculus"	"http://purl.obolibrary.org/obo/NCBITaxon_10090"	"C57BL/6"	"http://www.ebi.ac.uk/efo/EFO_0004472"	"12 to 15 week"		"adult"	"http://www.ebi.ac.uk/efo/EFO_0001272"	"brain without olfactory bulb"		"Cldn5-GFP"		"Brain single cell 423"	
"SRR5529853"	"Mus musculus"	"http://purl.obolibrary.org/obo/NCBITaxon_10090"	"C57BL/6"	"http://www.ebi.ac.uk/efo/EFO_0004472"	"12 to 15 week"		"adult"	"http://www.ebi.ac.uk/efo/EFO_0001272"	"brain without olfactory bulb"		"Cldn5-GFP"		"Brain single cell 424"	
"SRR5529854"	"Mus musculus"	"http://purl.obolibrary.org/obo/NCBITaxon_10090"	"C57BL/6"	"http://www.ebi.ac.uk/efo/EFO_0004472"	"12 to 15 week"		"adult"	"http://www.ebi.ac.uk/efo/EFO_0001272"	"brain without olfactory bulb"		"Cldn5-GFP"		"Brain single cell 425"	
"SRR5529855"	"Mus musculus"	"http://purl.obolibrary.org/obo/NCBITaxon_10090"	"C57BL/6"	"http://www.ebi.ac.uk/efo/EFO_0004472"	"12 to 15 week"		"adult"	"http://www.ebi.ac.uk/efo/EFO_0001272"	"brain without olfactory bulb"		"Cldn5-GFP"		"Brain single cell 426"	
"SRR5529856"	"Mus musculus"	"http://purl.obolibrary.org/obo/NCBITaxon_10090"	"C57BL/6"	"http://www.ebi.ac.uk/efo/EFO_0004472"	"12 to 15 week"		"adult"	"http://www.ebi.ac.uk/efo/EFO_0001272"	"brain without olfactory bulb"		"Cldn5-GFP"		"Brain single cell 427"	
"SRR5529857"	"Mus musculus"	"http://purl.obolibrary.org/obo/NCBITaxon_10090"	"C57BL/6"	"http://www.ebi.ac.uk/efo/EFO_0004472"	"12 to 15 week"		"adult"	"http://www.ebi.ac.uk/efo/EFO_0001272"	"brain without olfactory bulb"		"Cldn5-GFP"		"Brain single cell 428"	
"SRR5529858"	"Mus musculus"	"http://purl.obolibrary.org/obo/NCBITaxon_10090"	"C57BL/6"	"http://www.ebi.ac.uk/efo/EFO_0004472"	"12 to 15 week"		"adult"	"http://www.ebi.ac.uk/efo/EFO_0001272"	"brain without olfactory bulb"		"Cldn5-GFP"		"Brain single cell 429"	
"SRR5529859"	"Mus musculus"	"http://purl.obolibrary.org/obo/NCBITaxon_10090"	"C57BL/6"	"http://www.ebi.ac.uk/efo/EFO_0004472"	"12 to 15 week"		"adult"	"http://www.ebi.ac.uk/efo/EFO_0001272"	"brain without olfactory bulb"		"Cldn5-GFP"		"Brain single cell 430"	
"SRR5529860"	"Mus musculus"	"http://purl.obolibrary.org/obo/NCBITaxon_10090"	"C57BL/6"	"http://www.ebi.ac.uk/efo/EFO_0004472"	"12 to 15 week"		"adult"	"http://www.ebi.ac.uk/efo/EFO_0001272"	"brain without olfactory bulb"		"Cldn5-GFP"		"Brain single cell 431"	
"SRR5529861"	"Mus musculus"	"http://purl.obolibrary.org/obo/NCBITaxon_10090"	"C57BL/6"	"http://www.ebi.ac.uk/efo/EFO_0004472"	"12 to 15 week"		"adult"	"http://www.ebi.ac.uk/efo/EFO_0001272"	"brain without olfactory bulb"		"Cldn5-GFP"		"Brain single cell 432"	
"SRR5529862"	"Mus musculus"	"http://purl.obolibrary.org/obo/NCBITaxon_10090"	"C57BL/6"	"http://www.ebi.ac.uk/efo/EFO_0004472"	"12 to 15 week"		"adult"	"http://www.ebi.ac.uk/efo/EFO_0001272"	"brain without olfactory bulb"		"Cldn5-GFP"		"Brain single cell 433"	
"SRR5529863"	"Mus musculus"	"http://purl.obolibrary.org/obo/NCBITaxon_10090"	"C57BL/6"	"http://www.ebi.ac.uk/efo/EFO_0004472"	"12 to 15 week"		"adult"	"http://www.ebi.ac.uk/efo/EFO_0001272"	"brain without olfactory bulb"		"Cldn5-GFP"		"Brain single cell 434"	
"SRR5529864"	"Mus musculus"	"http://purl.obolibrary.org/obo/NCBITaxon_10090"	"C57BL/6"	"http://www.ebi.ac.uk/efo/EFO_0004472"	"12 to 15 week"		"adult"	"http://www.ebi.ac.uk/efo/EFO_0001272"	"brain without olfactory bulb"		"Cldn5-GFP"		"Brain single cell 435"	
"SRR5529865"	"Mus musculus"	"http://purl.obolibrary.org/obo/NCBITaxon_10090"	"C57BL/6"	"http://www.ebi.ac.uk/efo/EFO_0004472"	"12 to 15 week"		"adult"	"http://www.ebi.ac.uk/efo/EFO_0001272"	"brain without olfactory bulb"		"Cldn5-GFP"		"Brain single cell 436"	
"SRR5529866"	"Mus musculus"	"http://purl.obolibrary.org/obo/NCBITaxon_10090"	"C57BL/6"	"http://www.ebi.ac.uk/efo/EFO_0004472"	"12 to 15 week"		"adult"	"http://www.ebi.ac.uk/efo/EFO_0001272"	"brain without olfactory bulb"		"Cldn5-GFP"		"Brain single cell 437"	
"SRR5529867"	"Mus musculus"	"http://purl.obolibrary.org/obo/NCBITaxon_10090"	"C57BL/6"	"http://www.ebi.ac.uk/efo/EFO_0004472"	"12 to 15 week"		"adult"	"http://www.ebi.ac.uk/efo/EFO_0001272"	"brain without olfactory bulb"		"Cldn5-GFP"		"Brain single cell 438"	
"SRR5529868"	"Mus musculus"	"http://purl.obolibrary.org/obo/NCBITaxon_10090"	"C57BL/6"	"http://www.ebi.ac.uk/efo/EFO_0004472"	"12 to 15 week"		"adult"	"http://www.ebi.ac.uk/efo/EFO_0001272"	"brain without olfactory bulb"		"Cldn5-GFP"		"Brain single cell 439"	
"SRR5529869"	"Mus musculus"	"http://purl.obolibrary.org/obo/NCBITaxon_10090"	"C57BL/6"	"http://www.ebi.ac.uk/efo/EFO_0004472"	"12 to 15 week"		"adult"	"http://www.ebi.ac.uk/efo/EFO_0001272"	"brain without olfactory bulb"		"Cldn5-GFP"		"Brain single cell 440"	
"SRR5529870"	"Mus musculus"	"http://purl.obolibrary.org/obo/NCBITaxon_10090"	"C57BL/6"	"http://www.ebi.ac.uk/efo/EFO_0004472"	"12 to 15 week"		"adult"	"http://www.ebi.ac.uk/efo/EFO_0001272"	"brain without olfactory bulb"		"Cldn5-GFP"		"Brain single cell 441"	
"SRR5529871"	"Mus musculus"	"http://purl.obolibrary.org/obo/NCBITaxon_10090"	"C57BL/6"	"http://www.ebi.ac.uk/efo/EFO_0004472"	"12 to 15 week"		"adult"	"http://www.ebi.ac.uk/efo/EFO_0001272"	"brain without olfactory bulb"		"Cldn5-GFP"		"Brain single cell 442"	
"SRR5529872"	"Mus musculus"	"http://purl.obolibrary.org/obo/NCBITaxon_10090"	"C57BL/6"	"http://www.ebi.ac.uk/efo/EFO_0004472"	"12 to 15 week"		"adult"	"http://www.ebi.ac.uk/efo/EFO_0001272"	"brain without olfactory bulb"		"Cldn5-GFP"		"Brain single cell 443"	
"SRR5529873"	"Mus musculus"	"http://purl.obolibrary.org/obo/NCBITaxon_10090"	"C57BL/6"	"http://www.ebi.ac.uk/efo/EFO_0004472"	"12 to 15 week"		"adult"	"http://www.ebi.ac.uk/efo/EFO_0001272"	"brain without olfactory bulb"		"Cldn5-GFP"		"Brain single cell 444"	
"SRR5529874"	"Mus musculus"	"http://purl.obolibrary.org/obo/NCBITaxon_10090"	"C57BL/6"	"http://www.ebi.ac.uk/efo/EFO_0004472"	"12 to 15 week"		"adult"	"http://www.ebi.ac.uk/efo/EFO_0001272"	"brain without olfactory bulb"		"Cldn5-GFP"		"Brain single cell 445"	
"SRR5529875"	"Mus musculus"	"http://purl.obolibrary.org/obo/NCBITaxon_10090"	"C57BL/6"	"http://www.ebi.ac.uk/efo/EFO_0004472"	"12 to 15 week"		"adult"	"http://www.ebi.ac.uk/efo/EFO_0001272"	"brain without olfactory bulb"		"Cldn5-GFP"		"Brain single cell 446"	
"SRR5529876"	"Mus musculus"	"http://purl.obolibrary.org/obo/NCBITaxon_10090"	"C57BL/6"	"http://www.ebi.ac.uk/efo/EFO_0004472"	"12 to 15 week"		"adult"	"http://www.ebi.ac.uk/efo/EFO_0001272"	"brain without olfactory bulb"		"Cldn5-GFP"		"Brain single cell 447"	
"SRR5529877"	"Mus musculus"	"http://purl.obolibrary.org/obo/NCBITaxon_10090"	"C57BL/6"	"http://www.ebi.ac.uk/efo/EFO_0004472"	"12 to 15 week"		"adult"	"http://www.ebi.ac.uk/efo/EFO_0001272"	"brain without olfactory bulb"		"Cldn5-GFP"		"Brain single cell 448"	
"SRR5529878"	"Mus musculus"	"http://purl.obolibrary.org/obo/NCBITaxon_10090"	"C57BL/6"	"http://www.ebi.ac.uk/efo/EFO_0004472"	"12 to 15 week"		"adult"	"http://www.ebi.ac.uk/efo/EFO_0001272"	"brain without olfactory bulb"		"Cldn5-GFP"		"Brain single cell 449"	
"SRR5529879"	"Mus musculus"	"http://purl.obolibrary.org/obo/NCBITaxon_10090"	"C57BL/6"	"http://www.ebi.ac.uk/efo/EFO_0004472"	"12 to 15 week"		"adult"	"http://www.ebi.ac.uk/efo/EFO_0001272"	"brain without olfactory bulb"		"Cldn5-GFP"		"Brain single cell 450"	
"SRR5529880"	"Mus musculus"	"http://purl.obolibrary.org/obo/NCBITaxon_10090"	"C57BL/6"	"http://www.ebi.ac.uk/efo/EFO_0004472"	"12 to 15 week"		"adult"	"http://www.ebi.ac.uk/efo/EFO_0001272"	"brain without olfactory bulb"		"Cldn5-GFP"		"Brain single cell 451"	
"SRR5529881"	"Mus musculus"	"http://purl.obolibrary.org/obo/NCBITaxon_10090"	"C57BL/6"	"http://www.ebi.ac.uk/efo/EFO_0004472"	"12 to 15 week"		"adult"	"http://www.ebi.ac.uk/efo/EFO_0001272"	"brain without olfactory bulb"		"Cldn5-GFP"		"Brain single cell 452"	
"SRR5529882"	"Mus musculus"	"http://purl.obolibrary.org/obo/NCBITaxon_10090"	"C57BL/6"	"http://www.ebi.ac.uk/efo/EFO_0004472"	"12 to 15 week"		"adult"	"http://www.ebi.ac.uk/efo/EFO_0001272"	"brain without olfactory bulb"		"Cldn5-GFP"		"Brain single cell 453"	
"SRR5529883"	"Mus musculus"	"http://purl.obolibrary.org/obo/NCBITaxon_10090"	"C57BL/6"	"http://www.ebi.ac.uk/efo/EFO_0004472"	"12 to 15 week"		"adult"	"http://www.ebi.ac.uk/efo/EFO_0001272"	"brain without olfactory bulb"		"Cldn5-GFP"		"Brain single cell 454"	
"SRR5529884"	"Mus musculus"	"http://purl.obolibrary.org/obo/NCBITaxon_10090"	"C57BL/6"	"http://www.ebi.ac.uk/efo/EFO_0004472"	"12 to 15 week"		"adult"	"http://www.ebi.ac.uk/efo/EFO_0001272"	"brain without olfactory bulb"		"Cldn5-GFP"		"Brain single cell 455"	
"SRR5529885"	"Mus musculus"	"http://purl.obolibrary.org/obo/NCBITaxon_10090"	"C57BL/6"	"http://www.ebi.ac.uk/efo/EFO_0004472"	"12 to 15 week"		"adult"	"http://www.ebi.ac.uk/efo/EFO_0001272"	"brain without olfactory bulb"		"Cldn5-GFP"		"Brain single cell 456"	
"SRR5529886"	"Mus musculus"	"http://purl.obolibrary.org/obo/NCBITaxon_10090"	"C57BL/6"	"http://www.ebi.ac.uk/efo/EFO_0004472"	"12 to 15 week"		"adult"	"http://www.ebi.ac.uk/efo/EFO_0001272"	"brain without olfactory bulb"		"Cldn5-GFP"		"Brain single cell 457"	
"SRR5529887"	"Mus musculus"	"http://purl.obolibrary.org/obo/NCBITaxon_10090"	"C57BL/6"	"http://www.ebi.ac.uk/efo/EFO_0004472"	"12 to 15 week"		"adult"	"http://www.ebi.ac.uk/efo/EFO_0001272"	"brain without olfactory bulb"		"Cldn5-GFP"		"Brain single cell 458"	
"SRR5529888"	"Mus musculus"	"http://purl.obolibrary.org/obo/NCBITaxon_10090"	"C57BL/6"	"http://www.ebi.ac.uk/efo/EFO_0004472"	"12 to 15 week"		"adult"	"http://www.ebi.ac.uk/efo/EFO_0001272"	"brain without olfactory bulb"		"Cldn5-GFP"		"Brain single cell 459"	
"SRR5529889"	"Mus musculus"	"http://purl.obolibrary.org/obo/NCBITaxon_10090"	"C57BL/6"	"http://www.ebi.ac.uk/efo/EFO_0004472"	"12 to 15 week"		"adult"	"http://www.ebi.ac.uk/efo/EFO_0001272"	"brain without olfactory bulb"		"Cldn5-GFP"		"Brain single cell 460"	
"SRR5529890"	"Mus musculus"	"http://purl.obolibrary.org/obo/NCBITaxon_10090"	"C57BL/6"	"http://www.ebi.ac.uk/efo/EFO_0004472"	"12 to 15 week"		"adult"	"http://www.ebi.ac.uk/efo/EFO_0001272"	"brain without olfactory bulb"		"Cldn5-GFP"		"Brain single cell 461"	
"SRR5529891"	"Mus musculus"	"http://purl.obolibrary.org/obo/NCBITaxon_10090"	"C57BL/6"	"http://www.ebi.ac.uk/efo/EFO_0004472"	"12 to 15 week"		"adult"	"http://www.ebi.ac.uk/efo/EFO_0001272"	"brain without olfactory bulb"		"Cldn5-GFP"		"Brain single cell 462"	
"SRR5529892"	"Mus musculus"	"http://purl.obolibrary.org/obo/NCBITaxon_10090"	"C57BL/6"	"http://www.ebi.ac.uk/efo/EFO_0004472"	"12 to 15 week"		"adult"	"http://www.ebi.ac.uk/efo/EFO_0001272"	"brain without olfactory bulb"		"Cldn5-GFP"		"Brain single cell 463"	
"SRR5529893"	"Mus musculus"	"http://purl.obolibrary.org/obo/NCBITaxon_10090"	"C57BL/6"	"http://www.ebi.ac.uk/efo/EFO_0004472"	"12 to 15 week"		"adult"	"http://www.ebi.ac.uk/efo/EFO_0001272"	"brain without olfactory bulb"		"Cldn5-GFP"		"Brain single cell 464"	
"SRR5529894"	"Mus musculus"	"http://purl.obolibrary.org/obo/NCBITaxon_10090"	"C57BL/6"	"http://www.ebi.ac.uk/efo/EFO_0004472"	"12 to 15 week"		"adult"	"http://www.ebi.ac.uk/efo/EFO_0001272"	"brain without olfactory bulb"		"Cldn5-GFP"		"Brain single cell 465"	
"SRR5529895"	"Mus musculus"	"http://purl.obolibrary.org/obo/NCBITaxon_10090"	"C57BL/6"	"http://www.ebi.ac.uk/efo/EFO_0004472"	"12 to 15 week"		"adult"	"http://www.ebi.ac.uk/efo/EFO_0001272"	"brain without olfactory bulb"		"Cldn5-GFP"		"Brain single cell 466"	
"SRR5529896"	"Mus musculus"	"http://purl.obolibrary.org/obo/NCBITaxon_10090"	"C57BL/6"	"http://www.ebi.ac.uk/efo/EFO_0004472"	"12 to 15 week"		"adult"	"http://www.ebi.ac.uk/efo/EFO_0001272"	"brain without olfactory bulb"		"Cldn5-GFP"		"Brain single cell 467"	
"SRR5529897"	"Mus musculus"	"http://purl.obolibrary.org/obo/NCBITaxon_10090"	"C57BL/6"	"http://www.ebi.ac.uk/efo/EFO_0004472"	"12 to 15 week"		"adult"	"http://www.ebi.ac.uk/efo/EFO_0001272"	"brain without olfactory bulb"		"Cldn5-GFP"		"Brain single cell 468"	
"SRR5529898"	"Mus musculus"	"http://purl.obolibrary.org/obo/NCBITaxon_10090"	"C57BL/6"	"http://www.ebi.ac.uk/efo/EFO_0004472"	"12 to 15 week"		"adult"	"http://www.ebi.ac.uk/efo/EFO_0001272"	"brain without olfactory bulb"		"Cldn5-GFP"		"Brain single cell 469"	
"SRR5529899"	"Mus musculus"	"http://purl.obolibrary.org/obo/NCBITaxon_10090"	"C57BL/6"	"http://www.ebi.ac.uk/efo/EFO_0004472"	"12 to 15 week"		"adult"	"http://www.ebi.ac.uk/efo/EFO_0001272"	"brain without olfactory bulb"		"Cldn5-GFP"		"Brain single cell 470"	
"SRR5529900"	"Mus musculus"	"http://purl.obolibrary.org/obo/NCBITaxon_10090"	"C57BL/6"	"http://www.ebi.ac.uk/efo/EFO_0004472"	"12 to 15 week"		"adult"	"http://www.ebi.ac.uk/efo/EFO_0001272"	"brain without olfactory bulb"		"Cldn5-GFP"		"Brain single cell 471"	
"SRR5529901"	"Mus musculus"	"http://purl.obolibrary.org/obo/NCBITaxon_10090"	"C57BL/6"	"http://www.ebi.ac.uk/efo/EFO_0004472"	"12 to 15 week"		"adult"	"http://www.ebi.ac.uk/efo/EFO_0001272"	"brain without olfactory bulb"		"Cldn5-GFP"		"Brain single cell 472"	
"SRR5529902"	"Mus musculus"	"http://purl.obolibrary.org/obo/NCBITaxon_10090"	"C57BL/6"	"http://www.ebi.ac.uk/efo/EFO_0004472"	"12 to 15 week"		"adult"	"http://www.ebi.ac.uk/efo/EFO_0001272"	"brain without olfactory bulb"		"Cldn5-GFP"		"Brain single cell 473"	
"SRR5529903"	"Mus musculus"	"http://purl.obolibrary.org/obo/NCBITaxon_10090"	"C57BL/6"	"http://www.ebi.ac.uk/efo/EFO_0004472"	"12 to 15 week"		"adult"	"http://www.ebi.ac.uk/efo/EFO_0001272"	"brain without olfactory bulb"		"Cldn5-GFP"		"Brain single cell 474"	
"SRR5529904"	"Mus musculus"	"http://purl.obolibrary.org/obo/NCBITaxon_10090"	"C57BL/6"	"http://www.ebi.ac.uk/efo/EFO_0004472"	"12 to 15 week"		"adult"	"http://www.ebi.ac.uk/efo/EFO_0001272"	"brain without olfactory bulb"		"Cldn5-GFP"		"Brain single cell 475"	
"SRR5529905"	"Mus musculus"	"http://purl.obolibrary.org/obo/NCBITaxon_10090"	"C57BL/6"	"http://www.ebi.ac.uk/efo/EFO_0004472"	"12 to 15 week"		"adult"	"http://www.ebi.ac.uk/efo/EFO_0001272"	"brain without olfactory bulb"		"Cldn5-GFP"		"Brain single cell 476"	
"SRR5529906"	"Mus musculus"	"http://purl.obolibrary.org/obo/NCBITaxon_10090"	"C57BL/6"	"http://www.ebi.ac.uk/efo/EFO_0004472"	"12 to 15 week"		"adult"	"http://www.ebi.ac.uk/efo/EFO_0001272"	"brain without olfactory bulb"		"Cldn5-GFP"		"Brain single cell 477"	
"SRR5529907"	"Mus musculus"	"http://purl.obolibrary.org/obo/NCBITaxon_10090"	"C57BL/6"	"http://www.ebi.ac.uk/efo/EFO_0004472"	"12 to 15 week"		"adult"	"http://www.ebi.ac.uk/efo/EFO_0001272"	"brain without olfactory bulb"		"Cldn5-GFP"		"Brain single cell 478"	
"SRR5529908"	"Mus musculus"	"http://purl.obolibrary.org/obo/NCBITaxon_10090"	"C57BL/6"	"http://www.ebi.ac.uk/efo/EFO_0004472"	"12 to 15 week"		"adult"	"http://www.ebi.ac.uk/efo/EFO_0001272"	"brain without olfactory bulb"		"Cldn5-GFP"		"Brain single cell 479"	
"SRR5529909"	"Mus musculus"	"http://purl.obolibrary.org/obo/NCBITaxon_10090"	"C57BL/6"	"http://www.ebi.ac.uk/efo/EFO_0004472"	"12 to 15 week"		"adult"	"http://www.ebi.ac.uk/efo/EFO_0001272"	"brain without olfactory bulb"		"Cldn5-GFP"		"Brain single cell 480"	
"SRR5529910"	"Mus musculus"	"http://purl.obolibrary.org/obo/NCBITaxon_10090"	"C57BL/6"	"http://www.ebi.ac.uk/efo/EFO_0004472"	"12 to 15 week"		"adult"	"http://www.ebi.ac.uk/efo/EFO_0001272"	"brain without olfactory bulb"		"Cldn5-GFP"		"Brain single cell 481"	
"SRR5529911"	"Mus musculus"	"http://purl.obolibrary.org/obo/NCBITaxon_10090"	"C57BL/6"	"http://www.ebi.ac.uk/efo/EFO_0004472"	"12 to 15 week"		"adult"	"http://www.ebi.ac.uk/efo/EFO_0001272"	"brain without olfactory bulb"		"Cldn5-GFP"		"Brain single cell 482"	
"SRR5529912"	"Mus musculus"	"http://purl.obolibrary.org/obo/NCBITaxon_10090"	"C57BL/6"	"http://www.ebi.ac.uk/efo/EFO_0004472"	"12 to 15 week"		"adult"	"http://www.ebi.ac.uk/efo/EFO_0001272"	"brain without olfactory bulb"		"Cldn5-GFP"		"Brain single cell 483"	
"SRR5529913"	"Mus musculus"	"http://purl.obolibrary.org/obo/NCBITaxon_10090"	"C57BL/6"	"http://www.ebi.ac.uk/efo/EFO_0004472"	"12 to 15 week"		"adult"	"http://www.ebi.ac.uk/efo/EFO_0001272"	"brain without olfactory bulb"		"Cldn5-GFP"		"Brain single cell 484"	
"SRR5529914"	"Mus musculus"	"http://purl.obolibrary.org/obo/NCBITaxon_10090"	"C57BL/6"	"http://www.ebi.ac.uk/efo/EFO_0004472"	"12 to 15 week"		"adult"	"http://www.ebi.ac.uk/efo/EFO_0001272"	"brain without olfactory bulb"		"Cldn5-GFP"		"Brain single cell 485"	
"SRR5529915"	"Mus musculus"	"http://purl.obolibrary.org/obo/NCBITaxon_10090"	"C57BL/6"	"http://www.ebi.ac.uk/efo/EFO_0004472"	"12 to 15 week"		"adult"	"http://www.ebi.ac.uk/efo/EFO_0001272"	"brain without olfactory bulb"		"Cldn5-GFP"		"Brain single cell 486"	
"SRR5529916"	"Mus musculus"	"http://purl.obolibrary.org/obo/NCBITaxon_10090"	"C57BL/6"	"http://www.ebi.ac.uk/efo/EFO_0004472"	"12 to 15 week"		"adult"	"http://www.ebi.ac.uk/efo/EFO_0001272"	"brain without olfactory bulb"		"Cldn5-GFP"		"Brain single cell 487"	
"SRR5529917"	"Mus musculus"	"http://purl.obolibrary.org/obo/NCBITaxon_10090"	"C57BL/6"	"http://www.ebi.ac.uk/efo/EFO_0004472"	"12 to 15 week"		"adult"	"http://www.ebi.ac.uk/efo/EFO_0001272"	"brain without olfactory bulb"		"Cldn5-GFP"		"Brain single cell 488"	
"SRR5529918"	"Mus musculus"	"http://purl.obolibrary.org/obo/NCBITaxon_10090"	"C57BL/6"	"http://www.ebi.ac.uk/efo/EFO_0004472"	"12 to 15 week"		"adult"	"http://www.ebi.ac.uk/efo/EFO_0001272"	"brain without olfactory bulb"		"Cldn5-GFP"		"Brain single cell 489"	
"SRR5529919"	"Mus musculus"	"http://purl.obolibrary.org/obo/NCBITaxon_10090"	"C57BL/6"	"http://www.ebi.ac.uk/efo/EFO_0004472"	"12 to 15 week"		"adult"	"http://www.ebi.ac.uk/efo/EFO_0001272"	"brain without olfactory bulb"		"Cldn5-GFP"		"Brain single cell 490"	
"SRR5529920"	"Mus musculus"	"http://purl.obolibrary.org/obo/NCBITaxon_10090"	"C57BL/6"	"http://www.ebi.ac.uk/efo/EFO_0004472"	"12 to 15 week"		"adult"	"http://www.ebi.ac.uk/efo/EFO_0001272"	"brain without olfactory bulb"		"Cldn5-GFP"		"Brain single cell 491"	
"SRR5529921"	"Mus musculus"	"http://purl.obolibrary.org/obo/NCBITaxon_10090"	"C57BL/6"	"http://www.ebi.ac.uk/efo/EFO_0004472"	"12 to 15 week"		"adult"	"http://www.ebi.ac.uk/efo/EFO_0001272"	"brain without olfactory bulb"		"Cldn5-GFP"		"Brain single cell 492"	
"SRR5529922"	"Mus musculus"	"http://purl.obolibrary.org/obo/NCBITaxon_10090"	"C57BL/6"	"http://www.ebi.ac.uk/efo/EFO_0004472"	"12 to 15 week"		"adult"	"http://www.ebi.ac.uk/efo/EFO_0001272"	"brain without olfactory bulb"		"Cldn5-GFP"		"Brain single cell 493"	
"SRR5529923"	"Mus musculus"	"http://purl.obolibrary.org/obo/NCBITaxon_10090"	"C57BL/6"	"http://www.ebi.ac.uk/efo/EFO_0004472"	"12 to 15 week"		"adult"	"http://www.ebi.ac.uk/efo/EFO_0001272"	"brain without olfactory bulb"		"Cldn5-GFP"		"Brain single cell 494"	
"SRR5529924"	"Mus musculus"	"http://purl.obolibrary.org/obo/NCBITaxon_10090"	"C57BL/6"	"http://www.ebi.ac.uk/efo/EFO_0004472"	"12 to 15 week"		"adult"	"http://www.ebi.ac.uk/efo/EFO_0001272"	"brain without olfactory bulb"		"Cldn5-GFP"		"Brain single cell 495"	
"SRR5529925"	"Mus musculus"	"http://purl.obolibrary.org/obo/NCBITaxon_10090"	"C57BL/6"	"http://www.ebi.ac.uk/efo/EFO_0004472"	"12 to 15 week"		"adult"	"http://www.ebi.ac.uk/efo/EFO_0001272"	"brain without olfactory bulb"		"Cldn5-GFP"		"Brain single cell 496"	
"SRR5529926"	"Mus musculus"	"http://purl.obolibrary.org/obo/NCBITaxon_10090"	"C57BL/6"	"http://www.ebi.ac.uk/efo/EFO_0004472"	"12 to 15 week"		"adult"	"http://www.ebi.ac.uk/efo/EFO_0001272"	"brain without olfactory bulb"		"Cldn5-GFP"		"Brain single cell 497"	
"SRR5529927"	"Mus musculus"	"http://purl.obolibrary.org/obo/NCBITaxon_10090"	"C57BL/6"	"http://www.ebi.ac.uk/efo/EFO_0004472"	"12 to 15 week"		"adult"	"http://www.ebi.ac.uk/efo/EFO_0001272"	"brain without olfactory bulb"		"Cldn5-GFP"		"Brain single cell 498"	
"SRR5529928"	"Mus musculus"	"http://purl.obolibrary.org/obo/NCBITaxon_10090"	"C57BL/6"	"http://www.ebi.ac.uk/efo/EFO_0004472"	"12 to 15 week"		"adult"	"http://www.ebi.ac.uk/efo/EFO_0001272"	"brain without olfactory bulb"		"Cldn5-GFP"		"Brain single cell 499"	
"SRR5529929"	"Mus musculus"	"http://purl.obolibrary.org/obo/NCBITaxon_10090"	"C57BL/6"	"http://www.ebi.ac.uk/efo/EFO_0004472"	"12 to 15 week"		"adult"	"http://www.ebi.ac.uk/efo/EFO_0001272"	"brain without olfactory bulb"		"Cldn5-GFP"		"Brain single cell 500"	
"SRR5529930"	"Mus musculus"	"http://purl.obolibrary.org/obo/NCBITaxon_10090"	"C57BL/6"	"http://www.ebi.ac.uk/efo/EFO_0004472"	"12 to 15 week"		"adult"	"http://www.ebi.ac.uk/efo/EFO_0001272"	"brain without olfactory bulb"		"Cldn5-GFP"		"Brain single cell 501"	
"SRR5529931"	"Mus musculus"	"http://purl.obolibrary.org/obo/NCBITaxon_10090"	"C57BL/6"	"http://www.ebi.ac.uk/efo/EFO_0004472"	"12 to 15 week"		"adult"	"http://www.ebi.ac.uk/efo/EFO_0001272"	"brain without olfactory bulb"		"Cldn5-GFP"		"Brain single cell 502"	
"SRR5529932"	"Mus musculus"	"http://purl.obolibrary.org/obo/NCBITaxon_10090"	"C57BL/6"	"http://www.ebi.ac.uk/efo/EFO_0004472"	"12 to 15 week"		"adult"	"http://www.ebi.ac.uk/efo/EFO_0001272"	"brain without olfactory bulb"		"Cldn5-GFP"		"Brain single cell 503"	
"SRR5529933"	"Mus musculus"	"http://purl.obolibrary.org/obo/NCBITaxon_10090"	"C57BL/6"	"http://www.ebi.ac.uk/efo/EFO_0004472"	"12 to 15 week"		"adult"	"http://www.ebi.ac.uk/efo/EFO_0001272"	"brain without olfactory bulb"		"Cldn5-GFP"		"Brain single cell 504"	
"SRR5529934"	"Mus musculus"	"http://purl.obolibrary.org/obo/NCBITaxon_10090"	"C57BL/6"	"http://www.ebi.ac.uk/efo/EFO_0004472"	"12 to 15 week"		"adult"	"http://www.ebi.ac.uk/efo/EFO_0001272"	"brain without olfactory bulb"		"Cldn5-GFP"		"Brain single cell 505"	
"SRR5529935"	"Mus musculus"	"http://purl.obolibrary.org/obo/NCBITaxon_10090"	"C57BL/6"	"http://www.ebi.ac.uk/efo/EFO_0004472"	"12 to 15 week"		"adult"	"http://www.ebi.ac.uk/efo/EFO_0001272"	"brain without olfactory bulb"		"Cldn5-GFP"		"Brain single cell 506"	
"SRR5529936"	"Mus musculus"	"http://purl.obolibrary.org/obo/NCBITaxon_10090"	"C57BL/6"	"http://www.ebi.ac.uk/efo/EFO_0004472"	"12 to 15 week"		"adult"	"http://www.ebi.ac.uk/efo/EFO_0001272"	"brain without olfactory bulb"		"Cldn5-GFP"		"Brain single cell 507"	
"SRR5529937"	"Mus musculus"	"http://purl.obolibrary.org/obo/NCBITaxon_10090"	"C57BL/6"	"http://www.ebi.ac.uk/efo/EFO_0004472"	"12 to 15 week"		"adult"	"http://www.ebi.ac.uk/efo/EFO_0001272"	"brain without olfactory bulb"		"Cldn5-GFP"		"Brain single cell 508"	
"SRR5529938"	"Mus musculus"	"http://purl.obolibrary.org/obo/NCBITaxon_10090"	"C57BL/6"	"http://www.ebi.ac.uk/efo/EFO_0004472"	"12 to 15 week"		"adult"	"http://www.ebi.ac.uk/efo/EFO_0001272"	"brain without olfactory bulb"		"Cldn5-GFP"		"Brain single cell 509"	
"SRR5529939"	"Mus musculus"	"http://purl.obolibrary.org/obo/NCBITaxon_10090"	"C57BL/6"	"http://www.ebi.ac.uk/efo/EFO_0004472"	"12 to 15 week"		"adult"	"http://www.ebi.ac.uk/efo/EFO_0001272"	"brain without olfactory bulb"		"Cldn5-GFP"		"Brain single cell 510"	
"SRR5529940"	"Mus musculus"	"http://purl.obolibrary.org/obo/NCBITaxon_10090"	"C57BL/6"	"http://www.ebi.ac.uk/efo/EFO_0004472"	"12 to 15 week"		"adult"	"http://www.ebi.ac.uk/efo/EFO_0001272"	"brain without olfactory bulb"		"Cldn5-GFP"		"Brain single cell 511"	
"SRR5529941"	"Mus musculus"	"http://purl.obolibrary.org/obo/NCBITaxon_10090"	"C57BL/6"	"http://www.ebi.ac.uk/efo/EFO_0004472"	"12 to 15 week"		"adult"	"http://www.ebi.ac.uk/efo/EFO_0001272"	"brain without olfactory bulb"		"Cldn5-GFP"		"Brain single cell 512"	
"SRR5529942"	"Mus musculus"	"http://purl.obolibrary.org/obo/NCBITaxon_10090"	"C57BL/6"	"http://www.ebi.ac.uk/efo/EFO_0004472"	"12 to 15 week"		"adult"	"http://www.ebi.ac.uk/efo/EFO_0001272"	"brain without olfactory bulb"		"Cldn5-GFP"		"Brain single cell 513"	
"SRR5529943"	"Mus musculus"	"http://purl.obolibrary.org/obo/NCBITaxon_10090"	"C57BL/6"	"http://www.ebi.ac.uk/efo/EFO_0004472"	"12 to 15 week"		"adult"	"http://www.ebi.ac.uk/efo/EFO_0001272"	"brain without olfactory bulb"		"Cldn5-GFP"		"Brain single cell 514"	
"SRR5529944"	"Mus musculus"	"http://purl.obolibrary.org/obo/NCBITaxon_10090"	"C57BL/6"	"http://www.ebi.ac.uk/efo/EFO_0004472"	"12 to 15 week"		"adult"	"http://www.ebi.ac.uk/efo/EFO_0001272"	"brain without olfactory bulb"		"Cldn5-GFP"		"Brain single cell 515"	
"SRR5529945"	"Mus musculus"	"http://purl.obolibrary.org/obo/NCBITaxon_10090"	"C57BL/6"	"http://www.ebi.ac.uk/efo/EFO_0004472"	"12 to 15 week"		"adult"	"http://www.ebi.ac.uk/efo/EFO_0001272"	"brain without olfactory bulb"		"Cldn5-GFP"		"Brain single cell 516"	
"SRR5529946"	"Mus musculus"	"http://purl.obolibrary.org/obo/NCBITaxon_10090"	"C57BL/6"	"http://www.ebi.ac.uk/efo/EFO_0004472"	"12 to 15 week"		"adult"	"http://www.ebi.ac.uk/efo/EFO_0001272"	"brain without olfactory bulb"		"Cldn5-GFP"		"Brain single cell 517"	
"SRR5529947"	"Mus musculus"	"http://purl.obolibrary.org/obo/NCBITaxon_10090"	"C57BL/6"	"http://www.ebi.ac.uk/efo/EFO_0004472"	"12 to 15 week"		"adult"	"http://www.ebi.ac.uk/efo/EFO_0001272"	"brain without olfactory bulb"		"Cldn5-GFP"		"Brain single cell 518"	
"SRR5529948"	"Mus musculus"	"http://purl.obolibrary.org/obo/NCBITaxon_10090"	"C57BL/6"	"http://www.ebi.ac.uk/efo/EFO_0004472"	"12 to 15 week"		"adult"	"http://www.ebi.ac.uk/efo/EFO_0001272"	"brain without olfactory bulb"		"Cldn5-GFP"		"Brain single cell 519"	
"SRR5529949"	"Mus musculus"	"http://purl.obolibrary.org/obo/NCBITaxon_10090"	"C57BL/6"	"http://www.ebi.ac.uk/efo/EFO_0004472"	"12 to 15 week"		"adult"	"http://www.ebi.ac.uk/efo/EFO_0001272"	"brain without olfactory bulb"		"Cldn5-GFP"		"Brain single cell 520"	
"SRR5529950"	"Mus musculus"	"http://purl.obolibrary.org/obo/NCBITaxon_10090"	"C57BL/6"	"http://www.ebi.ac.uk/efo/EFO_0004472"	"12 to 15 week"		"adult"	"http://www.ebi.ac.uk/efo/EFO_0001272"	"brain without olfactory bulb"		"Cldn5-GFP"		"Brain single cell 521"	
"SRR5529951"	"Mus musculus"	"http://purl.obolibrary.org/obo/NCBITaxon_10090"	"C57BL/6"	"http://www.ebi.ac.uk/efo/EFO_0004472"	"12 to 15 week"		"adult"	"http://www.ebi.ac.uk/efo/EFO_0001272"	"brain without olfactory bulb"		"Cldn5-GFP"		"Brain single cell 522"	
"SRR5529952"	"Mus musculus"	"http://purl.obolibrary.org/obo/NCBITaxon_10090"	"C57BL/6"	"http://www.ebi.ac.uk/efo/EFO_0004472"	"12 to 15 week"		"adult"	"http://www.ebi.ac.uk/efo/EFO_0001272"	"brain without olfactory bulb"		"Cldn5-GFP"		"Brain single cell 523"	
"SRR5529953"	"Mus musculus"	"http://purl.obolibrary.org/obo/NCBITaxon_10090"	"C57BL/6"	"http://www.ebi.ac.uk/efo/EFO_0004472"	"12 to 15 week"		"adult"	"http://www.ebi.ac.uk/efo/EFO_0001272"	"brain without olfactory bulb"		"Cldn5-GFP"		"Brain single cell 524"	
"SRR5529954"	"Mus musculus"	"http://purl.obolibrary.org/obo/NCBITaxon_10090"	"C57BL/6"	"http://www.ebi.ac.uk/efo/EFO_0004472"	"12 to 15 week"		"adult"	"http://www.ebi.ac.uk/efo/EFO_0001272"	"brain without olfactory bulb"		"Cldn5-GFP"		"Brain single cell 525"	
"SRR5529955"	"Mus musculus"	"http://purl.obolibrary.org/obo/NCBITaxon_10090"	"C57BL/6"	"http://www.ebi.ac.uk/efo/EFO_0004472"	"12 to 15 week"		"adult"	"http://www.ebi.ac.uk/efo/EFO_0001272"	"brain without olfactory bulb"		"Cldn5-GFP"		"Brain single cell 526"	
"SRR5529956"	"Mus musculus"	"http://purl.obolibrary.org/obo/NCBITaxon_10090"	"C57BL/6"	"http://www.ebi.ac.uk/efo/EFO_0004472"	"12 to 15 week"		"adult"	"http://www.ebi.ac.uk/efo/EFO_0001272"	"brain without olfactory bulb"		"Cldn5-GFP"		"Brain single cell 527"	
"SRR5529957"	"Mus musculus"	"http://purl.obolibrary.org/obo/NCBITaxon_10090"	"C57BL/6"	"http://www.ebi.ac.uk/efo/EFO_0004472"	"12 to 15 week"		"adult"	"http://www.ebi.ac.uk/efo/EFO_0001272"	"brain without olfactory bulb"		"Cldn5-GFP"		"Brain single cell 528"	
"SRR5529958"	"Mus musculus"	"http://purl.obolibrary.org/obo/NCBITaxon_10090"	"C57BL/6"	"http://www.ebi.ac.uk/efo/EFO_0004472"	"12 to 15 week"		"adult"	"http://www.ebi.ac.uk/efo/EFO_0001272"	"brain without olfactory bulb"		"Cldn5-GFP"		"Brain single cell 529"	
"SRR5529959"	"Mus musculus"	"http://purl.obolibrary.org/obo/NCBITaxon_10090"	"C57BL/6"	"http://www.ebi.ac.uk/efo/EFO_0004472"	"12 to 15 week"		"adult"	"http://www.ebi.ac.uk/efo/EFO_0001272"	"brain without olfactory bulb"		"Cldn5-GFP"		"Brain single cell 530"	
"SRR5529960"	"Mus musculus"	"http://purl.obolibrary.org/obo/NCBITaxon_10090"	"C57BL/6"	"http://www.ebi.ac.uk/efo/EFO_0004472"	"12 to 15 week"		"adult"	"http://www.ebi.ac.uk/efo/EFO_0001272"	"brain without olfactory bulb"		"Cldn5-GFP"		"Brain single cell 531"	
"SRR5529961"	"Mus musculus"	"http://purl.obolibrary.org/obo/NCBITaxon_10090"	"C57BL/6"	"http://www.ebi.ac.uk/efo/EFO_0004472"	"12 to 15 week"		"adult"	"http://www.ebi.ac.uk/efo/EFO_0001272"	"brain without olfactory bulb"		"Cldn5-GFP"		"Brain single cell 532"	
"SRR5529962"	"Mus musculus"	"http://purl.obolibrary.org/obo/NCBITaxon_10090"	"C57BL/6"	"http://www.ebi.ac.uk/efo/EFO_0004472"	"12 to 15 week"		"adult"	"http://www.ebi.ac.uk/efo/EFO_0001272"	"brain without olfactory bulb"		"Cldn5-GFP"		"Brain single cell 533"	
"SRR5529963"	"Mus musculus"	"http://purl.obolibrary.org/obo/NCBITaxon_10090"	"C57BL/6"	"http://www.ebi.ac.uk/efo/EFO_0004472"	"12 to 15 week"		"adult"	"http://www.ebi.ac.uk/efo/EFO_0001272"	"brain without olfactory bulb"		"Cldn5-GFP"		"Brain single cell 534"	
"SRR5529964"	"Mus musculus"	"http://purl.obolibrary.org/obo/NCBITaxon_10090"	"C57BL/6"	"http://www.ebi.ac.uk/efo/EFO_0004472"	"12 to 15 week"		"adult"	"http://www.ebi.ac.uk/efo/EFO_0001272"	"brain without olfactory bulb"		"Cldn5-GFP"		"Brain single cell 535"	
"SRR5529965"	"Mus musculus"	"http://purl.obolibrary.org/obo/NCBITaxon_10090"	"C57BL/6"	"http://www.ebi.ac.uk/efo/EFO_0004472"	"12 to 15 week"		"adult"	"http://www.ebi.ac.uk/efo/EFO_0001272"	"brain without olfactory bulb"		"Cldn5-GFP"		"Brain single cell 536"	
"SRR5529966"	"Mus musculus"	"http://purl.obolibrary.org/obo/NCBITaxon_10090"	"C57BL/6"	"http://www.ebi.ac.uk/efo/EFO_0004472"	"12 to 15 week"		"adult"	"http://www.ebi.ac.uk/efo/EFO_0001272"	"brain without olfactory bulb"		"Cldn5-GFP"		"Brain single cell 537"	
"SRR5529967"	"Mus musculus"	"http://purl.obolibrary.org/obo/NCBITaxon_10090"	"C57BL/6"	"http://www.ebi.ac.uk/efo/EFO_0004472"	"12 to 15 week"		"adult"	"http://www.ebi.ac.uk/efo/EFO_0001272"	"brain without olfactory bulb"		"Cldn5-GFP"		"Brain single cell 538"	
"SRR5529968"	"Mus musculus"	"http://purl.obolibrary.org/obo/NCBITaxon_10090"	"C57BL/6"	"http://www.ebi.ac.uk/efo/EFO_0004472"	"12 to 15 week"		"adult"	"http://www.ebi.ac.uk/efo/EFO_0001272"	"brain without olfactory bulb"		"Cldn5-GFP"		"Brain single cell 539"	
"SRR5529969"	"Mus musculus"	"http://purl.obolibrary.org/obo/NCBITaxon_10090"	"C57BL/6"	"http://www.ebi.ac.uk/efo/EFO_0004472"	"12 to 15 week"		"adult"	"http://www.ebi.ac.uk/efo/EFO_0001272"	"brain without olfactory bulb"		"Cldn5-GFP"		"Brain single cell 540"	
"SRR5529970"	"Mus musculus"	"http://purl.obolibrary.org/obo/NCBITaxon_10090"	"C57BL/6"	"http://www.ebi.ac.uk/efo/EFO_0004472"	"12 to 15 week"		"adult"	"http://www.ebi.ac.uk/efo/EFO_0001272"	"brain without olfactory bulb"		"Cldn5-GFP"		"Brain single cell 541"	
"SRR5529971"	"Mus musculus"	"http://purl.obolibrary.org/obo/NCBITaxon_10090"	"C57BL/6"	"http://www.ebi.ac.uk/efo/EFO_0004472"	"12 to 15 week"		"adult"	"http://www.ebi.ac.uk/efo/EFO_0001272"	"brain without olfactory bulb"		"Cldn5-GFP"		"Brain single cell 542"	
"SRR5529972"	"Mus musculus"	"http://purl.obolibrary.org/obo/NCBITaxon_10090"	"C57BL/6"	"http://www.ebi.ac.uk/efo/EFO_0004472"	"12 to 15 week"		"adult"	"http://www.ebi.ac.uk/efo/EFO_0001272"	"brain without olfactory bulb"		"Cldn5-GFP"		"Brain single cell 543"	
"SRR5529973"	"Mus musculus"	"http://purl.obolibrary.org/obo/NCBITaxon_10090"	"C57BL/6"	"http://www.ebi.ac.uk/efo/EFO_0004472"	"12 to 15 week"		"adult"	"http://www.ebi.ac.uk/efo/EFO_0001272"	"brain without olfactory bulb"		"Cldn5-GFP"		"Brain single cell 544"	
"SRR5529974"	"Mus musculus"	"http://purl.obolibrary.org/obo/NCBITaxon_10090"	"C57BL/6"	"http://www.ebi.ac.uk/efo/EFO_0004472"	"12 to 15 week"		"adult"	"http://www.ebi.ac.uk/efo/EFO_0001272"	"brain without olfactory bulb"		"Cldn5-GFP"		"Brain single cell 545"	
"SRR5529975"	"Mus musculus"	"http://purl.obolibrary.org/obo/NCBITaxon_10090"	"C57BL/6"	"http://www.ebi.ac.uk/efo/EFO_0004472"	"12 to 15 week"		"adult"	"http://www.ebi.ac.uk/efo/EFO_0001272"	"brain without olfactory bulb"		"Cldn5-GFP"		"Brain single cell 546"	
"SRR5529976"	"Mus musculus"	"http://purl.obolibrary.org/obo/NCBITaxon_10090"	"C57BL/6"	"http://www.ebi.ac.uk/efo/EFO_0004472"	"12 to 15 week"		"adult"	"http://www.ebi.ac.uk/efo/EFO_0001272"	"brain without olfactory bulb"		"Cldn5-GFP"		"Brain single cell 547"	
"SRR5529977"	"Mus musculus"	"http://purl.obolibrary.org/obo/NCBITaxon_10090"	"C57BL/6"	"http://www.ebi.ac.uk/efo/EFO_0004472"	"12 to 15 week"		"adult"	"http://www.ebi.ac.uk/efo/EFO_0001272"	"brain without olfactory bulb"		"Cldn5-GFP"		"Brain single cell 548"	
"SRR5529978"	"Mus musculus"	"http://purl.obolibrary.org/obo/NCBITaxon_10090"	"C57BL/6"	"http://www.ebi.ac.uk/efo/EFO_0004472"	"12 to 15 week"		"adult"	"http://www.ebi.ac.uk/efo/EFO_0001272"	"brain without olfactory bulb"		"Cldn5-GFP"		"Brain single cell 549"	
"SRR5529979"	"Mus musculus"	"http://purl.obolibrary.org/obo/NCBITaxon_10090"	"C57BL/6"	"http://www.ebi.ac.uk/efo/EFO_0004472"	"12 to 15 week"		"adult"	"http://www.ebi.ac.uk/efo/EFO_0001272"	"brain without olfactory bulb"		"Cldn5-GFP"		"Brain single cell 550"	
"SRR5529980"	"Mus musculus"	"http://purl.obolibrary.org/obo/NCBITaxon_10090"	"C57BL/6"	"http://www.ebi.ac.uk/efo/EFO_0004472"	"12 to 15 week"		"adult"	"http://www.ebi.ac.uk/efo/EFO_0001272"	"brain without olfactory bulb"		"Cldn5-GFP"		"Brain single cell 551"	
"SRR5529981"	"Mus musculus"	"http://purl.obolibrary.org/obo/NCBITaxon_10090"	"C57BL/6"	"http://www.ebi.ac.uk/efo/EFO_0004472"	"12 to 15 week"		"adult"	"http://www.ebi.ac.uk/efo/EFO_0001272"	"brain without olfactory bulb"		"Cldn5-GFP"		"Brain single cell 552"	
"SRR5529982"	"Mus musculus"	"http://purl.obolibrary.org/obo/NCBITaxon_10090"	"C57BL/6"	"http://www.ebi.ac.uk/efo/EFO_0004472"	"12 to 15 week"		"adult"	"http://www.ebi.ac.uk/efo/EFO_0001272"	"brain without olfactory bulb"		"Cldn5-GFP"		"Brain single cell 553"	
"SRR5529983"	"Mus musculus"	"http://purl.obolibrary.org/obo/NCBITaxon_10090"	"C57BL/6"	"http://www.ebi.ac.uk/efo/EFO_0004472"	"12 to 15 week"		"adult"	"http://www.ebi.ac.uk/efo/EFO_0001272"	"brain without olfactory bulb"		"Cldn5-GFP"		"Brain single cell 554"	
"SRR5529984"	"Mus musculus"	"http://purl.obolibrary.org/obo/NCBITaxon_10090"	"C57BL/6"	"http://www.ebi.ac.uk/efo/EFO_0004472"	"12 to 15 week"		"adult"	"http://www.ebi.ac.uk/efo/EFO_0001272"	"brain without olfactory bulb"		"Cldn5-GFP"		"Brain single cell 555"	
"SRR5529985"	"Mus musculus"	"http://purl.obolibrary.org/obo/NCBITaxon_10090"	"C57BL/6"	"http://www.ebi.ac.uk/efo/EFO_0004472"	"12 to 15 week"		"adult"	"http://www.ebi.ac.uk/efo/EFO_0001272"	"brain without olfactory bulb"		"Cldn5-GFP"		"Brain single cell 556"	
"SRR5529986"	"Mus musculus"	"http://purl.obolibrary.org/obo/NCBITaxon_10090"	"C57BL/6"	"http://www.ebi.ac.uk/efo/EFO_0004472"	"12 to 15 week"		"adult"	"http://www.ebi.ac.uk/efo/EFO_0001272"	"brain without olfactory bulb"		"Cldn5-GFP"		"Brain single cell 557"	
"SRR5529987"	"Mus musculus"	"http://purl.obolibrary.org/obo/NCBITaxon_10090"	"C57BL/6"	"http://www.ebi.ac.uk/efo/EFO_0004472"	"12 to 15 week"		"adult"	"http://www.ebi.ac.uk/efo/EFO_0001272"	"brain without olfactory bulb"		"Cldn5-GFP"		"Brain single cell 558"	
"SRR5529988"	"Mus musculus"	"http://purl.obolibrary.org/obo/NCBITaxon_10090"	"C57BL/6"	"http://www.ebi.ac.uk/efo/EFO_0004472"	"12 to 15 week"		"adult"	"http://www.ebi.ac.uk/efo/EFO_0001272"	"brain without olfactory bulb"		"Cldn5-GFP"		"Brain single cell 559"	
"SRR5529989"	"Mus musculus"	"http://purl.obolibrary.org/obo/NCBITaxon_10090"	"C57BL/6"	"http://www.ebi.ac.uk/efo/EFO_0004472"	"12 to 15 week"		"adult"	"http://www.ebi.ac.uk/efo/EFO_0001272"	"brain without olfactory bulb"		"Cldn5-GFP"		"Brain single cell 560"	
"SRR5529990"	"Mus musculus"	"http://purl.obolibrary.org/obo/NCBITaxon_10090"	"C57BL/6"	"http://www.ebi.ac.uk/efo/EFO_0004472"	"12 to 15 week"		"adult"	"http://www.ebi.ac.uk/efo/EFO_0001272"	"brain without olfactory bulb"		"Cldn5-GFP"		"Brain single cell 561"	
"SRR5529991"	"Mus musculus"	"http://purl.obolibrary.org/obo/NCBITaxon_10090"	"C57BL/6"	"http://www.ebi.ac.uk/efo/EFO_0004472"	"12 to 15 week"		"adult"	"http://www.ebi.ac.uk/efo/EFO_0001272"	"brain without olfactory bulb"		"Cldn5-GFP"		"Brain single cell 562"	
"SRR5529992"	"Mus musculus"	"http://purl.obolibrary.org/obo/NCBITaxon_10090"	"C57BL/6"	"http://www.ebi.ac.uk/efo/EFO_0004472"	"12 to 15 week"		"adult"	"http://www.ebi.ac.uk/efo/EFO_0001272"	"brain without olfactory bulb"		"Cldn5-GFP"		"Brain single cell 563"	
"SRR5529993"	"Mus musculus"	"http://purl.obolibrary.org/obo/NCBITaxon_10090"	"C57BL/6"	"http://www.ebi.ac.uk/efo/EFO_0004472"	"12 to 15 week"		"adult"	"http://www.ebi.ac.uk/efo/EFO_0001272"	"brain without olfactory bulb"		"Cldn5-GFP"		"Brain single cell 564"	
"SRR5529994"	"Mus musculus"	"http://purl.obolibrary.org/obo/NCBITaxon_10090"	"C57BL/6"	"http://www.ebi.ac.uk/efo/EFO_0004472"	"12 to 15 week"		"adult"	"http://www.ebi.ac.uk/efo/EFO_0001272"	"brain without olfactory bulb"		"Cldn5-GFP"		"Brain single cell 565"	
"SRR5529995"	"Mus musculus"	"http://purl.obolibrary.org/obo/NCBITaxon_10090"	"C57BL/6"	"http://www.ebi.ac.uk/efo/EFO_0004472"	"12 to 15 week"		"adult"	"http://www.ebi.ac.uk/efo/EFO_0001272"	"brain without olfactory bulb"		"Cldn5-GFP"		"Brain single cell 566"	
"SRR5529996"	"Mus musculus"	"http://purl.obolibrary.org/obo/NCBITaxon_10090"	"C57BL/6"	"http://www.ebi.ac.uk/efo/EFO_0004472"	"12 to 15 week"		"adult"	"http://www.ebi.ac.uk/efo/EFO_0001272"	"brain without olfactory bulb"		"Cldn5-GFP"		"Brain single cell 567"	
"SRR5529997"	"Mus musculus"	"http://purl.obolibrary.org/obo/NCBITaxon_10090"	"C57BL/6"	"http://www.ebi.ac.uk/efo/EFO_0004472"	"12 to 15 week"		"adult"	"http://www.ebi.ac.uk/efo/EFO_0001272"	"brain without olfactory bulb"		"Cldn5-GFP"		"Brain single cell 568"	
"SRR5529998"	"Mus musculus"	"http://purl.obolibrary.org/obo/NCBITaxon_10090"	"C57BL/6"	"http://www.ebi.ac.uk/efo/EFO_0004472"	"12 to 15 week"		"adult"	"http://www.ebi.ac.uk/efo/EFO_0001272"	"brain without olfactory bulb"		"Cldn5-GFP"		"Brain single cell 569"	
"SRR5529999"	"Mus musculus"	"http://purl.obolibrary.org/obo/NCBITaxon_10090"	"C57BL/6"	"http://www.ebi.ac.uk/efo/EFO_0004472"	"12 to 15 week"		"adult"	"http://www.ebi.ac.uk/efo/EFO_0001272"	"brain without olfactory bulb"		"Cldn5-GFP"		"Brain single cell 570"	
"SRR5530000"	"Mus musculus"	"http://purl.obolibrary.org/obo/NCBITaxon_10090"	"C57BL/6"	"http://www.ebi.ac.uk/efo/EFO_0004472"	"12 to 15 week"		"adult"	"http://www.ebi.ac.uk/efo/EFO_0001272"	"brain without olfactory bulb"		"Cldn5-GFP"		"Brain single cell 571"	
"SRR5530001"	"Mus musculus"	"http://purl.obolibrary.org/obo/NCBITaxon_10090"	"C57BL/6"	"http://www.ebi.ac.uk/efo/EFO_0004472"	"12 to 15 week"		"adult"	"http://www.ebi.ac.uk/efo/EFO_0001272"	"brain without olfactory bulb"		"Cldn5-GFP"		"Brain single cell 572"	
"SRR5530002"	"Mus musculus"	"http://purl.obolibrary.org/obo/NCBITaxon_10090"	"C57BL/6"	"http://www.ebi.ac.uk/efo/EFO_0004472"	"12 to 15 week"		"adult"	"http://www.ebi.ac.uk/efo/EFO_0001272"	"brain without olfactory bulb"		"Cldn5-GFP"		"Brain single cell 573"	
"SRR5530003"	"Mus musculus"	"http://purl.obolibrary.org/obo/NCBITaxon_10090"	"C57BL/6"	"http://www.ebi.ac.uk/efo/EFO_0004472"	"12 to 15 week"		"adult"	"http://www.ebi.ac.uk/efo/EFO_0001272"	"brain without olfactory bulb"		"Cldn5-GFP"		"Brain single cell 574"	
"SRR5530004"	"Mus musculus"	"http://purl.obolibrary.org/obo/NCBITaxon_10090"	"C57BL/6"	"http://www.ebi.ac.uk/efo/EFO_0004472"	"12 to 15 week"		"adult"	"http://www.ebi.ac.uk/efo/EFO_0001272"	"brain without olfactory bulb"		"Cldn5-GFP"		"Brain single cell 575"	
"SRR5530005"	"Mus musculus"	"http://purl.obolibrary.org/obo/NCBITaxon_10090"	"C57BL/6"	"http://www.ebi.ac.uk/efo/EFO_0004472"	"12 to 15 week"		"adult"	"http://www.ebi.ac.uk/efo/EFO_0001272"	"brain without olfactory bulb"		"Cldn5-GFP"		"Brain single cell 576"	
"SRR5530006"	"Mus musculus"	"http://purl.obolibrary.org/obo/NCBITaxon_10090"	"C57BL/6"	"http://www.ebi.ac.uk/efo/EFO_0004472"	"12 to 15 week"		"adult"	"http://www.ebi.ac.uk/efo/EFO_0001272"	"brain without olfactory bulb"		"Cldn5-GFP"		"Brain single cell 577"	
"SRR5530007"	"Mus musculus"	"http://purl.obolibrary.org/obo/NCBITaxon_10090"	"C57BL/6"	"http://www.ebi.ac.uk/efo/EFO_0004472"	"12 to 15 week"		"adult"	"http://www.ebi.ac.uk/efo/EFO_0001272"	"brain without olfactory bulb"		"Cldn5-GFP"		"Brain single cell 578"	
"SRR5530008"	"Mus musculus"	"http://purl.obolibrary.org/obo/NCBITaxon_10090"	"C57BL/6"	"http://www.ebi.ac.uk/efo/EFO_0004472"	"12 to 15 week"		"adult"	"http://www.ebi.ac.uk/efo/EFO_0001272"	"brain without olfactory bulb"		"Cldn5-GFP"		"Brain single cell 579"	
"SRR5530009"	"Mus musculus"	"http://purl.obolibrary.org/obo/NCBITaxon_10090"	"C57BL/6"	"http://www.ebi.ac.uk/efo/EFO_0004472"	"12 to 15 week"		"adult"	"http://www.ebi.ac.uk/efo/EFO_0001272"	"brain without olfactory bulb"		"Cldn5-GFP"		"Brain single cell 580"	
"SRR5530010"	"Mus musculus"	"http://purl.obolibrary.org/obo/NCBITaxon_10090"	"C57BL/6"	"http://www.ebi.ac.uk/efo/EFO_0004472"	"12 to 15 week"		"adult"	"http://www.ebi.ac.uk/efo/EFO_0001272"	"brain without olfactory bulb"		"Cldn5-GFP"		"Brain single cell 581"	
"SRR5530011"	"Mus musculus"	"http://purl.obolibrary.org/obo/NCBITaxon_10090"	"C57BL/6"	"http://www.ebi.ac.uk/efo/EFO_0004472"	"12 to 15 week"		"adult"	"http://www.ebi.ac.uk/efo/EFO_0001272"	"brain without olfactory bulb"		"Cldn5-GFP"		"Brain single cell 582"	
"SRR5530012"	"Mus musculus"	"http://purl.obolibrary.org/obo/NCBITaxon_10090"	"C57BL/6"	"http://www.ebi.ac.uk/efo/EFO_0004472"	"12 to 15 week"		"adult"	"http://www.ebi.ac.uk/efo/EFO_0001272"	"brain without olfactory bulb"		"Cldn5-GFP"		"Brain single cell 583"	
"SRR5530013"	"Mus musculus"	"http://purl.obolibrary.org/obo/NCBITaxon_10090"	"C57BL/6"	"http://www.ebi.ac.uk/efo/EFO_0004472"	"12 to 15 week"		"adult"	"http://www.ebi.ac.uk/efo/EFO_0001272"	"brain without olfactory bulb"		"Cldn5-GFP"		"Brain single cell 584"	
"SRR5530014"	"Mus musculus"	"http://purl.obolibrary.org/obo/NCBITaxon_10090"	"C57BL/6"	"http://www.ebi.ac.uk/efo/EFO_0004472"	"12 to 15 week"		"adult"	"http://www.ebi.ac.uk/efo/EFO_0001272"	"brain without olfactory bulb"		"Cldn5-GFP"		"Brain single cell 585"	
"SRR5530015"	"Mus musculus"	"http://purl.obolibrary.org/obo/NCBITaxon_10090"	"C57BL/6"	"http://www.ebi.ac.uk/efo/EFO_0004472"	"12 to 15 week"		"adult"	"http://www.ebi.ac.uk/efo/EFO_0001272"	"brain without olfactory bulb"		"Cldn5-GFP"		"Brain single cell 586"	
"SRR5530016"	"Mus musculus"	"http://purl.obolibrary.org/obo/NCBITaxon_10090"	"C57BL/6"	"http://www.ebi.ac.uk/efo/EFO_0004472"	"12 to 15 week"		"adult"	"http://www.ebi.ac.uk/efo/EFO_0001272"	"brain without olfactory bulb"		"Cldn5-GFP"		"Brain single cell 587"	
"SRR5530017"	"Mus musculus"	"http://purl.obolibrary.org/obo/NCBITaxon_10090"	"C57BL/6"	"http://www.ebi.ac.uk/efo/EFO_0004472"	"12 to 15 week"		"adult"	"http://www.ebi.ac.uk/efo/EFO_0001272"	"brain without olfactory bulb"		"Cldn5-GFP"		"Brain single cell 588"	
"SRR5530018"	"Mus musculus"	"http://purl.obolibrary.org/obo/NCBITaxon_10090"	"C57BL/6"	"http://www.ebi.ac.uk/efo/EFO_0004472"	"12 to 15 week"		"adult"	"http://www.ebi.ac.uk/efo/EFO_0001272"	"brain without olfactory bulb"		"Cldn5-GFP"		"Brain single cell 589"	
"SRR5530019"	"Mus musculus"	"http://purl.obolibrary.org/obo/NCBITaxon_10090"	"C57BL/6"	"http://www.ebi.ac.uk/efo/EFO_0004472"	"12 to 15 week"		"adult"	"http://www.ebi.ac.uk/efo/EFO_0001272"	"brain without olfactory bulb"		"Cldn5-GFP"		"Brain single cell 590"	
"SRR5530020"	"Mus musculus"	"http://purl.obolibrary.org/obo/NCBITaxon_10090"	"C57BL/6"	"http://www.ebi.ac.uk/efo/EFO_0004472"	"12 to 15 week"		"adult"	"http://www.ebi.ac.uk/efo/EFO_0001272"	"brain without olfactory bulb"		"Cldn5-GFP"		"Brain single cell 591"	
"SRR5530021"	"Mus musculus"	"http://purl.obolibrary.org/obo/NCBITaxon_10090"	"C57BL/6"	"http://www.ebi.ac.uk/efo/EFO_0004472"	"12 to 15 week"		"adult"	"http://www.ebi.ac.uk/efo/EFO_0001272"	"brain without olfactory bulb"		"Cldn5-GFP"		"Brain single cell 592"	
"SRR5530022"	"Mus musculus"	"http://purl.obolibrary.org/obo/NCBITaxon_10090"	"C57BL/6"	"http://www.ebi.ac.uk/efo/EFO_0004472"	"12 to 15 week"		"adult"	"http://www.ebi.ac.uk/efo/EFO_0001272"	"brain without olfactory bulb"		"Cldn5-GFP"		"Brain single cell 593"	
"SRR5530023"	"Mus musculus"	"http://purl.obolibrary.org/obo/NCBITaxon_10090"	"C57BL/6"	"http://www.ebi.ac.uk/efo/EFO_0004472"	"12 to 15 week"		"adult"	"http://www.ebi.ac.uk/efo/EFO_0001272"	"brain without olfactory bulb"		"Cldn5-GFP"		"Brain single cell 594"	
"SRR5530024"	"Mus musculus"	"http://purl.obolibrary.org/obo/NCBITaxon_10090"	"C57BL/6"	"http://www.ebi.ac.uk/efo/EFO_0004472"	"12 to 15 week"		"adult"	"http://www.ebi.ac.uk/efo/EFO_0001272"	"brain without olfactory bulb"		"Cldn5-GFP"		"Brain single cell 595"	
"SRR5530025"	"Mus musculus"	"http://purl.obolibrary.org/obo/NCBITaxon_10090"	"C57BL/6"	"http://www.ebi.ac.uk/efo/EFO_0004472"	"12 to 15 week"		"adult"	"http://www.ebi.ac.uk/efo/EFO_0001272"	"brain without olfactory bulb"		"Cldn5-GFP"		"Brain single cell 596"	
"SRR5530026"	"Mus musculus"	"http://purl.obolibrary.org/obo/NCBITaxon_10090"	"C57BL/6"	"http://www.ebi.ac.uk/efo/EFO_0004472"	"12 to 15 week"		"adult"	"http://www.ebi.ac.uk/efo/EFO_0001272"	"brain without olfactory bulb"		"Cldn5-GFP"		"Brain single cell 597"	
"SRR5530027"	"Mus musculus"	"http://purl.obolibrary.org/obo/NCBITaxon_10090"	"C57BL/6"	"http://www.ebi.ac.uk/efo/EFO_0004472"	"12 to 15 week"		"adult"	"http://www.ebi.ac.uk/efo/EFO_0001272"	"brain without olfactory bulb"		"Cldn5-GFP"		"Brain single cell 598"	
"SRR5530028"	"Mus musculus"	"http://purl.obolibrary.org/obo/NCBITaxon_10090"	"C57BL/6"	"http://www.ebi.ac.uk/efo/EFO_0004472"	"12 to 15 week"		"adult"	"http://www.ebi.ac.uk/efo/EFO_0001272"	"brain without olfactory bulb"		"Cldn5-GFP"		"Brain single cell 599"	
"SRR5530029"	"Mus musculus"	"http://purl.obolibrary.org/obo/NCBITaxon_10090"	"C57BL/6"	"http://www.ebi.ac.uk/efo/EFO_0004472"	"12 to 15 week"		"adult"	"http://www.ebi.ac.uk/efo/EFO_0001272"	"brain without olfactory bulb"		"Cldn5-GFP"		"Brain single cell 600"	
"SRR5530030"	"Mus musculus"	"http://purl.obolibrary.org/obo/NCBITaxon_10090"	"C57BL/6"	"http://www.ebi.ac.uk/efo/EFO_0004472"	"12 to 15 week"		"adult"	"http://www.ebi.ac.uk/efo/EFO_0001272"	"brain without olfactory bulb"		"Cldn5-GFP"		"Brain single cell 601"	
"SRR5530031"	"Mus musculus"	"http://purl.obolibrary.org/obo/NCBITaxon_10090"	"C57BL/6"	"http://www.ebi.ac.uk/efo/EFO_0004472"	"12 to 15 week"		"adult"	"http://www.ebi.ac.uk/efo/EFO_0001272"	"brain without olfactory bulb"		"Cldn5-GFP"		"Brain single cell 602"	
"SRR5530032"	"Mus musculus"	"http://purl.obolibrary.org/obo/NCBITaxon_10090"	"C57BL/6"	"http://www.ebi.ac.uk/efo/EFO_0004472"	"12 to 15 week"		"adult"	"http://www.ebi.ac.uk/efo/EFO_0001272"	"brain without olfactory bulb"		"Cldn5-GFP"		"Brain single cell 603"	
"SRR5530033"	"Mus musculus"	"http://purl.obolibrary.org/obo/NCBITaxon_10090"	"C57BL/6"	"http://www.ebi.ac.uk/efo/EFO_0004472"	"12 to 15 week"		"adult"	"http://www.ebi.ac.uk/efo/EFO_0001272"	"brain without olfactory bulb"		"Cldn5-GFP"		"Brain single cell 604"	
"SRR5530034"	"Mus musculus"	"http://purl.obolibrary.org/obo/NCBITaxon_10090"	"C57BL/6"	"http://www.ebi.ac.uk/efo/EFO_0004472"	"12 to 15 week"		"adult"	"http://www.ebi.ac.uk/efo/EFO_0001272"	"brain without olfactory bulb"		"Cldn5-GFP"		"Brain single cell 605"	
"SRR5530035"	"Mus musculus"	"http://purl.obolibrary.org/obo/NCBITaxon_10090"	"C57BL/6"	"http://www.ebi.ac.uk/efo/EFO_0004472"	"12 to 15 week"		"adult"	"http://www.ebi.ac.uk/efo/EFO_0001272"	"brain without olfactory bulb"		"Cldn5-GFP"		"Brain single cell 606"	
"SRR5530036"	"Mus musculus"	"http://purl.obolibrary.org/obo/NCBITaxon_10090"	"C57BL/6"	"http://www.ebi.ac.uk/efo/EFO_0004472"	"12 to 15 week"		"adult"	"http://www.ebi.ac.uk/efo/EFO_0001272"	"brain without olfactory bulb"		"Cldn5-GFP"		"Brain single cell 607"	
"SRR5530037"	"Mus musculus"	"http://purl.obolibrary.org/obo/NCBITaxon_10090"	"C57BL/6"	"http://www.ebi.ac.uk/efo/EFO_0004472"	"12 to 15 week"		"adult"	"http://www.ebi.ac.uk/efo/EFO_0001272"	"brain without olfactory bulb"		"Cldn5-GFP"		"Brain single cell 608"	
"SRR5530038"	"Mus musculus"	"http://purl.obolibrary.org/obo/NCBITaxon_10090"	"C57BL/6"	"http://www.ebi.ac.uk/efo/EFO_0004472"	"12 to 15 week"		"adult"	"http://www.ebi.ac.uk/efo/EFO_0001272"	"brain without olfactory bulb"		"Cldn5-GFP"		"Brain single cell 609"	
"SRR5530039"	"Mus musculus"	"http://purl.obolibrary.org/obo/NCBITaxon_10090"	"C57BL/6"	"http://www.ebi.ac.uk/efo/EFO_0004472"	"12 to 15 week"		"adult"	"http://www.ebi.ac.uk/efo/EFO_0001272"	"brain without olfactory bulb"		"Cldn5-GFP"		"Brain single cell 610"	
"SRR5530040"	"Mus musculus"	"http://purl.obolibrary.org/obo/NCBITaxon_10090"	"C57BL/6"	"http://www.ebi.ac.uk/efo/EFO_0004472"	"12 to 15 week"		"adult"	"http://www.ebi.ac.uk/efo/EFO_0001272"	"brain without olfactory bulb"		"Cldn5-GFP"		"Brain single cell 611"	
"SRR5530041"	"Mus musculus"	"http://purl.obolibrary.org/obo/NCBITaxon_10090"	"C57BL/6"	"http://www.ebi.ac.uk/efo/EFO_0004472"	"12 to 15 week"		"adult"	"http://www.ebi.ac.uk/efo/EFO_0001272"	"brain without olfactory bulb"		"Cldn5-GFP"		"Brain single cell 612"	
"SRR5530042"	"Mus musculus"	"http://purl.obolibrary.org/obo/NCBITaxon_10090"	"C57BL/6"	"http://www.ebi.ac.uk/efo/EFO_0004472"	"12 to 15 week"		"adult"	"http://www.ebi.ac.uk/efo/EFO_0001272"	"brain without olfactory bulb"		"Cldn5-GFP"		"Brain single cell 613"	
"SRR5530043"	"Mus musculus"	"http://purl.obolibrary.org/obo/NCBITaxon_10090"	"C57BL/6"	"http://www.ebi.ac.uk/efo/EFO_0004472"	"12 to 15 week"		"adult"	"http://www.ebi.ac.uk/efo/EFO_0001272"	"brain without olfactory bulb"		"Cldn5-GFP"		"Brain single cell 614"	
"SRR5530044"	"Mus musculus"	"http://purl.obolibrary.org/obo/NCBITaxon_10090"	"C57BL/6"	"http://www.ebi.ac.uk/efo/EFO_0004472"	"12 to 15 week"		"adult"	"http://www.ebi.ac.uk/efo/EFO_0001272"	"brain without olfactory bulb"		"Cldn5-GFP"		"Brain single cell 615"	
"SRR5530045"	"Mus musculus"	"http://purl.obolibrary.org/obo/NCBITaxon_10090"	"C57BL/6"	"http://www.ebi.ac.uk/efo/EFO_0004472"	"12 to 15 week"		"adult"	"http://www.ebi.ac.uk/efo/EFO_0001272"	"brain without olfactory bulb"		"Cldn5-GFP"		"Brain single cell 616"	
"SRR5530046"	"Mus musculus"	"http://purl.obolibrary.org/obo/NCBITaxon_10090"	"C57BL/6"	"http://www.ebi.ac.uk/efo/EFO_0004472"	"12 to 15 week"		"adult"	"http://www.ebi.ac.uk/efo/EFO_0001272"	"brain without olfactory bulb"		"Cldn5-GFP"		"Brain single cell 617"	
"SRR5530047"	"Mus musculus"	"http://purl.obolibrary.org/obo/NCBITaxon_10090"	"C57BL/6"	"http://www.ebi.ac.uk/efo/EFO_0004472"	"12 to 15 week"		"adult"	"http://www.ebi.ac.uk/efo/EFO_0001272"	"brain without olfactory bulb"		"Cldn5-GFP"		"Brain single cell 618"	
"SRR5530048"	"Mus musculus"	"http://purl.obolibrary.org/obo/NCBITaxon_10090"	"C57BL/6"	"http://www.ebi.ac.uk/efo/EFO_0004472"	"12 to 15 week"		"adult"	"http://www.ebi.ac.uk/efo/EFO_0001272"	"brain without olfactory bulb"		"Cldn5-GFP"		"Brain single cell 619"	
"SRR5530049"	"Mus musculus"	"http://purl.obolibrary.org/obo/NCBITaxon_10090"	"C57BL/6"	"http://www.ebi.ac.uk/efo/EFO_0004472"	"12 to 15 week"		"adult"	"http://www.ebi.ac.uk/efo/EFO_0001272"	"brain without olfactory bulb"		"Cldn5-GFP"		"Brain single cell 620"	
"SRR5530050"	"Mus musculus"	"http://purl.obolibrary.org/obo/NCBITaxon_10090"	"C57BL/6"	"http://www.ebi.ac.uk/efo/EFO_0004472"	"12 to 15 week"		"adult"	"http://www.ebi.ac.uk/efo/EFO_0001272"	"brain without olfactory bulb"		"Cldn5-GFP"		"Brain single cell 621"	
"SRR5530051"	"Mus musculus"	"http://purl.obolibrary.org/obo/NCBITaxon_10090"	"C57BL/6"	"http://www.ebi.ac.uk/efo/EFO_0004472"	"12 to 15 week"		"adult"	"http://www.ebi.ac.uk/efo/EFO_0001272"	"brain without olfactory bulb"		"Cldn5-GFP"		"Brain single cell 622"	
"SRR5530052"	"Mus musculus"	"http://purl.obolibrary.org/obo/NCBITaxon_10090"	"C57BL/6"	"http://www.ebi.ac.uk/efo/EFO_0004472"	"12 to 15 week"		"adult"	"http://www.ebi.ac.uk/efo/EFO_0001272"	"brain without olfactory bulb"		"Cldn5-GFP"		"Brain single cell 623"	
"SRR5530053"	"Mus musculus"	"http://purl.obolibrary.org/obo/NCBITaxon_10090"	"C57BL/6"	"http://www.ebi.ac.uk/efo/EFO_0004472"	"12 to 15 week"		"adult"	"http://www.ebi.ac.uk/efo/EFO_0001272"	"brain without olfactory bulb"		"Cldn5-GFP"		"Brain single cell 624"	
"SRR5530054"	"Mus musculus"	"http://purl.obolibrary.org/obo/NCBITaxon_10090"	"C57BL/6"	"http://www.ebi.ac.uk/efo/EFO_0004472"	"12 to 15 week"		"adult"	"http://www.ebi.ac.uk/efo/EFO_0001272"	"brain without olfactory bulb"		"Cldn5-GFP"		"Brain single cell 625"	
"SRR5530055"	"Mus musculus"	"http://purl.obolibrary.org/obo/NCBITaxon_10090"	"C57BL/6"	"http://www.ebi.ac.uk/efo/EFO_0004472"	"12 to 15 week"		"adult"	"http://www.ebi.ac.uk/efo/EFO_0001272"	"brain without olfactory bulb"		"Cldn5-GFP"		"Brain single cell 626"	
"SRR5530056"	"Mus musculus"	"http://purl.obolibrary.org/obo/NCBITaxon_10090"	"C57BL/6"	"http://www.ebi.ac.uk/efo/EFO_0004472"	"12 to 15 week"		"adult"	"http://www.ebi.ac.uk/efo/EFO_0001272"	"brain without olfactory bulb"		"Cldn5-GFP"		"Brain single cell 627"	
"SRR5530057"	"Mus musculus"	"http://purl.obolibrary.org/obo/NCBITaxon_10090"	"C57BL/6"	"http://www.ebi.ac.uk/efo/EFO_0004472"	"12 to 15 week"		"adult"	"http://www.ebi.ac.uk/efo/EFO_0001272"	"brain without olfactory bulb"		"Cldn5-GFP"		"Brain single cell 628"	
"SRR5530058"	"Mus musculus"	"http://purl.obolibrary.org/obo/NCBITaxon_10090"	"C57BL/6"	"http://www.ebi.ac.uk/efo/EFO_0004472"	"12 to 15 week"		"adult"	"http://www.ebi.ac.uk/efo/EFO_0001272"	"brain without olfactory bulb"		"Cldn5-GFP"		"Brain single cell 629"	
"SRR5530059"	"Mus musculus"	"http://purl.obolibrary.org/obo/NCBITaxon_10090"	"C57BL/6"	"http://www.ebi.ac.uk/efo/EFO_0004472"	"12 to 15 week"		"adult"	"http://www.ebi.ac.uk/efo/EFO_0001272"	"brain without olfactory bulb"		"Cldn5-GFP"		"Brain single cell 630"	
"SRR5530060"	"Mus musculus"	"http://purl.obolibrary.org/obo/NCBITaxon_10090"	"C57BL/6"	"http://www.ebi.ac.uk/efo/EFO_0004472"	"12 to 15 week"		"adult"	"http://www.ebi.ac.uk/efo/EFO_0001272"	"brain without olfactory bulb"		"Cldn5-GFP"		"Brain single cell 631"	
"SRR5530061"	"Mus musculus"	"http://purl.obolibrary.org/obo/NCBITaxon_10090"	"C57BL/6"	"http://www.ebi.ac.uk/efo/EFO_0004472"	"12 to 15 week"		"adult"	"http://www.ebi.ac.uk/efo/EFO_0001272"	"brain without olfactory bulb"		"Cldn5-GFP"		"Brain single cell 632"	
"SRR5530062"	"Mus musculus"	"http://purl.obolibrary.org/obo/NCBITaxon_10090"	"C57BL/6"	"http://www.ebi.ac.uk/efo/EFO_0004472"	"12 to 15 week"		"adult"	"http://www.ebi.ac.uk/efo/EFO_0001272"	"brain without olfactory bulb"		"Cldn5-GFP"		"Brain single cell 633"	
"SRR5530063"	"Mus musculus"	"http://purl.obolibrary.org/obo/NCBITaxon_10090"	"C57BL/6"	"http://www.ebi.ac.uk/efo/EFO_0004472"	"12 to 15 week"		"adult"	"http://www.ebi.ac.uk/efo/EFO_0001272"	"brain without olfactory bulb"		"Cldn5-GFP"		"Brain single cell 634"	
"SRR5530064"	"Mus musculus"	"http://purl.obolibrary.org/obo/NCBITaxon_10090"	"C57BL/6"	"http://www.ebi.ac.uk/efo/EFO_0004472"	"12 to 15 week"		"adult"	"http://www.ebi.ac.uk/efo/EFO_0001272"	"brain without olfactory bulb"		"Cldn5-GFP"		"Brain single cell 635"	
"SRR5530065"	"Mus musculus"	"http://purl.obolibrary.org/obo/NCBITaxon_10090"	"C57BL/6"	"http://www.ebi.ac.uk/efo/EFO_0004472"	"12 to 15 week"		"adult"	"http://www.ebi.ac.uk/efo/EFO_0001272"	"brain without olfactory bulb"		"Cldn5-GFP"		"Brain single cell 636"	
"SRR5530066"	"Mus musculus"	"http://purl.obolibrary.org/obo/NCBITaxon_10090"	"C57BL/6"	"http://www.ebi.ac.uk/efo/EFO_0004472"	"12 to 15 week"		"adult"	"http://www.ebi.ac.uk/efo/EFO_0001272"	"brain without olfactory bulb"		"Cldn5-GFP"		"Brain single cell 637"	
"SRR5530067"	"Mus musculus"	"http://purl.obolibrary.org/obo/NCBITaxon_10090"	"C57BL/6"	"http://www.ebi.ac.uk/efo/EFO_0004472"	"12 to 15 week"		"adult"	"http://www.ebi.ac.uk/efo/EFO_0001272"	"brain without olfactory bulb"		"Cldn5-GFP"		"Brain single cell 638"	
"SRR5530068"	"Mus musculus"	"http://purl.obolibrary.org/obo/NCBITaxon_10090"	"C57BL/6"	"http://www.ebi.ac.uk/efo/EFO_0004472"	"12 to 15 week"		"adult"	"http://www.ebi.ac.uk/efo/EFO_0001272"	"brain without olfactory bulb"		"Cldn5-GFP"		"Brain single cell 639"	
"SRR5530069"	"Mus musculus"	"http://purl.obolibrary.org/obo/NCBITaxon_10090"	"C57BL/6"	"http://www.ebi.ac.uk/efo/EFO_0004472"	"12 to 15 week"		"adult"	"http://www.ebi.ac.uk/efo/EFO_0001272"	"brain without olfactory bulb"		"Cldn5-GFP"		"Brain single cell 640"	
"SRR5530070"	"Mus musculus"	"http://purl.obolibrary.org/obo/NCBITaxon_10090"	"C57BL/6"	"http://www.ebi.ac.uk/efo/EFO_0004472"	"12 to 15 week"		"adult"	"http://www.ebi.ac.uk/efo/EFO_0001272"	"brain without olfactory bulb"		"Cldn5-GFP"		"Brain single cell 641"	
"SRR5530071"	"Mus musculus"	"http://purl.obolibrary.org/obo/NCBITaxon_10090"	"C57BL/6"	"http://www.ebi.ac.uk/efo/EFO_0004472"	"12 to 15 week"		"adult"	"http://www.ebi.ac.uk/efo/EFO_0001272"	"brain without olfactory bulb"		"Cldn5-GFP"		"Brain single cell 642"	
"SRR5530072"	"Mus musculus"	"http://purl.obolibrary.org/obo/NCBITaxon_10090"	"C57BL/6"	"http://www.ebi.ac.uk/efo/EFO_0004472"	"12 to 15 week"		"adult"	"http://www.ebi.ac.uk/efo/EFO_0001272"	"brain without olfactory bulb"		"Cldn5-GFP"		"Brain single cell 643"	
"SRR5530073"	"Mus musculus"	"http://purl.obolibrary.org/obo/NCBITaxon_10090"	"C57BL/6"	"http://www.ebi.ac.uk/efo/EFO_0004472"	"12 to 15 week"		"adult"	"http://www.ebi.ac.uk/efo/EFO_0001272"	"brain without olfactory bulb"		"Cldn5-GFP"		"Brain single cell 644"	
"SRR5530074"	"Mus musculus"	"http://purl.obolibrary.org/obo/NCBITaxon_10090"	"C57BL/6"	"http://www.ebi.ac.uk/efo/EFO_0004472"	"12 to 15 week"		"adult"	"http://www.ebi.ac.uk/efo/EFO_0001272"	"brain without olfactory bulb"		"Cldn5-GFP"		"Brain single cell 645"	
"SRR5530075"	"Mus musculus"	"http://purl.obolibrary.org/obo/NCBITaxon_10090"	"C57BL/6"	"http://www.ebi.ac.uk/efo/EFO_0004472"	"12 to 15 week"		"adult"	"http://www.ebi.ac.uk/efo/EFO_0001272"	"brain without olfactory bulb"		"Cldn5-GFP"		"Brain single cell 646"	
"SRR5530076"	"Mus musculus"	"http://purl.obolibrary.org/obo/NCBITaxon_10090"	"C57BL/6"	"http://www.ebi.ac.uk/efo/EFO_0004472"	"12 to 15 week"		"adult"	"http://www.ebi.ac.uk/efo/EFO_0001272"	"brain without olfactory bulb"		"Cldn5-GFP"		"Brain single cell 647"	
"SRR5530077"	"Mus musculus"	"http://purl.obolibrary.org/obo/NCBITaxon_10090"	"C57BL/6"	"http://www.ebi.ac.uk/efo/EFO_0004472"	"12 to 15 week"		"adult"	"http://www.ebi.ac.uk/efo/EFO_0001272"	"brain without olfactory bulb"		"Cldn5-GFP"		"Brain single cell 648"	
"SRR5530078"	"Mus musculus"	"http://purl.obolibrary.org/obo/NCBITaxon_10090"	"C57BL/6"	"http://www.ebi.ac.uk/efo/EFO_0004472"	"12 to 15 week"		"adult"	"http://www.ebi.ac.uk/efo/EFO_0001272"	"brain without olfactory bulb"		"Cldn5-GFP"		"Brain single cell 649"	
"SRR5530079"	"Mus musculus"	"http://purl.obolibrary.org/obo/NCBITaxon_10090"	"C57BL/6"	"http://www.ebi.ac.uk/efo/EFO_0004472"	"12 to 15 week"		"adult"	"http://www.ebi.ac.uk/efo/EFO_0001272"	"brain without olfactory bulb"		"Cldn5-GFP"		"Brain single cell 650"	
"SRR5530080"	"Mus musculus"	"http://purl.obolibrary.org/obo/NCBITaxon_10090"	"C57BL/6"	"http://www.ebi.ac.uk/efo/EFO_0004472"	"12 to 15 week"		"adult"	"http://www.ebi.ac.uk/efo/EFO_0001272"	"brain without olfactory bulb"		"Cldn5-GFP"		"Brain single cell 651"	
"SRR5530081"	"Mus musculus"	"http://purl.obolibrary.org/obo/NCBITaxon_10090"	"C57BL/6"	"http://www.ebi.ac.uk/efo/EFO_0004472"	"12 to 15 week"		"adult"	"http://www.ebi.ac.uk/efo/EFO_0001272"	"brain without olfactory bulb"		"Cldn5-GFP"		"Brain single cell 652"	
"SRR5530082"	"Mus musculus"	"http://purl.obolibrary.org/obo/NCBITaxon_10090"	"C57BL/6"	"http://www.ebi.ac.uk/efo/EFO_0004472"	"12 to 15 week"		"adult"	"http://www.ebi.ac.uk/efo/EFO_0001272"	"brain without olfactory bulb"		"Cldn5-GFP"		"Brain single cell 653"	
"SRR5530083"	"Mus musculus"	"http://purl.obolibrary.org/obo/NCBITaxon_10090"	"C57BL/6"	"http://www.ebi.ac.uk/efo/EFO_0004472"	"12 to 15 week"		"adult"	"http://www.ebi.ac.uk/efo/EFO_0001272"	"brain without olfactory bulb"		"Cldn5-GFP"		"Brain single cell 654"	
"SRR5530084"	"Mus musculus"	"http://purl.obolibrary.org/obo/NCBITaxon_10090"	"C57BL/6"	"http://www.ebi.ac.uk/efo/EFO_0004472"	"12 to 15 week"		"adult"	"http://www.ebi.ac.uk/efo/EFO_0001272"	"brain without olfactory bulb"		"Cldn5-GFP"		"Brain single cell 655"	
"SRR5530085"	"Mus musculus"	"http://purl.obolibrary.org/obo/NCBITaxon_10090"	"C57BL/6"	"http://www.ebi.ac.uk/efo/EFO_0004472"	"12 to 15 week"		"adult"	"http://www.ebi.ac.uk/efo/EFO_0001272"	"brain without olfactory bulb"		"Cldn5-GFP"		"Brain single cell 656"	
"SRR5530086"	"Mus musculus"	"http://purl.obolibrary.org/obo/NCBITaxon_10090"	"C57BL/6"	"http://www.ebi.ac.uk/efo/EFO_0004472"	"12 to 15 week"		"adult"	"http://www.ebi.ac.uk/efo/EFO_0001272"	"brain without olfactory bulb"		"Cldn5-GFP"		"Brain single cell 657"	
"SRR5530087"	"Mus musculus"	"http://purl.obolibrary.org/obo/NCBITaxon_10090"	"C57BL/6"	"http://www.ebi.ac.uk/efo/EFO_0004472"	"12 to 15 week"		"adult"	"http://www.ebi.ac.uk/efo/EFO_0001272"	"brain without olfactory bulb"		"Cldn5-GFP"		"Brain single cell 658"	
"SRR5530088"	"Mus musculus"	"http://purl.obolibrary.org/obo/NCBITaxon_10090"	"C57BL/6"	"http://www.ebi.ac.uk/efo/EFO_0004472"	"12 to 15 week"		"adult"	"http://www.ebi.ac.uk/efo/EFO_0001272"	"brain without olfactory bulb"		"Cldn5-GFP"		"Brain single cell 659"	
"SRR5530089"	"Mus musculus"	"http://purl.obolibrary.org/obo/NCBITaxon_10090"	"C57BL/6"	"http://www.ebi.ac.uk/efo/EFO_0004472"	"12 to 15 week"		"adult"	"http://www.ebi.ac.uk/efo/EFO_0001272"	"brain without olfactory bulb"		"Cldn5-GFP"		"Brain single cell 660"	
"SRR5530090"	"Mus musculus"	"http://purl.obolibrary.org/obo/NCBITaxon_10090"	"C57BL/6"	"http://www.ebi.ac.uk/efo/EFO_0004472"	"12 to 15 week"		"adult"	"http://www.ebi.ac.uk/efo/EFO_0001272"	"brain without olfactory bulb"		"Cldn5-GFP"		"Brain single cell 661"	
"SRR5530091"	"Mus musculus"	"http://purl.obolibrary.org/obo/NCBITaxon_10090"	"C57BL/6"	"http://www.ebi.ac.uk/efo/EFO_0004472"	"12 to 15 week"		"adult"	"http://www.ebi.ac.uk/efo/EFO_0001272"	"brain without olfactory bulb"		"Cldn5-GFP"		"Brain single cell 662"	
"SRR5530092"	"Mus musculus"	"http://purl.obolibrary.org/obo/NCBITaxon_10090"	"C57BL/6"	"http://www.ebi.ac.uk/efo/EFO_0004472"	"12 to 15 week"		"adult"	"http://www.ebi.ac.uk/efo/EFO_0001272"	"brain without olfactory bulb"		"Cldn5-GFP"		"Brain single cell 663"	
"SRR5530093"	"Mus musculus"	"http://purl.obolibrary.org/obo/NCBITaxon_10090"	"C57BL/6"	"http://www.ebi.ac.uk/efo/EFO_0004472"	"12 to 15 week"		"adult"	"http://www.ebi.ac.uk/efo/EFO_0001272"	"brain without olfactory bulb"		"Cldn5-GFP"		"Brain single cell 664"	
"SRR5530094"	"Mus musculus"	"http://purl.obolibrary.org/obo/NCBITaxon_10090"	"C57BL/6"	"http://www.ebi.ac.uk/efo/EFO_0004472"	"12 to 15 week"		"adult"	"http://www.ebi.ac.uk/efo/EFO_0001272"	"brain without olfactory bulb"		"Cldn5-GFP"		"Brain single cell 665"	
"SRR5530095"	"Mus musculus"	"http://purl.obolibrary.org/obo/NCBITaxon_10090"	"C57BL/6"	"http://www.ebi.ac.uk/efo/EFO_0004472"	"12 to 15 week"		"adult"	"http://www.ebi.ac.uk/efo/EFO_0001272"	"brain without olfactory bulb"		"Cldn5-GFP"		"Brain single cell 666"	
"SRR5530096"	"Mus musculus"	"http://purl.obolibrary.org/obo/NCBITaxon_10090"	"C57BL/6"	"http://www.ebi.ac.uk/efo/EFO_0004472"	"12 to 15 week"		"adult"	"http://www.ebi.ac.uk/efo/EFO_0001272"	"brain without olfactory bulb"		"Cldn5-GFP"		"Brain single cell 667"	
"SRR5530097"	"Mus musculus"	"http://purl.obolibrary.org/obo/NCBITaxon_10090"	"C57BL/6"	"http://www.ebi.ac.uk/efo/EFO_0004472"	"12 to 15 week"		"adult"	"http://www.ebi.ac.uk/efo/EFO_0001272"	"brain without olfactory bulb"		"Cldn5-GFP"		"Brain single cell 668"	
"SRR5530098"	"Mus musculus"	"http://purl.obolibrary.org/obo/NCBITaxon_10090"	"C57BL/6"	"http://www.ebi.ac.uk/efo/EFO_0004472"	"12 to 15 week"		"adult"	"http://www.ebi.ac.uk/efo/EFO_0001272"	"brain without olfactory bulb"		"Cldn5-GFP"		"Brain single cell 669"	
"SRR5530099"	"Mus musculus"	"http://purl.obolibrary.org/obo/NCBITaxon_10090"	"C57BL/6"	"http://www.ebi.ac.uk/efo/EFO_0004472"	"12 to 15 week"		"adult"	"http://www.ebi.ac.uk/efo/EFO_0001272"	"brain without olfactory bulb"		"Cldn5-GFP"		"Brain single cell 670"	
"SRR5530100"	"Mus musculus"	"http://purl.obolibrary.org/obo/NCBITaxon_10090"	"C57BL/6"	"http://www.ebi.ac.uk/efo/EFO_0004472"	"12 to 15 week"		"adult"	"http://www.ebi.ac.uk/efo/EFO_0001272"	"brain without olfactory bulb"		"Cldn5-GFP"		"Brain single cell 671"	
"SRR5530101"	"Mus musculus"	"http://purl.obolibrary.org/obo/NCBITaxon_10090"	"C57BL/6"	"http://www.ebi.ac.uk/efo/EFO_0004472"	"12 to 15 week"		"adult"	"http://www.ebi.ac.uk/efo/EFO_0001272"	"brain without olfactory bulb"		"Cldn5-GFP"		"Brain single cell 672"	
"SRR5530102"	"Mus musculus"	"http://purl.obolibrary.org/obo/NCBITaxon_10090"	"C57BL/6"	"http://www.ebi.ac.uk/efo/EFO_0004472"	"12 to 15 week"		"adult"	"http://www.ebi.ac.uk/efo/EFO_0001272"	"brain without olfactory bulb"		"Cldn5-GFP"		"Brain single cell 673"	
"SRR5530103"	"Mus musculus"	"http://purl.obolibrary.org/obo/NCBITaxon_10090"	"C57BL/6"	"http://www.ebi.ac.uk/efo/EFO_0004472"	"12 to 15 week"		"adult"	"http://www.ebi.ac.uk/efo/EFO_0001272"	"brain without olfactory bulb"		"Cldn5-GFP"		"Brain single cell 674"	
"SRR5530104"	"Mus musculus"	"http://purl.obolibrary.org/obo/NCBITaxon_10090"	"C57BL/6"	"http://www.ebi.ac.uk/efo/EFO_0004472"	"12 to 15 week"		"adult"	"http://www.ebi.ac.uk/efo/EFO_0001272"	"brain without olfactory bulb"		"Cldn5-GFP"		"Brain single cell 675"	
"SRR5530105"	"Mus musculus"	"http://purl.obolibrary.org/obo/NCBITaxon_10090"	"C57BL/6"	"http://www.ebi.ac.uk/efo/EFO_0004472"	"12 to 15 week"		"adult"	"http://www.ebi.ac.uk/efo/EFO_0001272"	"brain without olfactory bulb"		"Cldn5-GFP"		"Brain single cell 676"	
"SRR5530106"	"Mus musculus"	"http://purl.obolibrary.org/obo/NCBITaxon_10090"	"C57BL/6"	"http://www.ebi.ac.uk/efo/EFO_0004472"	"12 to 15 week"		"adult"	"http://www.ebi.ac.uk/efo/EFO_0001272"	"brain without olfactory bulb"		"Cldn5-GFP"		"Brain single cell 677"	
"SRR5530107"	"Mus musculus"	"http://purl.obolibrary.org/obo/NCBITaxon_10090"	"C57BL/6"	"http://www.ebi.ac.uk/efo/EFO_0004472"	"12 to 15 week"		"adult"	"http://www.ebi.ac.uk/efo/EFO_0001272"	"brain without olfactory bulb"		"Cldn5-GFP"		"Brain single cell 678"	
"SRR5530108"	"Mus musculus"	"http://purl.obolibrary.org/obo/NCBITaxon_10090"	"C57BL/6"	"http://www.ebi.ac.uk/efo/EFO_0004472"	"12 to 15 week"		"adult"	"http://www.ebi.ac.uk/efo/EFO_0001272"	"brain without olfactory bulb"		"Cldn5-GFP"		"Brain single cell 679"	
"SRR5530109"	"Mus musculus"	"http://purl.obolibrary.org/obo/NCBITaxon_10090"	"C57BL/6"	"http://www.ebi.ac.uk/efo/EFO_0004472"	"12 to 15 week"		"adult"	"http://www.ebi.ac.uk/efo/EFO_0001272"	"brain without olfactory bulb"		"Cldn5-GFP"		"Brain single cell 680"	
"SRR5530110"	"Mus musculus"	"http://purl.obolibrary.org/obo/NCBITaxon_10090"	"C57BL/6"	"http://www.ebi.ac.uk/efo/EFO_0004472"	"12 to 15 week"		"adult"	"http://www.ebi.ac.uk/efo/EFO_0001272"	"brain without olfactory bulb"		"Cldn5-GFP"		"Brain single cell 681"	
"SRR5530111"	"Mus musculus"	"http://purl.obolibrary.org/obo/NCBITaxon_10090"	"C57BL/6"	"http://www.ebi.ac.uk/efo/EFO_0004472"	"12 to 15 week"		"adult"	"http://www.ebi.ac.uk/efo/EFO_0001272"	"brain without olfactory bulb"		"Cldn5-GFP"		"Brain single cell 682"	
"SRR5530112"	"Mus musculus"	"http://purl.obolibrary.org/obo/NCBITaxon_10090"	"C57BL/6"	"http://www.ebi.ac.uk/efo/EFO_0004472"	"12 to 15 week"		"adult"	"http://www.ebi.ac.uk/efo/EFO_0001272"	"brain without olfactory bulb"		"Cldn5-GFP"		"Brain single cell 683"	
"SRR5530113"	"Mus musculus"	"http://purl.obolibrary.org/obo/NCBITaxon_10090"	"C57BL/6"	"http://www.ebi.ac.uk/efo/EFO_0004472"	"12 to 15 week"		"adult"	"http://www.ebi.ac.uk/efo/EFO_0001272"	"brain without olfactory bulb"		"Cldn5-GFP"		"Brain single cell 684"	
"SRR5530114"	"Mus musculus"	"http://purl.obolibrary.org/obo/NCBITaxon_10090"	"C57BL/6"	"http://www.ebi.ac.uk/efo/EFO_0004472"	"12 to 15 week"		"adult"	"http://www.ebi.ac.uk/efo/EFO_0001272"	"brain without olfactory bulb"		"Cldn5-GFP"		"Brain single cell 685"	
"SRR5530115"	"Mus musculus"	"http://purl.obolibrary.org/obo/NCBITaxon_10090"	"C57BL/6"	"http://www.ebi.ac.uk/efo/EFO_0004472"	"12 to 15 week"		"adult"	"http://www.ebi.ac.uk/efo/EFO_0001272"	"brain without olfactory bulb"		"Cldn5-GFP"		"Brain single cell 686"	
"SRR5530116"	"Mus musculus"	"http://purl.obolibrary.org/obo/NCBITaxon_10090"	"C57BL/6"	"http://www.ebi.ac.uk/efo/EFO_0004472"	"12 to 15 week"		"adult"	"http://www.ebi.ac.uk/efo/EFO_0001272"	"brain without olfactory bulb"		"Cldn5-GFP"		"Brain single cell 687"	
"SRR5530117"	"Mus musculus"	"http://purl.obolibrary.org/obo/NCBITaxon_10090"	"C57BL/6"	"http://www.ebi.ac.uk/efo/EFO_0004472"	"12 to 15 week"		"adult"	"http://www.ebi.ac.uk/efo/EFO_0001272"	"brain without olfactory bulb"		"Cldn5-GFP"		"Brain single cell 688"	
"SRR5530118"	"Mus musculus"	"http://purl.obolibrary.org/obo/NCBITaxon_10090"	"C57BL/6"	"http://www.ebi.ac.uk/efo/EFO_0004472"	"12 to 15 week"		"adult"	"http://www.ebi.ac.uk/efo/EFO_0001272"	"brain without olfactory bulb"		"Cldn5-GFP"		"Brain single cell 689"	
"SRR5530119"	"Mus musculus"	"http://purl.obolibrary.org/obo/NCBITaxon_10090"	"C57BL/6"	"http://www.ebi.ac.uk/efo/EFO_0004472"	"12 to 15 week"		"adult"	"http://www.ebi.ac.uk/efo/EFO_0001272"	"brain without olfactory bulb"		"Cldn5-GFP"		"Brain single cell 690"	
"SRR5530120"	"Mus musculus"	"http://purl.obolibrary.org/obo/NCBITaxon_10090"	"C57BL/6"	"http://www.ebi.ac.uk/efo/EFO_0004472"	"12 to 15 week"		"adult"	"http://www.ebi.ac.uk/efo/EFO_0001272"	"brain without olfactory bulb"		"Cldn5-GFP"		"Brain single cell 691"	
"SRR5530121"	"Mus musculus"	"http://purl.obolibrary.org/obo/NCBITaxon_10090"	"C57BL/6"	"http://www.ebi.ac.uk/efo/EFO_0004472"	"12 to 15 week"		"adult"	"http://www.ebi.ac.uk/efo/EFO_0001272"	"brain without olfactory bulb"		"Cldn5-GFP"		"Brain single cell 692"	
"SRR5530122"	"Mus musculus"	"http://purl.obolibrary.org/obo/NCBITaxon_10090"	"C57BL/6"	"http://www.ebi.ac.uk/efo/EFO_0004472"	"12 to 15 week"		"adult"	"http://www.ebi.ac.uk/efo/EFO_0001272"	"brain without olfactory bulb"		"Cldn5-GFP"		"Brain single cell 693"	
"SRR5530123"	"Mus musculus"	"http://purl.obolibrary.org/obo/NCBITaxon_10090"	"C57BL/6"	"http://www.ebi.ac.uk/efo/EFO_0004472"	"12 to 15 week"		"adult"	"http://www.ebi.ac.uk/efo/EFO_0001272"	"brain without olfactory bulb"		"Cldn5-GFP"		"Brain single cell 694"	
"SRR5530124"	"Mus musculus"	"http://purl.obolibrary.org/obo/NCBITaxon_10090"	"C57BL/6"	"http://www.ebi.ac.uk/efo/EFO_0004472"	"12 to 15 week"		"adult"	"http://www.ebi.ac.uk/efo/EFO_0001272"	"brain without olfactory bulb"		"Cldn5-GFP"		"Brain single cell 695"	
"SRR5530125"	"Mus musculus"	"http://purl.obolibrary.org/obo/NCBITaxon_10090"	"C57BL/6"	"http://www.ebi.ac.uk/efo/EFO_0004472"	"12 to 15 week"		"adult"	"http://www.ebi.ac.uk/efo/EFO_0001272"	"brain without olfactory bulb"		"Cldn5-GFP"		"Brain single cell 696"	
"SRR5530126"	"Mus musculus"	"http://purl.obolibrary.org/obo/NCBITaxon_10090"	"C57BL/6"	"http://www.ebi.ac.uk/efo/EFO_0004472"	"12 to 15 week"		"adult"	"http://www.ebi.ac.uk/efo/EFO_0001272"	"brain without olfactory bulb"		"Cldn5-GFP"		"Brain single cell 697"	
"SRR5530127"	"Mus musculus"	"http://purl.obolibrary.org/obo/NCBITaxon_10090"	"C57BL/6"	"http://www.ebi.ac.uk/efo/EFO_0004472"	"12 to 15 week"		"adult"	"http://www.ebi.ac.uk/efo/EFO_0001272"	"brain without olfactory bulb"		"Cldn5-GFP"		"Brain single cell 698"	
"SRR5530128"	"Mus musculus"	"http://purl.obolibrary.org/obo/NCBITaxon_10090"	"C57BL/6"	"http://www.ebi.ac.uk/efo/EFO_0004472"	"12 to 15 week"		"adult"	"http://www.ebi.ac.uk/efo/EFO_0001272"	"brain without olfactory bulb"		"Cldn5-GFP"		"Brain single cell 699"	
"SRR5530129"	"Mus musculus"	"http://purl.obolibrary.org/obo/NCBITaxon_10090"	"C57BL/6"	"http://www.ebi.ac.uk/efo/EFO_0004472"	"12 to 15 week"		"adult"	"http://www.ebi.ac.uk/efo/EFO_0001272"	"brain without olfactory bulb"		"Cldn5-GFP"		"Brain single cell 700"	
"SRR5530130"	"Mus musculus"	"http://purl.obolibrary.org/obo/NCBITaxon_10090"	"C57BL/6"	"http://www.ebi.ac.uk/efo/EFO_0004472"	"12 to 15 week"		"adult"	"http://www.ebi.ac.uk/efo/EFO_0001272"	"brain without olfactory bulb"		"Cldn5-GFP"		"Brain single cell 701"	
"SRR5530131"	"Mus musculus"	"http://purl.obolibrary.org/obo/NCBITaxon_10090"	"C57BL/6"	"http://www.ebi.ac.uk/efo/EFO_0004472"	"12 to 15 week"		"adult"	"http://www.ebi.ac.uk/efo/EFO_0001272"	"brain without olfactory bulb"		"Cldn5-GFP"		"Brain single cell 702"	
"SRR5530132"	"Mus musculus"	"http://purl.obolibrary.org/obo/NCBITaxon_10090"	"C57BL/6"	"http://www.ebi.ac.uk/efo/EFO_0004472"	"12 to 15 week"		"adult"	"http://www.ebi.ac.uk/efo/EFO_0001272"	"brain without olfactory bulb"		"Cldn5-GFP"		"Brain single cell 703"	
"SRR5530133"	"Mus musculus"	"http://purl.obolibrary.org/obo/NCBITaxon_10090"	"C57BL/6"	"http://www.ebi.ac.uk/efo/EFO_0004472"	"12 to 15 week"		"adult"	"http://www.ebi.ac.uk/efo/EFO_0001272"	"brain without olfactory bulb"		"Cldn5-GFP"		"Brain single cell 704"	
"SRR5530134"	"Mus musculus"	"http://purl.obolibrary.org/obo/NCBITaxon_10090"	"C57BL/6"	"http://www.ebi.ac.uk/efo/EFO_0004472"	"12 to 15 week"		"adult"	"http://www.ebi.ac.uk/efo/EFO_0001272"	"brain without olfactory bulb"		"Cldn5-GFP"		"Brain single cell 705"	
"SRR5530135"	"Mus musculus"	"http://purl.obolibrary.org/obo/NCBITaxon_10090"	"C57BL/6"	"http://www.ebi.ac.uk/efo/EFO_0004472"	"12 to 15 week"		"adult"	"http://www.ebi.ac.uk/efo/EFO_0001272"	"brain without olfactory bulb"		"Cldn5-GFP"		"Brain single cell 706"	
"SRR5530136"	"Mus musculus"	"http://purl.obolibrary.org/obo/NCBITaxon_10090"	"C57BL/6"	"http://www.ebi.ac.uk/efo/EFO_0004472"	"12 to 15 week"		"adult"	"http://www.ebi.ac.uk/efo/EFO_0001272"	"brain without olfactory bulb"		"Cldn5-GFP"		"Brain single cell 707"	
"SRR5530137"	"Mus musculus"	"http://purl.obolibrary.org/obo/NCBITaxon_10090"	"C57BL/6"	"http://www.ebi.ac.uk/efo/EFO_0004472"	"12 to 15 week"		"adult"	"http://www.ebi.ac.uk/efo/EFO_0001272"	"brain without olfactory bulb"		"Cldn5-GFP"		"Brain single cell 708"	
"SRR5530138"	"Mus musculus"	"http://purl.obolibrary.org/obo/NCBITaxon_10090"	"C57BL/6"	"http://www.ebi.ac.uk/efo/EFO_0004472"	"12 to 15 week"		"adult"	"http://www.ebi.ac.uk/efo/EFO_0001272"	"brain without olfactory bulb"		"Cldn5-GFP"		"Brain single cell 709"	
"SRR5530139"	"Mus musculus"	"http://purl.obolibrary.org/obo/NCBITaxon_10090"	"C57BL/6"	"http://www.ebi.ac.uk/efo/EFO_0004472"	"12 to 15 week"		"adult"	"http://www.ebi.ac.uk/efo/EFO_0001272"	"brain without olfactory bulb"		"Cldn5-GFP"		"Brain single cell 710"	
"SRR5530140"	"Mus musculus"	"http://purl.obolibrary.org/obo/NCBITaxon_10090"	"C57BL/6"	"http://www.ebi.ac.uk/efo/EFO_0004472"	"12 to 15 week"		"adult"	"http://www.ebi.ac.uk/efo/EFO_0001272"	"brain without olfactory bulb"		"Cldn5-GFP"		"Brain single cell 711"	
"SRR5530141"	"Mus musculus"	"http://purl.obolibrary.org/obo/NCBITaxon_10090"	"C57BL/6"	"http://www.ebi.ac.uk/efo/EFO_0004472"	"12 to 15 week"		"adult"	"http://www.ebi.ac.uk/efo/EFO_0001272"	"brain without olfactory bulb"		"Cldn5-GFP"		"Brain single cell 712"	
"SRR5530142"	"Mus musculus"	"http://purl.obolibrary.org/obo/NCBITaxon_10090"	"C57BL/6"	"http://www.ebi.ac.uk/efo/EFO_0004472"	"12 to 15 week"		"adult"	"http://www.ebi.ac.uk/efo/EFO_0001272"	"brain without olfactory bulb"		"Cldn5-GFP"		"Brain single cell 713"	
"SRR5530143"	"Mus musculus"	"http://purl.obolibrary.org/obo/NCBITaxon_10090"	"C57BL/6"	"http://www.ebi.ac.uk/efo/EFO_0004472"	"12 to 15 week"		"adult"	"http://www.ebi.ac.uk/efo/EFO_0001272"	"brain without olfactory bulb"		"Cldn5-GFP"		"Brain single cell 714"	
"SRR5530144"	"Mus musculus"	"http://purl.obolibrary.org/obo/NCBITaxon_10090"	"C57BL/6"	"http://www.ebi.ac.uk/efo/EFO_0004472"	"12 to 15 week"		"adult"	"http://www.ebi.ac.uk/efo/EFO_0001272"	"brain without olfactory bulb"		"Cldn5-GFP"		"Brain single cell 715"	
"SRR5530145"	"Mus musculus"	"http://purl.obolibrary.org/obo/NCBITaxon_10090"	"C57BL/6"	"http://www.ebi.ac.uk/efo/EFO_0004472"	"12 to 15 week"		"adult"	"http://www.ebi.ac.uk/efo/EFO_0001272"	"brain without olfactory bulb"		"Cldn5-GFP"		"Brain single cell 716"	
"SRR5530146"	"Mus musculus"	"http://purl.obolibrary.org/obo/NCBITaxon_10090"	"C57BL/6"	"http://www.ebi.ac.uk/efo/EFO_0004472"	"12 to 15 week"		"adult"	"http://www.ebi.ac.uk/efo/EFO_0001272"	"brain without olfactory bulb"		"Cldn5-GFP"		"Brain single cell 717"	
"SRR5530147"	"Mus musculus"	"http://purl.obolibrary.org/obo/NCBITaxon_10090"	"C57BL/6"	"http://www.ebi.ac.uk/efo/EFO_0004472"	"12 to 15 week"		"adult"	"http://www.ebi.ac.uk/efo/EFO_0001272"	"brain without olfactory bulb"		"Cldn5-GFP"		"Brain single cell 718"	
"SRR5530148"	"Mus musculus"	"http://purl.obolibrary.org/obo/NCBITaxon_10090"	"C57BL/6"	"http://www.ebi.ac.uk/efo/EFO_0004472"	"12 to 15 week"		"adult"	"http://www.ebi.ac.uk/efo/EFO_0001272"	"brain without olfactory bulb"		"Cldn5-GFP"		"Brain single cell 719"	
"SRR5530149"	"Mus musculus"	"http://purl.obolibrary.org/obo/NCBITaxon_10090"	"C57BL/6"	"http://www.ebi.ac.uk/efo/EFO_0004472"	"12 to 15 week"		"adult"	"http://www.ebi.ac.uk/efo/EFO_0001272"	"brain without olfactory bulb"		"Cldn5-GFP"		"Brain single cell 720"	
"SRR5530150"	"Mus musculus"	"http://purl.obolibrary.org/obo/NCBITaxon_10090"	"C57BL/6"	"http://www.ebi.ac.uk/efo/EFO_0004472"	"12 to 15 week"		"adult"	"http://www.ebi.ac.uk/efo/EFO_0001272"	"brain without olfactory bulb"		"Cldn5-GFP"		"Brain single cell 721"	
"SRR5530151"	"Mus musculus"	"http://purl.obolibrary.org/obo/NCBITaxon_10090"	"C57BL/6"	"http://www.ebi.ac.uk/efo/EFO_0004472"	"12 to 15 week"		"adult"	"http://www.ebi.ac.uk/efo/EFO_0001272"	"brain without olfactory bulb"		"Cldn5-GFP"		"Brain single cell 722"	
"SRR5530152"	"Mus musculus"	"http://purl.obolibrary.org/obo/NCBITaxon_10090"	"C57BL/6"	"http://www.ebi.ac.uk/efo/EFO_0004472"	"12 to 15 week"		"adult"	"http://www.ebi.ac.uk/efo/EFO_0001272"	"brain without olfactory bulb"		"Cldn5-GFP"		"Brain single cell 723"	
"SRR5530153"	"Mus musculus"	"http://purl.obolibrary.org/obo/NCBITaxon_10090"	"C57BL/6"	"http://www.ebi.ac.uk/efo/EFO_0004472"	"12 to 15 week"		"adult"	"http://www.ebi.ac.uk/efo/EFO_0001272"	"brain without olfactory bulb"		"Cldn5-GFP"		"Brain single cell 724"	
"SRR5530154"	"Mus musculus"	"http://purl.obolibrary.org/obo/NCBITaxon_10090"	"C57BL/6"	"http://www.ebi.ac.uk/efo/EFO_0004472"	"12 to 15 week"		"adult"	"http://www.ebi.ac.uk/efo/EFO_0001272"	"brain without olfactory bulb"		"Cldn5-GFP"		"Brain single cell 725"	
"SRR5530155"	"Mus musculus"	"http://purl.obolibrary.org/obo/NCBITaxon_10090"	"C57BL/6"	"http://www.ebi.ac.uk/efo/EFO_0004472"	"12 to 15 week"		"adult"	"http://www.ebi.ac.uk/efo/EFO_0001272"	"brain without olfactory bulb"		"Cldn5-GFP"		"Brain single cell 726"	
"SRR5530156"	"Mus musculus"	"http://purl.obolibrary.org/obo/NCBITaxon_10090"	"C57BL/6"	"http://www.ebi.ac.uk/efo/EFO_0004472"	"12 to 15 week"		"adult"	"http://www.ebi.ac.uk/efo/EFO_0001272"	"brain without olfactory bulb"		"Cldn5-GFP"		"Brain single cell 727"	
"SRR5530157"	"Mus musculus"	"http://purl.obolibrary.org/obo/NCBITaxon_10090"	"C57BL/6"	"http://www.ebi.ac.uk/efo/EFO_0004472"	"12 to 15 week"		"adult"	"http://www.ebi.ac.uk/efo/EFO_0001272"	"brain without olfactory bulb"		"Cldn5-GFP"		"Brain single cell 728"	
"SRR5530158"	"Mus musculus"	"http://purl.obolibrary.org/obo/NCBITaxon_10090"	"C57BL/6"	"http://www.ebi.ac.uk/efo/EFO_0004472"	"12 to 15 week"		"adult"	"http://www.ebi.ac.uk/efo/EFO_0001272"	"brain without olfactory bulb"		"Cldn5-GFP"		"Brain single cell 729"	
"SRR5530159"	"Mus musculus"	"http://purl.obolibrary.org/obo/NCBITaxon_10090"	"C57BL/6"	"http://www.ebi.ac.uk/efo/EFO_0004472"	"12 to 15 week"		"adult"	"http://www.ebi.ac.uk/efo/EFO_0001272"	"brain without olfactory bulb"		"Cldn5-GFP"		"Brain single cell 730"	
"SRR5530160"	"Mus musculus"	"http://purl.obolibrary.org/obo/NCBITaxon_10090"	"C57BL/6"	"http://www.ebi.ac.uk/efo/EFO_0004472"	"12 to 15 week"		"adult"	"http://www.ebi.ac.uk/efo/EFO_0001272"	"brain without olfactory bulb"		"Cldn5-GFP"		"Brain single cell 731"	
"SRR5530161"	"Mus musculus"	"http://purl.obolibrary.org/obo/NCBITaxon_10090"	"C57BL/6"	"http://www.ebi.ac.uk/efo/EFO_0004472"	"12 to 15 week"		"adult"	"http://www.ebi.ac.uk/efo/EFO_0001272"	"brain without olfactory bulb"		"Cldn5-GFP"		"Brain single cell 732"	
"SRR5530162"	"Mus musculus"	"http://purl.obolibrary.org/obo/NCBITaxon_10090"	"C57BL/6"	"http://www.ebi.ac.uk/efo/EFO_0004472"	"12 to 15 week"		"adult"	"http://www.ebi.ac.uk/efo/EFO_0001272"	"brain without olfactory bulb"		"Cldn5-GFP"		"Brain single cell 733"	
"SRR5530163"	"Mus musculus"	"http://purl.obolibrary.org/obo/NCBITaxon_10090"	"C57BL/6"	"http://www.ebi.ac.uk/efo/EFO_0004472"	"12 to 15 week"		"adult"	"http://www.ebi.ac.uk/efo/EFO_0001272"	"brain without olfactory bulb"		"Cldn5-GFP"		"Brain single cell 734"	
"SRR5530164"	"Mus musculus"	"http://purl.obolibrary.org/obo/NCBITaxon_10090"	"C57BL/6"	"http://www.ebi.ac.uk/efo/EFO_0004472"	"12 to 15 week"		"adult"	"http://www.ebi.ac.uk/efo/EFO_0001272"	"brain without olfactory bulb"		"Cldn5-GFP"		"Brain single cell 735"	
"SRR5530165"	"Mus musculus"	"http://purl.obolibrary.org/obo/NCBITaxon_10090"	"C57BL/6"	"http://www.ebi.ac.uk/efo/EFO_0004472"	"12 to 15 week"		"adult"	"http://www.ebi.ac.uk/efo/EFO_0001272"	"brain without olfactory bulb"		"Cldn5-GFP"		"Brain single cell 736"	
"SRR5530166"	"Mus musculus"	"http://purl.obolibrary.org/obo/NCBITaxon_10090"	"C57BL/6"	"http://www.ebi.ac.uk/efo/EFO_0004472"	"12 to 15 week"		"adult"	"http://www.ebi.ac.uk/efo/EFO_0001272"	"brain without olfactory bulb"		"Cldn5-GFP"		"Brain single cell 737"	
"SRR5530167"	"Mus musculus"	"http://purl.obolibrary.org/obo/NCBITaxon_10090"	"C57BL/6"	"http://www.ebi.ac.uk/efo/EFO_0004472"	"12 to 15 week"		"adult"	"http://www.ebi.ac.uk/efo/EFO_0001272"	"brain without olfactory bulb"		"Cldn5-GFP"		"Brain single cell 738"	
"SRR5530168"	"Mus musculus"	"http://purl.obolibrary.org/obo/NCBITaxon_10090"	"C57BL/6"	"http://www.ebi.ac.uk/efo/EFO_0004472"	"12 to 15 week"		"adult"	"http://www.ebi.ac.uk/efo/EFO_0001272"	"brain without olfactory bulb"		"Cldn5-GFP"		"Brain single cell 739"	
"SRR5530169"	"Mus musculus"	"http://purl.obolibrary.org/obo/NCBITaxon_10090"	"C57BL/6"	"http://www.ebi.ac.uk/efo/EFO_0004472"	"12 to 15 week"		"adult"	"http://www.ebi.ac.uk/efo/EFO_0001272"	"brain without olfactory bulb"		"Cldn5-GFP"		"Brain single cell 740"	
"SRR5530170"	"Mus musculus"	"http://purl.obolibrary.org/obo/NCBITaxon_10090"	"C57BL/6"	"http://www.ebi.ac.uk/efo/EFO_0004472"	"12 to 15 week"		"adult"	"http://www.ebi.ac.uk/efo/EFO_0001272"	"brain without olfactory bulb"		"Cldn5-GFP"		"Brain single cell 741"	
"SRR5530171"	"Mus musculus"	"http://purl.obolibrary.org/obo/NCBITaxon_10090"	"C57BL/6"	"http://www.ebi.ac.uk/efo/EFO_0004472"	"12 to 15 week"		"adult"	"http://www.ebi.ac.uk/efo/EFO_0001272"	"brain without olfactory bulb"		"Cldn5-GFP"		"Brain single cell 742"	
"SRR5530172"	"Mus musculus"	"http://purl.obolibrary.org/obo/NCBITaxon_10090"	"C57BL/6"	"http://www.ebi.ac.uk/efo/EFO_0004472"	"12 to 15 week"		"adult"	"http://www.ebi.ac.uk/efo/EFO_0001272"	"brain without olfactory bulb"		"Cldn5-GFP"		"Brain single cell 743"	
"SRR5530173"	"Mus musculus"	"http://purl.obolibrary.org/obo/NCBITaxon_10090"	"C57BL/6"	"http://www.ebi.ac.uk/efo/EFO_0004472"	"12 to 15 week"		"adult"	"http://www.ebi.ac.uk/efo/EFO_0001272"	"brain without olfactory bulb"		"Cldn5-GFP"		"Brain single cell 744"	
"SRR5530174"	"Mus musculus"	"http://purl.obolibrary.org/obo/NCBITaxon_10090"	"C57BL/6"	"http://www.ebi.ac.uk/efo/EFO_0004472"	"12 to 15 week"		"adult"	"http://www.ebi.ac.uk/efo/EFO_0001272"	"brain without olfactory bulb"		"Cldn5-GFP"		"Brain single cell 745"	
"SRR5530175"	"Mus musculus"	"http://purl.obolibrary.org/obo/NCBITaxon_10090"	"C57BL/6"	"http://www.ebi.ac.uk/efo/EFO_0004472"	"12 to 15 week"		"adult"	"http://www.ebi.ac.uk/efo/EFO_0001272"	"brain without olfactory bulb"		"Cldn5-GFP"		"Brain single cell 746"	
"SRR5530176"	"Mus musculus"	"http://purl.obolibrary.org/obo/NCBITaxon_10090"	"C57BL/6"	"http://www.ebi.ac.uk/efo/EFO_0004472"	"12 to 15 week"		"adult"	"http://www.ebi.ac.uk/efo/EFO_0001272"	"brain without olfactory bulb"		"Cldn5-GFP"		"Brain single cell 747"	
"SRR5530177"	"Mus musculus"	"http://purl.obolibrary.org/obo/NCBITaxon_10090"	"C57BL/6"	"http://www.ebi.ac.uk/efo/EFO_0004472"	"12 to 15 week"		"adult"	"http://www.ebi.ac.uk/efo/EFO_0001272"	"brain without olfactory bulb"		"Cldn5-GFP"		"Brain single cell 748"	
"SRR5530178"	"Mus musculus"	"http://purl.obolibrary.org/obo/NCBITaxon_10090"	"C57BL/6"	"http://www.ebi.ac.uk/efo/EFO_0004472"	"12 to 15 week"		"adult"	"http://www.ebi.ac.uk/efo/EFO_0001272"	"brain without olfactory bulb"		"Cldn5-GFP"		"Brain single cell 749"	
"SRR5530179"	"Mus musculus"	"http://purl.obolibrary.org/obo/NCBITaxon_10090"	"C57BL/6"	"http://www.ebi.ac.uk/efo/EFO_0004472"	"12 to 15 week"		"adult"	"http://www.ebi.ac.uk/efo/EFO_0001272"	"brain without olfactory bulb"		"Cldn5-GFP"		"Brain single cell 750"	
"SRR5530180"	"Mus musculus"	"http://purl.obolibrary.org/obo/NCBITaxon_10090"	"C57BL/6"	"http://www.ebi.ac.uk/efo/EFO_0004472"	"12 to 15 week"		"adult"	"http://www.ebi.ac.uk/efo/EFO_0001272"	"brain without olfactory bulb"		"Cldn5-GFP"		"Brain single cell 751"	
"SRR5530181"	"Mus musculus"	"http://purl.obolibrary.org/obo/NCBITaxon_10090"	"C57BL/6"	"http://www.ebi.ac.uk/efo/EFO_0004472"	"12 to 15 week"		"adult"	"http://www.ebi.ac.uk/efo/EFO_0001272"	"brain without olfactory bulb"		"Cldn5-GFP"		"Brain single cell 752"	
"SRR5530182"	"Mus musculus"	"http://purl.obolibrary.org/obo/NCBITaxon_10090"	"C57BL/6"	"http://www.ebi.ac.uk/efo/EFO_0004472"	"12 to 15 week"		"adult"	"http://www.ebi.ac.uk/efo/EFO_0001272"	"brain without olfactory bulb"		"Cldn5-GFP"		"Brain single cell 753"	
"SRR5530183"	"Mus musculus"	"http://purl.obolibrary.org/obo/NCBITaxon_10090"	"C57BL/6"	"http://www.ebi.ac.uk/efo/EFO_0004472"	"12 to 15 week"		"adult"	"http://www.ebi.ac.uk/efo/EFO_0001272"	"brain without olfactory bulb"		"Cldn5-GFP"		"Brain single cell 754"	
"SRR5530184"	"Mus musculus"	"http://purl.obolibrary.org/obo/NCBITaxon_10090"	"C57BL/6"	"http://www.ebi.ac.uk/efo/EFO_0004472"	"12 to 15 week"		"adult"	"http://www.ebi.ac.uk/efo/EFO_0001272"	"brain without olfactory bulb"		"Cldn5-GFP"		"Brain single cell 755"	
"SRR5530185"	"Mus musculus"	"http://purl.obolibrary.org/obo/NCBITaxon_10090"	"C57BL/6"	"http://www.ebi.ac.uk/efo/EFO_0004472"	"12 to 15 week"		"adult"	"http://www.ebi.ac.uk/efo/EFO_0001272"	"brain without olfactory bulb"		"Cldn5-GFP"		"Brain single cell 756"	
"SRR5530186"	"Mus musculus"	"http://purl.obolibrary.org/obo/NCBITaxon_10090"	"C57BL/6"	"http://www.ebi.ac.uk/efo/EFO_0004472"	"12 to 15 week"		"adult"	"http://www.ebi.ac.uk/efo/EFO_0001272"	"brain without olfactory bulb"		"Cldn5-GFP"		"Brain single cell 757"	
"SRR5530187"	"Mus musculus"	"http://purl.obolibrary.org/obo/NCBITaxon_10090"	"C57BL/6"	"http://www.ebi.ac.uk/efo/EFO_0004472"	"12 to 15 week"		"adult"	"http://www.ebi.ac.uk/efo/EFO_0001272"	"brain without olfactory bulb"		"Cldn5-GFP"		"Brain single cell 758"	
"SRR5530188"	"Mus musculus"	"http://purl.obolibrary.org/obo/NCBITaxon_10090"	"C57BL/6"	"http://www.ebi.ac.uk/efo/EFO_0004472"	"12 to 15 week"		"adult"	"http://www.ebi.ac.uk/efo/EFO_0001272"	"brain without olfactory bulb"		"Cldn5-GFP"		"Brain single cell 759"	
"SRR5530189"	"Mus musculus"	"http://purl.obolibrary.org/obo/NCBITaxon_10090"	"C57BL/6"	"http://www.ebi.ac.uk/efo/EFO_0004472"	"12 to 15 week"		"adult"	"http://www.ebi.ac.uk/efo/EFO_0001272"	"brain without olfactory bulb"		"Cldn5-GFP"		"Brain single cell 760"	
"SRR5530190"	"Mus musculus"	"http://purl.obolibrary.org/obo/NCBITaxon_10090"	"C57BL/6"	"http://www.ebi.ac.uk/efo/EFO_0004472"	"12 to 15 week"		"adult"	"http://www.ebi.ac.uk/efo/EFO_0001272"	"brain without olfactory bulb"		"Cldn5-GFP"		"Brain single cell 761"	
"SRR5530191"	"Mus musculus"	"http://purl.obolibrary.org/obo/NCBITaxon_10090"	"C57BL/6"	"http://www.ebi.ac.uk/efo/EFO_0004472"	"12 to 15 week"		"adult"	"http://www.ebi.ac.uk/efo/EFO_0001272"	"brain without olfactory bulb"		"Cldn5-GFP"		"Brain single cell 762"	
"SRR5530192"	"Mus musculus"	"http://purl.obolibrary.org/obo/NCBITaxon_10090"	"C57BL/6"	"http://www.ebi.ac.uk/efo/EFO_0004472"	"12 to 15 week"		"adult"	"http://www.ebi.ac.uk/efo/EFO_0001272"	"brain without olfactory bulb"		"Cldn5-GFP"		"Brain single cell 763"	
"SRR5530193"	"Mus musculus"	"http://purl.obolibrary.org/obo/NCBITaxon_10090"	"C57BL/6"	"http://www.ebi.ac.uk/efo/EFO_0004472"	"12 to 15 week"		"adult"	"http://www.ebi.ac.uk/efo/EFO_0001272"	"brain without olfactory bulb"		"Cldn5-GFP"		"Brain single cell 764"	
"SRR5530194"	"Mus musculus"	"http://purl.obolibrary.org/obo/NCBITaxon_10090"	"C57BL/6"	"http://www.ebi.ac.uk/efo/EFO_0004472"	"12 to 15 week"		"adult"	"http://www.ebi.ac.uk/efo/EFO_0001272"	"brain without olfactory bulb"		"Cldn5-GFP"		"Brain single cell 765"	
"SRR5530195"	"Mus musculus"	"http://purl.obolibrary.org/obo/NCBITaxon_10090"	"C57BL/6"	"http://www.ebi.ac.uk/efo/EFO_0004472"	"12 to 15 week"		"adult"	"http://www.ebi.ac.uk/efo/EFO_0001272"	"brain without olfactory bulb"		"Cldn5-GFP"		"Brain single cell 766"	
"SRR5530196"	"Mus musculus"	"http://purl.obolibrary.org/obo/NCBITaxon_10090"	"C57BL/6"	"http://www.ebi.ac.uk/efo/EFO_0004472"	"12 to 15 week"		"adult"	"http://www.ebi.ac.uk/efo/EFO_0001272"	"brain without olfactory bulb"		"Cldn5-GFP"		"Brain single cell 767"	
"SRR5530197"	"Mus musculus"	"http://purl.obolibrary.org/obo/NCBITaxon_10090"	"C57BL/6"	"http://www.ebi.ac.uk/efo/EFO_0004472"	"12 to 15 week"		"adult"	"http://www.ebi.ac.uk/efo/EFO_0001272"	"brain without olfactory bulb"		"Cldn5-GFP"		"Brain single cell 768"	
"SRR5530198"	"Mus musculus"	"http://purl.obolibrary.org/obo/NCBITaxon_10090"	"C57BL/6"	"http://www.ebi.ac.uk/efo/EFO_0004472"	"12 to 15 week"		"adult"	"http://www.ebi.ac.uk/efo/EFO_0001272"	"brain without olfactory bulb"		"Cldn5-GFP"		"Brain single cell 769"	
"SRR5530199"	"Mus musculus"	"http://purl.obolibrary.org/obo/NCBITaxon_10090"	"C57BL/6"	"http://www.ebi.ac.uk/efo/EFO_0004472"	"12 to 15 week"		"adult"	"http://www.ebi.ac.uk/efo/EFO_0001272"	"brain without olfactory bulb"		"Cldn5-GFP"		"Brain single cell 770"	
"SRR5530200"	"Mus musculus"	"http://purl.obolibrary.org/obo/NCBITaxon_10090"	"C57BL/6"	"http://www.ebi.ac.uk/efo/EFO_0004472"	"12 to 15 week"		"adult"	"http://www.ebi.ac.uk/efo/EFO_0001272"	"brain without olfactory bulb"		"Cldn5-GFP"		"Brain single cell 771"	
"SRR5530201"	"Mus musculus"	"http://purl.obolibrary.org/obo/NCBITaxon_10090"	"C57BL/6"	"http://www.ebi.ac.uk/efo/EFO_0004472"	"12 to 15 week"		"adult"	"http://www.ebi.ac.uk/efo/EFO_0001272"	"brain without olfactory bulb"		"Cldn5-GFP"		"Brain single cell 772"	
"SRR5530202"	"Mus musculus"	"http://purl.obolibrary.org/obo/NCBITaxon_10090"	"C57BL/6"	"http://www.ebi.ac.uk/efo/EFO_0004472"	"12 to 15 week"		"adult"	"http://www.ebi.ac.uk/efo/EFO_0001272"	"brain without olfactory bulb"		"Cldn5-GFP"		"Brain single cell 773"	
"SRR5530203"	"Mus musculus"	"http://purl.obolibrary.org/obo/NCBITaxon_10090"	"C57BL/6"	"http://www.ebi.ac.uk/efo/EFO_0004472"	"12 to 15 week"		"adult"	"http://www.ebi.ac.uk/efo/EFO_0001272"	"brain without olfactory bulb"		"Cldn5-GFP"		"Brain single cell 774"	
"SRR5530204"	"Mus musculus"	"http://purl.obolibrary.org/obo/NCBITaxon_10090"	"C57BL/6"	"http://www.ebi.ac.uk/efo/EFO_0004472"	"12 to 15 week"		"adult"	"http://www.ebi.ac.uk/efo/EFO_0001272"	"brain without olfactory bulb"		"Cldn5-GFP"		"Brain single cell 775"	
"SRR5530205"	"Mus musculus"	"http://purl.obolibrary.org/obo/NCBITaxon_10090"	"C57BL/6"	"http://www.ebi.ac.uk/efo/EFO_0004472"	"12 to 15 week"		"adult"	"http://www.ebi.ac.uk/efo/EFO_0001272"	"brain without olfactory bulb"		"Cldn5-GFP"		"Brain single cell 776"	
"SRR5530206"	"Mus musculus"	"http://purl.obolibrary.org/obo/NCBITaxon_10090"	"C57BL/6"	"http://www.ebi.ac.uk/efo/EFO_0004472"	"12 to 15 week"		"adult"	"http://www.ebi.ac.uk/efo/EFO_0001272"	"brain without olfactory bulb"		"Cldn5-GFP"		"Brain single cell 777"	
"SRR5530207"	"Mus musculus"	"http://purl.obolibrary.org/obo/NCBITaxon_10090"	"C57BL/6"	"http://www.ebi.ac.uk/efo/EFO_0004472"	"12 to 15 week"		"adult"	"http://www.ebi.ac.uk/efo/EFO_0001272"	"brain without olfactory bulb"		"Cldn5-GFP"		"Brain single cell 778"	
"SRR5530208"	"Mus musculus"	"http://purl.obolibrary.org/obo/NCBITaxon_10090"	"C57BL/6"	"http://www.ebi.ac.uk/efo/EFO_0004472"	"12 to 15 week"		"adult"	"http://www.ebi.ac.uk/efo/EFO_0001272"	"brain without olfactory bulb"		"Cldn5-GFP"		"Brain single cell 779"	
"SRR5530209"	"Mus musculus"	"http://purl.obolibrary.org/obo/NCBITaxon_10090"	"C57BL/6"	"http://www.ebi.ac.uk/efo/EFO_0004472"	"12 to 15 week"		"adult"	"http://www.ebi.ac.uk/efo/EFO_0001272"	"brain without olfactory bulb"		"Cldn5-GFP"		"Brain single cell 780"	
"SRR5530210"	"Mus musculus"	"http://purl.obolibrary.org/obo/NCBITaxon_10090"	"C57BL/6"	"http://www.ebi.ac.uk/efo/EFO_0004472"	"12 to 15 week"		"adult"	"http://www.ebi.ac.uk/efo/EFO_0001272"	"brain without olfactory bulb"		"Cldn5-GFP"		"Brain single cell 781"	
"SRR5530211"	"Mus musculus"	"http://purl.obolibrary.org/obo/NCBITaxon_10090"	"C57BL/6"	"http://www.ebi.ac.uk/efo/EFO_0004472"	"12 to 15 week"		"adult"	"http://www.ebi.ac.uk/efo/EFO_0001272"	"brain without olfactory bulb"		"Cldn5-GFP"		"Brain single cell 782"	
"SRR5530212"	"Mus musculus"	"http://purl.obolibrary.org/obo/NCBITaxon_10090"	"C57BL/6"	"http://www.ebi.ac.uk/efo/EFO_0004472"	"12 to 15 week"		"adult"	"http://www.ebi.ac.uk/efo/EFO_0001272"	"brain without olfactory bulb"		"Cldn5-GFP"		"Brain single cell 783"	
"SRR5530213"	"Mus musculus"	"http://purl.obolibrary.org/obo/NCBITaxon_10090"	"C57BL/6"	"http://www.ebi.ac.uk/efo/EFO_0004472"	"12 to 15 week"		"adult"	"http://www.ebi.ac.uk/efo/EFO_0001272"	"brain without olfactory bulb"		"Cldn5-GFP"		"Brain single cell 784"	
"SRR5530214"	"Mus musculus"	"http://purl.obolibrary.org/obo/NCBITaxon_10090"	"C57BL/6"	"http://www.ebi.ac.uk/efo/EFO_0004472"	"12 to 15 week"		"adult"	"http://www.ebi.ac.uk/efo/EFO_0001272"	"brain without olfactory bulb"		"Cldn5-GFP"		"Brain single cell 785"	
"SRR5530215"	"Mus musculus"	"http://purl.obolibrary.org/obo/NCBITaxon_10090"	"C57BL/6"	"http://www.ebi.ac.uk/efo/EFO_0004472"	"12 to 15 week"		"adult"	"http://www.ebi.ac.uk/efo/EFO_0001272"	"brain without olfactory bulb"		"Cldn5-GFP"		"Brain single cell 786"	
"SRR5530216"	"Mus musculus"	"http://purl.obolibrary.org/obo/NCBITaxon_10090"	"C57BL/6"	"http://www.ebi.ac.uk/efo/EFO_0004472"	"12 to 15 week"		"adult"	"http://www.ebi.ac.uk/efo/EFO_0001272"	"brain without olfactory bulb"		"Cldn5-GFP"		"Brain single cell 787"	
"SRR5530217"	"Mus musculus"	"http://purl.obolibrary.org/obo/NCBITaxon_10090"	"C57BL/6"	"http://www.ebi.ac.uk/efo/EFO_0004472"	"12 to 15 week"		"adult"	"http://www.ebi.ac.uk/efo/EFO_0001272"	"brain without olfactory bulb"		"Cldn5-GFP"		"Brain single cell 788"	
"SRR5530218"	"Mus musculus"	"http://purl.obolibrary.org/obo/NCBITaxon_10090"	"C57BL/6"	"http://www.ebi.ac.uk/efo/EFO_0004472"	"12 to 15 week"		"adult"	"http://www.ebi.ac.uk/efo/EFO_0001272"	"brain without olfactory bulb"		"Cldn5-GFP"		"Brain single cell 789"	
"SRR5530219"	"Mus musculus"	"http://purl.obolibrary.org/obo/NCBITaxon_10090"	"C57BL/6"	"http://www.ebi.ac.uk/efo/EFO_0004472"	"12 to 15 week"		"adult"	"http://www.ebi.ac.uk/efo/EFO_0001272"	"brain without olfactory bulb"		"Cldn5-GFP"		"Brain single cell 790"	
"SRR5530220"	"Mus musculus"	"http://purl.obolibrary.org/obo/NCBITaxon_10090"	"C57BL/6"	"http://www.ebi.ac.uk/efo/EFO_0004472"	"12 to 15 week"		"adult"	"http://www.ebi.ac.uk/efo/EFO_0001272"	"brain without olfactory bulb"		"Cldn5-GFP"		"Brain single cell 791"	
"SRR5530221"	"Mus musculus"	"http://purl.obolibrary.org/obo/NCBITaxon_10090"	"C57BL/6"	"http://www.ebi.ac.uk/efo/EFO_0004472"	"12 to 15 week"		"adult"	"http://www.ebi.ac.uk/efo/EFO_0001272"	"brain without olfactory bulb"		"Cldn5-GFP"		"Brain single cell 792"	
"SRR5530222"	"Mus musculus"	"http://purl.obolibrary.org/obo/NCBITaxon_10090"	"C57BL/6"	"http://www.ebi.ac.uk/efo/EFO_0004472"	"12 to 15 week"		"adult"	"http://www.ebi.ac.uk/efo/EFO_0001272"	"brain without olfactory bulb"		"Cldn5-GFP"		"Brain single cell 793"	
"SRR5530223"	"Mus musculus"	"http://purl.obolibrary.org/obo/NCBITaxon_10090"	"C57BL/6"	"http://www.ebi.ac.uk/efo/EFO_0004472"	"12 to 15 week"		"adult"	"http://www.ebi.ac.uk/efo/EFO_0001272"	"brain without olfactory bulb"		"Cldn5-GFP"		"Brain single cell 794"	
"SRR5530224"	"Mus musculus"	"http://purl.obolibrary.org/obo/NCBITaxon_10090"	"C57BL/6"	"http://www.ebi.ac.uk/efo/EFO_0004472"	"12 to 15 week"		"adult"	"http://www.ebi.ac.uk/efo/EFO_0001272"	"brain without olfactory bulb"		"Cldn5-GFP"		"Brain single cell 795"	
"SRR5530225"	"Mus musculus"	"http://purl.obolibrary.org/obo/NCBITaxon_10090"	"C57BL/6"	"http://www.ebi.ac.uk/efo/EFO_0004472"	"12 to 15 week"		"adult"	"http://www.ebi.ac.uk/efo/EFO_0001272"	"brain without olfactory bulb"		"Cldn5-GFP"		"Brain single cell 796"	
"SRR5530226"	"Mus musculus"	"http://purl.obolibrary.org/obo/NCBITaxon_10090"	"C57BL/6"	"http://www.ebi.ac.uk/efo/EFO_0004472"	"12 to 15 week"		"adult"	"http://www.ebi.ac.uk/efo/EFO_0001272"	"brain without olfactory bulb"		"Cldn5-GFP"		"Brain single cell 797"	
"SRR5530227"	"Mus musculus"	"http://purl.obolibrary.org/obo/NCBITaxon_10090"	"C57BL/6"	"http://www.ebi.ac.uk/efo/EFO_0004472"	"12 to 15 week"		"adult"	"http://www.ebi.ac.uk/efo/EFO_0001272"	"brain without olfactory bulb"		"Cldn5-GFP"		"Brain single cell 798"	
"SRR5530228"	"Mus musculus"	"http://purl.obolibrary.org/obo/NCBITaxon_10090"	"C57BL/6"	"http://www.ebi.ac.uk/efo/EFO_0004472"	"12 to 15 week"		"adult"	"http://www.ebi.ac.uk/efo/EFO_0001272"	"brain without olfactory bulb"		"Cldn5-GFP"		"Brain single cell 799"	
"SRR5530229"	"Mus musculus"	"http://purl.obolibrary.org/obo/NCBITaxon_10090"	"C57BL/6"	"http://www.ebi.ac.uk/efo/EFO_0004472"	"12 to 15 week"		"adult"	"http://www.ebi.ac.uk/efo/EFO_0001272"	"brain without olfactory bulb"		"Cldn5-GFP"		"Brain single cell 800"	
"SRR5530230"	"Mus musculus"	"http://purl.obolibrary.org/obo/NCBITaxon_10090"	"C57BL/6"	"http://www.ebi.ac.uk/efo/EFO_0004472"	"12 to 15 week"		"adult"	"http://www.ebi.ac.uk/efo/EFO_0001272"	"brain without olfactory bulb"		"Cldn5-GFP"		"Brain single cell 801"	
"SRR5530231"	"Mus musculus"	"http://purl.obolibrary.org/obo/NCBITaxon_10090"	"C57BL/6"	"http://www.ebi.ac.uk/efo/EFO_0004472"	"12 to 15 week"		"adult"	"http://www.ebi.ac.uk/efo/EFO_0001272"	"brain without olfactory bulb"		"Cldn5-GFP"		"Brain single cell 802"	
"SRR5530232"	"Mus musculus"	"http://purl.obolibrary.org/obo/NCBITaxon_10090"	"C57BL/6"	"http://www.ebi.ac.uk/efo/EFO_0004472"	"12 to 15 week"		"adult"	"http://www.ebi.ac.uk/efo/EFO_0001272"	"brain without olfactory bulb"		"Cldn5-GFP"		"Brain single cell 803"	
"SRR5530233"	"Mus musculus"	"http://purl.obolibrary.org/obo/NCBITaxon_10090"	"C57BL/6"	"http://www.ebi.ac.uk/efo/EFO_0004472"	"12 to 15 week"		"adult"	"http://www.ebi.ac.uk/efo/EFO_0001272"	"brain without olfactory bulb"		"Cldn5-GFP"		"Brain single cell 804"	
"SRR5530234"	"Mus musculus"	"http://purl.obolibrary.org/obo/NCBITaxon_10090"	"C57BL/6"	"http://www.ebi.ac.uk/efo/EFO_0004472"	"12 to 15 week"		"adult"	"http://www.ebi.ac.uk/efo/EFO_0001272"	"brain without olfactory bulb"		"Cldn5-GFP"		"Brain single cell 805"	
"SRR5530235"	"Mus musculus"	"http://purl.obolibrary.org/obo/NCBITaxon_10090"	"C57BL/6"	"http://www.ebi.ac.uk/efo/EFO_0004472"	"12 to 15 week"		"adult"	"http://www.ebi.ac.uk/efo/EFO_0001272"	"brain without olfactory bulb"		"Cldn5-GFP"		"Brain single cell 806"	
"SRR5530236"	"Mus musculus"	"http://purl.obolibrary.org/obo/NCBITaxon_10090"	"C57BL/6"	"http://www.ebi.ac.uk/efo/EFO_0004472"	"12 to 15 week"		"adult"	"http://www.ebi.ac.uk/efo/EFO_0001272"	"brain without olfactory bulb"		"Cldn5-GFP"		"Brain single cell 807"	
"SRR5530237"	"Mus musculus"	"http://purl.obolibrary.org/obo/NCBITaxon_10090"	"C57BL/6"	"http://www.ebi.ac.uk/efo/EFO_0004472"	"12 to 15 week"		"adult"	"http://www.ebi.ac.uk/efo/EFO_0001272"	"brain without olfactory bulb"		"Cldn5-GFP"		"Brain single cell 808"	
"SRR5530238"	"Mus musculus"	"http://purl.obolibrary.org/obo/NCBITaxon_10090"	"C57BL/6"	"http://www.ebi.ac.uk/efo/EFO_0004472"	"12 to 15 week"		"adult"	"http://www.ebi.ac.uk/efo/EFO_0001272"	"brain without olfactory bulb"		"Cldn5-GFP"		"Brain single cell 809"	
"SRR5530239"	"Mus musculus"	"http://purl.obolibrary.org/obo/NCBITaxon_10090"	"C57BL/6"	"http://www.ebi.ac.uk/efo/EFO_0004472"	"12 to 15 week"		"adult"	"http://www.ebi.ac.uk/efo/EFO_0001272"	"brain without olfactory bulb"		"Cldn5-GFP"		"Brain single cell 810"	
"SRR5530240"	"Mus musculus"	"http://purl.obolibrary.org/obo/NCBITaxon_10090"	"C57BL/6"	"http://www.ebi.ac.uk/efo/EFO_0004472"	"12 to 15 week"		"adult"	"http://www.ebi.ac.uk/efo/EFO_0001272"	"brain without olfactory bulb"		"Cldn5-GFP"		"Brain single cell 811"	
"SRR5530241"	"Mus musculus"	"http://purl.obolibrary.org/obo/NCBITaxon_10090"	"C57BL/6"	"http://www.ebi.ac.uk/efo/EFO_0004472"	"12 to 15 week"		"adult"	"http://www.ebi.ac.uk/efo/EFO_0001272"	"brain without olfactory bulb"		"Cldn5-GFP"		"Brain single cell 812"	
"SRR5530242"	"Mus musculus"	"http://purl.obolibrary.org/obo/NCBITaxon_10090"	"C57BL/6"	"http://www.ebi.ac.uk/efo/EFO_0004472"	"12 to 15 week"		"adult"	"http://www.ebi.ac.uk/efo/EFO_0001272"	"brain without olfactory bulb"		"Cldn5-GFP"		"Brain single cell 813"	
"SRR5530243"	"Mus musculus"	"http://purl.obolibrary.org/obo/NCBITaxon_10090"	"C57BL/6"	"http://www.ebi.ac.uk/efo/EFO_0004472"	"12 to 15 week"		"adult"	"http://www.ebi.ac.uk/efo/EFO_0001272"	"brain without olfactory bulb"		"Cldn5-GFP"		"Brain single cell 814"	
"SRR5530244"	"Mus musculus"	"http://purl.obolibrary.org/obo/NCBITaxon_10090"	"C57BL/6"	"http://www.ebi.ac.uk/efo/EFO_0004472"	"12 to 15 week"		"adult"	"http://www.ebi.ac.uk/efo/EFO_0001272"	"brain without olfactory bulb"		"Cldn5-GFP"		"Brain single cell 815"	
"SRR5530245"	"Mus musculus"	"http://purl.obolibrary.org/obo/NCBITaxon_10090"	"C57BL/6"	"http://www.ebi.ac.uk/efo/EFO_0004472"	"12 to 15 week"		"adult"	"http://www.ebi.ac.uk/efo/EFO_0001272"	"brain without olfactory bulb"		"Cldn5-GFP"		"Brain single cell 816"	
"SRR5530246"	"Mus musculus"	"http://purl.obolibrary.org/obo/NCBITaxon_10090"	"C57BL/6"	"http://www.ebi.ac.uk/efo/EFO_0004472"	"12 to 15 week"		"adult"	"http://www.ebi.ac.uk/efo/EFO_0001272"	"brain without olfactory bulb"		"Cldn5-GFP"		"Brain single cell 817"	
"SRR5530247"	"Mus musculus"	"http://purl.obolibrary.org/obo/NCBITaxon_10090"	"C57BL/6"	"http://www.ebi.ac.uk/efo/EFO_0004472"	"12 to 15 week"		"adult"	"http://www.ebi.ac.uk/efo/EFO_0001272"	"brain without olfactory bulb"		"Cldn5-GFP"		"Brain single cell 818"	
"SRR5530248"	"Mus musculus"	"http://purl.obolibrary.org/obo/NCBITaxon_10090"	"C57BL/6"	"http://www.ebi.ac.uk/efo/EFO_0004472"	"12 to 15 week"		"adult"	"http://www.ebi.ac.uk/efo/EFO_0001272"	"brain without olfactory bulb"		"Cldn5-GFP"		"Brain single cell 819"	
"SRR5530249"	"Mus musculus"	"http://purl.obolibrary.org/obo/NCBITaxon_10090"	"C57BL/6"	"http://www.ebi.ac.uk/efo/EFO_0004472"	"12 to 15 week"		"adult"	"http://www.ebi.ac.uk/efo/EFO_0001272"	"brain without olfactory bulb"		"Cldn5-GFP"		"Brain single cell 820"	
"SRR5530250"	"Mus musculus"	"http://purl.obolibrary.org/obo/NCBITaxon_10090"	"C57BL/6"	"http://www.ebi.ac.uk/efo/EFO_0004472"	"12 to 15 week"		"adult"	"http://www.ebi.ac.uk/efo/EFO_0001272"	"brain without olfactory bulb"		"Cldn5-GFP"		"Brain single cell 821"	
"SRR5530251"	"Mus musculus"	"http://purl.obolibrary.org/obo/NCBITaxon_10090"	"C57BL/6"	"http://www.ebi.ac.uk/efo/EFO_0004472"	"12 to 15 week"		"adult"	"http://www.ebi.ac.uk/efo/EFO_0001272"	"brain without olfactory bulb"		"Cldn5-GFP"		"Brain single cell 822"	
"SRR5530252"	"Mus musculus"	"http://purl.obolibrary.org/obo/NCBITaxon_10090"	"C57BL/6"	"http://www.ebi.ac.uk/efo/EFO_0004472"	"12 to 15 week"		"adult"	"http://www.ebi.ac.uk/efo/EFO_0001272"	"brain without olfactory bulb"		"Cldn5-GFP"		"Brain single cell 823"	
"SRR5530253"	"Mus musculus"	"http://purl.obolibrary.org/obo/NCBITaxon_10090"	"C57BL/6"	"http://www.ebi.ac.uk/efo/EFO_0004472"	"12 to 15 week"		"adult"	"http://www.ebi.ac.uk/efo/EFO_0001272"	"brain without olfactory bulb"		"Cldn5-GFP"		"Brain single cell 824"	
"SRR5530254"	"Mus musculus"	"http://purl.obolibrary.org/obo/NCBITaxon_10090"	"C57BL/6"	"http://www.ebi.ac.uk/efo/EFO_0004472"	"12 to 15 week"		"adult"	"http://www.ebi.ac.uk/efo/EFO_0001272"	"brain without olfactory bulb"		"Cldn5-GFP"		"Brain single cell 825"	
"SRR5530255"	"Mus musculus"	"http://purl.obolibrary.org/obo/NCBITaxon_10090"	"C57BL/6"	"http://www.ebi.ac.uk/efo/EFO_0004472"	"12 to 15 week"		"adult"	"http://www.ebi.ac.uk/efo/EFO_0001272"	"brain without olfactory bulb"		"Cldn5-GFP"		"Brain single cell 826"	
"SRR5530256"	"Mus musculus"	"http://purl.obolibrary.org/obo/NCBITaxon_10090"	"C57BL/6"	"http://www.ebi.ac.uk/efo/EFO_0004472"	"12 to 15 week"		"adult"	"http://www.ebi.ac.uk/efo/EFO_0001272"	"brain without olfactory bulb"		"Cldn5-GFP"		"Brain single cell 827"	
"SRR5530257"	"Mus musculus"	"http://purl.obolibrary.org/obo/NCBITaxon_10090"	"C57BL/6"	"http://www.ebi.ac.uk/efo/EFO_0004472"	"12 to 15 week"		"adult"	"http://www.ebi.ac.uk/efo/EFO_0001272"	"brain without olfactory bulb"		"Cldn5-GFP"		"Brain single cell 828"	
"SRR5530258"	"Mus musculus"	"http://purl.obolibrary.org/obo/NCBITaxon_10090"	"C57BL/6"	"http://www.ebi.ac.uk/efo/EFO_0004472"	"12 to 15 week"		"adult"	"http://www.ebi.ac.uk/efo/EFO_0001272"	"brain without olfactory bulb"		"Cldn5-GFP"		"Brain single cell 829"	
"SRR5530259"	"Mus musculus"	"http://purl.obolibrary.org/obo/NCBITaxon_10090"	"C57BL/6"	"http://www.ebi.ac.uk/efo/EFO_0004472"	"12 to 15 week"		"adult"	"http://www.ebi.ac.uk/efo/EFO_0001272"	"brain without olfactory bulb"		"Cldn5-GFP"		"Brain single cell 830"	
"SRR5530260"	"Mus musculus"	"http://purl.obolibrary.org/obo/NCBITaxon_10090"	"C57BL/6"	"http://www.ebi.ac.uk/efo/EFO_0004472"	"12 to 15 week"		"adult"	"http://www.ebi.ac.uk/efo/EFO_0001272"	"brain without olfactory bulb"		"Cldn5-GFP"		"Brain single cell 831"	
"SRR5530261"	"Mus musculus"	"http://purl.obolibrary.org/obo/NCBITaxon_10090"	"C57BL/6"	"http://www.ebi.ac.uk/efo/EFO_0004472"	"12 to 15 week"		"adult"	"http://www.ebi.ac.uk/efo/EFO_0001272"	"brain without olfactory bulb"		"Cldn5-GFP"		"Brain single cell 832"	
"SRR5530262"	"Mus musculus"	"http://purl.obolibrary.org/obo/NCBITaxon_10090"	"C57BL/6"	"http://www.ebi.ac.uk/efo/EFO_0004472"	"12 to 15 week"		"adult"	"http://www.ebi.ac.uk/efo/EFO_0001272"	"brain without olfactory bulb"		"Cldn5-GFP"		"Brain single cell 833"	
"SRR5530263"	"Mus musculus"	"http://purl.obolibrary.org/obo/NCBITaxon_10090"	"C57BL/6"	"http://www.ebi.ac.uk/efo/EFO_0004472"	"12 to 15 week"		"adult"	"http://www.ebi.ac.uk/efo/EFO_0001272"	"brain without olfactory bulb"		"Cldn5-GFP"		"Brain single cell 834"	
"SRR5530264"	"Mus musculus"	"http://purl.obolibrary.org/obo/NCBITaxon_10090"	"C57BL/6"	"http://www.ebi.ac.uk/efo/EFO_0004472"	"12 to 15 week"		"adult"	"http://www.ebi.ac.uk/efo/EFO_0001272"	"brain without olfactory bulb"		"Cldn5-GFP"		"Brain single cell 835"	
"SRR5530265"	"Mus musculus"	"http://purl.obolibrary.org/obo/NCBITaxon_10090"	"C57BL/6"	"http://www.ebi.ac.uk/efo/EFO_0004472"	"12 to 15 week"		"adult"	"http://www.ebi.ac.uk/efo/EFO_0001272"	"brain without olfactory bulb"		"Cldn5-GFP"		"Brain single cell 836"	
"SRR5530266"	"Mus musculus"	"http://purl.obolibrary.org/obo/NCBITaxon_10090"	"C57BL/6"	"http://www.ebi.ac.uk/efo/EFO_0004472"	"12 to 15 week"		"adult"	"http://www.ebi.ac.uk/efo/EFO_0001272"	"brain without olfactory bulb"		"Cldn5-GFP"		"Brain single cell 837"	
"SRR5530267"	"Mus musculus"	"http://purl.obolibrary.org/obo/NCBITaxon_10090"	"C57BL/6"	"http://www.ebi.ac.uk/efo/EFO_0004472"	"12 to 15 week"		"adult"	"http://www.ebi.ac.uk/efo/EFO_0001272"	"brain without olfactory bulb"		"Cldn5-GFP"		"Brain single cell 838"	
"SRR5530268"	"Mus musculus"	"http://purl.obolibrary.org/obo/NCBITaxon_10090"	"C57BL/6"	"http://www.ebi.ac.uk/efo/EFO_0004472"	"12 to 15 week"		"adult"	"http://www.ebi.ac.uk/efo/EFO_0001272"	"brain without olfactory bulb"		"Cldn5-GFP"		"Brain single cell 839"	
"SRR5530269"	"Mus musculus"	"http://purl.obolibrary.org/obo/NCBITaxon_10090"	"C57BL/6"	"http://www.ebi.ac.uk/efo/EFO_0004472"	"12 to 15 week"		"adult"	"http://www.ebi.ac.uk/efo/EFO_0001272"	"brain without olfactory bulb"		"Cldn5-GFP"		"Brain single cell 840"	
"SRR5530270"	"Mus musculus"	"http://purl.obolibrary.org/obo/NCBITaxon_10090"	"C57BL/6"	"http://www.ebi.ac.uk/efo/EFO_0004472"	"12 to 15 week"		"adult"	"http://www.ebi.ac.uk/efo/EFO_0001272"	"brain without olfactory bulb"		"Cldn5-GFP"		"Brain single cell 841"	
"SRR5530271"	"Mus musculus"	"http://purl.obolibrary.org/obo/NCBITaxon_10090"	"C57BL/6"	"http://www.ebi.ac.uk/efo/EFO_0004472"	"12 to 15 week"		"adult"	"http://www.ebi.ac.uk/efo/EFO_0001272"	"brain without olfactory bulb"		"Cldn5-GFP"		"Brain single cell 842"	
"SRR5530272"	"Mus musculus"	"http://purl.obolibrary.org/obo/NCBITaxon_10090"	"C57BL/6"	"http://www.ebi.ac.uk/efo/EFO_0004472"	"12 to 15 week"		"adult"	"http://www.ebi.ac.uk/efo/EFO_0001272"	"brain without olfactory bulb"		"Cldn5-GFP"		"Brain single cell 843"	
"SRR5530273"	"Mus musculus"	"http://purl.obolibrary.org/obo/NCBITaxon_10090"	"C57BL/6"	"http://www.ebi.ac.uk/efo/EFO_0004472"	"12 to 15 week"		"adult"	"http://www.ebi.ac.uk/efo/EFO_0001272"	"brain without olfactory bulb"		"Cldn5-GFP"		"Brain single cell 844"	
"SRR5530274"	"Mus musculus"	"http://purl.obolibrary.org/obo/NCBITaxon_10090"	"C57BL/6"	"http://www.ebi.ac.uk/efo/EFO_0004472"	"12 to 15 week"		"adult"	"http://www.ebi.ac.uk/efo/EFO_0001272"	"brain without olfactory bulb"		"Cldn5-GFP"		"Brain single cell 845"	
"SRR5530275"	"Mus musculus"	"http://purl.obolibrary.org/obo/NCBITaxon_10090"	"C57BL/6"	"http://www.ebi.ac.uk/efo/EFO_0004472"	"12 to 15 week"		"adult"	"http://www.ebi.ac.uk/efo/EFO_0001272"	"brain without olfactory bulb"		"Cldn5-GFP"		"Brain single cell 846"	
"SRR5530276"	"Mus musculus"	"http://purl.obolibrary.org/obo/NCBITaxon_10090"	"C57BL/6"	"http://www.ebi.ac.uk/efo/EFO_0004472"	"12 to 15 week"		"adult"	"http://www.ebi.ac.uk/efo/EFO_0001272"	"brain without olfactory bulb"		"Cldn5-GFP"		"Brain single cell 847"	
"SRR5530277"	"Mus musculus"	"http://purl.obolibrary.org/obo/NCBITaxon_10090"	"C57BL/6"	"http://www.ebi.ac.uk/efo/EFO_0004472"	"12 to 15 week"		"adult"	"http://www.ebi.ac.uk/efo/EFO_0001272"	"brain without olfactory bulb"		"Cldn5-GFP"		"Brain single cell 848"	
"SRR5530278"	"Mus musculus"	"http://purl.obolibrary.org/obo/NCBITaxon_10090"	"C57BL/6"	"http://www.ebi.ac.uk/efo/EFO_0004472"	"12 to 15 week"		"adult"	"http://www.ebi.ac.uk/efo/EFO_0001272"	"brain without olfactory bulb"		"Cldn5-GFP"		"Brain single cell 849"	
"SRR5530279"	"Mus musculus"	"http://purl.obolibrary.org/obo/NCBITaxon_10090"	"C57BL/6"	"http://www.ebi.ac.uk/efo/EFO_0004472"	"12 to 15 week"		"adult"	"http://www.ebi.ac.uk/efo/EFO_0001272"	"brain without olfactory bulb"		"Cldn5-GFP"		"Brain single cell 850"	
"SRR5530280"	"Mus musculus"	"http://purl.obolibrary.org/obo/NCBITaxon_10090"	"C57BL/6"	"http://www.ebi.ac.uk/efo/EFO_0004472"	"12 to 15 week"		"adult"	"http://www.ebi.ac.uk/efo/EFO_0001272"	"brain without olfactory bulb"		"Cldn5-GFP"		"Brain single cell 851"	
"SRR5530281"	"Mus musculus"	"http://purl.obolibrary.org/obo/NCBITaxon_10090"	"C57BL/6"	"http://www.ebi.ac.uk/efo/EFO_0004472"	"12 to 15 week"		"adult"	"http://www.ebi.ac.uk/efo/EFO_0001272"	"brain without olfactory bulb"		"Cldn5-GFP"		"Brain single cell 852"	
"SRR5530282"	"Mus musculus"	"http://purl.obolibrary.org/obo/NCBITaxon_10090"	"C57BL/6"	"http://www.ebi.ac.uk/efo/EFO_0004472"	"12 to 15 week"		"adult"	"http://www.ebi.ac.uk/efo/EFO_0001272"	"brain without olfactory bulb"		"Cldn5-GFP"		"Brain single cell 853"	
"SRR5530283"	"Mus musculus"	"http://purl.obolibrary.org/obo/NCBITaxon_10090"	"C57BL/6"	"http://www.ebi.ac.uk/efo/EFO_0004472"	"12 to 15 week"		"adult"	"http://www.ebi.ac.uk/efo/EFO_0001272"	"brain without olfactory bulb"		"Cldn5-GFP"		"Brain single cell 854"	
"SRR5530284"	"Mus musculus"	"http://purl.obolibrary.org/obo/NCBITaxon_10090"	"C57BL/6"	"http://www.ebi.ac.uk/efo/EFO_0004472"	"12 to 15 week"		"adult"	"http://www.ebi.ac.uk/efo/EFO_0001272"	"brain without olfactory bulb"		"Cldn5-GFP"		"Brain single cell 855"	
"SRR5530285"	"Mus musculus"	"http://purl.obolibrary.org/obo/NCBITaxon_10090"	"C57BL/6"	"http://www.ebi.ac.uk/efo/EFO_0004472"	"12 to 15 week"		"adult"	"http://www.ebi.ac.uk/efo/EFO_0001272"	"brain without olfactory bulb"		"Cldn5-GFP"		"Brain single cell 856"	
"SRR5530286"	"Mus musculus"	"http://purl.obolibrary.org/obo/NCBITaxon_10090"	"C57BL/6"	"http://www.ebi.ac.uk/efo/EFO_0004472"	"12 to 15 week"		"adult"	"http://www.ebi.ac.uk/efo/EFO_0001272"	"brain without olfactory bulb"		"Cldn5-GFP"		"Brain single cell 857"	
"SRR5530287"	"Mus musculus"	"http://purl.obolibrary.org/obo/NCBITaxon_10090"	"C57BL/6"	"http://www.ebi.ac.uk/efo/EFO_0004472"	"12 to 15 week"		"adult"	"http://www.ebi.ac.uk/efo/EFO_0001272"	"brain without olfactory bulb"		"Cldn5-GFP"		"Brain single cell 858"	
"SRR5530288"	"Mus musculus"	"http://purl.obolibrary.org/obo/NCBITaxon_10090"	"C57BL/6"	"http://www.ebi.ac.uk/efo/EFO_0004472"	"12 to 15 week"		"adult"	"http://www.ebi.ac.uk/efo/EFO_0001272"	"brain without olfactory bulb"		"Cldn5-GFP"		"Brain single cell 859"	
"SRR5530289"	"Mus musculus"	"http://purl.obolibrary.org/obo/NCBITaxon_10090"	"C57BL/6"	"http://www.ebi.ac.uk/efo/EFO_0004472"	"12 to 15 week"		"adult"	"http://www.ebi.ac.uk/efo/EFO_0001272"	"brain without olfactory bulb"		"Cldn5-GFP"		"Brain single cell 860"	
"SRR5530290"	"Mus musculus"	"http://purl.obolibrary.org/obo/NCBITaxon_10090"	"C57BL/6"	"http://www.ebi.ac.uk/efo/EFO_0004472"	"12 to 15 week"		"adult"	"http://www.ebi.ac.uk/efo/EFO_0001272"	"brain without olfactory bulb"		"Cldn5-GFP"		"Brain single cell 861"	
"SRR5530291"	"Mus musculus"	"http://purl.obolibrary.org/obo/NCBITaxon_10090"	"C57BL/6"	"http://www.ebi.ac.uk/efo/EFO_0004472"	"12 to 15 week"		"adult"	"http://www.ebi.ac.uk/efo/EFO_0001272"	"brain without olfactory bulb"		"Cldn5-GFP"		"Brain single cell 862"	
"SRR5530292"	"Mus musculus"	"http://purl.obolibrary.org/obo/NCBITaxon_10090"	"C57BL/6"	"http://www.ebi.ac.uk/efo/EFO_0004472"	"12 to 15 week"		"adult"	"http://www.ebi.ac.uk/efo/EFO_0001272"	"brain without olfactory bulb"		"Cldn5-GFP"		"Brain single cell 863"	
"SRR5530293"	"Mus musculus"	"http://purl.obolibrary.org/obo/NCBITaxon_10090"	"C57BL/6"	"http://www.ebi.ac.uk/efo/EFO_0004472"	"12 to 15 week"		"adult"	"http://www.ebi.ac.uk/efo/EFO_0001272"	"brain without olfactory bulb"		"Cldn5-GFP"		"Brain single cell 864"	
"SRR5530294"	"Mus musculus"	"http://purl.obolibrary.org/obo/NCBITaxon_10090"	"C57BL/6"	"http://www.ebi.ac.uk/efo/EFO_0004472"	"12 to 15 week"		"adult"	"http://www.ebi.ac.uk/efo/EFO_0001272"	"brain without olfactory bulb"		"Cldn5-GFP"		"Brain single cell 865"	
"SRR5530295"	"Mus musculus"	"http://purl.obolibrary.org/obo/NCBITaxon_10090"	"C57BL/6"	"http://www.ebi.ac.uk/efo/EFO_0004472"	"12 to 15 week"		"adult"	"http://www.ebi.ac.uk/efo/EFO_0001272"	"brain without olfactory bulb"		"Cldn5-GFP"		"Brain single cell 866"	
"SRR5530296"	"Mus musculus"	"http://purl.obolibrary.org/obo/NCBITaxon_10090"	"C57BL/6"	"http://www.ebi.ac.uk/efo/EFO_0004472"	"12 to 15 week"		"adult"	"http://www.ebi.ac.uk/efo/EFO_0001272"	"brain without olfactory bulb"		"Cldn5-GFP"		"Brain single cell 867"	
"SRR5530297"	"Mus musculus"	"http://purl.obolibrary.org/obo/NCBITaxon_10090"	"C57BL/6"	"http://www.ebi.ac.uk/efo/EFO_0004472"	"12 to 15 week"		"adult"	"http://www.ebi.ac.uk/efo/EFO_0001272"	"brain without olfactory bulb"		"Cldn5-GFP"		"Brain single cell 868"	
"SRR5530298"	"Mus musculus"	"http://purl.obolibrary.org/obo/NCBITaxon_10090"	"C57BL/6"	"http://www.ebi.ac.uk/efo/EFO_0004472"	"12 to 15 week"		"adult"	"http://www.ebi.ac.uk/efo/EFO_0001272"	"brain without olfactory bulb"		"Cldn5-GFP"		"Brain single cell 869"	
"SRR5530299"	"Mus musculus"	"http://purl.obolibrary.org/obo/NCBITaxon_10090"	"C57BL/6"	"http://www.ebi.ac.uk/efo/EFO_0004472"	"12 to 15 week"		"adult"	"http://www.ebi.ac.uk/efo/EFO_0001272"	"brain without olfactory bulb"		"Cldn5-GFP"		"Brain single cell 870"	
"SRR5530300"	"Mus musculus"	"http://purl.obolibrary.org/obo/NCBITaxon_10090"	"C57BL/6"	"http://www.ebi.ac.uk/efo/EFO_0004472"	"12 to 15 week"		"adult"	"http://www.ebi.ac.uk/efo/EFO_0001272"	"brain without olfactory bulb"		"Cldn5-GFP"		"Brain single cell 871"	
"SRR5530301"	"Mus musculus"	"http://purl.obolibrary.org/obo/NCBITaxon_10090"	"C57BL/6"	"http://www.ebi.ac.uk/efo/EFO_0004472"	"12 to 15 week"		"adult"	"http://www.ebi.ac.uk/efo/EFO_0001272"	"brain without olfactory bulb"		"Cldn5-GFP"		"Brain single cell 872"	
"SRR5530302"	"Mus musculus"	"http://purl.obolibrary.org/obo/NCBITaxon_10090"	"C57BL/6"	"http://www.ebi.ac.uk/efo/EFO_0004472"	"12 to 15 week"		"adult"	"http://www.ebi.ac.uk/efo/EFO_0001272"	"brain without olfactory bulb"		"Cldn5-GFP"		"Brain single cell 873"	
"SRR5530303"	"Mus musculus"	"http://purl.obolibrary.org/obo/NCBITaxon_10090"	"C57BL/6"	"http://www.ebi.ac.uk/efo/EFO_0004472"	"12 to 15 week"		"adult"	"http://www.ebi.ac.uk/efo/EFO_0001272"	"brain without olfactory bulb"		"Cldn5-GFP"		"Brain single cell 874"	
"SRR5530304"	"Mus musculus"	"http://purl.obolibrary.org/obo/NCBITaxon_10090"	"C57BL/6"	"http://www.ebi.ac.uk/efo/EFO_0004472"	"12 to 15 week"		"adult"	"http://www.ebi.ac.uk/efo/EFO_0001272"	"brain without olfactory bulb"		"Cldn5-GFP"		"Brain single cell 875"	
"SRR5530305"	"Mus musculus"	"http://purl.obolibrary.org/obo/NCBITaxon_10090"	"C57BL/6"	"http://www.ebi.ac.uk/efo/EFO_0004472"	"12 to 15 week"		"adult"	"http://www.ebi.ac.uk/efo/EFO_0001272"	"brain without olfactory bulb"		"Cldn5-GFP"		"Brain single cell 876"	
"SRR5530306"	"Mus musculus"	"http://purl.obolibrary.org/obo/NCBITaxon_10090"	"C57BL/6"	"http://www.ebi.ac.uk/efo/EFO_0004472"	"12 to 15 week"		"adult"	"http://www.ebi.ac.uk/efo/EFO_0001272"	"brain without olfactory bulb"		"Cldn5-GFP"		"Brain single cell 877"	
"SRR5530307"	"Mus musculus"	"http://purl.obolibrary.org/obo/NCBITaxon_10090"	"C57BL/6"	"http://www.ebi.ac.uk/efo/EFO_0004472"	"12 to 15 week"		"adult"	"http://www.ebi.ac.uk/efo/EFO_0001272"	"brain without olfactory bulb"		"Cldn5-GFP"		"Brain single cell 878"	
"SRR5530308"	"Mus musculus"	"http://purl.obolibrary.org/obo/NCBITaxon_10090"	"C57BL/6"	"http://www.ebi.ac.uk/efo/EFO_0004472"	"12 to 15 week"		"adult"	"http://www.ebi.ac.uk/efo/EFO_0001272"	"brain without olfactory bulb"		"Cldn5-GFP"		"Brain single cell 879"	
"SRR5530309"	"Mus musculus"	"http://purl.obolibrary.org/obo/NCBITaxon_10090"	"C57BL/6"	"http://www.ebi.ac.uk/efo/EFO_0004472"	"12 to 15 week"		"adult"	"http://www.ebi.ac.uk/efo/EFO_0001272"	"brain without olfactory bulb"		"Cldn5-GFP"		"Brain single cell 880"	
"SRR5530310"	"Mus musculus"	"http://purl.obolibrary.org/obo/NCBITaxon_10090"	"C57BL/6"	"http://www.ebi.ac.uk/efo/EFO_0004472"	"12 to 15 week"		"adult"	"http://www.ebi.ac.uk/efo/EFO_0001272"	"brain without olfactory bulb"		"Cldn5-GFP"		"Brain single cell 881"	
"SRR5530311"	"Mus musculus"	"http://purl.obolibrary.org/obo/NCBITaxon_10090"	"C57BL/6"	"http://www.ebi.ac.uk/efo/EFO_0004472"	"12 to 15 week"		"adult"	"http://www.ebi.ac.uk/efo/EFO_0001272"	"brain without olfactory bulb"		"Cldn5-GFP"		"Brain single cell 882"	
"SRR5530312"	"Mus musculus"	"http://purl.obolibrary.org/obo/NCBITaxon_10090"	"C57BL/6"	"http://www.ebi.ac.uk/efo/EFO_0004472"	"12 to 15 week"		"adult"	"http://www.ebi.ac.uk/efo/EFO_0001272"	"brain without olfactory bulb"		"Cldn5-GFP"		"Brain single cell 883"	
"SRR5530313"	"Mus musculus"	"http://purl.obolibrary.org/obo/NCBITaxon_10090"	"C57BL/6"	"http://www.ebi.ac.uk/efo/EFO_0004472"	"12 to 15 week"		"adult"	"http://www.ebi.ac.uk/efo/EFO_0001272"	"brain without olfactory bulb"		"Cldn5-GFP"		"Brain single cell 884"	
"SRR5530314"	"Mus musculus"	"http://purl.obolibrary.org/obo/NCBITaxon_10090"	"C57BL/6"	"http://www.ebi.ac.uk/efo/EFO_0004472"	"12 to 15 week"		"adult"	"http://www.ebi.ac.uk/efo/EFO_0001272"	"brain without olfactory bulb"		"Cldn5-GFP"		"Brain single cell 885"	
"SRR5530315"	"Mus musculus"	"http://purl.obolibrary.org/obo/NCBITaxon_10090"	"C57BL/6"	"http://www.ebi.ac.uk/efo/EFO_0004472"	"12 to 15 week"		"adult"	"http://www.ebi.ac.uk/efo/EFO_0001272"	"brain without olfactory bulb"		"Cldn5-GFP"		"Brain single cell 886"	
"SRR5530316"	"Mus musculus"	"http://purl.obolibrary.org/obo/NCBITaxon_10090"	"C57BL/6"	"http://www.ebi.ac.uk/efo/EFO_0004472"	"12 to 15 week"		"adult"	"http://www.ebi.ac.uk/efo/EFO_0001272"	"brain without olfactory bulb"		"Cldn5-GFP"		"Brain single cell 887"	
"SRR5530317"	"Mus musculus"	"http://purl.obolibrary.org/obo/NCBITaxon_10090"	"C57BL/6"	"http://www.ebi.ac.uk/efo/EFO_0004472"	"12 to 15 week"		"adult"	"http://www.ebi.ac.uk/efo/EFO_0001272"	"brain without olfactory bulb"		"Cldn5-GFP"		"Brain single cell 888"	
"SRR5530318"	"Mus musculus"	"http://purl.obolibrary.org/obo/NCBITaxon_10090"	"C57BL/6"	"http://www.ebi.ac.uk/efo/EFO_0004472"	"12 to 15 week"		"adult"	"http://www.ebi.ac.uk/efo/EFO_0001272"	"brain without olfactory bulb"		"Cldn5-GFP"		"Brain single cell 889"	
"SRR5530319"	"Mus musculus"	"http://purl.obolibrary.org/obo/NCBITaxon_10090"	"C57BL/6"	"http://www.ebi.ac.uk/efo/EFO_0004472"	"12 to 15 week"		"adult"	"http://www.ebi.ac.uk/efo/EFO_0001272"	"brain without olfactory bulb"		"Cldn5-GFP"		"Brain single cell 890"	
"SRR5530320"	"Mus musculus"	"http://purl.obolibrary.org/obo/NCBITaxon_10090"	"C57BL/6"	"http://www.ebi.ac.uk/efo/EFO_0004472"	"12 to 15 week"		"adult"	"http://www.ebi.ac.uk/efo/EFO_0001272"	"brain without olfactory bulb"		"Cldn5-GFP"		"Brain single cell 891"	
"SRR5530321"	"Mus musculus"	"http://purl.obolibrary.org/obo/NCBITaxon_10090"	"C57BL/6"	"http://www.ebi.ac.uk/efo/EFO_0004472"	"12 to 15 week"		"adult"	"http://www.ebi.ac.uk/efo/EFO_0001272"	"brain without olfactory bulb"		"Cldn5-GFP"		"Brain single cell 892"	
"SRR5530322"	"Mus musculus"	"http://purl.obolibrary.org/obo/NCBITaxon_10090"	"C57BL/6"	"http://www.ebi.ac.uk/efo/EFO_0004472"	"12 to 15 week"		"adult"	"http://www.ebi.ac.uk/efo/EFO_0001272"	"brain without olfactory bulb"		"Cldn5-GFP"		"Brain single cell 893"	
"SRR5530323"	"Mus musculus"	"http://purl.obolibrary.org/obo/NCBITaxon_10090"	"C57BL/6"	"http://www.ebi.ac.uk/efo/EFO_0004472"	"12 to 15 week"		"adult"	"http://www.ebi.ac.uk/efo/EFO_0001272"	"brain without olfactory bulb"		"Cldn5-GFP"		"Brain single cell 894"	
"SRR5530324"	"Mus musculus"	"http://purl.obolibrary.org/obo/NCBITaxon_10090"	"C57BL/6"	"http://www.ebi.ac.uk/efo/EFO_0004472"	"12 to 15 week"		"adult"	"http://www.ebi.ac.uk/efo/EFO_0001272"	"brain without olfactory bulb"		"Cldn5-GFP"		"Brain single cell 895"	
"SRR5530325"	"Mus musculus"	"http://purl.obolibrary.org/obo/NCBITaxon_10090"	"C57BL/6"	"http://www.ebi.ac.uk/efo/EFO_0004472"	"12 to 15 week"		"adult"	"http://www.ebi.ac.uk/efo/EFO_0001272"	"brain without olfactory bulb"		"Cldn5-GFP"		"Brain single cell 896"	
"SRR5530326"	"Mus musculus"	"http://purl.obolibrary.org/obo/NCBITaxon_10090"	"C57BL/6"	"http://www.ebi.ac.uk/efo/EFO_0004472"	"12 to 15 week"		"adult"	"http://www.ebi.ac.uk/efo/EFO_0001272"	"brain without olfactory bulb"		"Cldn5-GFP"		"Brain single cell 897"	
"SRR5530327"	"Mus musculus"	"http://purl.obolibrary.org/obo/NCBITaxon_10090"	"C57BL/6"	"http://www.ebi.ac.uk/efo/EFO_0004472"	"12 to 15 week"		"adult"	"http://www.ebi.ac.uk/efo/EFO_0001272"	"brain without olfactory bulb"		"Cldn5-GFP"		"Brain single cell 898"	
"SRR5530328"	"Mus musculus"	"http://purl.obolibrary.org/obo/NCBITaxon_10090"	"C57BL/6"	"http://www.ebi.ac.uk/efo/EFO_0004472"	"12 to 15 week"		"adult"	"http://www.ebi.ac.uk/efo/EFO_0001272"	"brain without olfactory bulb"		"Cldn5-GFP"		"Brain single cell 899"	
"SRR5530329"	"Mus musculus"	"http://purl.obolibrary.org/obo/NCBITaxon_10090"	"C57BL/6"	"http://www.ebi.ac.uk/efo/EFO_0004472"	"12 to 15 week"		"adult"	"http://www.ebi.ac.uk/efo/EFO_0001272"	"brain without olfactory bulb"		"Cldn5-GFP"		"Brain single cell 900"	
"SRR5530330"	"Mus musculus"	"http://purl.obolibrary.org/obo/NCBITaxon_10090"	"C57BL/6"	"http://www.ebi.ac.uk/efo/EFO_0004472"	"12 to 15 week"		"adult"	"http://www.ebi.ac.uk/efo/EFO_0001272"	"brain without olfactory bulb"		"Cldn5-GFP"		"Brain single cell 901"	
"SRR5530331"	"Mus musculus"	"http://purl.obolibrary.org/obo/NCBITaxon_10090"	"C57BL/6"	"http://www.ebi.ac.uk/efo/EFO_0004472"	"12 to 15 week"		"adult"	"http://www.ebi.ac.uk/efo/EFO_0001272"	"brain without olfactory bulb"		"Cldn5-GFP"		"Brain single cell 902"	
"SRR5530332"	"Mus musculus"	"http://purl.obolibrary.org/obo/NCBITaxon_10090"	"C57BL/6"	"http://www.ebi.ac.uk/efo/EFO_0004472"	"12 to 15 week"		"adult"	"http://www.ebi.ac.uk/efo/EFO_0001272"	"brain without olfactory bulb"		"Cldn5-GFP"		"Brain single cell 903"	
"SRR5530333"	"Mus musculus"	"http://purl.obolibrary.org/obo/NCBITaxon_10090"	"C57BL/6"	"http://www.ebi.ac.uk/efo/EFO_0004472"	"12 to 15 week"		"adult"	"http://www.ebi.ac.uk/efo/EFO_0001272"	"brain without olfactory bulb"		"Cldn5-GFP"		"Brain single cell 904"	
"SRR5530334"	"Mus musculus"	"http://purl.obolibrary.org/obo/NCBITaxon_10090"	"C57BL/6"	"http://www.ebi.ac.uk/efo/EFO_0004472"	"12 to 15 week"		"adult"	"http://www.ebi.ac.uk/efo/EFO_0001272"	"brain without olfactory bulb"		"Cldn5-GFP"		"Brain single cell 905"	
"SRR5530335"	"Mus musculus"	"http://purl.obolibrary.org/obo/NCBITaxon_10090"	"C57BL/6"	"http://www.ebi.ac.uk/efo/EFO_0004472"	"12 to 15 week"		"adult"	"http://www.ebi.ac.uk/efo/EFO_0001272"	"brain without olfactory bulb"		"Cldn5-GFP"		"Brain single cell 906"	
"SRR5530336"	"Mus musculus"	"http://purl.obolibrary.org/obo/NCBITaxon_10090"	"C57BL/6"	"http://www.ebi.ac.uk/efo/EFO_0004472"	"12 to 15 week"		"adult"	"http://www.ebi.ac.uk/efo/EFO_0001272"	"brain without olfactory bulb"		"Cldn5-GFP"		"Brain single cell 907"	
"SRR5530337"	"Mus musculus"	"http://purl.obolibrary.org/obo/NCBITaxon_10090"	"C57BL/6"	"http://www.ebi.ac.uk/efo/EFO_0004472"	"12 to 15 week"		"adult"	"http://www.ebi.ac.uk/efo/EFO_0001272"	"brain without olfactory bulb"		"Cldn5-GFP"		"Brain single cell 908"	
"SRR5530338"	"Mus musculus"	"http://purl.obolibrary.org/obo/NCBITaxon_10090"	"C57BL/6"	"http://www.ebi.ac.uk/efo/EFO_0004472"	"12 to 15 week"		"adult"	"http://www.ebi.ac.uk/efo/EFO_0001272"	"brain without olfactory bulb"		"Cldn5-GFP"		"Brain single cell 909"	
"SRR5530339"	"Mus musculus"	"http://purl.obolibrary.org/obo/NCBITaxon_10090"	"C57BL/6"	"http://www.ebi.ac.uk/efo/EFO_0004472"	"12 to 15 week"		"adult"	"http://www.ebi.ac.uk/efo/EFO_0001272"	"brain without olfactory bulb"		"Cldn5-GFP"		"Brain single cell 910"	
"SRR5530340"	"Mus musculus"	"http://purl.obolibrary.org/obo/NCBITaxon_10090"	"C57BL/6"	"http://www.ebi.ac.uk/efo/EFO_0004472"	"12 to 15 week"		"adult"	"http://www.ebi.ac.uk/efo/EFO_0001272"	"brain without olfactory bulb"		"Cldn5-GFP"		"Brain single cell 911"	
"SRR5530341"	"Mus musculus"	"http://purl.obolibrary.org/obo/NCBITaxon_10090"	"C57BL/6"	"http://www.ebi.ac.uk/efo/EFO_0004472"	"12 to 15 week"		"adult"	"http://www.ebi.ac.uk/efo/EFO_0001272"	"brain without olfactory bulb"		"Cldn5-GFP"		"Brain single cell 912"	
"SRR5530342"	"Mus musculus"	"http://purl.obolibrary.org/obo/NCBITaxon_10090"	"C57BL/6"	"http://www.ebi.ac.uk/efo/EFO_0004472"	"12 to 15 week"		"adult"	"http://www.ebi.ac.uk/efo/EFO_0001272"	"brain without olfactory bulb"		"Cldn5-GFP"		"Brain single cell 913"	
"SRR5530343"	"Mus musculus"	"http://purl.obolibrary.org/obo/NCBITaxon_10090"	"C57BL/6"	"http://www.ebi.ac.uk/efo/EFO_0004472"	"12 to 15 week"		"adult"	"http://www.ebi.ac.uk/efo/EFO_0001272"	"brain without olfactory bulb"		"Cldn5-GFP"		"Brain single cell 914"	
"SRR5530344"	"Mus musculus"	"http://purl.obolibrary.org/obo/NCBITaxon_10090"	"C57BL/6"	"http://www.ebi.ac.uk/efo/EFO_0004472"	"12 to 15 week"		"adult"	"http://www.ebi.ac.uk/efo/EFO_0001272"	"brain without olfactory bulb"		"Cldn5-GFP"		"Brain single cell 915"	
"SRR5530345"	"Mus musculus"	"http://purl.obolibrary.org/obo/NCBITaxon_10090"	"C57BL/6"	"http://www.ebi.ac.uk/efo/EFO_0004472"	"12 to 15 week"		"adult"	"http://www.ebi.ac.uk/efo/EFO_0001272"	"brain without olfactory bulb"		"Cldn5-GFP"		"Brain single cell 916"	
"SRR5530346"	"Mus musculus"	"http://purl.obolibrary.org/obo/NCBITaxon_10090"	"C57BL/6"	"http://www.ebi.ac.uk/efo/EFO_0004472"	"12 to 15 week"		"adult"	"http://www.ebi.ac.uk/efo/EFO_0001272"	"brain without olfactory bulb"		"Cldn5-GFP"		"Brain single cell 917"	
"SRR5530347"	"Mus musculus"	"http://purl.obolibrary.org/obo/NCBITaxon_10090"	"C57BL/6"	"http://www.ebi.ac.uk/efo/EFO_0004472"	"12 to 15 week"		"adult"	"http://www.ebi.ac.uk/efo/EFO_0001272"	"brain without olfactory bulb"		"Cldn5-GFP"		"Brain single cell 918"	
"SRR5530348"	"Mus musculus"	"http://purl.obolibrary.org/obo/NCBITaxon_10090"	"C57BL/6"	"http://www.ebi.ac.uk/efo/EFO_0004472"	"12 to 15 week"		"adult"	"http://www.ebi.ac.uk/efo/EFO_0001272"	"brain without olfactory bulb"		"Cldn5-GFP"		"Brain single cell 919"	
"SRR5530349"	"Mus musculus"	"http://purl.obolibrary.org/obo/NCBITaxon_10090"	"C57BL/6"	"http://www.ebi.ac.uk/efo/EFO_0004472"	"12 to 15 week"		"adult"	"http://www.ebi.ac.uk/efo/EFO_0001272"	"brain without olfactory bulb"		"Cldn5-GFP"		"Brain single cell 920"	
"SRR5530350"	"Mus musculus"	"http://purl.obolibrary.org/obo/NCBITaxon_10090"	"C57BL/6"	"http://www.ebi.ac.uk/efo/EFO_0004472"	"12 to 15 week"		"adult"	"http://www.ebi.ac.uk/efo/EFO_0001272"	"brain without olfactory bulb"		"Cldn5-GFP"		"Brain single cell 921"	
"SRR5530351"	"Mus musculus"	"http://purl.obolibrary.org/obo/NCBITaxon_10090"	"C57BL/6"	"http://www.ebi.ac.uk/efo/EFO_0004472"	"12 to 15 week"		"adult"	"http://www.ebi.ac.uk/efo/EFO_0001272"	"brain without olfactory bulb"		"Cldn5-GFP"		"Brain single cell 922"	
"SRR5530352"	"Mus musculus"	"http://purl.obolibrary.org/obo/NCBITaxon_10090"	"C57BL/6"	"http://www.ebi.ac.uk/efo/EFO_0004472"	"12 to 15 week"		"adult"	"http://www.ebi.ac.uk/efo/EFO_0001272"	"brain without olfactory bulb"		"Cldn5-GFP"		"Brain single cell 923"	
"SRR5530353"	"Mus musculus"	"http://purl.obolibrary.org/obo/NCBITaxon_10090"	"C57BL/6"	"http://www.ebi.ac.uk/efo/EFO_0004472"	"12 to 15 week"		"adult"	"http://www.ebi.ac.uk/efo/EFO_0001272"	"brain without olfactory bulb"		"Cldn5-GFP"		"Brain single cell 924"	
"SRR5530354"	"Mus musculus"	"http://purl.obolibrary.org/obo/NCBITaxon_10090"	"C57BL/6"	"http://www.ebi.ac.uk/efo/EFO_0004472"	"12 to 15 week"		"adult"	"http://www.ebi.ac.uk/efo/EFO_0001272"	"brain without olfactory bulb"		"Cldn5-GFP"		"Brain single cell 925"	
"SRR5530355"	"Mus musculus"	"http://purl.obolibrary.org/obo/NCBITaxon_10090"	"C57BL/6"	"http://www.ebi.ac.uk/efo/EFO_0004472"	"12 to 15 week"		"adult"	"http://www.ebi.ac.uk/efo/EFO_0001272"	"brain without olfactory bulb"		"Cldn5-GFP"		"Brain single cell 926"	
"SRR5530356"	"Mus musculus"	"http://purl.obolibrary.org/obo/NCBITaxon_10090"	"C57BL/6"	"http://www.ebi.ac.uk/efo/EFO_0004472"	"12 to 15 week"		"adult"	"http://www.ebi.ac.uk/efo/EFO_0001272"	"brain without olfactory bulb"		"Cldn5-GFP"		"Brain single cell 927"	
"SRR5530357"	"Mus musculus"	"http://purl.obolibrary.org/obo/NCBITaxon_10090"	"C57BL/6"	"http://www.ebi.ac.uk/efo/EFO_0004472"	"12 to 15 week"		"adult"	"http://www.ebi.ac.uk/efo/EFO_0001272"	"brain without olfactory bulb"		"Cldn5-GFP"		"Brain single cell 928"	
"SRR5530358"	"Mus musculus"	"http://purl.obolibrary.org/obo/NCBITaxon_10090"	"C57BL/6"	"http://www.ebi.ac.uk/efo/EFO_0004472"	"12 to 15 week"		"adult"	"http://www.ebi.ac.uk/efo/EFO_0001272"	"brain without olfactory bulb"		"Cldn5-GFP"		"Brain single cell 929"	
"SRR5530359"	"Mus musculus"	"http://purl.obolibrary.org/obo/NCBITaxon_10090"	"C57BL/6"	"http://www.ebi.ac.uk/efo/EFO_0004472"	"12 to 15 week"		"adult"	"http://www.ebi.ac.uk/efo/EFO_0001272"	"brain without olfactory bulb"		"Cldn5-GFP"		"Brain single cell 930"	
"SRR5530360"	"Mus musculus"	"http://purl.obolibrary.org/obo/NCBITaxon_10090"	"C57BL/6"	"http://www.ebi.ac.uk/efo/EFO_0004472"	"12 to 15 week"		"adult"	"http://www.ebi.ac.uk/efo/EFO_0001272"	"brain without olfactory bulb"		"Cldn5-GFP"		"Brain single cell 931"	
"SRR5530361"	"Mus musculus"	"http://purl.obolibrary.org/obo/NCBITaxon_10090"	"C57BL/6"	"http://www.ebi.ac.uk/efo/EFO_0004472"	"12 to 15 week"		"adult"	"http://www.ebi.ac.uk/efo/EFO_0001272"	"brain without olfactory bulb"		"Cldn5-GFP"		"Brain single cell 932"	
"SRR5530362"	"Mus musculus"	"http://purl.obolibrary.org/obo/NCBITaxon_10090"	"C57BL/6"	"http://www.ebi.ac.uk/efo/EFO_0004472"	"12 to 15 week"		"adult"	"http://www.ebi.ac.uk/efo/EFO_0001272"	"brain without olfactory bulb"		"Cldn5-GFP"		"Brain single cell 933"	
"SRR5530363"	"Mus musculus"	"http://purl.obolibrary.org/obo/NCBITaxon_10090"	"C57BL/6"	"http://www.ebi.ac.uk/efo/EFO_0004472"	"12 to 15 week"		"adult"	"http://www.ebi.ac.uk/efo/EFO_0001272"	"brain without olfactory bulb"		"Cldn5-GFP"		"Brain single cell 934"	
"SRR5530364"	"Mus musculus"	"http://purl.obolibrary.org/obo/NCBITaxon_10090"	"C57BL/6"	"http://www.ebi.ac.uk/efo/EFO_0004472"	"12 to 15 week"		"adult"	"http://www.ebi.ac.uk/efo/EFO_0001272"	"brain without olfactory bulb"		"Cldn5-GFP"		"Brain single cell 935"	
"SRR5530365"	"Mus musculus"	"http://purl.obolibrary.org/obo/NCBITaxon_10090"	"C57BL/6"	"http://www.ebi.ac.uk/efo/EFO_0004472"	"12 to 15 week"		"adult"	"http://www.ebi.ac.uk/efo/EFO_0001272"	"brain without olfactory bulb"		"Cldn5-GFP"		"Brain single cell 936"	
"SRR5530366"	"Mus musculus"	"http://purl.obolibrary.org/obo/NCBITaxon_10090"	"C57BL/6"	"http://www.ebi.ac.uk/efo/EFO_0004472"	"12 to 15 week"		"adult"	"http://www.ebi.ac.uk/efo/EFO_0001272"	"brain without olfactory bulb"		"Cldn5-GFP"		"Brain single cell 937"	
"SRR5530367"	"Mus musculus"	"http://purl.obolibrary.org/obo/NCBITaxon_10090"	"C57BL/6"	"http://www.ebi.ac.uk/efo/EFO_0004472"	"12 to 15 week"		"adult"	"http://www.ebi.ac.uk/efo/EFO_0001272"	"brain without olfactory bulb"		"Cldn5-GFP"		"Brain single cell 938"	
"SRR5530368"	"Mus musculus"	"http://purl.obolibrary.org/obo/NCBITaxon_10090"	"C57BL/6"	"http://www.ebi.ac.uk/efo/EFO_0004472"	"12 to 15 week"		"adult"	"http://www.ebi.ac.uk/efo/EFO_0001272"	"brain without olfactory bulb"		"Cldn5-GFP"		"Brain single cell 939"	
"SRR5530369"	"Mus musculus"	"http://purl.obolibrary.org/obo/NCBITaxon_10090"	"C57BL/6"	"http://www.ebi.ac.uk/efo/EFO_0004472"	"12 to 15 week"		"adult"	"http://www.ebi.ac.uk/efo/EFO_0001272"	"brain without olfactory bulb"		"Cldn5-GFP"		"Brain single cell 940"	
"SRR5530370"	"Mus musculus"	"http://purl.obolibrary.org/obo/NCBITaxon_10090"	"C57BL/6"	"http://www.ebi.ac.uk/efo/EFO_0004472"	"12 to 15 week"		"adult"	"http://www.ebi.ac.uk/efo/EFO_0001272"	"brain without olfactory bulb"		"Cldn5-GFP"		"Brain single cell 941"	
"SRR5530371"	"Mus musculus"	"http://purl.obolibrary.org/obo/NCBITaxon_10090"	"C57BL/6"	"http://www.ebi.ac.uk/efo/EFO_0004472"	"12 to 15 week"		"adult"	"http://www.ebi.ac.uk/efo/EFO_0001272"	"brain without olfactory bulb"		"Cldn5-GFP"		"Brain single cell 942"	
"SRR5530372"	"Mus musculus"	"http://purl.obolibrary.org/obo/NCBITaxon_10090"	"C57BL/6"	"http://www.ebi.ac.uk/efo/EFO_0004472"	"12 to 15 week"		"adult"	"http://www.ebi.ac.uk/efo/EFO_0001272"	"brain without olfactory bulb"		"Cldn5-GFP"		"Brain single cell 943"	
"SRR5530373"	"Mus musculus"	"http://purl.obolibrary.org/obo/NCBITaxon_10090"	"C57BL/6"	"http://www.ebi.ac.uk/efo/EFO_0004472"	"12 to 15 week"		"adult"	"http://www.ebi.ac.uk/efo/EFO_0001272"	"brain without olfactory bulb"		"Cldn5-GFP"		"Brain single cell 944"	
"SRR5530374"	"Mus musculus"	"http://purl.obolibrary.org/obo/NCBITaxon_10090"	"C57BL/6"	"http://www.ebi.ac.uk/efo/EFO_0004472"	"12 to 15 week"		"adult"	"http://www.ebi.ac.uk/efo/EFO_0001272"	"brain without olfactory bulb"		"Cldn5-GFP"		"Brain single cell 945"	
"SRR5530375"	"Mus musculus"	"http://purl.obolibrary.org/obo/NCBITaxon_10090"	"C57BL/6"	"http://www.ebi.ac.uk/efo/EFO_0004472"	"12 to 15 week"		"adult"	"http://www.ebi.ac.uk/efo/EFO_0001272"	"brain without olfactory bulb"		"Cldn5-GFP"		"Brain single cell 946"	
"SRR5530376"	"Mus musculus"	"http://purl.obolibrary.org/obo/NCBITaxon_10090"	"C57BL/6"	"http://www.ebi.ac.uk/efo/EFO_0004472"	"12 to 15 week"		"adult"	"http://www.ebi.ac.uk/efo/EFO_0001272"	"brain without olfactory bulb"		"Cldn5-GFP"		"Brain single cell 947"	
"SRR5530377"	"Mus musculus"	"http://purl.obolibrary.org/obo/NCBITaxon_10090"	"C57BL/6"	"http://www.ebi.ac.uk/efo/EFO_0004472"	"12 to 15 week"		"adult"	"http://www.ebi.ac.uk/efo/EFO_0001272"	"brain without olfactory bulb"		"Cldn5-GFP"		"Brain single cell 948"	
"SRR5530378"	"Mus musculus"	"http://purl.obolibrary.org/obo/NCBITaxon_10090"	"C57BL/6"	"http://www.ebi.ac.uk/efo/EFO_0004472"	"12 to 15 week"		"adult"	"http://www.ebi.ac.uk/efo/EFO_0001272"	"brain without olfactory bulb"		"Cldn5-GFP"		"Brain single cell 949"	
"SRR5530379"	"Mus musculus"	"http://purl.obolibrary.org/obo/NCBITaxon_10090"	"C57BL/6"	"http://www.ebi.ac.uk/efo/EFO_0004472"	"12 to 15 week"		"adult"	"http://www.ebi.ac.uk/efo/EFO_0001272"	"brain without olfactory bulb"		"Cldn5-GFP"		"Brain single cell 950"	
"SRR5530380"	"Mus musculus"	"http://purl.obolibrary.org/obo/NCBITaxon_10090"	"C57BL/6"	"http://www.ebi.ac.uk/efo/EFO_0004472"	"12 to 15 week"		"adult"	"http://www.ebi.ac.uk/efo/EFO_0001272"	"brain without olfactory bulb"		"Cldn5-GFP"		"Brain single cell 951"	
"SRR5530381"	"Mus musculus"	"http://purl.obolibrary.org/obo/NCBITaxon_10090"	"C57BL/6"	"http://www.ebi.ac.uk/efo/EFO_0004472"	"12 to 15 week"		"adult"	"http://www.ebi.ac.uk/efo/EFO_0001272"	"brain without olfactory bulb"		"Cldn5-GFP"		"Brain single cell 952"	
"SRR5530382"	"Mus musculus"	"http://purl.obolibrary.org/obo/NCBITaxon_10090"	"C57BL/6"	"http://www.ebi.ac.uk/efo/EFO_0004472"	"12 to 15 week"		"adult"	"http://www.ebi.ac.uk/efo/EFO_0001272"	"brain without olfactory bulb"		"Cldn5-GFP"		"Brain single cell 953"	
"SRR5530383"	"Mus musculus"	"http://purl.obolibrary.org/obo/NCBITaxon_10090"	"C57BL/6"	"http://www.ebi.ac.uk/efo/EFO_0004472"	"12 to 15 week"		"adult"	"http://www.ebi.ac.uk/efo/EFO_0001272"	"brain without olfactory bulb"		"Cldn5-GFP"		"Brain single cell 954"	
"SRR5530384"	"Mus musculus"	"http://purl.obolibrary.org/obo/NCBITaxon_10090"	"C57BL/6"	"http://www.ebi.ac.uk/efo/EFO_0004472"	"12 to 15 week"		"adult"	"http://www.ebi.ac.uk/efo/EFO_0001272"	"brain without olfactory bulb"		"Cldn5-GFP"		"Brain single cell 955"	
"SRR5530385"	"Mus musculus"	"http://purl.obolibrary.org/obo/NCBITaxon_10090"	"C57BL/6"	"http://www.ebi.ac.uk/efo/EFO_0004472"	"12 to 15 week"		"adult"	"http://www.ebi.ac.uk/efo/EFO_0001272"	"brain without olfactory bulb"		"Cldn5-GFP"		"Brain single cell 956"	
"SRR5530386"	"Mus musculus"	"http://purl.obolibrary.org/obo/NCBITaxon_10090"	"C57BL/6"	"http://www.ebi.ac.uk/efo/EFO_0004472"	"12 to 15 week"		"adult"	"http://www.ebi.ac.uk/efo/EFO_0001272"	"brain without olfactory bulb"		"Cldn5-GFP"		"Brain single cell 957"	
"SRR5530387"	"Mus musculus"	"http://purl.obolibrary.org/obo/NCBITaxon_10090"	"C57BL/6"	"http://www.ebi.ac.uk/efo/EFO_0004472"	"12 to 15 week"		"adult"	"http://www.ebi.ac.uk/efo/EFO_0001272"	"brain without olfactory bulb"		"Cldn5-GFP"		"Brain single cell 958"	
"SRR5530388"	"Mus musculus"	"http://purl.obolibrary.org/obo/NCBITaxon_10090"	"C57BL/6"	"http://www.ebi.ac.uk/efo/EFO_0004472"	"12 to 15 week"		"adult"	"http://www.ebi.ac.uk/efo/EFO_0001272"	"brain without olfactory bulb"		"Cldn5-GFP"		"Brain single cell 959"	
"SRR5530389"	"Mus musculus"	"http://purl.obolibrary.org/obo/NCBITaxon_10090"	"C57BL/6"	"http://www.ebi.ac.uk/efo/EFO_0004472"	"12 to 15 week"		"adult"	"http://www.ebi.ac.uk/efo/EFO_0001272"	"brain without olfactory bulb"		"Cldn5-GFP"		"Brain single cell 960"	
"SRR5530390"	"Mus musculus"	"http://purl.obolibrary.org/obo/NCBITaxon_10090"	"C57BL/6"	"http://www.ebi.ac.uk/efo/EFO_0004472"	"12 to 15 week"		"adult"	"http://www.ebi.ac.uk/efo/EFO_0001272"	"brain without olfactory bulb"		"Cldn5-GFP"		"Brain single cell 961"	
"SRR5530391"	"Mus musculus"	"http://purl.obolibrary.org/obo/NCBITaxon_10090"	"C57BL/6"	"http://www.ebi.ac.uk/efo/EFO_0004472"	"12 to 15 week"		"adult"	"http://www.ebi.ac.uk/efo/EFO_0001272"	"brain without olfactory bulb"		"Cldn5-GFP"		"Brain single cell 962"	
"SRR5530392"	"Mus musculus"	"http://purl.obolibrary.org/obo/NCBITaxon_10090"	"C57BL/6"	"http://www.ebi.ac.uk/efo/EFO_0004472"	"12 to 15 week"		"adult"	"http://www.ebi.ac.uk/efo/EFO_0001272"	"brain without olfactory bulb"		"Cldn5-GFP"		"Brain single cell 963"	
"SRR5530393"	"Mus musculus"	"http://purl.obolibrary.org/obo/NCBITaxon_10090"	"C57BL/6"	"http://www.ebi.ac.uk/efo/EFO_0004472"	"12 to 15 week"		"adult"	"http://www.ebi.ac.uk/efo/EFO_0001272"	"brain without olfactory bulb"		"Cldn5-GFP"		"Brain single cell 964"	
"SRR5530394"	"Mus musculus"	"http://purl.obolibrary.org/obo/NCBITaxon_10090"	"C57BL/6"	"http://www.ebi.ac.uk/efo/EFO_0004472"	"12 to 15 week"		"adult"	"http://www.ebi.ac.uk/efo/EFO_0001272"	"brain without olfactory bulb"		"Cldn5-GFP"		"Brain single cell 965"	
"SRR5530395"	"Mus musculus"	"http://purl.obolibrary.org/obo/NCBITaxon_10090"	"C57BL/6"	"http://www.ebi.ac.uk/efo/EFO_0004472"	"12 to 15 week"		"adult"	"http://www.ebi.ac.uk/efo/EFO_0001272"	"brain without olfactory bulb"		"Cldn5-GFP"		"Brain single cell 966"	
"SRR5530396"	"Mus musculus"	"http://purl.obolibrary.org/obo/NCBITaxon_10090"	"C57BL/6"	"http://www.ebi.ac.uk/efo/EFO_0004472"	"12 to 15 week"		"adult"	"http://www.ebi.ac.uk/efo/EFO_0001272"	"brain without olfactory bulb"		"Cldn5-GFP"		"Brain single cell 967"	
"SRR5530397"	"Mus musculus"	"http://purl.obolibrary.org/obo/NCBITaxon_10090"	"C57BL/6"	"http://www.ebi.ac.uk/efo/EFO_0004472"	"12 to 15 week"		"adult"	"http://www.ebi.ac.uk/efo/EFO_0001272"	"brain without olfactory bulb"		"Cldn5-GFP"		"Brain single cell 968"	
"SRR5530398"	"Mus musculus"	"http://purl.obolibrary.org/obo/NCBITaxon_10090"	"C57BL/6"	"http://www.ebi.ac.uk/efo/EFO_0004472"	"12 to 15 week"		"adult"	"http://www.ebi.ac.uk/efo/EFO_0001272"	"brain without olfactory bulb"		"Cldn5-GFP"		"Brain single cell 969"	
"SRR5530399"	"Mus musculus"	"http://purl.obolibrary.org/obo/NCBITaxon_10090"	"C57BL/6"	"http://www.ebi.ac.uk/efo/EFO_0004472"	"12 to 15 week"		"adult"	"http://www.ebi.ac.uk/efo/EFO_0001272"	"brain without olfactory bulb"		"Cldn5-GFP"		"Brain single cell 970"	
"SRR5530400"	"Mus musculus"	"http://purl.obolibrary.org/obo/NCBITaxon_10090"	"C57BL/6"	"http://www.ebi.ac.uk/efo/EFO_0004472"	"12 to 15 week"		"adult"	"http://www.ebi.ac.uk/efo/EFO_0001272"	"brain without olfactory bulb"		"Cldn5-GFP"		"Brain single cell 971"	
"SRR5530401"	"Mus musculus"	"http://purl.obolibrary.org/obo/NCBITaxon_10090"	"C57BL/6"	"http://www.ebi.ac.uk/efo/EFO_0004472"	"12 to 15 week"		"adult"	"http://www.ebi.ac.uk/efo/EFO_0001272"	"brain without olfactory bulb"		"Cldn5-GFP"		"Brain single cell 972"	
"SRR5530402"	"Mus musculus"	"http://purl.obolibrary.org/obo/NCBITaxon_10090"	"C57BL/6"	"http://www.ebi.ac.uk/efo/EFO_0004472"	"12 to 15 week"		"adult"	"http://www.ebi.ac.uk/efo/EFO_0001272"	"brain without olfactory bulb"		"Cldn5-GFP"		"Brain single cell 973"	
"SRR5530403"	"Mus musculus"	"http://purl.obolibrary.org/obo/NCBITaxon_10090"	"C57BL/6"	"http://www.ebi.ac.uk/efo/EFO_0004472"	"12 to 15 week"		"adult"	"http://www.ebi.ac.uk/efo/EFO_0001272"	"brain without olfactory bulb"		"Cldn5-GFP"		"Brain single cell 974"	
"SRR5530404"	"Mus musculus"	"http://purl.obolibrary.org/obo/NCBITaxon_10090"	"C57BL/6"	"http://www.ebi.ac.uk/efo/EFO_0004472"	"12 to 15 week"		"adult"	"http://www.ebi.ac.uk/efo/EFO_0001272"	"brain without olfactory bulb"		"Cldn5-GFP"		"Brain single cell 975"	
"SRR5530405"	"Mus musculus"	"http://purl.obolibrary.org/obo/NCBITaxon_10090"	"C57BL/6"	"http://www.ebi.ac.uk/efo/EFO_0004472"	"12 to 15 week"		"adult"	"http://www.ebi.ac.uk/efo/EFO_0001272"	"brain without olfactory bulb"		"Cldn5-GFP"		"Brain single cell 976"	
"SRR5530406"	"Mus musculus"	"http://purl.obolibrary.org/obo/NCBITaxon_10090"	"C57BL/6"	"http://www.ebi.ac.uk/efo/EFO_0004472"	"12 to 15 week"		"adult"	"http://www.ebi.ac.uk/efo/EFO_0001272"	"brain without olfactory bulb"		"Cldn5-GFP"		"Brain single cell 977"	
"SRR5530407"	"Mus musculus"	"http://purl.obolibrary.org/obo/NCBITaxon_10090"	"C57BL/6"	"http://www.ebi.ac.uk/efo/EFO_0004472"	"12 to 15 week"		"adult"	"http://www.ebi.ac.uk/efo/EFO_0001272"	"brain without olfactory bulb"		"Cldn5-GFP"		"Brain single cell 978"	
"SRR5530408"	"Mus musculus"	"http://purl.obolibrary.org/obo/NCBITaxon_10090"	"C57BL/6"	"http://www.ebi.ac.uk/efo/EFO_0004472"	"12 to 15 week"		"adult"	"http://www.ebi.ac.uk/efo/EFO_0001272"	"brain without olfactory bulb"		"Cldn5-GFP"		"Brain single cell 979"	
"SRR5530409"	"Mus musculus"	"http://purl.obolibrary.org/obo/NCBITaxon_10090"	"C57BL/6"	"http://www.ebi.ac.uk/efo/EFO_0004472"	"12 to 15 week"		"adult"	"http://www.ebi.ac.uk/efo/EFO_0001272"	"brain without olfactory bulb"		"Cldn5-GFP"		"Brain single cell 980"	
"SRR5530410"	"Mus musculus"	"http://purl.obolibrary.org/obo/NCBITaxon_10090"	"C57BL/6"	"http://www.ebi.ac.uk/efo/EFO_0004472"	"12 to 15 week"		"adult"	"http://www.ebi.ac.uk/efo/EFO_0001272"	"brain without olfactory bulb"		"Cldn5-GFP"		"Brain single cell 981"	
"SRR5530411"	"Mus musculus"	"http://purl.obolibrary.org/obo/NCBITaxon_10090"	"C57BL/6"	"http://www.ebi.ac.uk/efo/EFO_0004472"	"12 to 15 week"		"adult"	"http://www.ebi.ac.uk/efo/EFO_0001272"	"brain without olfactory bulb"		"Cldn5-GFP"		"Brain single cell 982"	
"SRR5530412"	"Mus musculus"	"http://purl.obolibrary.org/obo/NCBITaxon_10090"	"C57BL/6"	"http://www.ebi.ac.uk/efo/EFO_0004472"	"12 to 15 week"		"adult"	"http://www.ebi.ac.uk/efo/EFO_0001272"	"brain without olfactory bulb"		"Cldn5-GFP"		"Brain single cell 983"	
"SRR5530413"	"Mus musculus"	"http://purl.obolibrary.org/obo/NCBITaxon_10090"	"C57BL/6"	"http://www.ebi.ac.uk/efo/EFO_0004472"	"12 to 15 week"		"adult"	"http://www.ebi.ac.uk/efo/EFO_0001272"	"brain without olfactory bulb"		"Cldn5-GFP"		"Brain single cell 984"	
"SRR5530414"	"Mus musculus"	"http://purl.obolibrary.org/obo/NCBITaxon_10090"	"C57BL/6"	"http://www.ebi.ac.uk/efo/EFO_0004472"	"12 to 15 week"		"adult"	"http://www.ebi.ac.uk/efo/EFO_0001272"	"brain without olfactory bulb"		"Cldn5-GFP"		"Brain single cell 985"	
"SRR5530415"	"Mus musculus"	"http://purl.obolibrary.org/obo/NCBITaxon_10090"	"C57BL/6"	"http://www.ebi.ac.uk/efo/EFO_0004472"	"12 to 15 week"		"adult"	"http://www.ebi.ac.uk/efo/EFO_0001272"	"brain without olfactory bulb"		"Cldn5-GFP"		"Brain single cell 986"	
"SRR5530416"	"Mus musculus"	"http://purl.obolibrary.org/obo/NCBITaxon_10090"	"C57BL/6"	"http://www.ebi.ac.uk/efo/EFO_0004472"	"12 to 15 week"		"adult"	"http://www.ebi.ac.uk/efo/EFO_0001272"	"brain without olfactory bulb"		"Cldn5-GFP"		"Brain single cell 987"	
"SRR5530417"	"Mus musculus"	"http://purl.obolibrary.org/obo/NCBITaxon_10090"	"C57BL/6"	"http://www.ebi.ac.uk/efo/EFO_0004472"	"12 to 15 week"		"adult"	"http://www.ebi.ac.uk/efo/EFO_0001272"	"brain without olfactory bulb"		"Cldn5-GFP"		"Brain single cell 988"	
"SRR5530418"	"Mus musculus"	"http://purl.obolibrary.org/obo/NCBITaxon_10090"	"C57BL/6"	"http://www.ebi.ac.uk/efo/EFO_0004472"	"12 to 15 week"		"adult"	"http://www.ebi.ac.uk/efo/EFO_0001272"	"brain without olfactory bulb"		"Cldn5-GFP"		"Brain single cell 989"	
"SRR5530419"	"Mus musculus"	"http://purl.obolibrary.org/obo/NCBITaxon_10090"	"C57BL/6"	"http://www.ebi.ac.uk/efo/EFO_0004472"	"12 to 15 week"		"adult"	"http://www.ebi.ac.uk/efo/EFO_0001272"	"brain without olfactory bulb"		"Cldn5-GFP"		"Brain single cell 990"	
"SRR5530420"	"Mus musculus"	"http://purl.obolibrary.org/obo/NCBITaxon_10090"	"C57BL/6"	"http://www.ebi.ac.uk/efo/EFO_0004472"	"12 to 15 week"		"adult"	"http://www.ebi.ac.uk/efo/EFO_0001272"	"brain without olfactory bulb"		"Cldn5-GFP"		"Brain single cell 991"	
"SRR5530421"	"Mus musculus"	"http://purl.obolibrary.org/obo/NCBITaxon_10090"	"C57BL/6"	"http://www.ebi.ac.uk/efo/EFO_0004472"	"12 to 15 week"		"adult"	"http://www.ebi.ac.uk/efo/EFO_0001272"	"brain without olfactory bulb"		"Cldn5-GFP"		"Brain single cell 992"	
"SRR5530422"	"Mus musculus"	"http://purl.obolibrary.org/obo/NCBITaxon_10090"	"C57BL/6"	"http://www.ebi.ac.uk/efo/EFO_0004472"	"12 to 15 week"		"adult"	"http://www.ebi.ac.uk/efo/EFO_0001272"	"brain without olfactory bulb"		"Cldn5-GFP"		"Brain single cell 993"	
"SRR5530423"	"Mus musculus"	"http://purl.obolibrary.org/obo/NCBITaxon_10090"	"C57BL/6"	"http://www.ebi.ac.uk/efo/EFO_0004472"	"12 to 15 week"		"adult"	"http://www.ebi.ac.uk/efo/EFO_0001272"	"brain without olfactory bulb"		"Cldn5-GFP"		"Brain single cell 994"	
"SRR5530424"	"Mus musculus"	"http://purl.obolibrary.org/obo/NCBITaxon_10090"	"C57BL/6"	"http://www.ebi.ac.uk/efo/EFO_0004472"	"12 to 15 week"		"adult"	"http://www.ebi.ac.uk/efo/EFO_0001272"	"brain without olfactory bulb"		"Cldn5-GFP"		"Brain single cell 995"	
"SRR5530425"	"Mus musculus"	"http://purl.obolibrary.org/obo/NCBITaxon_10090"	"C57BL/6"	"http://www.ebi.ac.uk/efo/EFO_0004472"	"12 to 15 week"		"adult"	"http://www.ebi.ac.uk/efo/EFO_0001272"	"brain without olfactory bulb"		"Cldn5-GFP"		"Brain single cell 996"	
"SRR5530426"	"Mus musculus"	"http://purl.obolibrary.org/obo/NCBITaxon_10090"	"C57BL/6"	"http://www.ebi.ac.uk/efo/EFO_0004472"	"12 to 15 week"		"adult"	"http://www.ebi.ac.uk/efo/EFO_0001272"	"brain without olfactory bulb"		"Cldn5-GFP"		"Brain single cell 997"	
"SRR5530427"	"Mus musculus"	"http://purl.obolibrary.org/obo/NCBITaxon_10090"	"C57BL/6"	"http://www.ebi.ac.uk/efo/EFO_0004472"	"12 to 15 week"		"adult"	"http://www.ebi.ac.uk/efo/EFO_0001272"	"brain without olfactory bulb"		"Cldn5-GFP"		"Brain single cell 998"	
"SRR5530428"	"Mus musculus"	"http://purl.obolibrary.org/obo/NCBITaxon_10090"	"C57BL/6"	"http://www.ebi.ac.uk/efo/EFO_0004472"	"12 to 15 week"		"adult"	"http://www.ebi.ac.uk/efo/EFO_0001272"	"brain without olfactory bulb"		"Cldn5-GFP"		"Brain single cell 999"	
"SRR5530429"	"Mus musculus"	"http://purl.obolibrary.org/obo/NCBITaxon_10090"	"C57BL/6"	"http://www.ebi.ac.uk/efo/EFO_0004472"	"12 to 15 week"		"adult"	"http://www.ebi.ac.uk/efo/EFO_0001272"	"brain without olfactory bulb"		"Cldn5-GFP"		"Brain single cell 1000"	
"SRR5530430"	"Mus musculus"	"http://purl.obolibrary.org/obo/NCBITaxon_10090"	"C57BL/6"	"http://www.ebi.ac.uk/efo/EFO_0004472"	"12 to 15 week"		"adult"	"http://www.ebi.ac.uk/efo/EFO_0001272"	"brain without olfactory bulb"		"Cldn5-GFP"		"Brain single cell 1001"	
"SRR5530431"	"Mus musculus"	"http://purl.obolibrary.org/obo/NCBITaxon_10090"	"C57BL/6"	"http://www.ebi.ac.uk/efo/EFO_0004472"	"12 to 15 week"		"adult"	"http://www.ebi.ac.uk/efo/EFO_0001272"	"brain without olfactory bulb"		"Cldn5-GFP"		"Brain single cell 1002"	
"SRR5530432"	"Mus musculus"	"http://purl.obolibrary.org/obo/NCBITaxon_10090"	"C57BL/6"	"http://www.ebi.ac.uk/efo/EFO_0004472"	"12 to 15 week"		"adult"	"http://www.ebi.ac.uk/efo/EFO_0001272"	"brain without olfactory bulb"		"Cldn5-GFP"		"Brain single cell 1003"	
"SRR5530433"	"Mus musculus"	"http://purl.obolibrary.org/obo/NCBITaxon_10090"	"C57BL/6"	"http://www.ebi.ac.uk/efo/EFO_0004472"	"12 to 15 week"		"adult"	"http://www.ebi.ac.uk/efo/EFO_0001272"	"brain without olfactory bulb"		"Cldn5-GFP"		"Brain single cell 1004"	
"SRR5530434"	"Mus musculus"	"http://purl.obolibrary.org/obo/NCBITaxon_10090"	"C57BL/6"	"http://www.ebi.ac.uk/efo/EFO_0004472"	"12 to 15 week"		"adult"	"http://www.ebi.ac.uk/efo/EFO_0001272"	"brain without olfactory bulb"		"Cldn5-GFP"		"Brain single cell 1005"	
"SRR5530435"	"Mus musculus"	"http://purl.obolibrary.org/obo/NCBITaxon_10090"	"C57BL/6"	"http://www.ebi.ac.uk/efo/EFO_0004472"	"12 to 15 week"		"adult"	"http://www.ebi.ac.uk/efo/EFO_0001272"	"brain without olfactory bulb"		"Cldn5-GFP"		"Brain single cell 1006"	
"SRR5530436"	"Mus musculus"	"http://purl.obolibrary.org/obo/NCBITaxon_10090"	"C57BL/6"	"http://www.ebi.ac.uk/efo/EFO_0004472"	"12 to 15 week"		"adult"	"http://www.ebi.ac.uk/efo/EFO_0001272"	"brain without olfactory bulb"		"Cldn5-GFP"		"Brain single cell 1007"	
"SRR5530437"	"Mus musculus"	"http://purl.obolibrary.org/obo/NCBITaxon_10090"	"C57BL/6"	"http://www.ebi.ac.uk/efo/EFO_0004472"	"12 to 15 week"		"adult"	"http://www.ebi.ac.uk/efo/EFO_0001272"	"brain without olfactory bulb"		"Cldn5-GFP"		"Brain single cell 1008"	
"SRR5530438"	"Mus musculus"	"http://purl.obolibrary.org/obo/NCBITaxon_10090"	"C57BL/6"	"http://www.ebi.ac.uk/efo/EFO_0004472"	"12 to 15 week"		"adult"	"http://www.ebi.ac.uk/efo/EFO_0001272"	"brain without olfactory bulb"		"Cldn5-GFP"		"Brain single cell 1009"	
"SRR5530439"	"Mus musculus"	"http://purl.obolibrary.org/obo/NCBITaxon_10090"	"C57BL/6"	"http://www.ebi.ac.uk/efo/EFO_0004472"	"12 to 15 week"		"adult"	"http://www.ebi.ac.uk/efo/EFO_0001272"	"brain without olfactory bulb"		"Cldn5-GFP"		"Brain single cell 1010"	
"SRR5530440"	"Mus musculus"	"http://purl.obolibrary.org/obo/NCBITaxon_10090"	"C57BL/6"	"http://www.ebi.ac.uk/efo/EFO_0004472"	"12 to 15 week"		"adult"	"http://www.ebi.ac.uk/efo/EFO_0001272"	"brain without olfactory bulb"		"Cldn5-GFP"		"Brain single cell 1011"	
"SRR5530441"	"Mus musculus"	"http://purl.obolibrary.org/obo/NCBITaxon_10090"	"C57BL/6"	"http://www.ebi.ac.uk/efo/EFO_0004472"	"12 to 15 week"		"adult"	"http://www.ebi.ac.uk/efo/EFO_0001272"	"brain without olfactory bulb"		"Cldn5-GFP"		"Brain single cell 1012"	
"SRR5530442"	"Mus musculus"	"http://purl.obolibrary.org/obo/NCBITaxon_10090"	"C57BL/6"	"http://www.ebi.ac.uk/efo/EFO_0004472"	"12 to 15 week"		"adult"	"http://www.ebi.ac.uk/efo/EFO_0001272"	"brain without olfactory bulb"		"Cldn5-GFP"		"Brain single cell 1013"	
"SRR5530443"	"Mus musculus"	"http://purl.obolibrary.org/obo/NCBITaxon_10090"	"C57BL/6"	"http://www.ebi.ac.uk/efo/EFO_0004472"	"12 to 15 week"		"adult"	"http://www.ebi.ac.uk/efo/EFO_0001272"	"brain without olfactory bulb"		"Cldn5-GFP"		"Brain single cell 1014"	
"SRR5530444"	"Mus musculus"	"http://purl.obolibrary.org/obo/NCBITaxon_10090"	"C57BL/6"	"http://www.ebi.ac.uk/efo/EFO_0004472"	"12 to 15 week"		"adult"	"http://www.ebi.ac.uk/efo/EFO_0001272"	"brain without olfactory bulb"		"Cldn5-GFP"		"Brain single cell 1015"	
"SRR5530445"	"Mus musculus"	"http://purl.obolibrary.org/obo/NCBITaxon_10090"	"C57BL/6"	"http://www.ebi.ac.uk/efo/EFO_0004472"	"12 to 15 week"		"adult"	"http://www.ebi.ac.uk/efo/EFO_0001272"	"brain without olfactory bulb"		"Cldn5-GFP"		"Brain single cell 1016"	
"SRR5530446"	"Mus musculus"	"http://purl.obolibrary.org/obo/NCBITaxon_10090"	"C57BL/6"	"http://www.ebi.ac.uk/efo/EFO_0004472"	"12 to 15 week"		"adult"	"http://www.ebi.ac.uk/efo/EFO_0001272"	"brain without olfactory bulb"		"Cldn5-GFP"		"Brain single cell 1017"	
"SRR5530447"	"Mus musculus"	"http://purl.obolibrary.org/obo/NCBITaxon_10090"	"C57BL/6"	"http://www.ebi.ac.uk/efo/EFO_0004472"	"12 to 15 week"		"adult"	"http://www.ebi.ac.uk/efo/EFO_0001272"	"brain without olfactory bulb"		"Cldn5-GFP"		"Brain single cell 1018"	
"SRR5530448"	"Mus musculus"	"http://purl.obolibrary.org/obo/NCBITaxon_10090"	"C57BL/6"	"http://www.ebi.ac.uk/efo/EFO_0004472"	"12 to 15 week"		"adult"	"http://www.ebi.ac.uk/efo/EFO_0001272"	"brain without olfactory bulb"		"Cldn5-GFP"		"Brain single cell 1019"	
"SRR5530449"	"Mus musculus"	"http://purl.obolibrary.org/obo/NCBITaxon_10090"	"C57BL/6"	"http://www.ebi.ac.uk/efo/EFO_0004472"	"12 to 15 week"		"adult"	"http://www.ebi.ac.uk/efo/EFO_0001272"	"brain without olfactory bulb"		"Cldn5-GFP"		"Brain single cell 1020"	
"SRR5530450"	"Mus musculus"	"http://purl.obolibrary.org/obo/NCBITaxon_10090"	"C57BL/6"	"http://www.ebi.ac.uk/efo/EFO_0004472"	"12 to 15 week"		"adult"	"http://www.ebi.ac.uk/efo/EFO_0001272"	"brain without olfactory bulb"		"Cldn5-GFP"		"Brain single cell 1021"	
"SRR5530451"	"Mus musculus"	"http://purl.obolibrary.org/obo/NCBITaxon_10090"	"C57BL/6"	"http://www.ebi.ac.uk/efo/EFO_0004472"	"12 to 15 week"		"adult"	"http://www.ebi.ac.uk/efo/EFO_0001272"	"brain without olfactory bulb"		"Cldn5-GFP"		"Brain single cell 1022"	
"SRR5530452"	"Mus musculus"	"http://purl.obolibrary.org/obo/NCBITaxon_10090"	"C57BL/6"	"http://www.ebi.ac.uk/efo/EFO_0004472"	"12 to 15 week"		"adult"	"http://www.ebi.ac.uk/efo/EFO_0001272"	"brain without olfactory bulb"		"Cldn5-GFP"		"Brain single cell 1023"	
"SRR5530453"	"Mus musculus"	"http://purl.obolibrary.org/obo/NCBITaxon_10090"	"C57BL/6"	"http://www.ebi.ac.uk/efo/EFO_0004472"	"12 to 15 week"		"adult"	"http://www.ebi.ac.uk/efo/EFO_0001272"	"brain without olfactory bulb"		"Cldn5-GFP"		"Brain single cell 1024"	
"SRR5530454"	"Mus musculus"	"http://purl.obolibrary.org/obo/NCBITaxon_10090"	"C57BL/6"	"http://www.ebi.ac.uk/efo/EFO_0004472"	"12 to 15 week"		"adult"	"http://www.ebi.ac.uk/efo/EFO_0001272"	"brain without olfactory bulb"		"Cldn5-GFP"		"Brain single cell 1025"	
"SRR5530455"	"Mus musculus"	"http://purl.obolibrary.org/obo/NCBITaxon_10090"	"C57BL/6"	"http://www.ebi.ac.uk/efo/EFO_0004472"	"12 to 15 week"		"adult"	"http://www.ebi.ac.uk/efo/EFO_0001272"	"brain without olfactory bulb"		"Cldn5-GFP"		"Brain single cell 1026"	
"SRR5530456"	"Mus musculus"	"http://purl.obolibrary.org/obo/NCBITaxon_10090"	"C57BL/6"	"http://www.ebi.ac.uk/efo/EFO_0004472"	"12 to 15 week"		"adult"	"http://www.ebi.ac.uk/efo/EFO_0001272"	"brain without olfactory bulb"		"Cldn5-GFP"		"Brain single cell 1027"	
"SRR5530457"	"Mus musculus"	"http://purl.obolibrary.org/obo/NCBITaxon_10090"	"C57BL/6"	"http://www.ebi.ac.uk/efo/EFO_0004472"	"12 to 15 week"		"adult"	"http://www.ebi.ac.uk/efo/EFO_0001272"	"brain without olfactory bulb"		"Cldn5-GFP"		"Brain single cell 1028"	
"SRR5530458"	"Mus musculus"	"http://purl.obolibrary.org/obo/NCBITaxon_10090"	"C57BL/6"	"http://www.ebi.ac.uk/efo/EFO_0004472"	"12 to 15 week"		"adult"	"http://www.ebi.ac.uk/efo/EFO_0001272"	"brain without olfactory bulb"		"Cldn5-GFP"		"Brain single cell 1029"	
"SRR5530459"	"Mus musculus"	"http://purl.obolibrary.org/obo/NCBITaxon_10090"	"C57BL/6"	"http://www.ebi.ac.uk/efo/EFO_0004472"	"12 to 15 week"		"adult"	"http://www.ebi.ac.uk/efo/EFO_0001272"	"brain without olfactory bulb"		"Cldn5-GFP"		"Brain single cell 1030"	
"SRR5530460"	"Mus musculus"	"http://purl.obolibrary.org/obo/NCBITaxon_10090"	"C57BL/6"	"http://www.ebi.ac.uk/efo/EFO_0004472"	"12 to 15 week"		"adult"	"http://www.ebi.ac.uk/efo/EFO_0001272"	"brain without olfactory bulb"		"Cldn5-GFP"		"Brain single cell 1031"	
"SRR5530461"	"Mus musculus"	"http://purl.obolibrary.org/obo/NCBITaxon_10090"	"C57BL/6"	"http://www.ebi.ac.uk/efo/EFO_0004472"	"12 to 15 week"		"adult"	"http://www.ebi.ac.uk/efo/EFO_0001272"	"brain without olfactory bulb"		"Cldn5-GFP"		"Brain single cell 1032"	
"SRR5530462"	"Mus musculus"	"http://purl.obolibrary.org/obo/NCBITaxon_10090"	"C57BL/6"	"http://www.ebi.ac.uk/efo/EFO_0004472"	"12 to 15 week"		"adult"	"http://www.ebi.ac.uk/efo/EFO_0001272"	"brain without olfactory bulb"		"Cldn5-GFP"		"Brain single cell 1033"	
"SRR5530463"	"Mus musculus"	"http://purl.obolibrary.org/obo/NCBITaxon_10090"	"C57BL/6"	"http://www.ebi.ac.uk/efo/EFO_0004472"	"12 to 15 week"		"adult"	"http://www.ebi.ac.uk/efo/EFO_0001272"	"brain without olfactory bulb"		"Cldn5-GFP"		"Brain single cell 1034"	
"SRR5530464"	"Mus musculus"	"http://purl.obolibrary.org/obo/NCBITaxon_10090"	"C57BL/6"	"http://www.ebi.ac.uk/efo/EFO_0004472"	"12 to 15 week"		"adult"	"http://www.ebi.ac.uk/efo/EFO_0001272"	"brain without olfactory bulb"		"Cldn5-GFP"		"Brain single cell 1035"	
"SRR5530465"	"Mus musculus"	"http://purl.obolibrary.org/obo/NCBITaxon_10090"	"C57BL/6"	"http://www.ebi.ac.uk/efo/EFO_0004472"	"12 to 15 week"		"adult"	"http://www.ebi.ac.uk/efo/EFO_0001272"	"brain without olfactory bulb"		"Cldn5-GFP"		"Brain single cell 1036"	
"SRR5530466"	"Mus musculus"	"http://purl.obolibrary.org/obo/NCBITaxon_10090"	"C57BL/6"	"http://www.ebi.ac.uk/efo/EFO_0004472"	"12 to 15 week"		"adult"	"http://www.ebi.ac.uk/efo/EFO_0001272"	"brain without olfactory bulb"		"Cldn5-GFP"		"Brain single cell 1037"	
"SRR5530467"	"Mus musculus"	"http://purl.obolibrary.org/obo/NCBITaxon_10090"	"C57BL/6"	"http://www.ebi.ac.uk/efo/EFO_0004472"	"12 to 15 week"		"adult"	"http://www.ebi.ac.uk/efo/EFO_0001272"	"brain without olfactory bulb"		"Cldn5-GFP"		"Brain single cell 1038"	
"SRR5530468"	"Mus musculus"	"http://purl.obolibrary.org/obo/NCBITaxon_10090"	"C57BL/6"	"http://www.ebi.ac.uk/efo/EFO_0004472"	"12 to 15 week"		"adult"	"http://www.ebi.ac.uk/efo/EFO_0001272"	"brain without olfactory bulb"		"Cldn5-GFP"		"Brain single cell 1039"	
"SRR5530469"	"Mus musculus"	"http://purl.obolibrary.org/obo/NCBITaxon_10090"	"C57BL/6"	"http://www.ebi.ac.uk/efo/EFO_0004472"	"12 to 15 week"		"adult"	"http://www.ebi.ac.uk/efo/EFO_0001272"	"brain without olfactory bulb"		"Cldn5-GFP"		"Brain single cell 1040"	
"SRR5530470"	"Mus musculus"	"http://purl.obolibrary.org/obo/NCBITaxon_10090"	"C57BL/6"	"http://www.ebi.ac.uk/efo/EFO_0004472"	"12 to 15 week"		"adult"	"http://www.ebi.ac.uk/efo/EFO_0001272"	"brain without olfactory bulb"		"Cldn5-GFP"		"Brain single cell 1041"	
"SRR5530471"	"Mus musculus"	"http://purl.obolibrary.org/obo/NCBITaxon_10090"	"C57BL/6"	"http://www.ebi.ac.uk/efo/EFO_0004472"	"12 to 15 week"		"adult"	"http://www.ebi.ac.uk/efo/EFO_0001272"	"brain without olfactory bulb"		"Cldn5-GFP"		"Brain single cell 1042"	
"SRR5530472"	"Mus musculus"	"http://purl.obolibrary.org/obo/NCBITaxon_10090"	"C57BL/6"	"http://www.ebi.ac.uk/efo/EFO_0004472"	"12 to 15 week"		"adult"	"http://www.ebi.ac.uk/efo/EFO_0001272"	"brain without olfactory bulb"		"Cldn5-GFP"		"Brain single cell 1043"	
"SRR5530473"	"Mus musculus"	"http://purl.obolibrary.org/obo/NCBITaxon_10090"	"C57BL/6"	"http://www.ebi.ac.uk/efo/EFO_0004472"	"12 to 15 week"		"adult"	"http://www.ebi.ac.uk/efo/EFO_0001272"	"brain without olfactory bulb"		"Cldn5-GFP"		"Brain single cell 1044"	
"SRR5530474"	"Mus musculus"	"http://purl.obolibrary.org/obo/NCBITaxon_10090"	"C57BL/6"	"http://www.ebi.ac.uk/efo/EFO_0004472"	"12 to 15 week"		"adult"	"http://www.ebi.ac.uk/efo/EFO_0001272"	"brain without olfactory bulb"		"Cldn5-GFP"		"Brain single cell 1045"	
"SRR5530475"	"Mus musculus"	"http://purl.obolibrary.org/obo/NCBITaxon_10090"	"C57BL/6"	"http://www.ebi.ac.uk/efo/EFO_0004472"	"12 to 15 week"		"adult"	"http://www.ebi.ac.uk/efo/EFO_0001272"	"brain without olfactory bulb"		"Cldn5-GFP"		"Brain single cell 1046"	
"SRR5530476"	"Mus musculus"	"http://purl.obolibrary.org/obo/NCBITaxon_10090"	"C57BL/6"	"http://www.ebi.ac.uk/efo/EFO_0004472"	"12 to 15 week"		"adult"	"http://www.ebi.ac.uk/efo/EFO_0001272"	"brain without olfactory bulb"		"Cldn5-GFP"		"Brain single cell 1047"	
"SRR5530477"	"Mus musculus"	"http://purl.obolibrary.org/obo/NCBITaxon_10090"	"C57BL/6"	"http://www.ebi.ac.uk/efo/EFO_0004472"	"12 to 15 week"		"adult"	"http://www.ebi.ac.uk/efo/EFO_0001272"	"brain without olfactory bulb"		"Cldn5-GFP"		"Brain single cell 1048"	
"SRR5530478"	"Mus musculus"	"http://purl.obolibrary.org/obo/NCBITaxon_10090"	"C57BL/6"	"http://www.ebi.ac.uk/efo/EFO_0004472"	"12 to 15 week"		"adult"	"http://www.ebi.ac.uk/efo/EFO_0001272"	"brain without olfactory bulb"		"Cldn5-GFP"		"Brain single cell 1049"	
"SRR5530479"	"Mus musculus"	"http://purl.obolibrary.org/obo/NCBITaxon_10090"	"C57BL/6"	"http://www.ebi.ac.uk/efo/EFO_0004472"	"12 to 15 week"		"adult"	"http://www.ebi.ac.uk/efo/EFO_0001272"	"brain without olfactory bulb"		"Cldn5-GFP"		"Brain single cell 1050"	
"SRR5530480"	"Mus musculus"	"http://purl.obolibrary.org/obo/NCBITaxon_10090"	"C57BL/6"	"http://www.ebi.ac.uk/efo/EFO_0004472"	"12 to 15 week"		"adult"	"http://www.ebi.ac.uk/efo/EFO_0001272"	"brain without olfactory bulb"		"Cldn5-GFP"		"Brain single cell 1051"	
"SRR5530481"	"Mus musculus"	"http://purl.obolibrary.org/obo/NCBITaxon_10090"	"C57BL/6"	"http://www.ebi.ac.uk/efo/EFO_0004472"	"12 to 15 week"		"adult"	"http://www.ebi.ac.uk/efo/EFO_0001272"	"brain without olfactory bulb"		"Cldn5-GFP"		"Brain single cell 1052"	
"SRR5530482"	"Mus musculus"	"http://purl.obolibrary.org/obo/NCBITaxon_10090"	"C57BL/6"	"http://www.ebi.ac.uk/efo/EFO_0004472"	"12 to 15 week"		"adult"	"http://www.ebi.ac.uk/efo/EFO_0001272"	"brain without olfactory bulb"		"Cldn5-GFP"		"Brain single cell 1053"	
"SRR5530483"	"Mus musculus"	"http://purl.obolibrary.org/obo/NCBITaxon_10090"	"C57BL/6"	"http://www.ebi.ac.uk/efo/EFO_0004472"	"12 to 15 week"		"adult"	"http://www.ebi.ac.uk/efo/EFO_0001272"	"brain without olfactory bulb"		"Cldn5-GFP"		"Brain single cell 1054"	
"SRR5530484"	"Mus musculus"	"http://purl.obolibrary.org/obo/NCBITaxon_10090"	"C57BL/6"	"http://www.ebi.ac.uk/efo/EFO_0004472"	"12 to 15 week"		"adult"	"http://www.ebi.ac.uk/efo/EFO_0001272"	"brain without olfactory bulb"		"Cldn5-GFP"		"Brain single cell 1055"	
"SRR5530485"	"Mus musculus"	"http://purl.obolibrary.org/obo/NCBITaxon_10090"	"C57BL/6"	"http://www.ebi.ac.uk/efo/EFO_0004472"	"12 to 15 week"		"adult"	"http://www.ebi.ac.uk/efo/EFO_0001272"	"brain without olfactory bulb"		"Cldn5-GFP"		"Brain single cell 1056"	
"SRR5530486"	"Mus musculus"	"http://purl.obolibrary.org/obo/NCBITaxon_10090"	"C57BL/6"	"http://www.ebi.ac.uk/efo/EFO_0004472"	"12 to 15 week"		"adult"	"http://www.ebi.ac.uk/efo/EFO_0001272"	"brain without olfactory bulb"		"Cldn5-GFP"		"Brain single cell 1057"	
"SRR5530487"	"Mus musculus"	"http://purl.obolibrary.org/obo/NCBITaxon_10090"	"C57BL/6"	"http://www.ebi.ac.uk/efo/EFO_0004472"	"12 to 15 week"		"adult"	"http://www.ebi.ac.uk/efo/EFO_0001272"	"brain without olfactory bulb"		"Cldn5-GFP"		"Brain single cell 1058"	
"SRR5530488"	"Mus musculus"	"http://purl.obolibrary.org/obo/NCBITaxon_10090"	"C57BL/6"	"http://www.ebi.ac.uk/efo/EFO_0004472"	"12 to 15 week"		"adult"	"http://www.ebi.ac.uk/efo/EFO_0001272"	"brain without olfactory bulb"		"Cldn5-GFP"		"Brain single cell 1059"	
"SRR5530489"	"Mus musculus"	"http://purl.obolibrary.org/obo/NCBITaxon_10090"	"C57BL/6"	"http://www.ebi.ac.uk/efo/EFO_0004472"	"12 to 15 week"		"adult"	"http://www.ebi.ac.uk/efo/EFO_0001272"	"brain without olfactory bulb"		"Cldn5-GFP"		"Brain single cell 1060"	
"SRR5530490"	"Mus musculus"	"http://purl.obolibrary.org/obo/NCBITaxon_10090"	"C57BL/6"	"http://www.ebi.ac.uk/efo/EFO_0004472"	"12 to 15 week"		"adult"	"http://www.ebi.ac.uk/efo/EFO_0001272"	"brain without olfactory bulb"		"Cldn5-GFP"		"Brain single cell 1061"	
"SRR5530491"	"Mus musculus"	"http://purl.obolibrary.org/obo/NCBITaxon_10090"	"C57BL/6"	"http://www.ebi.ac.uk/efo/EFO_0004472"	"12 to 15 week"		"adult"	"http://www.ebi.ac.uk/efo/EFO_0001272"	"brain without olfactory bulb"		"Cldn5-GFP"		"Brain single cell 1062"	
"SRR5530492"	"Mus musculus"	"http://purl.obolibrary.org/obo/NCBITaxon_10090"	"C57BL/6"	"http://www.ebi.ac.uk/efo/EFO_0004472"	"12 to 15 week"		"adult"	"http://www.ebi.ac.uk/efo/EFO_0001272"	"brain without olfactory bulb"		"Cldn5-GFP"		"Brain single cell 1063"	
"SRR5530493"	"Mus musculus"	"http://purl.obolibrary.org/obo/NCBITaxon_10090"	"C57BL/6"	"http://www.ebi.ac.uk/efo/EFO_0004472"	"12 to 15 week"		"adult"	"http://www.ebi.ac.uk/efo/EFO_0001272"	"brain without olfactory bulb"		"Cldn5-GFP"		"Brain single cell 1064"	
"SRR5530494"	"Mus musculus"	"http://purl.obolibrary.org/obo/NCBITaxon_10090"	"C57BL/6"	"http://www.ebi.ac.uk/efo/EFO_0004472"	"12 to 15 week"		"adult"	"http://www.ebi.ac.uk/efo/EFO_0001272"	"brain without olfactory bulb"		"Cldn5-GFP"		"Brain single cell 1065"	
"SRR5530495"	"Mus musculus"	"http://purl.obolibrary.org/obo/NCBITaxon_10090"	"C57BL/6"	"http://www.ebi.ac.uk/efo/EFO_0004472"	"12 to 15 week"		"adult"	"http://www.ebi.ac.uk/efo/EFO_0001272"	"brain without olfactory bulb"		"Cldn5-GFP"		"Brain single cell 1066"	
"SRR5530496"	"Mus musculus"	"http://purl.obolibrary.org/obo/NCBITaxon_10090"	"C57BL/6"	"http://www.ebi.ac.uk/efo/EFO_0004472"	"12 to 15 week"		"adult"	"http://www.ebi.ac.uk/efo/EFO_0001272"	"brain without olfactory bulb"		"Cldn5-GFP"		"Brain single cell 1067"	
"SRR5530497"	"Mus musculus"	"http://purl.obolibrary.org/obo/NCBITaxon_10090"	"C57BL/6"	"http://www.ebi.ac.uk/efo/EFO_0004472"	"12 to 15 week"		"adult"	"http://www.ebi.ac.uk/efo/EFO_0001272"	"brain without olfactory bulb"		"Cldn5-GFP"		"Brain single cell 1068"	
"SRR5530498"	"Mus musculus"	"http://purl.obolibrary.org/obo/NCBITaxon_10090"	"C57BL/6"	"http://www.ebi.ac.uk/efo/EFO_0004472"	"12 to 15 week"		"adult"	"http://www.ebi.ac.uk/efo/EFO_0001272"	"brain without olfactory bulb"		"Cldn5-GFP"		"Brain single cell 1069"	
"SRR5530499"	"Mus musculus"	"http://purl.obolibrary.org/obo/NCBITaxon_10090"	"C57BL/6"	"http://www.ebi.ac.uk/efo/EFO_0004472"	"12 to 15 week"		"adult"	"http://www.ebi.ac.uk/efo/EFO_0001272"	"brain without olfactory bulb"		"Cldn5-GFP"		"Brain single cell 1070"	
"SRR5530500"	"Mus musculus"	"http://purl.obolibrary.org/obo/NCBITaxon_10090"	"C57BL/6"	"http://www.ebi.ac.uk/efo/EFO_0004472"	"12 to 15 week"		"adult"	"http://www.ebi.ac.uk/efo/EFO_0001272"	"brain without olfactory bulb"		"Cldn5-GFP"		"Brain single cell 1071"	
"SRR5530501"	"Mus musculus"	"http://purl.obolibrary.org/obo/NCBITaxon_10090"	"C57BL/6"	"http://www.ebi.ac.uk/efo/EFO_0004472"	"12 to 15 week"		"adult"	"http://www.ebi.ac.uk/efo/EFO_0001272"	"brain without olfactory bulb"		"Cldn5-GFP"		"Brain single cell 1072"	
"SRR5530502"	"Mus musculus"	"http://purl.obolibrary.org/obo/NCBITaxon_10090"	"C57BL/6"	"http://www.ebi.ac.uk/efo/EFO_0004472"	"12 to 15 week"		"adult"	"http://www.ebi.ac.uk/efo/EFO_0001272"	"brain without olfactory bulb"		"Cldn5-GFP"		"Brain single cell 1073"	
"SRR5530503"	"Mus musculus"	"http://purl.obolibrary.org/obo/NCBITaxon_10090"	"C57BL/6"	"http://www.ebi.ac.uk/efo/EFO_0004472"	"12 to 15 week"		"adult"	"http://www.ebi.ac.uk/efo/EFO_0001272"	"brain without olfactory bulb"		"Cldn5-GFP"		"Brain single cell 1074"	
"SRR5530504"	"Mus musculus"	"http://purl.obolibrary.org/obo/NCBITaxon_10090"	"C57BL/6"	"http://www.ebi.ac.uk/efo/EFO_0004472"	"12 to 15 week"		"adult"	"http://www.ebi.ac.uk/efo/EFO_0001272"	"brain without olfactory bulb"		"Cldn5-GFP"		"Brain single cell 1075"	
"SRR5530505"	"Mus musculus"	"http://purl.obolibrary.org/obo/NCBITaxon_10090"	"C57BL/6"	"http://www.ebi.ac.uk/efo/EFO_0004472"	"12 to 15 week"		"adult"	"http://www.ebi.ac.uk/efo/EFO_0001272"	"brain without olfactory bulb"		"Cldn5-GFP"		"Brain single cell 1076"	
"SRR5530506"	"Mus musculus"	"http://purl.obolibrary.org/obo/NCBITaxon_10090"	"C57BL/6"	"http://www.ebi.ac.uk/efo/EFO_0004472"	"12 to 15 week"		"adult"	"http://www.ebi.ac.uk/efo/EFO_0001272"	"brain without olfactory bulb"		"Cldn5-GFP"		"Brain single cell 1077"	
"SRR5530507"	"Mus musculus"	"http://purl.obolibrary.org/obo/NCBITaxon_10090"	"C57BL/6"	"http://www.ebi.ac.uk/efo/EFO_0004472"	"12 to 15 week"		"adult"	"http://www.ebi.ac.uk/efo/EFO_0001272"	"brain without olfactory bulb"		"Cldn5-GFP"		"Brain single cell 1078"	
"SRR5530508"	"Mus musculus"	"http://purl.obolibrary.org/obo/NCBITaxon_10090"	"C57BL/6"	"http://www.ebi.ac.uk/efo/EFO_0004472"	"12 to 15 week"		"adult"	"http://www.ebi.ac.uk/efo/EFO_0001272"	"brain without olfactory bulb"		"Cldn5-GFP"		"Brain single cell 1079"	
"SRR5530509"	"Mus musculus"	"http://purl.obolibrary.org/obo/NCBITaxon_10090"	"C57BL/6"	"http://www.ebi.ac.uk/efo/EFO_0004472"	"12 to 15 week"		"adult"	"http://www.ebi.ac.uk/efo/EFO_0001272"	"brain without olfactory bulb"		"Cldn5-GFP"		"Brain single cell 1080"	
"SRR5530510"	"Mus musculus"	"http://purl.obolibrary.org/obo/NCBITaxon_10090"	"C57BL/6"	"http://www.ebi.ac.uk/efo/EFO_0004472"	"12 to 15 week"		"adult"	"http://www.ebi.ac.uk/efo/EFO_0001272"	"brain without olfactory bulb"		"Cldn5-GFP"		"Brain single cell 1081"	
"SRR5530511"	"Mus musculus"	"http://purl.obolibrary.org/obo/NCBITaxon_10090"	"C57BL/6"	"http://www.ebi.ac.uk/efo/EFO_0004472"	"12 to 15 week"		"adult"	"http://www.ebi.ac.uk/efo/EFO_0001272"	"brain without olfactory bulb"		"Cldn5-GFP"		"Brain single cell 1082"	
"SRR5530512"	"Mus musculus"	"http://purl.obolibrary.org/obo/NCBITaxon_10090"	"C57BL/6"	"http://www.ebi.ac.uk/efo/EFO_0004472"	"12 to 15 week"		"adult"	"http://www.ebi.ac.uk/efo/EFO_0001272"	"brain without olfactory bulb"		"Cldn5-GFP"		"Brain single cell 1083"	
"SRR5530513"	"Mus musculus"	"http://purl.obolibrary.org/obo/NCBITaxon_10090"	"C57BL/6"	"http://www.ebi.ac.uk/efo/EFO_0004472"	"12 to 15 week"		"adult"	"http://www.ebi.ac.uk/efo/EFO_0001272"	"brain without olfactory bulb"		"Cldn5-GFP"		"Brain single cell 1084"	
"SRR5530514"	"Mus musculus"	"http://purl.obolibrary.org/obo/NCBITaxon_10090"	"C57BL/6"	"http://www.ebi.ac.uk/efo/EFO_0004472"	"12 to 15 week"		"adult"	"http://www.ebi.ac.uk/efo/EFO_0001272"	"brain without olfactory bulb"		"Cldn5-GFP"		"Brain single cell 1085"	
"SRR5530515"	"Mus musculus"	"http://purl.obolibrary.org/obo/NCBITaxon_10090"	"C57BL/6"	"http://www.ebi.ac.uk/efo/EFO_0004472"	"12 to 15 week"		"adult"	"http://www.ebi.ac.uk/efo/EFO_0001272"	"brain without olfactory bulb"		"Cldn5-GFP"		"Brain single cell 1086"	
"SRR5530516"	"Mus musculus"	"http://purl.obolibrary.org/obo/NCBITaxon_10090"	"C57BL/6"	"http://www.ebi.ac.uk/efo/EFO_0004472"	"12 to 15 week"		"adult"	"http://www.ebi.ac.uk/efo/EFO_0001272"	"brain without olfactory bulb"		"Cldn5-GFP"		"Brain single cell 1087"	
"SRR5530517"	"Mus musculus"	"http://purl.obolibrary.org/obo/NCBITaxon_10090"	"C57BL/6"	"http://www.ebi.ac.uk/efo/EFO_0004472"	"12 to 15 week"		"adult"	"http://www.ebi.ac.uk/efo/EFO_0001272"	"brain without olfactory bulb"		"Cldn5-GFP"		"Brain single cell 1088"	
"SRR5530518"	"Mus musculus"	"http://purl.obolibrary.org/obo/NCBITaxon_10090"	"C57BL/6"	"http://www.ebi.ac.uk/efo/EFO_0004472"	"12 to 15 week"		"adult"	"http://www.ebi.ac.uk/efo/EFO_0001272"	"brain without olfactory bulb"		"Cldn5-GFP"		"Brain single cell 1089"	
"SRR5530519"	"Mus musculus"	"http://purl.obolibrary.org/obo/NCBITaxon_10090"	"C57BL/6"	"http://www.ebi.ac.uk/efo/EFO_0004472"	"12 to 15 week"		"adult"	"http://www.ebi.ac.uk/efo/EFO_0001272"	"brain without olfactory bulb"		"Cldn5-GFP"		"Brain single cell 1090"	
"SRR5530520"	"Mus musculus"	"http://purl.obolibrary.org/obo/NCBITaxon_10090"	"C57BL/6"	"http://www.ebi.ac.uk/efo/EFO_0004472"	"12 to 15 week"		"adult"	"http://www.ebi.ac.uk/efo/EFO_0001272"	"brain without olfactory bulb"		"Cldn5-GFP"		"Brain single cell 1091"	
"SRR5530521"	"Mus musculus"	"http://purl.obolibrary.org/obo/NCBITaxon_10090"	"C57BL/6"	"http://www.ebi.ac.uk/efo/EFO_0004472"	"12 to 15 week"		"adult"	"http://www.ebi.ac.uk/efo/EFO_0001272"	"brain without olfactory bulb"		"Cldn5-GFP"		"Brain single cell 1092"	
"SRR5530522"	"Mus musculus"	"http://purl.obolibrary.org/obo/NCBITaxon_10090"	"C57BL/6"	"http://www.ebi.ac.uk/efo/EFO_0004472"	"12 to 15 week"		"adult"	"http://www.ebi.ac.uk/efo/EFO_0001272"	"brain without olfactory bulb"		"Cldn5-GFP"		"Brain single cell 1093"	
"SRR5530523"	"Mus musculus"	"http://purl.obolibrary.org/obo/NCBITaxon_10090"	"C57BL/6"	"http://www.ebi.ac.uk/efo/EFO_0004472"	"12 to 15 week"		"adult"	"http://www.ebi.ac.uk/efo/EFO_0001272"	"brain without olfactory bulb"		"Cldn5-GFP"		"Brain single cell 1094"	
"SRR5530524"	"Mus musculus"	"http://purl.obolibrary.org/obo/NCBITaxon_10090"	"C57BL/6"	"http://www.ebi.ac.uk/efo/EFO_0004472"	"12 to 15 week"		"adult"	"http://www.ebi.ac.uk/efo/EFO_0001272"	"brain without olfactory bulb"		"Cldn5-GFP"		"Brain single cell 1095"	
"SRR5530525"	"Mus musculus"	"http://purl.obolibrary.org/obo/NCBITaxon_10090"	"C57BL/6"	"http://www.ebi.ac.uk/efo/EFO_0004472"	"12 to 15 week"		"adult"	"http://www.ebi.ac.uk/efo/EFO_0001272"	"brain without olfactory bulb"		"Cldn5-GFP"		"Brain single cell 1096"	
"SRR5530526"	"Mus musculus"	"http://purl.obolibrary.org/obo/NCBITaxon_10090"	"C57BL/6"	"http://www.ebi.ac.uk/efo/EFO_0004472"	"12 to 15 week"		"adult"	"http://www.ebi.ac.uk/efo/EFO_0001272"	"brain without olfactory bulb"		"Cldn5-GFP"		"Brain single cell 1097"	
"SRR5530527"	"Mus musculus"	"http://purl.obolibrary.org/obo/NCBITaxon_10090"	"C57BL/6"	"http://www.ebi.ac.uk/efo/EFO_0004472"	"12 to 15 week"		"adult"	"http://www.ebi.ac.uk/efo/EFO_0001272"	"brain without olfactory bulb"		"Cldn5-GFP"		"Brain single cell 1098"	
"SRR5530528"	"Mus musculus"	"http://purl.obolibrary.org/obo/NCBITaxon_10090"	"C57BL/6"	"http://www.ebi.ac.uk/efo/EFO_0004472"	"12 to 15 week"		"adult"	"http://www.ebi.ac.uk/efo/EFO_0001272"	"brain without olfactory bulb"		"Cldn5-GFP"		"Brain single cell 1099"	
"SRR5530529"	"Mus musculus"	"http://purl.obolibrary.org/obo/NCBITaxon_10090"	"C57BL/6"	"http://www.ebi.ac.uk/efo/EFO_0004472"	"12 to 15 week"		"adult"	"http://www.ebi.ac.uk/efo/EFO_0001272"	"brain without olfactory bulb"		"Cldn5-GFP"		"Brain single cell 1100"	
"SRR5530530"	"Mus musculus"	"http://purl.obolibrary.org/obo/NCBITaxon_10090"	"C57BL/6"	"http://www.ebi.ac.uk/efo/EFO_0004472"	"12 to 15 week"		"adult"	"http://www.ebi.ac.uk/efo/EFO_0001272"	"brain without olfactory bulb"		"Cldn5-GFP"		"Brain single cell 1101"	
"SRR5530531"	"Mus musculus"	"http://purl.obolibrary.org/obo/NCBITaxon_10090"	"C57BL/6"	"http://www.ebi.ac.uk/efo/EFO_0004472"	"12 to 15 week"		"adult"	"http://www.ebi.ac.uk/efo/EFO_0001272"	"brain without olfactory bulb"		"Cldn5-GFP"		"Brain single cell 1102"	
"SRR5530532"	"Mus musculus"	"http://purl.obolibrary.org/obo/NCBITaxon_10090"	"C57BL/6"	"http://www.ebi.ac.uk/efo/EFO_0004472"	"12 to 15 week"		"adult"	"http://www.ebi.ac.uk/efo/EFO_0001272"	"brain without olfactory bulb"		"Cldn5-GFP"		"Brain single cell 1103"	
"SRR5530533"	"Mus musculus"	"http://purl.obolibrary.org/obo/NCBITaxon_10090"	"C57BL/6"	"http://www.ebi.ac.uk/efo/EFO_0004472"	"12 to 15 week"		"adult"	"http://www.ebi.ac.uk/efo/EFO_0001272"	"brain without olfactory bulb"		"Cldn5-GFP"		"Brain single cell 1104"	
"SRR5530534"	"Mus musculus"	"http://purl.obolibrary.org/obo/NCBITaxon_10090"	"C57BL/6"	"http://www.ebi.ac.uk/efo/EFO_0004472"	"12 to 15 week"		"adult"	"http://www.ebi.ac.uk/efo/EFO_0001272"	"brain without olfactory bulb"		"Cldn5-GFP"		"Brain single cell 1105"	
"SRR5530535"	"Mus musculus"	"http://purl.obolibrary.org/obo/NCBITaxon_10090"	"C57BL/6"	"http://www.ebi.ac.uk/efo/EFO_0004472"	"12 to 15 week"		"adult"	"http://www.ebi.ac.uk/efo/EFO_0001272"	"brain without olfactory bulb"		"Cldn5-GFP"		"Brain single cell 1106"	
"SRR5530536"	"Mus musculus"	"http://purl.obolibrary.org/obo/NCBITaxon_10090"	"C57BL/6"	"http://www.ebi.ac.uk/efo/EFO_0004472"	"12 to 15 week"		"adult"	"http://www.ebi.ac.uk/efo/EFO_0001272"	"brain without olfactory bulb"		"Cldn5-GFP"		"Brain single cell 1107"	
"SRR5530537"	"Mus musculus"	"http://purl.obolibrary.org/obo/NCBITaxon_10090"	"C57BL/6"	"http://www.ebi.ac.uk/efo/EFO_0004472"	"12 to 15 week"		"adult"	"http://www.ebi.ac.uk/efo/EFO_0001272"	"brain without olfactory bulb"		"Cldn5-GFP"		"Brain single cell 1108"	
"SRR5530538"	"Mus musculus"	"http://purl.obolibrary.org/obo/NCBITaxon_10090"	"C57BL/6"	"http://www.ebi.ac.uk/efo/EFO_0004472"	"12 to 15 week"		"adult"	"http://www.ebi.ac.uk/efo/EFO_0001272"	"brain without olfactory bulb"		"Cldn5-GFP"		"Brain single cell 1109"	
"SRR5530539"	"Mus musculus"	"http://purl.obolibrary.org/obo/NCBITaxon_10090"	"C57BL/6"	"http://www.ebi.ac.uk/efo/EFO_0004472"	"12 to 15 week"		"adult"	"http://www.ebi.ac.uk/efo/EFO_0001272"	"brain without olfactory bulb"		"Cldn5-GFP"		"Brain single cell 1110"	
"SRR5530540"	"Mus musculus"	"http://purl.obolibrary.org/obo/NCBITaxon_10090"	"C57BL/6"	"http://www.ebi.ac.uk/efo/EFO_0004472"	"12 to 15 week"		"adult"	"http://www.ebi.ac.uk/efo/EFO_0001272"	"brain without olfactory bulb"		"Cldn5-GFP"		"Brain single cell 1111"	
"SRR5530541"	"Mus musculus"	"http://purl.obolibrary.org/obo/NCBITaxon_10090"	"C57BL/6"	"http://www.ebi.ac.uk/efo/EFO_0004472"	"12 to 15 week"		"adult"	"http://www.ebi.ac.uk/efo/EFO_0001272"	"brain without olfactory bulb"		"Cldn5-GFP"		"Brain single cell 1112"	
"SRR5530542"	"Mus musculus"	"http://purl.obolibrary.org/obo/NCBITaxon_10090"	"C57BL/6"	"http://www.ebi.ac.uk/efo/EFO_0004472"	"12 to 15 week"		"adult"	"http://www.ebi.ac.uk/efo/EFO_0001272"	"brain without olfactory bulb"		"Cldn5-GFP"		"Brain single cell 1113"	
"SRR5530543"	"Mus musculus"	"http://purl.obolibrary.org/obo/NCBITaxon_10090"	"C57BL/6"	"http://www.ebi.ac.uk/efo/EFO_0004472"	"12 to 15 week"		"adult"	"http://www.ebi.ac.uk/efo/EFO_0001272"	"brain without olfactory bulb"		"Cldn5-GFP"		"Brain single cell 1114"	
"SRR5530544"	"Mus musculus"	"http://purl.obolibrary.org/obo/NCBITaxon_10090"	"C57BL/6"	"http://www.ebi.ac.uk/efo/EFO_0004472"	"12 to 15 week"		"adult"	"http://www.ebi.ac.uk/efo/EFO_0001272"	"brain without olfactory bulb"		"Cldn5-GFP"		"Brain single cell 1115"	
"SRR5530545"	"Mus musculus"	"http://purl.obolibrary.org/obo/NCBITaxon_10090"	"C57BL/6"	"http://www.ebi.ac.uk/efo/EFO_0004472"	"12 to 15 week"		"adult"	"http://www.ebi.ac.uk/efo/EFO_0001272"	"brain without olfactory bulb"		"Cldn5-GFP"		"Brain single cell 1116"	
"SRR5530546"	"Mus musculus"	"http://purl.obolibrary.org/obo/NCBITaxon_10090"	"C57BL/6"	"http://www.ebi.ac.uk/efo/EFO_0004472"	"12 to 15 week"		"adult"	"http://www.ebi.ac.uk/efo/EFO_0001272"	"brain without olfactory bulb"		"Cldn5-GFP"		"Brain single cell 1117"	
"SRR5530547"	"Mus musculus"	"http://purl.obolibrary.org/obo/NCBITaxon_10090"	"C57BL/6"	"http://www.ebi.ac.uk/efo/EFO_0004472"	"12 to 15 week"		"adult"	"http://www.ebi.ac.uk/efo/EFO_0001272"	"brain without olfactory bulb"		"Cldn5-GFP"		"Brain single cell 1118"	
"SRR5530548"	"Mus musculus"	"http://purl.obolibrary.org/obo/NCBITaxon_10090"	"C57BL/6"	"http://www.ebi.ac.uk/efo/EFO_0004472"	"12 to 15 week"		"adult"	"http://www.ebi.ac.uk/efo/EFO_0001272"	"brain without olfactory bulb"		"Cldn5-GFP"		"Brain single cell 1119"	
"SRR5530549"	"Mus musculus"	"http://purl.obolibrary.org/obo/NCBITaxon_10090"	"C57BL/6"	"http://www.ebi.ac.uk/efo/EFO_0004472"	"12 to 15 week"		"adult"	"http://www.ebi.ac.uk/efo/EFO_0001272"	"brain without olfactory bulb"		"Cldn5-GFP"		"Brain single cell 1120"	
"SRR5530550"	"Mus musculus"	"http://purl.obolibrary.org/obo/NCBITaxon_10090"	"C57BL/6"	"http://www.ebi.ac.uk/efo/EFO_0004472"	"12 to 15 week"		"adult"	"http://www.ebi.ac.uk/efo/EFO_0001272"	"brain without olfactory bulb"		"Cldn5-GFP"		"Brain single cell 1121"	
"SRR5530551"	"Mus musculus"	"http://purl.obolibrary.org/obo/NCBITaxon_10090"	"C57BL/6"	"http://www.ebi.ac.uk/efo/EFO_0004472"	"12 to 15 week"		"adult"	"http://www.ebi.ac.uk/efo/EFO_0001272"	"brain without olfactory bulb"		"Cldn5-GFP"		"Brain single cell 1122"	
"SRR5530552"	"Mus musculus"	"http://purl.obolibrary.org/obo/NCBITaxon_10090"	"C57BL/6"	"http://www.ebi.ac.uk/efo/EFO_0004472"	"12 to 15 week"		"adult"	"http://www.ebi.ac.uk/efo/EFO_0001272"	"brain without olfactory bulb"		"Cldn5-GFP"		"Brain single cell 1123"	
"SRR5530553"	"Mus musculus"	"http://purl.obolibrary.org/obo/NCBITaxon_10090"	"C57BL/6"	"http://www.ebi.ac.uk/efo/EFO_0004472"	"12 to 15 week"		"adult"	"http://www.ebi.ac.uk/efo/EFO_0001272"	"brain without olfactory bulb"		"Cldn5-GFP"		"Brain single cell 1124"	
"SRR5530554"	"Mus musculus"	"http://purl.obolibrary.org/obo/NCBITaxon_10090"	"C57BL/6"	"http://www.ebi.ac.uk/efo/EFO_0004472"	"12 to 15 week"		"adult"	"http://www.ebi.ac.uk/efo/EFO_0001272"	"brain without olfactory bulb"		"Cldn5-GFP"		"Brain single cell 1125"	
"SRR5530555"	"Mus musculus"	"http://purl.obolibrary.org/obo/NCBITaxon_10090"	"C57BL/6"	"http://www.ebi.ac.uk/efo/EFO_0004472"	"12 to 15 week"		"adult"	"http://www.ebi.ac.uk/efo/EFO_0001272"	"brain without olfactory bulb"		"Cldn5-GFP"		"Brain single cell 1126"	
"SRR5530556"	"Mus musculus"	"http://purl.obolibrary.org/obo/NCBITaxon_10090"	"C57BL/6"	"http://www.ebi.ac.uk/efo/EFO_0004472"	"12 to 15 week"		"adult"	"http://www.ebi.ac.uk/efo/EFO_0001272"	"brain without olfactory bulb"		"Cldn5-GFP"		"Brain single cell 1127"	
"SRR5530557"	"Mus musculus"	"http://purl.obolibrary.org/obo/NCBITaxon_10090"	"C57BL/6"	"http://www.ebi.ac.uk/efo/EFO_0004472"	"12 to 15 week"		"adult"	"http://www.ebi.ac.uk/efo/EFO_0001272"	"brain without olfactory bulb"		"Cldn5-GFP"		"Brain single cell 1128"	
"SRR5530558"	"Mus musculus"	"http://purl.obolibrary.org/obo/NCBITaxon_10090"	"C57BL/6"	"http://www.ebi.ac.uk/efo/EFO_0004472"	"12 to 15 week"		"adult"	"http://www.ebi.ac.uk/efo/EFO_0001272"	"brain without olfactory bulb"		"Cldn5-GFP"		"Brain single cell 1129"	
"SRR5530559"	"Mus musculus"	"http://purl.obolibrary.org/obo/NCBITaxon_10090"	"C57BL/6"	"http://www.ebi.ac.uk/efo/EFO_0004472"	"12 to 15 week"		"adult"	"http://www.ebi.ac.uk/efo/EFO_0001272"	"brain without olfactory bulb"		"Cldn5-GFP"		"Brain single cell 1130"	
"SRR5530560"	"Mus musculus"	"http://purl.obolibrary.org/obo/NCBITaxon_10090"	"C57BL/6"	"http://www.ebi.ac.uk/efo/EFO_0004472"	"12 to 15 week"		"adult"	"http://www.ebi.ac.uk/efo/EFO_0001272"	"brain without olfactory bulb"		"Cldn5-GFP"		"Brain single cell 1131"	
"SRR5530561"	"Mus musculus"	"http://purl.obolibrary.org/obo/NCBITaxon_10090"	"C57BL/6"	"http://www.ebi.ac.uk/efo/EFO_0004472"	"12 to 15 week"		"adult"	"http://www.ebi.ac.uk/efo/EFO_0001272"	"brain without olfactory bulb"		"Cldn5-GFP"		"Brain single cell 1132"	
"SRR5530562"	"Mus musculus"	"http://purl.obolibrary.org/obo/NCBITaxon_10090"	"C57BL/6"	"http://www.ebi.ac.uk/efo/EFO_0004472"	"12 to 15 week"		"adult"	"http://www.ebi.ac.uk/efo/EFO_0001272"	"brain without olfactory bulb"		"Cldn5-GFP"		"Brain single cell 1133"	
"SRR5530563"	"Mus musculus"	"http://purl.obolibrary.org/obo/NCBITaxon_10090"	"C57BL/6"	"http://www.ebi.ac.uk/efo/EFO_0004472"	"12 to 15 week"		"adult"	"http://www.ebi.ac.uk/efo/EFO_0001272"	"brain without olfactory bulb"		"Cldn5-GFP"		"Brain single cell 1134"	
"SRR5530564"	"Mus musculus"	"http://purl.obolibrary.org/obo/NCBITaxon_10090"	"C57BL/6"	"http://www.ebi.ac.uk/efo/EFO_0004472"	"12 to 15 week"		"adult"	"http://www.ebi.ac.uk/efo/EFO_0001272"	"brain without olfactory bulb"		"Cldn5-GFP"		"Brain single cell 1135"	
"SRR5530565"	"Mus musculus"	"http://purl.obolibrary.org/obo/NCBITaxon_10090"	"C57BL/6"	"http://www.ebi.ac.uk/efo/EFO_0004472"	"12 to 15 week"		"adult"	"http://www.ebi.ac.uk/efo/EFO_0001272"	"brain without olfactory bulb"		"Cldn5-GFP"		"Brain single cell 1136"	
"SRR5530566"	"Mus musculus"	"http://purl.obolibrary.org/obo/NCBITaxon_10090"	"C57BL/6"	"http://www.ebi.ac.uk/efo/EFO_0004472"	"12 to 15 week"		"adult"	"http://www.ebi.ac.uk/efo/EFO_0001272"	"brain without olfactory bulb"		"Cldn5-GFP"		"Brain single cell 1137"	
"SRR5530567"	"Mus musculus"	"http://purl.obolibrary.org/obo/NCBITaxon_10090"	"C57BL/6"	"http://www.ebi.ac.uk/efo/EFO_0004472"	"12 to 15 week"		"adult"	"http://www.ebi.ac.uk/efo/EFO_0001272"	"brain without olfactory bulb"		"Cldn5-GFP"		"Brain single cell 1138"	
"SRR5530568"	"Mus musculus"	"http://purl.obolibrary.org/obo/NCBITaxon_10090"	"C57BL/6"	"http://www.ebi.ac.uk/efo/EFO_0004472"	"12 to 15 week"		"adult"	"http://www.ebi.ac.uk/efo/EFO_0001272"	"brain without olfactory bulb"		"Cldn5-GFP"		"Brain single cell 1139"	
"SRR5530569"	"Mus musculus"	"http://purl.obolibrary.org/obo/NCBITaxon_10090"	"C57BL/6"	"http://www.ebi.ac.uk/efo/EFO_0004472"	"12 to 15 week"		"adult"	"http://www.ebi.ac.uk/efo/EFO_0001272"	"brain without olfactory bulb"		"Cldn5-GFP"		"Brain single cell 1140"	
"SRR5530570"	"Mus musculus"	"http://purl.obolibrary.org/obo/NCBITaxon_10090"	"C57BL/6"	"http://www.ebi.ac.uk/efo/EFO_0004472"	"12 to 15 week"		"adult"	"http://www.ebi.ac.uk/efo/EFO_0001272"	"brain without olfactory bulb"		"Cldn5-GFP"		"Brain single cell 1141"	
"SRR5530571"	"Mus musculus"	"http://purl.obolibrary.org/obo/NCBITaxon_10090"	"C57BL/6"	"http://www.ebi.ac.uk/efo/EFO_0004472"	"12 to 15 week"		"adult"	"http://www.ebi.ac.uk/efo/EFO_0001272"	"brain without olfactory bulb"		"Cldn5-GFP"		"Brain single cell 1142"	
"SRR5530572"	"Mus musculus"	"http://purl.obolibrary.org/obo/NCBITaxon_10090"	"C57BL/6"	"http://www.ebi.ac.uk/efo/EFO_0004472"	"12 to 15 week"		"adult"	"http://www.ebi.ac.uk/efo/EFO_0001272"	"brain without olfactory bulb"		"Cldn5-GFP"		"Brain single cell 1143"	
"SRR5530573"	"Mus musculus"	"http://purl.obolibrary.org/obo/NCBITaxon_10090"	"C57BL/6"	"http://www.ebi.ac.uk/efo/EFO_0004472"	"12 to 15 week"		"adult"	"http://www.ebi.ac.uk/efo/EFO_0001272"	"brain without olfactory bulb"		"Cldn5-GFP"		"Brain single cell 1144"	
"SRR5530574"	"Mus musculus"	"http://purl.obolibrary.org/obo/NCBITaxon_10090"	"C57BL/6"	"http://www.ebi.ac.uk/efo/EFO_0004472"	"12 to 15 week"		"adult"	"http://www.ebi.ac.uk/efo/EFO_0001272"	"brain without olfactory bulb"		"Cldn5-GFP"		"Brain single cell 1145"	
"SRR5530575"	"Mus musculus"	"http://purl.obolibrary.org/obo/NCBITaxon_10090"	"C57BL/6"	"http://www.ebi.ac.uk/efo/EFO_0004472"	"12 to 15 week"		"adult"	"http://www.ebi.ac.uk/efo/EFO_0001272"	"brain without olfactory bulb"		"Cldn5-GFP"		"Brain single cell 1146"	
"SRR5530576"	"Mus musculus"	"http://purl.obolibrary.org/obo/NCBITaxon_10090"	"C57BL/6"	"http://www.ebi.ac.uk/efo/EFO_0004472"	"12 to 15 week"		"adult"	"http://www.ebi.ac.uk/efo/EFO_0001272"	"brain without olfactory bulb"		"Cldn5-GFP"		"Brain single cell 1147"	
"SRR5530577"	"Mus musculus"	"http://purl.obolibrary.org/obo/NCBITaxon_10090"	"C57BL/6"	"http://www.ebi.ac.uk/efo/EFO_0004472"	"12 to 15 week"		"adult"	"http://www.ebi.ac.uk/efo/EFO_0001272"	"brain without olfactory bulb"		"Cldn5-GFP"		"Brain single cell 1148"	
"SRR5530578"	"Mus musculus"	"http://purl.obolibrary.org/obo/NCBITaxon_10090"	"C57BL/6"	"http://www.ebi.ac.uk/efo/EFO_0004472"	"12 to 15 week"		"adult"	"http://www.ebi.ac.uk/efo/EFO_0001272"	"brain without olfactory bulb"		"Cldn5-GFP"		"Brain single cell 1149"	
"SRR5530579"	"Mus musculus"	"http://purl.obolibrary.org/obo/NCBITaxon_10090"	"C57BL/6"	"http://www.ebi.ac.uk/efo/EFO_0004472"	"12 to 15 week"		"adult"	"http://www.ebi.ac.uk/efo/EFO_0001272"	"brain without olfactory bulb"		"Cldn5-GFP"		"Brain single cell 1150"	
"SRR5530580"	"Mus musculus"	"http://purl.obolibrary.org/obo/NCBITaxon_10090"	"C57BL/6"	"http://www.ebi.ac.uk/efo/EFO_0004472"	"12 to 15 week"		"adult"	"http://www.ebi.ac.uk/efo/EFO_0001272"	"brain without olfactory bulb"		"Cldn5-GFP"		"Brain single cell 1151"	
"SRR5530581"	"Mus musculus"	"http://purl.obolibrary.org/obo/NCBITaxon_10090"	"C57BL/6"	"http://www.ebi.ac.uk/efo/EFO_0004472"	"12 to 15 week"		"adult"	"http://www.ebi.ac.uk/efo/EFO_0001272"	"brain without olfactory bulb"		"Cldn5-GFP"		"Brain single cell 1152"	
"SRR5530582"	"Mus musculus"	"http://purl.obolibrary.org/obo/NCBITaxon_10090"	"C57BL/6"	"http://www.ebi.ac.uk/efo/EFO_0004472"	"12 to 15 week"		"adult"	"http://www.ebi.ac.uk/efo/EFO_0001272"	"brain without olfactory bulb"		"Cldn5-GFP"		"Brain single cell 1153"	
"SRR5530583"	"Mus musculus"	"http://purl.obolibrary.org/obo/NCBITaxon_10090"	"C57BL/6"	"http://www.ebi.ac.uk/efo/EFO_0004472"	"12 to 15 week"		"adult"	"http://www.ebi.ac.uk/efo/EFO_0001272"	"brain without olfactory bulb"		"Cldn5-GFP"		"Brain single cell 1154"	
"SRR5530584"	"Mus musculus"	"http://purl.obolibrary.org/obo/NCBITaxon_10090"	"C57BL/6"	"http://www.ebi.ac.uk/efo/EFO_0004472"	"12 to 15 week"		"adult"	"http://www.ebi.ac.uk/efo/EFO_0001272"	"brain without olfactory bulb"		"Cldn5-GFP"		"Brain single cell 1155"	
"SRR5530585"	"Mus musculus"	"http://purl.obolibrary.org/obo/NCBITaxon_10090"	"C57BL/6"	"http://www.ebi.ac.uk/efo/EFO_0004472"	"12 to 15 week"		"adult"	"http://www.ebi.ac.uk/efo/EFO_0001272"	"brain without olfactory bulb"		"Cldn5-GFP"		"Brain single cell 1156"	
"SRR5530586"	"Mus musculus"	"http://purl.obolibrary.org/obo/NCBITaxon_10090"	"C57BL/6"	"http://www.ebi.ac.uk/efo/EFO_0004472"	"12 to 15 week"		"adult"	"http://www.ebi.ac.uk/efo/EFO_0001272"	"brain without olfactory bulb"		"Cldn5-GFP"		"Brain single cell 1157"	
"SRR5530587"	"Mus musculus"	"http://purl.obolibrary.org/obo/NCBITaxon_10090"	"C57BL/6"	"http://www.ebi.ac.uk/efo/EFO_0004472"	"12 to 15 week"		"adult"	"http://www.ebi.ac.uk/efo/EFO_0001272"	"brain without olfactory bulb"		"Cldn5-GFP"		"Brain single cell 1158"	
"SRR5530588"	"Mus musculus"	"http://purl.obolibrary.org/obo/NCBITaxon_10090"	"C57BL/6"	"http://www.ebi.ac.uk/efo/EFO_0004472"	"12 to 15 week"		"adult"	"http://www.ebi.ac.uk/efo/EFO_0001272"	"brain without olfactory bulb"		"Cldn5-GFP"		"Brain single cell 1159"	
"SRR5530589"	"Mus musculus"	"http://purl.obolibrary.org/obo/NCBITaxon_10090"	"C57BL/6"	"http://www.ebi.ac.uk/efo/EFO_0004472"	"12 to 15 week"		"adult"	"http://www.ebi.ac.uk/efo/EFO_0001272"	"brain without olfactory bulb"		"Cldn5-GFP"		"Brain single cell 1160"	
"SRR5530590"	"Mus musculus"	"http://purl.obolibrary.org/obo/NCBITaxon_10090"	"C57BL/6"	"http://www.ebi.ac.uk/efo/EFO_0004472"	"12 to 15 week"		"adult"	"http://www.ebi.ac.uk/efo/EFO_0001272"	"brain without olfactory bulb"		"Cldn5-GFP"		"Brain single cell 1161"	
"SRR5530591"	"Mus musculus"	"http://purl.obolibrary.org/obo/NCBITaxon_10090"	"C57BL/6"	"http://www.ebi.ac.uk/efo/EFO_0004472"	"12 to 15 week"		"adult"	"http://www.ebi.ac.uk/efo/EFO_0001272"	"brain without olfactory bulb"		"Cldn5-GFP"		"Brain single cell 1162"	
"SRR5530592"	"Mus musculus"	"http://purl.obolibrary.org/obo/NCBITaxon_10090"	"C57BL/6"	"http://www.ebi.ac.uk/efo/EFO_0004472"	"12 to 15 week"		"adult"	"http://www.ebi.ac.uk/efo/EFO_0001272"	"brain without olfactory bulb"		"Cldn5-GFP"		"Brain single cell 1163"	
"SRR5530593"	"Mus musculus"	"http://purl.obolibrary.org/obo/NCBITaxon_10090"	"C57BL/6"	"http://www.ebi.ac.uk/efo/EFO_0004472"	"12 to 15 week"		"adult"	"http://www.ebi.ac.uk/efo/EFO_0001272"	"brain without olfactory bulb"		"Cldn5-GFP"		"Brain single cell 1164"	
"SRR5530594"	"Mus musculus"	"http://purl.obolibrary.org/obo/NCBITaxon_10090"	"C57BL/6"	"http://www.ebi.ac.uk/efo/EFO_0004472"	"12 to 15 week"		"adult"	"http://www.ebi.ac.uk/efo/EFO_0001272"	"brain without olfactory bulb"		"Cldn5-GFP"		"Brain single cell 1165"	
"SRR5530595"	"Mus musculus"	"http://purl.obolibrary.org/obo/NCBITaxon_10090"	"C57BL/6"	"http://www.ebi.ac.uk/efo/EFO_0004472"	"12 to 15 week"		"adult"	"http://www.ebi.ac.uk/efo/EFO_0001272"	"brain without olfactory bulb"		"Cldn5-GFP"		"Brain single cell 1166"	
"SRR5530596"	"Mus musculus"	"http://purl.obolibrary.org/obo/NCBITaxon_10090"	"C57BL/6"	"http://www.ebi.ac.uk/efo/EFO_0004472"	"12 to 15 week"		"adult"	"http://www.ebi.ac.uk/efo/EFO_0001272"	"brain without olfactory bulb"		"Cldn5-GFP"		"Brain single cell 1167"	
"SRR5530597"	"Mus musculus"	"http://purl.obolibrary.org/obo/NCBITaxon_10090"	"C57BL/6"	"http://www.ebi.ac.uk/efo/EFO_0004472"	"12 to 15 week"		"adult"	"http://www.ebi.ac.uk/efo/EFO_0001272"	"brain without olfactory bulb"		"Cldn5-GFP"		"Brain single cell 1168"	
"SRR5530598"	"Mus musculus"	"http://purl.obolibrary.org/obo/NCBITaxon_10090"	"C57BL/6"	"http://www.ebi.ac.uk/efo/EFO_0004472"	"12 to 15 week"		"adult"	"http://www.ebi.ac.uk/efo/EFO_0001272"	"brain without olfactory bulb"		"Cldn5-GFP"		"Brain single cell 1169"	
"SRR5530599"	"Mus musculus"	"http://purl.obolibrary.org/obo/NCBITaxon_10090"	"C57BL/6"	"http://www.ebi.ac.uk/efo/EFO_0004472"	"12 to 15 week"		"adult"	"http://www.ebi.ac.uk/efo/EFO_0001272"	"brain without olfactory bulb"		"Cldn5-GFP"		"Brain single cell 1170"	
"SRR5530600"	"Mus musculus"	"http://purl.obolibrary.org/obo/NCBITaxon_10090"	"C57BL/6"	"http://www.ebi.ac.uk/efo/EFO_0004472"	"12 to 15 week"		"adult"	"http://www.ebi.ac.uk/efo/EFO_0001272"	"brain without olfactory bulb"		"Cldn5-GFP"		"Brain single cell 1171"	
"SRR5530601"	"Mus musculus"	"http://purl.obolibrary.org/obo/NCBITaxon_10090"	"C57BL/6"	"http://www.ebi.ac.uk/efo/EFO_0004472"	"12 to 15 week"		"adult"	"http://www.ebi.ac.uk/efo/EFO_0001272"	"brain without olfactory bulb"		"Cldn5-GFP"		"Brain single cell 1172"	
"SRR5530602"	"Mus musculus"	"http://purl.obolibrary.org/obo/NCBITaxon_10090"	"C57BL/6"	"http://www.ebi.ac.uk/efo/EFO_0004472"	"12 to 15 week"		"adult"	"http://www.ebi.ac.uk/efo/EFO_0001272"	"brain without olfactory bulb"		"Cldn5-GFP"		"Brain single cell 1173"	
"SRR5530603"	"Mus musculus"	"http://purl.obolibrary.org/obo/NCBITaxon_10090"	"C57BL/6"	"http://www.ebi.ac.uk/efo/EFO_0004472"	"12 to 15 week"		"adult"	"http://www.ebi.ac.uk/efo/EFO_0001272"	"brain without olfactory bulb"		"Cldn5-GFP"		"Brain single cell 1174"	
"SRR5530604"	"Mus musculus"	"http://purl.obolibrary.org/obo/NCBITaxon_10090"	"C57BL/6"	"http://www.ebi.ac.uk/efo/EFO_0004472"	"12 to 15 week"		"adult"	"http://www.ebi.ac.uk/efo/EFO_0001272"	"brain without olfactory bulb"		"Cldn5-GFP"		"Brain single cell 1175"	
"SRR5530605"	"Mus musculus"	"http://purl.obolibrary.org/obo/NCBITaxon_10090"	"C57BL/6"	"http://www.ebi.ac.uk/efo/EFO_0004472"	"12 to 15 week"		"adult"	"http://www.ebi.ac.uk/efo/EFO_0001272"	"brain without olfactory bulb"		"Cldn5-GFP"		"Brain single cell 1176"	
"SRR5530606"	"Mus musculus"	"http://purl.obolibrary.org/obo/NCBITaxon_10090"	"C57BL/6"	"http://www.ebi.ac.uk/efo/EFO_0004472"	"12 to 15 week"		"adult"	"http://www.ebi.ac.uk/efo/EFO_0001272"	"brain without olfactory bulb"		"Cldn5-GFP"		"Brain single cell 1177"	
"SRR5530607"	"Mus musculus"	"http://purl.obolibrary.org/obo/NCBITaxon_10090"	"C57BL/6"	"http://www.ebi.ac.uk/efo/EFO_0004472"	"12 to 15 week"		"adult"	"http://www.ebi.ac.uk/efo/EFO_0001272"	"brain without olfactory bulb"		"Cldn5-GFP"		"Brain single cell 1178"	
"SRR5530608"	"Mus musculus"	"http://purl.obolibrary.org/obo/NCBITaxon_10090"	"C57BL/6"	"http://www.ebi.ac.uk/efo/EFO_0004472"	"12 to 15 week"		"adult"	"http://www.ebi.ac.uk/efo/EFO_0001272"	"brain without olfactory bulb"		"Cldn5-GFP"		"Brain single cell 1179"	
"SRR5530609"	"Mus musculus"	"http://purl.obolibrary.org/obo/NCBITaxon_10090"	"C57BL/6"	"http://www.ebi.ac.uk/efo/EFO_0004472"	"12 to 15 week"		"adult"	"http://www.ebi.ac.uk/efo/EFO_0001272"	"brain without olfactory bulb"		"Cldn5-GFP"		"Brain single cell 1180"	
"SRR5530610"	"Mus musculus"	"http://purl.obolibrary.org/obo/NCBITaxon_10090"	"C57BL/6"	"http://www.ebi.ac.uk/efo/EFO_0004472"	"12 to 15 week"		"adult"	"http://www.ebi.ac.uk/efo/EFO_0001272"	"brain without olfactory bulb"		"Cldn5-GFP"		"Brain single cell 1181"	
"SRR5530611"	"Mus musculus"	"http://purl.obolibrary.org/obo/NCBITaxon_10090"	"C57BL/6"	"http://www.ebi.ac.uk/efo/EFO_0004472"	"12 to 15 week"		"adult"	"http://www.ebi.ac.uk/efo/EFO_0001272"	"brain without olfactory bulb"		"Cldn5-GFP"		"Brain single cell 1182"	
"SRR5530612"	"Mus musculus"	"http://purl.obolibrary.org/obo/NCBITaxon_10090"	"C57BL/6"	"http://www.ebi.ac.uk/efo/EFO_0004472"	"12 to 15 week"		"adult"	"http://www.ebi.ac.uk/efo/EFO_0001272"	"brain without olfactory bulb"		"Cldn5-GFP"		"Brain single cell 1183"	
"SRR5530613"	"Mus musculus"	"http://purl.obolibrary.org/obo/NCBITaxon_10090"	"C57BL/6"	"http://www.ebi.ac.uk/efo/EFO_0004472"	"12 to 15 week"		"adult"	"http://www.ebi.ac.uk/efo/EFO_0001272"	"brain without olfactory bulb"		"Cldn5-GFP"		"Brain single cell 1184"	
"SRR5530614"	"Mus musculus"	"http://purl.obolibrary.org/obo/NCBITaxon_10090"	"C57BL/6"	"http://www.ebi.ac.uk/efo/EFO_0004472"	"12 to 15 week"		"adult"	"http://www.ebi.ac.uk/efo/EFO_0001272"	"brain without olfactory bulb"		"Cldn5-GFP"		"Brain single cell 1185"	
"SRR5530615"	"Mus musculus"	"http://purl.obolibrary.org/obo/NCBITaxon_10090"	"C57BL/6"	"http://www.ebi.ac.uk/efo/EFO_0004472"	"12 to 15 week"		"adult"	"http://www.ebi.ac.uk/efo/EFO_0001272"	"brain without olfactory bulb"		"Cldn5-GFP"		"Brain single cell 1186"	
"SRR5530616"	"Mus musculus"	"http://purl.obolibrary.org/obo/NCBITaxon_10090"	"C57BL/6"	"http://www.ebi.ac.uk/efo/EFO_0004472"	"12 to 15 week"		"adult"	"http://www.ebi.ac.uk/efo/EFO_0001272"	"brain without olfactory bulb"		"Cldn5-GFP"		"Brain single cell 1187"	
"SRR5530617"	"Mus musculus"	"http://purl.obolibrary.org/obo/NCBITaxon_10090"	"C57BL/6"	"http://www.ebi.ac.uk/efo/EFO_0004472"	"12 to 15 week"		"adult"	"http://www.ebi.ac.uk/efo/EFO_0001272"	"brain without olfactory bulb"		"Cldn5-GFP"		"Brain single cell 1188"	
"SRR5530618"	"Mus musculus"	"http://purl.obolibrary.org/obo/NCBITaxon_10090"	"C57BL/6"	"http://www.ebi.ac.uk/efo/EFO_0004472"	"12 to 15 week"		"adult"	"http://www.ebi.ac.uk/efo/EFO_0001272"	"brain without olfactory bulb"		"Cldn5-GFP"		"Brain single cell 1189"	
"SRR5530619"	"Mus musculus"	"http://purl.obolibrary.org/obo/NCBITaxon_10090"	"C57BL/6"	"http://www.ebi.ac.uk/efo/EFO_0004472"	"12 to 15 week"		"adult"	"http://www.ebi.ac.uk/efo/EFO_0001272"	"brain without olfactory bulb"		"Cldn5-GFP"		"Brain single cell 1190"	
"SRR5530620"	"Mus musculus"	"http://purl.obolibrary.org/obo/NCBITaxon_10090"	"C57BL/6"	"http://www.ebi.ac.uk/efo/EFO_0004472"	"12 to 15 week"		"adult"	"http://www.ebi.ac.uk/efo/EFO_0001272"	"brain without olfactory bulb"		"Cldn5-GFP"		"Brain single cell 1191"	
"SRR5530621"	"Mus musculus"	"http://purl.obolibrary.org/obo/NCBITaxon_10090"	"C57BL/6"	"http://www.ebi.ac.uk/efo/EFO_0004472"	"12 to 15 week"		"adult"	"http://www.ebi.ac.uk/efo/EFO_0001272"	"brain without olfactory bulb"		"Cldn5-GFP"		"Brain single cell 1192"	
"SRR5530622"	"Mus musculus"	"http://purl.obolibrary.org/obo/NCBITaxon_10090"	"C57BL/6"	"http://www.ebi.ac.uk/efo/EFO_0004472"	"12 to 15 week"		"adult"	"http://www.ebi.ac.uk/efo/EFO_0001272"	"brain without olfactory bulb"		"Cldn5-GFP"		"Brain single cell 1193"	
"SRR5530623"	"Mus musculus"	"http://purl.obolibrary.org/obo/NCBITaxon_10090"	"C57BL/6"	"http://www.ebi.ac.uk/efo/EFO_0004472"	"12 to 15 week"		"adult"	"http://www.ebi.ac.uk/efo/EFO_0001272"	"brain without olfactory bulb"		"Cldn5-GFP"		"Brain single cell 1194"	
"SRR5530624"	"Mus musculus"	"http://purl.obolibrary.org/obo/NCBITaxon_10090"	"C57BL/6"	"http://www.ebi.ac.uk/efo/EFO_0004472"	"12 to 15 week"		"adult"	"http://www.ebi.ac.uk/efo/EFO_0001272"	"brain without olfactory bulb"		"Cldn5-GFP"		"Brain single cell 1195"	
"SRR5530625"	"Mus musculus"	"http://purl.obolibrary.org/obo/NCBITaxon_10090"	"C57BL/6"	"http://www.ebi.ac.uk/efo/EFO_0004472"	"12 to 15 week"		"adult"	"http://www.ebi.ac.uk/efo/EFO_0001272"	"brain without olfactory bulb"		"Cldn5-GFP"		"Brain single cell 1196"	
"SRR5530626"	"Mus musculus"	"http://purl.obolibrary.org/obo/NCBITaxon_10090"	"C57BL/6"	"http://www.ebi.ac.uk/efo/EFO_0004472"	"12 to 15 week"		"adult"	"http://www.ebi.ac.uk/efo/EFO_0001272"	"brain without olfactory bulb"		"Cldn5-GFP"		"Brain single cell 1197"	
"SRR5530627"	"Mus musculus"	"http://purl.obolibrary.org/obo/NCBITaxon_10090"	"C57BL/6"	"http://www.ebi.ac.uk/efo/EFO_0004472"	"12 to 15 week"		"adult"	"http://www.ebi.ac.uk/efo/EFO_0001272"	"brain without olfactory bulb"		"Cldn5-GFP"		"Brain single cell 1198"	
"SRR5530628"	"Mus musculus"	"http://purl.obolibrary.org/obo/NCBITaxon_10090"	"C57BL/6"	"http://www.ebi.ac.uk/efo/EFO_0004472"	"12 to 15 week"		"adult"	"http://www.ebi.ac.uk/efo/EFO_0001272"	"brain without olfactory bulb"		"Cldn5-GFP"		"Brain single cell 1199"	
"SRR5530629"	"Mus musculus"	"http://purl.obolibrary.org/obo/NCBITaxon_10090"	"C57BL/6"	"http://www.ebi.ac.uk/efo/EFO_0004472"	"12 to 15 week"		"adult"	"http://www.ebi.ac.uk/efo/EFO_0001272"	"brain without olfactory bulb"		"Cldn5-GFP"		"Brain single cell 1200"	
"SRR5530630"	"Mus musculus"	"http://purl.obolibrary.org/obo/NCBITaxon_10090"	"C57BL/6"	"http://www.ebi.ac.uk/efo/EFO_0004472"	"12 to 15 week"		"adult"	"http://www.ebi.ac.uk/efo/EFO_0001272"	"brain without olfactory bulb"		"Cldn5-GFP"		"Brain single cell 1201"	
"SRR5530631"	"Mus musculus"	"http://purl.obolibrary.org/obo/NCBITaxon_10090"	"C57BL/6"	"http://www.ebi.ac.uk/efo/EFO_0004472"	"12 to 15 week"		"adult"	"http://www.ebi.ac.uk/efo/EFO_0001272"	"brain without olfactory bulb"		"Cldn5-GFP"		"Brain single cell 1202"	
"SRR5530632"	"Mus musculus"	"http://purl.obolibrary.org/obo/NCBITaxon_10090"	"C57BL/6"	"http://www.ebi.ac.uk/efo/EFO_0004472"	"12 to 15 week"		"adult"	"http://www.ebi.ac.uk/efo/EFO_0001272"	"brain without olfactory bulb"		"Cldn5-GFP"		"Brain single cell 1203"	
"SRR5530633"	"Mus musculus"	"http://purl.obolibrary.org/obo/NCBITaxon_10090"	"C57BL/6"	"http://www.ebi.ac.uk/efo/EFO_0004472"	"12 to 15 week"		"adult"	"http://www.ebi.ac.uk/efo/EFO_0001272"	"brain without olfactory bulb"		"Cldn5-GFP"		"Brain single cell 1204"	
"SRR5530634"	"Mus musculus"	"http://purl.obolibrary.org/obo/NCBITaxon_10090"	"C57BL/6"	"http://www.ebi.ac.uk/efo/EFO_0004472"	"12 to 15 week"		"adult"	"http://www.ebi.ac.uk/efo/EFO_0001272"	"brain without olfactory bulb"		"Cldn5-GFP"		"Brain single cell 1205"	
"SRR5530635"	"Mus musculus"	"http://purl.obolibrary.org/obo/NCBITaxon_10090"	"C57BL/6"	"http://www.ebi.ac.uk/efo/EFO_0004472"	"12 to 15 week"		"adult"	"http://www.ebi.ac.uk/efo/EFO_0001272"	"brain without olfactory bulb"		"Cldn5-GFP"		"Brain single cell 1206"	
"SRR5530636"	"Mus musculus"	"http://purl.obolibrary.org/obo/NCBITaxon_10090"	"C57BL/6"	"http://www.ebi.ac.uk/efo/EFO_0004472"	"12 to 15 week"		"adult"	"http://www.ebi.ac.uk/efo/EFO_0001272"	"brain without olfactory bulb"		"Cldn5-GFP"		"Brain single cell 1207"	
"SRR5530637"	"Mus musculus"	"http://purl.obolibrary.org/obo/NCBITaxon_10090"	"C57BL/6"	"http://www.ebi.ac.uk/efo/EFO_0004472"	"12 to 15 week"		"adult"	"http://www.ebi.ac.uk/efo/EFO_0001272"	"brain without olfactory bulb"		"Cldn5-GFP"		"Brain single cell 1208"	
"SRR5530638"	"Mus musculus"	"http://purl.obolibrary.org/obo/NCBITaxon_10090"	"C57BL/6"	"http://www.ebi.ac.uk/efo/EFO_0004472"	"12 to 15 week"		"adult"	"http://www.ebi.ac.uk/efo/EFO_0001272"	"brain without olfactory bulb"		"Cldn5-GFP"		"Brain single cell 1209"	
"SRR5530639"	"Mus musculus"	"http://purl.obolibrary.org/obo/NCBITaxon_10090"	"C57BL/6"	"http://www.ebi.ac.uk/efo/EFO_0004472"	"12 to 15 week"		"adult"	"http://www.ebi.ac.uk/efo/EFO_0001272"	"brain without olfactory bulb"		"Cldn5-GFP"		"Brain single cell 1210"	
"SRR5530640"	"Mus musculus"	"http://purl.obolibrary.org/obo/NCBITaxon_10090"	"C57BL/6"	"http://www.ebi.ac.uk/efo/EFO_0004472"	"12 to 15 week"		"adult"	"http://www.ebi.ac.uk/efo/EFO_0001272"	"brain without olfactory bulb"		"Cldn5-GFP"		"Brain single cell 1211"	
"SRR5530641"	"Mus musculus"	"http://purl.obolibrary.org/obo/NCBITaxon_10090"	"C57BL/6"	"http://www.ebi.ac.uk/efo/EFO_0004472"	"12 to 15 week"		"adult"	"http://www.ebi.ac.uk/efo/EFO_0001272"	"brain without olfactory bulb"		"Cldn5-GFP"		"Brain single cell 1212"	
"SRR5530642"	"Mus musculus"	"http://purl.obolibrary.org/obo/NCBITaxon_10090"	"C57BL/6"	"http://www.ebi.ac.uk/efo/EFO_0004472"	"12 to 15 week"		"adult"	"http://www.ebi.ac.uk/efo/EFO_0001272"	"brain without olfactory bulb"		"Cldn5-GFP"		"Brain single cell 1213"	
"SRR5530643"	"Mus musculus"	"http://purl.obolibrary.org/obo/NCBITaxon_10090"	"C57BL/6"	"http://www.ebi.ac.uk/efo/EFO_0004472"	"12 to 15 week"		"adult"	"http://www.ebi.ac.uk/efo/EFO_0001272"	"brain without olfactory bulb"		"Cldn5-GFP"		"Brain single cell 1214"	
"SRR5530644"	"Mus musculus"	"http://purl.obolibrary.org/obo/NCBITaxon_10090"	"C57BL/6"	"http://www.ebi.ac.uk/efo/EFO_0004472"	"12 to 15 week"		"adult"	"http://www.ebi.ac.uk/efo/EFO_0001272"	"brain without olfactory bulb"		"Cldn5-GFP"		"Brain single cell 1215"	
"SRR5530645"	"Mus musculus"	"http://purl.obolibrary.org/obo/NCBITaxon_10090"	"C57BL/6"	"http://www.ebi.ac.uk/efo/EFO_0004472"	"12 to 15 week"		"adult"	"http://www.ebi.ac.uk/efo/EFO_0001272"	"brain without olfactory bulb"		"Cldn5-GFP"		"Brain single cell 1216"	
"SRR5530646"	"Mus musculus"	"http://purl.obolibrary.org/obo/NCBITaxon_10090"	"C57BL/6"	"http://www.ebi.ac.uk/efo/EFO_0004472"	"12 to 15 week"		"adult"	"http://www.ebi.ac.uk/efo/EFO_0001272"	"brain without olfactory bulb"		"Cldn5-GFP"		"Brain single cell 1217"	
"SRR5530647"	"Mus musculus"	"http://purl.obolibrary.org/obo/NCBITaxon_10090"	"C57BL/6"	"http://www.ebi.ac.uk/efo/EFO_0004472"	"12 to 15 week"		"adult"	"http://www.ebi.ac.uk/efo/EFO_0001272"	"brain without olfactory bulb"		"Cldn5-GFP"		"Brain single cell 1218"	
"SRR5530648"	"Mus musculus"	"http://purl.obolibrary.org/obo/NCBITaxon_10090"	"C57BL/6"	"http://www.ebi.ac.uk/efo/EFO_0004472"	"12 to 15 week"		"adult"	"http://www.ebi.ac.uk/efo/EFO_0001272"	"brain without olfactory bulb"		"Cldn5-GFP"		"Brain single cell 1219"	
"SRR5530649"	"Mus musculus"	"http://purl.obolibrary.org/obo/NCBITaxon_10090"	"C57BL/6"	"http://www.ebi.ac.uk/efo/EFO_0004472"	"12 to 15 week"		"adult"	"http://www.ebi.ac.uk/efo/EFO_0001272"	"brain without olfactory bulb"		"Cldn5-GFP"		"Brain single cell 1220"	
"SRR5530650"	"Mus musculus"	"http://purl.obolibrary.org/obo/NCBITaxon_10090"	"C57BL/6"	"http://www.ebi.ac.uk/efo/EFO_0004472"	"12 to 15 week"		"adult"	"http://www.ebi.ac.uk/efo/EFO_0001272"	"brain without olfactory bulb"		"Cldn5-GFP"		"Brain single cell 1221"	
"SRR5530651"	"Mus musculus"	"http://purl.obolibrary.org/obo/NCBITaxon_10090"	"C57BL/6"	"http://www.ebi.ac.uk/efo/EFO_0004472"	"12 to 15 week"		"adult"	"http://www.ebi.ac.uk/efo/EFO_0001272"	"brain without olfactory bulb"		"Cldn5-GFP"		"Brain single cell 1222"	
"SRR5530652"	"Mus musculus"	"http://purl.obolibrary.org/obo/NCBITaxon_10090"	"C57BL/6"	"http://www.ebi.ac.uk/efo/EFO_0004472"	"12 to 15 week"		"adult"	"http://www.ebi.ac.uk/efo/EFO_0001272"	"brain without olfactory bulb"		"Cldn5-GFP"		"Brain single cell 1223"	
"SRR5530653"	"Mus musculus"	"http://purl.obolibrary.org/obo/NCBITaxon_10090"	"C57BL/6"	"http://www.ebi.ac.uk/efo/EFO_0004472"	"12 to 15 week"		"adult"	"http://www.ebi.ac.uk/efo/EFO_0001272"	"brain without olfactory bulb"		"Cldn5-GFP"		"Brain single cell 1224"	
"SRR5530654"	"Mus musculus"	"http://purl.obolibrary.org/obo/NCBITaxon_10090"	"C57BL/6"	"http://www.ebi.ac.uk/efo/EFO_0004472"	"12 to 15 week"		"adult"	"http://www.ebi.ac.uk/efo/EFO_0001272"	"brain without olfactory bulb"		"Cldn5-GFP"		"Brain single cell 1225"	
"SRR5530655"	"Mus musculus"	"http://purl.obolibrary.org/obo/NCBITaxon_10090"	"C57BL/6"	"http://www.ebi.ac.uk/efo/EFO_0004472"	"12 to 15 week"		"adult"	"http://www.ebi.ac.uk/efo/EFO_0001272"	"brain without olfactory bulb"		"Cldn5-GFP"		"Brain single cell 1226"	
"SRR5530656"	"Mus musculus"	"http://purl.obolibrary.org/obo/NCBITaxon_10090"	"C57BL/6"	"http://www.ebi.ac.uk/efo/EFO_0004472"	"12 to 15 week"		"adult"	"http://www.ebi.ac.uk/efo/EFO_0001272"	"brain without olfactory bulb"		"Cldn5-GFP"		"Brain single cell 1227"	
"SRR5530657"	"Mus musculus"	"http://purl.obolibrary.org/obo/NCBITaxon_10090"	"C57BL/6"	"http://www.ebi.ac.uk/efo/EFO_0004472"	"12 to 15 week"		"adult"	"http://www.ebi.ac.uk/efo/EFO_0001272"	"brain without olfactory bulb"		"Cldn5-GFP"		"Brain single cell 1228"	
"SRR5530658"	"Mus musculus"	"http://purl.obolibrary.org/obo/NCBITaxon_10090"	"C57BL/6"	"http://www.ebi.ac.uk/efo/EFO_0004472"	"12 to 15 week"		"adult"	"http://www.ebi.ac.uk/efo/EFO_0001272"	"brain without olfactory bulb"		"Cldn5-GFP"		"Brain single cell 1229"	
"SRR5530659"	"Mus musculus"	"http://purl.obolibrary.org/obo/NCBITaxon_10090"	"C57BL/6"	"http://www.ebi.ac.uk/efo/EFO_0004472"	"12 to 15 week"		"adult"	"http://www.ebi.ac.uk/efo/EFO_0001272"	"brain without olfactory bulb"		"Cldn5-GFP"		"Brain single cell 1230"	
"SRR5530660"	"Mus musculus"	"http://purl.obolibrary.org/obo/NCBITaxon_10090"	"C57BL/6"	"http://www.ebi.ac.uk/efo/EFO_0004472"	"12 to 15 week"		"adult"	"http://www.ebi.ac.uk/efo/EFO_0001272"	"brain without olfactory bulb"		"Cldn5-GFP"		"Brain single cell 1231"	
"SRR5530661"	"Mus musculus"	"http://purl.obolibrary.org/obo/NCBITaxon_10090"	"C57BL/6"	"http://www.ebi.ac.uk/efo/EFO_0004472"	"12 to 15 week"		"adult"	"http://www.ebi.ac.uk/efo/EFO_0001272"	"brain without olfactory bulb"		"Cldn5-GFP"		"Brain single cell 1232"	
"SRR5530662"	"Mus musculus"	"http://purl.obolibrary.org/obo/NCBITaxon_10090"	"C57BL/6"	"http://www.ebi.ac.uk/efo/EFO_0004472"	"12 to 15 week"		"adult"	"http://www.ebi.ac.uk/efo/EFO_0001272"	"brain without olfactory bulb"		"Cldn5-GFP"		"Brain single cell 1233"	
"SRR5530663"	"Mus musculus"	"http://purl.obolibrary.org/obo/NCBITaxon_10090"	"C57BL/6"	"http://www.ebi.ac.uk/efo/EFO_0004472"	"12 to 15 week"		"adult"	"http://www.ebi.ac.uk/efo/EFO_0001272"	"brain without olfactory bulb"		"Cldn5-GFP"		"Brain single cell 1234"	
"SRR5530664"	"Mus musculus"	"http://purl.obolibrary.org/obo/NCBITaxon_10090"	"C57BL/6"	"http://www.ebi.ac.uk/efo/EFO_0004472"	"12 to 15 week"		"adult"	"http://www.ebi.ac.uk/efo/EFO_0001272"	"brain without olfactory bulb"		"Cldn5-GFP"		"Brain single cell 1235"	
"SRR5530665"	"Mus musculus"	"http://purl.obolibrary.org/obo/NCBITaxon_10090"	"C57BL/6"	"http://www.ebi.ac.uk/efo/EFO_0004472"	"12 to 15 week"		"adult"	"http://www.ebi.ac.uk/efo/EFO_0001272"	"brain without olfactory bulb"		"Cldn5-GFP"		"Brain single cell 1236"	
"SRR5530666"	"Mus musculus"	"http://purl.obolibrary.org/obo/NCBITaxon_10090"	"C57BL/6"	"http://www.ebi.ac.uk/efo/EFO_0004472"	"12 to 15 week"		"adult"	"http://www.ebi.ac.uk/efo/EFO_0001272"	"brain without olfactory bulb"		"Cldn5-GFP"		"Brain single cell 1237"	
"SRR5530667"	"Mus musculus"	"http://purl.obolibrary.org/obo/NCBITaxon_10090"	"C57BL/6"	"http://www.ebi.ac.uk/efo/EFO_0004472"	"12 to 15 week"		"adult"	"http://www.ebi.ac.uk/efo/EFO_0001272"	"brain without olfactory bulb"		"Cldn5-GFP"		"Brain single cell 1238"	
"SRR5530668"	"Mus musculus"	"http://purl.obolibrary.org/obo/NCBITaxon_10090"	"C57BL/6"	"http://www.ebi.ac.uk/efo/EFO_0004472"	"12 to 15 week"		"adult"	"http://www.ebi.ac.uk/efo/EFO_0001272"	"brain without olfactory bulb"		"Cldn5-GFP"		"Brain single cell 1239"	
"SRR5530669"	"Mus musculus"	"http://purl.obolibrary.org/obo/NCBITaxon_10090"	"C57BL/6"	"http://www.ebi.ac.uk/efo/EFO_0004472"	"12 to 15 week"		"adult"	"http://www.ebi.ac.uk/efo/EFO_0001272"	"brain without olfactory bulb"		"Cldn5-GFP"		"Brain single cell 1240"	
"SRR5530670"	"Mus musculus"	"http://purl.obolibrary.org/obo/NCBITaxon_10090"	"C57BL/6"	"http://www.ebi.ac.uk/efo/EFO_0004472"	"12 to 15 week"		"adult"	"http://www.ebi.ac.uk/efo/EFO_0001272"	"brain without olfactory bulb"		"Cldn5-GFP"		"Brain single cell 1241"	
"SRR5530671"	"Mus musculus"	"http://purl.obolibrary.org/obo/NCBITaxon_10090"	"C57BL/6"	"http://www.ebi.ac.uk/efo/EFO_0004472"	"12 to 15 week"		"adult"	"http://www.ebi.ac.uk/efo/EFO_0001272"	"brain without olfactory bulb"		"Cldn5-GFP"		"Brain single cell 1242"	
"SRR5530672"	"Mus musculus"	"http://purl.obolibrary.org/obo/NCBITaxon_10090"	"C57BL/6"	"http://www.ebi.ac.uk/efo/EFO_0004472"	"12 to 15 week"		"adult"	"http://www.ebi.ac.uk/efo/EFO_0001272"	"brain without olfactory bulb"		"Cldn5-GFP"		"Brain single cell 1243"	
"SRR5530673"	"Mus musculus"	"http://purl.obolibrary.org/obo/NCBITaxon_10090"	"C57BL/6"	"http://www.ebi.ac.uk/efo/EFO_0004472"	"12 to 15 week"		"adult"	"http://www.ebi.ac.uk/efo/EFO_0001272"	"brain without olfactory bulb"		"Cldn5-GFP"		"Brain single cell 1244"	
"SRR5530674"	"Mus musculus"	"http://purl.obolibrary.org/obo/NCBITaxon_10090"	"C57BL/6"	"http://www.ebi.ac.uk/efo/EFO_0004472"	"12 to 15 week"		"adult"	"http://www.ebi.ac.uk/efo/EFO_0001272"	"brain without olfactory bulb"		"Cldn5-GFP"		"Brain single cell 1245"	
"SRR5530675"	"Mus musculus"	"http://purl.obolibrary.org/obo/NCBITaxon_10090"	"C57BL/6"	"http://www.ebi.ac.uk/efo/EFO_0004472"	"12 to 15 week"		"adult"	"http://www.ebi.ac.uk/efo/EFO_0001272"	"brain without olfactory bulb"		"Cldn5-GFP"		"Brain single cell 1246"	
"SRR5530676"	"Mus musculus"	"http://purl.obolibrary.org/obo/NCBITaxon_10090"	"C57BL/6"	"http://www.ebi.ac.uk/efo/EFO_0004472"	"12 to 15 week"		"adult"	"http://www.ebi.ac.uk/efo/EFO_0001272"	"brain without olfactory bulb"		"Cldn5-GFP"		"Brain single cell 1247"	
"SRR5530677"	"Mus musculus"	"http://purl.obolibrary.org/obo/NCBITaxon_10090"	"C57BL/6"	"http://www.ebi.ac.uk/efo/EFO_0004472"	"12 to 15 week"		"adult"	"http://www.ebi.ac.uk/efo/EFO_0001272"	"brain without olfactory bulb"		"Cldn5-GFP"		"Brain single cell 1248"	
"SRR5530678"	"Mus musculus"	"http://purl.obolibrary.org/obo/NCBITaxon_10090"	"C57BL/6"	"http://www.ebi.ac.uk/efo/EFO_0004472"	"12 to 15 week"		"adult"	"http://www.ebi.ac.uk/efo/EFO_0001272"	"brain without olfactory bulb"		"Cldn5-GFP"		"Brain single cell 1249"	
"SRR5530679"	"Mus musculus"	"http://purl.obolibrary.org/obo/NCBITaxon_10090"	"C57BL/6"	"http://www.ebi.ac.uk/efo/EFO_0004472"	"12 to 15 week"		"adult"	"http://www.ebi.ac.uk/efo/EFO_0001272"	"brain without olfactory bulb"		"Cldn5-GFP"		"Brain single cell 1250"	
"SRR5530680"	"Mus musculus"	"http://purl.obolibrary.org/obo/NCBITaxon_10090"	"C57BL/6"	"http://www.ebi.ac.uk/efo/EFO_0004472"	"12 to 15 week"		"adult"	"http://www.ebi.ac.uk/efo/EFO_0001272"	"brain without olfactory bulb"		"Cldn5-GFP"		"Brain single cell 1251"	
"SRR5530681"	"Mus musculus"	"http://purl.obolibrary.org/obo/NCBITaxon_10090"	"C57BL/6"	"http://www.ebi.ac.uk/efo/EFO_0004472"	"12 to 15 week"		"adult"	"http://www.ebi.ac.uk/efo/EFO_0001272"	"brain without olfactory bulb"		"Cldn5-GFP"		"Brain single cell 1252"	
"SRR5530682"	"Mus musculus"	"http://purl.obolibrary.org/obo/NCBITaxon_10090"	"C57BL/6"	"http://www.ebi.ac.uk/efo/EFO_0004472"	"12 to 15 week"		"adult"	"http://www.ebi.ac.uk/efo/EFO_0001272"	"brain without olfactory bulb"		"Cldn5-GFP"		"Brain single cell 1253"	
"SRR5530683"	"Mus musculus"	"http://purl.obolibrary.org/obo/NCBITaxon_10090"	"C57BL/6"	"http://www.ebi.ac.uk/efo/EFO_0004472"	"12 to 15 week"		"adult"	"http://www.ebi.ac.uk/efo/EFO_0001272"	"brain without olfactory bulb"		"Cldn5-GFP"		"Brain single cell 1254"	
"SRR5530684"	"Mus musculus"	"http://purl.obolibrary.org/obo/NCBITaxon_10090"	"C57BL/6"	"http://www.ebi.ac.uk/efo/EFO_0004472"	"12 to 15 week"		"adult"	"http://www.ebi.ac.uk/efo/EFO_0001272"	"brain without olfactory bulb"		"Cldn5-GFP"		"Brain single cell 1255"	
"SRR5530685"	"Mus musculus"	"http://purl.obolibrary.org/obo/NCBITaxon_10090"	"C57BL/6"	"http://www.ebi.ac.uk/efo/EFO_0004472"	"12 to 15 week"		"adult"	"http://www.ebi.ac.uk/efo/EFO_0001272"	"brain without olfactory bulb"		"Cldn5-GFP"		"Brain single cell 1256"	
"SRR5530686"	"Mus musculus"	"http://purl.obolibrary.org/obo/NCBITaxon_10090"	"C57BL/6"	"http://www.ebi.ac.uk/efo/EFO_0004472"	"12 to 15 week"		"adult"	"http://www.ebi.ac.uk/efo/EFO_0001272"	"brain without olfactory bulb"		"Cldn5-GFP"		"Brain single cell 1257"	
"SRR5530687"	"Mus musculus"	"http://purl.obolibrary.org/obo/NCBITaxon_10090"	"C57BL/6"	"http://www.ebi.ac.uk/efo/EFO_0004472"	"12 to 15 week"		"adult"	"http://www.ebi.ac.uk/efo/EFO_0001272"	"brain without olfactory bulb"		"Cldn5-GFP"		"Brain single cell 1258"	
"SRR5530688"	"Mus musculus"	"http://purl.obolibrary.org/obo/NCBITaxon_10090"	"C57BL/6"	"http://www.ebi.ac.uk/efo/EFO_0004472"	"12 to 15 week"		"adult"	"http://www.ebi.ac.uk/efo/EFO_0001272"	"brain without olfactory bulb"		"Cldn5-GFP"		"Brain single cell 1259"	
"SRR5530689"	"Mus musculus"	"http://purl.obolibrary.org/obo/NCBITaxon_10090"	"C57BL/6"	"http://www.ebi.ac.uk/efo/EFO_0004472"	"12 to 15 week"		"adult"	"http://www.ebi.ac.uk/efo/EFO_0001272"	"brain without olfactory bulb"		"Cldn5-GFP"		"Brain single cell 1260"	
"SRR5530690"	"Mus musculus"	"http://purl.obolibrary.org/obo/NCBITaxon_10090"	"C57BL/6"	"http://www.ebi.ac.uk/efo/EFO_0004472"	"12 to 15 week"		"adult"	"http://www.ebi.ac.uk/efo/EFO_0001272"	"brain without olfactory bulb"		"Cldn5-GFP"		"Brain single cell 1261"	
"SRR5530691"	"Mus musculus"	"http://purl.obolibrary.org/obo/NCBITaxon_10090"	"C57BL/6"	"http://www.ebi.ac.uk/efo/EFO_0004472"	"12 to 15 week"		"adult"	"http://www.ebi.ac.uk/efo/EFO_0001272"	"brain without olfactory bulb"		"Cldn5-GFP"		"Brain single cell 1262"	
"SRR5530692"	"Mus musculus"	"http://purl.obolibrary.org/obo/NCBITaxon_10090"	"C57BL/6"	"http://www.ebi.ac.uk/efo/EFO_0004472"	"12 to 15 week"		"adult"	"http://www.ebi.ac.uk/efo/EFO_0001272"	"brain without olfactory bulb"		"Cldn5-GFP"		"Brain single cell 1263"	
"SRR5530693"	"Mus musculus"	"http://purl.obolibrary.org/obo/NCBITaxon_10090"	"C57BL/6"	"http://www.ebi.ac.uk/efo/EFO_0004472"	"12 to 15 week"		"adult"	"http://www.ebi.ac.uk/efo/EFO_0001272"	"brain without olfactory bulb"		"Cldn5-GFP"		"Brain single cell 1264"	
"SRR5530694"	"Mus musculus"	"http://purl.obolibrary.org/obo/NCBITaxon_10090"	"C57BL/6"	"http://www.ebi.ac.uk/efo/EFO_0004472"	"12 to 15 week"		"adult"	"http://www.ebi.ac.uk/efo/EFO_0001272"	"brain without olfactory bulb"		"Cldn5-GFP"		"Brain single cell 1265"	
"SRR5530695"	"Mus musculus"	"http://purl.obolibrary.org/obo/NCBITaxon_10090"	"C57BL/6"	"http://www.ebi.ac.uk/efo/EFO_0004472"	"12 to 15 week"		"adult"	"http://www.ebi.ac.uk/efo/EFO_0001272"	"brain without olfactory bulb"		"Cldn5-GFP"		"Brain single cell 1266"	
"SRR5530696"	"Mus musculus"	"http://purl.obolibrary.org/obo/NCBITaxon_10090"	"C57BL/6"	"http://www.ebi.ac.uk/efo/EFO_0004472"	"12 to 15 week"		"adult"	"http://www.ebi.ac.uk/efo/EFO_0001272"	"brain without olfactory bulb"		"Cldn5-GFP"		"Brain single cell 1267"	
"SRR5530697"	"Mus musculus"	"http://purl.obolibrary.org/obo/NCBITaxon_10090"	"C57BL/6"	"http://www.ebi.ac.uk/efo/EFO_0004472"	"12 to 15 week"		"adult"	"http://www.ebi.ac.uk/efo/EFO_0001272"	"brain without olfactory bulb"		"Cldn5-GFP"		"Brain single cell 1268"	
"SRR5530698"	"Mus musculus"	"http://purl.obolibrary.org/obo/NCBITaxon_10090"	"C57BL/6"	"http://www.ebi.ac.uk/efo/EFO_0004472"	"12 to 15 week"		"adult"	"http://www.ebi.ac.uk/efo/EFO_0001272"	"brain without olfactory bulb"		"Cldn5-GFP"		"Brain single cell 1269"	
"SRR5530699"	"Mus musculus"	"http://purl.obolibrary.org/obo/NCBITaxon_10090"	"C57BL/6"	"http://www.ebi.ac.uk/efo/EFO_0004472"	"12 to 15 week"		"adult"	"http://www.ebi.ac.uk/efo/EFO_0001272"	"brain without olfactory bulb"		"Cldn5-GFP"		"Brain single cell 1270"	
"SRR5530700"	"Mus musculus"	"http://purl.obolibrary.org/obo/NCBITaxon_10090"	"C57BL/6"	"http://www.ebi.ac.uk/efo/EFO_0004472"	"12 to 15 week"		"adult"	"http://www.ebi.ac.uk/efo/EFO_0001272"	"brain without olfactory bulb"		"Cldn5-GFP"		"Brain single cell 1271"	
"SRR5530701"	"Mus musculus"	"http://purl.obolibrary.org/obo/NCBITaxon_10090"	"C57BL/6"	"http://www.ebi.ac.uk/efo/EFO_0004472"	"12 to 15 week"		"adult"	"http://www.ebi.ac.uk/efo/EFO_0001272"	"brain without olfactory bulb"		"Cldn5-GFP"		"Brain single cell 1272"	
"SRR5530702"	"Mus musculus"	"http://purl.obolibrary.org/obo/NCBITaxon_10090"	"C57BL/6"	"http://www.ebi.ac.uk/efo/EFO_0004472"	"12 to 15 week"		"adult"	"http://www.ebi.ac.uk/efo/EFO_0001272"	"brain without olfactory bulb"		"Cldn5-GFP"		"Brain single cell 1273"	
"SRR5530703"	"Mus musculus"	"http://purl.obolibrary.org/obo/NCBITaxon_10090"	"C57BL/6"	"http://www.ebi.ac.uk/efo/EFO_0004472"	"12 to 15 week"		"adult"	"http://www.ebi.ac.uk/efo/EFO_0001272"	"brain without olfactory bulb"		"Cldn5-GFP"		"Brain single cell 1274"	
"SRR5530704"	"Mus musculus"	"http://purl.obolibrary.org/obo/NCBITaxon_10090"	"C57BL/6"	"http://www.ebi.ac.uk/efo/EFO_0004472"	"12 to 15 week"		"adult"	"http://www.ebi.ac.uk/efo/EFO_0001272"	"brain without olfactory bulb"		"Cldn5-GFP"		"Brain single cell 1275"	
"SRR5530705"	"Mus musculus"	"http://purl.obolibrary.org/obo/NCBITaxon_10090"	"C57BL/6"	"http://www.ebi.ac.uk/efo/EFO_0004472"	"12 to 15 week"		"adult"	"http://www.ebi.ac.uk/efo/EFO_0001272"	"brain without olfactory bulb"		"Cldn5-GFP"		"Brain single cell 1276"	
"SRR5530706"	"Mus musculus"	"http://purl.obolibrary.org/obo/NCBITaxon_10090"	"C57BL/6"	"http://www.ebi.ac.uk/efo/EFO_0004472"	"12 to 15 week"		"adult"	"http://www.ebi.ac.uk/efo/EFO_0001272"	"brain without olfactory bulb"		"Cldn5-GFP"		"Brain single cell 1277"	
"SRR5530707"	"Mus musculus"	"http://purl.obolibrary.org/obo/NCBITaxon_10090"	"C57BL/6"	"http://www.ebi.ac.uk/efo/EFO_0004472"	"12 to 15 week"		"adult"	"http://www.ebi.ac.uk/efo/EFO_0001272"	"brain without olfactory bulb"		"Cldn5-GFP"		"Brain single cell 1278"	
"SRR5530708"	"Mus musculus"	"http://purl.obolibrary.org/obo/NCBITaxon_10090"	"C57BL/6"	"http://www.ebi.ac.uk/efo/EFO_0004472"	"12 to 15 week"		"adult"	"http://www.ebi.ac.uk/efo/EFO_0001272"	"brain without olfactory bulb"		"Cldn5-GFP"		"Brain single cell 1279"	
"SRR5530709"	"Mus musculus"	"http://purl.obolibrary.org/obo/NCBITaxon_10090"	"C57BL/6"	"http://www.ebi.ac.uk/efo/EFO_0004472"	"12 to 15 week"		"adult"	"http://www.ebi.ac.uk/efo/EFO_0001272"	"brain without olfactory bulb"		"Cldn5-GFP"		"Brain single cell 1280"	
"SRR5530710"	"Mus musculus"	"http://purl.obolibrary.org/obo/NCBITaxon_10090"	"C57BL/6"	"http://www.ebi.ac.uk/efo/EFO_0004472"	"12 to 15 week"		"adult"	"http://www.ebi.ac.uk/efo/EFO_0001272"	"brain without olfactory bulb"		"Cldn5-GFP"		"Brain single cell 1281"	
"SRR5530711"	"Mus musculus"	"http://purl.obolibrary.org/obo/NCBITaxon_10090"	"C57BL/6"	"http://www.ebi.ac.uk/efo/EFO_0004472"	"12 to 15 week"		"adult"	"http://www.ebi.ac.uk/efo/EFO_0001272"	"brain without olfactory bulb"		"Cldn5-GFP"		"Brain single cell 1282"	
"SRR5530712"	"Mus musculus"	"http://purl.obolibrary.org/obo/NCBITaxon_10090"	"C57BL/6"	"http://www.ebi.ac.uk/efo/EFO_0004472"	"12 to 15 week"		"adult"	"http://www.ebi.ac.uk/efo/EFO_0001272"	"brain without olfactory bulb"		"Cldn5-GFP"		"Brain single cell 1283"	
"SRR5530713"	"Mus musculus"	"http://purl.obolibrary.org/obo/NCBITaxon_10090"	"C57BL/6"	"http://www.ebi.ac.uk/efo/EFO_0004472"	"12 to 15 week"		"adult"	"http://www.ebi.ac.uk/efo/EFO_0001272"	"brain without olfactory bulb"		"Cldn5-GFP"		"Brain single cell 1284"	
"SRR5530714"	"Mus musculus"	"http://purl.obolibrary.org/obo/NCBITaxon_10090"	"C57BL/6"	"http://www.ebi.ac.uk/efo/EFO_0004472"	"12 to 15 week"		"adult"	"http://www.ebi.ac.uk/efo/EFO_0001272"	"brain without olfactory bulb"		"Cldn5-GFP"		"Brain single cell 1285"	
"SRR5530715"	"Mus musculus"	"http://purl.obolibrary.org/obo/NCBITaxon_10090"	"C57BL/6"	"http://www.ebi.ac.uk/efo/EFO_0004472"	"12 to 15 week"		"adult"	"http://www.ebi.ac.uk/efo/EFO_0001272"	"brain without olfactory bulb"		"Cldn5-GFP"		"Brain single cell 1286"	
"SRR5530716"	"Mus musculus"	"http://purl.obolibrary.org/obo/NCBITaxon_10090"	"C57BL/6"	"http://www.ebi.ac.uk/efo/EFO_0004472"	"12 to 15 week"		"adult"	"http://www.ebi.ac.uk/efo/EFO_0001272"	"brain without olfactory bulb"		"Cldn5-GFP"		"Brain single cell 1287"	
"SRR5530717"	"Mus musculus"	"http://purl.obolibrary.org/obo/NCBITaxon_10090"	"C57BL/6"	"http://www.ebi.ac.uk/efo/EFO_0004472"	"12 to 15 week"		"adult"	"http://www.ebi.ac.uk/efo/EFO_0001272"	"brain without olfactory bulb"		"Cldn5-GFP"		"Brain single cell 1288"	
"SRR5530718"	"Mus musculus"	"http://purl.obolibrary.org/obo/NCBITaxon_10090"	"C57BL/6"	"http://www.ebi.ac.uk/efo/EFO_0004472"	"12 to 15 week"		"adult"	"http://www.ebi.ac.uk/efo/EFO_0001272"	"brain without olfactory bulb"		"Cldn5-GFP"		"Brain single cell 1289"	
"SRR5530719"	"Mus musculus"	"http://purl.obolibrary.org/obo/NCBITaxon_10090"	"C57BL/6"	"http://www.ebi.ac.uk/efo/EFO_0004472"	"12 to 15 week"		"adult"	"http://www.ebi.ac.uk/efo/EFO_0001272"	"brain without olfactory bulb"		"Cldn5-GFP"		"Brain single cell 1290"	
"SRR5530720"	"Mus musculus"	"http://purl.obolibrary.org/obo/NCBITaxon_10090"	"C57BL/6"	"http://www.ebi.ac.uk/efo/EFO_0004472"	"12 to 15 week"		"adult"	"http://www.ebi.ac.uk/efo/EFO_0001272"	"brain without olfactory bulb"		"Cldn5-GFP"		"Brain single cell 1291"	
"SRR5530721"	"Mus musculus"	"http://purl.obolibrary.org/obo/NCBITaxon_10090"	"C57BL/6"	"http://www.ebi.ac.uk/efo/EFO_0004472"	"12 to 15 week"		"adult"	"http://www.ebi.ac.uk/efo/EFO_0001272"	"brain without olfactory bulb"		"Cldn5-GFP"		"Brain single cell 1292"	
"SRR5530722"	"Mus musculus"	"http://purl.obolibrary.org/obo/NCBITaxon_10090"	"C57BL/6"	"http://www.ebi.ac.uk/efo/EFO_0004472"	"12 to 15 week"		"adult"	"http://www.ebi.ac.uk/efo/EFO_0001272"	"brain without olfactory bulb"		"Cldn5-GFP"		"Brain single cell 1293"	
"SRR5530723"	"Mus musculus"	"http://purl.obolibrary.org/obo/NCBITaxon_10090"	"C57BL/6"	"http://www.ebi.ac.uk/efo/EFO_0004472"	"12 to 15 week"		"adult"	"http://www.ebi.ac.uk/efo/EFO_0001272"	"brain without olfactory bulb"		"Cldn5-GFP"		"Brain single cell 1294"	
"SRR5530724"	"Mus musculus"	"http://purl.obolibrary.org/obo/NCBITaxon_10090"	"C57BL/6"	"http://www.ebi.ac.uk/efo/EFO_0004472"	"12 to 15 week"		"adult"	"http://www.ebi.ac.uk/efo/EFO_0001272"	"brain without olfactory bulb"		"Cldn5-GFP"		"Brain single cell 1295"	
"SRR5530725"	"Mus musculus"	"http://purl.obolibrary.org/obo/NCBITaxon_10090"	"C57BL/6"	"http://www.ebi.ac.uk/efo/EFO_0004472"	"12 to 15 week"		"adult"	"http://www.ebi.ac.uk/efo/EFO_0001272"	"brain without olfactory bulb"		"Cldn5-GFP"		"Brain single cell 1296"	
"SRR5530726"	"Mus musculus"	"http://purl.obolibrary.org/obo/NCBITaxon_10090"	"C57BL/6"	"http://www.ebi.ac.uk/efo/EFO_0004472"	"12 to 15 week"		"adult"	"http://www.ebi.ac.uk/efo/EFO_0001272"	"brain without olfactory bulb"		"Cldn5-GFP"		"Brain single cell 1297"	
"SRR5530727"	"Mus musculus"	"http://purl.obolibrary.org/obo/NCBITaxon_10090"	"C57BL/6"	"http://www.ebi.ac.uk/efo/EFO_0004472"	"12 to 15 week"		"adult"	"http://www.ebi.ac.uk/efo/EFO_0001272"	"brain without olfactory bulb"		"Cldn5-GFP"		"Brain single cell 1298"	
"SRR5530728"	"Mus musculus"	"http://purl.obolibrary.org/obo/NCBITaxon_10090"	"C57BL/6"	"http://www.ebi.ac.uk/efo/EFO_0004472"	"12 to 15 week"		"adult"	"http://www.ebi.ac.uk/efo/EFO_0001272"	"brain without olfactory bulb"		"Cldn5-GFP"		"Brain single cell 1299"	
"SRR5530729"	"Mus musculus"	"http://purl.obolibrary.org/obo/NCBITaxon_10090"	"C57BL/6"	"http://www.ebi.ac.uk/efo/EFO_0004472"	"12 to 15 week"		"adult"	"http://www.ebi.ac.uk/efo/EFO_0001272"	"brain without olfactory bulb"		"Cldn5-GFP"		"Brain single cell 1300"	
"SRR5530730"	"Mus musculus"	"http://purl.obolibrary.org/obo/NCBITaxon_10090"	"C57BL/6"	"http://www.ebi.ac.uk/efo/EFO_0004472"	"12 to 15 week"		"adult"	"http://www.ebi.ac.uk/efo/EFO_0001272"	"brain without olfactory bulb"		"Cldn5-GFP"		"Brain single cell 1301"	
"SRR5530731"	"Mus musculus"	"http://purl.obolibrary.org/obo/NCBITaxon_10090"	"C57BL/6"	"http://www.ebi.ac.uk/efo/EFO_0004472"	"12 to 15 week"		"adult"	"http://www.ebi.ac.uk/efo/EFO_0001272"	"brain without olfactory bulb"		"Cldn5-GFP"		"Brain single cell 1302"	
"SRR5530732"	"Mus musculus"	"http://purl.obolibrary.org/obo/NCBITaxon_10090"	"C57BL/6"	"http://www.ebi.ac.uk/efo/EFO_0004472"	"12 to 15 week"		"adult"	"http://www.ebi.ac.uk/efo/EFO_0001272"	"brain without olfactory bulb"		"Cldn5-GFP"		"Brain single cell 1303"	
"SRR5530733"	"Mus musculus"	"http://purl.obolibrary.org/obo/NCBITaxon_10090"	"C57BL/6"	"http://www.ebi.ac.uk/efo/EFO_0004472"	"12 to 15 week"		"adult"	"http://www.ebi.ac.uk/efo/EFO_0001272"	"brain without olfactory bulb"		"Cldn5-GFP"		"Brain single cell 1304"	
"SRR5530734"	"Mus musculus"	"http://purl.obolibrary.org/obo/NCBITaxon_10090"	"C57BL/6"	"http://www.ebi.ac.uk/efo/EFO_0004472"	"12 to 15 week"		"adult"	"http://www.ebi.ac.uk/efo/EFO_0001272"	"brain without olfactory bulb"		"Cldn5-GFP"		"Brain single cell 1305"	
"SRR5530735"	"Mus musculus"	"http://purl.obolibrary.org/obo/NCBITaxon_10090"	"C57BL/6"	"http://www.ebi.ac.uk/efo/EFO_0004472"	"12 to 15 week"		"adult"	"http://www.ebi.ac.uk/efo/EFO_0001272"	"brain without olfactory bulb"		"Cldn5-GFP"		"Brain single cell 1306"	
"SRR5530736"	"Mus musculus"	"http://purl.obolibrary.org/obo/NCBITaxon_10090"	"C57BL/6"	"http://www.ebi.ac.uk/efo/EFO_0004472"	"12 to 15 week"		"adult"	"http://www.ebi.ac.uk/efo/EFO_0001272"	"brain without olfactory bulb"		"Cldn5-GFP"		"Brain single cell 1307"	
"SRR5530737"	"Mus musculus"	"http://purl.obolibrary.org/obo/NCBITaxon_10090"	"C57BL/6"	"http://www.ebi.ac.uk/efo/EFO_0004472"	"12 to 15 week"		"adult"	"http://www.ebi.ac.uk/efo/EFO_0001272"	"brain without olfactory bulb"		"Cldn5-GFP"		"Brain single cell 1308"	
"SRR5530738"	"Mus musculus"	"http://purl.obolibrary.org/obo/NCBITaxon_10090"	"C57BL/6"	"http://www.ebi.ac.uk/efo/EFO_0004472"	"12 to 15 week"		"adult"	"http://www.ebi.ac.uk/efo/EFO_0001272"	"brain without olfactory bulb"		"Cldn5-GFP"		"Brain single cell 1309"	
"SRR5530739"	"Mus musculus"	"http://purl.obolibrary.org/obo/NCBITaxon_10090"	"C57BL/6"	"http://www.ebi.ac.uk/efo/EFO_0004472"	"12 to 15 week"		"adult"	"http://www.ebi.ac.uk/efo/EFO_0001272"	"brain without olfactory bulb"		"Cldn5-GFP"		"Brain single cell 1310"	
"SRR5530740"	"Mus musculus"	"http://purl.obolibrary.org/obo/NCBITaxon_10090"	"C57BL/6"	"http://www.ebi.ac.uk/efo/EFO_0004472"	"12 to 15 week"		"adult"	"http://www.ebi.ac.uk/efo/EFO_0001272"	"brain without olfactory bulb"		"Cldn5-GFP"		"Brain single cell 1311"	
"SRR5530741"	"Mus musculus"	"http://purl.obolibrary.org/obo/NCBITaxon_10090"	"C57BL/6"	"http://www.ebi.ac.uk/efo/EFO_0004472"	"12 to 15 week"		"adult"	"http://www.ebi.ac.uk/efo/EFO_0001272"	"brain without olfactory bulb"		"Cldn5-GFP"		"Brain single cell 1312"	
"SRR5530742"	"Mus musculus"	"http://purl.obolibrary.org/obo/NCBITaxon_10090"	"C57BL/6"	"http://www.ebi.ac.uk/efo/EFO_0004472"	"12 to 15 week"		"adult"	"http://www.ebi.ac.uk/efo/EFO_0001272"	"brain without olfactory bulb"		"Cldn5-GFP"		"Brain single cell 1313"	
"SRR5530743"	"Mus musculus"	"http://purl.obolibrary.org/obo/NCBITaxon_10090"	"C57BL/6"	"http://www.ebi.ac.uk/efo/EFO_0004472"	"12 to 15 week"		"adult"	"http://www.ebi.ac.uk/efo/EFO_0001272"	"brain without olfactory bulb"		"Cldn5-GFP"		"Brain single cell 1314"	
"SRR5530744"	"Mus musculus"	"http://purl.obolibrary.org/obo/NCBITaxon_10090"	"C57BL/6"	"http://www.ebi.ac.uk/efo/EFO_0004472"	"12 to 15 week"		"adult"	"http://www.ebi.ac.uk/efo/EFO_0001272"	"brain without olfactory bulb"		"Cldn5-GFP"		"Brain single cell 1315"	
"SRR5530745"	"Mus musculus"	"http://purl.obolibrary.org/obo/NCBITaxon_10090"	"C57BL/6"	"http://www.ebi.ac.uk/efo/EFO_0004472"	"12 to 15 week"		"adult"	"http://www.ebi.ac.uk/efo/EFO_0001272"	"brain without olfactory bulb"		"Cldn5-GFP"		"Brain single cell 1316"	
"SRR5530746"	"Mus musculus"	"http://purl.obolibrary.org/obo/NCBITaxon_10090"	"C57BL/6"	"http://www.ebi.ac.uk/efo/EFO_0004472"	"12 to 15 week"		"adult"	"http://www.ebi.ac.uk/efo/EFO_0001272"	"brain without olfactory bulb"		"Cldn5-GFP"		"Brain single cell 1317"	
"SRR5530747"	"Mus musculus"	"http://purl.obolibrary.org/obo/NCBITaxon_10090"	"C57BL/6"	"http://www.ebi.ac.uk/efo/EFO_0004472"	"12 to 15 week"		"adult"	"http://www.ebi.ac.uk/efo/EFO_0001272"	"brain without olfactory bulb"		"Cldn5-GFP"		"Brain single cell 1318"	
"SRR5530748"	"Mus musculus"	"http://purl.obolibrary.org/obo/NCBITaxon_10090"	"C57BL/6"	"http://www.ebi.ac.uk/efo/EFO_0004472"	"12 to 15 week"		"adult"	"http://www.ebi.ac.uk/efo/EFO_0001272"	"brain without olfactory bulb"		"Cldn5-GFP"		"Brain single cell 1319"	
"SRR5530749"	"Mus musculus"	"http://purl.obolibrary.org/obo/NCBITaxon_10090"	"C57BL/6"	"http://www.ebi.ac.uk/efo/EFO_0004472"	"12 to 15 week"		"adult"	"http://www.ebi.ac.uk/efo/EFO_0001272"	"brain without olfactory bulb"		"Cldn5-GFP"		"Brain single cell 1320"	
"SRR5530750"	"Mus musculus"	"http://purl.obolibrary.org/obo/NCBITaxon_10090"	"C57BL/6"	"http://www.ebi.ac.uk/efo/EFO_0004472"	"12 to 15 week"		"adult"	"http://www.ebi.ac.uk/efo/EFO_0001272"	"brain without olfactory bulb"		"Cldn5-GFP"		"Brain single cell 1321"	
"SRR5530751"	"Mus musculus"	"http://purl.obolibrary.org/obo/NCBITaxon_10090"	"C57BL/6"	"http://www.ebi.ac.uk/efo/EFO_0004472"	"12 to 15 week"		"adult"	"http://www.ebi.ac.uk/efo/EFO_0001272"	"brain without olfactory bulb"		"Cldn5-GFP"		"Brain single cell 1322"	
"SRR5530752"	"Mus musculus"	"http://purl.obolibrary.org/obo/NCBITaxon_10090"	"C57BL/6"	"http://www.ebi.ac.uk/efo/EFO_0004472"	"12 to 15 week"		"adult"	"http://www.ebi.ac.uk/efo/EFO_0001272"	"brain without olfactory bulb"		"Cldn5-GFP"		"Brain single cell 1323"	
"SRR5530753"	"Mus musculus"	"http://purl.obolibrary.org/obo/NCBITaxon_10090"	"C57BL/6"	"http://www.ebi.ac.uk/efo/EFO_0004472"	"12 to 15 week"		"adult"	"http://www.ebi.ac.uk/efo/EFO_0001272"	"brain without olfactory bulb"		"Cldn5-GFP"		"Brain single cell 1324"	
"SRR5530754"	"Mus musculus"	"http://purl.obolibrary.org/obo/NCBITaxon_10090"	"C57BL/6"	"http://www.ebi.ac.uk/efo/EFO_0004472"	"12 to 15 week"		"adult"	"http://www.ebi.ac.uk/efo/EFO_0001272"	"brain without olfactory bulb"		"Cldn5-GFP"		"Brain single cell 1325"	
"SRR5530755"	"Mus musculus"	"http://purl.obolibrary.org/obo/NCBITaxon_10090"	"C57BL/6"	"http://www.ebi.ac.uk/efo/EFO_0004472"	"12 to 15 week"		"adult"	"http://www.ebi.ac.uk/efo/EFO_0001272"	"brain without olfactory bulb"		"Cldn5-GFP"		"Brain single cell 1326"	
"SRR5530756"	"Mus musculus"	"http://purl.obolibrary.org/obo/NCBITaxon_10090"	"C57BL/6"	"http://www.ebi.ac.uk/efo/EFO_0004472"	"12 to 15 week"		"adult"	"http://www.ebi.ac.uk/efo/EFO_0001272"	"brain without olfactory bulb"		"Cldn5-GFP"		"Brain single cell 1327"	
"SRR5530757"	"Mus musculus"	"http://purl.obolibrary.org/obo/NCBITaxon_10090"	"C57BL/6"	"http://www.ebi.ac.uk/efo/EFO_0004472"	"12 to 15 week"		"adult"	"http://www.ebi.ac.uk/efo/EFO_0001272"	"brain without olfactory bulb"		"Cldn5-GFP"		"Brain single cell 1328"	
"SRR5530758"	"Mus musculus"	"http://purl.obolibrary.org/obo/NCBITaxon_10090"	"C57BL/6"	"http://www.ebi.ac.uk/efo/EFO_0004472"	"12 to 15 week"		"adult"	"http://www.ebi.ac.uk/efo/EFO_0001272"	"brain without olfactory bulb"		"Cldn5-GFP"		"Brain single cell 1329"	
"SRR5530759"	"Mus musculus"	"http://purl.obolibrary.org/obo/NCBITaxon_10090"	"C57BL/6"	"http://www.ebi.ac.uk/efo/EFO_0004472"	"12 to 15 week"		"adult"	"http://www.ebi.ac.uk/efo/EFO_0001272"	"brain without olfactory bulb"		"Cldn5-GFP"		"Brain single cell 1330"	
"SRR5530760"	"Mus musculus"	"http://purl.obolibrary.org/obo/NCBITaxon_10090"	"C57BL/6"	"http://www.ebi.ac.uk/efo/EFO_0004472"	"12 to 15 week"		"adult"	"http://www.ebi.ac.uk/efo/EFO_0001272"	"brain without olfactory bulb"		"Cldn5-GFP"		"Brain single cell 1331"	
"SRR5530761"	"Mus musculus"	"http://purl.obolibrary.org/obo/NCBITaxon_10090"	"C57BL/6"	"http://www.ebi.ac.uk/efo/EFO_0004472"	"12 to 15 week"		"adult"	"http://www.ebi.ac.uk/efo/EFO_0001272"	"brain without olfactory bulb"		"Cldn5-GFP"		"Brain single cell 1332"	
"SRR5530762"	"Mus musculus"	"http://purl.obolibrary.org/obo/NCBITaxon_10090"	"C57BL/6"	"http://www.ebi.ac.uk/efo/EFO_0004472"	"12 to 15 week"		"adult"	"http://www.ebi.ac.uk/efo/EFO_0001272"	"brain without olfactory bulb"		"Cldn5-GFP"		"Brain single cell 1333"	
"SRR5530763"	"Mus musculus"	"http://purl.obolibrary.org/obo/NCBITaxon_10090"	"C57BL/6"	"http://www.ebi.ac.uk/efo/EFO_0004472"	"12 to 15 week"		"adult"	"http://www.ebi.ac.uk/efo/EFO_0001272"	"brain without olfactory bulb"		"Cldn5-GFP"		"Brain single cell 1334"	
"SRR5530764"	"Mus musculus"	"http://purl.obolibrary.org/obo/NCBITaxon_10090"	"C57BL/6"	"http://www.ebi.ac.uk/efo/EFO_0004472"	"12 to 15 week"		"adult"	"http://www.ebi.ac.uk/efo/EFO_0001272"	"brain without olfactory bulb"		"Cldn5-GFP"		"Brain single cell 1335"	
"SRR5530765"	"Mus musculus"	"http://purl.obolibrary.org/obo/NCBITaxon_10090"	"C57BL/6"	"http://www.ebi.ac.uk/efo/EFO_0004472"	"12 to 15 week"		"adult"	"http://www.ebi.ac.uk/efo/EFO_0001272"	"brain without olfactory bulb"		"Cldn5-GFP"		"Brain single cell 1336"	
"SRR5530766"	"Mus musculus"	"http://purl.obolibrary.org/obo/NCBITaxon_10090"	"C57BL/6"	"http://www.ebi.ac.uk/efo/EFO_0004472"	"12 to 15 week"		"adult"	"http://www.ebi.ac.uk/efo/EFO_0001272"	"brain without olfactory bulb"		"Cldn5-GFP"		"Brain single cell 1337"	
"SRR5530767"	"Mus musculus"	"http://purl.obolibrary.org/obo/NCBITaxon_10090"	"C57BL/6"	"http://www.ebi.ac.uk/efo/EFO_0004472"	"12 to 15 week"		"adult"	"http://www.ebi.ac.uk/efo/EFO_0001272"	"brain without olfactory bulb"		"Cldn5-GFP"		"Brain single cell 1338"	
"SRR5530768"	"Mus musculus"	"http://purl.obolibrary.org/obo/NCBITaxon_10090"	"C57BL/6"	"http://www.ebi.ac.uk/efo/EFO_0004472"	"12 to 15 week"		"adult"	"http://www.ebi.ac.uk/efo/EFO_0001272"	"brain without olfactory bulb"		"Cldn5-GFP"		"Brain single cell 1339"	
"SRR5530769"	"Mus musculus"	"http://purl.obolibrary.org/obo/NCBITaxon_10090"	"C57BL/6"	"http://www.ebi.ac.uk/efo/EFO_0004472"	"12 to 15 week"		"adult"	"http://www.ebi.ac.uk/efo/EFO_0001272"	"brain without olfactory bulb"		"Cldn5-GFP"		"Brain single cell 1340"	
"SRR5530770"	"Mus musculus"	"http://purl.obolibrary.org/obo/NCBITaxon_10090"	"C57BL/6"	"http://www.ebi.ac.uk/efo/EFO_0004472"	"12 to 15 week"		"adult"	"http://www.ebi.ac.uk/efo/EFO_0001272"	"brain without olfactory bulb"		"Cldn5-GFP"		"Brain single cell 1341"	
"SRR5530771"	"Mus musculus"	"http://purl.obolibrary.org/obo/NCBITaxon_10090"	"C57BL/6"	"http://www.ebi.ac.uk/efo/EFO_0004472"	"12 to 15 week"		"adult"	"http://www.ebi.ac.uk/efo/EFO_0001272"	"brain without olfactory bulb"		"Cldn5-GFP"		"Brain single cell 1342"	
"SRR5530772"	"Mus musculus"	"http://purl.obolibrary.org/obo/NCBITaxon_10090"	"C57BL/6"	"http://www.ebi.ac.uk/efo/EFO_0004472"	"12 to 15 week"		"adult"	"http://www.ebi.ac.uk/efo/EFO_0001272"	"brain without olfactory bulb"		"Cldn5-GFP"		"Brain single cell 1343"	
"SRR5530773"	"Mus musculus"	"http://purl.obolibrary.org/obo/NCBITaxon_10090"	"C57BL/6"	"http://www.ebi.ac.uk/efo/EFO_0004472"	"12 to 15 week"		"adult"	"http://www.ebi.ac.uk/efo/EFO_0001272"	"brain without olfactory bulb"		"Cldn5-GFP"		"Brain single cell 1344"	
"SRR5530774"	"Mus musculus"	"http://purl.obolibrary.org/obo/NCBITaxon_10090"	"C57BL/6"	"http://www.ebi.ac.uk/efo/EFO_0004472"	"12 to 15 week"		"adult"	"http://www.ebi.ac.uk/efo/EFO_0001272"	"brain without olfactory bulb"		"Cldn5-GFP"		"Brain single cell 1345"	
"SRR5530775"	"Mus musculus"	"http://purl.obolibrary.org/obo/NCBITaxon_10090"	"C57BL/6"	"http://www.ebi.ac.uk/efo/EFO_0004472"	"12 to 15 week"		"adult"	"http://www.ebi.ac.uk/efo/EFO_0001272"	"brain without olfactory bulb"		"Cldn5-GFP"		"Brain single cell 1346"	
"SRR5530776"	"Mus musculus"	"http://purl.obolibrary.org/obo/NCBITaxon_10090"	"C57BL/6"	"http://www.ebi.ac.uk/efo/EFO_0004472"	"12 to 15 week"		"adult"	"http://www.ebi.ac.uk/efo/EFO_0001272"	"brain without olfactory bulb"		"Cldn5-GFP"		"Brain single cell 1347"	
"SRR5530777"	"Mus musculus"	"http://purl.obolibrary.org/obo/NCBITaxon_10090"	"C57BL/6"	"http://www.ebi.ac.uk/efo/EFO_0004472"	"12 to 15 week"		"adult"	"http://www.ebi.ac.uk/efo/EFO_0001272"	"brain without olfactory bulb"		"Cldn5-GFP"		"Brain single cell 1348"	
"SRR5530778"	"Mus musculus"	"http://purl.obolibrary.org/obo/NCBITaxon_10090"	"C57BL/6"	"http://www.ebi.ac.uk/efo/EFO_0004472"	"12 to 15 week"		"adult"	"http://www.ebi.ac.uk/efo/EFO_0001272"	"brain without olfactory bulb"		"Cldn5-GFP"		"Brain single cell 1349"	
"SRR5530779"	"Mus musculus"	"http://purl.obolibrary.org/obo/NCBITaxon_10090"	"C57BL/6"	"http://www.ebi.ac.uk/efo/EFO_0004472"	"12 to 15 week"		"adult"	"http://www.ebi.ac.uk/efo/EFO_0001272"	"brain without olfactory bulb"		"Cldn5-GFP"		"Brain single cell 1350"	
"SRR5530780"	"Mus musculus"	"http://purl.obolibrary.org/obo/NCBITaxon_10090"	"C57BL/6"	"http://www.ebi.ac.uk/efo/EFO_0004472"	"12 to 15 week"		"adult"	"http://www.ebi.ac.uk/efo/EFO_0001272"	"brain without olfactory bulb"		"Cldn5-GFP"		"Brain single cell 1351"	
"SRR5530781"	"Mus musculus"	"http://purl.obolibrary.org/obo/NCBITaxon_10090"	"C57BL/6"	"http://www.ebi.ac.uk/efo/EFO_0004472"	"12 to 15 week"		"adult"	"http://www.ebi.ac.uk/efo/EFO_0001272"	"brain without olfactory bulb"		"Cldn5-GFP"		"Brain single cell 1352"	
"SRR5530782"	"Mus musculus"	"http://purl.obolibrary.org/obo/NCBITaxon_10090"	"C57BL/6"	"http://www.ebi.ac.uk/efo/EFO_0004472"	"12 to 15 week"		"adult"	"http://www.ebi.ac.uk/efo/EFO_0001272"	"brain without olfactory bulb"		"Cldn5-GFP"		"Brain single cell 1353"	
"SRR5530783"	"Mus musculus"	"http://purl.obolibrary.org/obo/NCBITaxon_10090"	"C57BL/6"	"http://www.ebi.ac.uk/efo/EFO_0004472"	"12 to 15 week"		"adult"	"http://www.ebi.ac.uk/efo/EFO_0001272"	"brain without olfactory bulb"		"Cldn5-GFP"		"Brain single cell 1354"	
"SRR5530784"	"Mus musculus"	"http://purl.obolibrary.org/obo/NCBITaxon_10090"	"C57BL/6"	"http://www.ebi.ac.uk/efo/EFO_0004472"	"12 to 15 week"		"adult"	"http://www.ebi.ac.uk/efo/EFO_0001272"	"brain without olfactory bulb"		"Cldn5-GFP"		"Brain single cell 1355"	
"SRR5530785"	"Mus musculus"	"http://purl.obolibrary.org/obo/NCBITaxon_10090"	"C57BL/6"	"http://www.ebi.ac.uk/efo/EFO_0004472"	"12 to 15 week"		"adult"	"http://www.ebi.ac.uk/efo/EFO_0001272"	"brain without olfactory bulb"		"Cldn5-GFP"		"Brain single cell 1356"	
"SRR5530786"	"Mus musculus"	"http://purl.obolibrary.org/obo/NCBITaxon_10090"	"C57BL/6"	"http://www.ebi.ac.uk/efo/EFO_0004472"	"12 to 15 week"		"adult"	"http://www.ebi.ac.uk/efo/EFO_0001272"	"brain without olfactory bulb"		"Cldn5-GFP"		"Brain single cell 1357"	
"SRR5530787"	"Mus musculus"	"http://purl.obolibrary.org/obo/NCBITaxon_10090"	"C57BL/6"	"http://www.ebi.ac.uk/efo/EFO_0004472"	"12 to 15 week"		"adult"	"http://www.ebi.ac.uk/efo/EFO_0001272"	"brain without olfactory bulb"		"Cldn5-GFP"		"Brain single cell 1358"	
"SRR5530788"	"Mus musculus"	"http://purl.obolibrary.org/obo/NCBITaxon_10090"	"C57BL/6"	"http://www.ebi.ac.uk/efo/EFO_0004472"	"12 to 15 week"		"adult"	"http://www.ebi.ac.uk/efo/EFO_0001272"	"brain without olfactory bulb"		"Cldn5-GFP"		"Brain single cell 1359"	
"SRR5530789"	"Mus musculus"	"http://purl.obolibrary.org/obo/NCBITaxon_10090"	"C57BL/6"	"http://www.ebi.ac.uk/efo/EFO_0004472"	"12 to 15 week"		"adult"	"http://www.ebi.ac.uk/efo/EFO_0001272"	"brain without olfactory bulb"		"Cldn5-GFP"		"Brain single cell 1360"	
"SRR5530790"	"Mus musculus"	"http://purl.obolibrary.org/obo/NCBITaxon_10090"	"C57BL/6"	"http://www.ebi.ac.uk/efo/EFO_0004472"	"12 to 15 week"		"adult"	"http://www.ebi.ac.uk/efo/EFO_0001272"	"brain without olfactory bulb"		"Cldn5-GFP"		"Brain single cell 1361"	
"SRR5530791"	"Mus musculus"	"http://purl.obolibrary.org/obo/NCBITaxon_10090"	"C57BL/6"	"http://www.ebi.ac.uk/efo/EFO_0004472"	"12 to 15 week"		"adult"	"http://www.ebi.ac.uk/efo/EFO_0001272"	"brain without olfactory bulb"		"Cldn5-GFP"		"Brain single cell 1362"	
"SRR5530792"	"Mus musculus"	"http://purl.obolibrary.org/obo/NCBITaxon_10090"	"C57BL/6"	"http://www.ebi.ac.uk/efo/EFO_0004472"	"12 to 15 week"		"adult"	"http://www.ebi.ac.uk/efo/EFO_0001272"	"brain without olfactory bulb"		"Cldn5-GFP"		"Brain single cell 1363"	
"SRR5530793"	"Mus musculus"	"http://purl.obolibrary.org/obo/NCBITaxon_10090"	"C57BL/6"	"http://www.ebi.ac.uk/efo/EFO_0004472"	"12 to 15 week"		"adult"	"http://www.ebi.ac.uk/efo/EFO_0001272"	"brain without olfactory bulb"		"Cldn5-GFP"		"Brain single cell 1364"	
"SRR5530794"	"Mus musculus"	"http://purl.obolibrary.org/obo/NCBITaxon_10090"	"C57BL/6"	"http://www.ebi.ac.uk/efo/EFO_0004472"	"12 to 15 week"		"adult"	"http://www.ebi.ac.uk/efo/EFO_0001272"	"brain without olfactory bulb"		"Cldn5-GFP"		"Brain single cell 1365"	
"SRR5530795"	"Mus musculus"	"http://purl.obolibrary.org/obo/NCBITaxon_10090"	"C57BL/6"	"http://www.ebi.ac.uk/efo/EFO_0004472"	"12 to 15 week"		"adult"	"http://www.ebi.ac.uk/efo/EFO_0001272"	"brain without olfactory bulb"		"Cldn5-GFP"		"Brain single cell 1366"	
"SRR5530796"	"Mus musculus"	"http://purl.obolibrary.org/obo/NCBITaxon_10090"	"C57BL/6"	"http://www.ebi.ac.uk/efo/EFO_0004472"	"12 to 15 week"		"adult"	"http://www.ebi.ac.uk/efo/EFO_0001272"	"brain without olfactory bulb"		"Cldn5-GFP"		"Brain single cell 1367"	
"SRR5530797"	"Mus musculus"	"http://purl.obolibrary.org/obo/NCBITaxon_10090"	"C57BL/6"	"http://www.ebi.ac.uk/efo/EFO_0004472"	"12 to 15 week"		"adult"	"http://www.ebi.ac.uk/efo/EFO_0001272"	"brain without olfactory bulb"		"Cldn5-GFP"		"Brain single cell 1368"	
"SRR5530798"	"Mus musculus"	"http://purl.obolibrary.org/obo/NCBITaxon_10090"	"C57BL/6"	"http://www.ebi.ac.uk/efo/EFO_0004472"	"12 to 15 week"		"adult"	"http://www.ebi.ac.uk/efo/EFO_0001272"	"brain without olfactory bulb"		"Cldn5-GFP"		"Brain single cell 1369"	
"SRR5530799"	"Mus musculus"	"http://purl.obolibrary.org/obo/NCBITaxon_10090"	"C57BL/6"	"http://www.ebi.ac.uk/efo/EFO_0004472"	"12 to 15 week"		"adult"	"http://www.ebi.ac.uk/efo/EFO_0001272"	"brain without olfactory bulb"		"Cldn5-GFP"		"Brain single cell 1370"	
"SRR5530800"	"Mus musculus"	"http://purl.obolibrary.org/obo/NCBITaxon_10090"	"C57BL/6"	"http://www.ebi.ac.uk/efo/EFO_0004472"	"12 to 15 week"		"adult"	"http://www.ebi.ac.uk/efo/EFO_0001272"	"brain without olfactory bulb"		"Cldn5-GFP"		"Brain single cell 1371"	
"SRR5530801"	"Mus musculus"	"http://purl.obolibrary.org/obo/NCBITaxon_10090"	"C57BL/6"	"http://www.ebi.ac.uk/efo/EFO_0004472"	"12 to 15 week"		"adult"	"http://www.ebi.ac.uk/efo/EFO_0001272"	"brain without olfactory bulb"		"Cldn5-GFP"		"Brain single cell 1372"	
"SRR5530802"	"Mus musculus"	"http://purl.obolibrary.org/obo/NCBITaxon_10090"	"C57BL/6"	"http://www.ebi.ac.uk/efo/EFO_0004472"	"12 to 15 week"		"adult"	"http://www.ebi.ac.uk/efo/EFO_0001272"	"brain without olfactory bulb"		"Cldn5-GFP"		"Brain single cell 1373"	
"SRR5530803"	"Mus musculus"	"http://purl.obolibrary.org/obo/NCBITaxon_10090"	"C57BL/6"	"http://www.ebi.ac.uk/efo/EFO_0004472"	"12 to 15 week"		"adult"	"http://www.ebi.ac.uk/efo/EFO_0001272"	"brain without olfactory bulb"		"Cldn5-GFP"		"Brain single cell 1374"	
"SRR5530804"	"Mus musculus"	"http://purl.obolibrary.org/obo/NCBITaxon_10090"	"C57BL/6"	"http://www.ebi.ac.uk/efo/EFO_0004472"	"12 to 15 week"		"adult"	"http://www.ebi.ac.uk/efo/EFO_0001272"	"brain without olfactory bulb"		"Cldn5-GFP"		"Brain single cell 1375"	
"SRR5530805"	"Mus musculus"	"http://purl.obolibrary.org/obo/NCBITaxon_10090"	"C57BL/6"	"http://www.ebi.ac.uk/efo/EFO_0004472"	"12 to 15 week"		"adult"	"http://www.ebi.ac.uk/efo/EFO_0001272"	"brain without olfactory bulb"		"Cldn5-GFP"		"Brain single cell 1376"	
"SRR5530806"	"Mus musculus"	"http://purl.obolibrary.org/obo/NCBITaxon_10090"	"C57BL/6"	"http://www.ebi.ac.uk/efo/EFO_0004472"	"12 to 15 week"		"adult"	"http://www.ebi.ac.uk/efo/EFO_0001272"	"brain without olfactory bulb"		"Cldn5-GFP"		"Brain single cell 1377"	
"SRR5530807"	"Mus musculus"	"http://purl.obolibrary.org/obo/NCBITaxon_10090"	"C57BL/6"	"http://www.ebi.ac.uk/efo/EFO_0004472"	"12 to 15 week"		"adult"	"http://www.ebi.ac.uk/efo/EFO_0001272"	"brain without olfactory bulb"		"Cldn5-GFP"		"Brain single cell 1378"	
"SRR5530808"	"Mus musculus"	"http://purl.obolibrary.org/obo/NCBITaxon_10090"	"C57BL/6"	"http://www.ebi.ac.uk/efo/EFO_0004472"	"12 to 15 week"		"adult"	"http://www.ebi.ac.uk/efo/EFO_0001272"	"brain without olfactory bulb"		"Cldn5-GFP"		"Brain single cell 1379"	
"SRR5530809"	"Mus musculus"	"http://purl.obolibrary.org/obo/NCBITaxon_10090"	"C57BL/6"	"http://www.ebi.ac.uk/efo/EFO_0004472"	"12 to 15 week"		"adult"	"http://www.ebi.ac.uk/efo/EFO_0001272"	"brain without olfactory bulb"		"Cldn5-GFP"		"Brain single cell 1380"	
"SRR5530810"	"Mus musculus"	"http://purl.obolibrary.org/obo/NCBITaxon_10090"	"C57BL/6"	"http://www.ebi.ac.uk/efo/EFO_0004472"	"12 to 15 week"		"adult"	"http://www.ebi.ac.uk/efo/EFO_0001272"	"brain without olfactory bulb"		"Cldn5-GFP"		"Brain single cell 1381"	
"SRR5530811"	"Mus musculus"	"http://purl.obolibrary.org/obo/NCBITaxon_10090"	"C57BL/6"	"http://www.ebi.ac.uk/efo/EFO_0004472"	"12 to 15 week"		"adult"	"http://www.ebi.ac.uk/efo/EFO_0001272"	"brain without olfactory bulb"		"Cldn5-GFP"		"Brain single cell 1382"	
"SRR5530812"	"Mus musculus"	"http://purl.obolibrary.org/obo/NCBITaxon_10090"	"C57BL/6"	"http://www.ebi.ac.uk/efo/EFO_0004472"	"12 to 15 week"		"adult"	"http://www.ebi.ac.uk/efo/EFO_0001272"	"brain without olfactory bulb"		"Cldn5-GFP"		"Brain single cell 1383"	
"SRR5530813"	"Mus musculus"	"http://purl.obolibrary.org/obo/NCBITaxon_10090"	"C57BL/6"	"http://www.ebi.ac.uk/efo/EFO_0004472"	"12 to 15 week"		"adult"	"http://www.ebi.ac.uk/efo/EFO_0001272"	"brain without olfactory bulb"		"Cldn5-GFP"		"Brain single cell 1384"	
"SRR5530814"	"Mus musculus"	"http://purl.obolibrary.org/obo/NCBITaxon_10090"	"C57BL/6"	"http://www.ebi.ac.uk/efo/EFO_0004472"	"12 to 15 week"		"adult"	"http://www.ebi.ac.uk/efo/EFO_0001272"	"brain without olfactory bulb"		"Cldn5-GFP"		"Brain single cell 1385"	
"SRR5530815"	"Mus musculus"	"http://purl.obolibrary.org/obo/NCBITaxon_10090"	"C57BL/6"	"http://www.ebi.ac.uk/efo/EFO_0004472"	"12 to 15 week"		"adult"	"http://www.ebi.ac.uk/efo/EFO_0001272"	"brain without olfactory bulb"		"Cldn5-GFP"		"Brain single cell 1386"	
"SRR5530816"	"Mus musculus"	"http://purl.obolibrary.org/obo/NCBITaxon_10090"	"C57BL/6"	"http://www.ebi.ac.uk/efo/EFO_0004472"	"12 to 15 week"		"adult"	"http://www.ebi.ac.uk/efo/EFO_0001272"	"brain without olfactory bulb"		"Cldn5-GFP"		"Brain single cell 1387"	
"SRR5530817"	"Mus musculus"	"http://purl.obolibrary.org/obo/NCBITaxon_10090"	"C57BL/6"	"http://www.ebi.ac.uk/efo/EFO_0004472"	"12 to 15 week"		"adult"	"http://www.ebi.ac.uk/efo/EFO_0001272"	"brain without olfactory bulb"		"Cldn5-GFP"		"Brain single cell 1388"	
"SRR5530818"	"Mus musculus"	"http://purl.obolibrary.org/obo/NCBITaxon_10090"	"C57BL/6"	"http://www.ebi.ac.uk/efo/EFO_0004472"	"12 to 15 week"		"adult"	"http://www.ebi.ac.uk/efo/EFO_0001272"	"brain without olfactory bulb"		"Cldn5-GFP"		"Brain single cell 1389"	
"SRR5530819"	"Mus musculus"	"http://purl.obolibrary.org/obo/NCBITaxon_10090"	"C57BL/6"	"http://www.ebi.ac.uk/efo/EFO_0004472"	"12 to 15 week"		"adult"	"http://www.ebi.ac.uk/efo/EFO_0001272"	"brain without olfactory bulb"		"Cldn5-GFP"		"Brain single cell 1390"	
"SRR5530820"	"Mus musculus"	"http://purl.obolibrary.org/obo/NCBITaxon_10090"	"C57BL/6"	"http://www.ebi.ac.uk/efo/EFO_0004472"	"12 to 15 week"		"adult"	"http://www.ebi.ac.uk/efo/EFO_0001272"	"brain without olfactory bulb"		"Cldn5-GFP"		"Brain single cell 1391"	
"SRR5530821"	"Mus musculus"	"http://purl.obolibrary.org/obo/NCBITaxon_10090"	"C57BL/6"	"http://www.ebi.ac.uk/efo/EFO_0004472"	"12 to 15 week"		"adult"	"http://www.ebi.ac.uk/efo/EFO_0001272"	"brain without olfactory bulb"		"Cldn5-GFP"		"Brain single cell 1392"	
"SRR5530822"	"Mus musculus"	"http://purl.obolibrary.org/obo/NCBITaxon_10090"	"C57BL/6"	"http://www.ebi.ac.uk/efo/EFO_0004472"	"12 to 15 week"		"adult"	"http://www.ebi.ac.uk/efo/EFO_0001272"	"brain without olfactory bulb"		"Cldn5-GFP"		"Brain single cell 1393"	
"SRR5530823"	"Mus musculus"	"http://purl.obolibrary.org/obo/NCBITaxon_10090"	"C57BL/6"	"http://www.ebi.ac.uk/efo/EFO_0004472"	"12 to 15 week"		"adult"	"http://www.ebi.ac.uk/efo/EFO_0001272"	"brain without olfactory bulb"		"Cldn5-GFP"		"Brain single cell 1394"	
"SRR5530824"	"Mus musculus"	"http://purl.obolibrary.org/obo/NCBITaxon_10090"	"C57BL/6"	"http://www.ebi.ac.uk/efo/EFO_0004472"	"12 to 15 week"		"adult"	"http://www.ebi.ac.uk/efo/EFO_0001272"	"brain without olfactory bulb"		"Cldn5-GFP"		"Brain single cell 1395"	
"SRR5530825"	"Mus musculus"	"http://purl.obolibrary.org/obo/NCBITaxon_10090"	"C57BL/6"	"http://www.ebi.ac.uk/efo/EFO_0004472"	"12 to 15 week"		"adult"	"http://www.ebi.ac.uk/efo/EFO_0001272"	"brain without olfactory bulb"		"Cldn5-GFP"		"Brain single cell 1396"	
"SRR5530826"	"Mus musculus"	"http://purl.obolibrary.org/obo/NCBITaxon_10090"	"C57BL/6"	"http://www.ebi.ac.uk/efo/EFO_0004472"	"12 to 15 week"		"adult"	"http://www.ebi.ac.uk/efo/EFO_0001272"	"brain without olfactory bulb"		"Cldn5-GFP"		"Brain single cell 1397"	
"SRR5530827"	"Mus musculus"	"http://purl.obolibrary.org/obo/NCBITaxon_10090"	"C57BL/6"	"http://www.ebi.ac.uk/efo/EFO_0004472"	"12 to 15 week"		"adult"	"http://www.ebi.ac.uk/efo/EFO_0001272"	"brain without olfactory bulb"		"Cldn5-GFP"		"Brain single cell 1398"	
"SRR5530828"	"Mus musculus"	"http://purl.obolibrary.org/obo/NCBITaxon_10090"	"C57BL/6"	"http://www.ebi.ac.uk/efo/EFO_0004472"	"12 to 15 week"		"adult"	"http://www.ebi.ac.uk/efo/EFO_0001272"	"brain without olfactory bulb"		"Cldn5-GFP"		"Brain single cell 1399"	
"SRR5530829"	"Mus musculus"	"http://purl.obolibrary.org/obo/NCBITaxon_10090"	"C57BL/6"	"http://www.ebi.ac.uk/efo/EFO_0004472"	"12 to 15 week"		"adult"	"http://www.ebi.ac.uk/efo/EFO_0001272"	"brain without olfactory bulb"		"Cldn5-GFP"		"Brain single cell 1400"	
"SRR5530830"	"Mus musculus"	"http://purl.obolibrary.org/obo/NCBITaxon_10090"	"C57BL/6"	"http://www.ebi.ac.uk/efo/EFO_0004472"	"12 to 15 week"		"adult"	"http://www.ebi.ac.uk/efo/EFO_0001272"	"brain without olfactory bulb"		"Cldn5-GFP"		"Brain single cell 1401"	
"SRR5530831"	"Mus musculus"	"http://purl.obolibrary.org/obo/NCBITaxon_10090"	"C57BL/6"	"http://www.ebi.ac.uk/efo/EFO_0004472"	"12 to 15 week"		"adult"	"http://www.ebi.ac.uk/efo/EFO_0001272"	"brain without olfactory bulb"		"Cldn5-GFP"		"Brain single cell 1402"	
"SRR5530832"	"Mus musculus"	"http://purl.obolibrary.org/obo/NCBITaxon_10090"	"C57BL/6"	"http://www.ebi.ac.uk/efo/EFO_0004472"	"12 to 15 week"		"adult"	"http://www.ebi.ac.uk/efo/EFO_0001272"	"brain without olfactory bulb"		"Cldn5-GFP"		"Brain single cell 1403"	
"SRR5530833"	"Mus musculus"	"http://purl.obolibrary.org/obo/NCBITaxon_10090"	"C57BL/6"	"http://www.ebi.ac.uk/efo/EFO_0004472"	"12 to 15 week"		"adult"	"http://www.ebi.ac.uk/efo/EFO_0001272"	"brain without olfactory bulb"		"Cldn5-GFP"		"Brain single cell 1404"	
"SRR5530834"	"Mus musculus"	"http://purl.obolibrary.org/obo/NCBITaxon_10090"	"C57BL/6"	"http://www.ebi.ac.uk/efo/EFO_0004472"	"12 to 15 week"		"adult"	"http://www.ebi.ac.uk/efo/EFO_0001272"	"brain without olfactory bulb"		"Cldn5-GFP"		"Brain single cell 1405"	
"SRR5530835"	"Mus musculus"	"http://purl.obolibrary.org/obo/NCBITaxon_10090"	"C57BL/6"	"http://www.ebi.ac.uk/efo/EFO_0004472"	"12 to 15 week"		"adult"	"http://www.ebi.ac.uk/efo/EFO_0001272"	"brain without olfactory bulb"		"Cldn5-GFP"		"Brain single cell 1406"	
"SRR5530836"	"Mus musculus"	"http://purl.obolibrary.org/obo/NCBITaxon_10090"	"C57BL/6"	"http://www.ebi.ac.uk/efo/EFO_0004472"	"12 to 15 week"		"adult"	"http://www.ebi.ac.uk/efo/EFO_0001272"	"brain without olfactory bulb"		"Cldn5-GFP"		"Brain single cell 1407"	
"SRR5530837"	"Mus musculus"	"http://purl.obolibrary.org/obo/NCBITaxon_10090"	"C57BL/6"	"http://www.ebi.ac.uk/efo/EFO_0004472"	"12 to 15 week"		"adult"	"http://www.ebi.ac.uk/efo/EFO_0001272"	"brain without olfactory bulb"		"Cldn5-GFP"		"Brain single cell 1408"	
"SRR5530838"	"Mus musculus"	"http://purl.obolibrary.org/obo/NCBITaxon_10090"	"C57BL/6"	"http://www.ebi.ac.uk/efo/EFO_0004472"	"12 to 15 week"		"adult"	"http://www.ebi.ac.uk/efo/EFO_0001272"	"brain without olfactory bulb"		"Cldn5-GFP"		"Brain single cell 1409"	
"SRR5530839"	"Mus musculus"	"http://purl.obolibrary.org/obo/NCBITaxon_10090"	"C57BL/6"	"http://www.ebi.ac.uk/efo/EFO_0004472"	"12 to 15 week"		"adult"	"http://www.ebi.ac.uk/efo/EFO_0001272"	"brain without olfactory bulb"		"Cldn5-GFP"		"Brain single cell 1410"	
"SRR5530840"	"Mus musculus"	"http://purl.obolibrary.org/obo/NCBITaxon_10090"	"C57BL/6"	"http://www.ebi.ac.uk/efo/EFO_0004472"	"12 to 15 week"		"adult"	"http://www.ebi.ac.uk/efo/EFO_0001272"	"brain without olfactory bulb"		"Cldn5-GFP"		"Brain single cell 1411"	
"SRR5530841"	"Mus musculus"	"http://purl.obolibrary.org/obo/NCBITaxon_10090"	"C57BL/6"	"http://www.ebi.ac.uk/efo/EFO_0004472"	"12 to 15 week"		"adult"	"http://www.ebi.ac.uk/efo/EFO_0001272"	"brain without olfactory bulb"		"Cldn5-GFP"		"Brain single cell 1412"	
"SRR5530842"	"Mus musculus"	"http://purl.obolibrary.org/obo/NCBITaxon_10090"	"C57BL/6"	"http://www.ebi.ac.uk/efo/EFO_0004472"	"12 to 15 week"		"adult"	"http://www.ebi.ac.uk/efo/EFO_0001272"	"brain without olfactory bulb"		"Cldn5-GFP"		"Brain single cell 1413"	
"SRR5530843"	"Mus musculus"	"http://purl.obolibrary.org/obo/NCBITaxon_10090"	"C57BL/6"	"http://www.ebi.ac.uk/efo/EFO_0004472"	"12 to 15 week"		"adult"	"http://www.ebi.ac.uk/efo/EFO_0001272"	"brain without olfactory bulb"		"Cldn5-GFP"		"Brain single cell 1414"	
"SRR5530844"	"Mus musculus"	"http://purl.obolibrary.org/obo/NCBITaxon_10090"	"C57BL/6"	"http://www.ebi.ac.uk/efo/EFO_0004472"	"12 to 15 week"		"adult"	"http://www.ebi.ac.uk/efo/EFO_0001272"	"brain without olfactory bulb"		"Cldn5-GFP"		"Brain single cell 1415"	
"SRR5530845"	"Mus musculus"	"http://purl.obolibrary.org/obo/NCBITaxon_10090"	"C57BL/6"	"http://www.ebi.ac.uk/efo/EFO_0004472"	"12 to 15 week"		"adult"	"http://www.ebi.ac.uk/efo/EFO_0001272"	"brain without olfactory bulb"		"Cldn5-GFP"		"Brain single cell 1416"	
"SRR5530846"	"Mus musculus"	"http://purl.obolibrary.org/obo/NCBITaxon_10090"	"C57BL/6"	"http://www.ebi.ac.uk/efo/EFO_0004472"	"12 to 15 week"		"adult"	"http://www.ebi.ac.uk/efo/EFO_0001272"	"brain without olfactory bulb"		"Cldn5-GFP"		"Brain single cell 1417"	
"SRR5530847"	"Mus musculus"	"http://purl.obolibrary.org/obo/NCBITaxon_10090"	"C57BL/6"	"http://www.ebi.ac.uk/efo/EFO_0004472"	"12 to 15 week"		"adult"	"http://www.ebi.ac.uk/efo/EFO_0001272"	"brain without olfactory bulb"		"Cldn5-GFP"		"Brain single cell 1418"	
"SRR5530848"	"Mus musculus"	"http://purl.obolibrary.org/obo/NCBITaxon_10090"	"C57BL/6"	"http://www.ebi.ac.uk/efo/EFO_0004472"	"12 to 15 week"		"adult"	"http://www.ebi.ac.uk/efo/EFO_0001272"	"brain without olfactory bulb"		"Cldn5-GFP"		"Brain single cell 1419"	
"SRR5530849"	"Mus musculus"	"http://purl.obolibrary.org/obo/NCBITaxon_10090"	"C57BL/6"	"http://www.ebi.ac.uk/efo/EFO_0004472"	"12 to 15 week"		"adult"	"http://www.ebi.ac.uk/efo/EFO_0001272"	"brain without olfactory bulb"		"Cldn5-GFP"		"Brain single cell 1420"	
"SRR5530850"	"Mus musculus"	"http://purl.obolibrary.org/obo/NCBITaxon_10090"	"C57BL/6"	"http://www.ebi.ac.uk/efo/EFO_0004472"	"12 to 15 week"		"adult"	"http://www.ebi.ac.uk/efo/EFO_0001272"	"brain without olfactory bulb"		"Cldn5-GFP"		"Brain single cell 1421"	
"SRR5530851"	"Mus musculus"	"http://purl.obolibrary.org/obo/NCBITaxon_10090"	"C57BL/6"	"http://www.ebi.ac.uk/efo/EFO_0004472"	"12 to 15 week"		"adult"	"http://www.ebi.ac.uk/efo/EFO_0001272"	"brain without olfactory bulb"		"Cldn5-GFP"		"Brain single cell 1422"	
"SRR5530852"	"Mus musculus"	"http://purl.obolibrary.org/obo/NCBITaxon_10090"	"C57BL/6"	"http://www.ebi.ac.uk/efo/EFO_0004472"	"12 to 15 week"		"adult"	"http://www.ebi.ac.uk/efo/EFO_0001272"	"brain without olfactory bulb"		"Cldn5-GFP"		"Brain single cell 1423"	
"SRR5530853"	"Mus musculus"	"http://purl.obolibrary.org/obo/NCBITaxon_10090"	"C57BL/6"	"http://www.ebi.ac.uk/efo/EFO_0004472"	"12 to 15 week"		"adult"	"http://www.ebi.ac.uk/efo/EFO_0001272"	"brain without olfactory bulb"		"Cldn5-GFP"		"Brain single cell 1424"	
"SRR5530854"	"Mus musculus"	"http://purl.obolibrary.org/obo/NCBITaxon_10090"	"C57BL/6"	"http://www.ebi.ac.uk/efo/EFO_0004472"	"12 to 15 week"		"adult"	"http://www.ebi.ac.uk/efo/EFO_0001272"	"brain without olfactory bulb"		"Cldn5-GFP"		"Brain single cell 1425"	
"SRR5530855"	"Mus musculus"	"http://purl.obolibrary.org/obo/NCBITaxon_10090"	"C57BL/6"	"http://www.ebi.ac.uk/efo/EFO_0004472"	"12 to 15 week"		"adult"	"http://www.ebi.ac.uk/efo/EFO_0001272"	"brain without olfactory bulb"		"Cldn5-GFP"		"Brain single cell 1426"	
"SRR5530856"	"Mus musculus"	"http://purl.obolibrary.org/obo/NCBITaxon_10090"	"C57BL/6"	"http://www.ebi.ac.uk/efo/EFO_0004472"	"12 to 15 week"		"adult"	"http://www.ebi.ac.uk/efo/EFO_0001272"	"brain without olfactory bulb"		"Cldn5-GFP"		"Brain single cell 1427"	
"SRR5530857"	"Mus musculus"	"http://purl.obolibrary.org/obo/NCBITaxon_10090"	"C57BL/6"	"http://www.ebi.ac.uk/efo/EFO_0004472"	"12 to 15 week"		"adult"	"http://www.ebi.ac.uk/efo/EFO_0001272"	"brain without olfactory bulb"		"Cldn5-GFP"		"Brain single cell 1428"	
"SRR5530858"	"Mus musculus"	"http://purl.obolibrary.org/obo/NCBITaxon_10090"	"C57BL/6"	"http://www.ebi.ac.uk/efo/EFO_0004472"	"12 to 15 week"		"adult"	"http://www.ebi.ac.uk/efo/EFO_0001272"	"brain without olfactory bulb"		"Cldn5-GFP"		"Brain single cell 1429"	
"SRR5530859"	"Mus musculus"	"http://purl.obolibrary.org/obo/NCBITaxon_10090"	"C57BL/6"	"http://www.ebi.ac.uk/efo/EFO_0004472"	"12 to 15 week"		"adult"	"http://www.ebi.ac.uk/efo/EFO_0001272"	"brain without olfactory bulb"		"Cldn5-GFP"		"Brain single cell 1430"	
"SRR5530860"	"Mus musculus"	"http://purl.obolibrary.org/obo/NCBITaxon_10090"	"C57BL/6"	"http://www.ebi.ac.uk/efo/EFO_0004472"	"12 to 15 week"		"adult"	"http://www.ebi.ac.uk/efo/EFO_0001272"	"brain without olfactory bulb"		"Cldn5-GFP"		"Brain single cell 1431"	
"SRR5530861"	"Mus musculus"	"http://purl.obolibrary.org/obo/NCBITaxon_10090"	"C57BL/6"	"http://www.ebi.ac.uk/efo/EFO_0004472"	"12 to 15 week"		"adult"	"http://www.ebi.ac.uk/efo/EFO_0001272"	"brain without olfactory bulb"		"Cldn5-GFP"		"Brain single cell 1432"	
"SRR5530862"	"Mus musculus"	"http://purl.obolibrary.org/obo/NCBITaxon_10090"	"C57BL/6"	"http://www.ebi.ac.uk/efo/EFO_0004472"	"12 to 15 week"		"adult"	"http://www.ebi.ac.uk/efo/EFO_0001272"	"brain without olfactory bulb"		"Cldn5-GFP"		"Brain single cell 1433"	
"SRR5530863"	"Mus musculus"	"http://purl.obolibrary.org/obo/NCBITaxon_10090"	"C57BL/6"	"http://www.ebi.ac.uk/efo/EFO_0004472"	"12 to 15 week"		"adult"	"http://www.ebi.ac.uk/efo/EFO_0001272"	"brain without olfactory bulb"		"Cldn5-GFP"		"Brain single cell 1434"	
"SRR5530864"	"Mus musculus"	"http://purl.obolibrary.org/obo/NCBITaxon_10090"	"C57BL/6"	"http://www.ebi.ac.uk/efo/EFO_0004472"	"12 to 15 week"		"adult"	"http://www.ebi.ac.uk/efo/EFO_0001272"	"brain without olfactory bulb"		"Cldn5-GFP"		"Brain single cell 1435"	
"SRR5530865"	"Mus musculus"	"http://purl.obolibrary.org/obo/NCBITaxon_10090"	"C57BL/6"	"http://www.ebi.ac.uk/efo/EFO_0004472"	"12 to 15 week"		"adult"	"http://www.ebi.ac.uk/efo/EFO_0001272"	"brain without olfactory bulb"		"Cldn5-GFP"		"Brain single cell 1436"	
"SRR5530866"	"Mus musculus"	"http://purl.obolibrary.org/obo/NCBITaxon_10090"	"C57BL/6"	"http://www.ebi.ac.uk/efo/EFO_0004472"	"12 to 15 week"		"adult"	"http://www.ebi.ac.uk/efo/EFO_0001272"	"brain without olfactory bulb"		"Cldn5-GFP"		"Brain single cell 1437"	
"SRR5530867"	"Mus musculus"	"http://purl.obolibrary.org/obo/NCBITaxon_10090"	"C57BL/6"	"http://www.ebi.ac.uk/efo/EFO_0004472"	"12 to 15 week"		"adult"	"http://www.ebi.ac.uk/efo/EFO_0001272"	"brain without olfactory bulb"		"Cldn5-GFP"		"Brain single cell 1438"	
"SRR5530868"	"Mus musculus"	"http://purl.obolibrary.org/obo/NCBITaxon_10090"	"C57BL/6"	"http://www.ebi.ac.uk/efo/EFO_0004472"	"12 to 15 week"		"adult"	"http://www.ebi.ac.uk/efo/EFO_0001272"	"brain without olfactory bulb"		"Cldn5-GFP"		"Brain single cell 1439"	
"SRR5530869"	"Mus musculus"	"http://purl.obolibrary.org/obo/NCBITaxon_10090"	"C57BL/6"	"http://www.ebi.ac.uk/efo/EFO_0004472"	"12 to 15 week"		"adult"	"http://www.ebi.ac.uk/efo/EFO_0001272"	"brain without olfactory bulb"		"Cldn5-GFP"		"Brain single cell 1440"	
"SRR5530870"	"Mus musculus"	"http://purl.obolibrary.org/obo/NCBITaxon_10090"	"C57BL/6"	"http://www.ebi.ac.uk/efo/EFO_0004472"	"12 to 15 week"		"adult"	"http://www.ebi.ac.uk/efo/EFO_0001272"	"brain without olfactory bulb"		"Cldn5-GFP"		"Brain single cell 1441"	
"SRR5530871"	"Mus musculus"	"http://purl.obolibrary.org/obo/NCBITaxon_10090"	"C57BL/6"	"http://www.ebi.ac.uk/efo/EFO_0004472"	"12 to 15 week"		"adult"	"http://www.ebi.ac.uk/efo/EFO_0001272"	"brain without olfactory bulb"		"Cldn5-GFP"		"Brain single cell 1442"	
"SRR5530872"	"Mus musculus"	"http://purl.obolibrary.org/obo/NCBITaxon_10090"	"C57BL/6"	"http://www.ebi.ac.uk/efo/EFO_0004472"	"12 to 15 week"		"adult"	"http://www.ebi.ac.uk/efo/EFO_0001272"	"brain without olfactory bulb"		"Cldn5-GFP"		"Brain single cell 1443"	
"SRR5530873"	"Mus musculus"	"http://purl.obolibrary.org/obo/NCBITaxon_10090"	"C57BL/6"	"http://www.ebi.ac.uk/efo/EFO_0004472"	"12 to 15 week"		"adult"	"http://www.ebi.ac.uk/efo/EFO_0001272"	"brain without olfactory bulb"		"Cldn5-GFP"		"Brain single cell 1444"	
"SRR5530874"	"Mus musculus"	"http://purl.obolibrary.org/obo/NCBITaxon_10090"	"C57BL/6"	"http://www.ebi.ac.uk/efo/EFO_0004472"	"12 to 15 week"		"adult"	"http://www.ebi.ac.uk/efo/EFO_0001272"	"brain without olfactory bulb"		"Cldn5-GFP"		"Brain single cell 1445"	
"SRR5530875"	"Mus musculus"	"http://purl.obolibrary.org/obo/NCBITaxon_10090"	"C57BL/6"	"http://www.ebi.ac.uk/efo/EFO_0004472"	"12 to 15 week"		"adult"	"http://www.ebi.ac.uk/efo/EFO_0001272"	"brain without olfactory bulb"		"Pdgfrb-GFP;NG2dsRed"		"Brain single cell 1446"	
"SRR5530876"	"Mus musculus"	"http://purl.obolibrary.org/obo/NCBITaxon_10090"	"C57BL/6"	"http://www.ebi.ac.uk/efo/EFO_0004472"	"12 to 15 week"		"adult"	"http://www.ebi.ac.uk/efo/EFO_0001272"	"brain without olfactory bulb"		"Pdgfrb-GFP;NG2dsRed"		"Brain single cell 1447"	
"SRR5530877"	"Mus musculus"	"http://purl.obolibrary.org/obo/NCBITaxon_10090"	"C57BL/6"	"http://www.ebi.ac.uk/efo/EFO_0004472"	"12 to 15 week"		"adult"	"http://www.ebi.ac.uk/efo/EFO_0001272"	"brain without olfactory bulb"		"Pdgfrb-GFP;NG2dsRed"		"Brain single cell 1448"	
"SRR5530878"	"Mus musculus"	"http://purl.obolibrary.org/obo/NCBITaxon_10090"	"C57BL/6"	"http://www.ebi.ac.uk/efo/EFO_0004472"	"12 to 15 week"		"adult"	"http://www.ebi.ac.uk/efo/EFO_0001272"	"brain without olfactory bulb"		"Pdgfrb-GFP;NG2dsRed"		"Brain single cell 1449"	
"SRR5530879"	"Mus musculus"	"http://purl.obolibrary.org/obo/NCBITaxon_10090"	"C57BL/6"	"http://www.ebi.ac.uk/efo/EFO_0004472"	"12 to 15 week"		"adult"	"http://www.ebi.ac.uk/efo/EFO_0001272"	"brain without olfactory bulb"		"Pdgfrb-GFP;NG2dsRed"		"Brain single cell 1450"	
"SRR5530880"	"Mus musculus"	"http://purl.obolibrary.org/obo/NCBITaxon_10090"	"C57BL/6"	"http://www.ebi.ac.uk/efo/EFO_0004472"	"12 to 15 week"		"adult"	"http://www.ebi.ac.uk/efo/EFO_0001272"	"brain without olfactory bulb"		"Pdgfrb-GFP;NG2dsRed"		"Brain single cell 1451"	
"SRR5530881"	"Mus musculus"	"http://purl.obolibrary.org/obo/NCBITaxon_10090"	"C57BL/6"	"http://www.ebi.ac.uk/efo/EFO_0004472"	"12 to 15 week"		"adult"	"http://www.ebi.ac.uk/efo/EFO_0001272"	"brain without olfactory bulb"		"Pdgfrb-GFP;NG2dsRed"		"Brain single cell 1452"	
"SRR5530882"	"Mus musculus"	"http://purl.obolibrary.org/obo/NCBITaxon_10090"	"C57BL/6"	"http://www.ebi.ac.uk/efo/EFO_0004472"	"12 to 15 week"		"adult"	"http://www.ebi.ac.uk/efo/EFO_0001272"	"brain without olfactory bulb"		"Pdgfrb-GFP;NG2dsRed"		"Brain single cell 1453"	
"SRR5530883"	"Mus musculus"	"http://purl.obolibrary.org/obo/NCBITaxon_10090"	"C57BL/6"	"http://www.ebi.ac.uk/efo/EFO_0004472"	"12 to 15 week"		"adult"	"http://www.ebi.ac.uk/efo/EFO_0001272"	"brain without olfactory bulb"		"Pdgfrb-GFP;NG2dsRed"		"Brain single cell 1454"	
"SRR5530884"	"Mus musculus"	"http://purl.obolibrary.org/obo/NCBITaxon_10090"	"C57BL/6"	"http://www.ebi.ac.uk/efo/EFO_0004472"	"12 to 15 week"		"adult"	"http://www.ebi.ac.uk/efo/EFO_0001272"	"brain without olfactory bulb"		"Pdgfrb-GFP;NG2dsRed"		"Brain single cell 1455"	
"SRR5530885"	"Mus musculus"	"http://purl.obolibrary.org/obo/NCBITaxon_10090"	"C57BL/6"	"http://www.ebi.ac.uk/efo/EFO_0004472"	"12 to 15 week"		"adult"	"http://www.ebi.ac.uk/efo/EFO_0001272"	"brain without olfactory bulb"		"Pdgfrb-GFP;NG2dsRed"		"Brain single cell 1456"	
"SRR5530886"	"Mus musculus"	"http://purl.obolibrary.org/obo/NCBITaxon_10090"	"C57BL/6"	"http://www.ebi.ac.uk/efo/EFO_0004472"	"12 to 15 week"		"adult"	"http://www.ebi.ac.uk/efo/EFO_0001272"	"brain without olfactory bulb"		"Pdgfrb-GFP;NG2dsRed"		"Brain single cell 1457"	
"SRR5530887"	"Mus musculus"	"http://purl.obolibrary.org/obo/NCBITaxon_10090"	"C57BL/6"	"http://www.ebi.ac.uk/efo/EFO_0004472"	"12 to 15 week"		"adult"	"http://www.ebi.ac.uk/efo/EFO_0001272"	"brain without olfactory bulb"		"Pdgfrb-GFP;NG2dsRed"		"Brain single cell 1458"	
"SRR5530888"	"Mus musculus"	"http://purl.obolibrary.org/obo/NCBITaxon_10090"	"C57BL/6"	"http://www.ebi.ac.uk/efo/EFO_0004472"	"12 to 15 week"		"adult"	"http://www.ebi.ac.uk/efo/EFO_0001272"	"brain without olfactory bulb"		"Pdgfrb-GFP;NG2dsRed"		"Brain single cell 1459"	
"SRR5530889"	"Mus musculus"	"http://purl.obolibrary.org/obo/NCBITaxon_10090"	"C57BL/6"	"http://www.ebi.ac.uk/efo/EFO_0004472"	"12 to 15 week"		"adult"	"http://www.ebi.ac.uk/efo/EFO_0001272"	"brain without olfactory bulb"		"Pdgfrb-GFP;NG2dsRed"		"Brain single cell 1460"	
"SRR5530890"	"Mus musculus"	"http://purl.obolibrary.org/obo/NCBITaxon_10090"	"C57BL/6"	"http://www.ebi.ac.uk/efo/EFO_0004472"	"12 to 15 week"		"adult"	"http://www.ebi.ac.uk/efo/EFO_0001272"	"brain without olfactory bulb"		"Pdgfrb-GFP;NG2dsRed"		"Brain single cell 1461"	
"SRR5530891"	"Mus musculus"	"http://purl.obolibrary.org/obo/NCBITaxon_10090"	"C57BL/6"	"http://www.ebi.ac.uk/efo/EFO_0004472"	"12 to 15 week"		"adult"	"http://www.ebi.ac.uk/efo/EFO_0001272"	"brain without olfactory bulb"		"Pdgfrb-GFP;NG2dsRed"		"Brain single cell 1462"	
"SRR5530892"	"Mus musculus"	"http://purl.obolibrary.org/obo/NCBITaxon_10090"	"C57BL/6"	"http://www.ebi.ac.uk/efo/EFO_0004472"	"12 to 15 week"		"adult"	"http://www.ebi.ac.uk/efo/EFO_0001272"	"brain without olfactory bulb"		"Pdgfrb-GFP;NG2dsRed"		"Brain single cell 1463"	
"SRR5530893"	"Mus musculus"	"http://purl.obolibrary.org/obo/NCBITaxon_10090"	"C57BL/6"	"http://www.ebi.ac.uk/efo/EFO_0004472"	"12 to 15 week"		"adult"	"http://www.ebi.ac.uk/efo/EFO_0001272"	"brain without olfactory bulb"		"Pdgfrb-GFP;NG2dsRed"		"Brain single cell 1464"	
"SRR5530894"	"Mus musculus"	"http://purl.obolibrary.org/obo/NCBITaxon_10090"	"C57BL/6"	"http://www.ebi.ac.uk/efo/EFO_0004472"	"12 to 15 week"		"adult"	"http://www.ebi.ac.uk/efo/EFO_0001272"	"brain without olfactory bulb"		"Pdgfrb-GFP;NG2dsRed"		"Brain single cell 1465"	
"SRR5530895"	"Mus musculus"	"http://purl.obolibrary.org/obo/NCBITaxon_10090"	"C57BL/6"	"http://www.ebi.ac.uk/efo/EFO_0004472"	"12 to 15 week"		"adult"	"http://www.ebi.ac.uk/efo/EFO_0001272"	"brain without olfactory bulb"		"Pdgfrb-GFP;NG2dsRed"		"Brain single cell 1466"	
"SRR5530896"	"Mus musculus"	"http://purl.obolibrary.org/obo/NCBITaxon_10090"	"C57BL/6"	"http://www.ebi.ac.uk/efo/EFO_0004472"	"12 to 15 week"		"adult"	"http://www.ebi.ac.uk/efo/EFO_0001272"	"brain without olfactory bulb"		"Pdgfrb-GFP;NG2dsRed"		"Brain single cell 1467"	
"SRR5530897"	"Mus musculus"	"http://purl.obolibrary.org/obo/NCBITaxon_10090"	"C57BL/6"	"http://www.ebi.ac.uk/efo/EFO_0004472"	"12 to 15 week"		"adult"	"http://www.ebi.ac.uk/efo/EFO_0001272"	"brain without olfactory bulb"		"Pdgfrb-GFP;NG2dsRed"		"Brain single cell 1468"	
"SRR5530898"	"Mus musculus"	"http://purl.obolibrary.org/obo/NCBITaxon_10090"	"C57BL/6"	"http://www.ebi.ac.uk/efo/EFO_0004472"	"12 to 15 week"		"adult"	"http://www.ebi.ac.uk/efo/EFO_0001272"	"brain without olfactory bulb"		"Pdgfrb-GFP;NG2dsRed"		"Brain single cell 1469"	
"SRR5530899"	"Mus musculus"	"http://purl.obolibrary.org/obo/NCBITaxon_10090"	"C57BL/6"	"http://www.ebi.ac.uk/efo/EFO_0004472"	"12 to 15 week"		"adult"	"http://www.ebi.ac.uk/efo/EFO_0001272"	"brain without olfactory bulb"		"Pdgfrb-GFP;NG2dsRed"		"Brain single cell 1470"	
"SRR5530900"	"Mus musculus"	"http://purl.obolibrary.org/obo/NCBITaxon_10090"	"C57BL/6"	"http://www.ebi.ac.uk/efo/EFO_0004472"	"12 to 15 week"		"adult"	"http://www.ebi.ac.uk/efo/EFO_0001272"	"brain without olfactory bulb"		"Pdgfrb-GFP;NG2dsRed"		"Brain single cell 1471"	
"SRR5530901"	"Mus musculus"	"http://purl.obolibrary.org/obo/NCBITaxon_10090"	"C57BL/6"	"http://www.ebi.ac.uk/efo/EFO_0004472"	"12 to 15 week"		"adult"	"http://www.ebi.ac.uk/efo/EFO_0001272"	"brain without olfactory bulb"		"Pdgfrb-GFP;NG2dsRed"		"Brain single cell 1472"	
"SRR5530902"	"Mus musculus"	"http://purl.obolibrary.org/obo/NCBITaxon_10090"	"C57BL/6"	"http://www.ebi.ac.uk/efo/EFO_0004472"	"12 to 15 week"		"adult"	"http://www.ebi.ac.uk/efo/EFO_0001272"	"brain without olfactory bulb"		"Pdgfrb-GFP;NG2dsRed"		"Brain single cell 1473"	
"SRR5530903"	"Mus musculus"	"http://purl.obolibrary.org/obo/NCBITaxon_10090"	"C57BL/6"	"http://www.ebi.ac.uk/efo/EFO_0004472"	"12 to 15 week"		"adult"	"http://www.ebi.ac.uk/efo/EFO_0001272"	"brain without olfactory bulb"		"Pdgfrb-GFP;NG2dsRed"		"Brain single cell 1474"	
"SRR5530904"	"Mus musculus"	"http://purl.obolibrary.org/obo/NCBITaxon_10090"	"C57BL/6"	"http://www.ebi.ac.uk/efo/EFO_0004472"	"12 to 15 week"		"adult"	"http://www.ebi.ac.uk/efo/EFO_0001272"	"brain without olfactory bulb"		"Pdgfrb-GFP;NG2dsRed"		"Brain single cell 1475"	
"SRR5530905"	"Mus musculus"	"http://purl.obolibrary.org/obo/NCBITaxon_10090"	"C57BL/6"	"http://www.ebi.ac.uk/efo/EFO_0004472"	"12 to 15 week"		"adult"	"http://www.ebi.ac.uk/efo/EFO_0001272"	"brain without olfactory bulb"		"Pdgfrb-GFP;NG2dsRed"		"Brain single cell 1476"	
"SRR5530906"	"Mus musculus"	"http://purl.obolibrary.org/obo/NCBITaxon_10090"	"C57BL/6"	"http://www.ebi.ac.uk/efo/EFO_0004472"	"12 to 15 week"		"adult"	"http://www.ebi.ac.uk/efo/EFO_0001272"	"brain without olfactory bulb"		"Pdgfrb-GFP;NG2dsRed"		"Brain single cell 1477"	
"SRR5530907"	"Mus musculus"	"http://purl.obolibrary.org/obo/NCBITaxon_10090"	"C57BL/6"	"http://www.ebi.ac.uk/efo/EFO_0004472"	"12 to 15 week"		"adult"	"http://www.ebi.ac.uk/efo/EFO_0001272"	"brain without olfactory bulb"		"Pdgfrb-GFP;NG2dsRed"		"Brain single cell 1478"	
"SRR5530908"	"Mus musculus"	"http://purl.obolibrary.org/obo/NCBITaxon_10090"	"C57BL/6"	"http://www.ebi.ac.uk/efo/EFO_0004472"	"12 to 15 week"		"adult"	"http://www.ebi.ac.uk/efo/EFO_0001272"	"brain without olfactory bulb"		"Pdgfrb-GFP;NG2dsRed"		"Brain single cell 1479"	
"SRR5530909"	"Mus musculus"	"http://purl.obolibrary.org/obo/NCBITaxon_10090"	"C57BL/6"	"http://www.ebi.ac.uk/efo/EFO_0004472"	"12 to 15 week"		"adult"	"http://www.ebi.ac.uk/efo/EFO_0001272"	"brain without olfactory bulb"		"Pdgfrb-GFP;NG2dsRed"		"Brain single cell 1480"	
"SRR5530910"	"Mus musculus"	"http://purl.obolibrary.org/obo/NCBITaxon_10090"	"C57BL/6"	"http://www.ebi.ac.uk/efo/EFO_0004472"	"12 to 15 week"		"adult"	"http://www.ebi.ac.uk/efo/EFO_0001272"	"brain without olfactory bulb"		"Pdgfrb-GFP;NG2dsRed"		"Brain single cell 1481"	
"SRR5530911"	"Mus musculus"	"http://purl.obolibrary.org/obo/NCBITaxon_10090"	"C57BL/6"	"http://www.ebi.ac.uk/efo/EFO_0004472"	"12 to 15 week"		"adult"	"http://www.ebi.ac.uk/efo/EFO_0001272"	"brain without olfactory bulb"		"Pdgfrb-GFP;NG2dsRed"		"Brain single cell 1482"	
"SRR5530912"	"Mus musculus"	"http://purl.obolibrary.org/obo/NCBITaxon_10090"	"C57BL/6"	"http://www.ebi.ac.uk/efo/EFO_0004472"	"12 to 15 week"		"adult"	"http://www.ebi.ac.uk/efo/EFO_0001272"	"brain without olfactory bulb"		"Pdgfrb-GFP;NG2dsRed"		"Brain single cell 1483"	
"SRR5530913"	"Mus musculus"	"http://purl.obolibrary.org/obo/NCBITaxon_10090"	"C57BL/6"	"http://www.ebi.ac.uk/efo/EFO_0004472"	"12 to 15 week"		"adult"	"http://www.ebi.ac.uk/efo/EFO_0001272"	"brain without olfactory bulb"		"Pdgfrb-GFP;NG2dsRed"		"Brain single cell 1484"	
"SRR5530914"	"Mus musculus"	"http://purl.obolibrary.org/obo/NCBITaxon_10090"	"C57BL/6"	"http://www.ebi.ac.uk/efo/EFO_0004472"	"12 to 15 week"		"adult"	"http://www.ebi.ac.uk/efo/EFO_0001272"	"brain without olfactory bulb"		"Pdgfrb-GFP;NG2dsRed"		"Brain single cell 1485"	
"SRR5530915"	"Mus musculus"	"http://purl.obolibrary.org/obo/NCBITaxon_10090"	"C57BL/6"	"http://www.ebi.ac.uk/efo/EFO_0004472"	"12 to 15 week"		"adult"	"http://www.ebi.ac.uk/efo/EFO_0001272"	"brain without olfactory bulb"		"Pdgfrb-GFP;NG2dsRed"		"Brain single cell 1486"	
"SRR5530916"	"Mus musculus"	"http://purl.obolibrary.org/obo/NCBITaxon_10090"	"C57BL/6"	"http://www.ebi.ac.uk/efo/EFO_0004472"	"12 to 15 week"		"adult"	"http://www.ebi.ac.uk/efo/EFO_0001272"	"brain without olfactory bulb"		"Pdgfrb-GFP;NG2dsRed"		"Brain single cell 1487"	
"SRR5530917"	"Mus musculus"	"http://purl.obolibrary.org/obo/NCBITaxon_10090"	"C57BL/6"	"http://www.ebi.ac.uk/efo/EFO_0004472"	"12 to 15 week"		"adult"	"http://www.ebi.ac.uk/efo/EFO_0001272"	"brain without olfactory bulb"		"Pdgfrb-GFP;NG2dsRed"		"Brain single cell 1488"	
"SRR5530918"	"Mus musculus"	"http://purl.obolibrary.org/obo/NCBITaxon_10090"	"C57BL/6"	"http://www.ebi.ac.uk/efo/EFO_0004472"	"12 to 15 week"		"adult"	"http://www.ebi.ac.uk/efo/EFO_0001272"	"brain without olfactory bulb"		"Pdgfrb-GFP;NG2dsRed"		"Brain single cell 1489"	
"SRR5530919"	"Mus musculus"	"http://purl.obolibrary.org/obo/NCBITaxon_10090"	"C57BL/6"	"http://www.ebi.ac.uk/efo/EFO_0004472"	"12 to 15 week"		"adult"	"http://www.ebi.ac.uk/efo/EFO_0001272"	"brain without olfactory bulb"		"Pdgfrb-GFP;NG2dsRed"		"Brain single cell 1490"	
"SRR5530920"	"Mus musculus"	"http://purl.obolibrary.org/obo/NCBITaxon_10090"	"C57BL/6"	"http://www.ebi.ac.uk/efo/EFO_0004472"	"12 to 15 week"		"adult"	"http://www.ebi.ac.uk/efo/EFO_0001272"	"brain without olfactory bulb"		"Pdgfrb-GFP;NG2dsRed"		"Brain single cell 1491"	
"SRR5530921"	"Mus musculus"	"http://purl.obolibrary.org/obo/NCBITaxon_10090"	"C57BL/6"	"http://www.ebi.ac.uk/efo/EFO_0004472"	"12 to 15 week"		"adult"	"http://www.ebi.ac.uk/efo/EFO_0001272"	"brain without olfactory bulb"		"Pdgfrb-GFP;NG2dsRed"		"Brain single cell 1492"	
"SRR5530922"	"Mus musculus"	"http://purl.obolibrary.org/obo/NCBITaxon_10090"	"C57BL/6"	"http://www.ebi.ac.uk/efo/EFO_0004472"	"12 to 15 week"		"adult"	"http://www.ebi.ac.uk/efo/EFO_0001272"	"brain without olfactory bulb"		"Pdgfrb-GFP;NG2dsRed"		"Brain single cell 1493"	
"SRR5530923"	"Mus musculus"	"http://purl.obolibrary.org/obo/NCBITaxon_10090"	"C57BL/6"	"http://www.ebi.ac.uk/efo/EFO_0004472"	"12 to 15 week"		"adult"	"http://www.ebi.ac.uk/efo/EFO_0001272"	"brain without olfactory bulb"		"Pdgfrb-GFP;NG2dsRed"		"Brain single cell 1494"	
"SRR5530924"	"Mus musculus"	"http://purl.obolibrary.org/obo/NCBITaxon_10090"	"C57BL/6"	"http://www.ebi.ac.uk/efo/EFO_0004472"	"12 to 15 week"		"adult"	"http://www.ebi.ac.uk/efo/EFO_0001272"	"brain without olfactory bulb"		"Pdgfrb-GFP;NG2dsRed"		"Brain single cell 1495"	
"SRR5530925"	"Mus musculus"	"http://purl.obolibrary.org/obo/NCBITaxon_10090"	"C57BL/6"	"http://www.ebi.ac.uk/efo/EFO_0004472"	"12 to 15 week"		"adult"	"http://www.ebi.ac.uk/efo/EFO_0001272"	"brain without olfactory bulb"		"Pdgfrb-GFP;NG2dsRed"		"Brain single cell 1496"	
"SRR5530926"	"Mus musculus"	"http://purl.obolibrary.org/obo/NCBITaxon_10090"	"C57BL/6"	"http://www.ebi.ac.uk/efo/EFO_0004472"	"12 to 15 week"		"adult"	"http://www.ebi.ac.uk/efo/EFO_0001272"	"brain without olfactory bulb"		"Pdgfrb-GFP;NG2dsRed"		"Brain single cell 1497"	
"SRR5530927"	"Mus musculus"	"http://purl.obolibrary.org/obo/NCBITaxon_10090"	"C57BL/6"	"http://www.ebi.ac.uk/efo/EFO_0004472"	"12 to 15 week"		"adult"	"http://www.ebi.ac.uk/efo/EFO_0001272"	"brain without olfactory bulb"		"Pdgfrb-GFP;NG2dsRed"		"Brain single cell 1498"	
"SRR5530928"	"Mus musculus"	"http://purl.obolibrary.org/obo/NCBITaxon_10090"	"C57BL/6"	"http://www.ebi.ac.uk/efo/EFO_0004472"	"12 to 15 week"		"adult"	"http://www.ebi.ac.uk/efo/EFO_0001272"	"brain without olfactory bulb"		"Pdgfrb-GFP;NG2dsRed"		"Brain single cell 1499"	
"SRR5530929"	"Mus musculus"	"http://purl.obolibrary.org/obo/NCBITaxon_10090"	"C57BL/6"	"http://www.ebi.ac.uk/efo/EFO_0004472"	"12 to 15 week"		"adult"	"http://www.ebi.ac.uk/efo/EFO_0001272"	"brain without olfactory bulb"		"Pdgfrb-GFP;NG2dsRed"		"Brain single cell 1500"	
"SRR5530930"	"Mus musculus"	"http://purl.obolibrary.org/obo/NCBITaxon_10090"	"C57BL/6"	"http://www.ebi.ac.uk/efo/EFO_0004472"	"12 to 15 week"		"adult"	"http://www.ebi.ac.uk/efo/EFO_0001272"	"brain without olfactory bulb"		"Pdgfrb-GFP;NG2dsRed"		"Brain single cell 1501"	
"SRR5530931"	"Mus musculus"	"http://purl.obolibrary.org/obo/NCBITaxon_10090"	"C57BL/6"	"http://www.ebi.ac.uk/efo/EFO_0004472"	"12 to 15 week"		"adult"	"http://www.ebi.ac.uk/efo/EFO_0001272"	"brain without olfactory bulb"		"Pdgfrb-GFP;NG2dsRed"		"Brain single cell 1502"	
"SRR5530932"	"Mus musculus"	"http://purl.obolibrary.org/obo/NCBITaxon_10090"	"C57BL/6"	"http://www.ebi.ac.uk/efo/EFO_0004472"	"12 to 15 week"		"adult"	"http://www.ebi.ac.uk/efo/EFO_0001272"	"brain without olfactory bulb"		"Pdgfrb-GFP;NG2dsRed"		"Brain single cell 1503"	
"SRR5530933"	"Mus musculus"	"http://purl.obolibrary.org/obo/NCBITaxon_10090"	"C57BL/6"	"http://www.ebi.ac.uk/efo/EFO_0004472"	"12 to 15 week"		"adult"	"http://www.ebi.ac.uk/efo/EFO_0001272"	"brain without olfactory bulb"		"Pdgfrb-GFP;NG2dsRed"		"Brain single cell 1504"	
"SRR5530934"	"Mus musculus"	"http://purl.obolibrary.org/obo/NCBITaxon_10090"	"C57BL/6"	"http://www.ebi.ac.uk/efo/EFO_0004472"	"12 to 15 week"		"adult"	"http://www.ebi.ac.uk/efo/EFO_0001272"	"brain without olfactory bulb"		"Pdgfrb-GFP;NG2dsRed"		"Brain single cell 1505"	
"SRR5530935"	"Mus musculus"	"http://purl.obolibrary.org/obo/NCBITaxon_10090"	"C57BL/6"	"http://www.ebi.ac.uk/efo/EFO_0004472"	"12 to 15 week"		"adult"	"http://www.ebi.ac.uk/efo/EFO_0001272"	"brain without olfactory bulb"		"Pdgfrb-GFP;NG2dsRed"		"Brain single cell 1506"	
"SRR5530936"	"Mus musculus"	"http://purl.obolibrary.org/obo/NCBITaxon_10090"	"C57BL/6"	"http://www.ebi.ac.uk/efo/EFO_0004472"	"12 to 15 week"		"adult"	"http://www.ebi.ac.uk/efo/EFO_0001272"	"brain without olfactory bulb"		"Pdgfrb-GFP;NG2dsRed"		"Brain single cell 1507"	
"SRR5530937"	"Mus musculus"	"http://purl.obolibrary.org/obo/NCBITaxon_10090"	"C57BL/6"	"http://www.ebi.ac.uk/efo/EFO_0004472"	"12 to 15 week"		"adult"	"http://www.ebi.ac.uk/efo/EFO_0001272"	"brain without olfactory bulb"		"Pdgfrb-GFP;NG2dsRed"		"Brain single cell 1508"	
"SRR5530938"	"Mus musculus"	"http://purl.obolibrary.org/obo/NCBITaxon_10090"	"C57BL/6"	"http://www.ebi.ac.uk/efo/EFO_0004472"	"12 to 15 week"		"adult"	"http://www.ebi.ac.uk/efo/EFO_0001272"	"brain without olfactory bulb"		"Pdgfrb-GFP;NG2dsRed"		"Brain single cell 1509"	
"SRR5530939"	"Mus musculus"	"http://purl.obolibrary.org/obo/NCBITaxon_10090"	"C57BL/6"	"http://www.ebi.ac.uk/efo/EFO_0004472"	"12 to 15 week"		"adult"	"http://www.ebi.ac.uk/efo/EFO_0001272"	"brain without olfactory bulb"		"Pdgfrb-GFP;NG2dsRed"		"Brain single cell 1510"	
"SRR5530940"	"Mus musculus"	"http://purl.obolibrary.org/obo/NCBITaxon_10090"	"C57BL/6"	"http://www.ebi.ac.uk/efo/EFO_0004472"	"12 to 15 week"		"adult"	"http://www.ebi.ac.uk/efo/EFO_0001272"	"brain without olfactory bulb"		"Pdgfrb-GFP;NG2dsRed"		"Brain single cell 1511"	
"SRR5530941"	"Mus musculus"	"http://purl.obolibrary.org/obo/NCBITaxon_10090"	"C57BL/6"	"http://www.ebi.ac.uk/efo/EFO_0004472"	"12 to 15 week"		"adult"	"http://www.ebi.ac.uk/efo/EFO_0001272"	"brain without olfactory bulb"		"Pdgfrb-GFP;NG2dsRed"		"Brain single cell 1512"	
"SRR5530942"	"Mus musculus"	"http://purl.obolibrary.org/obo/NCBITaxon_10090"	"C57BL/6"	"http://www.ebi.ac.uk/efo/EFO_0004472"	"12 to 15 week"		"adult"	"http://www.ebi.ac.uk/efo/EFO_0001272"	"brain without olfactory bulb"		"Pdgfrb-GFP;NG2dsRed"		"Brain single cell 1513"	
"SRR5530943"	"Mus musculus"	"http://purl.obolibrary.org/obo/NCBITaxon_10090"	"C57BL/6"	"http://www.ebi.ac.uk/efo/EFO_0004472"	"12 to 15 week"		"adult"	"http://www.ebi.ac.uk/efo/EFO_0001272"	"brain without olfactory bulb"		"Pdgfrb-GFP;NG2dsRed"		"Brain single cell 1514"	
"SRR5530944"	"Mus musculus"	"http://purl.obolibrary.org/obo/NCBITaxon_10090"	"C57BL/6"	"http://www.ebi.ac.uk/efo/EFO_0004472"	"12 to 15 week"		"adult"	"http://www.ebi.ac.uk/efo/EFO_0001272"	"brain without olfactory bulb"		"Pdgfrb-GFP;NG2dsRed"		"Brain single cell 1515"	
"SRR5530945"	"Mus musculus"	"http://purl.obolibrary.org/obo/NCBITaxon_10090"	"C57BL/6"	"http://www.ebi.ac.uk/efo/EFO_0004472"	"12 to 15 week"		"adult"	"http://www.ebi.ac.uk/efo/EFO_0001272"	"brain without olfactory bulb"		"Pdgfrb-GFP;NG2dsRed"		"Brain single cell 1516"	
"SRR5530946"	"Mus musculus"	"http://purl.obolibrary.org/obo/NCBITaxon_10090"	"C57BL/6"	"http://www.ebi.ac.uk/efo/EFO_0004472"	"12 to 15 week"		"adult"	"http://www.ebi.ac.uk/efo/EFO_0001272"	"brain without olfactory bulb"		"Pdgfrb-GFP;NG2dsRed"		"Brain single cell 1517"	
"SRR5530947"	"Mus musculus"	"http://purl.obolibrary.org/obo/NCBITaxon_10090"	"C57BL/6"	"http://www.ebi.ac.uk/efo/EFO_0004472"	"12 to 15 week"		"adult"	"http://www.ebi.ac.uk/efo/EFO_0001272"	"brain without olfactory bulb"		"Pdgfrb-GFP;NG2dsRed"		"Brain single cell 1518"	
"SRR5530948"	"Mus musculus"	"http://purl.obolibrary.org/obo/NCBITaxon_10090"	"C57BL/6"	"http://www.ebi.ac.uk/efo/EFO_0004472"	"12 to 15 week"		"adult"	"http://www.ebi.ac.uk/efo/EFO_0001272"	"brain without olfactory bulb"		"Pdgfrb-GFP;NG2dsRed"		"Brain single cell 1519"	
"SRR5530949"	"Mus musculus"	"http://purl.obolibrary.org/obo/NCBITaxon_10090"	"C57BL/6"	"http://www.ebi.ac.uk/efo/EFO_0004472"	"12 to 15 week"		"adult"	"http://www.ebi.ac.uk/efo/EFO_0001272"	"brain without olfactory bulb"		"Pdgfrb-GFP;NG2dsRed"		"Brain single cell 1520"	
"SRR5530950"	"Mus musculus"	"http://purl.obolibrary.org/obo/NCBITaxon_10090"	"C57BL/6"	"http://www.ebi.ac.uk/efo/EFO_0004472"	"12 to 15 week"		"adult"	"http://www.ebi.ac.uk/efo/EFO_0001272"	"brain without olfactory bulb"		"Pdgfrb-GFP;NG2dsRed"		"Brain single cell 1521"	
"SRR5530951"	"Mus musculus"	"http://purl.obolibrary.org/obo/NCBITaxon_10090"	"C57BL/6"	"http://www.ebi.ac.uk/efo/EFO_0004472"	"12 to 15 week"		"adult"	"http://www.ebi.ac.uk/efo/EFO_0001272"	"brain without olfactory bulb"		"Pdgfrb-GFP;NG2dsRed"		"Brain single cell 1522"	
"SRR5530952"	"Mus musculus"	"http://purl.obolibrary.org/obo/NCBITaxon_10090"	"C57BL/6"	"http://www.ebi.ac.uk/efo/EFO_0004472"	"12 to 15 week"		"adult"	"http://www.ebi.ac.uk/efo/EFO_0001272"	"brain without olfactory bulb"		"Pdgfrb-GFP;NG2dsRed"		"Brain single cell 1523"	
"SRR5530953"	"Mus musculus"	"http://purl.obolibrary.org/obo/NCBITaxon_10090"	"C57BL/6"	"http://www.ebi.ac.uk/efo/EFO_0004472"	"12 to 15 week"		"adult"	"http://www.ebi.ac.uk/efo/EFO_0001272"	"brain without olfactory bulb"		"Pdgfrb-GFP;NG2dsRed"		"Brain single cell 1524"	
"SRR5530954"	"Mus musculus"	"http://purl.obolibrary.org/obo/NCBITaxon_10090"	"C57BL/6"	"http://www.ebi.ac.uk/efo/EFO_0004472"	"12 to 15 week"		"adult"	"http://www.ebi.ac.uk/efo/EFO_0001272"	"brain without olfactory bulb"		"Pdgfrb-GFP;NG2dsRed"		"Brain single cell 1525"	
"SRR5530955"	"Mus musculus"	"http://purl.obolibrary.org/obo/NCBITaxon_10090"	"C57BL/6"	"http://www.ebi.ac.uk/efo/EFO_0004472"	"12 to 15 week"		"adult"	"http://www.ebi.ac.uk/efo/EFO_0001272"	"brain without olfactory bulb"		"Pdgfrb-GFP;NG2dsRed"		"Brain single cell 1526"	
"SRR5530956"	"Mus musculus"	"http://purl.obolibrary.org/obo/NCBITaxon_10090"	"C57BL/6"	"http://www.ebi.ac.uk/efo/EFO_0004472"	"12 to 15 week"		"adult"	"http://www.ebi.ac.uk/efo/EFO_0001272"	"brain without olfactory bulb"		"Pdgfrb-GFP;NG2dsRed"		"Brain single cell 1527"	
"SRR5530957"	"Mus musculus"	"http://purl.obolibrary.org/obo/NCBITaxon_10090"	"C57BL/6"	"http://www.ebi.ac.uk/efo/EFO_0004472"	"12 to 15 week"		"adult"	"http://www.ebi.ac.uk/efo/EFO_0001272"	"brain without olfactory bulb"		"Pdgfrb-GFP;NG2dsRed"		"Brain single cell 1528"	
"SRR5530958"	"Mus musculus"	"http://purl.obolibrary.org/obo/NCBITaxon_10090"	"C57BL/6"	"http://www.ebi.ac.uk/efo/EFO_0004472"	"12 to 15 week"		"adult"	"http://www.ebi.ac.uk/efo/EFO_0001272"	"brain without olfactory bulb"		"Pdgfrb-GFP;NG2dsRed"		"Brain single cell 1529"	
"SRR5530959"	"Mus musculus"	"http://purl.obolibrary.org/obo/NCBITaxon_10090"	"C57BL/6"	"http://www.ebi.ac.uk/efo/EFO_0004472"	"12 to 15 week"		"adult"	"http://www.ebi.ac.uk/efo/EFO_0001272"	"brain without olfactory bulb"		"Pdgfrb-GFP;NG2dsRed"		"Brain single cell 1530"	
"SRR5530960"	"Mus musculus"	"http://purl.obolibrary.org/obo/NCBITaxon_10090"	"C57BL/6"	"http://www.ebi.ac.uk/efo/EFO_0004472"	"12 to 15 week"		"adult"	"http://www.ebi.ac.uk/efo/EFO_0001272"	"brain without olfactory bulb"		"Pdgfrb-GFP;NG2dsRed"		"Brain single cell 1531"	
"SRR5530961"	"Mus musculus"	"http://purl.obolibrary.org/obo/NCBITaxon_10090"	"C57BL/6"	"http://www.ebi.ac.uk/efo/EFO_0004472"	"12 to 15 week"		"adult"	"http://www.ebi.ac.uk/efo/EFO_0001272"	"brain without olfactory bulb"		"Pdgfrb-GFP;NG2dsRed"		"Brain single cell 1532"	
"SRR5530962"	"Mus musculus"	"http://purl.obolibrary.org/obo/NCBITaxon_10090"	"C57BL/6"	"http://www.ebi.ac.uk/efo/EFO_0004472"	"12 to 15 week"		"adult"	"http://www.ebi.ac.uk/efo/EFO_0001272"	"brain without olfactory bulb"		"Pdgfrb-GFP;NG2dsRed"		"Brain single cell 1533"	
"SRR5530963"	"Mus musculus"	"http://purl.obolibrary.org/obo/NCBITaxon_10090"	"C57BL/6"	"http://www.ebi.ac.uk/efo/EFO_0004472"	"12 to 15 week"		"adult"	"http://www.ebi.ac.uk/efo/EFO_0001272"	"brain without olfactory bulb"		"Pdgfrb-GFP;NG2dsRed"		"Brain single cell 1534"	
"SRR5530964"	"Mus musculus"	"http://purl.obolibrary.org/obo/NCBITaxon_10090"	"C57BL/6"	"http://www.ebi.ac.uk/efo/EFO_0004472"	"12 to 15 week"		"adult"	"http://www.ebi.ac.uk/efo/EFO_0001272"	"brain without olfactory bulb"		"Pdgfrb-GFP;NG2dsRed"		"Brain single cell 1535"	
"SRR5530965"	"Mus musculus"	"http://purl.obolibrary.org/obo/NCBITaxon_10090"	"C57BL/6"	"http://www.ebi.ac.uk/efo/EFO_0004472"	"12 to 15 week"		"adult"	"http://www.ebi.ac.uk/efo/EFO_0001272"	"brain without olfactory bulb"		"Pdgfrb-GFP;NG2dsRed"		"Brain single cell 1536"	
"SRR5530966"	"Mus musculus"	"http://purl.obolibrary.org/obo/NCBITaxon_10090"	"C57BL/6"	"http://www.ebi.ac.uk/efo/EFO_0004472"	"12 to 15 week"		"adult"	"http://www.ebi.ac.uk/efo/EFO_0001272"	"brain without olfactory bulb"		"Pdgfrb-GFP;NG2dsRed"		"Brain single cell 1537"	
"SRR5530967"	"Mus musculus"	"http://purl.obolibrary.org/obo/NCBITaxon_10090"	"C57BL/6"	"http://www.ebi.ac.uk/efo/EFO_0004472"	"12 to 15 week"		"adult"	"http://www.ebi.ac.uk/efo/EFO_0001272"	"brain without olfactory bulb"		"Pdgfrb-GFP;NG2dsRed"		"Brain single cell 1538"	
"SRR5530968"	"Mus musculus"	"http://purl.obolibrary.org/obo/NCBITaxon_10090"	"C57BL/6"	"http://www.ebi.ac.uk/efo/EFO_0004472"	"12 to 15 week"		"adult"	"http://www.ebi.ac.uk/efo/EFO_0001272"	"brain without olfactory bulb"		"Pdgfrb-GFP;NG2dsRed"		"Brain single cell 1539"	
"SRR5530969"	"Mus musculus"	"http://purl.obolibrary.org/obo/NCBITaxon_10090"	"C57BL/6"	"http://www.ebi.ac.uk/efo/EFO_0004472"	"12 to 15 week"		"adult"	"http://www.ebi.ac.uk/efo/EFO_0001272"	"brain without olfactory bulb"		"Pdgfrb-GFP;NG2dsRed"		"Brain single cell 1540"	
"SRR5530970"	"Mus musculus"	"http://purl.obolibrary.org/obo/NCBITaxon_10090"	"C57BL/6"	"http://www.ebi.ac.uk/efo/EFO_0004472"	"12 to 15 week"		"adult"	"http://www.ebi.ac.uk/efo/EFO_0001272"	"brain without olfactory bulb"		"Pdgfrb-GFP;NG2dsRed"		"Brain single cell 1541"	
"SRR5530971"	"Mus musculus"	"http://purl.obolibrary.org/obo/NCBITaxon_10090"	"C57BL/6"	"http://www.ebi.ac.uk/efo/EFO_0004472"	"12 to 15 week"		"adult"	"http://www.ebi.ac.uk/efo/EFO_0001272"	"brain without olfactory bulb"		"Pdgfrb-GFP;NG2dsRed"		"Brain single cell 1542"	
"SRR5530972"	"Mus musculus"	"http://purl.obolibrary.org/obo/NCBITaxon_10090"	"C57BL/6"	"http://www.ebi.ac.uk/efo/EFO_0004472"	"12 to 15 week"		"adult"	"http://www.ebi.ac.uk/efo/EFO_0001272"	"brain without olfactory bulb"		"Pdgfrb-GFP;NG2dsRed"		"Brain single cell 1543"	
"SRR5530973"	"Mus musculus"	"http://purl.obolibrary.org/obo/NCBITaxon_10090"	"C57BL/6"	"http://www.ebi.ac.uk/efo/EFO_0004472"	"12 to 15 week"		"adult"	"http://www.ebi.ac.uk/efo/EFO_0001272"	"brain without olfactory bulb"		"Pdgfrb-GFP;NG2dsRed"		"Brain single cell 1544"	
"SRR5530974"	"Mus musculus"	"http://purl.obolibrary.org/obo/NCBITaxon_10090"	"C57BL/6"	"http://www.ebi.ac.uk/efo/EFO_0004472"	"12 to 15 week"		"adult"	"http://www.ebi.ac.uk/efo/EFO_0001272"	"brain without olfactory bulb"		"Pdgfrb-GFP;NG2dsRed"		"Brain single cell 1545"	
"SRR5530975"	"Mus musculus"	"http://purl.obolibrary.org/obo/NCBITaxon_10090"	"C57BL/6"	"http://www.ebi.ac.uk/efo/EFO_0004472"	"12 to 15 week"		"adult"	"http://www.ebi.ac.uk/efo/EFO_0001272"	"brain without olfactory bulb"		"Pdgfrb-GFP;NG2dsRed"		"Brain single cell 1546"	
"SRR5530976"	"Mus musculus"	"http://purl.obolibrary.org/obo/NCBITaxon_10090"	"C57BL/6"	"http://www.ebi.ac.uk/efo/EFO_0004472"	"12 to 15 week"		"adult"	"http://www.ebi.ac.uk/efo/EFO_0001272"	"brain without olfactory bulb"		"Pdgfrb-GFP;NG2dsRed"		"Brain single cell 1547"	
"SRR5530977"	"Mus musculus"	"http://purl.obolibrary.org/obo/NCBITaxon_10090"	"C57BL/6"	"http://www.ebi.ac.uk/efo/EFO_0004472"	"12 to 15 week"		"adult"	"http://www.ebi.ac.uk/efo/EFO_0001272"	"brain without olfactory bulb"		"Pdgfrb-GFP;NG2dsRed"		"Brain single cell 1548"	
"SRR5530978"	"Mus musculus"	"http://purl.obolibrary.org/obo/NCBITaxon_10090"	"C57BL/6"	"http://www.ebi.ac.uk/efo/EFO_0004472"	"12 to 15 week"		"adult"	"http://www.ebi.ac.uk/efo/EFO_0001272"	"brain without olfactory bulb"		"Pdgfrb-GFP;NG2dsRed"		"Brain single cell 1549"	
"SRR5530979"	"Mus musculus"	"http://purl.obolibrary.org/obo/NCBITaxon_10090"	"C57BL/6"	"http://www.ebi.ac.uk/efo/EFO_0004472"	"12 to 15 week"		"adult"	"http://www.ebi.ac.uk/efo/EFO_0001272"	"brain without olfactory bulb"		"Pdgfrb-GFP;NG2dsRed"		"Brain single cell 1550"	
"SRR5530980"	"Mus musculus"	"http://purl.obolibrary.org/obo/NCBITaxon_10090"	"C57BL/6"	"http://www.ebi.ac.uk/efo/EFO_0004472"	"12 to 15 week"		"adult"	"http://www.ebi.ac.uk/efo/EFO_0001272"	"brain without olfactory bulb"		"Pdgfrb-GFP;NG2dsRed"		"Brain single cell 1551"	
"SRR5530981"	"Mus musculus"	"http://purl.obolibrary.org/obo/NCBITaxon_10090"	"C57BL/6"	"http://www.ebi.ac.uk/efo/EFO_0004472"	"12 to 15 week"		"adult"	"http://www.ebi.ac.uk/efo/EFO_0001272"	"brain without olfactory bulb"		"Pdgfrb-GFP;NG2dsRed"		"Brain single cell 1552"	
"SRR5530982"	"Mus musculus"	"http://purl.obolibrary.org/obo/NCBITaxon_10090"	"C57BL/6"	"http://www.ebi.ac.uk/efo/EFO_0004472"	"12 to 15 week"		"adult"	"http://www.ebi.ac.uk/efo/EFO_0001272"	"brain without olfactory bulb"		"Pdgfrb-GFP;NG2dsRed"		"Brain single cell 1553"	
"SRR5530983"	"Mus musculus"	"http://purl.obolibrary.org/obo/NCBITaxon_10090"	"C57BL/6"	"http://www.ebi.ac.uk/efo/EFO_0004472"	"12 to 15 week"		"adult"	"http://www.ebi.ac.uk/efo/EFO_0001272"	"brain without olfactory bulb"		"Pdgfrb-GFP;NG2dsRed"		"Brain single cell 1554"	
"SRR5530984"	"Mus musculus"	"http://purl.obolibrary.org/obo/NCBITaxon_10090"	"C57BL/6"	"http://www.ebi.ac.uk/efo/EFO_0004472"	"12 to 15 week"		"adult"	"http://www.ebi.ac.uk/efo/EFO_0001272"	"brain without olfactory bulb"		"Pdgfrb-GFP;NG2dsRed"		"Brain single cell 1555"	
"SRR5530985"	"Mus musculus"	"http://purl.obolibrary.org/obo/NCBITaxon_10090"	"C57BL/6"	"http://www.ebi.ac.uk/efo/EFO_0004472"	"12 to 15 week"		"adult"	"http://www.ebi.ac.uk/efo/EFO_0001272"	"brain without olfactory bulb"		"Pdgfrb-GFP;NG2dsRed"		"Brain single cell 1556"	
"SRR5530986"	"Mus musculus"	"http://purl.obolibrary.org/obo/NCBITaxon_10090"	"C57BL/6"	"http://www.ebi.ac.uk/efo/EFO_0004472"	"12 to 15 week"		"adult"	"http://www.ebi.ac.uk/efo/EFO_0001272"	"brain without olfactory bulb"		"Pdgfrb-GFP;NG2dsRed"		"Brain single cell 1557"	
"SRR5530987"	"Mus musculus"	"http://purl.obolibrary.org/obo/NCBITaxon_10090"	"C57BL/6"	"http://www.ebi.ac.uk/efo/EFO_0004472"	"12 to 15 week"		"adult"	"http://www.ebi.ac.uk/efo/EFO_0001272"	"brain without olfactory bulb"		"Pdgfrb-GFP;NG2dsRed"		"Brain single cell 1558"	
"SRR5530988"	"Mus musculus"	"http://purl.obolibrary.org/obo/NCBITaxon_10090"	"C57BL/6"	"http://www.ebi.ac.uk/efo/EFO_0004472"	"12 to 15 week"		"adult"	"http://www.ebi.ac.uk/efo/EFO_0001272"	"brain without olfactory bulb"		"Pdgfrb-GFP;NG2dsRed"		"Brain single cell 1559"	
"SRR5530989"	"Mus musculus"	"http://purl.obolibrary.org/obo/NCBITaxon_10090"	"C57BL/6"	"http://www.ebi.ac.uk/efo/EFO_0004472"	"12 to 15 week"		"adult"	"http://www.ebi.ac.uk/efo/EFO_0001272"	"brain without olfactory bulb"		"Pdgfrb-GFP;NG2dsRed"		"Brain single cell 1560"	
"SRR5530990"	"Mus musculus"	"http://purl.obolibrary.org/obo/NCBITaxon_10090"	"C57BL/6"	"http://www.ebi.ac.uk/efo/EFO_0004472"	"12 to 15 week"		"adult"	"http://www.ebi.ac.uk/efo/EFO_0001272"	"brain without olfactory bulb"		"Pdgfrb-GFP;NG2dsRed"		"Brain single cell 1561"	
"SRR5530991"	"Mus musculus"	"http://purl.obolibrary.org/obo/NCBITaxon_10090"	"C57BL/6"	"http://www.ebi.ac.uk/efo/EFO_0004472"	"12 to 15 week"		"adult"	"http://www.ebi.ac.uk/efo/EFO_0001272"	"brain without olfactory bulb"		"Pdgfrb-GFP;NG2dsRed"		"Brain single cell 1562"	
"SRR5530992"	"Mus musculus"	"http://purl.obolibrary.org/obo/NCBITaxon_10090"	"C57BL/6"	"http://www.ebi.ac.uk/efo/EFO_0004472"	"12 to 15 week"		"adult"	"http://www.ebi.ac.uk/efo/EFO_0001272"	"brain without olfactory bulb"		"Pdgfrb-GFP;NG2dsRed"		"Brain single cell 1563"	
"SRR5530993"	"Mus musculus"	"http://purl.obolibrary.org/obo/NCBITaxon_10090"	"C57BL/6"	"http://www.ebi.ac.uk/efo/EFO_0004472"	"12 to 15 week"		"adult"	"http://www.ebi.ac.uk/efo/EFO_0001272"	"brain without olfactory bulb"		"Pdgfrb-GFP;NG2dsRed"		"Brain single cell 1564"	
"SRR5530994"	"Mus musculus"	"http://purl.obolibrary.org/obo/NCBITaxon_10090"	"C57BL/6"	"http://www.ebi.ac.uk/efo/EFO_0004472"	"12 to 15 week"		"adult"	"http://www.ebi.ac.uk/efo/EFO_0001272"	"brain without olfactory bulb"		"Pdgfrb-GFP;NG2dsRed"		"Brain single cell 1565"	
"SRR5530995"	"Mus musculus"	"http://purl.obolibrary.org/obo/NCBITaxon_10090"	"C57BL/6"	"http://www.ebi.ac.uk/efo/EFO_0004472"	"12 to 15 week"		"adult"	"http://www.ebi.ac.uk/efo/EFO_0001272"	"brain without olfactory bulb"		"Pdgfrb-GFP;NG2dsRed"		"Brain single cell 1566"	
"SRR5530996"	"Mus musculus"	"http://purl.obolibrary.org/obo/NCBITaxon_10090"	"C57BL/6"	"http://www.ebi.ac.uk/efo/EFO_0004472"	"12 to 15 week"		"adult"	"http://www.ebi.ac.uk/efo/EFO_0001272"	"brain without olfactory bulb"		"Pdgfrb-GFP;NG2dsRed"		"Brain single cell 1567"	
"SRR5530997"	"Mus musculus"	"http://purl.obolibrary.org/obo/NCBITaxon_10090"	"C57BL/6"	"http://www.ebi.ac.uk/efo/EFO_0004472"	"12 to 15 week"		"adult"	"http://www.ebi.ac.uk/efo/EFO_0001272"	"brain without olfactory bulb"		"Pdgfrb-GFP;NG2dsRed"		"Brain single cell 1568"	
"SRR5530998"	"Mus musculus"	"http://purl.obolibrary.org/obo/NCBITaxon_10090"	"C57BL/6"	"http://www.ebi.ac.uk/efo/EFO_0004472"	"12 to 15 week"		"adult"	"http://www.ebi.ac.uk/efo/EFO_0001272"	"brain without olfactory bulb"		"Pdgfrb-GFP;NG2dsRed"		"Brain single cell 1569"	
"SRR5530999"	"Mus musculus"	"http://purl.obolibrary.org/obo/NCBITaxon_10090"	"C57BL/6"	"http://www.ebi.ac.uk/efo/EFO_0004472"	"12 to 15 week"		"adult"	"http://www.ebi.ac.uk/efo/EFO_0001272"	"brain without olfactory bulb"		"Pdgfrb-GFP;NG2dsRed"		"Brain single cell 1570"	
"SRR5531000"	"Mus musculus"	"http://purl.obolibrary.org/obo/NCBITaxon_10090"	"C57BL/6"	"http://www.ebi.ac.uk/efo/EFO_0004472"	"12 to 15 week"		"adult"	"http://www.ebi.ac.uk/efo/EFO_0001272"	"brain without olfactory bulb"		"Pdgfrb-GFP;NG2dsRed"		"Brain single cell 1571"	
"SRR5531001"	"Mus musculus"	"http://purl.obolibrary.org/obo/NCBITaxon_10090"	"C57BL/6"	"http://www.ebi.ac.uk/efo/EFO_0004472"	"12 to 15 week"		"adult"	"http://www.ebi.ac.uk/efo/EFO_0001272"	"brain without olfactory bulb"		"Pdgfrb-GFP;NG2dsRed"		"Brain single cell 1572"	
"SRR5531002"	"Mus musculus"	"http://purl.obolibrary.org/obo/NCBITaxon_10090"	"C57BL/6"	"http://www.ebi.ac.uk/efo/EFO_0004472"	"12 to 15 week"		"adult"	"http://www.ebi.ac.uk/efo/EFO_0001272"	"brain without olfactory bulb"		"Pdgfrb-GFP;NG2dsRed"		"Brain single cell 1573"	
"SRR5531003"	"Mus musculus"	"http://purl.obolibrary.org/obo/NCBITaxon_10090"	"C57BL/6"	"http://www.ebi.ac.uk/efo/EFO_0004472"	"12 to 15 week"		"adult"	"http://www.ebi.ac.uk/efo/EFO_0001272"	"brain without olfactory bulb"		"Pdgfrb-GFP;NG2dsRed"		"Brain single cell 1574"	
"SRR5531004"	"Mus musculus"	"http://purl.obolibrary.org/obo/NCBITaxon_10090"	"C57BL/6"	"http://www.ebi.ac.uk/efo/EFO_0004472"	"12 to 15 week"		"adult"	"http://www.ebi.ac.uk/efo/EFO_0001272"	"brain without olfactory bulb"		"Pdgfrb-GFP;NG2dsRed"		"Brain single cell 1575"	
"SRR5531005"	"Mus musculus"	"http://purl.obolibrary.org/obo/NCBITaxon_10090"	"C57BL/6"	"http://www.ebi.ac.uk/efo/EFO_0004472"	"12 to 15 week"		"adult"	"http://www.ebi.ac.uk/efo/EFO_0001272"	"brain without olfactory bulb"		"Pdgfrb-GFP;NG2dsRed"		"Brain single cell 1576"	
"SRR5531006"	"Mus musculus"	"http://purl.obolibrary.org/obo/NCBITaxon_10090"	"C57BL/6"	"http://www.ebi.ac.uk/efo/EFO_0004472"	"12 to 15 week"		"adult"	"http://www.ebi.ac.uk/efo/EFO_0001272"	"brain without olfactory bulb"		"Pdgfrb-GFP;NG2dsRed"		"Brain single cell 1577"	
"SRR5531007"	"Mus musculus"	"http://purl.obolibrary.org/obo/NCBITaxon_10090"	"C57BL/6"	"http://www.ebi.ac.uk/efo/EFO_0004472"	"12 to 15 week"		"adult"	"http://www.ebi.ac.uk/efo/EFO_0001272"	"brain without olfactory bulb"		"Pdgfrb-GFP;NG2dsRed"		"Brain single cell 1578"	
"SRR5531008"	"Mus musculus"	"http://purl.obolibrary.org/obo/NCBITaxon_10090"	"C57BL/6"	"http://www.ebi.ac.uk/efo/EFO_0004472"	"12 to 15 week"		"adult"	"http://www.ebi.ac.uk/efo/EFO_0001272"	"brain without olfactory bulb"		"Pdgfrb-GFP;NG2dsRed"		"Brain single cell 1579"	
"SRR5531009"	"Mus musculus"	"http://purl.obolibrary.org/obo/NCBITaxon_10090"	"C57BL/6"	"http://www.ebi.ac.uk/efo/EFO_0004472"	"12 to 15 week"		"adult"	"http://www.ebi.ac.uk/efo/EFO_0001272"	"brain without olfactory bulb"		"Pdgfrb-GFP;NG2dsRed"		"Brain single cell 1580"	
"SRR5531010"	"Mus musculus"	"http://purl.obolibrary.org/obo/NCBITaxon_10090"	"C57BL/6"	"http://www.ebi.ac.uk/efo/EFO_0004472"	"12 to 15 week"		"adult"	"http://www.ebi.ac.uk/efo/EFO_0001272"	"brain without olfactory bulb"		"Pdgfrb-GFP;NG2dsRed"		"Brain single cell 1581"	
"SRR5531011"	"Mus musculus"	"http://purl.obolibrary.org/obo/NCBITaxon_10090"	"C57BL/6"	"http://www.ebi.ac.uk/efo/EFO_0004472"	"12 to 15 week"		"adult"	"http://www.ebi.ac.uk/efo/EFO_0001272"	"brain without olfactory bulb"		"Pdgfrb-GFP;NG2dsRed"		"Brain single cell 1582"	
"SRR5531012"	"Mus musculus"	"http://purl.obolibrary.org/obo/NCBITaxon_10090"	"C57BL/6"	"http://www.ebi.ac.uk/efo/EFO_0004472"	"12 to 15 week"		"adult"	"http://www.ebi.ac.uk/efo/EFO_0001272"	"brain without olfactory bulb"		"Pdgfrb-GFP;NG2dsRed"		"Brain single cell 1583"	
"SRR5531013"	"Mus musculus"	"http://purl.obolibrary.org/obo/NCBITaxon_10090"	"C57BL/6"	"http://www.ebi.ac.uk/efo/EFO_0004472"	"12 to 15 week"		"adult"	"http://www.ebi.ac.uk/efo/EFO_0001272"	"brain without olfactory bulb"		"Pdgfrb-GFP;NG2dsRed"		"Brain single cell 1584"	
"SRR5531014"	"Mus musculus"	"http://purl.obolibrary.org/obo/NCBITaxon_10090"	"C57BL/6"	"http://www.ebi.ac.uk/efo/EFO_0004472"	"12 to 15 week"		"adult"	"http://www.ebi.ac.uk/efo/EFO_0001272"	"brain without olfactory bulb"		"Pdgfrb-GFP;NG2dsRed"		"Brain single cell 1585"	
"SRR5531015"	"Mus musculus"	"http://purl.obolibrary.org/obo/NCBITaxon_10090"	"C57BL/6"	"http://www.ebi.ac.uk/efo/EFO_0004472"	"12 to 15 week"		"adult"	"http://www.ebi.ac.uk/efo/EFO_0001272"	"brain without olfactory bulb"		"Pdgfrb-GFP;NG2dsRed"		"Brain single cell 1586"	
"SRR5531016"	"Mus musculus"	"http://purl.obolibrary.org/obo/NCBITaxon_10090"	"C57BL/6"	"http://www.ebi.ac.uk/efo/EFO_0004472"	"12 to 15 week"		"adult"	"http://www.ebi.ac.uk/efo/EFO_0001272"	"brain without olfactory bulb"		"Pdgfrb-GFP;NG2dsRed"		"Brain single cell 1587"	
"SRR5531017"	"Mus musculus"	"http://purl.obolibrary.org/obo/NCBITaxon_10090"	"C57BL/6"	"http://www.ebi.ac.uk/efo/EFO_0004472"	"12 to 15 week"		"adult"	"http://www.ebi.ac.uk/efo/EFO_0001272"	"brain without olfactory bulb"		"Pdgfrb-GFP;NG2dsRed"		"Brain single cell 1588"	
"SRR5531018"	"Mus musculus"	"http://purl.obolibrary.org/obo/NCBITaxon_10090"	"C57BL/6"	"http://www.ebi.ac.uk/efo/EFO_0004472"	"12 to 15 week"		"adult"	"http://www.ebi.ac.uk/efo/EFO_0001272"	"brain without olfactory bulb"		"Pdgfrb-GFP;NG2dsRed"		"Brain single cell 1589"	
"SRR5531019"	"Mus musculus"	"http://purl.obolibrary.org/obo/NCBITaxon_10090"	"C57BL/6"	"http://www.ebi.ac.uk/efo/EFO_0004472"	"12 to 15 week"		"adult"	"http://www.ebi.ac.uk/efo/EFO_0001272"	"brain without olfactory bulb"		"Pdgfrb-GFP;NG2dsRed"		"Brain single cell 1590"	
"SRR5531020"	"Mus musculus"	"http://purl.obolibrary.org/obo/NCBITaxon_10090"	"C57BL/6"	"http://www.ebi.ac.uk/efo/EFO_0004472"	"12 to 15 week"		"adult"	"http://www.ebi.ac.uk/efo/EFO_0001272"	"brain without olfactory bulb"		"Pdgfrb-GFP;NG2dsRed"		"Brain single cell 1591"	
"SRR5531021"	"Mus musculus"	"http://purl.obolibrary.org/obo/NCBITaxon_10090"	"C57BL/6"	"http://www.ebi.ac.uk/efo/EFO_0004472"	"12 to 15 week"		"adult"	"http://www.ebi.ac.uk/efo/EFO_0001272"	"brain without olfactory bulb"		"Pdgfrb-GFP;NG2dsRed"		"Brain single cell 1592"	
"SRR5531022"	"Mus musculus"	"http://purl.obolibrary.org/obo/NCBITaxon_10090"	"C57BL/6"	"http://www.ebi.ac.uk/efo/EFO_0004472"	"12 to 15 week"		"adult"	"http://www.ebi.ac.uk/efo/EFO_0001272"	"brain without olfactory bulb"		"Pdgfrb-GFP;NG2dsRed"		"Brain single cell 1593"	
"SRR5531023"	"Mus musculus"	"http://purl.obolibrary.org/obo/NCBITaxon_10090"	"C57BL/6"	"http://www.ebi.ac.uk/efo/EFO_0004472"	"12 to 15 week"		"adult"	"http://www.ebi.ac.uk/efo/EFO_0001272"	"brain without olfactory bulb"		"Pdgfrb-GFP;NG2dsRed"		"Brain single cell 1594"	
"SRR5531024"	"Mus musculus"	"http://purl.obolibrary.org/obo/NCBITaxon_10090"	"C57BL/6"	"http://www.ebi.ac.uk/efo/EFO_0004472"	"12 to 15 week"		"adult"	"http://www.ebi.ac.uk/efo/EFO_0001272"	"brain without olfactory bulb"		"Pdgfrb-GFP;NG2dsRed"		"Brain single cell 1595"	
"SRR5531025"	"Mus musculus"	"http://purl.obolibrary.org/obo/NCBITaxon_10090"	"C57BL/6"	"http://www.ebi.ac.uk/efo/EFO_0004472"	"12 to 15 week"		"adult"	"http://www.ebi.ac.uk/efo/EFO_0001272"	"brain without olfactory bulb"		"Pdgfrb-GFP;NG2dsRed"		"Brain single cell 1596"	
"SRR5531026"	"Mus musculus"	"http://purl.obolibrary.org/obo/NCBITaxon_10090"	"C57BL/6"	"http://www.ebi.ac.uk/efo/EFO_0004472"	"12 to 15 week"		"adult"	"http://www.ebi.ac.uk/efo/EFO_0001272"	"brain without olfactory bulb"		"Pdgfrb-GFP;NG2dsRed"		"Brain single cell 1597"	
"SRR5531027"	"Mus musculus"	"http://purl.obolibrary.org/obo/NCBITaxon_10090"	"C57BL/6"	"http://www.ebi.ac.uk/efo/EFO_0004472"	"12 to 15 week"		"adult"	"http://www.ebi.ac.uk/efo/EFO_0001272"	"brain without olfactory bulb"		"Pdgfrb-GFP;NG2dsRed"		"Brain single cell 1598"	
"SRR5531028"	"Mus musculus"	"http://purl.obolibrary.org/obo/NCBITaxon_10090"	"C57BL/6"	"http://www.ebi.ac.uk/efo/EFO_0004472"	"12 to 15 week"		"adult"	"http://www.ebi.ac.uk/efo/EFO_0001272"	"brain without olfactory bulb"		"Pdgfrb-GFP;NG2dsRed"		"Brain single cell 1599"	
"SRR5531029"	"Mus musculus"	"http://purl.obolibrary.org/obo/NCBITaxon_10090"	"C57BL/6"	"http://www.ebi.ac.uk/efo/EFO_0004472"	"12 to 15 week"		"adult"	"http://www.ebi.ac.uk/efo/EFO_0001272"	"brain without olfactory bulb"		"Pdgfrb-GFP;NG2dsRed"		"Brain single cell 1600"	
"SRR5531030"	"Mus musculus"	"http://purl.obolibrary.org/obo/NCBITaxon_10090"	"C57BL/6"	"http://www.ebi.ac.uk/efo/EFO_0004472"	"12 to 15 week"		"adult"	"http://www.ebi.ac.uk/efo/EFO_0001272"	"brain without olfactory bulb"		"Pdgfrb-GFP;NG2dsRed"		"Brain single cell 1601"	
"SRR5531031"	"Mus musculus"	"http://purl.obolibrary.org/obo/NCBITaxon_10090"	"C57BL/6"	"http://www.ebi.ac.uk/efo/EFO_0004472"	"12 to 15 week"		"adult"	"http://www.ebi.ac.uk/efo/EFO_0001272"	"brain without olfactory bulb"		"Pdgfrb-GFP;NG2dsRed"		"Brain single cell 1602"	
"SRR5531032"	"Mus musculus"	"http://purl.obolibrary.org/obo/NCBITaxon_10090"	"C57BL/6"	"http://www.ebi.ac.uk/efo/EFO_0004472"	"12 to 15 week"		"adult"	"http://www.ebi.ac.uk/efo/EFO_0001272"	"brain without olfactory bulb"		"Pdgfrb-GFP;NG2dsRed"		"Brain single cell 1603"	
"SRR5531033"	"Mus musculus"	"http://purl.obolibrary.org/obo/NCBITaxon_10090"	"C57BL/6"	"http://www.ebi.ac.uk/efo/EFO_0004472"	"12 to 15 week"		"adult"	"http://www.ebi.ac.uk/efo/EFO_0001272"	"brain without olfactory bulb"		"Pdgfrb-GFP;NG2dsRed"		"Brain single cell 1604"	
"SRR5531034"	"Mus musculus"	"http://purl.obolibrary.org/obo/NCBITaxon_10090"	"C57BL/6"	"http://www.ebi.ac.uk/efo/EFO_0004472"	"12 to 15 week"		"adult"	"http://www.ebi.ac.uk/efo/EFO_0001272"	"brain without olfactory bulb"		"Pdgfrb-GFP;NG2dsRed"		"Brain single cell 1605"	
"SRR5531035"	"Mus musculus"	"http://purl.obolibrary.org/obo/NCBITaxon_10090"	"C57BL/6"	"http://www.ebi.ac.uk/efo/EFO_0004472"	"12 to 15 week"		"adult"	"http://www.ebi.ac.uk/efo/EFO_0001272"	"brain without olfactory bulb"		"Pdgfrb-GFP;NG2dsRed"		"Brain single cell 1606"	
"SRR5531036"	"Mus musculus"	"http://purl.obolibrary.org/obo/NCBITaxon_10090"	"C57BL/6"	"http://www.ebi.ac.uk/efo/EFO_0004472"	"12 to 15 week"		"adult"	"http://www.ebi.ac.uk/efo/EFO_0001272"	"brain without olfactory bulb"		"Pdgfrb-GFP;NG2dsRed"		"Brain single cell 1607"	
"SRR5531037"	"Mus musculus"	"http://purl.obolibrary.org/obo/NCBITaxon_10090"	"C57BL/6"	"http://www.ebi.ac.uk/efo/EFO_0004472"	"12 to 15 week"		"adult"	"http://www.ebi.ac.uk/efo/EFO_0001272"	"brain without olfactory bulb"		"Pdgfrb-GFP;NG2dsRed"		"Brain single cell 1608"	
"SRR5531038"	"Mus musculus"	"http://purl.obolibrary.org/obo/NCBITaxon_10090"	"C57BL/6"	"http://www.ebi.ac.uk/efo/EFO_0004472"	"12 to 15 week"		"adult"	"http://www.ebi.ac.uk/efo/EFO_0001272"	"brain without olfactory bulb"		"Pdgfrb-GFP;NG2dsRed"		"Brain single cell 1609"	
"SRR5531039"	"Mus musculus"	"http://purl.obolibrary.org/obo/NCBITaxon_10090"	"C57BL/6"	"http://www.ebi.ac.uk/efo/EFO_0004472"	"12 to 15 week"		"adult"	"http://www.ebi.ac.uk/efo/EFO_0001272"	"brain without olfactory bulb"		"Pdgfrb-GFP;NG2dsRed"		"Brain single cell 1610"	
"SRR5531040"	"Mus musculus"	"http://purl.obolibrary.org/obo/NCBITaxon_10090"	"C57BL/6"	"http://www.ebi.ac.uk/efo/EFO_0004472"	"12 to 15 week"		"adult"	"http://www.ebi.ac.uk/efo/EFO_0001272"	"brain without olfactory bulb"		"Pdgfrb-GFP;NG2dsRed"		"Brain single cell 1611"	
"SRR5531041"	"Mus musculus"	"http://purl.obolibrary.org/obo/NCBITaxon_10090"	"C57BL/6"	"http://www.ebi.ac.uk/efo/EFO_0004472"	"12 to 15 week"		"adult"	"http://www.ebi.ac.uk/efo/EFO_0001272"	"brain without olfactory bulb"		"Pdgfrb-GFP;NG2dsRed"		"Brain single cell 1612"	
"SRR5531042"	"Mus musculus"	"http://purl.obolibrary.org/obo/NCBITaxon_10090"	"C57BL/6"	"http://www.ebi.ac.uk/efo/EFO_0004472"	"12 to 15 week"		"adult"	"http://www.ebi.ac.uk/efo/EFO_0001272"	"brain without olfactory bulb"		"Pdgfrb-GFP;NG2dsRed"		"Brain single cell 1613"	
"SRR5531043"	"Mus musculus"	"http://purl.obolibrary.org/obo/NCBITaxon_10090"	"C57BL/6"	"http://www.ebi.ac.uk/efo/EFO_0004472"	"12 to 15 week"		"adult"	"http://www.ebi.ac.uk/efo/EFO_0001272"	"brain without olfactory bulb"		"Pdgfrb-GFP;NG2dsRed"		"Brain single cell 1614"	
"SRR5531044"	"Mus musculus"	"http://purl.obolibrary.org/obo/NCBITaxon_10090"	"C57BL/6"	"http://www.ebi.ac.uk/efo/EFO_0004472"	"12 to 15 week"		"adult"	"http://www.ebi.ac.uk/efo/EFO_0001272"	"brain without olfactory bulb"		"Pdgfrb-GFP;NG2dsRed"		"Brain single cell 1615"	
"SRR5531045"	"Mus musculus"	"http://purl.obolibrary.org/obo/NCBITaxon_10090"	"C57BL/6"	"http://www.ebi.ac.uk/efo/EFO_0004472"	"12 to 15 week"		"adult"	"http://www.ebi.ac.uk/efo/EFO_0001272"	"brain without olfactory bulb"		"Pdgfrb-GFP;NG2dsRed"		"Brain single cell 1616"	
"SRR5531046"	"Mus musculus"	"http://purl.obolibrary.org/obo/NCBITaxon_10090"	"C57BL/6"	"http://www.ebi.ac.uk/efo/EFO_0004472"	"12 to 15 week"		"adult"	"http://www.ebi.ac.uk/efo/EFO_0001272"	"brain without olfactory bulb"		"Pdgfrb-GFP;NG2dsRed"		"Brain single cell 1617"	
"SRR5531047"	"Mus musculus"	"http://purl.obolibrary.org/obo/NCBITaxon_10090"	"C57BL/6"	"http://www.ebi.ac.uk/efo/EFO_0004472"	"12 to 15 week"		"adult"	"http://www.ebi.ac.uk/efo/EFO_0001272"	"brain without olfactory bulb"		"Pdgfrb-GFP;NG2dsRed"		"Brain single cell 1618"	
"SRR5531048"	"Mus musculus"	"http://purl.obolibrary.org/obo/NCBITaxon_10090"	"C57BL/6"	"http://www.ebi.ac.uk/efo/EFO_0004472"	"12 to 15 week"		"adult"	"http://www.ebi.ac.uk/efo/EFO_0001272"	"brain without olfactory bulb"		"Pdgfrb-GFP;NG2dsRed"		"Brain single cell 1619"	
"SRR5531049"	"Mus musculus"	"http://purl.obolibrary.org/obo/NCBITaxon_10090"	"C57BL/6"	"http://www.ebi.ac.uk/efo/EFO_0004472"	"12 to 15 week"		"adult"	"http://www.ebi.ac.uk/efo/EFO_0001272"	"brain without olfactory bulb"		"Pdgfrb-GFP;NG2dsRed"		"Brain single cell 1620"	
"SRR5531050"	"Mus musculus"	"http://purl.obolibrary.org/obo/NCBITaxon_10090"	"C57BL/6"	"http://www.ebi.ac.uk/efo/EFO_0004472"	"12 to 15 week"		"adult"	"http://www.ebi.ac.uk/efo/EFO_0001272"	"brain without olfactory bulb"		"Pdgfrb-GFP;NG2dsRed"		"Brain single cell 1621"	
"SRR5531051"	"Mus musculus"	"http://purl.obolibrary.org/obo/NCBITaxon_10090"	"C57BL/6"	"http://www.ebi.ac.uk/efo/EFO_0004472"	"12 to 15 week"		"adult"	"http://www.ebi.ac.uk/efo/EFO_0001272"	"brain without olfactory bulb"		"Pdgfrb-GFP;NG2dsRed"		"Brain single cell 1622"	
"SRR5531052"	"Mus musculus"	"http://purl.obolibrary.org/obo/NCBITaxon_10090"	"C57BL/6"	"http://www.ebi.ac.uk/efo/EFO_0004472"	"12 to 15 week"		"adult"	"http://www.ebi.ac.uk/efo/EFO_0001272"	"brain without olfactory bulb"		"Pdgfrb-GFP;NG2dsRed"		"Brain single cell 1623"	
"SRR5531053"	"Mus musculus"	"http://purl.obolibrary.org/obo/NCBITaxon_10090"	"C57BL/6"	"http://www.ebi.ac.uk/efo/EFO_0004472"	"12 to 15 week"		"adult"	"http://www.ebi.ac.uk/efo/EFO_0001272"	"brain without olfactory bulb"		"Pdgfrb-GFP;NG2dsRed"		"Brain single cell 1624"	
"SRR5531054"	"Mus musculus"	"http://purl.obolibrary.org/obo/NCBITaxon_10090"	"C57BL/6"	"http://www.ebi.ac.uk/efo/EFO_0004472"	"12 to 15 week"		"adult"	"http://www.ebi.ac.uk/efo/EFO_0001272"	"brain without olfactory bulb"		"Pdgfrb-GFP;NG2dsRed"		"Brain single cell 1625"	
"SRR5531055"	"Mus musculus"	"http://purl.obolibrary.org/obo/NCBITaxon_10090"	"C57BL/6"	"http://www.ebi.ac.uk/efo/EFO_0004472"	"12 to 15 week"		"adult"	"http://www.ebi.ac.uk/efo/EFO_0001272"	"brain without olfactory bulb"		"Pdgfrb-GFP;NG2dsRed"		"Brain single cell 1626"	
"SRR5531056"	"Mus musculus"	"http://purl.obolibrary.org/obo/NCBITaxon_10090"	"C57BL/6"	"http://www.ebi.ac.uk/efo/EFO_0004472"	"12 to 15 week"		"adult"	"http://www.ebi.ac.uk/efo/EFO_0001272"	"brain without olfactory bulb"		"Pdgfrb-GFP;NG2dsRed"		"Brain single cell 1627"	
"SRR5531057"	"Mus musculus"	"http://purl.obolibrary.org/obo/NCBITaxon_10090"	"C57BL/6"	"http://www.ebi.ac.uk/efo/EFO_0004472"	"12 to 15 week"		"adult"	"http://www.ebi.ac.uk/efo/EFO_0001272"	"brain without olfactory bulb"		"Pdgfrb-GFP;NG2dsRed"		"Brain single cell 1628"	
"SRR5531058"	"Mus musculus"	"http://purl.obolibrary.org/obo/NCBITaxon_10090"	"C57BL/6"	"http://www.ebi.ac.uk/efo/EFO_0004472"	"12 to 15 week"		"adult"	"http://www.ebi.ac.uk/efo/EFO_0001272"	"brain without olfactory bulb"		"Pdgfrb-GFP;NG2dsRed"		"Brain single cell 1629"	
"SRR5531059"	"Mus musculus"	"http://purl.obolibrary.org/obo/NCBITaxon_10090"	"C57BL/6"	"http://www.ebi.ac.uk/efo/EFO_0004472"	"12 to 15 week"		"adult"	"http://www.ebi.ac.uk/efo/EFO_0001272"	"brain without olfactory bulb"		"Pdgfrb-GFP;NG2dsRed"		"Brain single cell 1630"	
"SRR5531060"	"Mus musculus"	"http://purl.obolibrary.org/obo/NCBITaxon_10090"	"C57BL/6"	"http://www.ebi.ac.uk/efo/EFO_0004472"	"12 to 15 week"		"adult"	"http://www.ebi.ac.uk/efo/EFO_0001272"	"brain without olfactory bulb"		"Pdgfrb-GFP;NG2dsRed"		"Brain single cell 1631"	
"SRR5531061"	"Mus musculus"	"http://purl.obolibrary.org/obo/NCBITaxon_10090"	"C57BL/6"	"http://www.ebi.ac.uk/efo/EFO_0004472"	"12 to 15 week"		"adult"	"http://www.ebi.ac.uk/efo/EFO_0001272"	"brain without olfactory bulb"		"Pdgfrb-GFP;NG2dsRed"		"Brain single cell 1632"	
"SRR5531062"	"Mus musculus"	"http://purl.obolibrary.org/obo/NCBITaxon_10090"	"C57BL/6"	"http://www.ebi.ac.uk/efo/EFO_0004472"	"12 to 15 week"		"adult"	"http://www.ebi.ac.uk/efo/EFO_0001272"	"brain without olfactory bulb"		"Pdgfrb-GFP;NG2dsRed"		"Brain single cell 1633"	
"SRR5531063"	"Mus musculus"	"http://purl.obolibrary.org/obo/NCBITaxon_10090"	"C57BL/6"	"http://www.ebi.ac.uk/efo/EFO_0004472"	"12 to 15 week"		"adult"	"http://www.ebi.ac.uk/efo/EFO_0001272"	"brain without olfactory bulb"		"Pdgfrb-GFP;NG2dsRed"		"Brain single cell 1634"	
"SRR5531064"	"Mus musculus"	"http://purl.obolibrary.org/obo/NCBITaxon_10090"	"C57BL/6"	"http://www.ebi.ac.uk/efo/EFO_0004472"	"12 to 15 week"		"adult"	"http://www.ebi.ac.uk/efo/EFO_0001272"	"brain without olfactory bulb"		"Pdgfrb-GFP;NG2dsRed"		"Brain single cell 1635"	
"SRR5531065"	"Mus musculus"	"http://purl.obolibrary.org/obo/NCBITaxon_10090"	"C57BL/6"	"http://www.ebi.ac.uk/efo/EFO_0004472"	"12 to 15 week"		"adult"	"http://www.ebi.ac.uk/efo/EFO_0001272"	"brain without olfactory bulb"		"Pdgfrb-GFP;NG2dsRed"		"Brain single cell 1636"	
"SRR5531066"	"Mus musculus"	"http://purl.obolibrary.org/obo/NCBITaxon_10090"	"C57BL/6"	"http://www.ebi.ac.uk/efo/EFO_0004472"	"12 to 15 week"		"adult"	"http://www.ebi.ac.uk/efo/EFO_0001272"	"brain without olfactory bulb"		"Pdgfrb-GFP;NG2dsRed"		"Brain single cell 1637"	
"SRR5531067"	"Mus musculus"	"http://purl.obolibrary.org/obo/NCBITaxon_10090"	"C57BL/6"	"http://www.ebi.ac.uk/efo/EFO_0004472"	"12 to 15 week"		"adult"	"http://www.ebi.ac.uk/efo/EFO_0001272"	"brain without olfactory bulb"		"Pdgfrb-GFP;NG2dsRed"		"Brain single cell 1638"	
"SRR5531068"	"Mus musculus"	"http://purl.obolibrary.org/obo/NCBITaxon_10090"	"C57BL/6"	"http://www.ebi.ac.uk/efo/EFO_0004472"	"12 to 15 week"		"adult"	"http://www.ebi.ac.uk/efo/EFO_0001272"	"brain without olfactory bulb"		"Pdgfrb-GFP;NG2dsRed"		"Brain single cell 1639"	
"SRR5531069"	"Mus musculus"	"http://purl.obolibrary.org/obo/NCBITaxon_10090"	"C57BL/6"	"http://www.ebi.ac.uk/efo/EFO_0004472"	"12 to 15 week"		"adult"	"http://www.ebi.ac.uk/efo/EFO_0001272"	"brain without olfactory bulb"		"Pdgfrb-GFP;NG2dsRed"		"Brain single cell 1640"	
"SRR5531070"	"Mus musculus"	"http://purl.obolibrary.org/obo/NCBITaxon_10090"	"C57BL/6"	"http://www.ebi.ac.uk/efo/EFO_0004472"	"12 to 15 week"		"adult"	"http://www.ebi.ac.uk/efo/EFO_0001272"	"brain without olfactory bulb"		"Pdgfrb-GFP;NG2dsRed"		"Brain single cell 1641"	
"SRR5531071"	"Mus musculus"	"http://purl.obolibrary.org/obo/NCBITaxon_10090"	"C57BL/6"	"http://www.ebi.ac.uk/efo/EFO_0004472"	"12 to 15 week"		"adult"	"http://www.ebi.ac.uk/efo/EFO_0001272"	"brain without olfactory bulb"		"Pdgfrb-GFP;NG2dsRed"		"Brain single cell 1642"	
"SRR5531072"	"Mus musculus"	"http://purl.obolibrary.org/obo/NCBITaxon_10090"	"C57BL/6"	"http://www.ebi.ac.uk/efo/EFO_0004472"	"12 to 15 week"		"adult"	"http://www.ebi.ac.uk/efo/EFO_0001272"	"brain without olfactory bulb"		"Pdgfrb-GFP;NG2dsRed"		"Brain single cell 1643"	
"SRR5531073"	"Mus musculus"	"http://purl.obolibrary.org/obo/NCBITaxon_10090"	"C57BL/6"	"http://www.ebi.ac.uk/efo/EFO_0004472"	"12 to 15 week"		"adult"	"http://www.ebi.ac.uk/efo/EFO_0001272"	"brain without olfactory bulb"		"Pdgfrb-GFP;NG2dsRed"		"Brain single cell 1644"	
"SRR5531074"	"Mus musculus"	"http://purl.obolibrary.org/obo/NCBITaxon_10090"	"C57BL/6"	"http://www.ebi.ac.uk/efo/EFO_0004472"	"12 to 15 week"		"adult"	"http://www.ebi.ac.uk/efo/EFO_0001272"	"brain without olfactory bulb"		"Pdgfrb-GFP;NG2dsRed"		"Brain single cell 1645"	
"SRR5531075"	"Mus musculus"	"http://purl.obolibrary.org/obo/NCBITaxon_10090"	"C57BL/6"	"http://www.ebi.ac.uk/efo/EFO_0004472"	"12 to 15 week"		"adult"	"http://www.ebi.ac.uk/efo/EFO_0001272"	"brain without olfactory bulb"		"Pdgfrb-GFP;NG2dsRed"		"Brain single cell 1646"	
"SRR5531076"	"Mus musculus"	"http://purl.obolibrary.org/obo/NCBITaxon_10090"	"C57BL/6"	"http://www.ebi.ac.uk/efo/EFO_0004472"	"12 to 15 week"		"adult"	"http://www.ebi.ac.uk/efo/EFO_0001272"	"brain without olfactory bulb"		"Pdgfrb-GFP;NG2dsRed"		"Brain single cell 1647"	
"SRR5531077"	"Mus musculus"	"http://purl.obolibrary.org/obo/NCBITaxon_10090"	"C57BL/6"	"http://www.ebi.ac.uk/efo/EFO_0004472"	"12 to 15 week"		"adult"	"http://www.ebi.ac.uk/efo/EFO_0001272"	"brain without olfactory bulb"		"Pdgfrb-GFP;NG2dsRed"		"Brain single cell 1648"	
"SRR5531078"	"Mus musculus"	"http://purl.obolibrary.org/obo/NCBITaxon_10090"	"C57BL/6"	"http://www.ebi.ac.uk/efo/EFO_0004472"	"12 to 15 week"		"adult"	"http://www.ebi.ac.uk/efo/EFO_0001272"	"brain without olfactory bulb"		"Pdgfrb-GFP;NG2dsRed"		"Brain single cell 1649"	
"SRR5531079"	"Mus musculus"	"http://purl.obolibrary.org/obo/NCBITaxon_10090"	"C57BL/6"	"http://www.ebi.ac.uk/efo/EFO_0004472"	"12 to 15 week"		"adult"	"http://www.ebi.ac.uk/efo/EFO_0001272"	"brain without olfactory bulb"		"Pdgfrb-GFP;NG2dsRed"		"Brain single cell 1650"	
"SRR5531080"	"Mus musculus"	"http://purl.obolibrary.org/obo/NCBITaxon_10090"	"C57BL/6"	"http://www.ebi.ac.uk/efo/EFO_0004472"	"12 to 15 week"		"adult"	"http://www.ebi.ac.uk/efo/EFO_0001272"	"brain without olfactory bulb"		"Pdgfrb-GFP;NG2dsRed"		"Brain single cell 1651"	
"SRR5531081"	"Mus musculus"	"http://purl.obolibrary.org/obo/NCBITaxon_10090"	"C57BL/6"	"http://www.ebi.ac.uk/efo/EFO_0004472"	"12 to 15 week"		"adult"	"http://www.ebi.ac.uk/efo/EFO_0001272"	"brain without olfactory bulb"		"Pdgfrb-GFP;NG2dsRed"		"Brain single cell 1652"	
"SRR5531082"	"Mus musculus"	"http://purl.obolibrary.org/obo/NCBITaxon_10090"	"C57BL/6"	"http://www.ebi.ac.uk/efo/EFO_0004472"	"12 to 15 week"		"adult"	"http://www.ebi.ac.uk/efo/EFO_0001272"	"brain without olfactory bulb"		"Pdgfrb-GFP;NG2dsRed"		"Brain single cell 1653"	
"SRR5531083"	"Mus musculus"	"http://purl.obolibrary.org/obo/NCBITaxon_10090"	"C57BL/6"	"http://www.ebi.ac.uk/efo/EFO_0004472"	"12 to 15 week"		"adult"	"http://www.ebi.ac.uk/efo/EFO_0001272"	"brain without olfactory bulb"		"Pdgfrb-GFP;NG2dsRed"		"Brain single cell 1654"	
"SRR5531084"	"Mus musculus"	"http://purl.obolibrary.org/obo/NCBITaxon_10090"	"C57BL/6"	"http://www.ebi.ac.uk/efo/EFO_0004472"	"12 to 15 week"		"adult"	"http://www.ebi.ac.uk/efo/EFO_0001272"	"brain without olfactory bulb"		"Pdgfrb-GFP;NG2dsRed"		"Brain single cell 1655"	
"SRR5531085"	"Mus musculus"	"http://purl.obolibrary.org/obo/NCBITaxon_10090"	"C57BL/6"	"http://www.ebi.ac.uk/efo/EFO_0004472"	"12 to 15 week"		"adult"	"http://www.ebi.ac.uk/efo/EFO_0001272"	"brain without olfactory bulb"		"Pdgfrb-GFP;NG2dsRed"		"Brain single cell 1656"	
"SRR5531086"	"Mus musculus"	"http://purl.obolibrary.org/obo/NCBITaxon_10090"	"C57BL/6"	"http://www.ebi.ac.uk/efo/EFO_0004472"	"12 to 15 week"		"adult"	"http://www.ebi.ac.uk/efo/EFO_0001272"	"brain without olfactory bulb"		"Pdgfrb-GFP;NG2dsRed"		"Brain single cell 1657"	
"SRR5531087"	"Mus musculus"	"http://purl.obolibrary.org/obo/NCBITaxon_10090"	"C57BL/6"	"http://www.ebi.ac.uk/efo/EFO_0004472"	"12 to 15 week"		"adult"	"http://www.ebi.ac.uk/efo/EFO_0001272"	"brain without olfactory bulb"		"Pdgfrb-GFP;NG2dsRed"		"Brain single cell 1658"	
"SRR5531088"	"Mus musculus"	"http://purl.obolibrary.org/obo/NCBITaxon_10090"	"C57BL/6"	"http://www.ebi.ac.uk/efo/EFO_0004472"	"12 to 15 week"		"adult"	"http://www.ebi.ac.uk/efo/EFO_0001272"	"brain without olfactory bulb"		"Pdgfrb-GFP;NG2dsRed"		"Brain single cell 1659"	
"SRR5531089"	"Mus musculus"	"http://purl.obolibrary.org/obo/NCBITaxon_10090"	"C57BL/6"	"http://www.ebi.ac.uk/efo/EFO_0004472"	"12 to 15 week"		"adult"	"http://www.ebi.ac.uk/efo/EFO_0001272"	"brain without olfactory bulb"		"Pdgfrb-GFP;NG2dsRed"		"Brain single cell 1660"	
"SRR5531090"	"Mus musculus"	"http://purl.obolibrary.org/obo/NCBITaxon_10090"	"C57BL/6"	"http://www.ebi.ac.uk/efo/EFO_0004472"	"12 to 15 week"		"adult"	"http://www.ebi.ac.uk/efo/EFO_0001272"	"brain without olfactory bulb"		"Pdgfrb-GFP;NG2dsRed"		"Brain single cell 1661"	
"SRR5531091"	"Mus musculus"	"http://purl.obolibrary.org/obo/NCBITaxon_10090"	"C57BL/6"	"http://www.ebi.ac.uk/efo/EFO_0004472"	"12 to 15 week"		"adult"	"http://www.ebi.ac.uk/efo/EFO_0001272"	"brain without olfactory bulb"		"Pdgfrb-GFP;NG2dsRed"		"Brain single cell 1662"	
"SRR5531092"	"Mus musculus"	"http://purl.obolibrary.org/obo/NCBITaxon_10090"	"C57BL/6"	"http://www.ebi.ac.uk/efo/EFO_0004472"	"12 to 15 week"		"adult"	"http://www.ebi.ac.uk/efo/EFO_0001272"	"brain without olfactory bulb"		"Pdgfrb-GFP;NG2dsRed"		"Brain single cell 1663"	
"SRR5531093"	"Mus musculus"	"http://purl.obolibrary.org/obo/NCBITaxon_10090"	"C57BL/6"	"http://www.ebi.ac.uk/efo/EFO_0004472"	"12 to 15 week"		"adult"	"http://www.ebi.ac.uk/efo/EFO_0001272"	"brain without olfactory bulb"		"Pdgfrb-GFP;NG2dsRed"		"Brain single cell 1664"	
"SRR5531094"	"Mus musculus"	"http://purl.obolibrary.org/obo/NCBITaxon_10090"	"C57BL/6"	"http://www.ebi.ac.uk/efo/EFO_0004472"	"12 to 15 week"		"adult"	"http://www.ebi.ac.uk/efo/EFO_0001272"	"brain without olfactory bulb"		"Pdgfrb-GFP;NG2dsRed"		"Brain single cell 1665"	
"SRR5531095"	"Mus musculus"	"http://purl.obolibrary.org/obo/NCBITaxon_10090"	"C57BL/6"	"http://www.ebi.ac.uk/efo/EFO_0004472"	"12 to 15 week"		"adult"	"http://www.ebi.ac.uk/efo/EFO_0001272"	"brain without olfactory bulb"		"Pdgfrb-GFP;NG2dsRed"		"Brain single cell 1666"	
"SRR5531096"	"Mus musculus"	"http://purl.obolibrary.org/obo/NCBITaxon_10090"	"C57BL/6"	"http://www.ebi.ac.uk/efo/EFO_0004472"	"12 to 15 week"		"adult"	"http://www.ebi.ac.uk/efo/EFO_0001272"	"brain without olfactory bulb"		"Pdgfrb-GFP;NG2dsRed"		"Brain single cell 1667"	
"SRR5531097"	"Mus musculus"	"http://purl.obolibrary.org/obo/NCBITaxon_10090"	"C57BL/6"	"http://www.ebi.ac.uk/efo/EFO_0004472"	"12 to 15 week"		"adult"	"http://www.ebi.ac.uk/efo/EFO_0001272"	"brain without olfactory bulb"		"Pdgfrb-GFP;NG2dsRed"		"Brain single cell 1668"	
"SRR5531098"	"Mus musculus"	"http://purl.obolibrary.org/obo/NCBITaxon_10090"	"C57BL/6"	"http://www.ebi.ac.uk/efo/EFO_0004472"	"12 to 15 week"		"adult"	"http://www.ebi.ac.uk/efo/EFO_0001272"	"brain without olfactory bulb"		"Pdgfrb-GFP;NG2dsRed"		"Brain single cell 1669"	
"SRR5531099"	"Mus musculus"	"http://purl.obolibrary.org/obo/NCBITaxon_10090"	"C57BL/6"	"http://www.ebi.ac.uk/efo/EFO_0004472"	"12 to 15 week"		"adult"	"http://www.ebi.ac.uk/efo/EFO_0001272"	"brain without olfactory bulb"		"Pdgfrb-GFP;NG2dsRed"		"Brain single cell 1670"	
"SRR5531100"	"Mus musculus"	"http://purl.obolibrary.org/obo/NCBITaxon_10090"	"C57BL/6"	"http://www.ebi.ac.uk/efo/EFO_0004472"	"12 to 15 week"		"adult"	"http://www.ebi.ac.uk/efo/EFO_0001272"	"brain without olfactory bulb"		"Pdgfrb-GFP;NG2dsRed"		"Brain single cell 1671"	
"SRR5531101"	"Mus musculus"	"http://purl.obolibrary.org/obo/NCBITaxon_10090"	"C57BL/6"	"http://www.ebi.ac.uk/efo/EFO_0004472"	"12 to 15 week"		"adult"	"http://www.ebi.ac.uk/efo/EFO_0001272"	"brain without olfactory bulb"		"Pdgfrb-GFP;NG2dsRed"		"Brain single cell 1672"	
"SRR5531102"	"Mus musculus"	"http://purl.obolibrary.org/obo/NCBITaxon_10090"	"C57BL/6"	"http://www.ebi.ac.uk/efo/EFO_0004472"	"12 to 15 week"		"adult"	"http://www.ebi.ac.uk/efo/EFO_0001272"	"brain without olfactory bulb"		"Pdgfrb-GFP;NG2dsRed"		"Brain single cell 1673"	
"SRR5531103"	"Mus musculus"	"http://purl.obolibrary.org/obo/NCBITaxon_10090"	"C57BL/6"	"http://www.ebi.ac.uk/efo/EFO_0004472"	"12 to 15 week"		"adult"	"http://www.ebi.ac.uk/efo/EFO_0001272"	"brain without olfactory bulb"		"Pdgfrb-GFP;NG2dsRed"		"Brain single cell 1674"	
"SRR5531104"	"Mus musculus"	"http://purl.obolibrary.org/obo/NCBITaxon_10090"	"C57BL/6"	"http://www.ebi.ac.uk/efo/EFO_0004472"	"12 to 15 week"		"adult"	"http://www.ebi.ac.uk/efo/EFO_0001272"	"brain without olfactory bulb"		"Pdgfrb-GFP;NG2dsRed"		"Brain single cell 1675"	
"SRR5531105"	"Mus musculus"	"http://purl.obolibrary.org/obo/NCBITaxon_10090"	"C57BL/6"	"http://www.ebi.ac.uk/efo/EFO_0004472"	"12 to 15 week"		"adult"	"http://www.ebi.ac.uk/efo/EFO_0001272"	"brain without olfactory bulb"		"Pdgfrb-GFP;NG2dsRed"		"Brain single cell 1676"	
"SRR5531106"	"Mus musculus"	"http://purl.obolibrary.org/obo/NCBITaxon_10090"	"C57BL/6"	"http://www.ebi.ac.uk/efo/EFO_0004472"	"12 to 15 week"		"adult"	"http://www.ebi.ac.uk/efo/EFO_0001272"	"brain without olfactory bulb"		"Pdgfrb-GFP;NG2dsRed"		"Brain single cell 1677"	
"SRR5531107"	"Mus musculus"	"http://purl.obolibrary.org/obo/NCBITaxon_10090"	"C57BL/6"	"http://www.ebi.ac.uk/efo/EFO_0004472"	"12 to 15 week"		"adult"	"http://www.ebi.ac.uk/efo/EFO_0001272"	"brain without olfactory bulb"		"Pdgfrb-GFP;NG2dsRed"		"Brain single cell 1678"	
"SRR5531108"	"Mus musculus"	"http://purl.obolibrary.org/obo/NCBITaxon_10090"	"C57BL/6"	"http://www.ebi.ac.uk/efo/EFO_0004472"	"12 to 15 week"		"adult"	"http://www.ebi.ac.uk/efo/EFO_0001272"	"brain without olfactory bulb"		"Pdgfrb-GFP;NG2dsRed"		"Brain single cell 1679"	
"SRR5531109"	"Mus musculus"	"http://purl.obolibrary.org/obo/NCBITaxon_10090"	"C57BL/6"	"http://www.ebi.ac.uk/efo/EFO_0004472"	"12 to 15 week"		"adult"	"http://www.ebi.ac.uk/efo/EFO_0001272"	"brain without olfactory bulb"		"Pdgfrb-GFP;NG2dsRed"		"Brain single cell 1680"	
"SRR5531110"	"Mus musculus"	"http://purl.obolibrary.org/obo/NCBITaxon_10090"	"C57BL/6"	"http://www.ebi.ac.uk/efo/EFO_0004472"	"12 to 15 week"		"adult"	"http://www.ebi.ac.uk/efo/EFO_0001272"	"brain without olfactory bulb"		"Pdgfrb-GFP;NG2dsRed"		"Brain single cell 1681"	
"SRR5531111"	"Mus musculus"	"http://purl.obolibrary.org/obo/NCBITaxon_10090"	"C57BL/6"	"http://www.ebi.ac.uk/efo/EFO_0004472"	"12 to 15 week"		"adult"	"http://www.ebi.ac.uk/efo/EFO_0001272"	"brain without olfactory bulb"		"Pdgfrb-GFP;NG2dsRed"		"Brain single cell 1682"	
"SRR5531112"	"Mus musculus"	"http://purl.obolibrary.org/obo/NCBITaxon_10090"	"C57BL/6"	"http://www.ebi.ac.uk/efo/EFO_0004472"	"12 to 15 week"		"adult"	"http://www.ebi.ac.uk/efo/EFO_0001272"	"brain without olfactory bulb"		"Pdgfrb-GFP;NG2dsRed"		"Brain single cell 1683"	
"SRR5531113"	"Mus musculus"	"http://purl.obolibrary.org/obo/NCBITaxon_10090"	"C57BL/6"	"http://www.ebi.ac.uk/efo/EFO_0004472"	"12 to 15 week"		"adult"	"http://www.ebi.ac.uk/efo/EFO_0001272"	"brain without olfactory bulb"		"Pdgfrb-GFP;NG2dsRed"		"Brain single cell 1684"	
"SRR5531114"	"Mus musculus"	"http://purl.obolibrary.org/obo/NCBITaxon_10090"	"C57BL/6"	"http://www.ebi.ac.uk/efo/EFO_0004472"	"12 to 15 week"		"adult"	"http://www.ebi.ac.uk/efo/EFO_0001272"	"brain without olfactory bulb"		"Pdgfrb-GFP;NG2dsRed"		"Brain single cell 1685"	
"SRR5531115"	"Mus musculus"	"http://purl.obolibrary.org/obo/NCBITaxon_10090"	"C57BL/6"	"http://www.ebi.ac.uk/efo/EFO_0004472"	"12 to 15 week"		"adult"	"http://www.ebi.ac.uk/efo/EFO_0001272"	"brain without olfactory bulb"		"Pdgfrb-GFP;NG2dsRed"		"Brain single cell 1686"	
"SRR5531116"	"Mus musculus"	"http://purl.obolibrary.org/obo/NCBITaxon_10090"	"C57BL/6"	"http://www.ebi.ac.uk/efo/EFO_0004472"	"12 to 15 week"		"adult"	"http://www.ebi.ac.uk/efo/EFO_0001272"	"brain without olfactory bulb"		"Pdgfrb-GFP;NG2dsRed"		"Brain single cell 1687"	
"SRR5531117"	"Mus musculus"	"http://purl.obolibrary.org/obo/NCBITaxon_10090"	"C57BL/6"	"http://www.ebi.ac.uk/efo/EFO_0004472"	"12 to 15 week"		"adult"	"http://www.ebi.ac.uk/efo/EFO_0001272"	"brain without olfactory bulb"		"Pdgfrb-GFP;NG2dsRed"		"Brain single cell 1688"	
"SRR5531118"	"Mus musculus"	"http://purl.obolibrary.org/obo/NCBITaxon_10090"	"C57BL/6"	"http://www.ebi.ac.uk/efo/EFO_0004472"	"12 to 15 week"		"adult"	"http://www.ebi.ac.uk/efo/EFO_0001272"	"brain without olfactory bulb"		"Pdgfrb-GFP;NG2dsRed"		"Brain single cell 1689"	
"SRR5531119"	"Mus musculus"	"http://purl.obolibrary.org/obo/NCBITaxon_10090"	"C57BL/6"	"http://www.ebi.ac.uk/efo/EFO_0004472"	"12 to 15 week"		"adult"	"http://www.ebi.ac.uk/efo/EFO_0001272"	"brain without olfactory bulb"		"Pdgfrb-GFP;NG2dsRed"		"Brain single cell 1690"	
"SRR5531120"	"Mus musculus"	"http://purl.obolibrary.org/obo/NCBITaxon_10090"	"C57BL/6"	"http://www.ebi.ac.uk/efo/EFO_0004472"	"12 to 15 week"		"adult"	"http://www.ebi.ac.uk/efo/EFO_0001272"	"brain without olfactory bulb"		"Pdgfrb-GFP;NG2dsRed"		"Brain single cell 1691"	
"SRR5531121"	"Mus musculus"	"http://purl.obolibrary.org/obo/NCBITaxon_10090"	"C57BL/6"	"http://www.ebi.ac.uk/efo/EFO_0004472"	"12 to 15 week"		"adult"	"http://www.ebi.ac.uk/efo/EFO_0001272"	"brain without olfactory bulb"		"Pdgfrb-GFP;NG2dsRed"		"Brain single cell 1692"	
"SRR5531122"	"Mus musculus"	"http://purl.obolibrary.org/obo/NCBITaxon_10090"	"C57BL/6"	"http://www.ebi.ac.uk/efo/EFO_0004472"	"12 to 15 week"		"adult"	"http://www.ebi.ac.uk/efo/EFO_0001272"	"brain without olfactory bulb"		"Pdgfrb-GFP;NG2dsRed"		"Brain single cell 1693"	
"SRR5531123"	"Mus musculus"	"http://purl.obolibrary.org/obo/NCBITaxon_10090"	"C57BL/6"	"http://www.ebi.ac.uk/efo/EFO_0004472"	"12 to 15 week"		"adult"	"http://www.ebi.ac.uk/efo/EFO_0001272"	"brain without olfactory bulb"		"Pdgfrb-GFP;NG2dsRed"		"Brain single cell 1694"	
"SRR5531124"	"Mus musculus"	"http://purl.obolibrary.org/obo/NCBITaxon_10090"	"C57BL/6"	"http://www.ebi.ac.uk/efo/EFO_0004472"	"12 to 15 week"		"adult"	"http://www.ebi.ac.uk/efo/EFO_0001272"	"brain without olfactory bulb"		"Pdgfrb-GFP;NG2dsRed"		"Brain single cell 1695"	
"SRR5531125"	"Mus musculus"	"http://purl.obolibrary.org/obo/NCBITaxon_10090"	"C57BL/6"	"http://www.ebi.ac.uk/efo/EFO_0004472"	"12 to 15 week"		"adult"	"http://www.ebi.ac.uk/efo/EFO_0001272"	"brain without olfactory bulb"		"Pdgfrb-GFP;NG2dsRed"		"Brain single cell 1696"	
"SRR5531126"	"Mus musculus"	"http://purl.obolibrary.org/obo/NCBITaxon_10090"	"C57BL/6"	"http://www.ebi.ac.uk/efo/EFO_0004472"	"12 to 15 week"		"adult"	"http://www.ebi.ac.uk/efo/EFO_0001272"	"brain without olfactory bulb"		"Pdgfrb-GFP;NG2dsRed"		"Brain single cell 1697"	
"SRR5531127"	"Mus musculus"	"http://purl.obolibrary.org/obo/NCBITaxon_10090"	"C57BL/6"	"http://www.ebi.ac.uk/efo/EFO_0004472"	"12 to 15 week"		"adult"	"http://www.ebi.ac.uk/efo/EFO_0001272"	"brain without olfactory bulb"		"Pdgfrb-GFP;NG2dsRed"		"Brain single cell 1698"	
"SRR5531128"	"Mus musculus"	"http://purl.obolibrary.org/obo/NCBITaxon_10090"	"C57BL/6"	"http://www.ebi.ac.uk/efo/EFO_0004472"	"12 to 15 week"		"adult"	"http://www.ebi.ac.uk/efo/EFO_0001272"	"brain without olfactory bulb"		"Pdgfrb-GFP;NG2dsRed"		"Brain single cell 1699"	
"SRR5531129"	"Mus musculus"	"http://purl.obolibrary.org/obo/NCBITaxon_10090"	"C57BL/6"	"http://www.ebi.ac.uk/efo/EFO_0004472"	"12 to 15 week"		"adult"	"http://www.ebi.ac.uk/efo/EFO_0001272"	"brain without olfactory bulb"		"Pdgfrb-GFP;NG2dsRed"		"Brain single cell 1700"	
"SRR5531130"	"Mus musculus"	"http://purl.obolibrary.org/obo/NCBITaxon_10090"	"C57BL/6"	"http://www.ebi.ac.uk/efo/EFO_0004472"	"12 to 15 week"		"adult"	"http://www.ebi.ac.uk/efo/EFO_0001272"	"brain without olfactory bulb"		"Pdgfrb-GFP;NG2dsRed"		"Brain single cell 1701"	
"SRR5531131"	"Mus musculus"	"http://purl.obolibrary.org/obo/NCBITaxon_10090"	"C57BL/6"	"http://www.ebi.ac.uk/efo/EFO_0004472"	"12 to 15 week"		"adult"	"http://www.ebi.ac.uk/efo/EFO_0001272"	"brain without olfactory bulb"		"Pdgfrb-GFP;NG2dsRed"		"Brain single cell 1702"	
"SRR5531132"	"Mus musculus"	"http://purl.obolibrary.org/obo/NCBITaxon_10090"	"C57BL/6"	"http://www.ebi.ac.uk/efo/EFO_0004472"	"12 to 15 week"		"adult"	"http://www.ebi.ac.uk/efo/EFO_0001272"	"brain without olfactory bulb"		"Pdgfrb-GFP;NG2dsRed"		"Brain single cell 1703"	
"SRR5531133"	"Mus musculus"	"http://purl.obolibrary.org/obo/NCBITaxon_10090"	"C57BL/6"	"http://www.ebi.ac.uk/efo/EFO_0004472"	"12 to 15 week"		"adult"	"http://www.ebi.ac.uk/efo/EFO_0001272"	"brain without olfactory bulb"		"Pdgfrb-GFP;NG2dsRed"		"Brain single cell 1704"	
"SRR5531134"	"Mus musculus"	"http://purl.obolibrary.org/obo/NCBITaxon_10090"	"C57BL/6"	"http://www.ebi.ac.uk/efo/EFO_0004472"	"12 to 15 week"		"adult"	"http://www.ebi.ac.uk/efo/EFO_0001272"	"brain without olfactory bulb"		"Pdgfrb-GFP;NG2dsRed"		"Brain single cell 1705"	
"SRR5531135"	"Mus musculus"	"http://purl.obolibrary.org/obo/NCBITaxon_10090"	"C57BL/6"	"http://www.ebi.ac.uk/efo/EFO_0004472"	"12 to 15 week"		"adult"	"http://www.ebi.ac.uk/efo/EFO_0001272"	"brain without olfactory bulb"		"Pdgfrb-GFP;NG2dsRed"		"Brain single cell 1706"	
"SRR5531136"	"Mus musculus"	"http://purl.obolibrary.org/obo/NCBITaxon_10090"	"C57BL/6"	"http://www.ebi.ac.uk/efo/EFO_0004472"	"12 to 15 week"		"adult"	"http://www.ebi.ac.uk/efo/EFO_0001272"	"brain without olfactory bulb"		"Pdgfrb-GFP;NG2dsRed"		"Brain single cell 1707"	
"SRR5531137"	"Mus musculus"	"http://purl.obolibrary.org/obo/NCBITaxon_10090"	"C57BL/6"	"http://www.ebi.ac.uk/efo/EFO_0004472"	"12 to 15 week"		"adult"	"http://www.ebi.ac.uk/efo/EFO_0001272"	"brain without olfactory bulb"		"Pdgfrb-GFP;NG2dsRed"		"Brain single cell 1708"	
"SRR5531138"	"Mus musculus"	"http://purl.obolibrary.org/obo/NCBITaxon_10090"	"C57BL/6"	"http://www.ebi.ac.uk/efo/EFO_0004472"	"12 to 15 week"		"adult"	"http://www.ebi.ac.uk/efo/EFO_0001272"	"brain without olfactory bulb"		"Pdgfrb-GFP;NG2dsRed"		"Brain single cell 1709"	
"SRR5531139"	"Mus musculus"	"http://purl.obolibrary.org/obo/NCBITaxon_10090"	"C57BL/6"	"http://www.ebi.ac.uk/efo/EFO_0004472"	"12 to 15 week"		"adult"	"http://www.ebi.ac.uk/efo/EFO_0001272"	"brain without olfactory bulb"		"Pdgfrb-GFP;NG2dsRed"		"Brain single cell 1710"	
"SRR5531140"	"Mus musculus"	"http://purl.obolibrary.org/obo/NCBITaxon_10090"	"C57BL/6"	"http://www.ebi.ac.uk/efo/EFO_0004472"	"12 to 15 week"		"adult"	"http://www.ebi.ac.uk/efo/EFO_0001272"	"brain without olfactory bulb"		"Pdgfrb-GFP;NG2dsRed"		"Brain single cell 1711"	
"SRR5531141"	"Mus musculus"	"http://purl.obolibrary.org/obo/NCBITaxon_10090"	"C57BL/6"	"http://www.ebi.ac.uk/efo/EFO_0004472"	"12 to 15 week"		"adult"	"http://www.ebi.ac.uk/efo/EFO_0001272"	"brain without olfactory bulb"		"Pdgfrb-GFP;NG2dsRed"		"Brain single cell 1712"	
"SRR5531142"	"Mus musculus"	"http://purl.obolibrary.org/obo/NCBITaxon_10090"	"C57BL/6"	"http://www.ebi.ac.uk/efo/EFO_0004472"	"12 to 15 week"		"adult"	"http://www.ebi.ac.uk/efo/EFO_0001272"	"brain without olfactory bulb"		"Pdgfrb-GFP;NG2dsRed"		"Brain single cell 1713"	
"SRR5531143"	"Mus musculus"	"http://purl.obolibrary.org/obo/NCBITaxon_10090"	"C57BL/6"	"http://www.ebi.ac.uk/efo/EFO_0004472"	"12 to 15 week"		"adult"	"http://www.ebi.ac.uk/efo/EFO_0001272"	"brain without olfactory bulb"		"Pdgfrb-GFP;NG2dsRed"		"Brain single cell 1714"	
"SRR5531144"	"Mus musculus"	"http://purl.obolibrary.org/obo/NCBITaxon_10090"	"C57BL/6"	"http://www.ebi.ac.uk/efo/EFO_0004472"	"12 to 15 week"		"adult"	"http://www.ebi.ac.uk/efo/EFO_0001272"	"brain without olfactory bulb"		"Pdgfrb-GFP;NG2dsRed"		"Brain single cell 1715"	
"SRR5531145"	"Mus musculus"	"http://purl.obolibrary.org/obo/NCBITaxon_10090"	"C57BL/6"	"http://www.ebi.ac.uk/efo/EFO_0004472"	"12 to 15 week"		"adult"	"http://www.ebi.ac.uk/efo/EFO_0001272"	"brain without olfactory bulb"		"Pdgfrb-GFP;NG2dsRed"		"Brain single cell 1716"	
"SRR5531146"	"Mus musculus"	"http://purl.obolibrary.org/obo/NCBITaxon_10090"	"C57BL/6"	"http://www.ebi.ac.uk/efo/EFO_0004472"	"12 to 15 week"		"adult"	"http://www.ebi.ac.uk/efo/EFO_0001272"	"brain without olfactory bulb"		"Pdgfrb-GFP;NG2dsRed"		"Brain single cell 1717"	
"SRR5531147"	"Mus musculus"	"http://purl.obolibrary.org/obo/NCBITaxon_10090"	"C57BL/6"	"http://www.ebi.ac.uk/efo/EFO_0004472"	"12 to 15 week"		"adult"	"http://www.ebi.ac.uk/efo/EFO_0001272"	"brain without olfactory bulb"		"Pdgfrb-GFP;NG2dsRed"		"Brain single cell 1718"	
"SRR5531148"	"Mus musculus"	"http://purl.obolibrary.org/obo/NCBITaxon_10090"	"C57BL/6"	"http://www.ebi.ac.uk/efo/EFO_0004472"	"12 to 15 week"		"adult"	"http://www.ebi.ac.uk/efo/EFO_0001272"	"brain without olfactory bulb"		"Pdgfrb-GFP;NG2dsRed"		"Brain single cell 1719"	
"SRR5531149"	"Mus musculus"	"http://purl.obolibrary.org/obo/NCBITaxon_10090"	"C57BL/6"	"http://www.ebi.ac.uk/efo/EFO_0004472"	"12 to 15 week"		"adult"	"http://www.ebi.ac.uk/efo/EFO_0001272"	"brain without olfactory bulb"		"Pdgfrb-GFP;NG2dsRed"		"Brain single cell 1720"	
"SRR5531150"	"Mus musculus"	"http://purl.obolibrary.org/obo/NCBITaxon_10090"	"C57BL/6"	"http://www.ebi.ac.uk/efo/EFO_0004472"	"12 to 15 week"		"adult"	"http://www.ebi.ac.uk/efo/EFO_0001272"	"brain without olfactory bulb"		"Pdgfrb-GFP;NG2dsRed"		"Brain single cell 1721"	
"SRR5531151"	"Mus musculus"	"http://purl.obolibrary.org/obo/NCBITaxon_10090"	"C57BL/6"	"http://www.ebi.ac.uk/efo/EFO_0004472"	"12 to 15 week"		"adult"	"http://www.ebi.ac.uk/efo/EFO_0001272"	"brain without olfactory bulb"		"Pdgfrb-GFP;NG2dsRed"		"Brain single cell 1722"	
"SRR5531152"	"Mus musculus"	"http://purl.obolibrary.org/obo/NCBITaxon_10090"	"C57BL/6"	"http://www.ebi.ac.uk/efo/EFO_0004472"	"12 to 15 week"		"adult"	"http://www.ebi.ac.uk/efo/EFO_0001272"	"brain without olfactory bulb"		"Pdgfrb-GFP;NG2dsRed"		"Brain single cell 1723"	
"SRR5531153"	"Mus musculus"	"http://purl.obolibrary.org/obo/NCBITaxon_10090"	"C57BL/6"	"http://www.ebi.ac.uk/efo/EFO_0004472"	"12 to 15 week"		"adult"	"http://www.ebi.ac.uk/efo/EFO_0001272"	"brain without olfactory bulb"		"Pdgfrb-GFP;NG2dsRed"		"Brain single cell 1724"	
"SRR5531154"	"Mus musculus"	"http://purl.obolibrary.org/obo/NCBITaxon_10090"	"C57BL/6"	"http://www.ebi.ac.uk/efo/EFO_0004472"	"12 to 15 week"		"adult"	"http://www.ebi.ac.uk/efo/EFO_0001272"	"brain without olfactory bulb"		"Pdgfrb-GFP;NG2dsRed"		"Brain single cell 1725"	
"SRR5531155"	"Mus musculus"	"http://purl.obolibrary.org/obo/NCBITaxon_10090"	"C57BL/6"	"http://www.ebi.ac.uk/efo/EFO_0004472"	"12 to 15 week"		"adult"	"http://www.ebi.ac.uk/efo/EFO_0001272"	"brain without olfactory bulb"		"Pdgfrb-GFP;NG2dsRed"		"Brain single cell 1726"	
"SRR5531156"	"Mus musculus"	"http://purl.obolibrary.org/obo/NCBITaxon_10090"	"C57BL/6"	"http://www.ebi.ac.uk/efo/EFO_0004472"	"12 to 15 week"		"adult"	"http://www.ebi.ac.uk/efo/EFO_0001272"	"brain without olfactory bulb"		"Pdgfrb-GFP;NG2dsRed"		"Brain single cell 1727"	
"SRR5531157"	"Mus musculus"	"http://purl.obolibrary.org/obo/NCBITaxon_10090"	"C57BL/6"	"http://www.ebi.ac.uk/efo/EFO_0004472"	"12 to 15 week"		"adult"	"http://www.ebi.ac.uk/efo/EFO_0001272"	"brain without olfactory bulb"		"Pdgfrb-GFP;NG2dsRed"		"Brain single cell 1728"	
"SRR5531158"	"Mus musculus"	"http://purl.obolibrary.org/obo/NCBITaxon_10090"	"C57BL/6"	"http://www.ebi.ac.uk/efo/EFO_0004472"	"12 to 15 week"		"adult"	"http://www.ebi.ac.uk/efo/EFO_0001272"	"brain without olfactory bulb"		"Pdgfrb-GFP;NG2dsRed"		"Brain single cell 1729"	
"SRR5531159"	"Mus musculus"	"http://purl.obolibrary.org/obo/NCBITaxon_10090"	"C57BL/6"	"http://www.ebi.ac.uk/efo/EFO_0004472"	"12 to 15 week"		"adult"	"http://www.ebi.ac.uk/efo/EFO_0001272"	"brain without olfactory bulb"		"Pdgfrb-GFP;NG2dsRed"		"Brain single cell 1730"	
"SRR5531160"	"Mus musculus"	"http://purl.obolibrary.org/obo/NCBITaxon_10090"	"C57BL/6"	"http://www.ebi.ac.uk/efo/EFO_0004472"	"12 to 15 week"		"adult"	"http://www.ebi.ac.uk/efo/EFO_0001272"	"brain without olfactory bulb"		"Pdgfrb-GFP;NG2dsRed"		"Brain single cell 1731"	
"SRR5531161"	"Mus musculus"	"http://purl.obolibrary.org/obo/NCBITaxon_10090"	"C57BL/6"	"http://www.ebi.ac.uk/efo/EFO_0004472"	"12 to 15 week"		"adult"	"http://www.ebi.ac.uk/efo/EFO_0001272"	"brain without olfactory bulb"		"Pdgfrb-GFP;NG2dsRed"		"Brain single cell 1732"	
"SRR5531162"	"Mus musculus"	"http://purl.obolibrary.org/obo/NCBITaxon_10090"	"C57BL/6"	"http://www.ebi.ac.uk/efo/EFO_0004472"	"12 to 15 week"		"adult"	"http://www.ebi.ac.uk/efo/EFO_0001272"	"brain without olfactory bulb"		"Pdgfrb-GFP;NG2dsRed"		"Brain single cell 1733"	
"SRR5531163"	"Mus musculus"	"http://purl.obolibrary.org/obo/NCBITaxon_10090"	"C57BL/6"	"http://www.ebi.ac.uk/efo/EFO_0004472"	"12 to 15 week"		"adult"	"http://www.ebi.ac.uk/efo/EFO_0001272"	"brain without olfactory bulb"		"Pdgfrb-GFP;NG2dsRed"		"Brain single cell 1734"	
"SRR5531164"	"Mus musculus"	"http://purl.obolibrary.org/obo/NCBITaxon_10090"	"C57BL/6"	"http://www.ebi.ac.uk/efo/EFO_0004472"	"12 to 15 week"		"adult"	"http://www.ebi.ac.uk/efo/EFO_0001272"	"brain without olfactory bulb"		"Pdgfrb-GFP;NG2dsRed"		"Brain single cell 1735"	
"SRR5531165"	"Mus musculus"	"http://purl.obolibrary.org/obo/NCBITaxon_10090"	"C57BL/6"	"http://www.ebi.ac.uk/efo/EFO_0004472"	"12 to 15 week"		"adult"	"http://www.ebi.ac.uk/efo/EFO_0001272"	"brain without olfactory bulb"		"Pdgfrb-GFP;NG2dsRed"		"Brain single cell 1736"	
"SRR5531166"	"Mus musculus"	"http://purl.obolibrary.org/obo/NCBITaxon_10090"	"C57BL/6"	"http://www.ebi.ac.uk/efo/EFO_0004472"	"12 to 15 week"		"adult"	"http://www.ebi.ac.uk/efo/EFO_0001272"	"brain without olfactory bulb"		"Pdgfrb-GFP;NG2dsRed"		"Brain single cell 1737"	
"SRR5531167"	"Mus musculus"	"http://purl.obolibrary.org/obo/NCBITaxon_10090"	"C57BL/6"	"http://www.ebi.ac.uk/efo/EFO_0004472"	"12 to 15 week"		"adult"	"http://www.ebi.ac.uk/efo/EFO_0001272"	"brain without olfactory bulb"		"Pdgfrb-GFP;NG2dsRed"		"Brain single cell 1738"	
"SRR5531168"	"Mus musculus"	"http://purl.obolibrary.org/obo/NCBITaxon_10090"	"C57BL/6"	"http://www.ebi.ac.uk/efo/EFO_0004472"	"12 to 15 week"		"adult"	"http://www.ebi.ac.uk/efo/EFO_0001272"	"brain without olfactory bulb"		"Pdgfrb-GFP;NG2dsRed"		"Brain single cell 1739"	
"SRR5531169"	"Mus musculus"	"http://purl.obolibrary.org/obo/NCBITaxon_10090"	"C57BL/6"	"http://www.ebi.ac.uk/efo/EFO_0004472"	"12 to 15 week"		"adult"	"http://www.ebi.ac.uk/efo/EFO_0001272"	"brain without olfactory bulb"		"Pdgfrb-GFP;NG2dsRed"		"Brain single cell 1740"	
"SRR5531170"	"Mus musculus"	"http://purl.obolibrary.org/obo/NCBITaxon_10090"	"C57BL/6"	"http://www.ebi.ac.uk/efo/EFO_0004472"	"12 to 15 week"		"adult"	"http://www.ebi.ac.uk/efo/EFO_0001272"	"brain without olfactory bulb"		"Pdgfrb-GFP;NG2dsRed"		"Brain single cell 1741"	
"SRR5531171"	"Mus musculus"	"http://purl.obolibrary.org/obo/NCBITaxon_10090"	"C57BL/6"	"http://www.ebi.ac.uk/efo/EFO_0004472"	"12 to 15 week"		"adult"	"http://www.ebi.ac.uk/efo/EFO_0001272"	"brain without olfactory bulb"		"Pdgfrb-GFP;NG2dsRed"		"Brain single cell 1742"	
"SRR5531172"	"Mus musculus"	"http://purl.obolibrary.org/obo/NCBITaxon_10090"	"C57BL/6"	"http://www.ebi.ac.uk/efo/EFO_0004472"	"12 to 15 week"		"adult"	"http://www.ebi.ac.uk/efo/EFO_0001272"	"brain without olfactory bulb"		"Pdgfrb-GFP;NG2dsRed"		"Brain single cell 1743"	
"SRR5531173"	"Mus musculus"	"http://purl.obolibrary.org/obo/NCBITaxon_10090"	"C57BL/6"	"http://www.ebi.ac.uk/efo/EFO_0004472"	"12 to 15 week"		"adult"	"http://www.ebi.ac.uk/efo/EFO_0001272"	"brain without olfactory bulb"		"Pdgfrb-GFP;NG2dsRed"		"Brain single cell 1744"	
"SRR5531174"	"Mus musculus"	"http://purl.obolibrary.org/obo/NCBITaxon_10090"	"C57BL/6"	"http://www.ebi.ac.uk/efo/EFO_0004472"	"12 to 15 week"		"adult"	"http://www.ebi.ac.uk/efo/EFO_0001272"	"brain without olfactory bulb"		"Pdgfrb-GFP;NG2dsRed"		"Brain single cell 1745"	
"SRR5531175"	"Mus musculus"	"http://purl.obolibrary.org/obo/NCBITaxon_10090"	"C57BL/6"	"http://www.ebi.ac.uk/efo/EFO_0004472"	"12 to 15 week"		"adult"	"http://www.ebi.ac.uk/efo/EFO_0001272"	"brain without olfactory bulb"		"Pdgfrb-GFP;NG2dsRed"		"Brain single cell 1746"	
"SRR5531176"	"Mus musculus"	"http://purl.obolibrary.org/obo/NCBITaxon_10090"	"C57BL/6"	"http://www.ebi.ac.uk/efo/EFO_0004472"	"12 to 15 week"		"adult"	"http://www.ebi.ac.uk/efo/EFO_0001272"	"brain without olfactory bulb"		"Pdgfrb-GFP;NG2dsRed"		"Brain single cell 1747"	
"SRR5531177"	"Mus musculus"	"http://purl.obolibrary.org/obo/NCBITaxon_10090"	"C57BL/6"	"http://www.ebi.ac.uk/efo/EFO_0004472"	"12 to 15 week"		"adult"	"http://www.ebi.ac.uk/efo/EFO_0001272"	"brain without olfactory bulb"		"Pdgfrb-GFP;NG2dsRed"		"Brain single cell 1748"	
"SRR5531178"	"Mus musculus"	"http://purl.obolibrary.org/obo/NCBITaxon_10090"	"C57BL/6"	"http://www.ebi.ac.uk/efo/EFO_0004472"	"12 to 15 week"		"adult"	"http://www.ebi.ac.uk/efo/EFO_0001272"	"brain without olfactory bulb"		"Pdgfrb-GFP;NG2dsRed"		"Brain single cell 1749"	
"SRR5531179"	"Mus musculus"	"http://purl.obolibrary.org/obo/NCBITaxon_10090"	"C57BL/6"	"http://www.ebi.ac.uk/efo/EFO_0004472"	"12 to 15 week"		"adult"	"http://www.ebi.ac.uk/efo/EFO_0001272"	"brain without olfactory bulb"		"Pdgfrb-GFP;NG2dsRed"		"Brain single cell 1750"	
"SRR5531180"	"Mus musculus"	"http://purl.obolibrary.org/obo/NCBITaxon_10090"	"C57BL/6"	"http://www.ebi.ac.uk/efo/EFO_0004472"	"12 to 15 week"		"adult"	"http://www.ebi.ac.uk/efo/EFO_0001272"	"brain without olfactory bulb"		"Pdgfrb-GFP;NG2dsRed"		"Brain single cell 1751"	
"SRR5531181"	"Mus musculus"	"http://purl.obolibrary.org/obo/NCBITaxon_10090"	"C57BL/6"	"http://www.ebi.ac.uk/efo/EFO_0004472"	"12 to 15 week"		"adult"	"http://www.ebi.ac.uk/efo/EFO_0001272"	"brain without olfactory bulb"		"Pdgfrb-GFP;NG2dsRed"		"Brain single cell 1752"	
"SRR5531182"	"Mus musculus"	"http://purl.obolibrary.org/obo/NCBITaxon_10090"	"C57BL/6"	"http://www.ebi.ac.uk/efo/EFO_0004472"	"12 to 15 week"		"adult"	"http://www.ebi.ac.uk/efo/EFO_0001272"	"brain without olfactory bulb"		"Pdgfrb-GFP;NG2dsRed"		"Brain single cell 1753"	
"SRR5531183"	"Mus musculus"	"http://purl.obolibrary.org/obo/NCBITaxon_10090"	"C57BL/6"	"http://www.ebi.ac.uk/efo/EFO_0004472"	"12 to 15 week"		"adult"	"http://www.ebi.ac.uk/efo/EFO_0001272"	"brain without olfactory bulb"		"Pdgfrb-GFP;NG2dsRed"		"Brain single cell 1754"	
"SRR5531184"	"Mus musculus"	"http://purl.obolibrary.org/obo/NCBITaxon_10090"	"C57BL/6"	"http://www.ebi.ac.uk/efo/EFO_0004472"	"12 to 15 week"		"adult"	"http://www.ebi.ac.uk/efo/EFO_0001272"	"brain without olfactory bulb"		"Pdgfrb-GFP;NG2dsRed"		"Brain single cell 1755"	
"SRR5531185"	"Mus musculus"	"http://purl.obolibrary.org/obo/NCBITaxon_10090"	"C57BL/6"	"http://www.ebi.ac.uk/efo/EFO_0004472"	"12 to 15 week"		"adult"	"http://www.ebi.ac.uk/efo/EFO_0001272"	"brain without olfactory bulb"		"Pdgfrb-GFP;NG2dsRed"		"Brain single cell 1756"	
"SRR5531186"	"Mus musculus"	"http://purl.obolibrary.org/obo/NCBITaxon_10090"	"C57BL/6"	"http://www.ebi.ac.uk/efo/EFO_0004472"	"12 to 15 week"		"adult"	"http://www.ebi.ac.uk/efo/EFO_0001272"	"brain without olfactory bulb"		"Pdgfrb-GFP;NG2dsRed"		"Brain single cell 1757"	
"SRR5531187"	"Mus musculus"	"http://purl.obolibrary.org/obo/NCBITaxon_10090"	"C57BL/6"	"http://www.ebi.ac.uk/efo/EFO_0004472"	"12 to 15 week"		"adult"	"http://www.ebi.ac.uk/efo/EFO_0001272"	"brain without olfactory bulb"		"Pdgfrb-GFP;NG2dsRed"		"Brain single cell 1758"	
"SRR5531188"	"Mus musculus"	"http://purl.obolibrary.org/obo/NCBITaxon_10090"	"C57BL/6"	"http://www.ebi.ac.uk/efo/EFO_0004472"	"12 to 15 week"		"adult"	"http://www.ebi.ac.uk/efo/EFO_0001272"	"brain without olfactory bulb"		"Pdgfrb-GFP;NG2dsRed"		"Brain single cell 1759"	
"SRR5531189"	"Mus musculus"	"http://purl.obolibrary.org/obo/NCBITaxon_10090"	"C57BL/6"	"http://www.ebi.ac.uk/efo/EFO_0004472"	"12 to 15 week"		"adult"	"http://www.ebi.ac.uk/efo/EFO_0001272"	"brain without olfactory bulb"		"Pdgfrb-GFP;NG2dsRed"		"Brain single cell 1760"	
"SRR5531190"	"Mus musculus"	"http://purl.obolibrary.org/obo/NCBITaxon_10090"	"C57BL/6"	"http://www.ebi.ac.uk/efo/EFO_0004472"	"12 to 15 week"		"adult"	"http://www.ebi.ac.uk/efo/EFO_0001272"	"brain without olfactory bulb"		"Pdgfrb-GFP;NG2dsRed"		"Brain single cell 1761"	
"SRR5531191"	"Mus musculus"	"http://purl.obolibrary.org/obo/NCBITaxon_10090"	"C57BL/6"	"http://www.ebi.ac.uk/efo/EFO_0004472"	"12 to 15 week"		"adult"	"http://www.ebi.ac.uk/efo/EFO_0001272"	"brain without olfactory bulb"		"Pdgfrb-GFP;NG2dsRed"		"Brain single cell 1762"	
"SRR5531192"	"Mus musculus"	"http://purl.obolibrary.org/obo/NCBITaxon_10090"	"C57BL/6"	"http://www.ebi.ac.uk/efo/EFO_0004472"	"12 to 15 week"		"adult"	"http://www.ebi.ac.uk/efo/EFO_0001272"	"brain without olfactory bulb"		"Pdgfrb-GFP;NG2dsRed"		"Brain single cell 1763"	
"SRR5531193"	"Mus musculus"	"http://purl.obolibrary.org/obo/NCBITaxon_10090"	"C57BL/6"	"http://www.ebi.ac.uk/efo/EFO_0004472"	"12 to 15 week"		"adult"	"http://www.ebi.ac.uk/efo/EFO_0001272"	"brain without olfactory bulb"		"Pdgfrb-GFP;NG2dsRed"		"Brain single cell 1764"	
"SRR5531194"	"Mus musculus"	"http://purl.obolibrary.org/obo/NCBITaxon_10090"	"C57BL/6"	"http://www.ebi.ac.uk/efo/EFO_0004472"	"12 to 15 week"		"adult"	"http://www.ebi.ac.uk/efo/EFO_0001272"	"brain without olfactory bulb"		"Pdgfrb-GFP;NG2dsRed"		"Brain single cell 1765"	
"SRR5531195"	"Mus musculus"	"http://purl.obolibrary.org/obo/NCBITaxon_10090"	"C57BL/6"	"http://www.ebi.ac.uk/efo/EFO_0004472"	"12 to 15 week"		"adult"	"http://www.ebi.ac.uk/efo/EFO_0001272"	"brain without olfactory bulb"		"Pdgfrb-GFP;NG2dsRed"		"Brain single cell 1766"	
"SRR5531196"	"Mus musculus"	"http://purl.obolibrary.org/obo/NCBITaxon_10090"	"C57BL/6"	"http://www.ebi.ac.uk/efo/EFO_0004472"	"12 to 15 week"		"adult"	"http://www.ebi.ac.uk/efo/EFO_0001272"	"brain without olfactory bulb"		"Pdgfrb-GFP;NG2dsRed"		"Brain single cell 1767"	
"SRR5531197"	"Mus musculus"	"http://purl.obolibrary.org/obo/NCBITaxon_10090"	"C57BL/6"	"http://www.ebi.ac.uk/efo/EFO_0004472"	"12 to 15 week"		"adult"	"http://www.ebi.ac.uk/efo/EFO_0001272"	"brain without olfactory bulb"		"Pdgfrb-GFP;NG2dsRed"		"Brain single cell 1768"	
"SRR5531198"	"Mus musculus"	"http://purl.obolibrary.org/obo/NCBITaxon_10090"	"C57BL/6"	"http://www.ebi.ac.uk/efo/EFO_0004472"	"12 to 15 week"		"adult"	"http://www.ebi.ac.uk/efo/EFO_0001272"	"brain without olfactory bulb"		"Pdgfrb-GFP;NG2dsRed"		"Brain single cell 1769"	
"SRR5531199"	"Mus musculus"	"http://purl.obolibrary.org/obo/NCBITaxon_10090"	"C57BL/6"	"http://www.ebi.ac.uk/efo/EFO_0004472"	"12 to 15 week"		"adult"	"http://www.ebi.ac.uk/efo/EFO_0001272"	"brain without olfactory bulb"		"Pdgfrb-GFP;NG2dsRed"		"Brain single cell 1770"	
"SRR5531200"	"Mus musculus"	"http://purl.obolibrary.org/obo/NCBITaxon_10090"	"C57BL/6"	"http://www.ebi.ac.uk/efo/EFO_0004472"	"12 to 15 week"		"adult"	"http://www.ebi.ac.uk/efo/EFO_0001272"	"brain without olfactory bulb"		"Pdgfrb-GFP;NG2dsRed"		"Brain single cell 1771"	
"SRR5531201"	"Mus musculus"	"http://purl.obolibrary.org/obo/NCBITaxon_10090"	"C57BL/6"	"http://www.ebi.ac.uk/efo/EFO_0004472"	"12 to 15 week"		"adult"	"http://www.ebi.ac.uk/efo/EFO_0001272"	"brain without olfactory bulb"		"Pdgfrb-GFP;NG2dsRed"		"Brain single cell 1772"	
"SRR5531202"	"Mus musculus"	"http://purl.obolibrary.org/obo/NCBITaxon_10090"	"C57BL/6"	"http://www.ebi.ac.uk/efo/EFO_0004472"	"12 to 15 week"		"adult"	"http://www.ebi.ac.uk/efo/EFO_0001272"	"brain without olfactory bulb"		"Pdgfrb-GFP;NG2dsRed"		"Brain single cell 1773"	
"SRR5531203"	"Mus musculus"	"http://purl.obolibrary.org/obo/NCBITaxon_10090"	"C57BL/6"	"http://www.ebi.ac.uk/efo/EFO_0004472"	"12 to 15 week"		"adult"	"http://www.ebi.ac.uk/efo/EFO_0001272"	"brain without olfactory bulb"		"Pdgfrb-GFP;NG2dsRed"		"Brain single cell 1774"	
"SRR5531204"	"Mus musculus"	"http://purl.obolibrary.org/obo/NCBITaxon_10090"	"C57BL/6"	"http://www.ebi.ac.uk/efo/EFO_0004472"	"12 to 15 week"		"adult"	"http://www.ebi.ac.uk/efo/EFO_0001272"	"brain without olfactory bulb"		"Pdgfrb-GFP;NG2dsRed"		"Brain single cell 1775"	
"SRR5531205"	"Mus musculus"	"http://purl.obolibrary.org/obo/NCBITaxon_10090"	"C57BL/6"	"http://www.ebi.ac.uk/efo/EFO_0004472"	"12 to 15 week"		"adult"	"http://www.ebi.ac.uk/efo/EFO_0001272"	"brain without olfactory bulb"		"Pdgfrb-GFP;NG2dsRed"		"Brain single cell 1776"	
"SRR5531206"	"Mus musculus"	"http://purl.obolibrary.org/obo/NCBITaxon_10090"	"C57BL/6"	"http://www.ebi.ac.uk/efo/EFO_0004472"	"12 to 15 week"		"adult"	"http://www.ebi.ac.uk/efo/EFO_0001272"	"brain without olfactory bulb"		"Pdgfrb-GFP;NG2dsRed"		"Brain single cell 1777"	
"SRR5531207"	"Mus musculus"	"http://purl.obolibrary.org/obo/NCBITaxon_10090"	"C57BL/6"	"http://www.ebi.ac.uk/efo/EFO_0004472"	"12 to 15 week"		"adult"	"http://www.ebi.ac.uk/efo/EFO_0001272"	"brain without olfactory bulb"		"Pdgfrb-GFP;NG2dsRed"		"Brain single cell 1778"	
"SRR5531208"	"Mus musculus"	"http://purl.obolibrary.org/obo/NCBITaxon_10090"	"C57BL/6"	"http://www.ebi.ac.uk/efo/EFO_0004472"	"12 to 15 week"		"adult"	"http://www.ebi.ac.uk/efo/EFO_0001272"	"brain without olfactory bulb"		"Pdgfrb-GFP;NG2dsRed"		"Brain single cell 1779"	
"SRR5531209"	"Mus musculus"	"http://purl.obolibrary.org/obo/NCBITaxon_10090"	"C57BL/6"	"http://www.ebi.ac.uk/efo/EFO_0004472"	"12 to 15 week"		"adult"	"http://www.ebi.ac.uk/efo/EFO_0001272"	"brain without olfactory bulb"		"Pdgfrb-GFP;NG2dsRed"		"Brain single cell 1780"	
"SRR5531210"	"Mus musculus"	"http://purl.obolibrary.org/obo/NCBITaxon_10090"	"C57BL/6"	"http://www.ebi.ac.uk/efo/EFO_0004472"	"12 to 15 week"		"adult"	"http://www.ebi.ac.uk/efo/EFO_0001272"	"brain without olfactory bulb"		"Pdgfrb-GFP;NG2dsRed"		"Brain single cell 1781"	
"SRR5531211"	"Mus musculus"	"http://purl.obolibrary.org/obo/NCBITaxon_10090"	"C57BL/6"	"http://www.ebi.ac.uk/efo/EFO_0004472"	"12 to 15 week"		"adult"	"http://www.ebi.ac.uk/efo/EFO_0001272"	"brain without olfactory bulb"		"Pdgfrb-GFP;NG2dsRed"		"Brain single cell 1782"	
"SRR5531212"	"Mus musculus"	"http://purl.obolibrary.org/obo/NCBITaxon_10090"	"C57BL/6"	"http://www.ebi.ac.uk/efo/EFO_0004472"	"12 to 15 week"		"adult"	"http://www.ebi.ac.uk/efo/EFO_0001272"	"brain without olfactory bulb"		"Pdgfrb-GFP;NG2dsRed"		"Brain single cell 1783"	
"SRR5531213"	"Mus musculus"	"http://purl.obolibrary.org/obo/NCBITaxon_10090"	"C57BL/6"	"http://www.ebi.ac.uk/efo/EFO_0004472"	"12 to 15 week"		"adult"	"http://www.ebi.ac.uk/efo/EFO_0001272"	"brain without olfactory bulb"		"Pdgfrb-GFP;NG2dsRed"		"Brain single cell 1784"	
"SRR5531214"	"Mus musculus"	"http://purl.obolibrary.org/obo/NCBITaxon_10090"	"C57BL/6"	"http://www.ebi.ac.uk/efo/EFO_0004472"	"12 to 15 week"		"adult"	"http://www.ebi.ac.uk/efo/EFO_0001272"	"brain without olfactory bulb"		"Pdgfrb-GFP;NG2dsRed"		"Brain single cell 1785"	
"SRR5531215"	"Mus musculus"	"http://purl.obolibrary.org/obo/NCBITaxon_10090"	"C57BL/6"	"http://www.ebi.ac.uk/efo/EFO_0004472"	"12 to 15 week"		"adult"	"http://www.ebi.ac.uk/efo/EFO_0001272"	"brain without olfactory bulb"		"Pdgfrb-GFP;NG2dsRed"		"Brain single cell 1786"	
"SRR5531216"	"Mus musculus"	"http://purl.obolibrary.org/obo/NCBITaxon_10090"	"C57BL/6"	"http://www.ebi.ac.uk/efo/EFO_0004472"	"12 to 15 week"		"adult"	"http://www.ebi.ac.uk/efo/EFO_0001272"	"brain without olfactory bulb"		"Pdgfrb-GFP;NG2dsRed"		"Brain single cell 1787"	
"SRR5531217"	"Mus musculus"	"http://purl.obolibrary.org/obo/NCBITaxon_10090"	"C57BL/6"	"http://www.ebi.ac.uk/efo/EFO_0004472"	"12 to 15 week"		"adult"	"http://www.ebi.ac.uk/efo/EFO_0001272"	"brain without olfactory bulb"		"Pdgfrb-GFP;NG2dsRed"		"Brain single cell 1788"	
"SRR5531218"	"Mus musculus"	"http://purl.obolibrary.org/obo/NCBITaxon_10090"	"C57BL/6"	"http://www.ebi.ac.uk/efo/EFO_0004472"	"12 to 15 week"		"adult"	"http://www.ebi.ac.uk/efo/EFO_0001272"	"brain without olfactory bulb"		"Pdgfrb-GFP;NG2dsRed"		"Brain single cell 1789"	
"SRR5531219"	"Mus musculus"	"http://purl.obolibrary.org/obo/NCBITaxon_10090"	"C57BL/6"	"http://www.ebi.ac.uk/efo/EFO_0004472"	"12 to 15 week"		"adult"	"http://www.ebi.ac.uk/efo/EFO_0001272"	"brain without olfactory bulb"		"Pdgfrb-GFP;NG2dsRed"		"Brain single cell 1790"	
"SRR5531220"	"Mus musculus"	"http://purl.obolibrary.org/obo/NCBITaxon_10090"	"C57BL/6"	"http://www.ebi.ac.uk/efo/EFO_0004472"	"12 to 15 week"		"adult"	"http://www.ebi.ac.uk/efo/EFO_0001272"	"brain without olfactory bulb"		"Pdgfrb-GFP;NG2dsRed"		"Brain single cell 1791"	
"SRR5531221"	"Mus musculus"	"http://purl.obolibrary.org/obo/NCBITaxon_10090"	"C57BL/6"	"http://www.ebi.ac.uk/efo/EFO_0004472"	"12 to 15 week"		"adult"	"http://www.ebi.ac.uk/efo/EFO_0001272"	"brain without olfactory bulb"		"Pdgfrb-GFP;NG2dsRed"		"Brain single cell 1792"	
"SRR5531222"	"Mus musculus"	"http://purl.obolibrary.org/obo/NCBITaxon_10090"	"C57BL/6"	"http://www.ebi.ac.uk/efo/EFO_0004472"	"12 to 15 week"		"adult"	"http://www.ebi.ac.uk/efo/EFO_0001272"	"brain without olfactory bulb"		"Pdgfrb-GFP;NG2dsRed"		"Brain single cell 1793"	
"SRR5531223"	"Mus musculus"	"http://purl.obolibrary.org/obo/NCBITaxon_10090"	"C57BL/6"	"http://www.ebi.ac.uk/efo/EFO_0004472"	"12 to 15 week"		"adult"	"http://www.ebi.ac.uk/efo/EFO_0001272"	"brain without olfactory bulb"		"Pdgfrb-GFP;NG2dsRed"		"Brain single cell 1794"	
"SRR5531224"	"Mus musculus"	"http://purl.obolibrary.org/obo/NCBITaxon_10090"	"C57BL/6"	"http://www.ebi.ac.uk/efo/EFO_0004472"	"12 to 15 week"		"adult"	"http://www.ebi.ac.uk/efo/EFO_0001272"	"brain without olfactory bulb"		"Pdgfrb-GFP;NG2dsRed"		"Brain single cell 1795"	
"SRR5531225"	"Mus musculus"	"http://purl.obolibrary.org/obo/NCBITaxon_10090"	"C57BL/6"	"http://www.ebi.ac.uk/efo/EFO_0004472"	"12 to 15 week"		"adult"	"http://www.ebi.ac.uk/efo/EFO_0001272"	"brain without olfactory bulb"		"Pdgfrb-GFP;NG2dsRed"		"Brain single cell 1796"	
"SRR5531226"	"Mus musculus"	"http://purl.obolibrary.org/obo/NCBITaxon_10090"	"C57BL/6"	"http://www.ebi.ac.uk/efo/EFO_0004472"	"12 to 15 week"		"adult"	"http://www.ebi.ac.uk/efo/EFO_0001272"	"brain without olfactory bulb"		"Pdgfrb-GFP;NG2dsRed"		"Brain single cell 1797"	
"SRR5531227"	"Mus musculus"	"http://purl.obolibrary.org/obo/NCBITaxon_10090"	"C57BL/6"	"http://www.ebi.ac.uk/efo/EFO_0004472"	"12 to 15 week"		"adult"	"http://www.ebi.ac.uk/efo/EFO_0001272"	"brain without olfactory bulb"		"Pdgfrb-GFP;NG2dsRed"		"Brain single cell 1798"	
"SRR5531228"	"Mus musculus"	"http://purl.obolibrary.org/obo/NCBITaxon_10090"	"C57BL/6"	"http://www.ebi.ac.uk/efo/EFO_0004472"	"12 to 15 week"		"adult"	"http://www.ebi.ac.uk/efo/EFO_0001272"	"brain without olfactory bulb"		"Pdgfrb-GFP;NG2dsRed"		"Brain single cell 1799"	
"SRR5531229"	"Mus musculus"	"http://purl.obolibrary.org/obo/NCBITaxon_10090"	"C57BL/6"	"http://www.ebi.ac.uk/efo/EFO_0004472"	"12 to 15 week"		"adult"	"http://www.ebi.ac.uk/efo/EFO_0001272"	"brain without olfactory bulb"		"Pdgfrb-GFP;NG2dsRed"		"Brain single cell 1800"	
"SRR5531230"	"Mus musculus"	"http://purl.obolibrary.org/obo/NCBITaxon_10090"	"C57BL/6"	"http://www.ebi.ac.uk/efo/EFO_0004472"	"12 to 15 week"		"adult"	"http://www.ebi.ac.uk/efo/EFO_0001272"	"brain without olfactory bulb"		"Pdgfrb-GFP;NG2dsRed"		"Brain single cell 1801"	
"SRR5531231"	"Mus musculus"	"http://purl.obolibrary.org/obo/NCBITaxon_10090"	"C57BL/6"	"http://www.ebi.ac.uk/efo/EFO_0004472"	"12 to 15 week"		"adult"	"http://www.ebi.ac.uk/efo/EFO_0001272"	"brain without olfactory bulb"		"Pdgfrb-GFP;NG2dsRed"		"Brain single cell 1802"	
"SRR5531232"	"Mus musculus"	"http://purl.obolibrary.org/obo/NCBITaxon_10090"	"C57BL/6"	"http://www.ebi.ac.uk/efo/EFO_0004472"	"12 to 15 week"		"adult"	"http://www.ebi.ac.uk/efo/EFO_0001272"	"brain without olfactory bulb"		"Pdgfrb-GFP;NG2dsRed"		"Brain single cell 1803"	
"SRR5531233"	"Mus musculus"	"http://purl.obolibrary.org/obo/NCBITaxon_10090"	"C57BL/6"	"http://www.ebi.ac.uk/efo/EFO_0004472"	"12 to 15 week"		"adult"	"http://www.ebi.ac.uk/efo/EFO_0001272"	"brain without olfactory bulb"		"Pdgfrb-GFP;NG2dsRed"		"Brain single cell 1804"	
"SRR5531234"	"Mus musculus"	"http://purl.obolibrary.org/obo/NCBITaxon_10090"	"C57BL/6"	"http://www.ebi.ac.uk/efo/EFO_0004472"	"12 to 15 week"		"adult"	"http://www.ebi.ac.uk/efo/EFO_0001272"	"brain without olfactory bulb"		"Pdgfrb-GFP;NG2dsRed"		"Brain single cell 1805"	
"SRR5531235"	"Mus musculus"	"http://purl.obolibrary.org/obo/NCBITaxon_10090"	"C57BL/6"	"http://www.ebi.ac.uk/efo/EFO_0004472"	"12 to 15 week"		"adult"	"http://www.ebi.ac.uk/efo/EFO_0001272"	"brain without olfactory bulb"		"Pdgfrb-GFP;NG2dsRed"		"Brain single cell 1806"	
"SRR5531236"	"Mus musculus"	"http://purl.obolibrary.org/obo/NCBITaxon_10090"	"C57BL/6"	"http://www.ebi.ac.uk/efo/EFO_0004472"	"12 to 15 week"		"adult"	"http://www.ebi.ac.uk/efo/EFO_0001272"	"brain without olfactory bulb"		"Pdgfrb-GFP;NG2dsRed"		"Brain single cell 1807"	
"SRR5531237"	"Mus musculus"	"http://purl.obolibrary.org/obo/NCBITaxon_10090"	"C57BL/6"	"http://www.ebi.ac.uk/efo/EFO_0004472"	"12 to 15 week"		"adult"	"http://www.ebi.ac.uk/efo/EFO_0001272"	"brain without olfactory bulb"		"Pdgfrb-GFP;NG2dsRed"		"Brain single cell 1808"	
"SRR5531238"	"Mus musculus"	"http://purl.obolibrary.org/obo/NCBITaxon_10090"	"C57BL/6"	"http://www.ebi.ac.uk/efo/EFO_0004472"	"12 to 15 week"		"adult"	"http://www.ebi.ac.uk/efo/EFO_0001272"	"brain without olfactory bulb"		"Pdgfrb-GFP;NG2dsRed"		"Brain single cell 1809"	
"SRR5531239"	"Mus musculus"	"http://purl.obolibrary.org/obo/NCBITaxon_10090"	"C57BL/6"	"http://www.ebi.ac.uk/efo/EFO_0004472"	"12 to 15 week"		"adult"	"http://www.ebi.ac.uk/efo/EFO_0001272"	"brain without olfactory bulb"		"Pdgfrb-GFP;NG2dsRed"		"Brain single cell 1810"	
"SRR5531240"	"Mus musculus"	"http://purl.obolibrary.org/obo/NCBITaxon_10090"	"C57BL/6"	"http://www.ebi.ac.uk/efo/EFO_0004472"	"12 to 15 week"		"adult"	"http://www.ebi.ac.uk/efo/EFO_0001272"	"brain without olfactory bulb"		"Pdgfrb-GFP;NG2dsRed"		"Brain single cell 1811"	
"SRR5531241"	"Mus musculus"	"http://purl.obolibrary.org/obo/NCBITaxon_10090"	"C57BL/6"	"http://www.ebi.ac.uk/efo/EFO_0004472"	"12 to 15 week"		"adult"	"http://www.ebi.ac.uk/efo/EFO_0001272"	"brain without olfactory bulb"		"Pdgfrb-GFP;NG2dsRed"		"Brain single cell 1812"	
"SRR5531242"	"Mus musculus"	"http://purl.obolibrary.org/obo/NCBITaxon_10090"	"C57BL/6"	"http://www.ebi.ac.uk/efo/EFO_0004472"	"12 to 15 week"		"adult"	"http://www.ebi.ac.uk/efo/EFO_0001272"	"brain without olfactory bulb"		"Pdgfrb-GFP;NG2dsRed"		"Brain single cell 1813"	
"SRR5531243"	"Mus musculus"	"http://purl.obolibrary.org/obo/NCBITaxon_10090"	"C57BL/6"	"http://www.ebi.ac.uk/efo/EFO_0004472"	"12 to 15 week"		"adult"	"http://www.ebi.ac.uk/efo/EFO_0001272"	"brain without olfactory bulb"		"Pdgfrb-GFP;NG2dsRed"		"Brain single cell 1814"	
"SRR5531244"	"Mus musculus"	"http://purl.obolibrary.org/obo/NCBITaxon_10090"	"C57BL/6"	"http://www.ebi.ac.uk/efo/EFO_0004472"	"12 to 15 week"		"adult"	"http://www.ebi.ac.uk/efo/EFO_0001272"	"brain without olfactory bulb"		"Pdgfrb-GFP;NG2dsRed"		"Brain single cell 1815"	
"SRR5531245"	"Mus musculus"	"http://purl.obolibrary.org/obo/NCBITaxon_10090"	"C57BL/6"	"http://www.ebi.ac.uk/efo/EFO_0004472"	"12 to 15 week"		"adult"	"http://www.ebi.ac.uk/efo/EFO_0001272"	"brain without olfactory bulb"		"Pdgfrb-GFP;NG2dsRed"		"Brain single cell 1816"	
"SRR5531246"	"Mus musculus"	"http://purl.obolibrary.org/obo/NCBITaxon_10090"	"C57BL/6"	"http://www.ebi.ac.uk/efo/EFO_0004472"	"12 to 15 week"		"adult"	"http://www.ebi.ac.uk/efo/EFO_0001272"	"brain without olfactory bulb"		"Pdgfrb-GFP;NG2dsRed"		"Brain single cell 1817"	
"SRR5531247"	"Mus musculus"	"http://purl.obolibrary.org/obo/NCBITaxon_10090"	"C57BL/6"	"http://www.ebi.ac.uk/efo/EFO_0004472"	"12 to 15 week"		"adult"	"http://www.ebi.ac.uk/efo/EFO_0001272"	"brain without olfactory bulb"		"Pdgfrb-GFP;NG2dsRed"		"Brain single cell 1818"	
"SRR5531248"	"Mus musculus"	"http://purl.obolibrary.org/obo/NCBITaxon_10090"	"C57BL/6"	"http://www.ebi.ac.uk/efo/EFO_0004472"	"12 to 15 week"		"adult"	"http://www.ebi.ac.uk/efo/EFO_0001272"	"brain without olfactory bulb"		"Pdgfrb-GFP;NG2dsRed"		"Brain single cell 1819"	
"SRR5531249"	"Mus musculus"	"http://purl.obolibrary.org/obo/NCBITaxon_10090"	"C57BL/6"	"http://www.ebi.ac.uk/efo/EFO_0004472"	"12 to 15 week"		"adult"	"http://www.ebi.ac.uk/efo/EFO_0001272"	"brain without olfactory bulb"		"Pdgfrb-GFP;NG2dsRed"		"Brain single cell 1820"	
"SRR5531250"	"Mus musculus"	"http://purl.obolibrary.org/obo/NCBITaxon_10090"	"C57BL/6"	"http://www.ebi.ac.uk/efo/EFO_0004472"	"12 to 15 week"		"adult"	"http://www.ebi.ac.uk/efo/EFO_0001272"	"brain without olfactory bulb"		"Pdgfrb-GFP;NG2dsRed"		"Brain single cell 1821"	
"SRR5531251"	"Mus musculus"	"http://purl.obolibrary.org/obo/NCBITaxon_10090"	"C57BL/6"	"http://www.ebi.ac.uk/efo/EFO_0004472"	"12 to 15 week"		"adult"	"http://www.ebi.ac.uk/efo/EFO_0001272"	"brain without olfactory bulb"		"Pdgfrb-GFP;NG2dsRed"		"Brain single cell 1822"	
"SRR5531252"	"Mus musculus"	"http://purl.obolibrary.org/obo/NCBITaxon_10090"	"C57BL/6"	"http://www.ebi.ac.uk/efo/EFO_0004472"	"12 to 15 week"		"adult"	"http://www.ebi.ac.uk/efo/EFO_0001272"	"brain without olfactory bulb"		"Pdgfrb-GFP;NG2dsRed"		"Brain single cell 1823"	
"SRR5531253"	"Mus musculus"	"http://purl.obolibrary.org/obo/NCBITaxon_10090"	"C57BL/6"	"http://www.ebi.ac.uk/efo/EFO_0004472"	"12 to 15 week"		"adult"	"http://www.ebi.ac.uk/efo/EFO_0001272"	"brain without olfactory bulb"		"Pdgfrb-GFP;NG2dsRed"		"Brain single cell 1824"	
"SRR5531254"	"Mus musculus"	"http://purl.obolibrary.org/obo/NCBITaxon_10090"	"C57BL/6"	"http://www.ebi.ac.uk/efo/EFO_0004472"	"12 to 15 week"		"adult"	"http://www.ebi.ac.uk/efo/EFO_0001272"	"brain without olfactory bulb"		"Pdgfrb-GFP;NG2dsRed"		"Brain single cell 1825"	
"SRR5531255"	"Mus musculus"	"http://purl.obolibrary.org/obo/NCBITaxon_10090"	"C57BL/6"	"http://www.ebi.ac.uk/efo/EFO_0004472"	"12 to 15 week"		"adult"	"http://www.ebi.ac.uk/efo/EFO_0001272"	"brain without olfactory bulb"		"Pdgfrb-GFP;NG2dsRed"		"Brain single cell 1826"	
"SRR5531256"	"Mus musculus"	"http://purl.obolibrary.org/obo/NCBITaxon_10090"	"C57BL/6"	"http://www.ebi.ac.uk/efo/EFO_0004472"	"12 to 15 week"		"adult"	"http://www.ebi.ac.uk/efo/EFO_0001272"	"brain without olfactory bulb"		"Pdgfrb-GFP;NG2dsRed"		"Brain single cell 1827"	
"SRR5531257"	"Mus musculus"	"http://purl.obolibrary.org/obo/NCBITaxon_10090"	"C57BL/6"	"http://www.ebi.ac.uk/efo/EFO_0004472"	"12 to 15 week"		"adult"	"http://www.ebi.ac.uk/efo/EFO_0001272"	"brain without olfactory bulb"		"Pdgfrb-GFP;NG2dsRed"		"Brain single cell 1828"	
"SRR5531258"	"Mus musculus"	"http://purl.obolibrary.org/obo/NCBITaxon_10090"	"C57BL/6"	"http://www.ebi.ac.uk/efo/EFO_0004472"	"12 to 15 week"		"adult"	"http://www.ebi.ac.uk/efo/EFO_0001272"	"brain without olfactory bulb"		"Pdgfrb-GFP;NG2dsRed"		"Brain single cell 1829"	
"SRR5531259"	"Mus musculus"	"http://purl.obolibrary.org/obo/NCBITaxon_10090"	"C57BL/6"	"http://www.ebi.ac.uk/efo/EFO_0004472"	"12 to 15 week"		"adult"	"http://www.ebi.ac.uk/efo/EFO_0001272"	"brain without olfactory bulb"		"Pdgfrb-GFP;NG2dsRed"		"Brain single cell 1830"	
"SRR5531260"	"Mus musculus"	"http://purl.obolibrary.org/obo/NCBITaxon_10090"	"C57BL/6"	"http://www.ebi.ac.uk/efo/EFO_0004472"	"12 to 15 week"		"adult"	"http://www.ebi.ac.uk/efo/EFO_0001272"	"brain without olfactory bulb"		"Pdgfrb-GFP;NG2dsRed"		"Brain single cell 1831"	
"SRR5531261"	"Mus musculus"	"http://purl.obolibrary.org/obo/NCBITaxon_10090"	"C57BL/6"	"http://www.ebi.ac.uk/efo/EFO_0004472"	"12 to 15 week"		"adult"	"http://www.ebi.ac.uk/efo/EFO_0001272"	"brain without olfactory bulb"		"Pdgfrb-GFP;NG2dsRed"		"Brain single cell 1832"	
"SRR5531262"	"Mus musculus"	"http://purl.obolibrary.org/obo/NCBITaxon_10090"	"C57BL/6"	"http://www.ebi.ac.uk/efo/EFO_0004472"	"12 to 15 week"		"adult"	"http://www.ebi.ac.uk/efo/EFO_0001272"	"brain without olfactory bulb"		"Pdgfrb-GFP;NG2dsRed"		"Brain single cell 1833"	
"SRR5531263"	"Mus musculus"	"http://purl.obolibrary.org/obo/NCBITaxon_10090"	"C57BL/6"	"http://www.ebi.ac.uk/efo/EFO_0004472"	"12 to 15 week"		"adult"	"http://www.ebi.ac.uk/efo/EFO_0001272"	"brain without olfactory bulb"		"Pdgfrb-GFP;NG2dsRed"		"Brain single cell 1834"	
"SRR5531264"	"Mus musculus"	"http://purl.obolibrary.org/obo/NCBITaxon_10090"	"C57BL/6"	"http://www.ebi.ac.uk/efo/EFO_0004472"	"12 to 15 week"		"adult"	"http://www.ebi.ac.uk/efo/EFO_0001272"	"brain without olfactory bulb"		"Pdgfrb-GFP;NG2dsRed"		"Brain single cell 1835"	
"SRR5531265"	"Mus musculus"	"http://purl.obolibrary.org/obo/NCBITaxon_10090"	"C57BL/6"	"http://www.ebi.ac.uk/efo/EFO_0004472"	"12 to 15 week"		"adult"	"http://www.ebi.ac.uk/efo/EFO_0001272"	"brain without olfactory bulb"		"Pdgfrb-GFP;NG2dsRed"		"Brain single cell 1836"	
"SRR5531266"	"Mus musculus"	"http://purl.obolibrary.org/obo/NCBITaxon_10090"	"C57BL/6"	"http://www.ebi.ac.uk/efo/EFO_0004472"	"12 to 15 week"		"adult"	"http://www.ebi.ac.uk/efo/EFO_0001272"	"brain without olfactory bulb"		"Pdgfrb-GFP;NG2dsRed"		"Brain single cell 1837"	
"SRR5531267"	"Mus musculus"	"http://purl.obolibrary.org/obo/NCBITaxon_10090"	"C57BL/6"	"http://www.ebi.ac.uk/efo/EFO_0004472"	"12 to 15 week"		"adult"	"http://www.ebi.ac.uk/efo/EFO_0001272"	"brain without olfactory bulb"		"Pdgfrb-GFP;NG2dsRed"		"Brain single cell 1838"	
"SRR5531268"	"Mus musculus"	"http://purl.obolibrary.org/obo/NCBITaxon_10090"	"C57BL/6"	"http://www.ebi.ac.uk/efo/EFO_0004472"	"12 to 15 week"		"adult"	"http://www.ebi.ac.uk/efo/EFO_0001272"	"brain without olfactory bulb"		"Pdgfrb-GFP;NG2dsRed"		"Brain single cell 1839"	
"SRR5531269"	"Mus musculus"	"http://purl.obolibrary.org/obo/NCBITaxon_10090"	"C57BL/6"	"http://www.ebi.ac.uk/efo/EFO_0004472"	"12 to 15 week"		"adult"	"http://www.ebi.ac.uk/efo/EFO_0001272"	"brain without olfactory bulb"		"Pdgfrb-GFP;NG2dsRed"		"Brain single cell 1840"	
"SRR5531270"	"Mus musculus"	"http://purl.obolibrary.org/obo/NCBITaxon_10090"	"C57BL/6"	"http://www.ebi.ac.uk/efo/EFO_0004472"	"12 to 15 week"		"adult"	"http://www.ebi.ac.uk/efo/EFO_0001272"	"brain without olfactory bulb"		"Pdgfrb-GFP;NG2dsRed"		"Brain single cell 1841"	
"SRR5531271"	"Mus musculus"	"http://purl.obolibrary.org/obo/NCBITaxon_10090"	"C57BL/6"	"http://www.ebi.ac.uk/efo/EFO_0004472"	"12 to 15 week"		"adult"	"http://www.ebi.ac.uk/efo/EFO_0001272"	"brain without olfactory bulb"		"Pdgfrb-GFP;NG2dsRed"		"Brain single cell 1842"	
"SRR5531272"	"Mus musculus"	"http://purl.obolibrary.org/obo/NCBITaxon_10090"	"C57BL/6"	"http://www.ebi.ac.uk/efo/EFO_0004472"	"12 to 15 week"		"adult"	"http://www.ebi.ac.uk/efo/EFO_0001272"	"brain without olfactory bulb"		"Pdgfrb-GFP;NG2dsRed"		"Brain single cell 1843"	
"SRR5531273"	"Mus musculus"	"http://purl.obolibrary.org/obo/NCBITaxon_10090"	"C57BL/6"	"http://www.ebi.ac.uk/efo/EFO_0004472"	"12 to 15 week"		"adult"	"http://www.ebi.ac.uk/efo/EFO_0001272"	"brain without olfactory bulb"		"Pdgfrb-GFP;NG2dsRed"		"Brain single cell 1844"	
"SRR5531274"	"Mus musculus"	"http://purl.obolibrary.org/obo/NCBITaxon_10090"	"C57BL/6"	"http://www.ebi.ac.uk/efo/EFO_0004472"	"12 to 15 week"		"adult"	"http://www.ebi.ac.uk/efo/EFO_0001272"	"brain without olfactory bulb"		"Pdgfrb-GFP;NG2dsRed"		"Brain single cell 1845"	
"SRR5531275"	"Mus musculus"	"http://purl.obolibrary.org/obo/NCBITaxon_10090"	"C57BL/6"	"http://www.ebi.ac.uk/efo/EFO_0004472"	"12 to 15 week"		"adult"	"http://www.ebi.ac.uk/efo/EFO_0001272"	"brain without olfactory bulb"		"Pdgfrb-GFP;NG2dsRed"		"Brain single cell 1846"	
"SRR5531276"	"Mus musculus"	"http://purl.obolibrary.org/obo/NCBITaxon_10090"	"C57BL/6"	"http://www.ebi.ac.uk/efo/EFO_0004472"	"12 to 15 week"		"adult"	"http://www.ebi.ac.uk/efo/EFO_0001272"	"brain without olfactory bulb"		"Pdgfrb-GFP;NG2dsRed"		"Brain single cell 1847"	
"SRR5531277"	"Mus musculus"	"http://purl.obolibrary.org/obo/NCBITaxon_10090"	"C57BL/6"	"http://www.ebi.ac.uk/efo/EFO_0004472"	"12 to 15 week"		"adult"	"http://www.ebi.ac.uk/efo/EFO_0001272"	"brain without olfactory bulb"		"Pdgfrb-GFP;NG2dsRed"		"Brain single cell 1848"	
"SRR5531278"	"Mus musculus"	"http://purl.obolibrary.org/obo/NCBITaxon_10090"	"C57BL/6"	"http://www.ebi.ac.uk/efo/EFO_0004472"	"12 to 15 week"		"adult"	"http://www.ebi.ac.uk/efo/EFO_0001272"	"brain without olfactory bulb"		"Pdgfrb-GFP;NG2dsRed"		"Brain single cell 1849"	
"SRR5531279"	"Mus musculus"	"http://purl.obolibrary.org/obo/NCBITaxon_10090"	"C57BL/6"	"http://www.ebi.ac.uk/efo/EFO_0004472"	"12 to 15 week"		"adult"	"http://www.ebi.ac.uk/efo/EFO_0001272"	"brain without olfactory bulb"		"Pdgfrb-GFP;NG2dsRed"		"Brain single cell 1850"	
"SRR5531280"	"Mus musculus"	"http://purl.obolibrary.org/obo/NCBITaxon_10090"	"C57BL/6"	"http://www.ebi.ac.uk/efo/EFO_0004472"	"12 to 15 week"		"adult"	"http://www.ebi.ac.uk/efo/EFO_0001272"	"brain without olfactory bulb"		"Pdgfrb-GFP;NG2dsRed"		"Brain single cell 1851"	
"SRR5531281"	"Mus musculus"	"http://purl.obolibrary.org/obo/NCBITaxon_10090"	"C57BL/6"	"http://www.ebi.ac.uk/efo/EFO_0004472"	"12 to 15 week"		"adult"	"http://www.ebi.ac.uk/efo/EFO_0001272"	"brain without olfactory bulb"		"Pdgfrb-GFP;NG2dsRed"		"Brain single cell 1852"	
"SRR5531282"	"Mus musculus"	"http://purl.obolibrary.org/obo/NCBITaxon_10090"	"C57BL/6"	"http://www.ebi.ac.uk/efo/EFO_0004472"	"12 to 15 week"		"adult"	"http://www.ebi.ac.uk/efo/EFO_0001272"	"brain without olfactory bulb"		"Pdgfrb-GFP;NG2dsRed"		"Brain single cell 1853"	
"SRR5531283"	"Mus musculus"	"http://purl.obolibrary.org/obo/NCBITaxon_10090"	"C57BL/6"	"http://www.ebi.ac.uk/efo/EFO_0004472"	"12 to 15 week"		"adult"	"http://www.ebi.ac.uk/efo/EFO_0001272"	"brain without olfactory bulb"		"Pdgfrb-GFP;NG2dsRed"		"Brain single cell 1854"	
"SRR5531284"	"Mus musculus"	"http://purl.obolibrary.org/obo/NCBITaxon_10090"	"C57BL/6"	"http://www.ebi.ac.uk/efo/EFO_0004472"	"12 to 15 week"		"adult"	"http://www.ebi.ac.uk/efo/EFO_0001272"	"brain without olfactory bulb"		"Pdgfrb-GFP;NG2dsRed"		"Brain single cell 1855"	
"SRR5531285"	"Mus musculus"	"http://purl.obolibrary.org/obo/NCBITaxon_10090"	"C57BL/6"	"http://www.ebi.ac.uk/efo/EFO_0004472"	"12 to 15 week"		"adult"	"http://www.ebi.ac.uk/efo/EFO_0001272"	"brain without olfactory bulb"		"Pdgfrb-GFP;NG2dsRed"		"Brain single cell 1856"	
"SRR5531286"	"Mus musculus"	"http://purl.obolibrary.org/obo/NCBITaxon_10090"	"C57BL/6"	"http://www.ebi.ac.uk/efo/EFO_0004472"	"12 to 15 week"		"adult"	"http://www.ebi.ac.uk/efo/EFO_0001272"	"brain without olfactory bulb"		"Pdgfrb-GFP;NG2dsRed"		"Brain single cell 1857"	
"SRR5531287"	"Mus musculus"	"http://purl.obolibrary.org/obo/NCBITaxon_10090"	"C57BL/6"	"http://www.ebi.ac.uk/efo/EFO_0004472"	"12 to 15 week"		"adult"	"http://www.ebi.ac.uk/efo/EFO_0001272"	"brain without olfactory bulb"		"Pdgfrb-GFP;NG2dsRed"		"Brain single cell 1858"	
"SRR5531288"	"Mus musculus"	"http://purl.obolibrary.org/obo/NCBITaxon_10090"	"C57BL/6"	"http://www.ebi.ac.uk/efo/EFO_0004472"	"12 to 15 week"		"adult"	"http://www.ebi.ac.uk/efo/EFO_0001272"	"brain without olfactory bulb"		"Pdgfrb-GFP;NG2dsRed"		"Brain single cell 1859"	
"SRR5531289"	"Mus musculus"	"http://purl.obolibrary.org/obo/NCBITaxon_10090"	"C57BL/6"	"http://www.ebi.ac.uk/efo/EFO_0004472"	"12 to 15 week"		"adult"	"http://www.ebi.ac.uk/efo/EFO_0001272"	"brain without olfactory bulb"		"Pdgfrb-GFP;NG2dsRed"		"Brain single cell 1860"	
"SRR5531290"	"Mus musculus"	"http://purl.obolibrary.org/obo/NCBITaxon_10090"	"C57BL/6"	"http://www.ebi.ac.uk/efo/EFO_0004472"	"12 to 15 week"		"adult"	"http://www.ebi.ac.uk/efo/EFO_0001272"	"brain without olfactory bulb"		"Pdgfrb-GFP;NG2dsRed"		"Brain single cell 1861"	
"SRR5531291"	"Mus musculus"	"http://purl.obolibrary.org/obo/NCBITaxon_10090"	"C57BL/6"	"http://www.ebi.ac.uk/efo/EFO_0004472"	"12 to 15 week"		"adult"	"http://www.ebi.ac.uk/efo/EFO_0001272"	"brain without olfactory bulb"		"Pdgfrb-GFP;NG2dsRed"		"Brain single cell 1862"	
"SRR5531292"	"Mus musculus"	"http://purl.obolibrary.org/obo/NCBITaxon_10090"	"C57BL/6"	"http://www.ebi.ac.uk/efo/EFO_0004472"	"12 to 15 week"		"adult"	"http://www.ebi.ac.uk/efo/EFO_0001272"	"brain without olfactory bulb"		"Pdgfrb-GFP;NG2dsRed"		"Brain single cell 1863"	
"SRR5531293"	"Mus musculus"	"http://purl.obolibrary.org/obo/NCBITaxon_10090"	"C57BL/6"	"http://www.ebi.ac.uk/efo/EFO_0004472"	"12 to 15 week"		"adult"	"http://www.ebi.ac.uk/efo/EFO_0001272"	"brain without olfactory bulb"		"Pdgfrb-GFP;NG2dsRed"		"Brain single cell 1864"	
"SRR5531294"	"Mus musculus"	"http://purl.obolibrary.org/obo/NCBITaxon_10090"	"C57BL/6"	"http://www.ebi.ac.uk/efo/EFO_0004472"	"12 to 15 week"		"adult"	"http://www.ebi.ac.uk/efo/EFO_0001272"	"brain without olfactory bulb"		"Pdgfrb-GFP;NG2dsRed"		"Brain single cell 1865"	
"SRR5531295"	"Mus musculus"	"http://purl.obolibrary.org/obo/NCBITaxon_10090"	"C57BL/6"	"http://www.ebi.ac.uk/efo/EFO_0004472"	"12 to 15 week"		"adult"	"http://www.ebi.ac.uk/efo/EFO_0001272"	"brain without olfactory bulb"		"Pdgfrb-GFP;NG2dsRed"		"Brain single cell 1866"	
"SRR5531296"	"Mus musculus"	"http://purl.obolibrary.org/obo/NCBITaxon_10090"	"C57BL/6"	"http://www.ebi.ac.uk/efo/EFO_0004472"	"12 to 15 week"		"adult"	"http://www.ebi.ac.uk/efo/EFO_0001272"	"brain without olfactory bulb"		"Pdgfrb-GFP;NG2dsRed"		"Brain single cell 1867"	
"SRR5531297"	"Mus musculus"	"http://purl.obolibrary.org/obo/NCBITaxon_10090"	"C57BL/6"	"http://www.ebi.ac.uk/efo/EFO_0004472"	"12 to 15 week"		"adult"	"http://www.ebi.ac.uk/efo/EFO_0001272"	"brain without olfactory bulb"		"Pdgfrb-GFP;NG2dsRed"		"Brain single cell 1868"	
"SRR5531298"	"Mus musculus"	"http://purl.obolibrary.org/obo/NCBITaxon_10090"	"C57BL/6"	"http://www.ebi.ac.uk/efo/EFO_0004472"	"12 to 15 week"		"adult"	"http://www.ebi.ac.uk/efo/EFO_0001272"	"brain without olfactory bulb"		"Pdgfrb-GFP;NG2dsRed"		"Brain single cell 1869"	
"SRR5531299"	"Mus musculus"	"http://purl.obolibrary.org/obo/NCBITaxon_10090"	"C57BL/6"	"http://www.ebi.ac.uk/efo/EFO_0004472"	"12 to 15 week"		"adult"	"http://www.ebi.ac.uk/efo/EFO_0001272"	"brain without olfactory bulb"		"Pdgfrb-GFP;NG2dsRed"		"Brain single cell 1870"	
"SRR5531300"	"Mus musculus"	"http://purl.obolibrary.org/obo/NCBITaxon_10090"	"C57BL/6"	"http://www.ebi.ac.uk/efo/EFO_0004472"	"12 to 15 week"		"adult"	"http://www.ebi.ac.uk/efo/EFO_0001272"	"brain without olfactory bulb"		"Pdgfrb-GFP;NG2dsRed"		"Brain single cell 1871"	
"SRR5531301"	"Mus musculus"	"http://purl.obolibrary.org/obo/NCBITaxon_10090"	"C57BL/6"	"http://www.ebi.ac.uk/efo/EFO_0004472"	"12 to 15 week"		"adult"	"http://www.ebi.ac.uk/efo/EFO_0001272"	"brain without olfactory bulb"		"Pdgfrb-GFP;NG2dsRed"		"Brain single cell 1872"	
"SRR5531302"	"Mus musculus"	"http://purl.obolibrary.org/obo/NCBITaxon_10090"	"C57BL/6"	"http://www.ebi.ac.uk/efo/EFO_0004472"	"12 to 15 week"		"adult"	"http://www.ebi.ac.uk/efo/EFO_0001272"	"brain without olfactory bulb"		"Pdgfrb-GFP;NG2dsRed"		"Brain single cell 1873"	
"SRR5531303"	"Mus musculus"	"http://purl.obolibrary.org/obo/NCBITaxon_10090"	"C57BL/6"	"http://www.ebi.ac.uk/efo/EFO_0004472"	"12 to 15 week"		"adult"	"http://www.ebi.ac.uk/efo/EFO_0001272"	"brain without olfactory bulb"		"Pdgfrb-GFP;NG2dsRed"		"Brain single cell 1874"	
"SRR5531304"	"Mus musculus"	"http://purl.obolibrary.org/obo/NCBITaxon_10090"	"C57BL/6"	"http://www.ebi.ac.uk/efo/EFO_0004472"	"12 to 15 week"		"adult"	"http://www.ebi.ac.uk/efo/EFO_0001272"	"brain without olfactory bulb"		"Pdgfrb-GFP;NG2dsRed"		"Brain single cell 1875"	
"SRR5531305"	"Mus musculus"	"http://purl.obolibrary.org/obo/NCBITaxon_10090"	"C57BL/6"	"http://www.ebi.ac.uk/efo/EFO_0004472"	"12 to 15 week"		"adult"	"http://www.ebi.ac.uk/efo/EFO_0001272"	"brain without olfactory bulb"		"Pdgfrb-GFP;NG2dsRed"		"Brain single cell 1876"	
"SRR5531306"	"Mus musculus"	"http://purl.obolibrary.org/obo/NCBITaxon_10090"	"C57BL/6"	"http://www.ebi.ac.uk/efo/EFO_0004472"	"12 to 15 week"		"adult"	"http://www.ebi.ac.uk/efo/EFO_0001272"	"brain without olfactory bulb"		"Pdgfrb-GFP;NG2dsRed"		"Brain single cell 1877"	
"SRR5531307"	"Mus musculus"	"http://purl.obolibrary.org/obo/NCBITaxon_10090"	"C57BL/6"	"http://www.ebi.ac.uk/efo/EFO_0004472"	"12 to 15 week"		"adult"	"http://www.ebi.ac.uk/efo/EFO_0001272"	"brain without olfactory bulb"		"Pdgfrb-GFP;NG2dsRed"		"Brain single cell 1878"	
"SRR5531308"	"Mus musculus"	"http://purl.obolibrary.org/obo/NCBITaxon_10090"	"C57BL/6"	"http://www.ebi.ac.uk/efo/EFO_0004472"	"12 to 15 week"		"adult"	"http://www.ebi.ac.uk/efo/EFO_0001272"	"brain without olfactory bulb"		"Pdgfrb-GFP;NG2dsRed"		"Brain single cell 1879"	
"SRR5531309"	"Mus musculus"	"http://purl.obolibrary.org/obo/NCBITaxon_10090"	"C57BL/6"	"http://www.ebi.ac.uk/efo/EFO_0004472"	"12 to 15 week"		"adult"	"http://www.ebi.ac.uk/efo/EFO_0001272"	"brain without olfactory bulb"		"Pdgfrb-GFP;NG2dsRed"		"Brain single cell 1880"	
"SRR5531310"	"Mus musculus"	"http://purl.obolibrary.org/obo/NCBITaxon_10090"	"C57BL/6"	"http://www.ebi.ac.uk/efo/EFO_0004472"	"12 to 15 week"		"adult"	"http://www.ebi.ac.uk/efo/EFO_0001272"	"brain without olfactory bulb"		"Pdgfrb-GFP;NG2dsRed"		"Brain single cell 1881"	
"SRR5531311"	"Mus musculus"	"http://purl.obolibrary.org/obo/NCBITaxon_10090"	"C57BL/6"	"http://www.ebi.ac.uk/efo/EFO_0004472"	"12 to 15 week"		"adult"	"http://www.ebi.ac.uk/efo/EFO_0001272"	"brain without olfactory bulb"		"Pdgfrb-GFP;NG2dsRed"		"Brain single cell 1882"	
"SRR5531312"	"Mus musculus"	"http://purl.obolibrary.org/obo/NCBITaxon_10090"	"C57BL/6"	"http://www.ebi.ac.uk/efo/EFO_0004472"	"12 to 15 week"		"adult"	"http://www.ebi.ac.uk/efo/EFO_0001272"	"brain without olfactory bulb"		"Pdgfrb-GFP;NG2dsRed"		"Brain single cell 1883"	
"SRR5531313"	"Mus musculus"	"http://purl.obolibrary.org/obo/NCBITaxon_10090"	"C57BL/6"	"http://www.ebi.ac.uk/efo/EFO_0004472"	"12 to 15 week"		"adult"	"http://www.ebi.ac.uk/efo/EFO_0001272"	"brain without olfactory bulb"		"Pdgfrb-GFP;NG2dsRed"		"Brain single cell 1884"	
"SRR5531314"	"Mus musculus"	"http://purl.obolibrary.org/obo/NCBITaxon_10090"	"C57BL/6"	"http://www.ebi.ac.uk/efo/EFO_0004472"	"12 to 15 week"		"adult"	"http://www.ebi.ac.uk/efo/EFO_0001272"	"brain without olfactory bulb"		"Pdgfrb-GFP;NG2dsRed"		"Brain single cell 1885"	
"SRR5531315"	"Mus musculus"	"http://purl.obolibrary.org/obo/NCBITaxon_10090"	"C57BL/6"	"http://www.ebi.ac.uk/efo/EFO_0004472"	"12 to 15 week"		"adult"	"http://www.ebi.ac.uk/efo/EFO_0001272"	"brain without olfactory bulb"		"Pdgfrb-GFP;NG2dsRed"		"Brain single cell 1886"	
"SRR5531316"	"Mus musculus"	"http://purl.obolibrary.org/obo/NCBITaxon_10090"	"C57BL/6"	"http://www.ebi.ac.uk/efo/EFO_0004472"	"12 to 15 week"		"adult"	"http://www.ebi.ac.uk/efo/EFO_0001272"	"brain without olfactory bulb"		"Pdgfrb-GFP;NG2dsRed"		"Brain single cell 1887"	
"SRR5531317"	"Mus musculus"	"http://purl.obolibrary.org/obo/NCBITaxon_10090"	"C57BL/6"	"http://www.ebi.ac.uk/efo/EFO_0004472"	"12 to 15 week"		"adult"	"http://www.ebi.ac.uk/efo/EFO_0001272"	"brain without olfactory bulb"		"Pdgfrb-GFP;NG2dsRed"		"Brain single cell 1888"	
"SRR5531318"	"Mus musculus"	"http://purl.obolibrary.org/obo/NCBITaxon_10090"	"C57BL/6"	"http://www.ebi.ac.uk/efo/EFO_0004472"	"12 to 15 week"		"adult"	"http://www.ebi.ac.uk/efo/EFO_0001272"	"brain without olfactory bulb"		"Pdgfrb-GFP;NG2dsRed"		"Brain single cell 1889"	
"SRR5531319"	"Mus musculus"	"http://purl.obolibrary.org/obo/NCBITaxon_10090"	"C57BL/6"	"http://www.ebi.ac.uk/efo/EFO_0004472"	"12 to 15 week"		"adult"	"http://www.ebi.ac.uk/efo/EFO_0001272"	"brain without olfactory bulb"		"Pdgfrb-GFP;NG2dsRed"		"Brain single cell 1890"	
"SRR5531320"	"Mus musculus"	"http://purl.obolibrary.org/obo/NCBITaxon_10090"	"C57BL/6"	"http://www.ebi.ac.uk/efo/EFO_0004472"	"12 to 15 week"		"adult"	"http://www.ebi.ac.uk/efo/EFO_0001272"	"brain without olfactory bulb"		"Pdgfrb-GFP;NG2dsRed"		"Brain single cell 1891"	
"SRR5531321"	"Mus musculus"	"http://purl.obolibrary.org/obo/NCBITaxon_10090"	"C57BL/6"	"http://www.ebi.ac.uk/efo/EFO_0004472"	"12 to 15 week"		"adult"	"http://www.ebi.ac.uk/efo/EFO_0001272"	"brain without olfactory bulb"		"Pdgfrb-GFP;NG2dsRed"		"Brain single cell 1892"	
"SRR5531322"	"Mus musculus"	"http://purl.obolibrary.org/obo/NCBITaxon_10090"	"C57BL/6"	"http://www.ebi.ac.uk/efo/EFO_0004472"	"12 to 15 week"		"adult"	"http://www.ebi.ac.uk/efo/EFO_0001272"	"brain without olfactory bulb"		"Pdgfrb-GFP;NG2dsRed"		"Brain single cell 1893"	
"SRR5531323"	"Mus musculus"	"http://purl.obolibrary.org/obo/NCBITaxon_10090"	"C57BL/6"	"http://www.ebi.ac.uk/efo/EFO_0004472"	"12 to 15 week"		"adult"	"http://www.ebi.ac.uk/efo/EFO_0001272"	"brain without olfactory bulb"		"Pdgfrb-GFP;NG2dsRed"		"Brain single cell 1894"	
"SRR5531324"	"Mus musculus"	"http://purl.obolibrary.org/obo/NCBITaxon_10090"	"C57BL/6"	"http://www.ebi.ac.uk/efo/EFO_0004472"	"12 to 15 week"		"adult"	"http://www.ebi.ac.uk/efo/EFO_0001272"	"brain without olfactory bulb"		"Pdgfrb-GFP;NG2dsRed"		"Brain single cell 1895"	
"SRR5531325"	"Mus musculus"	"http://purl.obolibrary.org/obo/NCBITaxon_10090"	"C57BL/6"	"http://www.ebi.ac.uk/efo/EFO_0004472"	"12 to 15 week"		"adult"	"http://www.ebi.ac.uk/efo/EFO_0001272"	"brain without olfactory bulb"		"Pdgfrb-GFP;NG2dsRed"		"Brain single cell 1896"	
"SRR5531326"	"Mus musculus"	"http://purl.obolibrary.org/obo/NCBITaxon_10090"	"C57BL/6"	"http://www.ebi.ac.uk/efo/EFO_0004472"	"12 to 15 week"		"adult"	"http://www.ebi.ac.uk/efo/EFO_0001272"	"brain without olfactory bulb"		"Pdgfrb-GFP;NG2dsRed"		"Brain single cell 1897"	
"SRR5531327"	"Mus musculus"	"http://purl.obolibrary.org/obo/NCBITaxon_10090"	"C57BL/6"	"http://www.ebi.ac.uk/efo/EFO_0004472"	"12 to 15 week"		"adult"	"http://www.ebi.ac.uk/efo/EFO_0001272"	"brain without olfactory bulb"		"Pdgfrb-GFP;NG2dsRed"		"Brain single cell 1898"	
"SRR5531328"	"Mus musculus"	"http://purl.obolibrary.org/obo/NCBITaxon_10090"	"C57BL/6"	"http://www.ebi.ac.uk/efo/EFO_0004472"	"12 to 15 week"		"adult"	"http://www.ebi.ac.uk/efo/EFO_0001272"	"brain without olfactory bulb"		"Pdgfrb-GFP;NG2dsRed"		"Brain single cell 1899"	
"SRR5531329"	"Mus musculus"	"http://purl.obolibrary.org/obo/NCBITaxon_10090"	"C57BL/6"	"http://www.ebi.ac.uk/efo/EFO_0004472"	"12 to 15 week"		"adult"	"http://www.ebi.ac.uk/efo/EFO_0001272"	"brain without olfactory bulb"		"Pdgfrb-GFP;NG2dsRed"		"Brain single cell 1900"	
"SRR5531330"	"Mus musculus"	"http://purl.obolibrary.org/obo/NCBITaxon_10090"	"C57BL/6"	"http://www.ebi.ac.uk/efo/EFO_0004472"	"12 to 15 week"		"adult"	"http://www.ebi.ac.uk/efo/EFO_0001272"	"brain without olfactory bulb"		"Pdgfrb-GFP;NG2dsRed"		"Brain single cell 1901"	
"SRR5531331"	"Mus musculus"	"http://purl.obolibrary.org/obo/NCBITaxon_10090"	"C57BL/6"	"http://www.ebi.ac.uk/efo/EFO_0004472"	"12 to 15 week"		"adult"	"http://www.ebi.ac.uk/efo/EFO_0001272"	"brain without olfactory bulb"		"Pdgfrb-GFP;NG2dsRed"		"Brain single cell 1902"	
"SRR5531332"	"Mus musculus"	"http://purl.obolibrary.org/obo/NCBITaxon_10090"	"C57BL/6"	"http://www.ebi.ac.uk/efo/EFO_0004472"	"12 to 15 week"		"adult"	"http://www.ebi.ac.uk/efo/EFO_0001272"	"brain without olfactory bulb"		"Pdgfrb-GFP;NG2dsRed"		"Brain single cell 1903"	
"SRR5531333"	"Mus musculus"	"http://purl.obolibrary.org/obo/NCBITaxon_10090"	"C57BL/6"	"http://www.ebi.ac.uk/efo/EFO_0004472"	"12 to 15 week"		"adult"	"http://www.ebi.ac.uk/efo/EFO_0001272"	"brain without olfactory bulb"		"Pdgfrb-GFP;NG2dsRed"		"Brain single cell 1904"	
"SRR5531334"	"Mus musculus"	"http://purl.obolibrary.org/obo/NCBITaxon_10090"	"C57BL/6"	"http://www.ebi.ac.uk/efo/EFO_0004472"	"12 to 15 week"		"adult"	"http://www.ebi.ac.uk/efo/EFO_0001272"	"brain without olfactory bulb"		"Pdgfrb-GFP;NG2dsRed"		"Brain single cell 1905"	
"SRR5531335"	"Mus musculus"	"http://purl.obolibrary.org/obo/NCBITaxon_10090"	"C57BL/6"	"http://www.ebi.ac.uk/efo/EFO_0004472"	"12 to 15 week"		"adult"	"http://www.ebi.ac.uk/efo/EFO_0001272"	"brain without olfactory bulb"		"Pdgfrb-GFP;NG2dsRed"		"Brain single cell 1906"	
"SRR5531336"	"Mus musculus"	"http://purl.obolibrary.org/obo/NCBITaxon_10090"	"C57BL/6"	"http://www.ebi.ac.uk/efo/EFO_0004472"	"12 to 15 week"		"adult"	"http://www.ebi.ac.uk/efo/EFO_0001272"	"brain without olfactory bulb"		"Pdgfrb-GFP;NG2dsRed"		"Brain single cell 1907"	
"SRR5531337"	"Mus musculus"	"http://purl.obolibrary.org/obo/NCBITaxon_10090"	"C57BL/6"	"http://www.ebi.ac.uk/efo/EFO_0004472"	"12 to 15 week"		"adult"	"http://www.ebi.ac.uk/efo/EFO_0001272"	"brain without olfactory bulb"		"Pdgfrb-GFP;NG2dsRed"		"Brain single cell 1908"	
"SRR5531338"	"Mus musculus"	"http://purl.obolibrary.org/obo/NCBITaxon_10090"	"C57BL/6"	"http://www.ebi.ac.uk/efo/EFO_0004472"	"12 to 15 week"		"adult"	"http://www.ebi.ac.uk/efo/EFO_0001272"	"brain without olfactory bulb"		"Pdgfrb-GFP;NG2dsRed"		"Brain single cell 1909"	
"SRR5531339"	"Mus musculus"	"http://purl.obolibrary.org/obo/NCBITaxon_10090"	"C57BL/6"	"http://www.ebi.ac.uk/efo/EFO_0004472"	"12 to 15 week"		"adult"	"http://www.ebi.ac.uk/efo/EFO_0001272"	"brain without olfactory bulb"		"Pdgfrb-GFP;NG2dsRed"		"Brain single cell 1910"	
"SRR5531340"	"Mus musculus"	"http://purl.obolibrary.org/obo/NCBITaxon_10090"	"C57BL/6"	"http://www.ebi.ac.uk/efo/EFO_0004472"	"12 to 15 week"		"adult"	"http://www.ebi.ac.uk/efo/EFO_0001272"	"brain without olfactory bulb"		"Pdgfrb-GFP;NG2dsRed"		"Brain single cell 1911"	
"SRR5531341"	"Mus musculus"	"http://purl.obolibrary.org/obo/NCBITaxon_10090"	"C57BL/6"	"http://www.ebi.ac.uk/efo/EFO_0004472"	"12 to 15 week"		"adult"	"http://www.ebi.ac.uk/efo/EFO_0001272"	"brain without olfactory bulb"		"Pdgfrb-GFP;NG2dsRed"		"Brain single cell 1912"	
"SRR5531342"	"Mus musculus"	"http://purl.obolibrary.org/obo/NCBITaxon_10090"	"C57BL/6"	"http://www.ebi.ac.uk/efo/EFO_0004472"	"12 to 15 week"		"adult"	"http://www.ebi.ac.uk/efo/EFO_0001272"	"brain without olfactory bulb"		"Pdgfrb-GFP;NG2dsRed"		"Brain single cell 1913"	
"SRR5531343"	"Mus musculus"	"http://purl.obolibrary.org/obo/NCBITaxon_10090"	"C57BL/6"	"http://www.ebi.ac.uk/efo/EFO_0004472"	"12 to 15 week"		"adult"	"http://www.ebi.ac.uk/efo/EFO_0001272"	"brain without olfactory bulb"		"Pdgfrb-GFP;NG2dsRed"		"Brain single cell 1914"	
"SRR5531344"	"Mus musculus"	"http://purl.obolibrary.org/obo/NCBITaxon_10090"	"C57BL/6"	"http://www.ebi.ac.uk/efo/EFO_0004472"	"12 to 15 week"		"adult"	"http://www.ebi.ac.uk/efo/EFO_0001272"	"brain without olfactory bulb"		"Pdgfrb-GFP;NG2dsRed"		"Brain single cell 1915"	
"SRR5531345"	"Mus musculus"	"http://purl.obolibrary.org/obo/NCBITaxon_10090"	"C57BL/6"	"http://www.ebi.ac.uk/efo/EFO_0004472"	"12 to 15 week"		"adult"	"http://www.ebi.ac.uk/efo/EFO_0001272"	"brain without olfactory bulb"		"Pdgfrb-GFP;NG2dsRed"		"Brain single cell 1916"	
"SRR5531346"	"Mus musculus"	"http://purl.obolibrary.org/obo/NCBITaxon_10090"	"C57BL/6"	"http://www.ebi.ac.uk/efo/EFO_0004472"	"12 to 15 week"		"adult"	"http://www.ebi.ac.uk/efo/EFO_0001272"	"brain without olfactory bulb"		"Pdgfrb-GFP;NG2dsRed"		"Brain single cell 1917"	
"SRR5531347"	"Mus musculus"	"http://purl.obolibrary.org/obo/NCBITaxon_10090"	"C57BL/6"	"http://www.ebi.ac.uk/efo/EFO_0004472"	"12 to 15 week"		"adult"	"http://www.ebi.ac.uk/efo/EFO_0001272"	"brain without olfactory bulb"		"Pdgfrb-GFP;NG2dsRed"		"Brain single cell 1918"	
"SRR5531348"	"Mus musculus"	"http://purl.obolibrary.org/obo/NCBITaxon_10090"	"C57BL/6"	"http://www.ebi.ac.uk/efo/EFO_0004472"	"12 to 15 week"		"adult"	"http://www.ebi.ac.uk/efo/EFO_0001272"	"brain without olfactory bulb"		"Pdgfrb-GFP;NG2dsRed"		"Brain single cell 1919"	
"SRR5531349"	"Mus musculus"	"http://purl.obolibrary.org/obo/NCBITaxon_10090"	"C57BL/6"	"http://www.ebi.ac.uk/efo/EFO_0004472"	"12 to 15 week"		"adult"	"http://www.ebi.ac.uk/efo/EFO_0001272"	"brain without olfactory bulb"		"Pdgfrb-GFP;NG2dsRed"		"Brain single cell 1920"	
"SRR5531350"	"Mus musculus"	"http://purl.obolibrary.org/obo/NCBITaxon_10090"	"C57BL/6"	"http://www.ebi.ac.uk/efo/EFO_0004472"	"12 to 15 week"		"adult"	"http://www.ebi.ac.uk/efo/EFO_0001272"	"brain without olfactory bulb"		"Pdgfrb-GFP;NG2dsRed"		"Brain single cell 1921"	
"SRR5531351"	"Mus musculus"	"http://purl.obolibrary.org/obo/NCBITaxon_10090"	"C57BL/6"	"http://www.ebi.ac.uk/efo/EFO_0004472"	"12 to 15 week"		"adult"	"http://www.ebi.ac.uk/efo/EFO_0001272"	"brain without olfactory bulb"		"Pdgfrb-GFP;NG2dsRed"		"Brain single cell 1922"	
"SRR5531352"	"Mus musculus"	"http://purl.obolibrary.org/obo/NCBITaxon_10090"	"C57BL/6"	"http://www.ebi.ac.uk/efo/EFO_0004472"	"12 to 15 week"		"adult"	"http://www.ebi.ac.uk/efo/EFO_0001272"	"brain without olfactory bulb"		"Pdgfrb-GFP;NG2dsRed"		"Brain single cell 1923"	
"SRR5531353"	"Mus musculus"	"http://purl.obolibrary.org/obo/NCBITaxon_10090"	"C57BL/6"	"http://www.ebi.ac.uk/efo/EFO_0004472"	"12 to 15 week"		"adult"	"http://www.ebi.ac.uk/efo/EFO_0001272"	"brain without olfactory bulb"		"Pdgfrb-GFP;NG2dsRed"		"Brain single cell 1924"	
"SRR5531354"	"Mus musculus"	"http://purl.obolibrary.org/obo/NCBITaxon_10090"	"C57BL/6"	"http://www.ebi.ac.uk/efo/EFO_0004472"	"12 to 15 week"		"adult"	"http://www.ebi.ac.uk/efo/EFO_0001272"	"brain without olfactory bulb"		"Pdgfrb-GFP;NG2dsRed"		"Brain single cell 1925"	
"SRR5531355"	"Mus musculus"	"http://purl.obolibrary.org/obo/NCBITaxon_10090"	"C57BL/6"	"http://www.ebi.ac.uk/efo/EFO_0004472"	"12 to 15 week"		"adult"	"http://www.ebi.ac.uk/efo/EFO_0001272"	"brain without olfactory bulb"		"Pdgfrb-GFP;NG2dsRed"		"Brain single cell 1926"	
"SRR5531356"	"Mus musculus"	"http://purl.obolibrary.org/obo/NCBITaxon_10090"	"C57BL/6"	"http://www.ebi.ac.uk/efo/EFO_0004472"	"12 to 15 week"		"adult"	"http://www.ebi.ac.uk/efo/EFO_0001272"	"brain without olfactory bulb"		"Pdgfrb-GFP;NG2dsRed"		"Brain single cell 1927"	
"SRR5531357"	"Mus musculus"	"http://purl.obolibrary.org/obo/NCBITaxon_10090"	"C57BL/6"	"http://www.ebi.ac.uk/efo/EFO_0004472"	"12 to 15 week"		"adult"	"http://www.ebi.ac.uk/efo/EFO_0001272"	"brain without olfactory bulb"		"Pdgfrb-GFP;NG2dsRed"		"Brain single cell 1928"	
"SRR5531358"	"Mus musculus"	"http://purl.obolibrary.org/obo/NCBITaxon_10090"	"C57BL/6"	"http://www.ebi.ac.uk/efo/EFO_0004472"	"12 to 15 week"		"adult"	"http://www.ebi.ac.uk/efo/EFO_0001272"	"brain without olfactory bulb"		"Pdgfrb-GFP;NG2dsRed"		"Brain single cell 1929"	
"SRR5531359"	"Mus musculus"	"http://purl.obolibrary.org/obo/NCBITaxon_10090"	"C57BL/6"	"http://www.ebi.ac.uk/efo/EFO_0004472"	"12 to 15 week"		"adult"	"http://www.ebi.ac.uk/efo/EFO_0001272"	"brain without olfactory bulb"		"Pdgfrb-GFP;NG2dsRed"		"Brain single cell 1930"	
"SRR5531360"	"Mus musculus"	"http://purl.obolibrary.org/obo/NCBITaxon_10090"	"C57BL/6"	"http://www.ebi.ac.uk/efo/EFO_0004472"	"12 to 15 week"		"adult"	"http://www.ebi.ac.uk/efo/EFO_0001272"	"brain without olfactory bulb"		"Pdgfrb-GFP;NG2dsRed"		"Brain single cell 1931"	
"SRR5531361"	"Mus musculus"	"http://purl.obolibrary.org/obo/NCBITaxon_10090"	"C57BL/6"	"http://www.ebi.ac.uk/efo/EFO_0004472"	"12 to 15 week"		"adult"	"http://www.ebi.ac.uk/efo/EFO_0001272"	"brain without olfactory bulb"		"Pdgfrb-GFP;NG2dsRed"		"Brain single cell 1932"	
"SRR5531362"	"Mus musculus"	"http://purl.obolibrary.org/obo/NCBITaxon_10090"	"C57BL/6"	"http://www.ebi.ac.uk/efo/EFO_0004472"	"12 to 15 week"		"adult"	"http://www.ebi.ac.uk/efo/EFO_0001272"	"brain without olfactory bulb"		"Pdgfrb-GFP;NG2dsRed"		"Brain single cell 1933"	
"SRR5531363"	"Mus musculus"	"http://purl.obolibrary.org/obo/NCBITaxon_10090"	"C57BL/6"	"http://www.ebi.ac.uk/efo/EFO_0004472"	"12 to 15 week"		"adult"	"http://www.ebi.ac.uk/efo/EFO_0001272"	"brain without olfactory bulb"		"Pdgfrb-GFP;NG2dsRed"		"Brain single cell 1934"	
"SRR5531364"	"Mus musculus"	"http://purl.obolibrary.org/obo/NCBITaxon_10090"	"C57BL/6"	"http://www.ebi.ac.uk/efo/EFO_0004472"	"12 to 15 week"		"adult"	"http://www.ebi.ac.uk/efo/EFO_0001272"	"brain without olfactory bulb"		"Pdgfrb-GFP;NG2dsRed"		"Brain single cell 1935"	
"SRR5531365"	"Mus musculus"	"http://purl.obolibrary.org/obo/NCBITaxon_10090"	"C57BL/6"	"http://www.ebi.ac.uk/efo/EFO_0004472"	"12 to 15 week"		"adult"	"http://www.ebi.ac.uk/efo/EFO_0001272"	"brain without olfactory bulb"		"Pdgfrb-GFP;NG2dsRed"		"Brain single cell 1936"	
"SRR5531366"	"Mus musculus"	"http://purl.obolibrary.org/obo/NCBITaxon_10090"	"C57BL/6"	"http://www.ebi.ac.uk/efo/EFO_0004472"	"12 to 15 week"		"adult"	"http://www.ebi.ac.uk/efo/EFO_0001272"	"brain without olfactory bulb"		"Pdgfrb-GFP;NG2dsRed"		"Brain single cell 1937"	
"SRR5531367"	"Mus musculus"	"http://purl.obolibrary.org/obo/NCBITaxon_10090"	"C57BL/6"	"http://www.ebi.ac.uk/efo/EFO_0004472"	"12 to 15 week"		"adult"	"http://www.ebi.ac.uk/efo/EFO_0001272"	"brain without olfactory bulb"		"Pdgfrb-GFP;NG2dsRed"		"Brain single cell 1938"	
"SRR5531368"	"Mus musculus"	"http://purl.obolibrary.org/obo/NCBITaxon_10090"	"C57BL/6"	"http://www.ebi.ac.uk/efo/EFO_0004472"	"12 to 15 week"		"adult"	"http://www.ebi.ac.uk/efo/EFO_0001272"	"brain without olfactory bulb"		"Pdgfrb-GFP;NG2dsRed"		"Brain single cell 1939"	
"SRR5531369"	"Mus musculus"	"http://purl.obolibrary.org/obo/NCBITaxon_10090"	"C57BL/6"	"http://www.ebi.ac.uk/efo/EFO_0004472"	"12 to 15 week"		"adult"	"http://www.ebi.ac.uk/efo/EFO_0001272"	"brain without olfactory bulb"		"Pdgfrb-GFP;NG2dsRed"		"Brain single cell 1940"	
"SRR5531370"	"Mus musculus"	"http://purl.obolibrary.org/obo/NCBITaxon_10090"	"C57BL/6"	"http://www.ebi.ac.uk/efo/EFO_0004472"	"12 to 15 week"		"adult"	"http://www.ebi.ac.uk/efo/EFO_0001272"	"brain without olfactory bulb"		"Pdgfrb-GFP;NG2dsRed"		"Brain single cell 1941"	
"SRR5531371"	"Mus musculus"	"http://purl.obolibrary.org/obo/NCBITaxon_10090"	"C57BL/6"	"http://www.ebi.ac.uk/efo/EFO_0004472"	"12 to 15 week"		"adult"	"http://www.ebi.ac.uk/efo/EFO_0001272"	"brain without olfactory bulb"		"Pdgfrb-GFP;NG2dsRed"		"Brain single cell 1942"	
"SRR5531372"	"Mus musculus"	"http://purl.obolibrary.org/obo/NCBITaxon_10090"	"C57BL/6"	"http://www.ebi.ac.uk/efo/EFO_0004472"	"12 to 15 week"		"adult"	"http://www.ebi.ac.uk/efo/EFO_0001272"	"brain without olfactory bulb"		"Pdgfrb-GFP;NG2dsRed"		"Brain single cell 1943"	
"SRR5531373"	"Mus musculus"	"http://purl.obolibrary.org/obo/NCBITaxon_10090"	"C57BL/6"	"http://www.ebi.ac.uk/efo/EFO_0004472"	"12 to 15 week"		"adult"	"http://www.ebi.ac.uk/efo/EFO_0001272"	"brain without olfactory bulb"		"Pdgfrb-GFP;NG2dsRed"		"Brain single cell 1944"	
"SRR5531374"	"Mus musculus"	"http://purl.obolibrary.org/obo/NCBITaxon_10090"	"C57BL/6"	"http://www.ebi.ac.uk/efo/EFO_0004472"	"12 to 15 week"		"adult"	"http://www.ebi.ac.uk/efo/EFO_0001272"	"brain without olfactory bulb"		"Pdgfrb-GFP;NG2dsRed"		"Brain single cell 1945"	
"SRR5531375"	"Mus musculus"	"http://purl.obolibrary.org/obo/NCBITaxon_10090"	"C57BL/6"	"http://www.ebi.ac.uk/efo/EFO_0004472"	"12 to 15 week"		"adult"	"http://www.ebi.ac.uk/efo/EFO_0001272"	"brain without olfactory bulb"		"Pdgfrb-GFP;NG2dsRed"		"Brain single cell 1946"	
"SRR5531376"	"Mus musculus"	"http://purl.obolibrary.org/obo/NCBITaxon_10090"	"C57BL/6"	"http://www.ebi.ac.uk/efo/EFO_0004472"	"12 to 15 week"		"adult"	"http://www.ebi.ac.uk/efo/EFO_0001272"	"brain without olfactory bulb"		"Pdgfrb-GFP;NG2dsRed"		"Brain single cell 1947"	
"SRR5531377"	"Mus musculus"	"http://purl.obolibrary.org/obo/NCBITaxon_10090"	"C57BL/6"	"http://www.ebi.ac.uk/efo/EFO_0004472"	"12 to 15 week"		"adult"	"http://www.ebi.ac.uk/efo/EFO_0001272"	"brain without olfactory bulb"		"Pdgfrb-GFP;NG2dsRed"		"Brain single cell 1948"	
"SRR5531378"	"Mus musculus"	"http://purl.obolibrary.org/obo/NCBITaxon_10090"	"C57BL/6"	"http://www.ebi.ac.uk/efo/EFO_0004472"	"12 to 15 week"		"adult"	"http://www.ebi.ac.uk/efo/EFO_0001272"	"brain without olfactory bulb"		"Pdgfrb-GFP;NG2dsRed"		"Brain single cell 1949"	
"SRR5531379"	"Mus musculus"	"http://purl.obolibrary.org/obo/NCBITaxon_10090"	"C57BL/6"	"http://www.ebi.ac.uk/efo/EFO_0004472"	"12 to 15 week"		"adult"	"http://www.ebi.ac.uk/efo/EFO_0001272"	"brain without olfactory bulb"		"Pdgfrb-GFP;NG2dsRed"		"Brain single cell 1950"	
"SRR5531380"	"Mus musculus"	"http://purl.obolibrary.org/obo/NCBITaxon_10090"	"C57BL/6"	"http://www.ebi.ac.uk/efo/EFO_0004472"	"12 to 15 week"		"adult"	"http://www.ebi.ac.uk/efo/EFO_0001272"	"brain without olfactory bulb"		"Pdgfrb-GFP;NG2dsRed"		"Brain single cell 1951"	
"SRR5531381"	"Mus musculus"	"http://purl.obolibrary.org/obo/NCBITaxon_10090"	"C57BL/6"	"http://www.ebi.ac.uk/efo/EFO_0004472"	"12 to 15 week"		"adult"	"http://www.ebi.ac.uk/efo/EFO_0001272"	"brain without olfactory bulb"		"Pdgfrb-GFP;NG2dsRed"		"Brain single cell 1952"	
"SRR5531382"	"Mus musculus"	"http://purl.obolibrary.org/obo/NCBITaxon_10090"	"C57BL/6"	"http://www.ebi.ac.uk/efo/EFO_0004472"	"12 to 15 week"		"adult"	"http://www.ebi.ac.uk/efo/EFO_0001272"	"brain without olfactory bulb"		"Pdgfrb-GFP;NG2dsRed"		"Brain single cell 1953"	
"SRR5531383"	"Mus musculus"	"http://purl.obolibrary.org/obo/NCBITaxon_10090"	"C57BL/6"	"http://www.ebi.ac.uk/efo/EFO_0004472"	"12 to 15 week"		"adult"	"http://www.ebi.ac.uk/efo/EFO_0001272"	"brain without olfactory bulb"		"Pdgfrb-GFP;NG2dsRed"		"Brain single cell 1954"	
"SRR5531384"	"Mus musculus"	"http://purl.obolibrary.org/obo/NCBITaxon_10090"	"C57BL/6"	"http://www.ebi.ac.uk/efo/EFO_0004472"	"12 to 15 week"		"adult"	"http://www.ebi.ac.uk/efo/EFO_0001272"	"brain without olfactory bulb"		"Pdgfrb-GFP;NG2dsRed"		"Brain single cell 1955"	
"SRR5531385"	"Mus musculus"	"http://purl.obolibrary.org/obo/NCBITaxon_10090"	"C57BL/6"	"http://www.ebi.ac.uk/efo/EFO_0004472"	"12 to 15 week"		"adult"	"http://www.ebi.ac.uk/efo/EFO_0001272"	"brain without olfactory bulb"		"Pdgfrb-GFP;NG2dsRed"		"Brain single cell 1956"	
"SRR5531386"	"Mus musculus"	"http://purl.obolibrary.org/obo/NCBITaxon_10090"	"C57BL/6"	"http://www.ebi.ac.uk/efo/EFO_0004472"	"12 to 15 week"		"adult"	"http://www.ebi.ac.uk/efo/EFO_0001272"	"brain without olfactory bulb"		"Pdgfrb-GFP;NG2dsRed"		"Brain single cell 1957"	
"SRR5531387"	"Mus musculus"	"http://purl.obolibrary.org/obo/NCBITaxon_10090"	"C57BL/6"	"http://www.ebi.ac.uk/efo/EFO_0004472"	"12 to 15 week"		"adult"	"http://www.ebi.ac.uk/efo/EFO_0001272"	"brain without olfactory bulb"		"Pdgfrb-GFP;NG2dsRed"		"Brain single cell 1958"	
"SRR5531388"	"Mus musculus"	"http://purl.obolibrary.org/obo/NCBITaxon_10090"	"C57BL/6"	"http://www.ebi.ac.uk/efo/EFO_0004472"	"12 to 15 week"		"adult"	"http://www.ebi.ac.uk/efo/EFO_0001272"	"brain without olfactory bulb"		"Pdgfrb-GFP;NG2dsRed"		"Brain single cell 1959"	
"SRR5531389"	"Mus musculus"	"http://purl.obolibrary.org/obo/NCBITaxon_10090"	"C57BL/6"	"http://www.ebi.ac.uk/efo/EFO_0004472"	"12 to 15 week"		"adult"	"http://www.ebi.ac.uk/efo/EFO_0001272"	"brain without olfactory bulb"		"Pdgfrb-GFP;NG2dsRed"		"Brain single cell 1960"	
"SRR5531390"	"Mus musculus"	"http://purl.obolibrary.org/obo/NCBITaxon_10090"	"C57BL/6"	"http://www.ebi.ac.uk/efo/EFO_0004472"	"12 to 15 week"		"adult"	"http://www.ebi.ac.uk/efo/EFO_0001272"	"brain without olfactory bulb"		"Pdgfrb-GFP;NG2dsRed"		"Brain single cell 1961"	
"SRR5531391"	"Mus musculus"	"http://purl.obolibrary.org/obo/NCBITaxon_10090"	"C57BL/6"	"http://www.ebi.ac.uk/efo/EFO_0004472"	"12 to 15 week"		"adult"	"http://www.ebi.ac.uk/efo/EFO_0001272"	"brain without olfactory bulb"		"Pdgfrb-GFP;NG2dsRed"		"Brain single cell 1962"	
"SRR5531392"	"Mus musculus"	"http://purl.obolibrary.org/obo/NCBITaxon_10090"	"C57BL/6"	"http://www.ebi.ac.uk/efo/EFO_0004472"	"12 to 15 week"		"adult"	"http://www.ebi.ac.uk/efo/EFO_0001272"	"brain without olfactory bulb"		"Pdgfrb-GFP;NG2dsRed"		"Brain single cell 1963"	
"SRR5531393"	"Mus musculus"	"http://purl.obolibrary.org/obo/NCBITaxon_10090"	"C57BL/6"	"http://www.ebi.ac.uk/efo/EFO_0004472"	"12 to 15 week"		"adult"	"http://www.ebi.ac.uk/efo/EFO_0001272"	"brain without olfactory bulb"		"Pdgfrb-GFP;NG2dsRed"		"Brain single cell 1964"	
"SRR5531394"	"Mus musculus"	"http://purl.obolibrary.org/obo/NCBITaxon_10090"	"C57BL/6"	"http://www.ebi.ac.uk/efo/EFO_0004472"	"12 to 15 week"		"adult"	"http://www.ebi.ac.uk/efo/EFO_0001272"	"brain without olfactory bulb"		"Pdgfrb-GFP;NG2dsRed"		"Brain single cell 1965"	
"SRR5531395"	"Mus musculus"	"http://purl.obolibrary.org/obo/NCBITaxon_10090"	"C57BL/6"	"http://www.ebi.ac.uk/efo/EFO_0004472"	"12 to 15 week"		"adult"	"http://www.ebi.ac.uk/efo/EFO_0001272"	"brain without olfactory bulb"		"Pdgfrb-GFP;NG2dsRed"		"Brain single cell 1966"	
"SRR5531396"	"Mus musculus"	"http://purl.obolibrary.org/obo/NCBITaxon_10090"	"C57BL/6"	"http://www.ebi.ac.uk/efo/EFO_0004472"	"12 to 15 week"		"adult"	"http://www.ebi.ac.uk/efo/EFO_0001272"	"brain without olfactory bulb"		"Pdgfrb-GFP;NG2dsRed"		"Brain single cell 1967"	
"SRR5531397"	"Mus musculus"	"http://purl.obolibrary.org/obo/NCBITaxon_10090"	"C57BL/6"	"http://www.ebi.ac.uk/efo/EFO_0004472"	"12 to 15 week"		"adult"	"http://www.ebi.ac.uk/efo/EFO_0001272"	"brain without olfactory bulb"		"Pdgfrb-GFP;NG2dsRed"		"Brain single cell 1968"	
"SRR5531398"	"Mus musculus"	"http://purl.obolibrary.org/obo/NCBITaxon_10090"	"C57BL/6"	"http://www.ebi.ac.uk/efo/EFO_0004472"	"12 to 15 week"		"adult"	"http://www.ebi.ac.uk/efo/EFO_0001272"	"brain without olfactory bulb"		"Pdgfrb-GFP;NG2dsRed"		"Brain single cell 1969"	
"SRR5531399"	"Mus musculus"	"http://purl.obolibrary.org/obo/NCBITaxon_10090"	"C57BL/6"	"http://www.ebi.ac.uk/efo/EFO_0004472"	"12 to 15 week"		"adult"	"http://www.ebi.ac.uk/efo/EFO_0001272"	"brain without olfactory bulb"		"Pdgfrb-GFP;NG2dsRed"		"Brain single cell 1970"	
"SRR5531400"	"Mus musculus"	"http://purl.obolibrary.org/obo/NCBITaxon_10090"	"C57BL/6"	"http://www.ebi.ac.uk/efo/EFO_0004472"	"12 to 15 week"		"adult"	"http://www.ebi.ac.uk/efo/EFO_0001272"	"brain without olfactory bulb"		"Pdgfrb-GFP;NG2dsRed"		"Brain single cell 1971"	
"SRR5531401"	"Mus musculus"	"http://purl.obolibrary.org/obo/NCBITaxon_10090"	"C57BL/6"	"http://www.ebi.ac.uk/efo/EFO_0004472"	"12 to 15 week"		"adult"	"http://www.ebi.ac.uk/efo/EFO_0001272"	"brain without olfactory bulb"		"Pdgfrb-GFP;NG2dsRed"		"Brain single cell 1972"	
"SRR5531402"	"Mus musculus"	"http://purl.obolibrary.org/obo/NCBITaxon_10090"	"C57BL/6"	"http://www.ebi.ac.uk/efo/EFO_0004472"	"12 to 15 week"		"adult"	"http://www.ebi.ac.uk/efo/EFO_0001272"	"brain without olfactory bulb"		"Pdgfrb-GFP;NG2dsRed"		"Brain single cell 1973"	
"SRR5531403"	"Mus musculus"	"http://purl.obolibrary.org/obo/NCBITaxon_10090"	"C57BL/6"	"http://www.ebi.ac.uk/efo/EFO_0004472"	"12 to 15 week"		"adult"	"http://www.ebi.ac.uk/efo/EFO_0001272"	"brain without olfactory bulb"		"Pdgfrb-GFP;NG2dsRed"		"Brain single cell 1974"	
"SRR5531404"	"Mus musculus"	"http://purl.obolibrary.org/obo/NCBITaxon_10090"	"C57BL/6"	"http://www.ebi.ac.uk/efo/EFO_0004472"	"12 to 15 week"		"adult"	"http://www.ebi.ac.uk/efo/EFO_0001272"	"brain without olfactory bulb"		"Pdgfrb-GFP;NG2dsRed"		"Brain single cell 1975"	
"SRR5531405"	"Mus musculus"	"http://purl.obolibrary.org/obo/NCBITaxon_10090"	"C57BL/6"	"http://www.ebi.ac.uk/efo/EFO_0004472"	"12 to 15 week"		"adult"	"http://www.ebi.ac.uk/efo/EFO_0001272"	"brain without olfactory bulb"		"Pdgfrb-GFP;NG2dsRed"		"Brain single cell 1976"	
"SRR5531406"	"Mus musculus"	"http://purl.obolibrary.org/obo/NCBITaxon_10090"	"C57BL/6"	"http://www.ebi.ac.uk/efo/EFO_0004472"	"12 to 15 week"		"adult"	"http://www.ebi.ac.uk/efo/EFO_0001272"	"brain without olfactory bulb"		"Pdgfrb-GFP;NG2dsRed"		"Brain single cell 1977"	
"SRR5531407"	"Mus musculus"	"http://purl.obolibrary.org/obo/NCBITaxon_10090"	"C57BL/6"	"http://www.ebi.ac.uk/efo/EFO_0004472"	"12 to 15 week"		"adult"	"http://www.ebi.ac.uk/efo/EFO_0001272"	"brain without olfactory bulb"		"Pdgfrb-GFP;NG2dsRed"		"Brain single cell 1978"	
"SRR5531408"	"Mus musculus"	"http://purl.obolibrary.org/obo/NCBITaxon_10090"	"C57BL/6"	"http://www.ebi.ac.uk/efo/EFO_0004472"	"12 to 15 week"		"adult"	"http://www.ebi.ac.uk/efo/EFO_0001272"	"brain without olfactory bulb"		"Pdgfrb-GFP;NG2dsRed"		"Brain single cell 1979"	
"SRR5531409"	"Mus musculus"	"http://purl.obolibrary.org/obo/NCBITaxon_10090"	"C57BL/6"	"http://www.ebi.ac.uk/efo/EFO_0004472"	"12 to 15 week"		"adult"	"http://www.ebi.ac.uk/efo/EFO_0001272"	"brain without olfactory bulb"		"Pdgfrb-GFP;NG2dsRed"		"Brain single cell 1980"	
"SRR5531410"	"Mus musculus"	"http://purl.obolibrary.org/obo/NCBITaxon_10090"	"C57BL/6"	"http://www.ebi.ac.uk/efo/EFO_0004472"	"12 to 15 week"		"adult"	"http://www.ebi.ac.uk/efo/EFO_0001272"	"brain without olfactory bulb"		"Pdgfrb-GFP;NG2dsRed"		"Brain single cell 1981"	
"SRR5531411"	"Mus musculus"	"http://purl.obolibrary.org/obo/NCBITaxon_10090"	"C57BL/6"	"http://www.ebi.ac.uk/efo/EFO_0004472"	"12 to 15 week"		"adult"	"http://www.ebi.ac.uk/efo/EFO_0001272"	"brain without olfactory bulb"		"Pdgfrb-GFP;NG2dsRed"		"Brain single cell 1982"	
"SRR5531412"	"Mus musculus"	"http://purl.obolibrary.org/obo/NCBITaxon_10090"	"C57BL/6"	"http://www.ebi.ac.uk/efo/EFO_0004472"	"12 to 15 week"		"adult"	"http://www.ebi.ac.uk/efo/EFO_0001272"	"brain without olfactory bulb"		"Pdgfrb-GFP;NG2dsRed"		"Brain single cell 1983"	
"SRR5531413"	"Mus musculus"	"http://purl.obolibrary.org/obo/NCBITaxon_10090"	"C57BL/6"	"http://www.ebi.ac.uk/efo/EFO_0004472"	"12 to 15 week"		"adult"	"http://www.ebi.ac.uk/efo/EFO_0001272"	"brain without olfactory bulb"		"Pdgfrb-GFP;NG2dsRed"		"Brain single cell 1984"	
"SRR5531414"	"Mus musculus"	"http://purl.obolibrary.org/obo/NCBITaxon_10090"	"C57BL/6"	"http://www.ebi.ac.uk/efo/EFO_0004472"	"12 to 15 week"		"adult"	"http://www.ebi.ac.uk/efo/EFO_0001272"	"brain without olfactory bulb"		"Pdgfrb-GFP;NG2dsRed"		"Brain single cell 1985"	
"SRR5531415"	"Mus musculus"	"http://purl.obolibrary.org/obo/NCBITaxon_10090"	"C57BL/6"	"http://www.ebi.ac.uk/efo/EFO_0004472"	"12 to 15 week"		"adult"	"http://www.ebi.ac.uk/efo/EFO_0001272"	"brain without olfactory bulb"		"Pdgfrb-GFP;NG2dsRed"		"Brain single cell 1986"	
"SRR5531416"	"Mus musculus"	"http://purl.obolibrary.org/obo/NCBITaxon_10090"	"C57BL/6"	"http://www.ebi.ac.uk/efo/EFO_0004472"	"12 to 15 week"		"adult"	"http://www.ebi.ac.uk/efo/EFO_0001272"	"brain without olfactory bulb"		"Pdgfrb-GFP;NG2dsRed"		"Brain single cell 1987"	
"SRR5531417"	"Mus musculus"	"http://purl.obolibrary.org/obo/NCBITaxon_10090"	"C57BL/6"	"http://www.ebi.ac.uk/efo/EFO_0004472"	"12 to 15 week"		"adult"	"http://www.ebi.ac.uk/efo/EFO_0001272"	"brain without olfactory bulb"		"Pdgfrb-GFP;NG2dsRed"		"Brain single cell 1988"	
"SRR5531418"	"Mus musculus"	"http://purl.obolibrary.org/obo/NCBITaxon_10090"	"C57BL/6"	"http://www.ebi.ac.uk/efo/EFO_0004472"	"12 to 15 week"		"adult"	"http://www.ebi.ac.uk/efo/EFO_0001272"	"brain without olfactory bulb"		"Pdgfrb-GFP;NG2dsRed"		"Brain single cell 1989"	
"SRR5531419"	"Mus musculus"	"http://purl.obolibrary.org/obo/NCBITaxon_10090"	"C57BL/6"	"http://www.ebi.ac.uk/efo/EFO_0004472"	"12 to 15 week"		"adult"	"http://www.ebi.ac.uk/efo/EFO_0001272"	"brain without olfactory bulb"		"Pdgfrb-GFP;NG2dsRed"		"Brain single cell 1990"	
"SRR5531420"	"Mus musculus"	"http://purl.obolibrary.org/obo/NCBITaxon_10090"	"C57BL/6"	"http://www.ebi.ac.uk/efo/EFO_0004472"	"12 to 15 week"		"adult"	"http://www.ebi.ac.uk/efo/EFO_0001272"	"brain without olfactory bulb"		"Pdgfrb-GFP;NG2dsRed"		"Brain single cell 1991"	
"SRR5531421"	"Mus musculus"	"http://purl.obolibrary.org/obo/NCBITaxon_10090"	"C57BL/6"	"http://www.ebi.ac.uk/efo/EFO_0004472"	"12 to 15 week"		"adult"	"http://www.ebi.ac.uk/efo/EFO_0001272"	"brain without olfactory bulb"		"Pdgfrb-GFP;NG2dsRed"		"Brain single cell 1992"	
"SRR5531422"	"Mus musculus"	"http://purl.obolibrary.org/obo/NCBITaxon_10090"	"C57BL/6"	"http://www.ebi.ac.uk/efo/EFO_0004472"	"12 to 15 week"		"adult"	"http://www.ebi.ac.uk/efo/EFO_0001272"	"brain without olfactory bulb"		"Pdgfrb-GFP;NG2dsRed"		"Brain single cell 1993"	
"SRR5531423"	"Mus musculus"	"http://purl.obolibrary.org/obo/NCBITaxon_10090"	"C57BL/6"	"http://www.ebi.ac.uk/efo/EFO_0004472"	"12 to 15 week"		"adult"	"http://www.ebi.ac.uk/efo/EFO_0001272"	"brain without olfactory bulb"		"Pdgfrb-GFP;NG2dsRed"		"Brain single cell 1994"	
"SRR5531424"	"Mus musculus"	"http://purl.obolibrary.org/obo/NCBITaxon_10090"	"C57BL/6"	"http://www.ebi.ac.uk/efo/EFO_0004472"	"12 to 15 week"		"adult"	"http://www.ebi.ac.uk/efo/EFO_0001272"	"brain without olfactory bulb"		"Pdgfrb-GFP;NG2dsRed"		"Brain single cell 1995"	
"SRR5531425"	"Mus musculus"	"http://purl.obolibrary.org/obo/NCBITaxon_10090"	"C57BL/6"	"http://www.ebi.ac.uk/efo/EFO_0004472"	"12 to 15 week"		"adult"	"http://www.ebi.ac.uk/efo/EFO_0001272"	"brain without olfactory bulb"		"Pdgfrb-GFP;NG2dsRed"		"Brain single cell 1996"	
"SRR5531426"	"Mus musculus"	"http://purl.obolibrary.org/obo/NCBITaxon_10090"	"C57BL/6"	"http://www.ebi.ac.uk/efo/EFO_0004472"	"12 to 15 week"		"adult"	"http://www.ebi.ac.uk/efo/EFO_0001272"	"brain without olfactory bulb"		"Pdgfrb-GFP;NG2dsRed"		"Brain single cell 1997"	
"SRR5531427"	"Mus musculus"	"http://purl.obolibrary.org/obo/NCBITaxon_10090"	"C57BL/6"	"http://www.ebi.ac.uk/efo/EFO_0004472"	"12 to 15 week"		"adult"	"http://www.ebi.ac.uk/efo/EFO_0001272"	"brain without olfactory bulb"		"Pdgfrb-GFP;NG2dsRed"		"Brain single cell 1998"	
"SRR5531428"	"Mus musculus"	"http://purl.obolibrary.org/obo/NCBITaxon_10090"	"C57BL/6"	"http://www.ebi.ac.uk/efo/EFO_0004472"	"12 to 15 week"		"adult"	"http://www.ebi.ac.uk/efo/EFO_0001272"	"brain without olfactory bulb"		"Pdgfrb-GFP;NG2dsRed"		"Brain single cell 1999"	
"SRR5531429"	"Mus musculus"	"http://purl.obolibrary.org/obo/NCBITaxon_10090"	"C57BL/6"	"http://www.ebi.ac.uk/efo/EFO_0004472"	"12 to 15 week"		"adult"	"http://www.ebi.ac.uk/efo/EFO_0001272"	"brain without olfactory bulb"		"Pdgfrb-GFP;NG2dsRed"		"Brain single cell 2000"	
"SRR5531430"	"Mus musculus"	"http://purl.obolibrary.org/obo/NCBITaxon_10090"	"C57BL/6"	"http://www.ebi.ac.uk/efo/EFO_0004472"	"12 to 15 week"		"adult"	"http://www.ebi.ac.uk/efo/EFO_0001272"	"brain without olfactory bulb"		"Pdgfrb-GFP;NG2dsRed"		"Brain single cell 2001"	
"SRR5531431"	"Mus musculus"	"http://purl.obolibrary.org/obo/NCBITaxon_10090"	"C57BL/6"	"http://www.ebi.ac.uk/efo/EFO_0004472"	"12 to 15 week"		"adult"	"http://www.ebi.ac.uk/efo/EFO_0001272"	"brain without olfactory bulb"		"Pdgfrb-GFP;NG2dsRed"		"Brain single cell 2002"	
"SRR5531432"	"Mus musculus"	"http://purl.obolibrary.org/obo/NCBITaxon_10090"	"C57BL/6"	"http://www.ebi.ac.uk/efo/EFO_0004472"	"12 to 15 week"		"adult"	"http://www.ebi.ac.uk/efo/EFO_0001272"	"brain without olfactory bulb"		"Pdgfrb-GFP;NG2dsRed"		"Brain single cell 2003"	
"SRR5531433"	"Mus musculus"	"http://purl.obolibrary.org/obo/NCBITaxon_10090"	"C57BL/6"	"http://www.ebi.ac.uk/efo/EFO_0004472"	"12 to 15 week"		"adult"	"http://www.ebi.ac.uk/efo/EFO_0001272"	"brain without olfactory bulb"		"Pdgfrb-GFP;NG2dsRed"		"Brain single cell 2004"	
"SRR5531434"	"Mus musculus"	"http://purl.obolibrary.org/obo/NCBITaxon_10090"	"C57BL/6"	"http://www.ebi.ac.uk/efo/EFO_0004472"	"12 to 15 week"		"adult"	"http://www.ebi.ac.uk/efo/EFO_0001272"	"brain without olfactory bulb"		"Pdgfrb-GFP;NG2dsRed"		"Brain single cell 2005"	
"SRR5531435"	"Mus musculus"	"http://purl.obolibrary.org/obo/NCBITaxon_10090"	"C57BL/6"	"http://www.ebi.ac.uk/efo/EFO_0004472"	"12 to 15 week"		"adult"	"http://www.ebi.ac.uk/efo/EFO_0001272"	"brain without olfactory bulb"		"Pdgfrb-GFP;NG2dsRed"		"Brain single cell 2006"	
"SRR5531436"	"Mus musculus"	"http://purl.obolibrary.org/obo/NCBITaxon_10090"	"C57BL/6"	"http://www.ebi.ac.uk/efo/EFO_0004472"	"12 to 15 week"		"adult"	"http://www.ebi.ac.uk/efo/EFO_0001272"	"brain without olfactory bulb"		"Pdgfrb-GFP;NG2dsRed"		"Brain single cell 2007"	
"SRR5531437"	"Mus musculus"	"http://purl.obolibrary.org/obo/NCBITaxon_10090"	"C57BL/6"	"http://www.ebi.ac.uk/efo/EFO_0004472"	"12 to 15 week"		"adult"	"http://www.ebi.ac.uk/efo/EFO_0001272"	"brain without olfactory bulb"		"Pdgfrb-GFP;NG2dsRed"		"Brain single cell 2008"	
"SRR5531438"	"Mus musculus"	"http://purl.obolibrary.org/obo/NCBITaxon_10090"	"C57BL/6"	"http://www.ebi.ac.uk/efo/EFO_0004472"	"12 to 15 week"		"adult"	"http://www.ebi.ac.uk/efo/EFO_0001272"	"brain without olfactory bulb"		"Pdgfrb-GFP;NG2dsRed"		"Brain single cell 2009"	
"SRR5531439"	"Mus musculus"	"http://purl.obolibrary.org/obo/NCBITaxon_10090"	"C57BL/6"	"http://www.ebi.ac.uk/efo/EFO_0004472"	"12 to 15 week"		"adult"	"http://www.ebi.ac.uk/efo/EFO_0001272"	"brain without olfactory bulb"		"Pdgfrb-GFP;NG2dsRed"		"Brain single cell 2010"	
"SRR5531440"	"Mus musculus"	"http://purl.obolibrary.org/obo/NCBITaxon_10090"	"C57BL/6"	"http://www.ebi.ac.uk/efo/EFO_0004472"	"12 to 15 week"		"adult"	"http://www.ebi.ac.uk/efo/EFO_0001272"	"brain without olfactory bulb"		"Pdgfrb-GFP;NG2dsRed"		"Brain single cell 2011"	
"SRR5531441"	"Mus musculus"	"http://purl.obolibrary.org/obo/NCBITaxon_10090"	"C57BL/6"	"http://www.ebi.ac.uk/efo/EFO_0004472"	"12 to 15 week"		"adult"	"http://www.ebi.ac.uk/efo/EFO_0001272"	"brain without olfactory bulb"		"Pdgfrb-GFP;NG2dsRed"		"Brain single cell 2012"	
"SRR5531442"	"Mus musculus"	"http://purl.obolibrary.org/obo/NCBITaxon_10090"	"C57BL/6"	"http://www.ebi.ac.uk/efo/EFO_0004472"	"12 to 15 week"		"adult"	"http://www.ebi.ac.uk/efo/EFO_0001272"	"brain without olfactory bulb"		"Pdgfrb-GFP;NG2dsRed"		"Brain single cell 2013"	
"SRR5531443"	"Mus musculus"	"http://purl.obolibrary.org/obo/NCBITaxon_10090"	"C57BL/6"	"http://www.ebi.ac.uk/efo/EFO_0004472"	"12 to 15 week"		"adult"	"http://www.ebi.ac.uk/efo/EFO_0001272"	"brain without olfactory bulb"		"Pdgfrb-GFP;NG2dsRed"		"Brain single cell 2014"	
"SRR5531444"	"Mus musculus"	"http://purl.obolibrary.org/obo/NCBITaxon_10090"	"C57BL/6"	"http://www.ebi.ac.uk/efo/EFO_0004472"	"12 to 15 week"		"adult"	"http://www.ebi.ac.uk/efo/EFO_0001272"	"brain without olfactory bulb"		"Pdgfrb-GFP;NG2dsRed"		"Brain single cell 2015"	
"SRR5531445"	"Mus musculus"	"http://purl.obolibrary.org/obo/NCBITaxon_10090"	"C57BL/6"	"http://www.ebi.ac.uk/efo/EFO_0004472"	"12 to 15 week"		"adult"	"http://www.ebi.ac.uk/efo/EFO_0001272"	"brain without olfactory bulb"		"Pdgfrb-GFP;NG2dsRed"		"Brain single cell 2016"	
"SRR5531446"	"Mus musculus"	"http://purl.obolibrary.org/obo/NCBITaxon_10090"	"C57BL/6"	"http://www.ebi.ac.uk/efo/EFO_0004472"	"12 to 15 week"		"adult"	"http://www.ebi.ac.uk/efo/EFO_0001272"	"brain without olfactory bulb"		"Pdgfrb-GFP;NG2dsRed"		"Brain single cell 2017"	
"SRR5531447"	"Mus musculus"	"http://purl.obolibrary.org/obo/NCBITaxon_10090"	"C57BL/6"	"http://www.ebi.ac.uk/efo/EFO_0004472"	"12 to 15 week"		"adult"	"http://www.ebi.ac.uk/efo/EFO_0001272"	"brain without olfactory bulb"		"Pdgfrb-GFP;NG2dsRed"		"Brain single cell 2018"	
"SRR5531448"	"Mus musculus"	"http://purl.obolibrary.org/obo/NCBITaxon_10090"	"C57BL/6"	"http://www.ebi.ac.uk/efo/EFO_0004472"	"12 to 15 week"		"adult"	"http://www.ebi.ac.uk/efo/EFO_0001272"	"brain without olfactory bulb"		"Pdgfrb-GFP;NG2dsRed"		"Brain single cell 2019"	
"SRR5531449"	"Mus musculus"	"http://purl.obolibrary.org/obo/NCBITaxon_10090"	"C57BL/6"	"http://www.ebi.ac.uk/efo/EFO_0004472"	"12 to 15 week"		"adult"	"http://www.ebi.ac.uk/efo/EFO_0001272"	"brain without olfactory bulb"		"Pdgfrb-GFP;NG2dsRed"		"Brain single cell 2020"	
"SRR5531450"	"Mus musculus"	"http://purl.obolibrary.org/obo/NCBITaxon_10090"	"C57BL/6"	"http://www.ebi.ac.uk/efo/EFO_0004472"	"12 to 15 week"		"adult"	"http://www.ebi.ac.uk/efo/EFO_0001272"	"brain without olfactory bulb"		"Pdgfrb-GFP;NG2dsRed"		"Brain single cell 2021"	
"SRR5531451"	"Mus musculus"	"http://purl.obolibrary.org/obo/NCBITaxon_10090"	"C57BL/6"	"http://www.ebi.ac.uk/efo/EFO_0004472"	"12 to 15 week"		"adult"	"http://www.ebi.ac.uk/efo/EFO_0001272"	"brain without olfactory bulb"		"Pdgfrb-GFP;NG2dsRed"		"Brain single cell 2022"	
"SRR5531452"	"Mus musculus"	"http://purl.obolibrary.org/obo/NCBITaxon_10090"	"C57BL/6"	"http://www.ebi.ac.uk/efo/EFO_0004472"	"12 to 15 week"		"adult"	"http://www.ebi.ac.uk/efo/EFO_0001272"	"brain without olfactory bulb"		"Pdgfrb-GFP;NG2dsRed"		"Brain single cell 2023"	
"SRR5531453"	"Mus musculus"	"http://purl.obolibrary.org/obo/NCBITaxon_10090"	"C57BL/6"	"http://www.ebi.ac.uk/efo/EFO_0004472"	"12 to 15 week"		"adult"	"http://www.ebi.ac.uk/efo/EFO_0001272"	"brain without olfactory bulb"		"Pdgfrb-GFP;NG2dsRed"		"Brain single cell 2024"	
"SRR5531454"	"Mus musculus"	"http://purl.obolibrary.org/obo/NCBITaxon_10090"	"C57BL/6"	"http://www.ebi.ac.uk/efo/EFO_0004472"	"12 to 15 week"		"adult"	"http://www.ebi.ac.uk/efo/EFO_0001272"	"brain without olfactory bulb"		"Pdgfrb-GFP;NG2dsRed"		"Brain single cell 2025"	
"SRR5531455"	"Mus musculus"	"http://purl.obolibrary.org/obo/NCBITaxon_10090"	"C57BL/6"	"http://www.ebi.ac.uk/efo/EFO_0004472"	"12 to 15 week"		"adult"	"http://www.ebi.ac.uk/efo/EFO_0001272"	"brain without olfactory bulb"		"Pdgfrb-GFP;NG2dsRed"		"Brain single cell 2026"	
"SRR5531456"	"Mus musculus"	"http://purl.obolibrary.org/obo/NCBITaxon_10090"	"C57BL/6"	"http://www.ebi.ac.uk/efo/EFO_0004472"	"12 to 15 week"		"adult"	"http://www.ebi.ac.uk/efo/EFO_0001272"	"brain without olfactory bulb"		"Pdgfrb-GFP;NG2dsRed"		"Brain single cell 2027"	
"SRR5531457"	"Mus musculus"	"http://purl.obolibrary.org/obo/NCBITaxon_10090"	"C57BL/6"	"http://www.ebi.ac.uk/efo/EFO_0004472"	"12 to 15 week"		"adult"	"http://www.ebi.ac.uk/efo/EFO_0001272"	"brain without olfactory bulb"		"Pdgfrb-GFP;NG2dsRed"		"Brain single cell 2028"	
"SRR5531458"	"Mus musculus"	"http://purl.obolibrary.org/obo/NCBITaxon_10090"	"C57BL/6"	"http://www.ebi.ac.uk/efo/EFO_0004472"	"12 to 15 week"		"adult"	"http://www.ebi.ac.uk/efo/EFO_0001272"	"brain without olfactory bulb"		"Pdgfrb-GFP;NG2dsRed"		"Brain single cell 2029"	
"SRR5531459"	"Mus musculus"	"http://purl.obolibrary.org/obo/NCBITaxon_10090"	"C57BL/6"	"http://www.ebi.ac.uk/efo/EFO_0004472"	"12 to 15 week"		"adult"	"http://www.ebi.ac.uk/efo/EFO_0001272"	"brain without olfactory bulb"		"Pdgfrb-GFP;NG2dsRed"		"Brain single cell 2030"	
"SRR5531460"	"Mus musculus"	"http://purl.obolibrary.org/obo/NCBITaxon_10090"	"C57BL/6"	"http://www.ebi.ac.uk/efo/EFO_0004472"	"12 to 15 week"		"adult"	"http://www.ebi.ac.uk/efo/EFO_0001272"	"brain without olfactory bulb"		"Pdgfrb-GFP;NG2dsRed"		"Brain single cell 2031"	
"SRR5531461"	"Mus musculus"	"http://purl.obolibrary.org/obo/NCBITaxon_10090"	"C57BL/6"	"http://www.ebi.ac.uk/efo/EFO_0004472"	"12 to 15 week"		"adult"	"http://www.ebi.ac.uk/efo/EFO_0001272"	"brain without olfactory bulb"		"Pdgfrb-GFP;NG2dsRed"		"Brain single cell 2032"	
"SRR5531462"	"Mus musculus"	"http://purl.obolibrary.org/obo/NCBITaxon_10090"	"C57BL/6"	"http://www.ebi.ac.uk/efo/EFO_0004472"	"12 to 15 week"		"adult"	"http://www.ebi.ac.uk/efo/EFO_0001272"	"brain without olfactory bulb"		"Pdgfrb-GFP;NG2dsRed"		"Brain single cell 2033"	
"SRR5531463"	"Mus musculus"	"http://purl.obolibrary.org/obo/NCBITaxon_10090"	"C57BL/6"	"http://www.ebi.ac.uk/efo/EFO_0004472"	"12 to 15 week"		"adult"	"http://www.ebi.ac.uk/efo/EFO_0001272"	"brain without olfactory bulb"		"Pdgfrb-GFP;NG2dsRed"		"Brain single cell 2034"	
"SRR5531464"	"Mus musculus"	"http://purl.obolibrary.org/obo/NCBITaxon_10090"	"C57BL/6"	"http://www.ebi.ac.uk/efo/EFO_0004472"	"12 to 15 week"		"adult"	"http://www.ebi.ac.uk/efo/EFO_0001272"	"brain without olfactory bulb"		"Pdgfrb-GFP;NG2dsRed"		"Brain single cell 2035"	
"SRR5531465"	"Mus musculus"	"http://purl.obolibrary.org/obo/NCBITaxon_10090"	"C57BL/6"	"http://www.ebi.ac.uk/efo/EFO_0004472"	"12 to 15 week"		"adult"	"http://www.ebi.ac.uk/efo/EFO_0001272"	"brain without olfactory bulb"		"Pdgfrb-GFP;NG2dsRed"		"Brain single cell 2036"	
"SRR5531466"	"Mus musculus"	"http://purl.obolibrary.org/obo/NCBITaxon_10090"	"C57BL/6"	"http://www.ebi.ac.uk/efo/EFO_0004472"	"12 to 15 week"		"adult"	"http://www.ebi.ac.uk/efo/EFO_0001272"	"brain without olfactory bulb"		"Pdgfrb-GFP;NG2dsRed"		"Brain single cell 2037"	
"SRR5531467"	"Mus musculus"	"http://purl.obolibrary.org/obo/NCBITaxon_10090"	"C57BL/6"	"http://www.ebi.ac.uk/efo/EFO_0004472"	"12 to 15 week"		"adult"	"http://www.ebi.ac.uk/efo/EFO_0001272"	"brain without olfactory bulb"		"Pdgfrb-GFP;NG2dsRed"		"Brain single cell 2038"	
"SRR5531468"	"Mus musculus"	"http://purl.obolibrary.org/obo/NCBITaxon_10090"	"C57BL/6"	"http://www.ebi.ac.uk/efo/EFO_0004472"	"12 to 15 week"		"adult"	"http://www.ebi.ac.uk/efo/EFO_0001272"	"brain without olfactory bulb"		"Pdgfrb-GFP;NG2dsRed"		"Brain single cell 2039"	
"SRR5531469"	"Mus musculus"	"http://purl.obolibrary.org/obo/NCBITaxon_10090"	"C57BL/6"	"http://www.ebi.ac.uk/efo/EFO_0004472"	"12 to 15 week"		"adult"	"http://www.ebi.ac.uk/efo/EFO_0001272"	"brain without olfactory bulb"		"Pdgfrb-GFP;NG2dsRed"		"Brain single cell 2040"	
"SRR5531470"	"Mus musculus"	"http://purl.obolibrary.org/obo/NCBITaxon_10090"	"C57BL/6"	"http://www.ebi.ac.uk/efo/EFO_0004472"	"12 to 15 week"		"adult"	"http://www.ebi.ac.uk/efo/EFO_0001272"	"brain without olfactory bulb"		"Pdgfrb-GFP;NG2dsRed"		"Brain single cell 2041"	
"SRR5531471"	"Mus musculus"	"http://purl.obolibrary.org/obo/NCBITaxon_10090"	"C57BL/6"	"http://www.ebi.ac.uk/efo/EFO_0004472"	"12 to 15 week"		"adult"	"http://www.ebi.ac.uk/efo/EFO_0001272"	"brain without olfactory bulb"		"Pdgfrb-GFP;NG2dsRed"		"Brain single cell 2042"	
"SRR5531472"	"Mus musculus"	"http://purl.obolibrary.org/obo/NCBITaxon_10090"	"C57BL/6"	"http://www.ebi.ac.uk/efo/EFO_0004472"	"12 to 15 week"		"adult"	"http://www.ebi.ac.uk/efo/EFO_0001272"	"brain without olfactory bulb"		"Pdgfrb-GFP;NG2dsRed"		"Brain single cell 2043"	
"SRR5531473"	"Mus musculus"	"http://purl.obolibrary.org/obo/NCBITaxon_10090"	"C57BL/6"	"http://www.ebi.ac.uk/efo/EFO_0004472"	"12 to 15 week"		"adult"	"http://www.ebi.ac.uk/efo/EFO_0001272"	"brain without olfactory bulb"		"Pdgfrb-GFP;NG2dsRed"		"Brain single cell 2044"	
"SRR5531474"	"Mus musculus"	"http://purl.obolibrary.org/obo/NCBITaxon_10090"	"C57BL/6"	"http://www.ebi.ac.uk/efo/EFO_0004472"	"12 to 15 week"		"adult"	"http://www.ebi.ac.uk/efo/EFO_0001272"	"brain without olfactory bulb"		"Pdgfrb-GFP;NG2dsRed"		"Brain single cell 2045"	
"SRR5531475"	"Mus musculus"	"http://purl.obolibrary.org/obo/NCBITaxon_10090"	"C57BL/6"	"http://www.ebi.ac.uk/efo/EFO_0004472"	"12 to 15 week"		"adult"	"http://www.ebi.ac.uk/efo/EFO_0001272"	"brain without olfactory bulb"		"Pdgfrb-GFP;NG2dsRed"		"Brain single cell 2046"	
"SRR5531476"	"Mus musculus"	"http://purl.obolibrary.org/obo/NCBITaxon_10090"	"C57BL/6"	"http://www.ebi.ac.uk/efo/EFO_0004472"	"12 to 15 week"		"adult"	"http://www.ebi.ac.uk/efo/EFO_0001272"	"brain without olfactory bulb"		"Pdgfrb-GFP;NG2dsRed"		"Brain single cell 2047"	
"SRR5531477"	"Mus musculus"	"http://purl.obolibrary.org/obo/NCBITaxon_10090"	"C57BL/6"	"http://www.ebi.ac.uk/efo/EFO_0004472"	"12 to 15 week"		"adult"	"http://www.ebi.ac.uk/efo/EFO_0001272"	"brain without olfactory bulb"		"Pdgfrb-GFP;NG2dsRed"		"Brain single cell 2048"	
"SRR5531478"	"Mus musculus"	"http://purl.obolibrary.org/obo/NCBITaxon_10090"	"C57BL/6"	"http://www.ebi.ac.uk/efo/EFO_0004472"	"12 to 15 week"		"adult"	"http://www.ebi.ac.uk/efo/EFO_0001272"	"brain without olfactory bulb"		"Pdgfrb-GFP;NG2dsRed"		"Brain single cell 2049"	
"SRR5531479"	"Mus musculus"	"http://purl.obolibrary.org/obo/NCBITaxon_10090"	"C57BL/6"	"http://www.ebi.ac.uk/efo/EFO_0004472"	"12 to 15 week"		"adult"	"http://www.ebi.ac.uk/efo/EFO_0001272"	"brain without olfactory bulb"		"Pdgfrb-GFP;NG2dsRed"		"Brain single cell 2050"	
"SRR5531480"	"Mus musculus"	"http://purl.obolibrary.org/obo/NCBITaxon_10090"	"C57BL/6"	"http://www.ebi.ac.uk/efo/EFO_0004472"	"12 to 15 week"		"adult"	"http://www.ebi.ac.uk/efo/EFO_0001272"	"brain without olfactory bulb"		"Pdgfrb-GFP;NG2dsRed"		"Brain single cell 2051"	
"SRR5531481"	"Mus musculus"	"http://purl.obolibrary.org/obo/NCBITaxon_10090"	"C57BL/6"	"http://www.ebi.ac.uk/efo/EFO_0004472"	"12 to 15 week"		"adult"	"http://www.ebi.ac.uk/efo/EFO_0001272"	"brain without olfactory bulb"		"Pdgfrb-GFP;NG2dsRed"		"Brain single cell 2052"	
"SRR5531482"	"Mus musculus"	"http://purl.obolibrary.org/obo/NCBITaxon_10090"	"C57BL/6"	"http://www.ebi.ac.uk/efo/EFO_0004472"	"12 to 15 week"		"adult"	"http://www.ebi.ac.uk/efo/EFO_0001272"	"brain without olfactory bulb"		"Pdgfrb-GFP;NG2dsRed"		"Brain single cell 2053"	
"SRR5531483"	"Mus musculus"	"http://purl.obolibrary.org/obo/NCBITaxon_10090"	"C57BL/6"	"http://www.ebi.ac.uk/efo/EFO_0004472"	"12 to 15 week"		"adult"	"http://www.ebi.ac.uk/efo/EFO_0001272"	"brain without olfactory bulb"		"Pdgfrb-GFP;NG2dsRed"		"Brain single cell 2054"	
"SRR5531484"	"Mus musculus"	"http://purl.obolibrary.org/obo/NCBITaxon_10090"	"C57BL/6"	"http://www.ebi.ac.uk/efo/EFO_0004472"	"12 to 15 week"		"adult"	"http://www.ebi.ac.uk/efo/EFO_0001272"	"brain without olfactory bulb"		"Pdgfrb-GFP;NG2dsRed"		"Brain single cell 2055"	
"SRR5531485"	"Mus musculus"	"http://purl.obolibrary.org/obo/NCBITaxon_10090"	"C57BL/6"	"http://www.ebi.ac.uk/efo/EFO_0004472"	"12 to 15 week"		"adult"	"http://www.ebi.ac.uk/efo/EFO_0001272"	"brain without olfactory bulb"		"Pdgfrb-GFP;NG2dsRed"		"Brain single cell 2056"	
"SRR5531486"	"Mus musculus"	"http://purl.obolibrary.org/obo/NCBITaxon_10090"	"C57BL/6"	"http://www.ebi.ac.uk/efo/EFO_0004472"	"12 to 15 week"		"adult"	"http://www.ebi.ac.uk/efo/EFO_0001272"	"brain without olfactory bulb"		"Pdgfrb-GFP;NG2dsRed"		"Brain single cell 2057"	
"SRR5531487"	"Mus musculus"	"http://purl.obolibrary.org/obo/NCBITaxon_10090"	"C57BL/6"	"http://www.ebi.ac.uk/efo/EFO_0004472"	"12 to 15 week"		"adult"	"http://www.ebi.ac.uk/efo/EFO_0001272"	"brain without olfactory bulb"		"Pdgfrb-GFP;NG2dsRed"		"Brain single cell 2058"	
"SRR5531488"	"Mus musculus"	"http://purl.obolibrary.org/obo/NCBITaxon_10090"	"C57BL/6"	"http://www.ebi.ac.uk/efo/EFO_0004472"	"12 to 15 week"		"adult"	"http://www.ebi.ac.uk/efo/EFO_0001272"	"brain without olfactory bulb"		"Pdgfrb-GFP;NG2dsRed"		"Brain single cell 2059"	
"SRR5531489"	"Mus musculus"	"http://purl.obolibrary.org/obo/NCBITaxon_10090"	"C57BL/6"	"http://www.ebi.ac.uk/efo/EFO_0004472"	"12 to 15 week"		"adult"	"http://www.ebi.ac.uk/efo/EFO_0001272"	"brain without olfactory bulb"		"Pdgfrb-GFP;NG2dsRed"		"Brain single cell 2060"	
"SRR5531490"	"Mus musculus"	"http://purl.obolibrary.org/obo/NCBITaxon_10090"	"C57BL/6"	"http://www.ebi.ac.uk/efo/EFO_0004472"	"12 to 15 week"		"adult"	"http://www.ebi.ac.uk/efo/EFO_0001272"	"brain without olfactory bulb"		"Pdgfrb-GFP;NG2dsRed"		"Brain single cell 2061"	
"SRR5531491"	"Mus musculus"	"http://purl.obolibrary.org/obo/NCBITaxon_10090"	"C57BL/6"	"http://www.ebi.ac.uk/efo/EFO_0004472"	"12 to 15 week"		"adult"	"http://www.ebi.ac.uk/efo/EFO_0001272"	"brain without olfactory bulb"		"Pdgfrb-GFP;NG2dsRed"		"Brain single cell 2062"	
"SRR5531492"	"Mus musculus"	"http://purl.obolibrary.org/obo/NCBITaxon_10090"	"C57BL/6"	"http://www.ebi.ac.uk/efo/EFO_0004472"	"12 to 15 week"		"adult"	"http://www.ebi.ac.uk/efo/EFO_0001272"	"brain without olfactory bulb"		"Pdgfrb-GFP;NG2dsRed"		"Brain single cell 2063"	
"SRR5531493"	"Mus musculus"	"http://purl.obolibrary.org/obo/NCBITaxon_10090"	"C57BL/6"	"http://www.ebi.ac.uk/efo/EFO_0004472"	"12 to 15 week"		"adult"	"http://www.ebi.ac.uk/efo/EFO_0001272"	"brain without olfactory bulb"		"Pdgfrb-GFP;NG2dsRed"		"Brain single cell 2064"	
"SRR5531494"	"Mus musculus"	"http://purl.obolibrary.org/obo/NCBITaxon_10090"	"C57BL/6"	"http://www.ebi.ac.uk/efo/EFO_0004472"	"12 to 15 week"		"adult"	"http://www.ebi.ac.uk/efo/EFO_0001272"	"brain without olfactory bulb"		"Pdgfrb-GFP;NG2dsRed"		"Brain single cell 2065"	
"SRR5531495"	"Mus musculus"	"http://purl.obolibrary.org/obo/NCBITaxon_10090"	"C57BL/6"	"http://www.ebi.ac.uk/efo/EFO_0004472"	"12 to 15 week"		"adult"	"http://www.ebi.ac.uk/efo/EFO_0001272"	"brain without olfactory bulb"		"Pdgfrb-GFP;NG2dsRed"		"Brain single cell 2066"	
"SRR5531496"	"Mus musculus"	"http://purl.obolibrary.org/obo/NCBITaxon_10090"	"C57BL/6"	"http://www.ebi.ac.uk/efo/EFO_0004472"	"12 to 15 week"		"adult"	"http://www.ebi.ac.uk/efo/EFO_0001272"	"brain without olfactory bulb"		"Pdgfrb-GFP;NG2dsRed"		"Brain single cell 2067"	
"SRR5531497"	"Mus musculus"	"http://purl.obolibrary.org/obo/NCBITaxon_10090"	"C57BL/6"	"http://www.ebi.ac.uk/efo/EFO_0004472"	"12 to 15 week"		"adult"	"http://www.ebi.ac.uk/efo/EFO_0001272"	"brain without olfactory bulb"		"Pdgfrb-GFP;NG2dsRed"		"Brain single cell 2068"	
"SRR5531498"	"Mus musculus"	"http://purl.obolibrary.org/obo/NCBITaxon_10090"	"C57BL/6"	"http://www.ebi.ac.uk/efo/EFO_0004472"	"12 to 15 week"		"adult"	"http://www.ebi.ac.uk/efo/EFO_0001272"	"brain without olfactory bulb"		"Pdgfrb-GFP;NG2dsRed"		"Brain single cell 2069"	
"SRR5531499"	"Mus musculus"	"http://purl.obolibrary.org/obo/NCBITaxon_10090"	"C57BL/6"	"http://www.ebi.ac.uk/efo/EFO_0004472"	"12 to 15 week"		"adult"	"http://www.ebi.ac.uk/efo/EFO_0001272"	"brain without olfactory bulb"		"Pdgfrb-GFP;NG2dsRed"		"Brain single cell 2070"	
"SRR5531500"	"Mus musculus"	"http://purl.obolibrary.org/obo/NCBITaxon_10090"	"C57BL/6"	"http://www.ebi.ac.uk/efo/EFO_0004472"	"12 to 15 week"		"adult"	"http://www.ebi.ac.uk/efo/EFO_0001272"	"brain without olfactory bulb"		"Pdgfrb-GFP;NG2dsRed"		"Brain single cell 2071"	
"SRR5531501"	"Mus musculus"	"http://purl.obolibrary.org/obo/NCBITaxon_10090"	"C57BL/6"	"http://www.ebi.ac.uk/efo/EFO_0004472"	"12 to 15 week"		"adult"	"http://www.ebi.ac.uk/efo/EFO_0001272"	"brain without olfactory bulb"		"Pdgfrb-GFP;NG2dsRed"		"Brain single cell 2072"	
"SRR5531502"	"Mus musculus"	"http://purl.obolibrary.org/obo/NCBITaxon_10090"	"C57BL/6"	"http://www.ebi.ac.uk/efo/EFO_0004472"	"12 to 15 week"		"adult"	"http://www.ebi.ac.uk/efo/EFO_0001272"	"brain without olfactory bulb"		"Pdgfrb-GFP;NG2dsRed"		"Brain single cell 2073"	
"SRR5531503"	"Mus musculus"	"http://purl.obolibrary.org/obo/NCBITaxon_10090"	"C57BL/6"	"http://www.ebi.ac.uk/efo/EFO_0004472"	"12 to 15 week"		"adult"	"http://www.ebi.ac.uk/efo/EFO_0001272"	"brain without olfactory bulb"		"Pdgfrb-GFP;NG2dsRed"		"Brain single cell 2074"	
"SRR5531504"	"Mus musculus"	"http://purl.obolibrary.org/obo/NCBITaxon_10090"	"C57BL/6"	"http://www.ebi.ac.uk/efo/EFO_0004472"	"12 to 15 week"		"adult"	"http://www.ebi.ac.uk/efo/EFO_0001272"	"brain without olfactory bulb"		"Pdgfrb-GFP;NG2dsRed"		"Brain single cell 2075"	
"SRR5531505"	"Mus musculus"	"http://purl.obolibrary.org/obo/NCBITaxon_10090"	"C57BL/6"	"http://www.ebi.ac.uk/efo/EFO_0004472"	"12 to 15 week"		"adult"	"http://www.ebi.ac.uk/efo/EFO_0001272"	"brain without olfactory bulb"		"Pdgfrb-GFP;NG2dsRed"		"Brain single cell 2076"	
"SRR5531506"	"Mus musculus"	"http://purl.obolibrary.org/obo/NCBITaxon_10090"	"C57BL/6"	"http://www.ebi.ac.uk/efo/EFO_0004472"	"12 to 15 week"		"adult"	"http://www.ebi.ac.uk/efo/EFO_0001272"	"brain without olfactory bulb"		"Pdgfrb-GFP;NG2dsRed"		"Brain single cell 2077"	
"SRR5531507"	"Mus musculus"	"http://purl.obolibrary.org/obo/NCBITaxon_10090"	"C57BL/6"	"http://www.ebi.ac.uk/efo/EFO_0004472"	"12 to 15 week"		"adult"	"http://www.ebi.ac.uk/efo/EFO_0001272"	"brain without olfactory bulb"		"Pdgfrb-GFP;NG2dsRed"		"Brain single cell 2078"	
"SRR5531508"	"Mus musculus"	"http://purl.obolibrary.org/obo/NCBITaxon_10090"	"C57BL/6"	"http://www.ebi.ac.uk/efo/EFO_0004472"	"12 to 15 week"		"adult"	"http://www.ebi.ac.uk/efo/EFO_0001272"	"brain without olfactory bulb"		"Pdgfrb-GFP;NG2dsRed"		"Brain single cell 2079"	
"SRR5531509"	"Mus musculus"	"http://purl.obolibrary.org/obo/NCBITaxon_10090"	"C57BL/6"	"http://www.ebi.ac.uk/efo/EFO_0004472"	"12 to 15 week"		"adult"	"http://www.ebi.ac.uk/efo/EFO_0001272"	"brain without olfactory bulb"		"Pdgfrb-GFP;NG2dsRed"		"Brain single cell 2080"	
"SRR5531510"	"Mus musculus"	"http://purl.obolibrary.org/obo/NCBITaxon_10090"	"C57BL/6"	"http://www.ebi.ac.uk/efo/EFO_0004472"	"12 to 15 week"		"adult"	"http://www.ebi.ac.uk/efo/EFO_0001272"	"brain without olfactory bulb"		"Pdgfrb-GFP;NG2dsRed"		"Brain single cell 2081"	
"SRR5531511"	"Mus musculus"	"http://purl.obolibrary.org/obo/NCBITaxon_10090"	"C57BL/6"	"http://www.ebi.ac.uk/efo/EFO_0004472"	"12 to 15 week"		"adult"	"http://www.ebi.ac.uk/efo/EFO_0001272"	"brain without olfactory bulb"		"Pdgfrb-GFP;NG2dsRed"		"Brain single cell 2082"	
"SRR5531512"	"Mus musculus"	"http://purl.obolibrary.org/obo/NCBITaxon_10090"	"C57BL/6"	"http://www.ebi.ac.uk/efo/EFO_0004472"	"12 to 15 week"		"adult"	"http://www.ebi.ac.uk/efo/EFO_0001272"	"brain without olfactory bulb"		"Pdgfrb-GFP;NG2dsRed"		"Brain single cell 2083"	
"SRR5531513"	"Mus musculus"	"http://purl.obolibrary.org/obo/NCBITaxon_10090"	"C57BL/6"	"http://www.ebi.ac.uk/efo/EFO_0004472"	"12 to 15 week"		"adult"	"http://www.ebi.ac.uk/efo/EFO_0001272"	"brain without olfactory bulb"		"Pdgfrb-GFP;NG2dsRed"		"Brain single cell 2084"	
"SRR5531514"	"Mus musculus"	"http://purl.obolibrary.org/obo/NCBITaxon_10090"	"C57BL/6"	"http://www.ebi.ac.uk/efo/EFO_0004472"	"12 to 15 week"		"adult"	"http://www.ebi.ac.uk/efo/EFO_0001272"	"brain without olfactory bulb"		"Pdgfrb-GFP;NG2dsRed"		"Brain single cell 2085"	
"SRR5531515"	"Mus musculus"	"http://purl.obolibrary.org/obo/NCBITaxon_10090"	"C57BL/6"	"http://www.ebi.ac.uk/efo/EFO_0004472"	"12 to 15 week"		"adult"	"http://www.ebi.ac.uk/efo/EFO_0001272"	"brain without olfactory bulb"		"Pdgfrb-GFP;NG2dsRed"		"Brain single cell 2086"	
"SRR5531516"	"Mus musculus"	"http://purl.obolibrary.org/obo/NCBITaxon_10090"	"C57BL/6"	"http://www.ebi.ac.uk/efo/EFO_0004472"	"12 to 15 week"		"adult"	"http://www.ebi.ac.uk/efo/EFO_0001272"	"brain without olfactory bulb"		"Pdgfrb-GFP;NG2dsRed"		"Brain single cell 2087"	
"SRR5531517"	"Mus musculus"	"http://purl.obolibrary.org/obo/NCBITaxon_10090"	"C57BL/6"	"http://www.ebi.ac.uk/efo/EFO_0004472"	"12 to 15 week"		"adult"	"http://www.ebi.ac.uk/efo/EFO_0001272"	"brain without olfactory bulb"		"Pdgfrb-GFP;NG2dsRed"		"Brain single cell 2088"	
"SRR5531518"	"Mus musculus"	"http://purl.obolibrary.org/obo/NCBITaxon_10090"	"C57BL/6"	"http://www.ebi.ac.uk/efo/EFO_0004472"	"12 to 15 week"		"adult"	"http://www.ebi.ac.uk/efo/EFO_0001272"	"brain without olfactory bulb"		"Pdgfrb-GFP;NG2dsRed"		"Brain single cell 2089"	
"SRR5531519"	"Mus musculus"	"http://purl.obolibrary.org/obo/NCBITaxon_10090"	"C57BL/6"	"http://www.ebi.ac.uk/efo/EFO_0004472"	"12 to 15 week"		"adult"	"http://www.ebi.ac.uk/efo/EFO_0001272"	"brain without olfactory bulb"		"Pdgfrb-GFP;NG2dsRed"		"Brain single cell 2090"	
"SRR5531520"	"Mus musculus"	"http://purl.obolibrary.org/obo/NCBITaxon_10090"	"C57BL/6"	"http://www.ebi.ac.uk/efo/EFO_0004472"	"12 to 15 week"		"adult"	"http://www.ebi.ac.uk/efo/EFO_0001272"	"brain without olfactory bulb"		"Pdgfrb-GFP;NG2dsRed"		"Brain single cell 2091"	
"SRR5531521"	"Mus musculus"	"http://purl.obolibrary.org/obo/NCBITaxon_10090"	"C57BL/6"	"http://www.ebi.ac.uk/efo/EFO_0004472"	"12 to 15 week"		"adult"	"http://www.ebi.ac.uk/efo/EFO_0001272"	"brain without olfactory bulb"		"Pdgfrb-GFP;NG2dsRed"		"Brain single cell 2092"	
"SRR5531522"	"Mus musculus"	"http://purl.obolibrary.org/obo/NCBITaxon_10090"	"C57BL/6"	"http://www.ebi.ac.uk/efo/EFO_0004472"	"12 to 15 week"		"adult"	"http://www.ebi.ac.uk/efo/EFO_0001272"	"brain without olfactory bulb"		"Pdgfrb-GFP;NG2dsRed"		"Brain single cell 2093"	
"SRR5531523"	"Mus musculus"	"http://purl.obolibrary.org/obo/NCBITaxon_10090"	"C57BL/6"	"http://www.ebi.ac.uk/efo/EFO_0004472"	"12 to 15 week"		"adult"	"http://www.ebi.ac.uk/efo/EFO_0001272"	"brain without olfactory bulb"		"Pdgfrb-GFP;NG2dsRed"		"Brain single cell 2094"	
"SRR5531524"	"Mus musculus"	"http://purl.obolibrary.org/obo/NCBITaxon_10090"	"C57BL/6"	"http://www.ebi.ac.uk/efo/EFO_0004472"	"12 to 15 week"		"adult"	"http://www.ebi.ac.uk/efo/EFO_0001272"	"brain without olfactory bulb"		"Pdgfrb-GFP;NG2dsRed"		"Brain single cell 2095"	
"SRR5531525"	"Mus musculus"	"http://purl.obolibrary.org/obo/NCBITaxon_10090"	"C57BL/6"	"http://www.ebi.ac.uk/efo/EFO_0004472"	"12 to 15 week"		"adult"	"http://www.ebi.ac.uk/efo/EFO_0001272"	"brain without olfactory bulb"		"Pdgfrb-GFP;NG2dsRed"		"Brain single cell 2096"	
"SRR5531526"	"Mus musculus"	"http://purl.obolibrary.org/obo/NCBITaxon_10090"	"C57BL/6"	"http://www.ebi.ac.uk/efo/EFO_0004472"	"12 to 15 week"		"adult"	"http://www.ebi.ac.uk/efo/EFO_0001272"	"brain without olfactory bulb"		"Pdgfrb-GFP;NG2dsRed"		"Brain single cell 2097"	
"SRR5531527"	"Mus musculus"	"http://purl.obolibrary.org/obo/NCBITaxon_10090"	"C57BL/6"	"http://www.ebi.ac.uk/efo/EFO_0004472"	"12 to 15 week"		"adult"	"http://www.ebi.ac.uk/efo/EFO_0001272"	"brain without olfactory bulb"		"Pdgfrb-GFP;NG2dsRed"		"Brain single cell 2098"	
"SRR5531528"	"Mus musculus"	"http://purl.obolibrary.org/obo/NCBITaxon_10090"	"C57BL/6"	"http://www.ebi.ac.uk/efo/EFO_0004472"	"12 to 15 week"		"adult"	"http://www.ebi.ac.uk/efo/EFO_0001272"	"brain without olfactory bulb"		"Pdgfrb-GFP;NG2dsRed"		"Brain single cell 2099"	
"SRR5531529"	"Mus musculus"	"http://purl.obolibrary.org/obo/NCBITaxon_10090"	"C57BL/6"	"http://www.ebi.ac.uk/efo/EFO_0004472"	"12 to 15 week"		"adult"	"http://www.ebi.ac.uk/efo/EFO_0001272"	"brain without olfactory bulb"		"Pdgfrb-GFP;NG2dsRed"		"Brain single cell 2100"	
"SRR5531530"	"Mus musculus"	"http://purl.obolibrary.org/obo/NCBITaxon_10090"	"C57BL/6"	"http://www.ebi.ac.uk/efo/EFO_0004472"	"12 to 15 week"		"adult"	"http://www.ebi.ac.uk/efo/EFO_0001272"	"brain without olfactory bulb"		"Pdgfrb-GFP;NG2dsRed"		"Brain single cell 2101"	
"SRR5531531"	"Mus musculus"	"http://purl.obolibrary.org/obo/NCBITaxon_10090"	"C57BL/6"	"http://www.ebi.ac.uk/efo/EFO_0004472"	"12 to 15 week"		"adult"	"http://www.ebi.ac.uk/efo/EFO_0001272"	"brain without olfactory bulb"		"Pdgfrb-GFP;NG2dsRed"		"Brain single cell 2102"	
"SRR5531532"	"Mus musculus"	"http://purl.obolibrary.org/obo/NCBITaxon_10090"	"C57BL/6"	"http://www.ebi.ac.uk/efo/EFO_0004472"	"12 to 15 week"		"adult"	"http://www.ebi.ac.uk/efo/EFO_0001272"	"brain without olfactory bulb"		"Pdgfrb-GFP;NG2dsRed"		"Brain single cell 2103"	
"SRR5531533"	"Mus musculus"	"http://purl.obolibrary.org/obo/NCBITaxon_10090"	"C57BL/6"	"http://www.ebi.ac.uk/efo/EFO_0004472"	"12 to 15 week"		"adult"	"http://www.ebi.ac.uk/efo/EFO_0001272"	"brain without olfactory bulb"		"Pdgfrb-GFP;NG2dsRed"		"Brain single cell 2104"	
"SRR5531534"	"Mus musculus"	"http://purl.obolibrary.org/obo/NCBITaxon_10090"	"C57BL/6"	"http://www.ebi.ac.uk/efo/EFO_0004472"	"12 to 15 week"		"adult"	"http://www.ebi.ac.uk/efo/EFO_0001272"	"brain without olfactory bulb"		"Pdgfrb-GFP;NG2dsRed"		"Brain single cell 2105"	
"SRR5531535"	"Mus musculus"	"http://purl.obolibrary.org/obo/NCBITaxon_10090"	"C57BL/6"	"http://www.ebi.ac.uk/efo/EFO_0004472"	"12 to 15 week"		"adult"	"http://www.ebi.ac.uk/efo/EFO_0001272"	"brain without olfactory bulb"		"Pdgfrb-GFP;NG2dsRed"		"Brain single cell 2106"	
"SRR5531536"	"Mus musculus"	"http://purl.obolibrary.org/obo/NCBITaxon_10090"	"C57BL/6"	"http://www.ebi.ac.uk/efo/EFO_0004472"	"12 to 15 week"		"adult"	"http://www.ebi.ac.uk/efo/EFO_0001272"	"brain without olfactory bulb"		"Pdgfrb-GFP;NG2dsRed"		"Brain single cell 2107"	
"SRR5531537"	"Mus musculus"	"http://purl.obolibrary.org/obo/NCBITaxon_10090"	"C57BL/6"	"http://www.ebi.ac.uk/efo/EFO_0004472"	"12 to 15 week"		"adult"	"http://www.ebi.ac.uk/efo/EFO_0001272"	"brain without olfactory bulb"		"Pdgfrb-GFP;NG2dsRed"		"Brain single cell 2108"	
"SRR5531538"	"Mus musculus"	"http://purl.obolibrary.org/obo/NCBITaxon_10090"	"C57BL/6"	"http://www.ebi.ac.uk/efo/EFO_0004472"	"12 to 15 week"		"adult"	"http://www.ebi.ac.uk/efo/EFO_0001272"	"brain without olfactory bulb"		"Pdgfrb-GFP;NG2dsRed"		"Brain single cell 2109"	
"SRR5531539"	"Mus musculus"	"http://purl.obolibrary.org/obo/NCBITaxon_10090"	"C57BL/6"	"http://www.ebi.ac.uk/efo/EFO_0004472"	"12 to 15 week"		"adult"	"http://www.ebi.ac.uk/efo/EFO_0001272"	"brain without olfactory bulb"		"Pdgfrb-GFP;NG2dsRed"		"Brain single cell 2110"	
"SRR5531540"	"Mus musculus"	"http://purl.obolibrary.org/obo/NCBITaxon_10090"	"C57BL/6"	"http://www.ebi.ac.uk/efo/EFO_0004472"	"12 to 15 week"		"adult"	"http://www.ebi.ac.uk/efo/EFO_0001272"	"brain without olfactory bulb"		"Pdgfrb-GFP;NG2dsRed"		"Brain single cell 2111"	
"SRR5531541"	"Mus musculus"	"http://purl.obolibrary.org/obo/NCBITaxon_10090"	"C57BL/6"	"http://www.ebi.ac.uk/efo/EFO_0004472"	"12 to 15 week"		"adult"	"http://www.ebi.ac.uk/efo/EFO_0001272"	"brain without olfactory bulb"		"Pdgfrb-GFP;NG2dsRed"		"Brain single cell 2112"	
"SRR5531542"	"Mus musculus"	"http://purl.obolibrary.org/obo/NCBITaxon_10090"	"C57BL/6"	"http://www.ebi.ac.uk/efo/EFO_0004472"	"12 to 15 week"		"adult"	"http://www.ebi.ac.uk/efo/EFO_0001272"	"brain without olfactory bulb"		"Pdgfrb-GFP;NG2dsRed"		"Brain single cell 2113"	
"SRR5531543"	"Mus musculus"	"http://purl.obolibrary.org/obo/NCBITaxon_10090"	"C57BL/6"	"http://www.ebi.ac.uk/efo/EFO_0004472"	"12 to 15 week"		"adult"	"http://www.ebi.ac.uk/efo/EFO_0001272"	"brain without olfactory bulb"		"Pdgfrb-GFP;NG2dsRed"		"Brain single cell 2114"	
"SRR5531544"	"Mus musculus"	"http://purl.obolibrary.org/obo/NCBITaxon_10090"	"C57BL/6"	"http://www.ebi.ac.uk/efo/EFO_0004472"	"12 to 15 week"		"adult"	"http://www.ebi.ac.uk/efo/EFO_0001272"	"brain without olfactory bulb"		"Pdgfrb-GFP;NG2dsRed"		"Brain single cell 2115"	
"SRR5531545"	"Mus musculus"	"http://purl.obolibrary.org/obo/NCBITaxon_10090"	"C57BL/6"	"http://www.ebi.ac.uk/efo/EFO_0004472"	"12 to 15 week"		"adult"	"http://www.ebi.ac.uk/efo/EFO_0001272"	"brain without olfactory bulb"		"Pdgfrb-GFP;NG2dsRed"		"Brain single cell 2116"	
"SRR5531546"	"Mus musculus"	"http://purl.obolibrary.org/obo/NCBITaxon_10090"	"C57BL/6"	"http://www.ebi.ac.uk/efo/EFO_0004472"	"12 to 15 week"		"adult"	"http://www.ebi.ac.uk/efo/EFO_0001272"	"brain without olfactory bulb"		"Pdgfrb-GFP;NG2dsRed"		"Brain single cell 2117"	
"SRR5531547"	"Mus musculus"	"http://purl.obolibrary.org/obo/NCBITaxon_10090"	"C57BL/6"	"http://www.ebi.ac.uk/efo/EFO_0004472"	"12 to 15 week"		"adult"	"http://www.ebi.ac.uk/efo/EFO_0001272"	"brain without olfactory bulb"		"Pdgfrb-GFP;NG2dsRed"		"Brain single cell 2118"	
"SRR5531548"	"Mus musculus"	"http://purl.obolibrary.org/obo/NCBITaxon_10090"	"C57BL/6"	"http://www.ebi.ac.uk/efo/EFO_0004472"	"12 to 15 week"		"adult"	"http://www.ebi.ac.uk/efo/EFO_0001272"	"brain without olfactory bulb"		"Pdgfrb-GFP;NG2dsRed"		"Brain single cell 2119"	
"SRR5531549"	"Mus musculus"	"http://purl.obolibrary.org/obo/NCBITaxon_10090"	"C57BL/6"	"http://www.ebi.ac.uk/efo/EFO_0004472"	"12 to 15 week"		"adult"	"http://www.ebi.ac.uk/efo/EFO_0001272"	"brain without olfactory bulb"		"Pdgfrb-GFP;NG2dsRed"		"Brain single cell 2120"	
"SRR5531550"	"Mus musculus"	"http://purl.obolibrary.org/obo/NCBITaxon_10090"	"C57BL/6"	"http://www.ebi.ac.uk/efo/EFO_0004472"	"12 to 15 week"		"adult"	"http://www.ebi.ac.uk/efo/EFO_0001272"	"brain without olfactory bulb"		"Pdgfrb-GFP;NG2dsRed"		"Brain single cell 2121"	
"SRR5531551"	"Mus musculus"	"http://purl.obolibrary.org/obo/NCBITaxon_10090"	"C57BL/6"	"http://www.ebi.ac.uk/efo/EFO_0004472"	"12 to 15 week"		"adult"	"http://www.ebi.ac.uk/efo/EFO_0001272"	"brain without olfactory bulb"		"Pdgfrb-GFP;NG2dsRed"		"Brain single cell 2122"	
"SRR5531552"	"Mus musculus"	"http://purl.obolibrary.org/obo/NCBITaxon_10090"	"C57BL/6"	"http://www.ebi.ac.uk/efo/EFO_0004472"	"12 to 15 week"		"adult"	"http://www.ebi.ac.uk/efo/EFO_0001272"	"brain without olfactory bulb"		"Pdgfrb-GFP;NG2dsRed"		"Brain single cell 2123"	
"SRR5531553"	"Mus musculus"	"http://purl.obolibrary.org/obo/NCBITaxon_10090"	"C57BL/6"	"http://www.ebi.ac.uk/efo/EFO_0004472"	"12 to 15 week"		"adult"	"http://www.ebi.ac.uk/efo/EFO_0001272"	"brain without olfactory bulb"		"Pdgfrb-GFP;NG2dsRed"		"Brain single cell 2124"	
"SRR5531554"	"Mus musculus"	"http://purl.obolibrary.org/obo/NCBITaxon_10090"	"C57BL/6"	"http://www.ebi.ac.uk/efo/EFO_0004472"	"12 to 15 week"		"adult"	"http://www.ebi.ac.uk/efo/EFO_0001272"	"brain without olfactory bulb"		"Pdgfrb-GFP;NG2dsRed"		"Brain single cell 2125"	
"SRR5531555"	"Mus musculus"	"http://purl.obolibrary.org/obo/NCBITaxon_10090"	"C57BL/6"	"http://www.ebi.ac.uk/efo/EFO_0004472"	"12 to 15 week"		"adult"	"http://www.ebi.ac.uk/efo/EFO_0001272"	"brain without olfactory bulb"		"Pdgfrb-GFP;NG2dsRed"		"Brain single cell 2126"	
"SRR5531556"	"Mus musculus"	"http://purl.obolibrary.org/obo/NCBITaxon_10090"	"C57BL/6"	"http://www.ebi.ac.uk/efo/EFO_0004472"	"12 to 15 week"		"adult"	"http://www.ebi.ac.uk/efo/EFO_0001272"	"brain without olfactory bulb"		"Pdgfrb-GFP;NG2dsRed"		"Brain single cell 2127"	
"SRR5531557"	"Mus musculus"	"http://purl.obolibrary.org/obo/NCBITaxon_10090"	"C57BL/6"	"http://www.ebi.ac.uk/efo/EFO_0004472"	"12 to 15 week"		"adult"	"http://www.ebi.ac.uk/efo/EFO_0001272"	"brain without olfactory bulb"		"Pdgfrb-GFP;NG2dsRed"		"Brain single cell 2128"	
"SRR5531558"	"Mus musculus"	"http://purl.obolibrary.org/obo/NCBITaxon_10090"	"C57BL/6"	"http://www.ebi.ac.uk/efo/EFO_0004472"	"12 to 15 week"		"adult"	"http://www.ebi.ac.uk/efo/EFO_0001272"	"brain without olfactory bulb"		"Pdgfrb-GFP;NG2dsRed"		"Brain single cell 2129"	
"SRR5531559"	"Mus musculus"	"http://purl.obolibrary.org/obo/NCBITaxon_10090"	"C57BL/6"	"http://www.ebi.ac.uk/efo/EFO_0004472"	"12 to 15 week"		"adult"	"http://www.ebi.ac.uk/efo/EFO_0001272"	"brain without olfactory bulb"		"Pdgfrb-GFP;NG2dsRed"		"Brain single cell 2130"	
"SRR5531560"	"Mus musculus"	"http://purl.obolibrary.org/obo/NCBITaxon_10090"	"C57BL/6"	"http://www.ebi.ac.uk/efo/EFO_0004472"	"12 to 15 week"		"adult"	"http://www.ebi.ac.uk/efo/EFO_0001272"	"brain without olfactory bulb"		"Pdgfrb-GFP;NG2dsRed"		"Brain single cell 2131"	
"SRR5531561"	"Mus musculus"	"http://purl.obolibrary.org/obo/NCBITaxon_10090"	"C57BL/6"	"http://www.ebi.ac.uk/efo/EFO_0004472"	"12 to 15 week"		"adult"	"http://www.ebi.ac.uk/efo/EFO_0001272"	"brain without olfactory bulb"		"Pdgfrb-GFP;NG2dsRed"		"Brain single cell 2132"	
"SRR5531562"	"Mus musculus"	"http://purl.obolibrary.org/obo/NCBITaxon_10090"	"C57BL/6"	"http://www.ebi.ac.uk/efo/EFO_0004472"	"12 to 15 week"		"adult"	"http://www.ebi.ac.uk/efo/EFO_0001272"	"brain without olfactory bulb"		"Pdgfrb-GFP;NG2dsRed"		"Brain single cell 2133"	
"SRR5531563"	"Mus musculus"	"http://purl.obolibrary.org/obo/NCBITaxon_10090"	"C57BL/6"	"http://www.ebi.ac.uk/efo/EFO_0004472"	"12 to 15 week"		"adult"	"http://www.ebi.ac.uk/efo/EFO_0001272"	"brain without olfactory bulb"		"Pdgfrb-GFP;NG2dsRed"		"Brain single cell 2134"	
"SRR5531564"	"Mus musculus"	"http://purl.obolibrary.org/obo/NCBITaxon_10090"	"C57BL/6"	"http://www.ebi.ac.uk/efo/EFO_0004472"	"12 to 15 week"		"adult"	"http://www.ebi.ac.uk/efo/EFO_0001272"	"brain without olfactory bulb"		"Pdgfrb-GFP;NG2dsRed"		"Brain single cell 2135"	
"SRR5531565"	"Mus musculus"	"http://purl.obolibrary.org/obo/NCBITaxon_10090"	"C57BL/6"	"http://www.ebi.ac.uk/efo/EFO_0004472"	"12 to 15 week"		"adult"	"http://www.ebi.ac.uk/efo/EFO_0001272"	"brain without olfactory bulb"		"Pdgfrb-GFP;NG2dsRed"		"Brain single cell 2136"	
"SRR5531566"	"Mus musculus"	"http://purl.obolibrary.org/obo/NCBITaxon_10090"	"C57BL/6"	"http://www.ebi.ac.uk/efo/EFO_0004472"	"12 to 15 week"		"adult"	"http://www.ebi.ac.uk/efo/EFO_0001272"	"brain without olfactory bulb"		"Pdgfrb-GFP;NG2dsRed"		"Brain single cell 2137"	
"SRR5531567"	"Mus musculus"	"http://purl.obolibrary.org/obo/NCBITaxon_10090"	"C57BL/6"	"http://www.ebi.ac.uk/efo/EFO_0004472"	"12 to 15 week"		"adult"	"http://www.ebi.ac.uk/efo/EFO_0001272"	"brain without olfactory bulb"		"Pdgfrb-GFP;NG2dsRed"		"Brain single cell 2138"	
"SRR5531568"	"Mus musculus"	"http://purl.obolibrary.org/obo/NCBITaxon_10090"	"C57BL/6"	"http://www.ebi.ac.uk/efo/EFO_0004472"	"12 to 15 week"		"adult"	"http://www.ebi.ac.uk/efo/EFO_0001272"	"brain without olfactory bulb"		"Pdgfrb-GFP;NG2dsRed"		"Brain single cell 2139"	
"SRR5531569"	"Mus musculus"	"http://purl.obolibrary.org/obo/NCBITaxon_10090"	"C57BL/6"	"http://www.ebi.ac.uk/efo/EFO_0004472"	"12 to 15 week"		"adult"	"http://www.ebi.ac.uk/efo/EFO_0001272"	"brain without olfactory bulb"		"Pdgfrb-GFP;NG2dsRed"		"Brain single cell 2140"	
"SRR5531570"	"Mus musculus"	"http://purl.obolibrary.org/obo/NCBITaxon_10090"	"C57BL/6"	"http://www.ebi.ac.uk/efo/EFO_0004472"	"12 to 15 week"		"adult"	"http://www.ebi.ac.uk/efo/EFO_0001272"	"brain without olfactory bulb"		"Pdgfrb-GFP;NG2dsRed"		"Brain single cell 2141"	
"SRR5531571"	"Mus musculus"	"http://purl.obolibrary.org/obo/NCBITaxon_10090"	"C57BL/6"	"http://www.ebi.ac.uk/efo/EFO_0004472"	"12 to 15 week"		"adult"	"http://www.ebi.ac.uk/efo/EFO_0001272"	"brain without olfactory bulb"		"Pdgfrb-GFP;NG2dsRed"		"Brain single cell 2142"	
"SRR5531572"	"Mus musculus"	"http://purl.obolibrary.org/obo/NCBITaxon_10090"	"C57BL/6"	"http://www.ebi.ac.uk/efo/EFO_0004472"	"12 to 15 week"		"adult"	"http://www.ebi.ac.uk/efo/EFO_0001272"	"brain without olfactory bulb"		"Pdgfrb-GFP;NG2dsRed"		"Brain single cell 2143"	
"SRR5531573"	"Mus musculus"	"http://purl.obolibrary.org/obo/NCBITaxon_10090"	"C57BL/6"	"http://www.ebi.ac.uk/efo/EFO_0004472"	"12 to 15 week"		"adult"	"http://www.ebi.ac.uk/efo/EFO_0001272"	"brain without olfactory bulb"		"Pdgfrb-GFP;NG2dsRed"		"Brain single cell 2144"	
"SRR5531574"	"Mus musculus"	"http://purl.obolibrary.org/obo/NCBITaxon_10090"	"C57BL/6"	"http://www.ebi.ac.uk/efo/EFO_0004472"	"12 to 15 week"		"adult"	"http://www.ebi.ac.uk/efo/EFO_0001272"	"brain without olfactory bulb"		"Pdgfrb-GFP;NG2dsRed"		"Brain single cell 2145"	
"SRR5531575"	"Mus musculus"	"http://purl.obolibrary.org/obo/NCBITaxon_10090"	"C57BL/6"	"http://www.ebi.ac.uk/efo/EFO_0004472"	"12 to 15 week"		"adult"	"http://www.ebi.ac.uk/efo/EFO_0001272"	"brain without olfactory bulb"		"Pdgfrb-GFP;NG2dsRed"		"Brain single cell 2146"	
"SRR5531576"	"Mus musculus"	"http://purl.obolibrary.org/obo/NCBITaxon_10090"	"C57BL/6"	"http://www.ebi.ac.uk/efo/EFO_0004472"	"12 to 15 week"		"adult"	"http://www.ebi.ac.uk/efo/EFO_0001272"	"brain without olfactory bulb"		"Pdgfrb-GFP;NG2dsRed"		"Brain single cell 2147"	
"SRR5531577"	"Mus musculus"	"http://purl.obolibrary.org/obo/NCBITaxon_10090"	"C57BL/6"	"http://www.ebi.ac.uk/efo/EFO_0004472"	"12 to 15 week"		"adult"	"http://www.ebi.ac.uk/efo/EFO_0001272"	"brain without olfactory bulb"		"Pdgfrb-GFP;NG2dsRed"		"Brain single cell 2148"	
"SRR5531578"	"Mus musculus"	"http://purl.obolibrary.org/obo/NCBITaxon_10090"	"C57BL/6"	"http://www.ebi.ac.uk/efo/EFO_0004472"	"12 to 15 week"		"adult"	"http://www.ebi.ac.uk/efo/EFO_0001272"	"brain without olfactory bulb"		"Pdgfrb-GFP;NG2dsRed"		"Brain single cell 2149"	
"SRR5531579"	"Mus musculus"	"http://purl.obolibrary.org/obo/NCBITaxon_10090"	"C57BL/6"	"http://www.ebi.ac.uk/efo/EFO_0004472"	"12 to 15 week"		"adult"	"http://www.ebi.ac.uk/efo/EFO_0001272"	"brain without olfactory bulb"		"Pdgfrb-GFP;NG2dsRed"		"Brain single cell 2150"	
"SRR5531580"	"Mus musculus"	"http://purl.obolibrary.org/obo/NCBITaxon_10090"	"C57BL/6"	"http://www.ebi.ac.uk/efo/EFO_0004472"	"12 to 15 week"		"adult"	"http://www.ebi.ac.uk/efo/EFO_0001272"	"brain without olfactory bulb"		"Pdgfrb-GFP;NG2dsRed"		"Brain single cell 2151"	
"SRR5531581"	"Mus musculus"	"http://purl.obolibrary.org/obo/NCBITaxon_10090"	"C57BL/6"	"http://www.ebi.ac.uk/efo/EFO_0004472"	"12 to 15 week"		"adult"	"http://www.ebi.ac.uk/efo/EFO_0001272"	"brain without olfactory bulb"		"Pdgfrb-GFP;NG2dsRed"		"Brain single cell 2152"	
"SRR5531582"	"Mus musculus"	"http://purl.obolibrary.org/obo/NCBITaxon_10090"	"C57BL/6"	"http://www.ebi.ac.uk/efo/EFO_0004472"	"12 to 15 week"		"adult"	"http://www.ebi.ac.uk/efo/EFO_0001272"	"brain without olfactory bulb"		"Pdgfrb-GFP;NG2dsRed"		"Brain single cell 2153"	
"SRR5531583"	"Mus musculus"	"http://purl.obolibrary.org/obo/NCBITaxon_10090"	"C57BL/6"	"http://www.ebi.ac.uk/efo/EFO_0004472"	"12 to 15 week"		"adult"	"http://www.ebi.ac.uk/efo/EFO_0001272"	"brain without olfactory bulb"		"Pdgfrb-GFP;NG2dsRed"		"Brain single cell 2154"	
"SRR5531584"	"Mus musculus"	"http://purl.obolibrary.org/obo/NCBITaxon_10090"	"C57BL/6"	"http://www.ebi.ac.uk/efo/EFO_0004472"	"12 to 15 week"		"adult"	"http://www.ebi.ac.uk/efo/EFO_0001272"	"brain without olfactory bulb"		"Pdgfrb-GFP;NG2dsRed"		"Brain single cell 2155"	
"SRR5531585"	"Mus musculus"	"http://purl.obolibrary.org/obo/NCBITaxon_10090"	"C57BL/6"	"http://www.ebi.ac.uk/efo/EFO_0004472"	"12 to 15 week"		"adult"	"http://www.ebi.ac.uk/efo/EFO_0001272"	"brain without olfactory bulb"		"Pdgfrb-GFP;NG2dsRed"		"Brain single cell 2156"	
"SRR5531586"	"Mus musculus"	"http://purl.obolibrary.org/obo/NCBITaxon_10090"	"C57BL/6"	"http://www.ebi.ac.uk/efo/EFO_0004472"	"12 to 15 week"		"adult"	"http://www.ebi.ac.uk/efo/EFO_0001272"	"brain without olfactory bulb"		"Pdgfrb-GFP;NG2dsRed"		"Brain single cell 2157"	
"SRR5531587"	"Mus musculus"	"http://purl.obolibrary.org/obo/NCBITaxon_10090"	"C57BL/6"	"http://www.ebi.ac.uk/efo/EFO_0004472"	"12 to 15 week"		"adult"	"http://www.ebi.ac.uk/efo/EFO_0001272"	"brain without olfactory bulb"		"Pdgfrb-GFP;NG2dsRed"		"Brain single cell 2158"	
"SRR5531588"	"Mus musculus"	"http://purl.obolibrary.org/obo/NCBITaxon_10090"	"C57BL/6"	"http://www.ebi.ac.uk/efo/EFO_0004472"	"12 to 15 week"		"adult"	"http://www.ebi.ac.uk/efo/EFO_0001272"	"brain without olfactory bulb"		"Pdgfrb-GFP;NG2dsRed"		"Brain single cell 2159"	
"SRR5531589"	"Mus musculus"	"http://purl.obolibrary.org/obo/NCBITaxon_10090"	"C57BL/6"	"http://www.ebi.ac.uk/efo/EFO_0004472"	"12 to 15 week"		"adult"	"http://www.ebi.ac.uk/efo/EFO_0001272"	"brain without olfactory bulb"		"Pdgfrb-GFP;NG2dsRed"		"Brain single cell 2160"	
"SRR5531590"	"Mus musculus"	"http://purl.obolibrary.org/obo/NCBITaxon_10090"	"C57BL/6"	"http://www.ebi.ac.uk/efo/EFO_0004472"	"12 to 15 week"		"adult"	"http://www.ebi.ac.uk/efo/EFO_0001272"	"brain without olfactory bulb"		"Pdgfrb-GFP;NG2dsRed"		"Brain single cell 2161"	
"SRR5531591"	"Mus musculus"	"http://purl.obolibrary.org/obo/NCBITaxon_10090"	"C57BL/6"	"http://www.ebi.ac.uk/efo/EFO_0004472"	"12 to 15 week"		"adult"	"http://www.ebi.ac.uk/efo/EFO_0001272"	"brain without olfactory bulb"		"Pdgfrb-GFP;NG2dsRed"		"Brain single cell 2162"	
"SRR5531592"	"Mus musculus"	"http://purl.obolibrary.org/obo/NCBITaxon_10090"	"C57BL/6"	"http://www.ebi.ac.uk/efo/EFO_0004472"	"12 to 15 week"		"adult"	"http://www.ebi.ac.uk/efo/EFO_0001272"	"brain without olfactory bulb"		"Pdgfrb-GFP;NG2dsRed"		"Brain single cell 2163"	
"SRR5531593"	"Mus musculus"	"http://purl.obolibrary.org/obo/NCBITaxon_10090"	"C57BL/6"	"http://www.ebi.ac.uk/efo/EFO_0004472"	"12 to 15 week"		"adult"	"http://www.ebi.ac.uk/efo/EFO_0001272"	"brain without olfactory bulb"		"Pdgfrb-GFP;NG2dsRed"		"Brain single cell 2164"	
"SRR5531594"	"Mus musculus"	"http://purl.obolibrary.org/obo/NCBITaxon_10090"	"C57BL/6"	"http://www.ebi.ac.uk/efo/EFO_0004472"	"12 to 15 week"		"adult"	"http://www.ebi.ac.uk/efo/EFO_0001272"	"brain without olfactory bulb"		"Pdgfrb-GFP;NG2dsRed"		"Brain single cell 2165"	
"SRR5531595"	"Mus musculus"	"http://purl.obolibrary.org/obo/NCBITaxon_10090"	"C57BL/6"	"http://www.ebi.ac.uk/efo/EFO_0004472"	"12 to 15 week"		"adult"	"http://www.ebi.ac.uk/efo/EFO_0001272"	"brain without olfactory bulb"		"Pdgfrb-GFP;NG2dsRed"		"Brain single cell 2166"	
"SRR5531596"	"Mus musculus"	"http://purl.obolibrary.org/obo/NCBITaxon_10090"	"C57BL/6"	"http://www.ebi.ac.uk/efo/EFO_0004472"	"12 to 15 week"		"adult"	"http://www.ebi.ac.uk/efo/EFO_0001272"	"brain without olfactory bulb"		"Pdgfrb-GFP;NG2dsRed"		"Brain single cell 2167"	
"SRR5531597"	"Mus musculus"	"http://purl.obolibrary.org/obo/NCBITaxon_10090"	"C57BL/6"	"http://www.ebi.ac.uk/efo/EFO_0004472"	"12 to 15 week"		"adult"	"http://www.ebi.ac.uk/efo/EFO_0001272"	"brain without olfactory bulb"		"Pdgfrb-GFP;NG2dsRed"		"Brain single cell 2168"	
"SRR5531598"	"Mus musculus"	"http://purl.obolibrary.org/obo/NCBITaxon_10090"	"C57BL/6"	"http://www.ebi.ac.uk/efo/EFO_0004472"	"12 to 15 week"		"adult"	"http://www.ebi.ac.uk/efo/EFO_0001272"	"brain without olfactory bulb"		"Pdgfrb-GFP;NG2dsRed"		"Brain single cell 2169"	
"SRR5531599"	"Mus musculus"	"http://purl.obolibrary.org/obo/NCBITaxon_10090"	"C57BL/6"	"http://www.ebi.ac.uk/efo/EFO_0004472"	"12 to 15 week"		"adult"	"http://www.ebi.ac.uk/efo/EFO_0001272"	"brain without olfactory bulb"		"Pdgfrb-GFP;NG2dsRed"		"Brain single cell 2170"	
"SRR5531600"	"Mus musculus"	"http://purl.obolibrary.org/obo/NCBITaxon_10090"	"C57BL/6"	"http://www.ebi.ac.uk/efo/EFO_0004472"	"12 to 15 week"		"adult"	"http://www.ebi.ac.uk/efo/EFO_0001272"	"brain without olfactory bulb"		"Pdgfrb-GFP;NG2dsRed"		"Brain single cell 2171"	
"SRR5531601"	"Mus musculus"	"http://purl.obolibrary.org/obo/NCBITaxon_10090"	"C57BL/6"	"http://www.ebi.ac.uk/efo/EFO_0004472"	"12 to 15 week"		"adult"	"http://www.ebi.ac.uk/efo/EFO_0001272"	"brain without olfactory bulb"		"Pdgfrb-GFP;NG2dsRed"		"Brain single cell 2172"	
"SRR5531602"	"Mus musculus"	"http://purl.obolibrary.org/obo/NCBITaxon_10090"	"C57BL/6"	"http://www.ebi.ac.uk/efo/EFO_0004472"	"12 to 15 week"		"adult"	"http://www.ebi.ac.uk/efo/EFO_0001272"	"brain without olfactory bulb"		"Pdgfrb-GFP;NG2dsRed"		"Brain single cell 2173"	
"SRR5531603"	"Mus musculus"	"http://purl.obolibrary.org/obo/NCBITaxon_10090"	"C57BL/6"	"http://www.ebi.ac.uk/efo/EFO_0004472"	"12 to 15 week"		"adult"	"http://www.ebi.ac.uk/efo/EFO_0001272"	"brain without olfactory bulb"		"Pdgfrb-GFP;NG2dsRed"		"Brain single cell 2174"	
"SRR5531604"	"Mus musculus"	"http://purl.obolibrary.org/obo/NCBITaxon_10090"	"C57BL/6"	"http://www.ebi.ac.uk/efo/EFO_0004472"	"12 to 15 week"		"adult"	"http://www.ebi.ac.uk/efo/EFO_0001272"	"brain without olfactory bulb"		"Pdgfrb-GFP;NG2dsRed"		"Brain single cell 2175"	
"SRR5531605"	"Mus musculus"	"http://purl.obolibrary.org/obo/NCBITaxon_10090"	"C57BL/6"	"http://www.ebi.ac.uk/efo/EFO_0004472"	"12 to 15 week"		"adult"	"http://www.ebi.ac.uk/efo/EFO_0001272"	"brain without olfactory bulb"		"Pdgfrb-GFP;NG2dsRed"		"Brain single cell 2176"	
"SRR5531606"	"Mus musculus"	"http://purl.obolibrary.org/obo/NCBITaxon_10090"	"C57BL/6"	"http://www.ebi.ac.uk/efo/EFO_0004472"	"12 to 15 week"		"adult"	"http://www.ebi.ac.uk/efo/EFO_0001272"	"brain without olfactory bulb"		"Pdgfrb-GFP;NG2dsRed"		"Brain single cell 2177"	
"SRR5531607"	"Mus musculus"	"http://purl.obolibrary.org/obo/NCBITaxon_10090"	"C57BL/6"	"http://www.ebi.ac.uk/efo/EFO_0004472"	"12 to 15 week"		"adult"	"http://www.ebi.ac.uk/efo/EFO_0001272"	"brain without olfactory bulb"		"Pdgfrb-GFP;NG2dsRed"		"Brain single cell 2178"	
"SRR5531608"	"Mus musculus"	"http://purl.obolibrary.org/obo/NCBITaxon_10090"	"C57BL/6"	"http://www.ebi.ac.uk/efo/EFO_0004472"	"12 to 15 week"		"adult"	"http://www.ebi.ac.uk/efo/EFO_0001272"	"brain without olfactory bulb"		"Pdgfrb-GFP;NG2dsRed"		"Brain single cell 2179"	
"SRR5531609"	"Mus musculus"	"http://purl.obolibrary.org/obo/NCBITaxon_10090"	"C57BL/6"	"http://www.ebi.ac.uk/efo/EFO_0004472"	"12 to 15 week"		"adult"	"http://www.ebi.ac.uk/efo/EFO_0001272"	"brain without olfactory bulb"		"Pdgfrb-GFP;NG2dsRed"		"Brain single cell 2180"	
"SRR5531610"	"Mus musculus"	"http://purl.obolibrary.org/obo/NCBITaxon_10090"	"C57BL/6"	"http://www.ebi.ac.uk/efo/EFO_0004472"	"12 to 15 week"		"adult"	"http://www.ebi.ac.uk/efo/EFO_0001272"	"brain without olfactory bulb"		"Pdgfrb-GFP;NG2dsRed"		"Brain single cell 2181"	
"SRR5531611"	"Mus musculus"	"http://purl.obolibrary.org/obo/NCBITaxon_10090"	"C57BL/6"	"http://www.ebi.ac.uk/efo/EFO_0004472"	"12 to 15 week"		"adult"	"http://www.ebi.ac.uk/efo/EFO_0001272"	"brain without olfactory bulb"		"Pdgfrb-GFP;NG2dsRed"		"Brain single cell 2182"	
"SRR5531612"	"Mus musculus"	"http://purl.obolibrary.org/obo/NCBITaxon_10090"	"C57BL/6"	"http://www.ebi.ac.uk/efo/EFO_0004472"	"12 to 15 week"		"adult"	"http://www.ebi.ac.uk/efo/EFO_0001272"	"brain without olfactory bulb"		"Pdgfrb-GFP;NG2dsRed"		"Brain single cell 2183"	
"SRR5531613"	"Mus musculus"	"http://purl.obolibrary.org/obo/NCBITaxon_10090"	"C57BL/6"	"http://www.ebi.ac.uk/efo/EFO_0004472"	"12 to 15 week"		"adult"	"http://www.ebi.ac.uk/efo/EFO_0001272"	"brain without olfactory bulb"		"Pdgfrb-GFP;NG2dsRed"		"Brain single cell 2184"	
"SRR5531614"	"Mus musculus"	"http://purl.obolibrary.org/obo/NCBITaxon_10090"	"C57BL/6"	"http://www.ebi.ac.uk/efo/EFO_0004472"	"12 to 15 week"		"adult"	"http://www.ebi.ac.uk/efo/EFO_0001272"	"brain without olfactory bulb"		"Pdgfrb-GFP;NG2dsRed"		"Brain single cell 2185"	
"SRR5531615"	"Mus musculus"	"http://purl.obolibrary.org/obo/NCBITaxon_10090"	"C57BL/6"	"http://www.ebi.ac.uk/efo/EFO_0004472"	"12 to 15 week"		"adult"	"http://www.ebi.ac.uk/efo/EFO_0001272"	"brain without olfactory bulb"		"Pdgfrb-GFP;NG2dsRed"		"Brain single cell 2186"	
"SRR5531616"	"Mus musculus"	"http://purl.obolibrary.org/obo/NCBITaxon_10090"	"C57BL/6"	"http://www.ebi.ac.uk/efo/EFO_0004472"	"12 to 15 week"		"adult"	"http://www.ebi.ac.uk/efo/EFO_0001272"	"brain without olfactory bulb"		"Pdgfrb-GFP;NG2dsRed"		"Brain single cell 2187"	
"SRR5531617"	"Mus musculus"	"http://purl.obolibrary.org/obo/NCBITaxon_10090"	"C57BL/6"	"http://www.ebi.ac.uk/efo/EFO_0004472"	"12 to 15 week"		"adult"	"http://www.ebi.ac.uk/efo/EFO_0001272"	"brain without olfactory bulb"		"Pdgfrb-GFP;NG2dsRed"		"Brain single cell 2188"	
"SRR5531618"	"Mus musculus"	"http://purl.obolibrary.org/obo/NCBITaxon_10090"	"C57BL/6"	"http://www.ebi.ac.uk/efo/EFO_0004472"	"12 to 15 week"		"adult"	"http://www.ebi.ac.uk/efo/EFO_0001272"	"brain without olfactory bulb"		"Pdgfrb-GFP;NG2dsRed"		"Brain single cell 2189"	
"SRR5531619"	"Mus musculus"	"http://purl.obolibrary.org/obo/NCBITaxon_10090"	"C57BL/6"	"http://www.ebi.ac.uk/efo/EFO_0004472"	"12 to 15 week"		"adult"	"http://www.ebi.ac.uk/efo/EFO_0001272"	"brain without olfactory bulb"		"Pdgfrb-GFP;NG2dsRed"		"Brain single cell 2190"	
"SRR5531620"	"Mus musculus"	"http://purl.obolibrary.org/obo/NCBITaxon_10090"	"C57BL/6"	"http://www.ebi.ac.uk/efo/EFO_0004472"	"12 to 15 week"		"adult"	"http://www.ebi.ac.uk/efo/EFO_0001272"	"brain without olfactory bulb"		"Pdgfrb-GFP;NG2dsRed"		"Brain single cell 2191"	
"SRR5531621"	"Mus musculus"	"http://purl.obolibrary.org/obo/NCBITaxon_10090"	"C57BL/6"	"http://www.ebi.ac.uk/efo/EFO_0004472"	"12 to 15 week"		"adult"	"http://www.ebi.ac.uk/efo/EFO_0001272"	"brain without olfactory bulb"		"Pdgfrb-GFP;NG2dsRed"		"Brain single cell 2192"	
"SRR5531622"	"Mus musculus"	"http://purl.obolibrary.org/obo/NCBITaxon_10090"	"C57BL/6"	"http://www.ebi.ac.uk/efo/EFO_0004472"	"12 to 15 week"		"adult"	"http://www.ebi.ac.uk/efo/EFO_0001272"	"brain without olfactory bulb"		"Pdgfrb-GFP;NG2dsRed"		"Brain single cell 2193"	
"SRR5531623"	"Mus musculus"	"http://purl.obolibrary.org/obo/NCBITaxon_10090"	"C57BL/6"	"http://www.ebi.ac.uk/efo/EFO_0004472"	"12 to 15 week"		"adult"	"http://www.ebi.ac.uk/efo/EFO_0001272"	"brain without olfactory bulb"		"Pdgfrb-GFP;NG2dsRed"		"Brain single cell 2194"	
"SRR5531624"	"Mus musculus"	"http://purl.obolibrary.org/obo/NCBITaxon_10090"	"C57BL/6"	"http://www.ebi.ac.uk/efo/EFO_0004472"	"12 to 15 week"		"adult"	"http://www.ebi.ac.uk/efo/EFO_0001272"	"brain without olfactory bulb"		"Pdgfrb-GFP;NG2dsRed"		"Brain single cell 2195"	
"SRR5531625"	"Mus musculus"	"http://purl.obolibrary.org/obo/NCBITaxon_10090"	"C57BL/6"	"http://www.ebi.ac.uk/efo/EFO_0004472"	"12 to 15 week"		"adult"	"http://www.ebi.ac.uk/efo/EFO_0001272"	"brain without olfactory bulb"		"Pdgfrb-GFP;NG2dsRed"		"Brain single cell 2196"	
"SRR5531626"	"Mus musculus"	"http://purl.obolibrary.org/obo/NCBITaxon_10090"	"C57BL/6"	"http://www.ebi.ac.uk/efo/EFO_0004472"	"12 to 15 week"		"adult"	"http://www.ebi.ac.uk/efo/EFO_0001272"	"brain without olfactory bulb"		"Pdgfrb-GFP;NG2dsRed"		"Brain single cell 2197"	
"SRR5531627"	"Mus musculus"	"http://purl.obolibrary.org/obo/NCBITaxon_10090"	"C57BL/6"	"http://www.ebi.ac.uk/efo/EFO_0004472"	"12 to 15 week"		"adult"	"http://www.ebi.ac.uk/efo/EFO_0001272"	"brain without olfactory bulb"		"Pdgfrb-GFP;NG2dsRed"		"Brain single cell 2198"	
"SRR5531628"	"Mus musculus"	"http://purl.obolibrary.org/obo/NCBITaxon_10090"	"C57BL/6"	"http://www.ebi.ac.uk/efo/EFO_0004472"	"12 to 15 week"		"adult"	"http://www.ebi.ac.uk/efo/EFO_0001272"	"brain without olfactory bulb"		"Pdgfrb-GFP;NG2dsRed"		"Brain single cell 2199"	
"SRR5531629"	"Mus musculus"	"http://purl.obolibrary.org/obo/NCBITaxon_10090"	"C57BL/6"	"http://www.ebi.ac.uk/efo/EFO_0004472"	"12 to 15 week"		"adult"	"http://www.ebi.ac.uk/efo/EFO_0001272"	"brain without olfactory bulb"		"Pdgfrb-GFP;NG2dsRed"		"Brain single cell 2200"	
"SRR5531630"	"Mus musculus"	"http://purl.obolibrary.org/obo/NCBITaxon_10090"	"C57BL/6"	"http://www.ebi.ac.uk/efo/EFO_0004472"	"12 to 15 week"		"adult"	"http://www.ebi.ac.uk/efo/EFO_0001272"	"brain without olfactory bulb"		"Pdgfrb-GFP;NG2dsRed"		"Brain single cell 2201"	
"SRR5531631"	"Mus musculus"	"http://purl.obolibrary.org/obo/NCBITaxon_10090"	"C57BL/6"	"http://www.ebi.ac.uk/efo/EFO_0004472"	"12 to 15 week"		"adult"	"http://www.ebi.ac.uk/efo/EFO_0001272"	"brain without olfactory bulb"		"Pdgfrb-GFP;NG2dsRed"		"Brain single cell 2202"	
"SRR5531632"	"Mus musculus"	"http://purl.obolibrary.org/obo/NCBITaxon_10090"	"C57BL/6"	"http://www.ebi.ac.uk/efo/EFO_0004472"	"12 to 15 week"		"adult"	"http://www.ebi.ac.uk/efo/EFO_0001272"	"brain without olfactory bulb"		"Pdgfrb-GFP;NG2dsRed"		"Brain single cell 2203"	
"SRR5531633"	"Mus musculus"	"http://purl.obolibrary.org/obo/NCBITaxon_10090"	"C57BL/6"	"http://www.ebi.ac.uk/efo/EFO_0004472"	"12 to 15 week"		"adult"	"http://www.ebi.ac.uk/efo/EFO_0001272"	"brain without olfactory bulb"		"Pdgfrb-GFP;NG2dsRed"		"Brain single cell 2204"	
"SRR5531634"	"Mus musculus"	"http://purl.obolibrary.org/obo/NCBITaxon_10090"	"C57BL/6"	"http://www.ebi.ac.uk/efo/EFO_0004472"	"12 to 15 week"		"adult"	"http://www.ebi.ac.uk/efo/EFO_0001272"	"brain without olfactory bulb"		"Pdgfrb-GFP;NG2dsRed"		"Brain single cell 2205"	
"SRR5531635"	"Mus musculus"	"http://purl.obolibrary.org/obo/NCBITaxon_10090"	"C57BL/6"	"http://www.ebi.ac.uk/efo/EFO_0004472"	"12 to 15 week"		"adult"	"http://www.ebi.ac.uk/efo/EFO_0001272"	"brain without olfactory bulb"		"Pdgfrb-GFP;NG2dsRed"		"Brain single cell 2206"	
"SRR5531636"	"Mus musculus"	"http://purl.obolibrary.org/obo/NCBITaxon_10090"	"C57BL/6"	"http://www.ebi.ac.uk/efo/EFO_0004472"	"12 to 15 week"		"adult"	"http://www.ebi.ac.uk/efo/EFO_0001272"	"brain without olfactory bulb"		"Pdgfrb-GFP;NG2dsRed"		"Brain single cell 2207"	
"SRR5531637"	"Mus musculus"	"http://purl.obolibrary.org/obo/NCBITaxon_10090"	"C57BL/6"	"http://www.ebi.ac.uk/efo/EFO_0004472"	"12 to 15 week"		"adult"	"http://www.ebi.ac.uk/efo/EFO_0001272"	"brain without olfactory bulb"		"Pdgfrb-GFP;NG2dsRed"		"Brain single cell 2208"	
"SRR5531638"	"Mus musculus"	"http://purl.obolibrary.org/obo/NCBITaxon_10090"	"C57BL/6"	"http://www.ebi.ac.uk/efo/EFO_0004472"	"12 to 15 week"		"adult"	"http://www.ebi.ac.uk/efo/EFO_0001272"	"brain without olfactory bulb"		"Pdgfrb-GFP;NG2dsRed"		"Brain single cell 2209"	
"SRR5531639"	"Mus musculus"	"http://purl.obolibrary.org/obo/NCBITaxon_10090"	"C57BL/6"	"http://www.ebi.ac.uk/efo/EFO_0004472"	"12 to 15 week"		"adult"	"http://www.ebi.ac.uk/efo/EFO_0001272"	"brain without olfactory bulb"		"Pdgfrb-GFP;NG2dsRed"		"Brain single cell 2210"	
"SRR5531640"	"Mus musculus"	"http://purl.obolibrary.org/obo/NCBITaxon_10090"	"C57BL/6"	"http://www.ebi.ac.uk/efo/EFO_0004472"	"12 to 15 week"		"adult"	"http://www.ebi.ac.uk/efo/EFO_0001272"	"brain without olfactory bulb"		"Pdgfrb-GFP;NG2dsRed"		"Brain single cell 2211"	
"SRR5531641"	"Mus musculus"	"http://purl.obolibrary.org/obo/NCBITaxon_10090"	"C57BL/6"	"http://www.ebi.ac.uk/efo/EFO_0004472"	"12 to 15 week"		"adult"	"http://www.ebi.ac.uk/efo/EFO_0001272"	"brain without olfactory bulb"		"Pdgfrb-GFP;NG2dsRed"		"Brain single cell 2212"	
"SRR5531642"	"Mus musculus"	"http://purl.obolibrary.org/obo/NCBITaxon_10090"	"C57BL/6"	"http://www.ebi.ac.uk/efo/EFO_0004472"	"12 to 15 week"		"adult"	"http://www.ebi.ac.uk/efo/EFO_0001272"	"brain without olfactory bulb"		"Pdgfrb-GFP;NG2dsRed"		"Brain single cell 2213"	
"SRR5531643"	"Mus musculus"	"http://purl.obolibrary.org/obo/NCBITaxon_10090"	"C57BL/6"	"http://www.ebi.ac.uk/efo/EFO_0004472"	"12 to 15 week"		"adult"	"http://www.ebi.ac.uk/efo/EFO_0001272"	"brain without olfactory bulb"		"Pdgfrb-GFP;NG2dsRed"		"Brain single cell 2214"	
"SRR5531644"	"Mus musculus"	"http://purl.obolibrary.org/obo/NCBITaxon_10090"	"C57BL/6"	"http://www.ebi.ac.uk/efo/EFO_0004472"	"12 to 15 week"		"adult"	"http://www.ebi.ac.uk/efo/EFO_0001272"	"brain without olfactory bulb"		"Pdgfrb-GFP;NG2dsRed"		"Brain single cell 2215"	
"SRR5531645"	"Mus musculus"	"http://purl.obolibrary.org/obo/NCBITaxon_10090"	"C57BL/6"	"http://www.ebi.ac.uk/efo/EFO_0004472"	"12 to 15 week"		"adult"	"http://www.ebi.ac.uk/efo/EFO_0001272"	"brain without olfactory bulb"		"Pdgfrb-GFP;NG2dsRed"		"Brain single cell 2216"	
"SRR5531646"	"Mus musculus"	"http://purl.obolibrary.org/obo/NCBITaxon_10090"	"C57BL/6"	"http://www.ebi.ac.uk/efo/EFO_0004472"	"12 to 15 week"		"adult"	"http://www.ebi.ac.uk/efo/EFO_0001272"	"brain without olfactory bulb"		"Pdgfrb-GFP;NG2dsRed"		"Brain single cell 2217"	
"SRR5531647"	"Mus musculus"	"http://purl.obolibrary.org/obo/NCBITaxon_10090"	"C57BL/6"	"http://www.ebi.ac.uk/efo/EFO_0004472"	"12 to 15 week"		"adult"	"http://www.ebi.ac.uk/efo/EFO_0001272"	"brain without olfactory bulb"		"Pdgfrb-GFP;NG2dsRed"		"Brain single cell 2218"	
"SRR5531648"	"Mus musculus"	"http://purl.obolibrary.org/obo/NCBITaxon_10090"	"C57BL/6"	"http://www.ebi.ac.uk/efo/EFO_0004472"	"12 to 15 week"		"adult"	"http://www.ebi.ac.uk/efo/EFO_0001272"	"brain without olfactory bulb"		"Pdgfrb-GFP;NG2dsRed"		"Brain single cell 2219"	
"SRR5531649"	"Mus musculus"	"http://purl.obolibrary.org/obo/NCBITaxon_10090"	"C57BL/6"	"http://www.ebi.ac.uk/efo/EFO_0004472"	"12 to 15 week"		"adult"	"http://www.ebi.ac.uk/efo/EFO_0001272"	"brain without olfactory bulb"		"Pdgfrb-GFP;NG2dsRed"		"Brain single cell 2220"	
"SRR5531650"	"Mus musculus"	"http://purl.obolibrary.org/obo/NCBITaxon_10090"	"C57BL/6"	"http://www.ebi.ac.uk/efo/EFO_0004472"	"12 to 15 week"		"adult"	"http://www.ebi.ac.uk/efo/EFO_0001272"	"brain without olfactory bulb"		"Pdgfrb-GFP;NG2dsRed"		"Brain single cell 2221"	
"SRR5531651"	"Mus musculus"	"http://purl.obolibrary.org/obo/NCBITaxon_10090"	"C57BL/6"	"http://www.ebi.ac.uk/efo/EFO_0004472"	"12 to 15 week"		"adult"	"http://www.ebi.ac.uk/efo/EFO_0001272"	"brain without olfactory bulb"		"Pdgfrb-GFP;NG2dsRed"		"Brain single cell 2222"	
"SRR5531652"	"Mus musculus"	"http://purl.obolibrary.org/obo/NCBITaxon_10090"	"C57BL/6"	"http://www.ebi.ac.uk/efo/EFO_0004472"	"12 to 15 week"		"adult"	"http://www.ebi.ac.uk/efo/EFO_0001272"	"brain without olfactory bulb"		"Pdgfrb-GFP;NG2dsRed"		"Brain single cell 2223"	
"SRR5531653"	"Mus musculus"	"http://purl.obolibrary.org/obo/NCBITaxon_10090"	"C57BL/6"	"http://www.ebi.ac.uk/efo/EFO_0004472"	"12 to 15 week"		"adult"	"http://www.ebi.ac.uk/efo/EFO_0001272"	"brain without olfactory bulb"		"Pdgfrb-GFP;NG2dsRed"		"Brain single cell 2224"	
"SRR5531654"	"Mus musculus"	"http://purl.obolibrary.org/obo/NCBITaxon_10090"	"C57BL/6"	"http://www.ebi.ac.uk/efo/EFO_0004472"	"12 to 15 week"		"adult"	"http://www.ebi.ac.uk/efo/EFO_0001272"	"brain without olfactory bulb"		"Pdgfrb-GFP;NG2dsRed"		"Brain single cell 2225"	
"SRR5531655"	"Mus musculus"	"http://purl.obolibrary.org/obo/NCBITaxon_10090"	"C57BL/6"	"http://www.ebi.ac.uk/efo/EFO_0004472"	"12 to 15 week"		"adult"	"http://www.ebi.ac.uk/efo/EFO_0001272"	"brain without olfactory bulb"		"Pdgfrb-GFP;NG2dsRed"		"Brain single cell 2226"	
"SRR5531656"	"Mus musculus"	"http://purl.obolibrary.org/obo/NCBITaxon_10090"	"C57BL/6"	"http://www.ebi.ac.uk/efo/EFO_0004472"	"12 to 15 week"		"adult"	"http://www.ebi.ac.uk/efo/EFO_0001272"	"brain without olfactory bulb"		"Pdgfrb-GFP;NG2dsRed"		"Brain single cell 2227"	
"SRR5531657"	"Mus musculus"	"http://purl.obolibrary.org/obo/NCBITaxon_10090"	"C57BL/6"	"http://www.ebi.ac.uk/efo/EFO_0004472"	"12 to 15 week"		"adult"	"http://www.ebi.ac.uk/efo/EFO_0001272"	"brain without olfactory bulb"		"Pdgfrb-GFP;NG2dsRed"		"Brain single cell 2228"	
"SRR5531658"	"Mus musculus"	"http://purl.obolibrary.org/obo/NCBITaxon_10090"	"C57BL/6"	"http://www.ebi.ac.uk/efo/EFO_0004472"	"12 to 15 week"		"adult"	"http://www.ebi.ac.uk/efo/EFO_0001272"	"brain without olfactory bulb"		"Pdgfrb-GFP;NG2dsRed"		"Brain single cell 2229"	
"SRR5531659"	"Mus musculus"	"http://purl.obolibrary.org/obo/NCBITaxon_10090"	"C57BL/6"	"http://www.ebi.ac.uk/efo/EFO_0004472"	"12 to 15 week"		"adult"	"http://www.ebi.ac.uk/efo/EFO_0001272"	"brain without olfactory bulb"		"Pdgfrb-GFP;NG2dsRed"		"Brain single cell 2230"	
"SRR5531660"	"Mus musculus"	"http://purl.obolibrary.org/obo/NCBITaxon_10090"	"C57BL/6"	"http://www.ebi.ac.uk/efo/EFO_0004472"	"12 to 15 week"		"adult"	"http://www.ebi.ac.uk/efo/EFO_0001272"	"brain without olfactory bulb"		"Pdgfrb-GFP;NG2dsRed"		"Brain single cell 2231"	
"SRR5531661"	"Mus musculus"	"http://purl.obolibrary.org/obo/NCBITaxon_10090"	"C57BL/6"	"http://www.ebi.ac.uk/efo/EFO_0004472"	"12 to 15 week"		"adult"	"http://www.ebi.ac.uk/efo/EFO_0001272"	"brain without olfactory bulb"		"Pdgfrb-GFP;NG2dsRed"		"Brain single cell 2232"	
"SRR5531662"	"Mus musculus"	"http://purl.obolibrary.org/obo/NCBITaxon_10090"	"C57BL/6"	"http://www.ebi.ac.uk/efo/EFO_0004472"	"12 to 15 week"		"adult"	"http://www.ebi.ac.uk/efo/EFO_0001272"	"brain without olfactory bulb"		"Pdgfrb-GFP;NG2dsRed"		"Brain single cell 2233"	
"SRR5531663"	"Mus musculus"	"http://purl.obolibrary.org/obo/NCBITaxon_10090"	"C57BL/6"	"http://www.ebi.ac.uk/efo/EFO_0004472"	"12 to 15 week"		"adult"	"http://www.ebi.ac.uk/efo/EFO_0001272"	"brain without olfactory bulb"		"Pdgfrb-GFP;NG2dsRed"		"Brain single cell 2234"	
"SRR5531664"	"Mus musculus"	"http://purl.obolibrary.org/obo/NCBITaxon_10090"	"C57BL/6"	"http://www.ebi.ac.uk/efo/EFO_0004472"	"12 to 15 week"		"adult"	"http://www.ebi.ac.uk/efo/EFO_0001272"	"brain without olfactory bulb"		"Pdgfrb-GFP;NG2dsRed"		"Brain single cell 2235"	
"SRR5531665"	"Mus musculus"	"http://purl.obolibrary.org/obo/NCBITaxon_10090"	"C57BL/6"	"http://www.ebi.ac.uk/efo/EFO_0004472"	"12 to 15 week"		"adult"	"http://www.ebi.ac.uk/efo/EFO_0001272"	"brain without olfactory bulb"		"Pdgfrb-GFP;NG2dsRed"		"Brain single cell 2236"	
"SRR5531666"	"Mus musculus"	"http://purl.obolibrary.org/obo/NCBITaxon_10090"	"C57BL/6"	"http://www.ebi.ac.uk/efo/EFO_0004472"	"12 to 15 week"		"adult"	"http://www.ebi.ac.uk/efo/EFO_0001272"	"brain without olfactory bulb"		"Pdgfrb-GFP;NG2dsRed"		"Brain single cell 2237"	
"SRR5531667"	"Mus musculus"	"http://purl.obolibrary.org/obo/NCBITaxon_10090"	"C57BL/6"	"http://www.ebi.ac.uk/efo/EFO_0004472"	"12 to 15 week"		"adult"	"http://www.ebi.ac.uk/efo/EFO_0001272"	"brain without olfactory bulb"		"Pdgfrb-GFP;NG2dsRed"		"Brain single cell 2238"	
"SRR5531668"	"Mus musculus"	"http://purl.obolibrary.org/obo/NCBITaxon_10090"	"C57BL/6"	"http://www.ebi.ac.uk/efo/EFO_0004472"	"12 to 15 week"		"adult"	"http://www.ebi.ac.uk/efo/EFO_0001272"	"brain without olfactory bulb"		"Pdgfrb-GFP;NG2dsRed"		"Brain single cell 2239"	
"SRR5531669"	"Mus musculus"	"http://purl.obolibrary.org/obo/NCBITaxon_10090"	"C57BL/6"	"http://www.ebi.ac.uk/efo/EFO_0004472"	"12 to 15 week"		"adult"	"http://www.ebi.ac.uk/efo/EFO_0001272"	"brain without olfactory bulb"		"Pdgfrb-GFP;NG2dsRed"		"Brain single cell 2240"	
"SRR5531670"	"Mus musculus"	"http://purl.obolibrary.org/obo/NCBITaxon_10090"	"C57BL/6"	"http://www.ebi.ac.uk/efo/EFO_0004472"	"12 to 15 week"		"adult"	"http://www.ebi.ac.uk/efo/EFO_0001272"	"brain without olfactory bulb"		"Pdgfrb-GFP;NG2dsRed"		"Brain single cell 2241"	
"SRR5531671"	"Mus musculus"	"http://purl.obolibrary.org/obo/NCBITaxon_10090"	"C57BL/6"	"http://www.ebi.ac.uk/efo/EFO_0004472"	"12 to 15 week"		"adult"	"http://www.ebi.ac.uk/efo/EFO_0001272"	"brain without olfactory bulb"		"Pdgfrb-GFP;NG2dsRed"		"Brain single cell 2242"	
"SRR5531672"	"Mus musculus"	"http://purl.obolibrary.org/obo/NCBITaxon_10090"	"C57BL/6"	"http://www.ebi.ac.uk/efo/EFO_0004472"	"12 to 15 week"		"adult"	"http://www.ebi.ac.uk/efo/EFO_0001272"	"brain without olfactory bulb"		"Pdgfrb-GFP;NG2dsRed"		"Brain single cell 2243"	
"SRR5531673"	"Mus musculus"	"http://purl.obolibrary.org/obo/NCBITaxon_10090"	"C57BL/6"	"http://www.ebi.ac.uk/efo/EFO_0004472"	"12 to 15 week"		"adult"	"http://www.ebi.ac.uk/efo/EFO_0001272"	"brain without olfactory bulb"		"Pdgfrb-GFP;NG2dsRed"		"Brain single cell 2244"	
"SRR5531674"	"Mus musculus"	"http://purl.obolibrary.org/obo/NCBITaxon_10090"	"C57BL/6"	"http://www.ebi.ac.uk/efo/EFO_0004472"	"12 to 15 week"		"adult"	"http://www.ebi.ac.uk/efo/EFO_0001272"	"brain without olfactory bulb"		"Pdgfrb-GFP;NG2dsRed"		"Brain single cell 2245"	
"SRR5531675"	"Mus musculus"	"http://purl.obolibrary.org/obo/NCBITaxon_10090"	"C57BL/6"	"http://www.ebi.ac.uk/efo/EFO_0004472"	"12 to 15 week"		"adult"	"http://www.ebi.ac.uk/efo/EFO_0001272"	"brain without olfactory bulb"		"Pdgfrb-GFP;NG2dsRed"		"Brain single cell 2246"	
"SRR5531676"	"Mus musculus"	"http://purl.obolibrary.org/obo/NCBITaxon_10090"	"C57BL/6"	"http://www.ebi.ac.uk/efo/EFO_0004472"	"12 to 15 week"		"adult"	"http://www.ebi.ac.uk/efo/EFO_0001272"	"brain without olfactory bulb"		"Pdgfrb-GFP;NG2dsRed"		"Brain single cell 2247"	
"SRR5531677"	"Mus musculus"	"http://purl.obolibrary.org/obo/NCBITaxon_10090"	"C57BL/6"	"http://www.ebi.ac.uk/efo/EFO_0004472"	"12 to 15 week"		"adult"	"http://www.ebi.ac.uk/efo/EFO_0001272"	"brain without olfactory bulb"		"Pdgfrb-GFP;NG2dsRed"		"Brain single cell 2248"	
"SRR5531678"	"Mus musculus"	"http://purl.obolibrary.org/obo/NCBITaxon_10090"	"C57BL/6"	"http://www.ebi.ac.uk/efo/EFO_0004472"	"12 to 15 week"		"adult"	"http://www.ebi.ac.uk/efo/EFO_0001272"	"brain without olfactory bulb"		"Pdgfrb-GFP;NG2dsRed"		"Brain single cell 2249"	
"SRR5531679"	"Mus musculus"	"http://purl.obolibrary.org/obo/NCBITaxon_10090"	"C57BL/6"	"http://www.ebi.ac.uk/efo/EFO_0004472"	"12 to 15 week"		"adult"	"http://www.ebi.ac.uk/efo/EFO_0001272"	"brain without olfactory bulb"		"Pdgfrb-GFP;NG2dsRed"		"Brain single cell 2250"	
"SRR5531680"	"Mus musculus"	"http://purl.obolibrary.org/obo/NCBITaxon_10090"	"C57BL/6"	"http://www.ebi.ac.uk/efo/EFO_0004472"	"12 to 15 week"		"adult"	"http://www.ebi.ac.uk/efo/EFO_0001272"	"brain without olfactory bulb"		"Pdgfrb-GFP;NG2dsRed"		"Brain single cell 2251"	
"SRR5531681"	"Mus musculus"	"http://purl.obolibrary.org/obo/NCBITaxon_10090"	"C57BL/6"	"http://www.ebi.ac.uk/efo/EFO_0004472"	"12 to 15 week"		"adult"	"http://www.ebi.ac.uk/efo/EFO_0001272"	"brain without olfactory bulb"		"Pdgfrb-GFP;NG2dsRed"		"Brain single cell 2252"	
"SRR5531682"	"Mus musculus"	"http://purl.obolibrary.org/obo/NCBITaxon_10090"	"C57BL/6"	"http://www.ebi.ac.uk/efo/EFO_0004472"	"12 to 15 week"		"adult"	"http://www.ebi.ac.uk/efo/EFO_0001272"	"brain without olfactory bulb"		"Pdgfrb-GFP;NG2dsRed"		"Brain single cell 2253"	
"SRR5531683"	"Mus musculus"	"http://purl.obolibrary.org/obo/NCBITaxon_10090"	"C57BL/6"	"http://www.ebi.ac.uk/efo/EFO_0004472"	"12 to 15 week"		"adult"	"http://www.ebi.ac.uk/efo/EFO_0001272"	"brain without olfactory bulb"		"Pdgfrb-GFP;NG2dsRed"		"Brain single cell 2254"	
"SRR5531684"	"Mus musculus"	"http://purl.obolibrary.org/obo/NCBITaxon_10090"	"C57BL/6"	"http://www.ebi.ac.uk/efo/EFO_0004472"	"12 to 15 week"		"adult"	"http://www.ebi.ac.uk/efo/EFO_0001272"	"brain without olfactory bulb"		"Pdgfrb-GFP;NG2dsRed"		"Brain single cell 2255"	
"SRR5531685"	"Mus musculus"	"http://purl.obolibrary.org/obo/NCBITaxon_10090"	"C57BL/6"	"http://www.ebi.ac.uk/efo/EFO_0004472"	"12 to 15 week"		"adult"	"http://www.ebi.ac.uk/efo/EFO_0001272"	"brain without olfactory bulb"		"Pdgfrb-GFP;NG2dsRed"		"Brain single cell 2256"	
"SRR5531686"	"Mus musculus"	"http://purl.obolibrary.org/obo/NCBITaxon_10090"	"C57BL/6"	"http://www.ebi.ac.uk/efo/EFO_0004472"	"12 to 15 week"		"adult"	"http://www.ebi.ac.uk/efo/EFO_0001272"	"brain without olfactory bulb"		"Pdgfrb-GFP;NG2dsRed"		"Brain single cell 2257"	
"SRR5531687"	"Mus musculus"	"http://purl.obolibrary.org/obo/NCBITaxon_10090"	"C57BL/6"	"http://www.ebi.ac.uk/efo/EFO_0004472"	"12 to 15 week"		"adult"	"http://www.ebi.ac.uk/efo/EFO_0001272"	"brain without olfactory bulb"		"Pdgfrb-GFP;NG2dsRed"		"Brain single cell 2258"	
"SRR5531688"	"Mus musculus"	"http://purl.obolibrary.org/obo/NCBITaxon_10090"	"C57BL/6"	"http://www.ebi.ac.uk/efo/EFO_0004472"	"12 to 15 week"		"adult"	"http://www.ebi.ac.uk/efo/EFO_0001272"	"brain without olfactory bulb"		"Pdgfrb-GFP;NG2dsRed"		"Brain single cell 2259"	
"SRR5531689"	"Mus musculus"	"http://purl.obolibrary.org/obo/NCBITaxon_10090"	"C57BL/6"	"http://www.ebi.ac.uk/efo/EFO_0004472"	"12 to 15 week"		"adult"	"http://www.ebi.ac.uk/efo/EFO_0001272"	"brain without olfactory bulb"		"Pdgfrb-GFP;NG2dsRed"		"Brain single cell 2260"	
"SRR5531690"	"Mus musculus"	"http://purl.obolibrary.org/obo/NCBITaxon_10090"	"C57BL/6"	"http://www.ebi.ac.uk/efo/EFO_0004472"	"12 to 15 week"		"adult"	"http://www.ebi.ac.uk/efo/EFO_0001272"	"brain without olfactory bulb"		"Pdgfrb-GFP;NG2dsRed"		"Brain single cell 2261"	
"SRR5531691"	"Mus musculus"	"http://purl.obolibrary.org/obo/NCBITaxon_10090"	"C57BL/6"	"http://www.ebi.ac.uk/efo/EFO_0004472"	"12 to 15 week"		"adult"	"http://www.ebi.ac.uk/efo/EFO_0001272"	"brain without olfactory bulb"		"Pdgfrb-GFP;NG2dsRed"		"Brain single cell 2262"	
"SRR5531692"	"Mus musculus"	"http://purl.obolibrary.org/obo/NCBITaxon_10090"	"C57BL/6"	"http://www.ebi.ac.uk/efo/EFO_0004472"	"12 to 15 week"		"adult"	"http://www.ebi.ac.uk/efo/EFO_0001272"	"brain without olfactory bulb"		"Pdgfrb-GFP;NG2dsRed"		"Brain single cell 2263"	
"SRR5531693"	"Mus musculus"	"http://purl.obolibrary.org/obo/NCBITaxon_10090"	"C57BL/6"	"http://www.ebi.ac.uk/efo/EFO_0004472"	"12 to 15 week"		"adult"	"http://www.ebi.ac.uk/efo/EFO_0001272"	"brain without olfactory bulb"		"Pdgfrb-GFP;NG2dsRed"		"Brain single cell 2264"	
"SRR5531694"	"Mus musculus"	"http://purl.obolibrary.org/obo/NCBITaxon_10090"	"C57BL/6"	"http://www.ebi.ac.uk/efo/EFO_0004472"	"12 to 15 week"		"adult"	"http://www.ebi.ac.uk/efo/EFO_0001272"	"brain without olfactory bulb"		"Pdgfrb-GFP;NG2dsRed"		"Brain single cell 2265"	
"SRR5531695"	"Mus musculus"	"http://purl.obolibrary.org/obo/NCBITaxon_10090"	"C57BL/6"	"http://www.ebi.ac.uk/efo/EFO_0004472"	"12 to 15 week"		"adult"	"http://www.ebi.ac.uk/efo/EFO_0001272"	"brain without olfactory bulb"		"Pdgfrb-GFP;NG2dsRed"		"Brain single cell 2266"	
"SRR5531696"	"Mus musculus"	"http://purl.obolibrary.org/obo/NCBITaxon_10090"	"C57BL/6"	"http://www.ebi.ac.uk/efo/EFO_0004472"	"12 to 15 week"		"adult"	"http://www.ebi.ac.uk/efo/EFO_0001272"	"brain without olfactory bulb"		"Pdgfrb-GFP;NG2dsRed"		"Brain single cell 2267"	
"SRR5531697"	"Mus musculus"	"http://purl.obolibrary.org/obo/NCBITaxon_10090"	"C57BL/6"	"http://www.ebi.ac.uk/efo/EFO_0004472"	"12 to 15 week"		"adult"	"http://www.ebi.ac.uk/efo/EFO_0001272"	"brain without olfactory bulb"		"Pdgfrb-GFP;NG2dsRed"		"Brain single cell 2268"	
"SRR5531698"	"Mus musculus"	"http://purl.obolibrary.org/obo/NCBITaxon_10090"	"C57BL/6"	"http://www.ebi.ac.uk/efo/EFO_0004472"	"12 to 15 week"		"adult"	"http://www.ebi.ac.uk/efo/EFO_0001272"	"brain without olfactory bulb"		"Pdgfrb-GFP;NG2dsRed"		"Brain single cell 2269"	
"SRR5531699"	"Mus musculus"	"http://purl.obolibrary.org/obo/NCBITaxon_10090"	"C57BL/6"	"http://www.ebi.ac.uk/efo/EFO_0004472"	"12 to 15 week"		"adult"	"http://www.ebi.ac.uk/efo/EFO_0001272"	"brain without olfactory bulb"		"Pdgfrb-GFP;NG2dsRed"		"Brain single cell 2270"	
"SRR5531700"	"Mus musculus"	"http://purl.obolibrary.org/obo/NCBITaxon_10090"	"C57BL/6"	"http://www.ebi.ac.uk/efo/EFO_0004472"	"12 to 15 week"		"adult"	"http://www.ebi.ac.uk/efo/EFO_0001272"	"brain without olfactory bulb"		"Pdgfrb-GFP;NG2dsRed"		"Brain single cell 2271"	
"SRR5531701"	"Mus musculus"	"http://purl.obolibrary.org/obo/NCBITaxon_10090"	"C57BL/6"	"http://www.ebi.ac.uk/efo/EFO_0004472"	"12 to 15 week"		"adult"	"http://www.ebi.ac.uk/efo/EFO_0001272"	"brain without olfactory bulb"		"Pdgfrb-GFP;NG2dsRed"		"Brain single cell 2272"	
"SRR5531702"	"Mus musculus"	"http://purl.obolibrary.org/obo/NCBITaxon_10090"	"C57BL/6"	"http://www.ebi.ac.uk/efo/EFO_0004472"	"12 to 15 week"		"adult"	"http://www.ebi.ac.uk/efo/EFO_0001272"	"brain without olfactory bulb"		"Pdgfrb-GFP;NG2dsRed"		"Brain single cell 2273"	
"SRR5531703"	"Mus musculus"	"http://purl.obolibrary.org/obo/NCBITaxon_10090"	"C57BL/6"	"http://www.ebi.ac.uk/efo/EFO_0004472"	"12 to 15 week"		"adult"	"http://www.ebi.ac.uk/efo/EFO_0001272"	"brain without olfactory bulb"		"Pdgfrb-GFP;NG2dsRed"		"Brain single cell 2274"	
"SRR5531704"	"Mus musculus"	"http://purl.obolibrary.org/obo/NCBITaxon_10090"	"C57BL/6"	"http://www.ebi.ac.uk/efo/EFO_0004472"	"12 to 15 week"		"adult"	"http://www.ebi.ac.uk/efo/EFO_0001272"	"brain without olfactory bulb"		"Pdgfrb-GFP;NG2dsRed"		"Brain single cell 2275"	
"SRR5531705"	"Mus musculus"	"http://purl.obolibrary.org/obo/NCBITaxon_10090"	"C57BL/6"	"http://www.ebi.ac.uk/efo/EFO_0004472"	"12 to 15 week"		"adult"	"http://www.ebi.ac.uk/efo/EFO_0001272"	"brain without olfactory bulb"		"Pdgfrb-GFP;NG2dsRed"		"Brain single cell 2276"	
"SRR5531706"	"Mus musculus"	"http://purl.obolibrary.org/obo/NCBITaxon_10090"	"C57BL/6"	"http://www.ebi.ac.uk/efo/EFO_0004472"	"12 to 15 week"		"adult"	"http://www.ebi.ac.uk/efo/EFO_0001272"	"brain without olfactory bulb"		"Pdgfrb-GFP;NG2dsRed"		"Brain single cell 2277"	
"SRR5531707"	"Mus musculus"	"http://purl.obolibrary.org/obo/NCBITaxon_10090"	"C57BL/6"	"http://www.ebi.ac.uk/efo/EFO_0004472"	"12 to 15 week"		"adult"	"http://www.ebi.ac.uk/efo/EFO_0001272"	"brain without olfactory bulb"		"Pdgfrb-GFP;NG2dsRed"		"Brain single cell 2278"	
"SRR5531708"	"Mus musculus"	"http://purl.obolibrary.org/obo/NCBITaxon_10090"	"C57BL/6"	"http://www.ebi.ac.uk/efo/EFO_0004472"	"12 to 15 week"		"adult"	"http://www.ebi.ac.uk/efo/EFO_0001272"	"brain without olfactory bulb"		"Pdgfrb-GFP;NG2dsRed"		"Brain single cell 2279"	
"SRR5531709"	"Mus musculus"	"http://purl.obolibrary.org/obo/NCBITaxon_10090"	"C57BL/6"	"http://www.ebi.ac.uk/efo/EFO_0004472"	"12 to 15 week"		"adult"	"http://www.ebi.ac.uk/efo/EFO_0001272"	"brain without olfactory bulb"		"Pdgfrb-GFP;NG2dsRed"		"Brain single cell 2280"	
"SRR5531710"	"Mus musculus"	"http://purl.obolibrary.org/obo/NCBITaxon_10090"	"C57BL/6"	"http://www.ebi.ac.uk/efo/EFO_0004472"	"12 to 15 week"		"adult"	"http://www.ebi.ac.uk/efo/EFO_0001272"	"brain without olfactory bulb"		"Pdgfrb-GFP;NG2dsRed"		"Brain single cell 2281"	
"SRR5531711"	"Mus musculus"	"http://purl.obolibrary.org/obo/NCBITaxon_10090"	"C57BL/6"	"http://www.ebi.ac.uk/efo/EFO_0004472"	"12 to 15 week"		"adult"	"http://www.ebi.ac.uk/efo/EFO_0001272"	"brain without olfactory bulb"		"Pdgfrb-GFP;NG2dsRed"		"Brain single cell 2282"	
"SRR5531712"	"Mus musculus"	"http://purl.obolibrary.org/obo/NCBITaxon_10090"	"C57BL/6"	"http://www.ebi.ac.uk/efo/EFO_0004472"	"12 to 15 week"		"adult"	"http://www.ebi.ac.uk/efo/EFO_0001272"	"brain without olfactory bulb"		"Pdgfrb-GFP;NG2dsRed"		"Brain single cell 2283"	
"SRR5531713"	"Mus musculus"	"http://purl.obolibrary.org/obo/NCBITaxon_10090"	"C57BL/6"	"http://www.ebi.ac.uk/efo/EFO_0004472"	"12 to 15 week"		"adult"	"http://www.ebi.ac.uk/efo/EFO_0001272"	"brain without olfactory bulb"		"Pdgfrb-GFP;NG2dsRed"		"Brain single cell 2284"	
"SRR5531714"	"Mus musculus"	"http://purl.obolibrary.org/obo/NCBITaxon_10090"	"C57BL/6"	"http://www.ebi.ac.uk/efo/EFO_0004472"	"12 to 15 week"		"adult"	"http://www.ebi.ac.uk/efo/EFO_0001272"	"brain without olfactory bulb"		"Pdgfrb-GFP;NG2dsRed"		"Brain single cell 2285"	
"SRR5531715"	"Mus musculus"	"http://purl.obolibrary.org/obo/NCBITaxon_10090"	"C57BL/6"	"http://www.ebi.ac.uk/efo/EFO_0004472"	"12 to 15 week"		"adult"	"http://www.ebi.ac.uk/efo/EFO_0001272"	"brain without olfactory bulb"		"Pdgfrb-GFP;NG2dsRed"		"Brain single cell 2286"	
"SRR5531716"	"Mus musculus"	"http://purl.obolibrary.org/obo/NCBITaxon_10090"	"C57BL/6"	"http://www.ebi.ac.uk/efo/EFO_0004472"	"12 to 15 week"		"adult"	"http://www.ebi.ac.uk/efo/EFO_0001272"	"brain without olfactory bulb"		"Pdgfrb-GFP;NG2dsRed"		"Brain single cell 2287"	
"SRR5531717"	"Mus musculus"	"http://purl.obolibrary.org/obo/NCBITaxon_10090"	"C57BL/6"	"http://www.ebi.ac.uk/efo/EFO_0004472"	"12 to 15 week"		"adult"	"http://www.ebi.ac.uk/efo/EFO_0001272"	"brain without olfactory bulb"		"Pdgfrb-GFP;NG2dsRed"		"Brain single cell 2288"	
"SRR5531718"	"Mus musculus"	"http://purl.obolibrary.org/obo/NCBITaxon_10090"	"C57BL/6"	"http://www.ebi.ac.uk/efo/EFO_0004472"	"12 to 15 week"		"adult"	"http://www.ebi.ac.uk/efo/EFO_0001272"	"brain without olfactory bulb"		"Pdgfrb-GFP;NG2dsRed"		"Brain single cell 2289"	
"SRR5531719"	"Mus musculus"	"http://purl.obolibrary.org/obo/NCBITaxon_10090"	"C57BL/6"	"http://www.ebi.ac.uk/efo/EFO_0004472"	"12 to 15 week"		"adult"	"http://www.ebi.ac.uk/efo/EFO_0001272"	"brain without olfactory bulb"		"Pdgfrb-GFP;NG2dsRed"		"Brain single cell 2290"	
"SRR5531720"	"Mus musculus"	"http://purl.obolibrary.org/obo/NCBITaxon_10090"	"C57BL/6"	"http://www.ebi.ac.uk/efo/EFO_0004472"	"12 to 15 week"		"adult"	"http://www.ebi.ac.uk/efo/EFO_0001272"	"brain without olfactory bulb"		"Pdgfrb-GFP;NG2dsRed"		"Brain single cell 2291"	
"SRR5531721"	"Mus musculus"	"http://purl.obolibrary.org/obo/NCBITaxon_10090"	"C57BL/6"	"http://www.ebi.ac.uk/efo/EFO_0004472"	"12 to 15 week"		"adult"	"http://www.ebi.ac.uk/efo/EFO_0001272"	"brain without olfactory bulb"		"Pdgfrb-GFP;NG2dsRed"		"Brain single cell 2292"	
"SRR5531722"	"Mus musculus"	"http://purl.obolibrary.org/obo/NCBITaxon_10090"	"C57BL/6"	"http://www.ebi.ac.uk/efo/EFO_0004472"	"12 to 15 week"		"adult"	"http://www.ebi.ac.uk/efo/EFO_0001272"	"brain without olfactory bulb"		"Pdgfrb-GFP;NG2dsRed"		"Brain single cell 2293"	
"SRR5531723"	"Mus musculus"	"http://purl.obolibrary.org/obo/NCBITaxon_10090"	"C57BL/6"	"http://www.ebi.ac.uk/efo/EFO_0004472"	"12 to 15 week"		"adult"	"http://www.ebi.ac.uk/efo/EFO_0001272"	"brain without olfactory bulb"		"Pdgfrb-GFP;NG2dsRed"		"Brain single cell 2294"	
"SRR5531724"	"Mus musculus"	"http://purl.obolibrary.org/obo/NCBITaxon_10090"	"C57BL/6"	"http://www.ebi.ac.uk/efo/EFO_0004472"	"12 to 15 week"		"adult"	"http://www.ebi.ac.uk/efo/EFO_0001272"	"brain without olfactory bulb"		"Pdgfrb-GFP;NG2dsRed"		"Brain single cell 2295"	
"SRR5531725"	"Mus musculus"	"http://purl.obolibrary.org/obo/NCBITaxon_10090"	"C57BL/6"	"http://www.ebi.ac.uk/efo/EFO_0004472"	"12 to 15 week"		"adult"	"http://www.ebi.ac.uk/efo/EFO_0001272"	"brain without olfactory bulb"		"Pdgfrb-GFP;NG2dsRed"		"Brain single cell 2296"	
"SRR5531726"	"Mus musculus"	"http://purl.obolibrary.org/obo/NCBITaxon_10090"	"C57BL/6"	"http://www.ebi.ac.uk/efo/EFO_0004472"	"12 to 15 week"		"adult"	"http://www.ebi.ac.uk/efo/EFO_0001272"	"brain without olfactory bulb"		"Pdgfrb-GFP;NG2dsRed"		"Brain single cell 2297"	
"SRR5531727"	"Mus musculus"	"http://purl.obolibrary.org/obo/NCBITaxon_10090"	"C57BL/6"	"http://www.ebi.ac.uk/efo/EFO_0004472"	"12 to 15 week"		"adult"	"http://www.ebi.ac.uk/efo/EFO_0001272"	"brain without olfactory bulb"		"Pdgfrb-GFP;NG2dsRed"		"Brain single cell 2298"	
"SRR5531728"	"Mus musculus"	"http://purl.obolibrary.org/obo/NCBITaxon_10090"	"C57BL/6"	"http://www.ebi.ac.uk/efo/EFO_0004472"	"12 to 15 week"		"adult"	"http://www.ebi.ac.uk/efo/EFO_0001272"	"brain without olfactory bulb"		"Pdgfrb-GFP;NG2dsRed"		"Brain single cell 2299"	
"SRR5531729"	"Mus musculus"	"http://purl.obolibrary.org/obo/NCBITaxon_10090"	"C57BL/6"	"http://www.ebi.ac.uk/efo/EFO_0004472"	"12 to 15 week"		"adult"	"http://www.ebi.ac.uk/efo/EFO_0001272"	"brain without olfactory bulb"		"Pdgfrb-GFP;NG2dsRed"		"Brain single cell 2300"	
"SRR5531730"	"Mus musculus"	"http://purl.obolibrary.org/obo/NCBITaxon_10090"	"C57BL/6"	"http://www.ebi.ac.uk/efo/EFO_0004472"	"12 to 15 week"		"adult"	"http://www.ebi.ac.uk/efo/EFO_0001272"	"brain without olfactory bulb"		"Pdgfrb-GFP;NG2dsRed"		"Brain single cell 2301"	
"SRR5531731"	"Mus musculus"	"http://purl.obolibrary.org/obo/NCBITaxon_10090"	"C57BL/6"	"http://www.ebi.ac.uk/efo/EFO_0004472"	"12 to 15 week"		"adult"	"http://www.ebi.ac.uk/efo/EFO_0001272"	"brain without olfactory bulb"		"Pdgfrb-GFP;NG2dsRed"		"Brain single cell 2302"	
"SRR5531732"	"Mus musculus"	"http://purl.obolibrary.org/obo/NCBITaxon_10090"	"C57BL/6"	"http://www.ebi.ac.uk/efo/EFO_0004472"	"12 to 15 week"		"adult"	"http://www.ebi.ac.uk/efo/EFO_0001272"	"brain without olfactory bulb"		"Pdgfrb-GFP;NG2dsRed"		"Brain single cell 2303"	
"SRR5531733"	"Mus musculus"	"http://purl.obolibrary.org/obo/NCBITaxon_10090"	"C57BL/6"	"http://www.ebi.ac.uk/efo/EFO_0004472"	"12 to 15 week"		"adult"	"http://www.ebi.ac.uk/efo/EFO_0001272"	"brain without olfactory bulb"		"Pdgfrb-GFP;NG2dsRed"		"Brain single cell 2304"	
"SRR5531734"	"Mus musculus"	"http://purl.obolibrary.org/obo/NCBITaxon_10090"	"C57BL/6"	"http://www.ebi.ac.uk/efo/EFO_0004472"	"12 to 15 week"		"adult"	"http://www.ebi.ac.uk/efo/EFO_0001272"	"brain without olfactory bulb"		"Pdgfrb-GFP;NG2dsRed"		"Brain single cell 2305"	
"SRR5531735"	"Mus musculus"	"http://purl.obolibrary.org/obo/NCBITaxon_10090"	"C57BL/6"	"http://www.ebi.ac.uk/efo/EFO_0004472"	"12 to 15 week"		"adult"	"http://www.ebi.ac.uk/efo/EFO_0001272"	"brain without olfactory bulb"		"Pdgfrb-GFP;NG2dsRed"		"Brain single cell 2306"	
"SRR5531736"	"Mus musculus"	"http://purl.obolibrary.org/obo/NCBITaxon_10090"	"C57BL/6"	"http://www.ebi.ac.uk/efo/EFO_0004472"	"12 to 15 week"		"adult"	"http://www.ebi.ac.uk/efo/EFO_0001272"	"brain without olfactory bulb"		"Pdgfrb-GFP;NG2dsRed"		"Brain single cell 2307"	
"SRR5531737"	"Mus musculus"	"http://purl.obolibrary.org/obo/NCBITaxon_10090"	"C57BL/6"	"http://www.ebi.ac.uk/efo/EFO_0004472"	"12 to 15 week"		"adult"	"http://www.ebi.ac.uk/efo/EFO_0001272"	"brain without olfactory bulb"		"Pdgfrb-GFP;NG2dsRed"		"Brain single cell 2308"	
"SRR5531738"	"Mus musculus"	"http://purl.obolibrary.org/obo/NCBITaxon_10090"	"C57BL/6"	"http://www.ebi.ac.uk/efo/EFO_0004472"	"12 to 15 week"		"adult"	"http://www.ebi.ac.uk/efo/EFO_0001272"	"brain without olfactory bulb"		"Pdgfrb-GFP;NG2dsRed"		"Brain single cell 2309"	
"SRR5531739"	"Mus musculus"	"http://purl.obolibrary.org/obo/NCBITaxon_10090"	"C57BL/6"	"http://www.ebi.ac.uk/efo/EFO_0004472"	"12 to 15 week"		"adult"	"http://www.ebi.ac.uk/efo/EFO_0001272"	"brain without olfactory bulb"		"Pdgfrb-GFP;NG2dsRed"		"Brain single cell 2310"	
"SRR5531740"	"Mus musculus"	"http://purl.obolibrary.org/obo/NCBITaxon_10090"	"C57BL/6"	"http://www.ebi.ac.uk/efo/EFO_0004472"	"12 to 15 week"		"adult"	"http://www.ebi.ac.uk/efo/EFO_0001272"	"brain without olfactory bulb"		"Pdgfrb-GFP;NG2dsRed"		"Brain single cell 2311"	
"SRR5531741"	"Mus musculus"	"http://purl.obolibrary.org/obo/NCBITaxon_10090"	"C57BL/6"	"http://www.ebi.ac.uk/efo/EFO_0004472"	"12 to 15 week"		"adult"	"http://www.ebi.ac.uk/efo/EFO_0001272"	"brain without olfactory bulb"		"Pdgfrb-GFP;NG2dsRed"		"Brain single cell 2312"	
"SRR5531742"	"Mus musculus"	"http://purl.obolibrary.org/obo/NCBITaxon_10090"	"C57BL/6"	"http://www.ebi.ac.uk/efo/EFO_0004472"	"12 to 15 week"		"adult"	"http://www.ebi.ac.uk/efo/EFO_0001272"	"brain without olfactory bulb"		"Pdgfrb-GFP;NG2dsRed"		"Brain single cell 2313"	
"SRR5531743"	"Mus musculus"	"http://purl.obolibrary.org/obo/NCBITaxon_10090"	"C57BL/6"	"http://www.ebi.ac.uk/efo/EFO_0004472"	"12 to 15 week"		"adult"	"http://www.ebi.ac.uk/efo/EFO_0001272"	"brain without olfactory bulb"		"Pdgfrb-GFP;NG2dsRed"		"Brain single cell 2314"	
"SRR5531744"	"Mus musculus"	"http://purl.obolibrary.org/obo/NCBITaxon_10090"	"C57BL/6"	"http://www.ebi.ac.uk/efo/EFO_0004472"	"12 to 15 week"		"adult"	"http://www.ebi.ac.uk/efo/EFO_0001272"	"brain without olfactory bulb"		"Pdgfrb-GFP;NG2dsRed"		"Brain single cell 2315"	
"SRR5531745"	"Mus musculus"	"http://purl.obolibrary.org/obo/NCBITaxon_10090"	"C57BL/6"	"http://www.ebi.ac.uk/efo/EFO_0004472"	"12 to 15 week"		"adult"	"http://www.ebi.ac.uk/efo/EFO_0001272"	"brain without olfactory bulb"		"Pdgfrb-GFP;NG2dsRed"		"Brain single cell 2316"	
"SRR5531746"	"Mus musculus"	"http://purl.obolibrary.org/obo/NCBITaxon_10090"	"C57BL/6"	"http://www.ebi.ac.uk/efo/EFO_0004472"	"12 to 15 week"		"adult"	"http://www.ebi.ac.uk/efo/EFO_0001272"	"brain without olfactory bulb"		"Pdgfrb-GFP;NG2dsRed"		"Brain single cell 2317"	
"SRR5531747"	"Mus musculus"	"http://purl.obolibrary.org/obo/NCBITaxon_10090"	"C57BL/6"	"http://www.ebi.ac.uk/efo/EFO_0004472"	"12 to 15 week"		"adult"	"http://www.ebi.ac.uk/efo/EFO_0001272"	"brain without olfactory bulb"		"Pdgfrb-GFP;NG2dsRed"		"Brain single cell 2318"	
"SRR5531748"	"Mus musculus"	"http://purl.obolibrary.org/obo/NCBITaxon_10090"	"C57BL/6"	"http://www.ebi.ac.uk/efo/EFO_0004472"	"12 to 15 week"		"adult"	"http://www.ebi.ac.uk/efo/EFO_0001272"	"brain without olfactory bulb"		"Pdgfrb-GFP;NG2dsRed"		"Brain single cell 2319"	
"SRR5531749"	"Mus musculus"	"http://purl.obolibrary.org/obo/NCBITaxon_10090"	"C57BL/6"	"http://www.ebi.ac.uk/efo/EFO_0004472"	"12 to 15 week"		"adult"	"http://www.ebi.ac.uk/efo/EFO_0001272"	"brain without olfactory bulb"		"Pdgfrb-GFP;NG2dsRed"		"Brain single cell 2320"	
"SRR5531750"	"Mus musculus"	"http://purl.obolibrary.org/obo/NCBITaxon_10090"	"C57BL/6"	"http://www.ebi.ac.uk/efo/EFO_0004472"	"12 to 15 week"		"adult"	"http://www.ebi.ac.uk/efo/EFO_0001272"	"brain without olfactory bulb"		"Pdgfrb-GFP;NG2dsRed"		"Brain single cell 2321"	
"SRR5531751"	"Mus musculus"	"http://purl.obolibrary.org/obo/NCBITaxon_10090"	"C57BL/6"	"http://www.ebi.ac.uk/efo/EFO_0004472"	"12 to 15 week"		"adult"	"http://www.ebi.ac.uk/efo/EFO_0001272"	"brain without olfactory bulb"		"Pdgfrb-GFP;NG2dsRed"		"Brain single cell 2322"	
"SRR5531752"	"Mus musculus"	"http://purl.obolibrary.org/obo/NCBITaxon_10090"	"C57BL/6"	"http://www.ebi.ac.uk/efo/EFO_0004472"	"12 to 15 week"		"adult"	"http://www.ebi.ac.uk/efo/EFO_0001272"	"brain without olfactory bulb"		"Pdgfrb-GFP;NG2dsRed"		"Brain single cell 2323"	
"SRR5531753"	"Mus musculus"	"http://purl.obolibrary.org/obo/NCBITaxon_10090"	"C57BL/6"	"http://www.ebi.ac.uk/efo/EFO_0004472"	"12 to 15 week"		"adult"	"http://www.ebi.ac.uk/efo/EFO_0001272"	"brain without olfactory bulb"		"Pdgfrb-GFP;NG2dsRed"		"Brain single cell 2324"	
"SRR5531754"	"Mus musculus"	"http://purl.obolibrary.org/obo/NCBITaxon_10090"	"C57BL/6"	"http://www.ebi.ac.uk/efo/EFO_0004472"	"12 to 15 week"		"adult"	"http://www.ebi.ac.uk/efo/EFO_0001272"	"brain without olfactory bulb"		"Pdgfrb-GFP;NG2dsRed"		"Brain single cell 2325"	
"SRR5531755"	"Mus musculus"	"http://purl.obolibrary.org/obo/NCBITaxon_10090"	"C57BL/6"	"http://www.ebi.ac.uk/efo/EFO_0004472"	"12 to 15 week"		"adult"	"http://www.ebi.ac.uk/efo/EFO_0001272"	"brain without olfactory bulb"		"Pdgfrb-GFP;NG2dsRed"		"Brain single cell 2326"	
"SRR5531756"	"Mus musculus"	"http://purl.obolibrary.org/obo/NCBITaxon_10090"	"C57BL/6"	"http://www.ebi.ac.uk/efo/EFO_0004472"	"12 to 15 week"		"adult"	"http://www.ebi.ac.uk/efo/EFO_0001272"	"brain without olfactory bulb"		"Pdgfrb-GFP;NG2dsRed"		"Brain single cell 2327"	
"SRR5531757"	"Mus musculus"	"http://purl.obolibrary.org/obo/NCBITaxon_10090"	"C57BL/6"	"http://www.ebi.ac.uk/efo/EFO_0004472"	"12 to 15 week"		"adult"	"http://www.ebi.ac.uk/efo/EFO_0001272"	"brain without olfactory bulb"		"Pdgfrb-GFP;NG2dsRed"		"Brain single cell 2328"	
"SRR5531758"	"Mus musculus"	"http://purl.obolibrary.org/obo/NCBITaxon_10090"	"C57BL/6"	"http://www.ebi.ac.uk/efo/EFO_0004472"	"12 to 15 week"		"adult"	"http://www.ebi.ac.uk/efo/EFO_0001272"	"brain without olfactory bulb"		"Pdgfrb-GFP;NG2dsRed"		"Brain single cell 2329"	
"SRR5531759"	"Mus musculus"	"http://purl.obolibrary.org/obo/NCBITaxon_10090"	"C57BL/6"	"http://www.ebi.ac.uk/efo/EFO_0004472"	"12 to 15 week"		"adult"	"http://www.ebi.ac.uk/efo/EFO_0001272"	"brain without olfactory bulb"		"Pdgfrb-GFP;NG2dsRed"		"Brain single cell 2330"	
"SRR5531760"	"Mus musculus"	"http://purl.obolibrary.org/obo/NCBITaxon_10090"	"C57BL/6"	"http://www.ebi.ac.uk/efo/EFO_0004472"	"12 to 15 week"		"adult"	"http://www.ebi.ac.uk/efo/EFO_0001272"	"brain without olfactory bulb"		"Pdgfrb-GFP;NG2dsRed"		"Brain single cell 2331"	
"SRR5531761"	"Mus musculus"	"http://purl.obolibrary.org/obo/NCBITaxon_10090"	"C57BL/6"	"http://www.ebi.ac.uk/efo/EFO_0004472"	"12 to 15 week"		"adult"	"http://www.ebi.ac.uk/efo/EFO_0001272"	"brain without olfactory bulb"		"Pdgfrb-GFP;NG2dsRed"		"Brain single cell 2332"	
"SRR5531762"	"Mus musculus"	"http://purl.obolibrary.org/obo/NCBITaxon_10090"	"C57BL/6"	"http://www.ebi.ac.uk/efo/EFO_0004472"	"12 to 15 week"		"adult"	"http://www.ebi.ac.uk/efo/EFO_0001272"	"brain without olfactory bulb"		"Pdgfrb-GFP;NG2dsRed"		"Brain single cell 2333"	
"SRR5531763"	"Mus musculus"	"http://purl.obolibrary.org/obo/NCBITaxon_10090"	"C57BL/6"	"http://www.ebi.ac.uk/efo/EFO_0004472"	"12 to 15 week"		"adult"	"http://www.ebi.ac.uk/efo/EFO_0001272"	"brain without olfactory bulb"		"Pdgfrb-GFP;NG2dsRed"		"Brain single cell 2334"	
"SRR5531764"	"Mus musculus"	"http://purl.obolibrary.org/obo/NCBITaxon_10090"	"C57BL/6"	"http://www.ebi.ac.uk/efo/EFO_0004472"	"12 to 15 week"		"adult"	"http://www.ebi.ac.uk/efo/EFO_0001272"	"brain without olfactory bulb"		"Pdgfrb-GFP;NG2dsRed"		"Brain single cell 2335"	
"SRR5531765"	"Mus musculus"	"http://purl.obolibrary.org/obo/NCBITaxon_10090"	"C57BL/6"	"http://www.ebi.ac.uk/efo/EFO_0004472"	"12 to 15 week"		"adult"	"http://www.ebi.ac.uk/efo/EFO_0001272"	"brain without olfactory bulb"		"Pdgfrb-GFP;NG2dsRed"		"Brain single cell 2336"	
"SRR5531766"	"Mus musculus"	"http://purl.obolibrary.org/obo/NCBITaxon_10090"	"C57BL/6"	"http://www.ebi.ac.uk/efo/EFO_0004472"	"12 to 15 week"		"adult"	"http://www.ebi.ac.uk/efo/EFO_0001272"	"brain without olfactory bulb"		"Pdgfrb-GFP;NG2dsRed"		"Brain single cell 2337"	
"SRR5531767"	"Mus musculus"	"http://purl.obolibrary.org/obo/NCBITaxon_10090"	"C57BL/6"	"http://www.ebi.ac.uk/efo/EFO_0004472"	"12 to 15 week"		"adult"	"http://www.ebi.ac.uk/efo/EFO_0001272"	"brain without olfactory bulb"		"Pdgfrb-GFP;NG2dsRed"		"Brain single cell 2338"	
"SRR5531768"	"Mus musculus"	"http://purl.obolibrary.org/obo/NCBITaxon_10090"	"C57BL/6"	"http://www.ebi.ac.uk/efo/EFO_0004472"	"12 to 15 week"		"adult"	"http://www.ebi.ac.uk/efo/EFO_0001272"	"brain without olfactory bulb"		"Pdgfrb-GFP;NG2dsRed"		"Brain single cell 2339"	
"SRR5531769"	"Mus musculus"	"http://purl.obolibrary.org/obo/NCBITaxon_10090"	"C57BL/6"	"http://www.ebi.ac.uk/efo/EFO_0004472"	"12 to 15 week"		"adult"	"http://www.ebi.ac.uk/efo/EFO_0001272"	"brain without olfactory bulb"		"Pdgfrb-GFP;NG2dsRed"		"Brain single cell 2340"	
"SRR5531770"	"Mus musculus"	"http://purl.obolibrary.org/obo/NCBITaxon_10090"	"C57BL/6"	"http://www.ebi.ac.uk/efo/EFO_0004472"	"12 to 15 week"		"adult"	"http://www.ebi.ac.uk/efo/EFO_0001272"	"brain without olfactory bulb"		"Pdgfrb-GFP;NG2dsRed"		"Brain single cell 2341"	
"SRR5531771"	"Mus musculus"	"http://purl.obolibrary.org/obo/NCBITaxon_10090"	"C57BL/6"	"http://www.ebi.ac.uk/efo/EFO_0004472"	"12 to 15 week"		"adult"	"http://www.ebi.ac.uk/efo/EFO_0001272"	"brain without olfactory bulb"		"Pdgfrb-GFP;NG2dsRed"		"Brain single cell 2342"	
"SRR5531772"	"Mus musculus"	"http://purl.obolibrary.org/obo/NCBITaxon_10090"	"C57BL/6"	"http://www.ebi.ac.uk/efo/EFO_0004472"	"12 to 15 week"		"adult"	"http://www.ebi.ac.uk/efo/EFO_0001272"	"brain without olfactory bulb"		"Pdgfrb-GFP;NG2dsRed"		"Brain single cell 2343"	
"SRR5531773"	"Mus musculus"	"http://purl.obolibrary.org/obo/NCBITaxon_10090"	"C57BL/6"	"http://www.ebi.ac.uk/efo/EFO_0004472"	"12 to 15 week"		"adult"	"http://www.ebi.ac.uk/efo/EFO_0001272"	"brain without olfactory bulb"		"Pdgfrb-GFP;NG2dsRed"		"Brain single cell 2344"	
"SRR5531774"	"Mus musculus"	"http://purl.obolibrary.org/obo/NCBITaxon_10090"	"C57BL/6"	"http://www.ebi.ac.uk/efo/EFO_0004472"	"12 to 15 week"		"adult"	"http://www.ebi.ac.uk/efo/EFO_0001272"	"brain without olfactory bulb"		"Pdgfrb-GFP;NG2dsRed"		"Brain single cell 2345"	
"SRR5531775"	"Mus musculus"	"http://purl.obolibrary.org/obo/NCBITaxon_10090"	"C57BL/6"	"http://www.ebi.ac.uk/efo/EFO_0004472"	"12 to 15 week"		"adult"	"http://www.ebi.ac.uk/efo/EFO_0001272"	"brain without olfactory bulb"		"Pdgfrb-GFP;NG2dsRed"		"Brain single cell 2346"	
"SRR5531776"	"Mus musculus"	"http://purl.obolibrary.org/obo/NCBITaxon_10090"	"C57BL/6"	"http://www.ebi.ac.uk/efo/EFO_0004472"	"12 to 15 week"		"adult"	"http://www.ebi.ac.uk/efo/EFO_0001272"	"brain without olfactory bulb"		"Pdgfrb-GFP;NG2dsRed"		"Brain single cell 2347"	
"SRR5531777"	"Mus musculus"	"http://purl.obolibrary.org/obo/NCBITaxon_10090"	"C57BL/6"	"http://www.ebi.ac.uk/efo/EFO_0004472"	"12 to 15 week"		"adult"	"http://www.ebi.ac.uk/efo/EFO_0001272"	"brain without olfactory bulb"		"Pdgfrb-GFP;NG2dsRed"		"Brain single cell 2348"	
"SRR5531778"	"Mus musculus"	"http://purl.obolibrary.org/obo/NCBITaxon_10090"	"C57BL/6"	"http://www.ebi.ac.uk/efo/EFO_0004472"	"12 to 15 week"		"adult"	"http://www.ebi.ac.uk/efo/EFO_0001272"	"brain without olfactory bulb"		"Pdgfrb-GFP;NG2dsRed"		"Brain single cell 2349"	
"SRR5531779"	"Mus musculus"	"http://purl.obolibrary.org/obo/NCBITaxon_10090"	"C57BL/6"	"http://www.ebi.ac.uk/efo/EFO_0004472"	"12 to 15 week"		"adult"	"http://www.ebi.ac.uk/efo/EFO_0001272"	"brain without olfactory bulb"		"Pdgfrb-GFP;NG2dsRed"		"Brain single cell 2350"	
"SRR5531780"	"Mus musculus"	"http://purl.obolibrary.org/obo/NCBITaxon_10090"	"C57BL/6"	"http://www.ebi.ac.uk/efo/EFO_0004472"	"12 to 15 week"		"adult"	"http://www.ebi.ac.uk/efo/EFO_0001272"	"brain without olfactory bulb"		"Pdgfrb-GFP;NG2dsRed"		"Brain single cell 2351"	
"SRR5531781"	"Mus musculus"	"http://purl.obolibrary.org/obo/NCBITaxon_10090"	"C57BL/6"	"http://www.ebi.ac.uk/efo/EFO_0004472"	"12 to 15 week"		"adult"	"http://www.ebi.ac.uk/efo/EFO_0001272"	"brain without olfactory bulb"		"Pdgfrb-GFP;NG2dsRed"		"Brain single cell 2352"	
"SRR5531782"	"Mus musculus"	"http://purl.obolibrary.org/obo/NCBITaxon_10090"	"C57BL/6"	"http://www.ebi.ac.uk/efo/EFO_0004472"	"12 to 15 week"		"adult"	"http://www.ebi.ac.uk/efo/EFO_0001272"	"brain without olfactory bulb"		"Pdgfrb-GFP;NG2dsRed"		"Brain single cell 2353"	
"SRR5531783"	"Mus musculus"	"http://purl.obolibrary.org/obo/NCBITaxon_10090"	"C57BL/6"	"http://www.ebi.ac.uk/efo/EFO_0004472"	"12 to 15 week"		"adult"	"http://www.ebi.ac.uk/efo/EFO_0001272"	"brain without olfactory bulb"		"Pdgfrb-GFP;NG2dsRed"		"Brain single cell 2354"	
"SRR5531784"	"Mus musculus"	"http://purl.obolibrary.org/obo/NCBITaxon_10090"	"C57BL/6"	"http://www.ebi.ac.uk/efo/EFO_0004472"	"12 to 15 week"		"adult"	"http://www.ebi.ac.uk/efo/EFO_0001272"	"brain without olfactory bulb"		"Pdgfrb-GFP;NG2dsRed"		"Brain single cell 2355"	
"SRR5531785"	"Mus musculus"	"http://purl.obolibrary.org/obo/NCBITaxon_10090"	"C57BL/6"	"http://www.ebi.ac.uk/efo/EFO_0004472"	"12 to 15 week"		"adult"	"http://www.ebi.ac.uk/efo/EFO_0001272"	"brain without olfactory bulb"		"Pdgfrb-GFP;NG2dsRed"		"Brain single cell 2356"	
"SRR5531786"	"Mus musculus"	"http://purl.obolibrary.org/obo/NCBITaxon_10090"	"C57BL/6"	"http://www.ebi.ac.uk/efo/EFO_0004472"	"12 to 15 week"		"adult"	"http://www.ebi.ac.uk/efo/EFO_0001272"	"brain without olfactory bulb"		"Pdgfrb-GFP;NG2dsRed"		"Brain single cell 2357"	
"SRR5531787"	"Mus musculus"	"http://purl.obolibrary.org/obo/NCBITaxon_10090"	"C57BL/6"	"http://www.ebi.ac.uk/efo/EFO_0004472"	"12 to 15 week"		"adult"	"http://www.ebi.ac.uk/efo/EFO_0001272"	"brain without olfactory bulb"		"Pdgfrb-GFP;NG2dsRed"		"Brain single cell 2358"	
"SRR5531788"	"Mus musculus"	"http://purl.obolibrary.org/obo/NCBITaxon_10090"	"C57BL/6"	"http://www.ebi.ac.uk/efo/EFO_0004472"	"12 to 15 week"		"adult"	"http://www.ebi.ac.uk/efo/EFO_0001272"	"brain without olfactory bulb"		"Pdgfrb-GFP;NG2dsRed"		"Brain single cell 2359"	
"SRR5531789"	"Mus musculus"	"http://purl.obolibrary.org/obo/NCBITaxon_10090"	"C57BL/6"	"http://www.ebi.ac.uk/efo/EFO_0004472"	"12 to 15 week"		"adult"	"http://www.ebi.ac.uk/efo/EFO_0001272"	"brain without olfactory bulb"		"Pdgfrb-GFP;NG2dsRed"		"Brain single cell 2360"	
"SRR5531790"	"Mus musculus"	"http://purl.obolibrary.org/obo/NCBITaxon_10090"	"C57BL/6"	"http://www.ebi.ac.uk/efo/EFO_0004472"	"12 to 15 week"		"adult"	"http://www.ebi.ac.uk/efo/EFO_0001272"	"brain without olfactory bulb"		"Pdgfrb-GFP;NG2dsRed"		"Brain single cell 2361"	
"SRR5531791"	"Mus musculus"	"http://purl.obolibrary.org/obo/NCBITaxon_10090"	"C57BL/6"	"http://www.ebi.ac.uk/efo/EFO_0004472"	"12 to 15 week"		"adult"	"http://www.ebi.ac.uk/efo/EFO_0001272"	"brain without olfactory bulb"		"Pdgfrb-GFP;NG2dsRed"		"Brain single cell 2362"	
"SRR5531792"	"Mus musculus"	"http://purl.obolibrary.org/obo/NCBITaxon_10090"	"C57BL/6"	"http://www.ebi.ac.uk/efo/EFO_0004472"	"12 to 15 week"		"adult"	"http://www.ebi.ac.uk/efo/EFO_0001272"	"brain without olfactory bulb"		"Pdgfrb-GFP;NG2dsRed"		"Brain single cell 2363"	
"SRR5531793"	"Mus musculus"	"http://purl.obolibrary.org/obo/NCBITaxon_10090"	"C57BL/6"	"http://www.ebi.ac.uk/efo/EFO_0004472"	"12 to 15 week"		"adult"	"http://www.ebi.ac.uk/efo/EFO_0001272"	"brain without olfactory bulb"		"Pdgfrb-GFP;NG2dsRed"		"Brain single cell 2364"	
"SRR5531794"	"Mus musculus"	"http://purl.obolibrary.org/obo/NCBITaxon_10090"	"C57BL/6"	"http://www.ebi.ac.uk/efo/EFO_0004472"	"12 to 15 week"		"adult"	"http://www.ebi.ac.uk/efo/EFO_0001272"	"brain without olfactory bulb"		"Pdgfrb-GFP;NG2dsRed"		"Brain single cell 2365"	
"SRR5531795"	"Mus musculus"	"http://purl.obolibrary.org/obo/NCBITaxon_10090"	"C57BL/6"	"http://www.ebi.ac.uk/efo/EFO_0004472"	"12 to 15 week"		"adult"	"http://www.ebi.ac.uk/efo/EFO_0001272"	"brain without olfactory bulb"		"Pdgfrb-GFP;NG2dsRed"		"Brain single cell 2366"	
"SRR5531796"	"Mus musculus"	"http://purl.obolibrary.org/obo/NCBITaxon_10090"	"C57BL/6"	"http://www.ebi.ac.uk/efo/EFO_0004472"	"12 to 15 week"		"adult"	"http://www.ebi.ac.uk/efo/EFO_0001272"	"brain without olfactory bulb"		"Pdgfrb-GFP;NG2dsRed"		"Brain single cell 2367"	
"SRR5531797"	"Mus musculus"	"http://purl.obolibrary.org/obo/NCBITaxon_10090"	"C57BL/6"	"http://www.ebi.ac.uk/efo/EFO_0004472"	"12 to 15 week"		"adult"	"http://www.ebi.ac.uk/efo/EFO_0001272"	"brain without olfactory bulb"		"Pdgfrb-GFP;NG2dsRed"		"Brain single cell 2368"	
"SRR5531798"	"Mus musculus"	"http://purl.obolibrary.org/obo/NCBITaxon_10090"	"C57BL/6"	"http://www.ebi.ac.uk/efo/EFO_0004472"	"12 to 15 week"		"adult"	"http://www.ebi.ac.uk/efo/EFO_0001272"	"brain without olfactory bulb"		"Pdgfrb-GFP;NG2dsRed"		"Brain single cell 2369"	
"SRR5531799"	"Mus musculus"	"http://purl.obolibrary.org/obo/NCBITaxon_10090"	"C57BL/6"	"http://www.ebi.ac.uk/efo/EFO_0004472"	"12 to 15 week"		"adult"	"http://www.ebi.ac.uk/efo/EFO_0001272"	"brain without olfactory bulb"		"Pdgfrb-GFP;NG2dsRed"		"Brain single cell 2370"	
"SRR5531800"	"Mus musculus"	"http://purl.obolibrary.org/obo/NCBITaxon_10090"	"C57BL/6"	"http://www.ebi.ac.uk/efo/EFO_0004472"	"12 to 15 week"		"adult"	"http://www.ebi.ac.uk/efo/EFO_0001272"	"brain without olfactory bulb"		"Pdgfrb-GFP;NG2dsRed"		"Brain single cell 2371"	
"SRR5531801"	"Mus musculus"	"http://purl.obolibrary.org/obo/NCBITaxon_10090"	"C57BL/6"	"http://www.ebi.ac.uk/efo/EFO_0004472"	"12 to 15 week"		"adult"	"http://www.ebi.ac.uk/efo/EFO_0001272"	"brain without olfactory bulb"		"Pdgfrb-GFP;NG2dsRed"		"Brain single cell 2372"	
"SRR5531802"	"Mus musculus"	"http://purl.obolibrary.org/obo/NCBITaxon_10090"	"C57BL/6"	"http://www.ebi.ac.uk/efo/EFO_0004472"	"12 to 15 week"		"adult"	"http://www.ebi.ac.uk/efo/EFO_0001272"	"brain without olfactory bulb"		"Pdgfrb-GFP;NG2dsRed"		"Brain single cell 2373"	
"SRR5531803"	"Mus musculus"	"http://purl.obolibrary.org/obo/NCBITaxon_10090"	"C57BL/6"	"http://www.ebi.ac.uk/efo/EFO_0004472"	"12 to 15 week"		"adult"	"http://www.ebi.ac.uk/efo/EFO_0001272"	"brain without olfactory bulb"		"Pdgfrb-GFP;NG2dsRed"		"Brain single cell 2374"	
"SRR5531804"	"Mus musculus"	"http://purl.obolibrary.org/obo/NCBITaxon_10090"	"C57BL/6"	"http://www.ebi.ac.uk/efo/EFO_0004472"	"12 to 15 week"		"adult"	"http://www.ebi.ac.uk/efo/EFO_0001272"	"brain without olfactory bulb"		"Pdgfrb-GFP;NG2dsRed"		"Brain single cell 2375"	
"SRR5531805"	"Mus musculus"	"http://purl.obolibrary.org/obo/NCBITaxon_10090"	"C57BL/6"	"http://www.ebi.ac.uk/efo/EFO_0004472"	"12 to 15 week"		"adult"	"http://www.ebi.ac.uk/efo/EFO_0001272"	"brain without olfactory bulb"		"Pdgfrb-GFP;NG2dsRed"		"Brain single cell 2376"	
"SRR5531806"	"Mus musculus"	"http://purl.obolibrary.org/obo/NCBITaxon_10090"	"C57BL/6"	"http://www.ebi.ac.uk/efo/EFO_0004472"	"12 to 15 week"		"adult"	"http://www.ebi.ac.uk/efo/EFO_0001272"	"brain without olfactory bulb"		"Pdgfrb-GFP;NG2dsRed"		"Brain single cell 2377"	
"SRR5531807"	"Mus musculus"	"http://purl.obolibrary.org/obo/NCBITaxon_10090"	"C57BL/6"	"http://www.ebi.ac.uk/efo/EFO_0004472"	"12 to 15 week"		"adult"	"http://www.ebi.ac.uk/efo/EFO_0001272"	"brain without olfactory bulb"		"Pdgfrb-GFP;NG2dsRed"		"Brain single cell 2378"	
"SRR5531808"	"Mus musculus"	"http://purl.obolibrary.org/obo/NCBITaxon_10090"	"C57BL/6"	"http://www.ebi.ac.uk/efo/EFO_0004472"	"12 to 15 week"		"adult"	"http://www.ebi.ac.uk/efo/EFO_0001272"	"brain without olfactory bulb"		"Pdgfrb-GFP;NG2dsRed"		"Brain single cell 2379"	
"SRR5531809"	"Mus musculus"	"http://purl.obolibrary.org/obo/NCBITaxon_10090"	"C57BL/6"	"http://www.ebi.ac.uk/efo/EFO_0004472"	"12 to 15 week"		"adult"	"http://www.ebi.ac.uk/efo/EFO_0001272"	"brain without olfactory bulb"		"Pdgfrb-GFP;NG2dsRed"		"Brain single cell 2380"	
"SRR5531810"	"Mus musculus"	"http://purl.obolibrary.org/obo/NCBITaxon_10090"	"C57BL/6"	"http://www.ebi.ac.uk/efo/EFO_0004472"	"12 to 15 week"		"adult"	"http://www.ebi.ac.uk/efo/EFO_0001272"	"brain without olfactory bulb"		"Pdgfrb-GFP;NG2dsRed"		"Brain single cell 2381"	
"SRR5531811"	"Mus musculus"	"http://purl.obolibrary.org/obo/NCBITaxon_10090"	"C57BL/6"	"http://www.ebi.ac.uk/efo/EFO_0004472"	"12 to 15 week"		"adult"	"http://www.ebi.ac.uk/efo/EFO_0001272"	"brain without olfactory bulb"		"Pdgfrb-GFP;NG2dsRed"		"Brain single cell 2382"	
"SRR5531812"	"Mus musculus"	"http://purl.obolibrary.org/obo/NCBITaxon_10090"	"C57BL/6"	"http://www.ebi.ac.uk/efo/EFO_0004472"	"12 to 15 week"		"adult"	"http://www.ebi.ac.uk/efo/EFO_0001272"	"brain without olfactory bulb"		"Pdgfrb-GFP;NG2dsRed"		"Brain single cell 2383"	
"SRR5531813"	"Mus musculus"	"http://purl.obolibrary.org/obo/NCBITaxon_10090"	"C57BL/6"	"http://www.ebi.ac.uk/efo/EFO_0004472"	"12 to 15 week"		"adult"	"http://www.ebi.ac.uk/efo/EFO_0001272"	"brain without olfactory bulb"		"Pdgfrb-GFP;NG2dsRed"		"Brain single cell 2384"	
"SRR5531814"	"Mus musculus"	"http://purl.obolibrary.org/obo/NCBITaxon_10090"	"C57BL/6"	"http://www.ebi.ac.uk/efo/EFO_0004472"	"12 to 15 week"		"adult"	"http://www.ebi.ac.uk/efo/EFO_0001272"	"brain without olfactory bulb"		"Pdgfrb-GFP;NG2dsRed"		"Brain single cell 2385"	
"SRR5531815"	"Mus musculus"	"http://purl.obolibrary.org/obo/NCBITaxon_10090"	"C57BL/6"	"http://www.ebi.ac.uk/efo/EFO_0004472"	"12 to 15 week"		"adult"	"http://www.ebi.ac.uk/efo/EFO_0001272"	"brain without olfactory bulb"		"Pdgfrb-GFP;NG2dsRed"		"Brain single cell 2386"	
"SRR5531816"	"Mus musculus"	"http://purl.obolibrary.org/obo/NCBITaxon_10090"	"C57BL/6"	"http://www.ebi.ac.uk/efo/EFO_0004472"	"12 to 15 week"		"adult"	"http://www.ebi.ac.uk/efo/EFO_0001272"	"brain without olfactory bulb"		"Pdgfrb-GFP;NG2dsRed"		"Brain single cell 2387"	
"SRR5531817"	"Mus musculus"	"http://purl.obolibrary.org/obo/NCBITaxon_10090"	"C57BL/6"	"http://www.ebi.ac.uk/efo/EFO_0004472"	"12 to 15 week"		"adult"	"http://www.ebi.ac.uk/efo/EFO_0001272"	"brain without olfactory bulb"		"Pdgfrb-GFP;NG2dsRed"		"Brain single cell 2388"	
"SRR5531818"	"Mus musculus"	"http://purl.obolibrary.org/obo/NCBITaxon_10090"	"C57BL/6"	"http://www.ebi.ac.uk/efo/EFO_0004472"	"12 to 15 week"		"adult"	"http://www.ebi.ac.uk/efo/EFO_0001272"	"brain without olfactory bulb"		"Pdgfrb-GFP;NG2dsRed"		"Brain single cell 2389"	
"SRR5531819"	"Mus musculus"	"http://purl.obolibrary.org/obo/NCBITaxon_10090"	"C57BL/6"	"http://www.ebi.ac.uk/efo/EFO_0004472"	"12 to 15 week"		"adult"	"http://www.ebi.ac.uk/efo/EFO_0001272"	"brain without olfactory bulb"		"Pdgfrb-GFP;NG2dsRed"		"Brain single cell 2390"	
"SRR5531820"	"Mus musculus"	"http://purl.obolibrary.org/obo/NCBITaxon_10090"	"C57BL/6"	"http://www.ebi.ac.uk/efo/EFO_0004472"	"12 to 15 week"		"adult"	"http://www.ebi.ac.uk/efo/EFO_0001272"	"brain without olfactory bulb"		"Pdgfrb-GFP;NG2dsRed"		"Brain single cell 2391"	
"SRR5531821"	"Mus musculus"	"http://purl.obolibrary.org/obo/NCBITaxon_10090"	"C57BL/6"	"http://www.ebi.ac.uk/efo/EFO_0004472"	"12 to 15 week"		"adult"	"http://www.ebi.ac.uk/efo/EFO_0001272"	"brain without olfactory bulb"		"Pdgfrb-GFP;NG2dsRed"		"Brain single cell 2392"	
"SRR5531822"	"Mus musculus"	"http://purl.obolibrary.org/obo/NCBITaxon_10090"	"C57BL/6"	"http://www.ebi.ac.uk/efo/EFO_0004472"	"12 to 15 week"		"adult"	"http://www.ebi.ac.uk/efo/EFO_0001272"	"brain without olfactory bulb"		"Pdgfrb-GFP;NG2dsRed"		"Brain single cell 2393"	
"SRR5531823"	"Mus musculus"	"http://purl.obolibrary.org/obo/NCBITaxon_10090"	"C57BL/6"	"http://www.ebi.ac.uk/efo/EFO_0004472"	"12 to 15 week"		"adult"	"http://www.ebi.ac.uk/efo/EFO_0001272"	"brain without olfactory bulb"		"Pdgfrb-GFP;NG2dsRed"		"Brain single cell 2394"	
"SRR5531824"	"Mus musculus"	"http://purl.obolibrary.org/obo/NCBITaxon_10090"	"C57BL/6"	"http://www.ebi.ac.uk/efo/EFO_0004472"	"12 to 15 week"		"adult"	"http://www.ebi.ac.uk/efo/EFO_0001272"	"brain without olfactory bulb"		"Pdgfrb-GFP;NG2dsRed"		"Brain single cell 2395"	
"SRR5531825"	"Mus musculus"	"http://purl.obolibrary.org/obo/NCBITaxon_10090"	"C57BL/6"	"http://www.ebi.ac.uk/efo/EFO_0004472"	"12 to 15 week"		"adult"	"http://www.ebi.ac.uk/efo/EFO_0001272"	"brain without olfactory bulb"		"Pdgfrb-GFP;NG2dsRed"		"Brain single cell 2396"	
"SRR5531826"	"Mus musculus"	"http://purl.obolibrary.org/obo/NCBITaxon_10090"	"C57BL/6"	"http://www.ebi.ac.uk/efo/EFO_0004472"	"12 to 15 week"		"adult"	"http://www.ebi.ac.uk/efo/EFO_0001272"	"brain without olfactory bulb"		"Pdgfrb-GFP;NG2dsRed"		"Brain single cell 2397"	
"SRR5531827"	"Mus musculus"	"http://purl.obolibrary.org/obo/NCBITaxon_10090"	"C57BL/6"	"http://www.ebi.ac.uk/efo/EFO_0004472"	"12 to 15 week"		"adult"	"http://www.ebi.ac.uk/efo/EFO_0001272"	"brain without olfactory bulb"		"Pdgfrb-GFP;NG2dsRed"		"Brain single cell 2398"	
"SRR5531828"	"Mus musculus"	"http://purl.obolibrary.org/obo/NCBITaxon_10090"	"C57BL/6"	"http://www.ebi.ac.uk/efo/EFO_0004472"	"12 to 15 week"		"adult"	"http://www.ebi.ac.uk/efo/EFO_0001272"	"brain without olfactory bulb"		"Pdgfrb-GFP;NG2dsRed"		"Brain single cell 2399"	
"SRR5531829"	"Mus musculus"	"http://purl.obolibrary.org/obo/NCBITaxon_10090"	"C57BL/6"	"http://www.ebi.ac.uk/efo/EFO_0004472"	"12 to 15 week"		"adult"	"http://www.ebi.ac.uk/efo/EFO_0001272"	"brain without olfactory bulb"		"Pdgfrb-GFP;NG2dsRed"		"Brain single cell 2400"	
"SRR5531830"	"Mus musculus"	"http://purl.obolibrary.org/obo/NCBITaxon_10090"	"C57BL/6"	"http://www.ebi.ac.uk/efo/EFO_0004472"	"12 to 15 week"		"adult"	"http://www.ebi.ac.uk/efo/EFO_0001272"	"brain without olfactory bulb"		"Pdgfrb-GFP;NG2dsRed"		"Brain single cell 2401"	
"SRR5531831"	"Mus musculus"	"http://purl.obolibrary.org/obo/NCBITaxon_10090"	"C57BL/6"	"http://www.ebi.ac.uk/efo/EFO_0004472"	"12 to 15 week"		"adult"	"http://www.ebi.ac.uk/efo/EFO_0001272"	"brain without olfactory bulb"		"Pdgfrb-GFP;NG2dsRed"		"Brain single cell 2402"	
"SRR5531832"	"Mus musculus"	"http://purl.obolibrary.org/obo/NCBITaxon_10090"	"C57BL/6"	"http://www.ebi.ac.uk/efo/EFO_0004472"	"12 to 15 week"		"adult"	"http://www.ebi.ac.uk/efo/EFO_0001272"	"brain without olfactory bulb"		"Pdgfrb-GFP;NG2dsRed"		"Brain single cell 2403"	
"SRR5531833"	"Mus musculus"	"http://purl.obolibrary.org/obo/NCBITaxon_10090"	"C57BL/6"	"http://www.ebi.ac.uk/efo/EFO_0004472"	"12 to 15 week"		"adult"	"http://www.ebi.ac.uk/efo/EFO_0001272"	"brain without olfactory bulb"		"Pdgfrb-GFP;NG2dsRed"		"Brain single cell 2404"	
"SRR5531834"	"Mus musculus"	"http://purl.obolibrary.org/obo/NCBITaxon_10090"	"C57BL/6"	"http://www.ebi.ac.uk/efo/EFO_0004472"	"12 to 15 week"		"adult"	"http://www.ebi.ac.uk/efo/EFO_0001272"	"brain without olfactory bulb"		"Pdgfrb-GFP;NG2dsRed"		"Brain single cell 2405"	
"SRR5531835"	"Mus musculus"	"http://purl.obolibrary.org/obo/NCBITaxon_10090"	"C57BL/6"	"http://www.ebi.ac.uk/efo/EFO_0004472"	"12 to 15 week"		"adult"	"http://www.ebi.ac.uk/efo/EFO_0001272"	"brain without olfactory bulb"		"Pdgfrb-GFP;NG2dsRed"		"Brain single cell 2406"	
"SRR5531836"	"Mus musculus"	"http://purl.obolibrary.org/obo/NCBITaxon_10090"	"C57BL/6"	"http://www.ebi.ac.uk/efo/EFO_0004472"	"12 to 15 week"		"adult"	"http://www.ebi.ac.uk/efo/EFO_0001272"	"brain without olfactory bulb"		"Pdgfrb-GFP;NG2dsRed"		"Brain single cell 2407"	
"SRR5531837"	"Mus musculus"	"http://purl.obolibrary.org/obo/NCBITaxon_10090"	"C57BL/6"	"http://www.ebi.ac.uk/efo/EFO_0004472"	"12 to 15 week"		"adult"	"http://www.ebi.ac.uk/efo/EFO_0001272"	"brain without olfactory bulb"		"Pdgfrb-GFP;NG2dsRed"		"Brain single cell 2408"	
"SRR5531838"	"Mus musculus"	"http://purl.obolibrary.org/obo/NCBITaxon_10090"	"C57BL/6"	"http://www.ebi.ac.uk/efo/EFO_0004472"	"12 to 15 week"		"adult"	"http://www.ebi.ac.uk/efo/EFO_0001272"	"brain without olfactory bulb"		"Pdgfrb-GFP;NG2dsRed"		"Brain single cell 2409"	
"SRR5531839"	"Mus musculus"	"http://purl.obolibrary.org/obo/NCBITaxon_10090"	"C57BL/6"	"http://www.ebi.ac.uk/efo/EFO_0004472"	"12 to 15 week"		"adult"	"http://www.ebi.ac.uk/efo/EFO_0001272"	"brain without olfactory bulb"		"Pdgfrb-GFP;NG2dsRed"		"Brain single cell 2410"	
"SRR5531840"	"Mus musculus"	"http://purl.obolibrary.org/obo/NCBITaxon_10090"	"C57BL/6"	"http://www.ebi.ac.uk/efo/EFO_0004472"	"12 to 15 week"		"adult"	"http://www.ebi.ac.uk/efo/EFO_0001272"	"brain without olfactory bulb"		"Pdgfrb-GFP;NG2dsRed"		"Brain single cell 2411"	
"SRR5531841"	"Mus musculus"	"http://purl.obolibrary.org/obo/NCBITaxon_10090"	"C57BL/6"	"http://www.ebi.ac.uk/efo/EFO_0004472"	"12 to 15 week"		"adult"	"http://www.ebi.ac.uk/efo/EFO_0001272"	"brain without olfactory bulb"		"Pdgfrb-GFP;NG2dsRed"		"Brain single cell 2412"	
"SRR5531842"	"Mus musculus"	"http://purl.obolibrary.org/obo/NCBITaxon_10090"	"C57BL/6"	"http://www.ebi.ac.uk/efo/EFO_0004472"	"12 to 15 week"		"adult"	"http://www.ebi.ac.uk/efo/EFO_0001272"	"brain without olfactory bulb"		"Pdgfrb-GFP;NG2dsRed"		"Brain single cell 2413"	
"SRR5531843"	"Mus musculus"	"http://purl.obolibrary.org/obo/NCBITaxon_10090"	"C57BL/6"	"http://www.ebi.ac.uk/efo/EFO_0004472"	"12 to 15 week"		"adult"	"http://www.ebi.ac.uk/efo/EFO_0001272"	"brain without olfactory bulb"		"Pdgfrb-GFP;NG2dsRed"		"Brain single cell 2414"	
"SRR5531844"	"Mus musculus"	"http://purl.obolibrary.org/obo/NCBITaxon_10090"	"C57BL/6"	"http://www.ebi.ac.uk/efo/EFO_0004472"	"12 to 15 week"		"adult"	"http://www.ebi.ac.uk/efo/EFO_0001272"	"brain without olfactory bulb"		"Pdgfrb-GFP;NG2dsRed"		"Brain single cell 2415"	
"SRR5531845"	"Mus musculus"	"http://purl.obolibrary.org/obo/NCBITaxon_10090"	"C57BL/6"	"http://www.ebi.ac.uk/efo/EFO_0004472"	"12 to 15 week"		"adult"	"http://www.ebi.ac.uk/efo/EFO_0001272"	"brain without olfactory bulb"		"Pdgfrb-GFP;NG2dsRed"		"Brain single cell 2416"	
"SRR5531846"	"Mus musculus"	"http://purl.obolibrary.org/obo/NCBITaxon_10090"	"C57BL/6"	"http://www.ebi.ac.uk/efo/EFO_0004472"	"12 to 15 week"		"adult"	"http://www.ebi.ac.uk/efo/EFO_0001272"	"brain without olfactory bulb"		"Pdgfrb-GFP;NG2dsRed"		"Brain single cell 2417"	
"SRR5531847"	"Mus musculus"	"http://purl.obolibrary.org/obo/NCBITaxon_10090"	"C57BL/6"	"http://www.ebi.ac.uk/efo/EFO_0004472"	"12 to 15 week"		"adult"	"http://www.ebi.ac.uk/efo/EFO_0001272"	"brain without olfactory bulb"		"Pdgfrb-GFP;NG2dsRed"		"Brain single cell 2418"	
"SRR5531848"	"Mus musculus"	"http://purl.obolibrary.org/obo/NCBITaxon_10090"	"C57BL/6"	"http://www.ebi.ac.uk/efo/EFO_0004472"	"12 to 15 week"		"adult"	"http://www.ebi.ac.uk/efo/EFO_0001272"	"brain without olfactory bulb"		"Pdgfrb-GFP;NG2dsRed"		"Brain single cell 2419"	
"SRR5531849"	"Mus musculus"	"http://purl.obolibrary.org/obo/NCBITaxon_10090"	"C57BL/6"	"http://www.ebi.ac.uk/efo/EFO_0004472"	"12 to 15 week"		"adult"	"http://www.ebi.ac.uk/efo/EFO_0001272"	"brain without olfactory bulb"		"Pdgfrb-GFP;NG2dsRed"		"Brain single cell 2420"	
"SRR5531850"	"Mus musculus"	"http://purl.obolibrary.org/obo/NCBITaxon_10090"	"C57BL/6"	"http://www.ebi.ac.uk/efo/EFO_0004472"	"12 to 15 week"		"adult"	"http://www.ebi.ac.uk/efo/EFO_0001272"	"brain without olfactory bulb"		"Pdgfrb-GFP;NG2dsRed"		"Brain single cell 2421"	
"SRR5531851"	"Mus musculus"	"http://purl.obolibrary.org/obo/NCBITaxon_10090"	"C57BL/6"	"http://www.ebi.ac.uk/efo/EFO_0004472"	"12 to 15 week"		"adult"	"http://www.ebi.ac.uk/efo/EFO_0001272"	"brain without olfactory bulb"		"Pdgfrb-GFP;NG2dsRed"		"Brain single cell 2422"	
"SRR5531852"	"Mus musculus"	"http://purl.obolibrary.org/obo/NCBITaxon_10090"	"C57BL/6"	"http://www.ebi.ac.uk/efo/EFO_0004472"	"12 to 15 week"		"adult"	"http://www.ebi.ac.uk/efo/EFO_0001272"	"brain without olfactory bulb"		"Pdgfrb-GFP;NG2dsRed"		"Brain single cell 2423"	
"SRR5531853"	"Mus musculus"	"http://purl.obolibrary.org/obo/NCBITaxon_10090"	"C57BL/6"	"http://www.ebi.ac.uk/efo/EFO_0004472"	"12 to 15 week"		"adult"	"http://www.ebi.ac.uk/efo/EFO_0001272"	"brain without olfactory bulb"		"Pdgfrb-GFP;NG2dsRed"		"Brain single cell 2424"	
"SRR5531854"	"Mus musculus"	"http://purl.obolibrary.org/obo/NCBITaxon_10090"	"C57BL/6"	"http://www.ebi.ac.uk/efo/EFO_0004472"	"12 to 15 week"		"adult"	"http://www.ebi.ac.uk/efo/EFO_0001272"	"brain without olfactory bulb"		"Pdgfrb-GFP;NG2dsRed"		"Brain single cell 2425"	
"SRR5531855"	"Mus musculus"	"http://purl.obolibrary.org/obo/NCBITaxon_10090"	"C57BL/6"	"http://www.ebi.ac.uk/efo/EFO_0004472"	"12 to 15 week"		"adult"	"http://www.ebi.ac.uk/efo/EFO_0001272"	"brain without olfactory bulb"		"Pdgfrb-GFP;NG2dsRed"		"Brain single cell 2426"	
"SRR5531856"	"Mus musculus"	"http://purl.obolibrary.org/obo/NCBITaxon_10090"	"C57BL/6"	"http://www.ebi.ac.uk/efo/EFO_0004472"	"12 to 15 week"		"adult"	"http://www.ebi.ac.uk/efo/EFO_0001272"	"brain without olfactory bulb"		"Pdgfrb-GFP;NG2dsRed"		"Brain single cell 2427"	
"SRR5531857"	"Mus musculus"	"http://purl.obolibrary.org/obo/NCBITaxon_10090"	"C57BL/6"	"http://www.ebi.ac.uk/efo/EFO_0004472"	"12 to 15 week"		"adult"	"http://www.ebi.ac.uk/efo/EFO_0001272"	"brain without olfactory bulb"		"Pdgfrb-GFP;NG2dsRed"		"Brain single cell 2428"	
"SRR5531858"	"Mus musculus"	"http://purl.obolibrary.org/obo/NCBITaxon_10090"	"C57BL/6"	"http://www.ebi.ac.uk/efo/EFO_0004472"	"12 to 15 week"		"adult"	"http://www.ebi.ac.uk/efo/EFO_0001272"	"brain without olfactory bulb"		"Pdgfrb-GFP;NG2dsRed"		"Brain single cell 2429"	
"SRR5531859"	"Mus musculus"	"http://purl.obolibrary.org/obo/NCBITaxon_10090"	"C57BL/6"	"http://www.ebi.ac.uk/efo/EFO_0004472"	"12 to 15 week"		"adult"	"http://www.ebi.ac.uk/efo/EFO_0001272"	"brain without olfactory bulb"		"Pdgfrb-GFP;NG2dsRed"		"Brain single cell 2430"	
"SRR5531860"	"Mus musculus"	"http://purl.obolibrary.org/obo/NCBITaxon_10090"	"C57BL/6"	"http://www.ebi.ac.uk/efo/EFO_0004472"	"12 to 15 week"		"adult"	"http://www.ebi.ac.uk/efo/EFO_0001272"	"brain without olfactory bulb"		"Pdgfrb-GFP;NG2dsRed"		"Brain single cell 2431"	
"SRR5531861"	"Mus musculus"	"http://purl.obolibrary.org/obo/NCBITaxon_10090"	"C57BL/6"	"http://www.ebi.ac.uk/efo/EFO_0004472"	"12 to 15 week"		"adult"	"http://www.ebi.ac.uk/efo/EFO_0001272"	"brain without olfactory bulb"		"Pdgfrb-GFP;NG2dsRed"		"Brain single cell 2432"	
"SRR5531862"	"Mus musculus"	"http://purl.obolibrary.org/obo/NCBITaxon_10090"	"C57BL/6"	"http://www.ebi.ac.uk/efo/EFO_0004472"	"12 to 15 week"		"adult"	"http://www.ebi.ac.uk/efo/EFO_0001272"	"brain without olfactory bulb"		"Pdgfrb-GFP;NG2dsRed"		"Brain single cell 2433"	
"SRR5531863"	"Mus musculus"	"http://purl.obolibrary.org/obo/NCBITaxon_10090"	"C57BL/6"	"http://www.ebi.ac.uk/efo/EFO_0004472"	"12 to 15 week"		"adult"	"http://www.ebi.ac.uk/efo/EFO_0001272"	"brain without olfactory bulb"		"Pdgfrb-GFP;NG2dsRed"		"Brain single cell 2434"	
"SRR5531864"	"Mus musculus"	"http://purl.obolibrary.org/obo/NCBITaxon_10090"	"C57BL/6"	"http://www.ebi.ac.uk/efo/EFO_0004472"	"12 to 15 week"		"adult"	"http://www.ebi.ac.uk/efo/EFO_0001272"	"brain without olfactory bulb"		"Pdgfrb-GFP;NG2dsRed"		"Brain single cell 2435"	
"SRR5531865"	"Mus musculus"	"http://purl.obolibrary.org/obo/NCBITaxon_10090"	"C57BL/6"	"http://www.ebi.ac.uk/efo/EFO_0004472"	"12 to 15 week"		"adult"	"http://www.ebi.ac.uk/efo/EFO_0001272"	"brain without olfactory bulb"		"Pdgfrb-GFP;NG2dsRed"		"Brain single cell 2436"	
"SRR5531866"	"Mus musculus"	"http://purl.obolibrary.org/obo/NCBITaxon_10090"	"C57BL/6"	"http://www.ebi.ac.uk/efo/EFO_0004472"	"12 to 15 week"		"adult"	"http://www.ebi.ac.uk/efo/EFO_0001272"	"brain without olfactory bulb"		"Pdgfrb-GFP;NG2dsRed"		"Brain single cell 2437"	
"SRR5531867"	"Mus musculus"	"http://purl.obolibrary.org/obo/NCBITaxon_10090"	"C57BL/6"	"http://www.ebi.ac.uk/efo/EFO_0004472"	"12 to 15 week"		"adult"	"http://www.ebi.ac.uk/efo/EFO_0001272"	"brain without olfactory bulb"		"Pdgfrb-GFP;NG2dsRed"		"Brain single cell 2438"	
"SRR5531868"	"Mus musculus"	"http://purl.obolibrary.org/obo/NCBITaxon_10090"	"C57BL/6"	"http://www.ebi.ac.uk/efo/EFO_0004472"	"12 to 15 week"		"adult"	"http://www.ebi.ac.uk/efo/EFO_0001272"	"brain without olfactory bulb"		"Pdgfrb-GFP;NG2dsRed"		"Brain single cell 2439"	
"SRR5531869"	"Mus musculus"	"http://purl.obolibrary.org/obo/NCBITaxon_10090"	"C57BL/6"	"http://www.ebi.ac.uk/efo/EFO_0004472"	"12 to 15 week"		"adult"	"http://www.ebi.ac.uk/efo/EFO_0001272"	"brain without olfactory bulb"		"Pdgfrb-GFP;NG2dsRed"		"Brain single cell 2440"	
"SRR5531870"	"Mus musculus"	"http://purl.obolibrary.org/obo/NCBITaxon_10090"	"C57BL/6"	"http://www.ebi.ac.uk/efo/EFO_0004472"	"12 to 15 week"		"adult"	"http://www.ebi.ac.uk/efo/EFO_0001272"	"brain without olfactory bulb"		"Pdgfrb-GFP;NG2dsRed"		"Brain single cell 2441"	
"SRR5531871"	"Mus musculus"	"http://purl.obolibrary.org/obo/NCBITaxon_10090"	"C57BL/6"	"http://www.ebi.ac.uk/efo/EFO_0004472"	"12 to 15 week"		"adult"	"http://www.ebi.ac.uk/efo/EFO_0001272"	"brain without olfactory bulb"		"Pdgfrb-GFP;NG2dsRed"		"Brain single cell 2442"	
"SRR5531872"	"Mus musculus"	"http://purl.obolibrary.org/obo/NCBITaxon_10090"	"C57BL/6"	"http://www.ebi.ac.uk/efo/EFO_0004472"	"12 to 15 week"		"adult"	"http://www.ebi.ac.uk/efo/EFO_0001272"	"brain without olfactory bulb"		"Pdgfrb-GFP;NG2dsRed"		"Brain single cell 2443"	
"SRR5531873"	"Mus musculus"	"http://purl.obolibrary.org/obo/NCBITaxon_10090"	"C57BL/6"	"http://www.ebi.ac.uk/efo/EFO_0004472"	"12 to 15 week"		"adult"	"http://www.ebi.ac.uk/efo/EFO_0001272"	"brain without olfactory bulb"		"Pdgfrb-GFP;NG2dsRed"		"Brain single cell 2444"	
"SRR5531874"	"Mus musculus"	"http://purl.obolibrary.org/obo/NCBITaxon_10090"	"C57BL/6"	"http://www.ebi.ac.uk/efo/EFO_0004472"	"12 to 15 week"		"adult"	"http://www.ebi.ac.uk/efo/EFO_0001272"	"brain without olfactory bulb"		"Pdgfrb-GFP;NG2dsRed"		"Brain single cell 2445"	
"SRR5531875"	"Mus musculus"	"http://purl.obolibrary.org/obo/NCBITaxon_10090"	"C57BL/6"	"http://www.ebi.ac.uk/efo/EFO_0004472"	"12 to 15 week"		"adult"	"http://www.ebi.ac.uk/efo/EFO_0001272"	"brain without olfactory bulb"		"Pdgfrb-GFP;NG2dsRed"		"Brain single cell 2446"	
"SRR5531876"	"Mus musculus"	"http://purl.obolibrary.org/obo/NCBITaxon_10090"	"C57BL/6"	"http://www.ebi.ac.uk/efo/EFO_0004472"	"12 to 15 week"		"adult"	"http://www.ebi.ac.uk/efo/EFO_0001272"	"brain without olfactory bulb"		"Pdgfrb-GFP;NG2dsRed"		"Brain single cell 2447"	
"SRR5531877"	"Mus musculus"	"http://purl.obolibrary.org/obo/NCBITaxon_10090"	"C57BL/6"	"http://www.ebi.ac.uk/efo/EFO_0004472"	"12 to 15 week"		"adult"	"http://www.ebi.ac.uk/efo/EFO_0001272"	"brain without olfactory bulb"		"Pdgfrb-GFP;NG2dsRed"		"Brain single cell 2448"	
"SRR5531878"	"Mus musculus"	"http://purl.obolibrary.org/obo/NCBITaxon_10090"	"C57BL/6"	"http://www.ebi.ac.uk/efo/EFO_0004472"	"12 to 15 week"		"adult"	"http://www.ebi.ac.uk/efo/EFO_0001272"	"brain without olfactory bulb"		"Pdgfrb-GFP;NG2dsRed"		"Brain single cell 2449"	
"SRR5531879"	"Mus musculus"	"http://purl.obolibrary.org/obo/NCBITaxon_10090"	"C57BL/6"	"http://www.ebi.ac.uk/efo/EFO_0004472"	"12 to 15 week"		"adult"	"http://www.ebi.ac.uk/efo/EFO_0001272"	"brain without olfactory bulb"		"Pdgfrb-GFP;NG2dsRed"		"Brain single cell 2450"	
"SRR5531880"	"Mus musculus"	"http://purl.obolibrary.org/obo/NCBITaxon_10090"	"C57BL/6"	"http://www.ebi.ac.uk/efo/EFO_0004472"	"12 to 15 week"		"adult"	"http://www.ebi.ac.uk/efo/EFO_0001272"	"brain without olfactory bulb"		"Pdgfrb-GFP;NG2dsRed"		"Brain single cell 2451"	
"SRR5531881"	"Mus musculus"	"http://purl.obolibrary.org/obo/NCBITaxon_10090"	"C57BL/6"	"http://www.ebi.ac.uk/efo/EFO_0004472"	"12 to 15 week"		"adult"	"http://www.ebi.ac.uk/efo/EFO_0001272"	"brain without olfactory bulb"		"Pdgfrb-GFP;NG2dsRed"		"Brain single cell 2452"	
"SRR5531882"	"Mus musculus"	"http://purl.obolibrary.org/obo/NCBITaxon_10090"	"C57BL/6"	"http://www.ebi.ac.uk/efo/EFO_0004472"	"12 to 15 week"		"adult"	"http://www.ebi.ac.uk/efo/EFO_0001272"	"brain without olfactory bulb"		"Pdgfrb-GFP;NG2dsRed"		"Brain single cell 2453"	
"SRR5531883"	"Mus musculus"	"http://purl.obolibrary.org/obo/NCBITaxon_10090"	"C57BL/6"	"http://www.ebi.ac.uk/efo/EFO_0004472"	"12 to 15 week"		"adult"	"http://www.ebi.ac.uk/efo/EFO_0001272"	"brain without olfactory bulb"		"Pdgfrb-GFP;NG2dsRed"		"Brain single cell 2454"	
"SRR5531884"	"Mus musculus"	"http://purl.obolibrary.org/obo/NCBITaxon_10090"	"C57BL/6"	"http://www.ebi.ac.uk/efo/EFO_0004472"	"12 to 15 week"		"adult"	"http://www.ebi.ac.uk/efo/EFO_0001272"	"brain without olfactory bulb"		"Pdgfrb-GFP;NG2dsRed"		"Brain single cell 2455"	
"SRR5531885"	"Mus musculus"	"http://purl.obolibrary.org/obo/NCBITaxon_10090"	"C57BL/6"	"http://www.ebi.ac.uk/efo/EFO_0004472"	"12 to 15 week"		"adult"	"http://www.ebi.ac.uk/efo/EFO_0001272"	"brain without olfactory bulb"		"Pdgfrb-GFP;NG2dsRed"		"Brain single cell 2456"	
"SRR5531886"	"Mus musculus"	"http://purl.obolibrary.org/obo/NCBITaxon_10090"	"C57BL/6"	"http://www.ebi.ac.uk/efo/EFO_0004472"	"12 to 15 week"		"adult"	"http://www.ebi.ac.uk/efo/EFO_0001272"	"brain without olfactory bulb"		"Pdgfrb-GFP;NG2dsRed"		"Brain single cell 2457"	
"SRR5531887"	"Mus musculus"	"http://purl.obolibrary.org/obo/NCBITaxon_10090"	"C57BL/6"	"http://www.ebi.ac.uk/efo/EFO_0004472"	"12 to 15 week"		"adult"	"http://www.ebi.ac.uk/efo/EFO_0001272"	"brain without olfactory bulb"		"Pdgfrb-GFP;NG2dsRed"		"Brain single cell 2458"	
"SRR5531888"	"Mus musculus"	"http://purl.obolibrary.org/obo/NCBITaxon_10090"	"C57BL/6"	"http://www.ebi.ac.uk/efo/EFO_0004472"	"12 to 15 week"		"adult"	"http://www.ebi.ac.uk/efo/EFO_0001272"	"brain without olfactory bulb"		"Pdgfrb-GFP;NG2dsRed"		"Brain single cell 2459"	
"SRR5531889"	"Mus musculus"	"http://purl.obolibrary.org/obo/NCBITaxon_10090"	"C57BL/6"	"http://www.ebi.ac.uk/efo/EFO_0004472"	"12 to 15 week"		"adult"	"http://www.ebi.ac.uk/efo/EFO_0001272"	"brain without olfactory bulb"		"Pdgfrb-GFP;NG2dsRed"		"Brain single cell 2460"	
"SRR5531890"	"Mus musculus"	"http://purl.obolibrary.org/obo/NCBITaxon_10090"	"C57BL/6"	"http://www.ebi.ac.uk/efo/EFO_0004472"	"12 to 15 week"		"adult"	"http://www.ebi.ac.uk/efo/EFO_0001272"	"brain without olfactory bulb"		"Pdgfrb-GFP;NG2dsRed"		"Brain single cell 2461"	
"SRR5531891"	"Mus musculus"	"http://purl.obolibrary.org/obo/NCBITaxon_10090"	"C57BL/6"	"http://www.ebi.ac.uk/efo/EFO_0004472"	"12 to 15 week"		"adult"	"http://www.ebi.ac.uk/efo/EFO_0001272"	"brain without olfactory bulb"		"Pdgfrb-GFP;NG2dsRed"		"Brain single cell 2462"	
"SRR5531892"	"Mus musculus"	"http://purl.obolibrary.org/obo/NCBITaxon_10090"	"C57BL/6"	"http://www.ebi.ac.uk/efo/EFO_0004472"	"12 to 15 week"		"adult"	"http://www.ebi.ac.uk/efo/EFO_0001272"	"brain without olfactory bulb"		"Pdgfrb-GFP;NG2dsRed"		"Brain single cell 2463"	
"SRR5531893"	"Mus musculus"	"http://purl.obolibrary.org/obo/NCBITaxon_10090"	"C57BL/6"	"http://www.ebi.ac.uk/efo/EFO_0004472"	"12 to 15 week"		"adult"	"http://www.ebi.ac.uk/efo/EFO_0001272"	"brain without olfactory bulb"		"Pdgfrb-GFP;NG2dsRed"		"Brain single cell 2464"	
"SRR5531894"	"Mus musculus"	"http://purl.obolibrary.org/obo/NCBITaxon_10090"	"C57BL/6"	"http://www.ebi.ac.uk/efo/EFO_0004472"	"12 to 15 week"		"adult"	"http://www.ebi.ac.uk/efo/EFO_0001272"	"brain without olfactory bulb"		"Pdgfrb-GFP;NG2dsRed"		"Brain single cell 2465"	
"SRR5531895"	"Mus musculus"	"http://purl.obolibrary.org/obo/NCBITaxon_10090"	"C57BL/6"	"http://www.ebi.ac.uk/efo/EFO_0004472"	"12 to 15 week"		"adult"	"http://www.ebi.ac.uk/efo/EFO_0001272"	"brain without olfactory bulb"		"Pdgfrb-GFP;NG2dsRed"		"Brain single cell 2466"	
"SRR5531896"	"Mus musculus"	"http://purl.obolibrary.org/obo/NCBITaxon_10090"	"C57BL/6"	"http://www.ebi.ac.uk/efo/EFO_0004472"	"12 to 15 week"		"adult"	"http://www.ebi.ac.uk/efo/EFO_0001272"	"brain without olfactory bulb"		"Pdgfrb-GFP;NG2dsRed"		"Brain single cell 2467"	
"SRR5531897"	"Mus musculus"	"http://purl.obolibrary.org/obo/NCBITaxon_10090"	"C57BL/6"	"http://www.ebi.ac.uk/efo/EFO_0004472"	"12 to 15 week"		"adult"	"http://www.ebi.ac.uk/efo/EFO_0001272"	"brain without olfactory bulb"		"Pdgfrb-GFP;NG2dsRed"		"Brain single cell 2468"	
"SRR5531898"	"Mus musculus"	"http://purl.obolibrary.org/obo/NCBITaxon_10090"	"C57BL/6"	"http://www.ebi.ac.uk/efo/EFO_0004472"	"12 to 15 week"		"adult"	"http://www.ebi.ac.uk/efo/EFO_0001272"	"brain without olfactory bulb"		"Pdgfrb-GFP;NG2dsRed"		"Brain single cell 2469"	
"SRR5531899"	"Mus musculus"	"http://purl.obolibrary.org/obo/NCBITaxon_10090"	"C57BL/6"	"http://www.ebi.ac.uk/efo/EFO_0004472"	"12 to 15 week"		"adult"	"http://www.ebi.ac.uk/efo/EFO_0001272"	"brain without olfactory bulb"		"Pdgfrb-GFP;NG2dsRed"		"Brain single cell 2470"	
"SRR5531900"	"Mus musculus"	"http://purl.obolibrary.org/obo/NCBITaxon_10090"	"C57BL/6"	"http://www.ebi.ac.uk/efo/EFO_0004472"	"12 to 15 week"		"adult"	"http://www.ebi.ac.uk/efo/EFO_0001272"	"brain without olfactory bulb"		"Pdgfrb-GFP;NG2dsRed"		"Brain single cell 2471"	
"SRR5531901"	"Mus musculus"	"http://purl.obolibrary.org/obo/NCBITaxon_10090"	"C57BL/6"	"http://www.ebi.ac.uk/efo/EFO_0004472"	"12 to 15 week"		"adult"	"http://www.ebi.ac.uk/efo/EFO_0001272"	"brain without olfactory bulb"		"Pdgfrb-GFP;NG2dsRed"		"Brain single cell 2472"	
"SRR5531902"	"Mus musculus"	"http://purl.obolibrary.org/obo/NCBITaxon_10090"	"C57BL/6"	"http://www.ebi.ac.uk/efo/EFO_0004472"	"12 to 15 week"		"adult"	"http://www.ebi.ac.uk/efo/EFO_0001272"	"brain without olfactory bulb"		"Pdgfrb-GFP;NG2dsRed"		"Brain single cell 2473"	
"SRR5531903"	"Mus musculus"	"http://purl.obolibrary.org/obo/NCBITaxon_10090"	"C57BL/6"	"http://www.ebi.ac.uk/efo/EFO_0004472"	"12 to 15 week"		"adult"	"http://www.ebi.ac.uk/efo/EFO_0001272"	"brain without olfactory bulb"		"Pdgfrb-GFP;NG2dsRed"		"Brain single cell 2474"	
"SRR5531904"	"Mus musculus"	"http://purl.obolibrary.org/obo/NCBITaxon_10090"	"C57BL/6"	"http://www.ebi.ac.uk/efo/EFO_0004472"	"12 to 15 week"		"adult"	"http://www.ebi.ac.uk/efo/EFO_0001272"	"brain without olfactory bulb"		"Pdgfrb-GFP;NG2dsRed"		"Brain single cell 2475"	
"SRR5531905"	"Mus musculus"	"http://purl.obolibrary.org/obo/NCBITaxon_10090"	"C57BL/6"	"http://www.ebi.ac.uk/efo/EFO_0004472"	"12 to 15 week"		"adult"	"http://www.ebi.ac.uk/efo/EFO_0001272"	"brain without olfactory bulb"		"Pdgfrb-GFP;NG2dsRed"		"Brain single cell 2476"	
"SRR5531906"	"Mus musculus"	"http://purl.obolibrary.org/obo/NCBITaxon_10090"	"C57BL/6"	"http://www.ebi.ac.uk/efo/EFO_0004472"	"12 to 15 week"		"adult"	"http://www.ebi.ac.uk/efo/EFO_0001272"	"brain without olfactory bulb"		"Pdgfrb-GFP;NG2dsRed"		"Brain single cell 2477"	
"SRR5531907"	"Mus musculus"	"http://purl.obolibrary.org/obo/NCBITaxon_10090"	"C57BL/6"	"http://www.ebi.ac.uk/efo/EFO_0004472"	"12 to 15 week"		"adult"	"http://www.ebi.ac.uk/efo/EFO_0001272"	"brain without olfactory bulb"		"Pdgfrb-GFP;NG2dsRed"		"Brain single cell 2478"	
"SRR5531908"	"Mus musculus"	"http://purl.obolibrary.org/obo/NCBITaxon_10090"	"C57BL/6"	"http://www.ebi.ac.uk/efo/EFO_0004472"	"12 to 15 week"		"adult"	"http://www.ebi.ac.uk/efo/EFO_0001272"	"brain without olfactory bulb"		"Pdgfrb-GFP;NG2dsRed"		"Brain single cell 2479"	
"SRR5531909"	"Mus musculus"	"http://purl.obolibrary.org/obo/NCBITaxon_10090"	"C57BL/6"	"http://www.ebi.ac.uk/efo/EFO_0004472"	"12 to 15 week"		"adult"	"http://www.ebi.ac.uk/efo/EFO_0001272"	"brain without olfactory bulb"		"Pdgfrb-GFP;NG2dsRed"		"Brain single cell 2480"	
"SRR5531910"	"Mus musculus"	"http://purl.obolibrary.org/obo/NCBITaxon_10090"	"C57BL/6"	"http://www.ebi.ac.uk/efo/EFO_0004472"	"12 to 15 week"		"adult"	"http://www.ebi.ac.uk/efo/EFO_0001272"	"brain without olfactory bulb"		"Pdgfrb-GFP;NG2dsRed"		"Brain single cell 2481"	
"SRR5531911"	"Mus musculus"	"http://purl.obolibrary.org/obo/NCBITaxon_10090"	"C57BL/6"	"http://www.ebi.ac.uk/efo/EFO_0004472"	"12 to 15 week"		"adult"	"http://www.ebi.ac.uk/efo/EFO_0001272"	"brain without olfactory bulb"		"Pdgfrb-GFP;NG2dsRed"		"Brain single cell 2482"	
"SRR5531912"	"Mus musculus"	"http://purl.obolibrary.org/obo/NCBITaxon_10090"	"C57BL/6"	"http://www.ebi.ac.uk/efo/EFO_0004472"	"12 to 15 week"		"adult"	"http://www.ebi.ac.uk/efo/EFO_0001272"	"brain without olfactory bulb"		"Pdgfrb-GFP;NG2dsRed"		"Brain single cell 2483"	
"SRR5531913"	"Mus musculus"	"http://purl.obolibrary.org/obo/NCBITaxon_10090"	"C57BL/6"	"http://www.ebi.ac.uk/efo/EFO_0004472"	"12 to 15 week"		"adult"	"http://www.ebi.ac.uk/efo/EFO_0001272"	"brain without olfactory bulb"		"Pdgfrb-GFP;NG2dsRed"		"Brain single cell 2484"	
"SRR5531914"	"Mus musculus"	"http://purl.obolibrary.org/obo/NCBITaxon_10090"	"C57BL/6"	"http://www.ebi.ac.uk/efo/EFO_0004472"	"12 to 15 week"		"adult"	"http://www.ebi.ac.uk/efo/EFO_0001272"	"brain without olfactory bulb"		"Pdgfrb-GFP;NG2dsRed"		"Brain single cell 2485"	
"SRR5531915"	"Mus musculus"	"http://purl.obolibrary.org/obo/NCBITaxon_10090"	"C57BL/6"	"http://www.ebi.ac.uk/efo/EFO_0004472"	"12 to 15 week"		"adult"	"http://www.ebi.ac.uk/efo/EFO_0001272"	"brain without olfactory bulb"		"Pdgfrb-GFP;NG2dsRed"		"Brain single cell 2486"	
"SRR5531916"	"Mus musculus"	"http://purl.obolibrary.org/obo/NCBITaxon_10090"	"C57BL/6"	"http://www.ebi.ac.uk/efo/EFO_0004472"	"12 to 15 week"		"adult"	"http://www.ebi.ac.uk/efo/EFO_0001272"	"brain without olfactory bulb"		"Pdgfrb-GFP;NG2dsRed"		"Brain single cell 2487"	
"SRR5531917"	"Mus musculus"	"http://purl.obolibrary.org/obo/NCBITaxon_10090"	"C57BL/6"	"http://www.ebi.ac.uk/efo/EFO_0004472"	"12 to 15 week"		"adult"	"http://www.ebi.ac.uk/efo/EFO_0001272"	"brain without olfactory bulb"		"Pdgfrb-GFP;NG2dsRed"		"Brain single cell 2488"	
"SRR5531918"	"Mus musculus"	"http://purl.obolibrary.org/obo/NCBITaxon_10090"	"C57BL/6"	"http://www.ebi.ac.uk/efo/EFO_0004472"	"12 to 15 week"		"adult"	"http://www.ebi.ac.uk/efo/EFO_0001272"	"brain without olfactory bulb"		"Pdgfrb-GFP;NG2dsRed"		"Brain single cell 2489"	
"SRR5531919"	"Mus musculus"	"http://purl.obolibrary.org/obo/NCBITaxon_10090"	"C57BL/6"	"http://www.ebi.ac.uk/efo/EFO_0004472"	"12 to 15 week"		"adult"	"http://www.ebi.ac.uk/efo/EFO_0001272"	"brain without olfactory bulb"		"Pdgfrb-GFP;NG2dsRed"		"Brain single cell 2490"	
"SRR5531920"	"Mus musculus"	"http://purl.obolibrary.org/obo/NCBITaxon_10090"	"C57BL/6"	"http://www.ebi.ac.uk/efo/EFO_0004472"	"12 to 15 week"		"adult"	"http://www.ebi.ac.uk/efo/EFO_0001272"	"brain without olfactory bulb"		"Pdgfrb-GFP;NG2dsRed"		"Brain single cell 2491"	
"SRR5531921"	"Mus musculus"	"http://purl.obolibrary.org/obo/NCBITaxon_10090"	"C57BL/6"	"http://www.ebi.ac.uk/efo/EFO_0004472"	"12 to 15 week"		"adult"	"http://www.ebi.ac.uk/efo/EFO_0001272"	"brain without olfactory bulb"		"Pdgfrb-GFP;NG2dsRed"		"Brain single cell 2492"	
"SRR5531922"	"Mus musculus"	"http://purl.obolibrary.org/obo/NCBITaxon_10090"	"C57BL/6"	"http://www.ebi.ac.uk/efo/EFO_0004472"	"12 to 15 week"		"adult"	"http://www.ebi.ac.uk/efo/EFO_0001272"	"brain without olfactory bulb"		"Pdgfrb-GFP;NG2dsRed"		"Brain single cell 2493"	
"SRR5531923"	"Mus musculus"	"http://purl.obolibrary.org/obo/NCBITaxon_10090"	"C57BL/6"	"http://www.ebi.ac.uk/efo/EFO_0004472"	"12 to 15 week"		"adult"	"http://www.ebi.ac.uk/efo/EFO_0001272"	"brain without olfactory bulb"		"Pdgfrb-GFP;NG2dsRed"		"Brain single cell 2494"	
"SRR5531924"	"Mus musculus"	"http://purl.obolibrary.org/obo/NCBITaxon_10090"	"C57BL/6"	"http://www.ebi.ac.uk/efo/EFO_0004472"	"12 to 15 week"		"adult"	"http://www.ebi.ac.uk/efo/EFO_0001272"	"brain without olfactory bulb"		"Pdgfrb-GFP;NG2dsRed"		"Brain single cell 2495"	
"SRR5531925"	"Mus musculus"	"http://purl.obolibrary.org/obo/NCBITaxon_10090"	"C57BL/6"	"http://www.ebi.ac.uk/efo/EFO_0004472"	"12 to 15 week"		"adult"	"http://www.ebi.ac.uk/efo/EFO_0001272"	"brain without olfactory bulb"		"Pdgfrb-GFP;NG2dsRed"		"Brain single cell 2496"	
"SRR5531926"	"Mus musculus"	"http://purl.obolibrary.org/obo/NCBITaxon_10090"	"C57BL/6"	"http://www.ebi.ac.uk/efo/EFO_0004472"	"12 to 15 week"		"adult"	"http://www.ebi.ac.uk/efo/EFO_0001272"	"brain without olfactory bulb"		"Pdgfrb-GFP;NG2dsRed"		"Brain single cell 2497"	
"SRR5531927"	"Mus musculus"	"http://purl.obolibrary.org/obo/NCBITaxon_10090"	"C57BL/6"	"http://www.ebi.ac.uk/efo/EFO_0004472"	"12 to 15 week"		"adult"	"http://www.ebi.ac.uk/efo/EFO_0001272"	"brain without olfactory bulb"		"Pdgfrb-GFP;NG2dsRed"		"Brain single cell 2498"	
"SRR5531928"	"Mus musculus"	"http://purl.obolibrary.org/obo/NCBITaxon_10090"	"C57BL/6"	"http://www.ebi.ac.uk/efo/EFO_0004472"	"12 to 15 week"		"adult"	"http://www.ebi.ac.uk/efo/EFO_0001272"	"brain without olfactory bulb"		"Pdgfrb-GFP;NG2dsRed"		"Brain single cell 2499"	
"SRR5531929"	"Mus musculus"	"http://purl.obolibrary.org/obo/NCBITaxon_10090"	"C57BL/6"	"http://www.ebi.ac.uk/efo/EFO_0004472"	"12 to 15 week"		"adult"	"http://www.ebi.ac.uk/efo/EFO_0001272"	"brain without olfactory bulb"		"Pdgfrb-GFP;NG2dsRed"		"Brain single cell 2500"	
"SRR5531930"	"Mus musculus"	"http://purl.obolibrary.org/obo/NCBITaxon_10090"	"C57BL/6"	"http://www.ebi.ac.uk/efo/EFO_0004472"	"12 to 15 week"		"adult"	"http://www.ebi.ac.uk/efo/EFO_0001272"	"brain without olfactory bulb"		"Pdgfrb-GFP;NG2dsRed"		"Brain single cell 2501"	
"SRR5531931"	"Mus musculus"	"http://purl.obolibrary.org/obo/NCBITaxon_10090"	"C57BL/6"	"http://www.ebi.ac.uk/efo/EFO_0004472"	"12 to 15 week"		"adult"	"http://www.ebi.ac.uk/efo/EFO_0001272"	"brain without olfactory bulb"		"Pdgfrb-GFP;NG2dsRed"		"Brain single cell 2502"	
"SRR5531932"	"Mus musculus"	"http://purl.obolibrary.org/obo/NCBITaxon_10090"	"C57BL/6"	"http://www.ebi.ac.uk/efo/EFO_0004472"	"12 to 15 week"		"adult"	"http://www.ebi.ac.uk/efo/EFO_0001272"	"brain without olfactory bulb"		"Pdgfrb-GFP;NG2dsRed"		"Brain single cell 2503"	
"SRR5531933"	"Mus musculus"	"http://purl.obolibrary.org/obo/NCBITaxon_10090"	"C57BL/6"	"http://www.ebi.ac.uk/efo/EFO_0004472"	"12 to 15 week"		"adult"	"http://www.ebi.ac.uk/efo/EFO_0001272"	"brain without olfactory bulb"		"Pdgfrb-GFP;NG2dsRed"		"Brain single cell 2504"	
"SRR5531934"	"Mus musculus"	"http://purl.obolibrary.org/obo/NCBITaxon_10090"	"C57BL/6"	"http://www.ebi.ac.uk/efo/EFO_0004472"	"12 to 15 week"		"adult"	"http://www.ebi.ac.uk/efo/EFO_0001272"	"brain without olfactory bulb"		"Pdgfrb-GFP;NG2dsRed"		"Brain single cell 2505"	
"SRR5531935"	"Mus musculus"	"http://purl.obolibrary.org/obo/NCBITaxon_10090"	"C57BL/6"	"http://www.ebi.ac.uk/efo/EFO_0004472"	"12 to 15 week"		"adult"	"http://www.ebi.ac.uk/efo/EFO_0001272"	"brain without olfactory bulb"		"Pdgfrb-GFP;NG2dsRed"		"Brain single cell 2506"	
"SRR5531936"	"Mus musculus"	"http://purl.obolibrary.org/obo/NCBITaxon_10090"	"C57BL/6"	"http://www.ebi.ac.uk/efo/EFO_0004472"	"12 to 15 week"		"adult"	"http://www.ebi.ac.uk/efo/EFO_0001272"	"brain without olfactory bulb"		"Pdgfrb-GFP;NG2dsRed"		"Brain single cell 2507"	
"SRR5531937"	"Mus musculus"	"http://purl.obolibrary.org/obo/NCBITaxon_10090"	"C57BL/6"	"http://www.ebi.ac.uk/efo/EFO_0004472"	"12 to 15 week"		"adult"	"http://www.ebi.ac.uk/efo/EFO_0001272"	"brain without olfactory bulb"		"Pdgfrb-GFP;NG2dsRed"		"Brain single cell 2508"	
"SRR5531938"	"Mus musculus"	"http://purl.obolibrary.org/obo/NCBITaxon_10090"	"C57BL/6"	"http://www.ebi.ac.uk/efo/EFO_0004472"	"12 to 15 week"		"adult"	"http://www.ebi.ac.uk/efo/EFO_0001272"	"brain without olfactory bulb"		"Pdgfrb-GFP;NG2dsRed"		"Brain single cell 2509"	
"SRR5531939"	"Mus musculus"	"http://purl.obolibrary.org/obo/NCBITaxon_10090"	"C57BL/6"	"http://www.ebi.ac.uk/efo/EFO_0004472"	"12 to 15 week"		"adult"	"http://www.ebi.ac.uk/efo/EFO_0001272"	"brain without olfactory bulb"		"Pdgfrb-GFP;NG2dsRed"		"Brain single cell 2510"	
"SRR5531940"	"Mus musculus"	"http://purl.obolibrary.org/obo/NCBITaxon_10090"	"C57BL/6"	"http://www.ebi.ac.uk/efo/EFO_0004472"	"12 to 15 week"		"adult"	"http://www.ebi.ac.uk/efo/EFO_0001272"	"brain without olfactory bulb"		"Pdgfrb-GFP;NG2dsRed"		"Brain single cell 2511"	
"SRR5531941"	"Mus musculus"	"http://purl.obolibrary.org/obo/NCBITaxon_10090"	"C57BL/6"	"http://www.ebi.ac.uk/efo/EFO_0004472"	"12 to 15 week"		"adult"	"http://www.ebi.ac.uk/efo/EFO_0001272"	"brain without olfactory bulb"		"Pdgfrb-GFP;NG2dsRed"		"Brain single cell 2512"	
"SRR5531942"	"Mus musculus"	"http://purl.obolibrary.org/obo/NCBITaxon_10090"	"C57BL/6"	"http://www.ebi.ac.uk/efo/EFO_0004472"	"12 to 15 week"		"adult"	"http://www.ebi.ac.uk/efo/EFO_0001272"	"brain without olfactory bulb"		"Pdgfrb-GFP;NG2dsRed"		"Brain single cell 2513"	
"SRR5531943"	"Mus musculus"	"http://purl.obolibrary.org/obo/NCBITaxon_10090"	"C57BL/6"	"http://www.ebi.ac.uk/efo/EFO_0004472"	"12 to 15 week"		"adult"	"http://www.ebi.ac.uk/efo/EFO_0001272"	"brain without olfactory bulb"		"Pdgfrb-GFP;NG2dsRed"		"Brain single cell 2514"	
"SRR5531944"	"Mus musculus"	"http://purl.obolibrary.org/obo/NCBITaxon_10090"	"C57BL/6"	"http://www.ebi.ac.uk/efo/EFO_0004472"	"12 to 15 week"		"adult"	"http://www.ebi.ac.uk/efo/EFO_0001272"	"brain without olfactory bulb"		"Pdgfrb-GFP;NG2dsRed"		"Brain single cell 2515"	
"SRR5531945"	"Mus musculus"	"http://purl.obolibrary.org/obo/NCBITaxon_10090"	"C57BL/6"	"http://www.ebi.ac.uk/efo/EFO_0004472"	"12 to 15 week"		"adult"	"http://www.ebi.ac.uk/efo/EFO_0001272"	"brain without olfactory bulb"		"Pdgfrb-GFP;NG2dsRed"		"Brain single cell 2516"	
"SRR5531946"	"Mus musculus"	"http://purl.obolibrary.org/obo/NCBITaxon_10090"	"C57BL/6"	"http://www.ebi.ac.uk/efo/EFO_0004472"	"12 to 15 week"		"adult"	"http://www.ebi.ac.uk/efo/EFO_0001272"	"brain without olfactory bulb"		"Pdgfrb-GFP;NG2dsRed"		"Brain single cell 2517"	
"SRR5531947"	"Mus musculus"	"http://purl.obolibrary.org/obo/NCBITaxon_10090"	"C57BL/6"	"http://www.ebi.ac.uk/efo/EFO_0004472"	"12 to 15 week"		"adult"	"http://www.ebi.ac.uk/efo/EFO_0001272"	"brain without olfactory bulb"		"Pdgfrb-GFP;NG2dsRed"		"Brain single cell 2518"	
"SRR5531948"	"Mus musculus"	"http://purl.obolibrary.org/obo/NCBITaxon_10090"	"C57BL/6"	"http://www.ebi.ac.uk/efo/EFO_0004472"	"12 to 15 week"		"adult"	"http://www.ebi.ac.uk/efo/EFO_0001272"	"brain without olfactory bulb"		"Pdgfrb-GFP;NG2dsRed"		"Brain single cell 2519"	
"SRR5531949"	"Mus musculus"	"http://purl.obolibrary.org/obo/NCBITaxon_10090"	"C57BL/6"	"http://www.ebi.ac.uk/efo/EFO_0004472"	"12 to 15 week"		"adult"	"http://www.ebi.ac.uk/efo/EFO_0001272"	"brain without olfactory bulb"		"Pdgfrb-GFP;NG2dsRed"		"Brain single cell 2520"	
"SRR5531950"	"Mus musculus"	"http://purl.obolibrary.org/obo/NCBITaxon_10090"	"C57BL/6"	"http://www.ebi.ac.uk/efo/EFO_0004472"	"12 to 15 week"		"adult"	"http://www.ebi.ac.uk/efo/EFO_0001272"	"brain without olfactory bulb"		"Pdgfrb-GFP;NG2dsRed"		"Brain single cell 2521"	
"SRR5531951"	"Mus musculus"	"http://purl.obolibrary.org/obo/NCBITaxon_10090"	"C57BL/6"	"http://www.ebi.ac.uk/efo/EFO_0004472"	"12 to 15 week"		"adult"	"http://www.ebi.ac.uk/efo/EFO_0001272"	"brain without olfactory bulb"		"Pdgfrb-GFP;NG2dsRed"		"Brain single cell 2522"	
"SRR5531952"	"Mus musculus"	"http://purl.obolibrary.org/obo/NCBITaxon_10090"	"C57BL/6"	"http://www.ebi.ac.uk/efo/EFO_0004472"	"12 to 15 week"		"adult"	"http://www.ebi.ac.uk/efo/EFO_0001272"	"brain without olfactory bulb"		"Pdgfrb-GFP;NG2dsRed"		"Brain single cell 2523"	
"SRR5531953"	"Mus musculus"	"http://purl.obolibrary.org/obo/NCBITaxon_10090"	"C57BL/6"	"http://www.ebi.ac.uk/efo/EFO_0004472"	"12 to 15 week"		"adult"	"http://www.ebi.ac.uk/efo/EFO_0001272"	"brain without olfactory bulb"		"Pdgfrb-GFP;NG2dsRed"		"Brain single cell 2524"	
"SRR5531954"	"Mus musculus"	"http://purl.obolibrary.org/obo/NCBITaxon_10090"	"C57BL/6"	"http://www.ebi.ac.uk/efo/EFO_0004472"	"12 to 15 week"		"adult"	"http://www.ebi.ac.uk/efo/EFO_0001272"	"brain without olfactory bulb"		"Pdgfrb-GFP;NG2dsRed"		"Brain single cell 2525"	
"SRR5531955"	"Mus musculus"	"http://purl.obolibrary.org/obo/NCBITaxon_10090"	"C57BL/6"	"http://www.ebi.ac.uk/efo/EFO_0004472"	"12 to 15 week"		"adult"	"http://www.ebi.ac.uk/efo/EFO_0001272"	"brain without olfactory bulb"		"Pdgfrb-GFP;NG2dsRed"		"Brain single cell 2526"	
"SRR5531956"	"Mus musculus"	"http://purl.obolibrary.org/obo/NCBITaxon_10090"	"C57BL/6"	"http://www.ebi.ac.uk/efo/EFO_0004472"	"12 to 15 week"		"adult"	"http://www.ebi.ac.uk/efo/EFO_0001272"	"brain without olfactory bulb"		"Pdgfrb-GFP;NG2dsRed"		"Brain single cell 2527"	
"SRR5531957"	"Mus musculus"	"http://purl.obolibrary.org/obo/NCBITaxon_10090"	"C57BL/6"	"http://www.ebi.ac.uk/efo/EFO_0004472"	"12 to 15 week"		"adult"	"http://www.ebi.ac.uk/efo/EFO_0001272"	"brain without olfactory bulb"		"Pdgfrb-GFP;NG2dsRed"		"Brain single cell 2528"	
"SRR5531958"	"Mus musculus"	"http://purl.obolibrary.org/obo/NCBITaxon_10090"	"C57BL/6"	"http://www.ebi.ac.uk/efo/EFO_0004472"	"12 to 15 week"		"adult"	"http://www.ebi.ac.uk/efo/EFO_0001272"	"brain without olfactory bulb"		"Pdgfrb-GFP;NG2dsRed"		"Brain single cell 2529"	
"SRR5531959"	"Mus musculus"	"http://purl.obolibrary.org/obo/NCBITaxon_10090"	"C57BL/6"	"http://www.ebi.ac.uk/efo/EFO_0004472"	"12 to 15 week"		"adult"	"http://www.ebi.ac.uk/efo/EFO_0001272"	"brain without olfactory bulb"		"Pdgfrb-GFP;NG2dsRed"		"Brain single cell 2530"	
"SRR5531960"	"Mus musculus"	"http://purl.obolibrary.org/obo/NCBITaxon_10090"	"C57BL/6"	"http://www.ebi.ac.uk/efo/EFO_0004472"	"12 to 15 week"		"adult"	"http://www.ebi.ac.uk/efo/EFO_0001272"	"brain without olfactory bulb"		"Pdgfrb-GFP;NG2dsRed"		"Brain single cell 2531"	
"SRR5531961"	"Mus musculus"	"http://purl.obolibrary.org/obo/NCBITaxon_10090"	"C57BL/6"	"http://www.ebi.ac.uk/efo/EFO_0004472"	"12 to 15 week"		"adult"	"http://www.ebi.ac.uk/efo/EFO_0001272"	"brain without olfactory bulb"		"Pdgfrb-GFP;NG2dsRed"		"Brain single cell 2532"	
"SRR5531962"	"Mus musculus"	"http://purl.obolibrary.org/obo/NCBITaxon_10090"	"C57BL/6"	"http://www.ebi.ac.uk/efo/EFO_0004472"	"12 to 15 week"		"adult"	"http://www.ebi.ac.uk/efo/EFO_0001272"	"brain without olfactory bulb"		"Pdgfrb-GFP;NG2dsRed"		"Brain single cell 2533"	
"SRR5531963"	"Mus musculus"	"http://purl.obolibrary.org/obo/NCBITaxon_10090"	"C57BL/6"	"http://www.ebi.ac.uk/efo/EFO_0004472"	"12 to 15 week"		"adult"	"http://www.ebi.ac.uk/efo/EFO_0001272"	"brain without olfactory bulb"		"Pdgfrb-GFP;NG2dsRed"		"Brain single cell 2534"	
"SRR5531964"	"Mus musculus"	"http://purl.obolibrary.org/obo/NCBITaxon_10090"	"C57BL/6"	"http://www.ebi.ac.uk/efo/EFO_0004472"	"12 to 15 week"		"adult"	"http://www.ebi.ac.uk/efo/EFO_0001272"	"brain without olfactory bulb"		"Pdgfrb-GFP;NG2dsRed"		"Brain single cell 2535"	
"SRR5531965"	"Mus musculus"	"http://purl.obolibrary.org/obo/NCBITaxon_10090"	"C57BL/6"	"http://www.ebi.ac.uk/efo/EFO_0004472"	"12 to 15 week"		"adult"	"http://www.ebi.ac.uk/efo/EFO_0001272"	"brain without olfactory bulb"		"Pdgfrb-GFP;NG2dsRed"		"Brain single cell 2536"	
"SRR5531966"	"Mus musculus"	"http://purl.obolibrary.org/obo/NCBITaxon_10090"	"C57BL/6"	"http://www.ebi.ac.uk/efo/EFO_0004472"	"12 to 15 week"		"adult"	"http://www.ebi.ac.uk/efo/EFO_0001272"	"brain without olfactory bulb"		"Pdgfrb-GFP;NG2dsRed"		"Brain single cell 2537"	
"SRR5531967"	"Mus musculus"	"http://purl.obolibrary.org/obo/NCBITaxon_10090"	"C57BL/6"	"http://www.ebi.ac.uk/efo/EFO_0004472"	"12 to 15 week"		"adult"	"http://www.ebi.ac.uk/efo/EFO_0001272"	"brain without olfactory bulb"		"Pdgfrb-GFP;NG2dsRed"		"Brain single cell 2538"	
"SRR5531968"	"Mus musculus"	"http://purl.obolibrary.org/obo/NCBITaxon_10090"	"C57BL/6"	"http://www.ebi.ac.uk/efo/EFO_0004472"	"12 to 15 week"		"adult"	"http://www.ebi.ac.uk/efo/EFO_0001272"	"brain without olfactory bulb"		"Pdgfrb-GFP;NG2dsRed"		"Brain single cell 2539"	
"SRR5531969"	"Mus musculus"	"http://purl.obolibrary.org/obo/NCBITaxon_10090"	"C57BL/6"	"http://www.ebi.ac.uk/efo/EFO_0004472"	"12 to 15 week"		"adult"	"http://www.ebi.ac.uk/efo/EFO_0001272"	"brain without olfactory bulb"		"Pdgfrb-GFP;NG2dsRed"		"Brain single cell 2540"	
"SRR5531970"	"Mus musculus"	"http://purl.obolibrary.org/obo/NCBITaxon_10090"	"C57BL/6"	"http://www.ebi.ac.uk/efo/EFO_0004472"	"12 to 15 week"		"adult"	"http://www.ebi.ac.uk/efo/EFO_0001272"	"brain without olfactory bulb"		"Pdgfrb-GFP;NG2dsRed"		"Brain single cell 2541"	
"SRR5531971"	"Mus musculus"	"http://purl.obolibrary.org/obo/NCBITaxon_10090"	"C57BL/6"	"http://www.ebi.ac.uk/efo/EFO_0004472"	"12 to 15 week"		"adult"	"http://www.ebi.ac.uk/efo/EFO_0001272"	"brain without olfactory bulb"		"Pdgfrb-GFP;NG2dsRed"		"Brain single cell 2542"	
"SRR5531972"	"Mus musculus"	"http://purl.obolibrary.org/obo/NCBITaxon_10090"	"C57BL/6"	"http://www.ebi.ac.uk/efo/EFO_0004472"	"12 to 15 week"		"adult"	"http://www.ebi.ac.uk/efo/EFO_0001272"	"brain without olfactory bulb"		"Pdgfrb-GFP;NG2dsRed"		"Brain single cell 2543"	
"SRR5531973"	"Mus musculus"	"http://purl.obolibrary.org/obo/NCBITaxon_10090"	"C57BL/6"	"http://www.ebi.ac.uk/efo/EFO_0004472"	"12 to 15 week"		"adult"	"http://www.ebi.ac.uk/efo/EFO_0001272"	"brain without olfactory bulb"		"Pdgfrb-GFP;NG2dsRed"		"Brain single cell 2544"	
"SRR5531974"	"Mus musculus"	"http://purl.obolibrary.org/obo/NCBITaxon_10090"	"C57BL/6"	"http://www.ebi.ac.uk/efo/EFO_0004472"	"12 to 15 week"		"adult"	"http://www.ebi.ac.uk/efo/EFO_0001272"	"brain without olfactory bulb"		"Pdgfrb-GFP;NG2dsRed"		"Brain single cell 2545"	
"SRR5531975"	"Mus musculus"	"http://purl.obolibrary.org/obo/NCBITaxon_10090"	"C57BL/6"	"http://www.ebi.ac.uk/efo/EFO_0004472"	"12 to 15 week"		"adult"	"http://www.ebi.ac.uk/efo/EFO_0001272"	"brain without olfactory bulb"		"Pdgfrb-GFP;NG2dsRed"		"Brain single cell 2546"	
"SRR5531976"	"Mus musculus"	"http://purl.obolibrary.org/obo/NCBITaxon_10090"	"C57BL/6"	"http://www.ebi.ac.uk/efo/EFO_0004472"	"12 to 15 week"		"adult"	"http://www.ebi.ac.uk/efo/EFO_0001272"	"brain without olfactory bulb"		"Pdgfrb-GFP;NG2dsRed"		"Brain single cell 2547"	
"SRR5531977"	"Mus musculus"	"http://purl.obolibrary.org/obo/NCBITaxon_10090"	"C57BL/6"	"http://www.ebi.ac.uk/efo/EFO_0004472"	"12 to 15 week"		"adult"	"http://www.ebi.ac.uk/efo/EFO_0001272"	"brain without olfactory bulb"		"Pdgfrb-GFP;NG2dsRed"		"Brain single cell 2548"	
"SRR5531978"	"Mus musculus"	"http://purl.obolibrary.org/obo/NCBITaxon_10090"	"C57BL/6"	"http://www.ebi.ac.uk/efo/EFO_0004472"	"12 to 15 week"		"adult"	"http://www.ebi.ac.uk/efo/EFO_0001272"	"brain without olfactory bulb"		"Pdgfrb-GFP;NG2dsRed"		"Brain single cell 2549"	
"SRR5531979"	"Mus musculus"	"http://purl.obolibrary.org/obo/NCBITaxon_10090"	"C57BL/6"	"http://www.ebi.ac.uk/efo/EFO_0004472"	"12 to 15 week"		"adult"	"http://www.ebi.ac.uk/efo/EFO_0001272"	"brain without olfactory bulb"		"Pdgfrb-GFP;NG2dsRed"		"Brain single cell 2550"	
"SRR5531980"	"Mus musculus"	"http://purl.obolibrary.org/obo/NCBITaxon_10090"	"C57BL/6"	"http://www.ebi.ac.uk/efo/EFO_0004472"	"12 to 15 week"		"adult"	"http://www.ebi.ac.uk/efo/EFO_0001272"	"brain without olfactory bulb"		"Pdgfrb-GFP;NG2dsRed"		"Brain single cell 2551"	
"SRR5531981"	"Mus musculus"	"http://purl.obolibrary.org/obo/NCBITaxon_10090"	"C57BL/6"	"http://www.ebi.ac.uk/efo/EFO_0004472"	"12 to 15 week"		"adult"	"http://www.ebi.ac.uk/efo/EFO_0001272"	"brain without olfactory bulb"		"Pdgfrb-GFP;NG2dsRed"		"Brain single cell 2552"	
"SRR5531982"	"Mus musculus"	"http://purl.obolibrary.org/obo/NCBITaxon_10090"	"C57BL/6"	"http://www.ebi.ac.uk/efo/EFO_0004472"	"12 to 15 week"		"adult"	"http://www.ebi.ac.uk/efo/EFO_0001272"	"brain without olfactory bulb"		"Pdgfrb-GFP;NG2dsRed"		"Brain single cell 2553"	
"SRR5531983"	"Mus musculus"	"http://purl.obolibrary.org/obo/NCBITaxon_10090"	"C57BL/6"	"http://www.ebi.ac.uk/efo/EFO_0004472"	"12 to 15 week"		"adult"	"http://www.ebi.ac.uk/efo/EFO_0001272"	"brain without olfactory bulb"		"Pdgfrb-GFP;NG2dsRed"		"Brain single cell 2554"	
"SRR5531984"	"Mus musculus"	"http://purl.obolibrary.org/obo/NCBITaxon_10090"	"C57BL/6"	"http://www.ebi.ac.uk/efo/EFO_0004472"	"12 to 15 week"		"adult"	"http://www.ebi.ac.uk/efo/EFO_0001272"	"brain without olfactory bulb"		"Pdgfrb-GFP;NG2dsRed"		"Brain single cell 2555"	
"SRR5531985"	"Mus musculus"	"http://purl.obolibrary.org/obo/NCBITaxon_10090"	"C57BL/6"	"http://www.ebi.ac.uk/efo/EFO_0004472"	"12 to 15 week"		"adult"	"http://www.ebi.ac.uk/efo/EFO_0001272"	"brain without olfactory bulb"		"Pdgfrb-GFP;NG2dsRed"		"Brain single cell 2556"	
"SRR5531986"	"Mus musculus"	"http://purl.obolibrary.org/obo/NCBITaxon_10090"	"C57BL/6"	"http://www.ebi.ac.uk/efo/EFO_0004472"	"12 to 15 week"		"adult"	"http://www.ebi.ac.uk/efo/EFO_0001272"	"brain without olfactory bulb"		"Pdgfrb-GFP;NG2dsRed"		"Brain single cell 2557"	
"SRR5531987"	"Mus musculus"	"http://purl.obolibrary.org/obo/NCBITaxon_10090"	"C57BL/6"	"http://www.ebi.ac.uk/efo/EFO_0004472"	"12 to 15 week"		"adult"	"http://www.ebi.ac.uk/efo/EFO_0001272"	"brain without olfactory bulb"		"Pdgfrb-GFP;NG2dsRed"		"Brain single cell 2558"	
"SRR5531988"	"Mus musculus"	"http://purl.obolibrary.org/obo/NCBITaxon_10090"	"C57BL/6"	"http://www.ebi.ac.uk/efo/EFO_0004472"	"12 to 15 week"		"adult"	"http://www.ebi.ac.uk/efo/EFO_0001272"	"brain without olfactory bulb"		"Pdgfrb-GFP;NG2dsRed"		"Brain single cell 2559"	
"SRR5531989"	"Mus musculus"	"http://purl.obolibrary.org/obo/NCBITaxon_10090"	"C57BL/6"	"http://www.ebi.ac.uk/efo/EFO_0004472"	"12 to 15 week"		"adult"	"http://www.ebi.ac.uk/efo/EFO_0001272"	"brain without olfactory bulb"		"Pdgfrb-GFP;NG2dsRed"		"Brain single cell 2560"	
"SRR5531990"	"Mus musculus"	"http://purl.obolibrary.org/obo/NCBITaxon_10090"	"C57BL/6"	"http://www.ebi.ac.uk/efo/EFO_0004472"	"12 to 15 week"		"adult"	"http://www.ebi.ac.uk/efo/EFO_0001272"	"brain without olfactory bulb"		"Pdgfrb-GFP;NG2dsRed"		"Brain single cell 2561"	
"SRR5531991"	"Mus musculus"	"http://purl.obolibrary.org/obo/NCBITaxon_10090"	"C57BL/6"	"http://www.ebi.ac.uk/efo/EFO_0004472"	"12 to 15 week"		"adult"	"http://www.ebi.ac.uk/efo/EFO_0001272"	"brain without olfactory bulb"		"Pdgfrb-GFP;NG2dsRed"		"Brain single cell 2562"	
"SRR5531992"	"Mus musculus"	"http://purl.obolibrary.org/obo/NCBITaxon_10090"	"C57BL/6"	"http://www.ebi.ac.uk/efo/EFO_0004472"	"12 to 15 week"		"adult"	"http://www.ebi.ac.uk/efo/EFO_0001272"	"brain without olfactory bulb"		"Pdgfrb-GFP;NG2dsRed"		"Brain single cell 2563"	
"SRR5531993"	"Mus musculus"	"http://purl.obolibrary.org/obo/NCBITaxon_10090"	"C57BL/6"	"http://www.ebi.ac.uk/efo/EFO_0004472"	"12 to 15 week"		"adult"	"http://www.ebi.ac.uk/efo/EFO_0001272"	"brain without olfactory bulb"		"Pdgfrb-GFP;NG2dsRed"		"Brain single cell 2564"	
"SRR5531994"	"Mus musculus"	"http://purl.obolibrary.org/obo/NCBITaxon_10090"	"C57BL/6"	"http://www.ebi.ac.uk/efo/EFO_0004472"	"12 to 15 week"		"adult"	"http://www.ebi.ac.uk/efo/EFO_0001272"	"brain without olfactory bulb"		"Pdgfrb-GFP;NG2dsRed"		"Brain single cell 2565"	
"SRR5531995"	"Mus musculus"	"http://purl.obolibrary.org/obo/NCBITaxon_10090"	"C57BL/6"	"http://www.ebi.ac.uk/efo/EFO_0004472"	"12 to 15 week"		"adult"	"http://www.ebi.ac.uk/efo/EFO_0001272"	"brain without olfactory bulb"		"Pdgfrb-GFP;NG2dsRed"		"Brain single cell 2566"	
"SRR5531996"	"Mus musculus"	"http://purl.obolibrary.org/obo/NCBITaxon_10090"	"C57BL/6"	"http://www.ebi.ac.uk/efo/EFO_0004472"	"12 to 15 week"		"adult"	"http://www.ebi.ac.uk/efo/EFO_0001272"	"brain without olfactory bulb"		"Pdgfrb-GFP;NG2dsRed"		"Brain single cell 2567"	
"SRR5531997"	"Mus musculus"	"http://purl.obolibrary.org/obo/NCBITaxon_10090"	"C57BL/6"	"http://www.ebi.ac.uk/efo/EFO_0004472"	"12 to 15 week"		"adult"	"http://www.ebi.ac.uk/efo/EFO_0001272"	"brain without olfactory bulb"		"Pdgfrb-GFP;NG2dsRed"		"Brain single cell 2568"	
"SRR5531998"	"Mus musculus"	"http://purl.obolibrary.org/obo/NCBITaxon_10090"	"C57BL/6"	"http://www.ebi.ac.uk/efo/EFO_0004472"	"12 to 15 week"		"adult"	"http://www.ebi.ac.uk/efo/EFO_0001272"	"brain without olfactory bulb"		"Pdgfrb-GFP;NG2dsRed"		"Brain single cell 2569"	
"SRR5531999"	"Mus musculus"	"http://purl.obolibrary.org/obo/NCBITaxon_10090"	"C57BL/6"	"http://www.ebi.ac.uk/efo/EFO_0004472"	"12 to 15 week"		"adult"	"http://www.ebi.ac.uk/efo/EFO_0001272"	"brain without olfactory bulb"		"Pdgfrb-GFP;NG2dsRed"		"Brain single cell 2570"	
"SRR5532000"	"Mus musculus"	"http://purl.obolibrary.org/obo/NCBITaxon_10090"	"C57BL/6"	"http://www.ebi.ac.uk/efo/EFO_0004472"	"12 to 15 week"		"adult"	"http://www.ebi.ac.uk/efo/EFO_0001272"	"brain without olfactory bulb"		"Pdgfrb-GFP;NG2dsRed"		"Brain single cell 2571"	
"SRR5532001"	"Mus musculus"	"http://purl.obolibrary.org/obo/NCBITaxon_10090"	"C57BL/6"	"http://www.ebi.ac.uk/efo/EFO_0004472"	"12 to 15 week"		"adult"	"http://www.ebi.ac.uk/efo/EFO_0001272"	"brain without olfactory bulb"		"Pdgfrb-GFP;NG2dsRed"		"Brain single cell 2572"	
"SRR5532002"	"Mus musculus"	"http://purl.obolibrary.org/obo/NCBITaxon_10090"	"C57BL/6"	"http://www.ebi.ac.uk/efo/EFO_0004472"	"12 to 15 week"		"adult"	"http://www.ebi.ac.uk/efo/EFO_0001272"	"brain without olfactory bulb"		"Pdgfrb-GFP;NG2dsRed"		"Brain single cell 2573"	
"SRR5532003"	"Mus musculus"	"http://purl.obolibrary.org/obo/NCBITaxon_10090"	"C57BL/6"	"http://www.ebi.ac.uk/efo/EFO_0004472"	"12 to 15 week"		"adult"	"http://www.ebi.ac.uk/efo/EFO_0001272"	"brain without olfactory bulb"		"Pdgfrb-GFP;NG2dsRed"		"Brain single cell 2574"	
"SRR5532004"	"Mus musculus"	"http://purl.obolibrary.org/obo/NCBITaxon_10090"	"C57BL/6"	"http://www.ebi.ac.uk/efo/EFO_0004472"	"12 to 15 week"		"adult"	"http://www.ebi.ac.uk/efo/EFO_0001272"	"brain without olfactory bulb"		"Pdgfrb-GFP;NG2dsRed"		"Brain single cell 2575"	
"SRR5532005"	"Mus musculus"	"http://purl.obolibrary.org/obo/NCBITaxon_10090"	"C57BL/6"	"http://www.ebi.ac.uk/efo/EFO_0004472"	"12 to 15 week"		"adult"	"http://www.ebi.ac.uk/efo/EFO_0001272"	"brain without olfactory bulb"		"Pdgfrb-GFP;NG2dsRed"		"Brain single cell 2576"	
"SRR5532006"	"Mus musculus"	"http://purl.obolibrary.org/obo/NCBITaxon_10090"	"C57BL/6"	"http://www.ebi.ac.uk/efo/EFO_0004472"	"12 to 15 week"		"adult"	"http://www.ebi.ac.uk/efo/EFO_0001272"	"brain without olfactory bulb"		"Pdgfrb-GFP;NG2dsRed"		"Brain single cell 2577"	
"SRR5532007"	"Mus musculus"	"http://purl.obolibrary.org/obo/NCBITaxon_10090"	"C57BL/6"	"http://www.ebi.ac.uk/efo/EFO_0004472"	"12 to 15 week"		"adult"	"http://www.ebi.ac.uk/efo/EFO_0001272"	"brain without olfactory bulb"		"Pdgfrb-GFP;NG2dsRed"		"Brain single cell 2578"	
"SRR5532008"	"Mus musculus"	"http://purl.obolibrary.org/obo/NCBITaxon_10090"	"C57BL/6"	"http://www.ebi.ac.uk/efo/EFO_0004472"	"12 to 15 week"		"adult"	"http://www.ebi.ac.uk/efo/EFO_0001272"	"brain without olfactory bulb"		"Pdgfrb-GFP;NG2dsRed"		"Brain single cell 2579"	
"SRR5532009"	"Mus musculus"	"http://purl.obolibrary.org/obo/NCBITaxon_10090"	"C57BL/6"	"http://www.ebi.ac.uk/efo/EFO_0004472"	"12 to 15 week"		"adult"	"http://www.ebi.ac.uk/efo/EFO_0001272"	"brain without olfactory bulb"		"Pdgfrb-GFP;NG2dsRed"		"Brain single cell 2580"	
"SRR5532010"	"Mus musculus"	"http://purl.obolibrary.org/obo/NCBITaxon_10090"	"C57BL/6"	"http://www.ebi.ac.uk/efo/EFO_0004472"	"12 to 15 week"		"adult"	"http://www.ebi.ac.uk/efo/EFO_0001272"	"brain without olfactory bulb"		"Pdgfrb-GFP;NG2dsRed"		"Brain single cell 2581"	
"SRR5532011"	"Mus musculus"	"http://purl.obolibrary.org/obo/NCBITaxon_10090"	"C57BL/6"	"http://www.ebi.ac.uk/efo/EFO_0004472"	"12 to 15 week"		"adult"	"http://www.ebi.ac.uk/efo/EFO_0001272"	"brain without olfactory bulb"		"Pdgfrb-GFP;NG2dsRed"		"Brain single cell 2582"	
"SRR5532012"	"Mus musculus"	"http://purl.obolibrary.org/obo/NCBITaxon_10090"	"C57BL/6"	"http://www.ebi.ac.uk/efo/EFO_0004472"	"12 to 15 week"		"adult"	"http://www.ebi.ac.uk/efo/EFO_0001272"	"brain without olfactory bulb"		"Pdgfrb-GFP;NG2dsRed"		"Brain single cell 2583"	
"SRR5532013"	"Mus musculus"	"http://purl.obolibrary.org/obo/NCBITaxon_10090"	"C57BL/6"	"http://www.ebi.ac.uk/efo/EFO_0004472"	"12 to 15 week"		"adult"	"http://www.ebi.ac.uk/efo/EFO_0001272"	"brain without olfactory bulb"		"Pdgfrb-GFP;NG2dsRed"		"Brain single cell 2584"	
"SRR5532014"	"Mus musculus"	"http://purl.obolibrary.org/obo/NCBITaxon_10090"	"C57BL/6"	"http://www.ebi.ac.uk/efo/EFO_0004472"	"12 to 15 week"		"adult"	"http://www.ebi.ac.uk/efo/EFO_0001272"	"brain without olfactory bulb"		"Pdgfrb-GFP;NG2dsRed"		"Brain single cell 2585"	
"SRR5532015"	"Mus musculus"	"http://purl.obolibrary.org/obo/NCBITaxon_10090"	"C57BL/6"	"http://www.ebi.ac.uk/efo/EFO_0004472"	"12 to 15 week"		"adult"	"http://www.ebi.ac.uk/efo/EFO_0001272"	"brain without olfactory bulb"		"Pdgfrb-GFP;NG2dsRed"		"Brain single cell 2586"	
"SRR5532016"	"Mus musculus"	"http://purl.obolibrary.org/obo/NCBITaxon_10090"	"C57BL/6"	"http://www.ebi.ac.uk/efo/EFO_0004472"	"12 to 15 week"		"adult"	"http://www.ebi.ac.uk/efo/EFO_0001272"	"brain without olfactory bulb"		"Pdgfrb-GFP;NG2dsRed"		"Brain single cell 2587"	
"SRR5532017"	"Mus musculus"	"http://purl.obolibrary.org/obo/NCBITaxon_10090"	"C57BL/6"	"http://www.ebi.ac.uk/efo/EFO_0004472"	"12 to 15 week"		"adult"	"http://www.ebi.ac.uk/efo/EFO_0001272"	"brain without olfactory bulb"		"Pdgfrb-GFP;NG2dsRed"		"Brain single cell 2588"	
"SRR5532018"	"Mus musculus"	"http://purl.obolibrary.org/obo/NCBITaxon_10090"	"C57BL/6"	"http://www.ebi.ac.uk/efo/EFO_0004472"	"12 to 15 week"		"adult"	"http://www.ebi.ac.uk/efo/EFO_0001272"	"brain without olfactory bulb"		"Pdgfrb-GFP;NG2dsRed"		"Brain single cell 2589"	
"SRR5532019"	"Mus musculus"	"http://purl.obolibrary.org/obo/NCBITaxon_10090"	"C57BL/6"	"http://www.ebi.ac.uk/efo/EFO_0004472"	"12 to 15 week"		"adult"	"http://www.ebi.ac.uk/efo/EFO_0001272"	"brain without olfactory bulb"		"Pdgfrb-GFP;NG2dsRed"		"Brain single cell 2590"	
"SRR5532020"	"Mus musculus"	"http://purl.obolibrary.org/obo/NCBITaxon_10090"	"C57BL/6"	"http://www.ebi.ac.uk/efo/EFO_0004472"	"12 to 15 week"		"adult"	"http://www.ebi.ac.uk/efo/EFO_0001272"	"brain without olfactory bulb"		"Pdgfrb-GFP;NG2dsRed"		"Brain single cell 2591"	
"SRR5532021"	"Mus musculus"	"http://purl.obolibrary.org/obo/NCBITaxon_10090"	"C57BL/6"	"http://www.ebi.ac.uk/efo/EFO_0004472"	"12 to 15 week"		"adult"	"http://www.ebi.ac.uk/efo/EFO_0001272"	"brain without olfactory bulb"		"Pdgfrb-GFP;NG2dsRed"		"Brain single cell 2592"	
"SRR5532022"	"Mus musculus"	"http://purl.obolibrary.org/obo/NCBITaxon_10090"	"C57BL/6"	"http://www.ebi.ac.uk/efo/EFO_0004472"	"12 to 15 week"		"adult"	"http://www.ebi.ac.uk/efo/EFO_0001272"	"brain without olfactory bulb"		"Pdgfrb-GFP;NG2dsRed"		"Brain single cell 2593"	
"SRR5532023"	"Mus musculus"	"http://purl.obolibrary.org/obo/NCBITaxon_10090"	"C57BL/6"	"http://www.ebi.ac.uk/efo/EFO_0004472"	"12 to 15 week"		"adult"	"http://www.ebi.ac.uk/efo/EFO_0001272"	"brain without olfactory bulb"		"Pdgfrb-GFP;NG2dsRed"		"Brain single cell 2594"	
"SRR5532024"	"Mus musculus"	"http://purl.obolibrary.org/obo/NCBITaxon_10090"	"C57BL/6"	"http://www.ebi.ac.uk/efo/EFO_0004472"	"12 to 15 week"		"adult"	"http://www.ebi.ac.uk/efo/EFO_0001272"	"brain without olfactory bulb"		"Pdgfrb-GFP;NG2dsRed"		"Brain single cell 2595"	
"SRR5532025"	"Mus musculus"	"http://purl.obolibrary.org/obo/NCBITaxon_10090"	"C57BL/6"	"http://www.ebi.ac.uk/efo/EFO_0004472"	"12 to 15 week"		"adult"	"http://www.ebi.ac.uk/efo/EFO_0001272"	"brain without olfactory bulb"		"Pdgfrb-GFP;NG2dsRed"		"Brain single cell 2596"	
"SRR5532026"	"Mus musculus"	"http://purl.obolibrary.org/obo/NCBITaxon_10090"	"C57BL/6"	"http://www.ebi.ac.uk/efo/EFO_0004472"	"12 to 15 week"		"adult"	"http://www.ebi.ac.uk/efo/EFO_0001272"	"brain without olfactory bulb"		"Pdgfrb-GFP;NG2dsRed"		"Brain single cell 2597"	
"SRR5532027"	"Mus musculus"	"http://purl.obolibrary.org/obo/NCBITaxon_10090"	"C57BL/6"	"http://www.ebi.ac.uk/efo/EFO_0004472"	"12 to 15 week"		"adult"	"http://www.ebi.ac.uk/efo/EFO_0001272"	"brain without olfactory bulb"		"Pdgfrb-GFP;NG2dsRed"		"Brain single cell 2598"	
"SRR5532028"	"Mus musculus"	"http://purl.obolibrary.org/obo/NCBITaxon_10090"	"C57BL/6"	"http://www.ebi.ac.uk/efo/EFO_0004472"	"12 to 15 week"		"adult"	"http://www.ebi.ac.uk/efo/EFO_0001272"	"brain without olfactory bulb"		"Pdgfrb-GFP;NG2dsRed"		"Brain single cell 2599"	
"SRR5532029"	"Mus musculus"	"http://purl.obolibrary.org/obo/NCBITaxon_10090"	"C57BL/6"	"http://www.ebi.ac.uk/efo/EFO_0004472"	"12 to 15 week"		"adult"	"http://www.ebi.ac.uk/efo/EFO_0001272"	"brain without olfactory bulb"		"Pdgfrb-GFP;NG2dsRed"		"Brain single cell 2600"	
"SRR5532030"	"Mus musculus"	"http://purl.obolibrary.org/obo/NCBITaxon_10090"	"C57BL/6"	"http://www.ebi.ac.uk/efo/EFO_0004472"	"12 to 15 week"		"adult"	"http://www.ebi.ac.uk/efo/EFO_0001272"	"brain without olfactory bulb"		"Pdgfrb-GFP;NG2dsRed"		"Brain single cell 2601"	
"SRR5532031"	"Mus musculus"	"http://purl.obolibrary.org/obo/NCBITaxon_10090"	"C57BL/6"	"http://www.ebi.ac.uk/efo/EFO_0004472"	"12 to 15 week"		"adult"	"http://www.ebi.ac.uk/efo/EFO_0001272"	"brain without olfactory bulb"		"Pdgfrb-GFP;NG2dsRed"		"Brain single cell 2602"	
"SRR5532032"	"Mus musculus"	"http://purl.obolibrary.org/obo/NCBITaxon_10090"	"C57BL/6"	"http://www.ebi.ac.uk/efo/EFO_0004472"	"12 to 15 week"		"adult"	"http://www.ebi.ac.uk/efo/EFO_0001272"	"brain without olfactory bulb"		"Pdgfrb-GFP;NG2dsRed"		"Brain single cell 2603"	
"SRR5532033"	"Mus musculus"	"http://purl.obolibrary.org/obo/NCBITaxon_10090"	"C57BL/6"	"http://www.ebi.ac.uk/efo/EFO_0004472"	"12 to 15 week"		"adult"	"http://www.ebi.ac.uk/efo/EFO_0001272"	"brain without olfactory bulb"		"Pdgfrb-GFP;NG2dsRed"		"Brain single cell 2604"	
"SRR5532034"	"Mus musculus"	"http://purl.obolibrary.org/obo/NCBITaxon_10090"	"C57BL/6"	"http://www.ebi.ac.uk/efo/EFO_0004472"	"12 to 15 week"		"adult"	"http://www.ebi.ac.uk/efo/EFO_0001272"	"brain without olfactory bulb"		"Pdgfrb-GFP;NG2dsRed"		"Brain single cell 2605"	
"SRR5532035"	"Mus musculus"	"http://purl.obolibrary.org/obo/NCBITaxon_10090"	"C57BL/6"	"http://www.ebi.ac.uk/efo/EFO_0004472"	"12 to 15 week"		"adult"	"http://www.ebi.ac.uk/efo/EFO_0001272"	"brain without olfactory bulb"		"Pdgfrb-GFP;NG2dsRed"		"Brain single cell 2606"	
"SRR5532036"	"Mus musculus"	"http://purl.obolibrary.org/obo/NCBITaxon_10090"	"C57BL/6"	"http://www.ebi.ac.uk/efo/EFO_0004472"	"12 to 15 week"		"adult"	"http://www.ebi.ac.uk/efo/EFO_0001272"	"brain without olfactory bulb"		"Pdgfrb-GFP;NG2dsRed"		"Brain single cell 2607"	
"SRR5532037"	"Mus musculus"	"http://purl.obolibrary.org/obo/NCBITaxon_10090"	"C57BL/6"	"http://www.ebi.ac.uk/efo/EFO_0004472"	"12 to 15 week"		"adult"	"http://www.ebi.ac.uk/efo/EFO_0001272"	"brain without olfactory bulb"		"Pdgfrb-GFP;NG2dsRed"		"Brain single cell 2608"	
"SRR5532038"	"Mus musculus"	"http://purl.obolibrary.org/obo/NCBITaxon_10090"	"C57BL/6"	"http://www.ebi.ac.uk/efo/EFO_0004472"	"12 to 15 week"		"adult"	"http://www.ebi.ac.uk/efo/EFO_0001272"	"brain without olfactory bulb"		"Pdgfrb-GFP;NG2dsRed"		"Brain single cell 2609"	
"SRR5532039"	"Mus musculus"	"http://purl.obolibrary.org/obo/NCBITaxon_10090"	"C57BL/6"	"http://www.ebi.ac.uk/efo/EFO_0004472"	"12 to 15 week"		"adult"	"http://www.ebi.ac.uk/efo/EFO_0001272"	"brain without olfactory bulb"		"Pdgfrb-GFP;NG2dsRed"		"Brain single cell 2610"	
"SRR5532040"	"Mus musculus"	"http://purl.obolibrary.org/obo/NCBITaxon_10090"	"C57BL/6"	"http://www.ebi.ac.uk/efo/EFO_0004472"	"12 to 15 week"		"adult"	"http://www.ebi.ac.uk/efo/EFO_0001272"	"brain without olfactory bulb"		"Pdgfrb-GFP;NG2dsRed"		"Brain single cell 2611"	
"SRR5532041"	"Mus musculus"	"http://purl.obolibrary.org/obo/NCBITaxon_10090"	"C57BL/6"	"http://www.ebi.ac.uk/efo/EFO_0004472"	"12 to 15 week"		"adult"	"http://www.ebi.ac.uk/efo/EFO_0001272"	"brain without olfactory bulb"		"Pdgfrb-GFP;NG2dsRed"		"Brain single cell 2612"	
"SRR5532042"	"Mus musculus"	"http://purl.obolibrary.org/obo/NCBITaxon_10090"	"C57BL/6"	"http://www.ebi.ac.uk/efo/EFO_0004472"	"12 to 15 week"		"adult"	"http://www.ebi.ac.uk/efo/EFO_0001272"	"brain without olfactory bulb"		"Pdgfrb-GFP;NG2dsRed"		"Brain single cell 2613"	
"SRR5532043"	"Mus musculus"	"http://purl.obolibrary.org/obo/NCBITaxon_10090"	"C57BL/6"	"http://www.ebi.ac.uk/efo/EFO_0004472"	"12 to 15 week"		"adult"	"http://www.ebi.ac.uk/efo/EFO_0001272"	"brain without olfactory bulb"		"Pdgfrb-GFP;NG2dsRed"		"Brain single cell 2614"	
"SRR5532044"	"Mus musculus"	"http://purl.obolibrary.org/obo/NCBITaxon_10090"	"C57BL/6"	"http://www.ebi.ac.uk/efo/EFO_0004472"	"12 to 15 week"		"adult"	"http://www.ebi.ac.uk/efo/EFO_0001272"	"brain without olfactory bulb"		"Pdgfrb-GFP;NG2dsRed"		"Brain single cell 2615"	
"SRR5532045"	"Mus musculus"	"http://purl.obolibrary.org/obo/NCBITaxon_10090"	"C57BL/6"	"http://www.ebi.ac.uk/efo/EFO_0004472"	"12 to 15 week"		"adult"	"http://www.ebi.ac.uk/efo/EFO_0001272"	"brain without olfactory bulb"		"Pdgfrb-GFP;NG2dsRed"		"Brain single cell 2616"	
"SRR5532046"	"Mus musculus"	"http://purl.obolibrary.org/obo/NCBITaxon_10090"	"C57BL/6"	"http://www.ebi.ac.uk/efo/EFO_0004472"	"12 to 15 week"		"adult"	"http://www.ebi.ac.uk/efo/EFO_0001272"	"brain without olfactory bulb"		"Pdgfrb-GFP;NG2dsRed"		"Brain single cell 2617"	
"SRR5532047"	"Mus musculus"	"http://purl.obolibrary.org/obo/NCBITaxon_10090"	"C57BL/6"	"http://www.ebi.ac.uk/efo/EFO_0004472"	"12 to 15 week"		"adult"	"http://www.ebi.ac.uk/efo/EFO_0001272"	"brain without olfactory bulb"		"Pdgfrb-GFP;NG2dsRed"		"Brain single cell 2618"	
"SRR5532048"	"Mus musculus"	"http://purl.obolibrary.org/obo/NCBITaxon_10090"	"C57BL/6"	"http://www.ebi.ac.uk/efo/EFO_0004472"	"12 to 15 week"		"adult"	"http://www.ebi.ac.uk/efo/EFO_0001272"	"brain without olfactory bulb"		"Pdgfrb-GFP;NG2dsRed"		"Brain single cell 2619"	
"SRR5532049"	"Mus musculus"	"http://purl.obolibrary.org/obo/NCBITaxon_10090"	"C57BL/6"	"http://www.ebi.ac.uk/efo/EFO_0004472"	"12 to 15 week"		"adult"	"http://www.ebi.ac.uk/efo/EFO_0001272"	"brain without olfactory bulb"		"Pdgfrb-GFP;NG2dsRed"		"Brain single cell 2620"	
"SRR5532050"	"Mus musculus"	"http://purl.obolibrary.org/obo/NCBITaxon_10090"	"C57BL/6"	"http://www.ebi.ac.uk/efo/EFO_0004472"	"12 to 15 week"		"adult"	"http://www.ebi.ac.uk/efo/EFO_0001272"	"brain without olfactory bulb"		"Pdgfrb-GFP;NG2dsRed"		"Brain single cell 2621"	
"SRR5532051"	"Mus musculus"	"http://purl.obolibrary.org/obo/NCBITaxon_10090"	"C57BL/6"	"http://www.ebi.ac.uk/efo/EFO_0004472"	"12 to 15 week"		"adult"	"http://www.ebi.ac.uk/efo/EFO_0001272"	"brain without olfactory bulb"		"Pdgfrb-GFP;NG2dsRed"		"Brain single cell 2622"	
"SRR5532052"	"Mus musculus"	"http://purl.obolibrary.org/obo/NCBITaxon_10090"	"C57BL/6"	"http://www.ebi.ac.uk/efo/EFO_0004472"	"12 to 15 week"		"adult"	"http://www.ebi.ac.uk/efo/EFO_0001272"	"brain without olfactory bulb"		"Pdgfrb-GFP;NG2dsRed"		"Brain single cell 2623"	
"SRR5532053"	"Mus musculus"	"http://purl.obolibrary.org/obo/NCBITaxon_10090"	"C57BL/6"	"http://www.ebi.ac.uk/efo/EFO_0004472"	"12 to 15 week"		"adult"	"http://www.ebi.ac.uk/efo/EFO_0001272"	"brain without olfactory bulb"		"Pdgfrb-GFP;NG2dsRed"		"Brain single cell 2624"	
"SRR5532054"	"Mus musculus"	"http://purl.obolibrary.org/obo/NCBITaxon_10090"	"C57BL/6"	"http://www.ebi.ac.uk/efo/EFO_0004472"	"12 to 15 week"		"adult"	"http://www.ebi.ac.uk/efo/EFO_0001272"	"brain without olfactory bulb"		"Pdgfrb-GFP;NG2dsRed"		"Brain single cell 2625"	
"SRR5532055"	"Mus musculus"	"http://purl.obolibrary.org/obo/NCBITaxon_10090"	"C57BL/6"	"http://www.ebi.ac.uk/efo/EFO_0004472"	"12 to 15 week"		"adult"	"http://www.ebi.ac.uk/efo/EFO_0001272"	"brain without olfactory bulb"		"Pdgfrb-GFP;NG2dsRed"		"Brain single cell 2626"	
"SRR5532056"	"Mus musculus"	"http://purl.obolibrary.org/obo/NCBITaxon_10090"	"C57BL/6"	"http://www.ebi.ac.uk/efo/EFO_0004472"	"12 to 15 week"		"adult"	"http://www.ebi.ac.uk/efo/EFO_0001272"	"brain without olfactory bulb"		"Pdgfrb-GFP;NG2dsRed"		"Brain single cell 2627"	
"SRR5532057"	"Mus musculus"	"http://purl.obolibrary.org/obo/NCBITaxon_10090"	"C57BL/6"	"http://www.ebi.ac.uk/efo/EFO_0004472"	"12 to 15 week"		"adult"	"http://www.ebi.ac.uk/efo/EFO_0001272"	"brain without olfactory bulb"		"Pdgfrb-GFP;NG2dsRed"		"Brain single cell 2628"	
"SRR5532058"	"Mus musculus"	"http://purl.obolibrary.org/obo/NCBITaxon_10090"	"C57BL/6"	"http://www.ebi.ac.uk/efo/EFO_0004472"	"12 to 15 week"		"adult"	"http://www.ebi.ac.uk/efo/EFO_0001272"	"brain without olfactory bulb"		"Pdgfrb-GFP;NG2dsRed"		"Brain single cell 2629"	
"SRR5532059"	"Mus musculus"	"http://purl.obolibrary.org/obo/NCBITaxon_10090"	"C57BL/6"	"http://www.ebi.ac.uk/efo/EFO_0004472"	"12 to 15 week"		"adult"	"http://www.ebi.ac.uk/efo/EFO_0001272"	"brain without olfactory bulb"		"Pdgfrb-GFP;NG2dsRed"		"Brain single cell 2630"	
"SRR5532060"	"Mus musculus"	"http://purl.obolibrary.org/obo/NCBITaxon_10090"	"C57BL/6"	"http://www.ebi.ac.uk/efo/EFO_0004472"	"12 to 15 week"		"adult"	"http://www.ebi.ac.uk/efo/EFO_0001272"	"brain without olfactory bulb"		"Pdgfrb-GFP;NG2dsRed"		"Brain single cell 2631"	
"SRR5532061"	"Mus musculus"	"http://purl.obolibrary.org/obo/NCBITaxon_10090"	"C57BL/6"	"http://www.ebi.ac.uk/efo/EFO_0004472"	"12 to 15 week"		"adult"	"http://www.ebi.ac.uk/efo/EFO_0001272"	"brain without olfactory bulb"		"Pdgfrb-GFP;NG2dsRed"		"Brain single cell 2632"	
"SRR5532062"	"Mus musculus"	"http://purl.obolibrary.org/obo/NCBITaxon_10090"	"C57BL/6"	"http://www.ebi.ac.uk/efo/EFO_0004472"	"12 to 15 week"		"adult"	"http://www.ebi.ac.uk/efo/EFO_0001272"	"brain without olfactory bulb"		"Pdgfrb-GFP;NG2dsRed"		"Brain single cell 2633"	
"SRR5532063"	"Mus musculus"	"http://purl.obolibrary.org/obo/NCBITaxon_10090"	"C57BL/6"	"http://www.ebi.ac.uk/efo/EFO_0004472"	"12 to 15 week"		"adult"	"http://www.ebi.ac.uk/efo/EFO_0001272"	"brain without olfactory bulb"		"Pdgfrb-GFP;NG2dsRed"		"Brain single cell 2634"	
"SRR5532064"	"Mus musculus"	"http://purl.obolibrary.org/obo/NCBITaxon_10090"	"C57BL/6"	"http://www.ebi.ac.uk/efo/EFO_0004472"	"12 to 15 week"		"adult"	"http://www.ebi.ac.uk/efo/EFO_0001272"	"brain without olfactory bulb"		"Pdgfrb-GFP;NG2dsRed"		"Brain single cell 2635"	
"SRR5532065"	"Mus musculus"	"http://purl.obolibrary.org/obo/NCBITaxon_10090"	"C57BL/6"	"http://www.ebi.ac.uk/efo/EFO_0004472"	"12 to 15 week"		"adult"	"http://www.ebi.ac.uk/efo/EFO_0001272"	"brain without olfactory bulb"		"Pdgfrb-GFP;NG2dsRed"		"Brain single cell 2636"	
"SRR5532066"	"Mus musculus"	"http://purl.obolibrary.org/obo/NCBITaxon_10090"	"C57BL/6"	"http://www.ebi.ac.uk/efo/EFO_0004472"	"12 to 15 week"		"adult"	"http://www.ebi.ac.uk/efo/EFO_0001272"	"brain without olfactory bulb"		"Pdgfrb-GFP;NG2dsRed"		"Brain single cell 2637"	
"SRR5532067"	"Mus musculus"	"http://purl.obolibrary.org/obo/NCBITaxon_10090"	"C57BL/6"	"http://www.ebi.ac.uk/efo/EFO_0004472"	"12 to 15 week"		"adult"	"http://www.ebi.ac.uk/efo/EFO_0001272"	"brain without olfactory bulb"		"Pdgfrb-GFP;NG2dsRed"		"Brain single cell 2638"	
"SRR5532068"	"Mus musculus"	"http://purl.obolibrary.org/obo/NCBITaxon_10090"	"C57BL/6"	"http://www.ebi.ac.uk/efo/EFO_0004472"	"12 to 15 week"		"adult"	"http://www.ebi.ac.uk/efo/EFO_0001272"	"brain without olfactory bulb"		"Pdgfrb-GFP;NG2dsRed"		"Brain single cell 2639"	
"SRR5532069"	"Mus musculus"	"http://purl.obolibrary.org/obo/NCBITaxon_10090"	"C57BL/6"	"http://www.ebi.ac.uk/efo/EFO_0004472"	"12 to 15 week"		"adult"	"http://www.ebi.ac.uk/efo/EFO_0001272"	"brain without olfactory bulb"		"Pdgfrb-GFP;NG2dsRed"		"Brain single cell 2640"	
"SRR5532070"	"Mus musculus"	"http://purl.obolibrary.org/obo/NCBITaxon_10090"	"C57BL/6"	"http://www.ebi.ac.uk/efo/EFO_0004472"	"12 to 15 week"		"adult"	"http://www.ebi.ac.uk/efo/EFO_0001272"	"brain without olfactory bulb"		"Pdgfrb-GFP;NG2dsRed"		"Brain single cell 2641"	
"SRR5532071"	"Mus musculus"	"http://purl.obolibrary.org/obo/NCBITaxon_10090"	"C57BL/6"	"http://www.ebi.ac.uk/efo/EFO_0004472"	"12 to 15 week"		"adult"	"http://www.ebi.ac.uk/efo/EFO_0001272"	"brain without olfactory bulb"		"Pdgfrb-GFP;NG2dsRed"		"Brain single cell 2642"	
"SRR5532072"	"Mus musculus"	"http://purl.obolibrary.org/obo/NCBITaxon_10090"	"C57BL/6"	"http://www.ebi.ac.uk/efo/EFO_0004472"	"12 to 15 week"		"adult"	"http://www.ebi.ac.uk/efo/EFO_0001272"	"brain without olfactory bulb"		"Pdgfrb-GFP;NG2dsRed"		"Brain single cell 2643"	
"SRR5532073"	"Mus musculus"	"http://purl.obolibrary.org/obo/NCBITaxon_10090"	"C57BL/6"	"http://www.ebi.ac.uk/efo/EFO_0004472"	"12 to 15 week"		"adult"	"http://www.ebi.ac.uk/efo/EFO_0001272"	"brain without olfactory bulb"		"Pdgfrb-GFP;NG2dsRed"		"Brain single cell 2644"	
"SRR5532074"	"Mus musculus"	"http://purl.obolibrary.org/obo/NCBITaxon_10090"	"C57BL/6"	"http://www.ebi.ac.uk/efo/EFO_0004472"	"12 to 15 week"		"adult"	"http://www.ebi.ac.uk/efo/EFO_0001272"	"brain without olfactory bulb"		"Pdgfrb-GFP;NG2dsRed"		"Brain single cell 2645"	
"SRR5532075"	"Mus musculus"	"http://purl.obolibrary.org/obo/NCBITaxon_10090"	"C57BL/6"	"http://www.ebi.ac.uk/efo/EFO_0004472"	"12 to 15 week"		"adult"	"http://www.ebi.ac.uk/efo/EFO_0001272"	"brain without olfactory bulb"		"Pdgfrb-GFP;NG2dsRed"		"Brain single cell 2646"	
"SRR5532076"	"Mus musculus"	"http://purl.obolibrary.org/obo/NCBITaxon_10090"	"C57BL/6"	"http://www.ebi.ac.uk/efo/EFO_0004472"	"12 to 15 week"		"adult"	"http://www.ebi.ac.uk/efo/EFO_0001272"	"brain without olfactory bulb"		"Pdgfrb-GFP;NG2dsRed"		"Brain single cell 2647"	
"SRR5532077"	"Mus musculus"	"http://purl.obolibrary.org/obo/NCBITaxon_10090"	"C57BL/6"	"http://www.ebi.ac.uk/efo/EFO_0004472"	"12 to 15 week"		"adult"	"http://www.ebi.ac.uk/efo/EFO_0001272"	"brain without olfactory bulb"		"Pdgfrb-GFP;NG2dsRed"		"Brain single cell 2648"	
"SRR5532078"	"Mus musculus"	"http://purl.obolibrary.org/obo/NCBITaxon_10090"	"C57BL/6"	"http://www.ebi.ac.uk/efo/EFO_0004472"	"12 to 15 week"		"adult"	"http://www.ebi.ac.uk/efo/EFO_0001272"	"brain without olfactory bulb"		"Pdgfrb-GFP;NG2dsRed"		"Brain single cell 2649"	
"SRR5532079"	"Mus musculus"	"http://purl.obolibrary.org/obo/NCBITaxon_10090"	"C57BL/6"	"http://www.ebi.ac.uk/efo/EFO_0004472"	"12 to 15 week"		"adult"	"http://www.ebi.ac.uk/efo/EFO_0001272"	"brain without olfactory bulb"		"Pdgfrb-GFP;NG2dsRed"		"Brain single cell 2650"	
"SRR5532080"	"Mus musculus"	"http://purl.obolibrary.org/obo/NCBITaxon_10090"	"C57BL/6"	"http://www.ebi.ac.uk/efo/EFO_0004472"	"12 to 15 week"		"adult"	"http://www.ebi.ac.uk/efo/EFO_0001272"	"brain without olfactory bulb"		"Pdgfrb-GFP;NG2dsRed"		"Brain single cell 2651"	
"SRR5532081"	"Mus musculus"	"http://purl.obolibrary.org/obo/NCBITaxon_10090"	"C57BL/6"	"http://www.ebi.ac.uk/efo/EFO_0004472"	"12 to 15 week"		"adult"	"http://www.ebi.ac.uk/efo/EFO_0001272"	"brain without olfactory bulb"		"Pdgfrb-GFP;NG2dsRed"		"Brain single cell 2652"	
"SRR5532082"	"Mus musculus"	"http://purl.obolibrary.org/obo/NCBITaxon_10090"	"C57BL/6"	"http://www.ebi.ac.uk/efo/EFO_0004472"	"12 to 15 week"		"adult"	"http://www.ebi.ac.uk/efo/EFO_0001272"	"brain without olfactory bulb"		"Pdgfrb-GFP;NG2dsRed"		"Brain single cell 2653"	
"SRR5532083"	"Mus musculus"	"http://purl.obolibrary.org/obo/NCBITaxon_10090"	"C57BL/6"	"http://www.ebi.ac.uk/efo/EFO_0004472"	"12 to 15 week"		"adult"	"http://www.ebi.ac.uk/efo/EFO_0001272"	"brain without olfactory bulb"		"Pdgfrb-GFP;NG2dsRed"		"Brain single cell 2654"	
"SRR5532084"	"Mus musculus"	"http://purl.obolibrary.org/obo/NCBITaxon_10090"	"C57BL/6"	"http://www.ebi.ac.uk/efo/EFO_0004472"	"12 to 15 week"		"adult"	"http://www.ebi.ac.uk/efo/EFO_0001272"	"brain without olfactory bulb"		"Pdgfrb-GFP;NG2dsRed"		"Brain single cell 2655"	
"SRR5532085"	"Mus musculus"	"http://purl.obolibrary.org/obo/NCBITaxon_10090"	"C57BL/6"	"http://www.ebi.ac.uk/efo/EFO_0004472"	"12 to 15 week"		"adult"	"http://www.ebi.ac.uk/efo/EFO_0001272"	"brain without olfactory bulb"		"Pdgfrb-GFP;NG2dsRed"		"Brain single cell 2656"	
"SRR5532086"	"Mus musculus"	"http://purl.obolibrary.org/obo/NCBITaxon_10090"	"C57BL/6"	"http://www.ebi.ac.uk/efo/EFO_0004472"	"12 to 15 week"		"adult"	"http://www.ebi.ac.uk/efo/EFO_0001272"	"brain without olfactory bulb"		"Pdgfrb-GFP;NG2dsRed"		"Brain single cell 2657"	
"SRR5532087"	"Mus musculus"	"http://purl.obolibrary.org/obo/NCBITaxon_10090"	"C57BL/6"	"http://www.ebi.ac.uk/efo/EFO_0004472"	"12 to 15 week"		"adult"	"http://www.ebi.ac.uk/efo/EFO_0001272"	"brain without olfactory bulb"		"Pdgfrb-GFP;NG2dsRed"		"Brain single cell 2658"	
"SRR5532088"	"Mus musculus"	"http://purl.obolibrary.org/obo/NCBITaxon_10090"	"C57BL/6"	"http://www.ebi.ac.uk/efo/EFO_0004472"	"12 to 15 week"		"adult"	"http://www.ebi.ac.uk/efo/EFO_0001272"	"brain without olfactory bulb"		"Pdgfrb-GFP;NG2dsRed"		"Brain single cell 2659"	
"SRR5532089"	"Mus musculus"	"http://purl.obolibrary.org/obo/NCBITaxon_10090"	"C57BL/6"	"http://www.ebi.ac.uk/efo/EFO_0004472"	"12 to 15 week"		"adult"	"http://www.ebi.ac.uk/efo/EFO_0001272"	"brain without olfactory bulb"		"Pdgfrb-GFP;NG2dsRed"		"Brain single cell 2660"	
"SRR5532090"	"Mus musculus"	"http://purl.obolibrary.org/obo/NCBITaxon_10090"	"C57BL/6"	"http://www.ebi.ac.uk/efo/EFO_0004472"	"12 to 15 week"		"adult"	"http://www.ebi.ac.uk/efo/EFO_0001272"	"brain without olfactory bulb"		"Pdgfrb-GFP;NG2dsRed"		"Brain single cell 2661"	
"SRR5532091"	"Mus musculus"	"http://purl.obolibrary.org/obo/NCBITaxon_10090"	"C57BL/6"	"http://www.ebi.ac.uk/efo/EFO_0004472"	"12 to 15 week"		"adult"	"http://www.ebi.ac.uk/efo/EFO_0001272"	"brain without olfactory bulb"		"Pdgfrb-GFP;NG2dsRed"		"Brain single cell 2662"	
"SRR5532092"	"Mus musculus"	"http://purl.obolibrary.org/obo/NCBITaxon_10090"	"C57BL/6"	"http://www.ebi.ac.uk/efo/EFO_0004472"	"12 to 15 week"		"adult"	"http://www.ebi.ac.uk/efo/EFO_0001272"	"brain without olfactory bulb"		"Pdgfrb-GFP;NG2dsRed"		"Brain single cell 2663"	
"SRR5532093"	"Mus musculus"	"http://purl.obolibrary.org/obo/NCBITaxon_10090"	"C57BL/6"	"http://www.ebi.ac.uk/efo/EFO_0004472"	"12 to 15 week"		"adult"	"http://www.ebi.ac.uk/efo/EFO_0001272"	"brain without olfactory bulb"		"Pdgfrb-GFP;NG2dsRed"		"Brain single cell 2664"	
"SRR5532094"	"Mus musculus"	"http://purl.obolibrary.org/obo/NCBITaxon_10090"	"C57BL/6"	"http://www.ebi.ac.uk/efo/EFO_0004472"	"12 to 15 week"		"adult"	"http://www.ebi.ac.uk/efo/EFO_0001272"	"brain without olfactory bulb"		"Pdgfrb-GFP;NG2dsRed"		"Brain single cell 2665"	
"SRR5532095"	"Mus musculus"	"http://purl.obolibrary.org/obo/NCBITaxon_10090"	"C57BL/6"	"http://www.ebi.ac.uk/efo/EFO_0004472"	"12 to 15 week"		"adult"	"http://www.ebi.ac.uk/efo/EFO_0001272"	"brain without olfactory bulb"		"Pdgfrb-GFP;NG2dsRed"		"Brain single cell 2666"	
"SRR5532096"	"Mus musculus"	"http://purl.obolibrary.org/obo/NCBITaxon_10090"	"C57BL/6"	"http://www.ebi.ac.uk/efo/EFO_0004472"	"12 to 15 week"		"adult"	"http://www.ebi.ac.uk/efo/EFO_0001272"	"brain without olfactory bulb"		"Pdgfrb-GFP;NG2dsRed"		"Brain single cell 2667"	
"SRR5532097"	"Mus musculus"	"http://purl.obolibrary.org/obo/NCBITaxon_10090"	"C57BL/6"	"http://www.ebi.ac.uk/efo/EFO_0004472"	"12 to 15 week"		"adult"	"http://www.ebi.ac.uk/efo/EFO_0001272"	"brain without olfactory bulb"		"Pdgfrb-GFP;NG2dsRed"		"Brain single cell 2668"	
"SRR5532098"	"Mus musculus"	"http://purl.obolibrary.org/obo/NCBITaxon_10090"	"C57BL/6"	"http://www.ebi.ac.uk/efo/EFO_0004472"	"12 to 15 week"		"adult"	"http://www.ebi.ac.uk/efo/EFO_0001272"	"brain without olfactory bulb"		"Pdgfrb-GFP;NG2dsRed"		"Brain single cell 2669"	
"SRR5532099"	"Mus musculus"	"http://purl.obolibrary.org/obo/NCBITaxon_10090"	"C57BL/6"	"http://www.ebi.ac.uk/efo/EFO_0004472"	"12 to 15 week"		"adult"	"http://www.ebi.ac.uk/efo/EFO_0001272"	"brain without olfactory bulb"		"Pdgfrb-GFP;NG2dsRed"		"Brain single cell 2670"	
"SRR5532100"	"Mus musculus"	"http://purl.obolibrary.org/obo/NCBITaxon_10090"	"C57BL/6"	"http://www.ebi.ac.uk/efo/EFO_0004472"	"12 to 15 week"		"adult"	"http://www.ebi.ac.uk/efo/EFO_0001272"	"brain without olfactory bulb"		"Pdgfrb-GFP;NG2dsRed"		"Brain single cell 2671"	
"SRR5532101"	"Mus musculus"	"http://purl.obolibrary.org/obo/NCBITaxon_10090"	"C57BL/6"	"http://www.ebi.ac.uk/efo/EFO_0004472"	"12 to 15 week"		"adult"	"http://www.ebi.ac.uk/efo/EFO_0001272"	"brain without olfactory bulb"		"Pdgfrb-GFP;NG2dsRed"		"Brain single cell 2672"	
"SRR5532102"	"Mus musculus"	"http://purl.obolibrary.org/obo/NCBITaxon_10090"	"C57BL/6"	"http://www.ebi.ac.uk/efo/EFO_0004472"	"12 to 15 week"		"adult"	"http://www.ebi.ac.uk/efo/EFO_0001272"	"brain without olfactory bulb"		"Pdgfrb-GFP;NG2dsRed"		"Brain single cell 2673"	
"SRR5532103"	"Mus musculus"	"http://purl.obolibrary.org/obo/NCBITaxon_10090"	"C57BL/6"	"http://www.ebi.ac.uk/efo/EFO_0004472"	"12 to 15 week"		"adult"	"http://www.ebi.ac.uk/efo/EFO_0001272"	"brain without olfactory bulb"		"Pdgfrb-GFP;NG2dsRed"		"Brain single cell 2674"	
"SRR5532104"	"Mus musculus"	"http://purl.obolibrary.org/obo/NCBITaxon_10090"	"C57BL/6"	"http://www.ebi.ac.uk/efo/EFO_0004472"	"12 to 15 week"		"adult"	"http://www.ebi.ac.uk/efo/EFO_0001272"	"brain without olfactory bulb"		"Pdgfrb-GFP;NG2dsRed"		"Brain single cell 2675"	
"SRR5532105"	"Mus musculus"	"http://purl.obolibrary.org/obo/NCBITaxon_10090"	"C57BL/6"	"http://www.ebi.ac.uk/efo/EFO_0004472"	"12 to 15 week"		"adult"	"http://www.ebi.ac.uk/efo/EFO_0001272"	"brain without olfactory bulb"		"Pdgfrb-GFP;NG2dsRed"		"Brain single cell 2676"	
"SRR5532106"	"Mus musculus"	"http://purl.obolibrary.org/obo/NCBITaxon_10090"	"C57BL/6"	"http://www.ebi.ac.uk/efo/EFO_0004472"	"12 to 15 week"		"adult"	"http://www.ebi.ac.uk/efo/EFO_0001272"	"brain without olfactory bulb"		"Pdgfrb-GFP;NG2dsRed"		"Brain single cell 2677"	
"SRR5532107"	"Mus musculus"	"http://purl.obolibrary.org/obo/NCBITaxon_10090"	"C57BL/6"	"http://www.ebi.ac.uk/efo/EFO_0004472"	"12 to 15 week"		"adult"	"http://www.ebi.ac.uk/efo/EFO_0001272"	"brain without olfactory bulb"		"Pdgfrb-GFP;NG2dsRed"		"Brain single cell 2678"	
"SRR5532108"	"Mus musculus"	"http://purl.obolibrary.org/obo/NCBITaxon_10090"	"C57BL/6"	"http://www.ebi.ac.uk/efo/EFO_0004472"	"12 to 15 week"		"adult"	"http://www.ebi.ac.uk/efo/EFO_0001272"	"brain without olfactory bulb"		"Pdgfrb-GFP;NG2dsRed"		"Brain single cell 2679"	
"SRR5532109"	"Mus musculus"	"http://purl.obolibrary.org/obo/NCBITaxon_10090"	"C57BL/6"	"http://www.ebi.ac.uk/efo/EFO_0004472"	"12 to 15 week"		"adult"	"http://www.ebi.ac.uk/efo/EFO_0001272"	"brain without olfactory bulb"		"Pdgfrb-GFP;NG2dsRed"		"Brain single cell 2680"	
"SRR5532110"	"Mus musculus"	"http://purl.obolibrary.org/obo/NCBITaxon_10090"	"C57BL/6"	"http://www.ebi.ac.uk/efo/EFO_0004472"	"12 to 15 week"		"adult"	"http://www.ebi.ac.uk/efo/EFO_0001272"	"brain without olfactory bulb"		"Pdgfrb-GFP;NG2dsRed"		"Brain single cell 2681"	
"SRR5532111"	"Mus musculus"	"http://purl.obolibrary.org/obo/NCBITaxon_10090"	"C57BL/6"	"http://www.ebi.ac.uk/efo/EFO_0004472"	"12 to 15 week"		"adult"	"http://www.ebi.ac.uk/efo/EFO_0001272"	"brain without olfactory bulb"		"Pdgfrb-GFP;NG2dsRed"		"Brain single cell 2682"	
"SRR5532112"	"Mus musculus"	"http://purl.obolibrary.org/obo/NCBITaxon_10090"	"C57BL/6"	"http://www.ebi.ac.uk/efo/EFO_0004472"	"12 to 15 week"		"adult"	"http://www.ebi.ac.uk/efo/EFO_0001272"	"brain without olfactory bulb"		"Pdgfrb-GFP;NG2dsRed"		"Brain single cell 2683"	
"SRR5532113"	"Mus musculus"	"http://purl.obolibrary.org/obo/NCBITaxon_10090"	"C57BL/6"	"http://www.ebi.ac.uk/efo/EFO_0004472"	"12 to 15 week"		"adult"	"http://www.ebi.ac.uk/efo/EFO_0001272"	"brain without olfactory bulb"		"Pdgfrb-GFP;NG2dsRed"		"Brain single cell 2684"	
"SRR5532114"	"Mus musculus"	"http://purl.obolibrary.org/obo/NCBITaxon_10090"	"C57BL/6"	"http://www.ebi.ac.uk/efo/EFO_0004472"	"12 to 15 week"		"adult"	"http://www.ebi.ac.uk/efo/EFO_0001272"	"brain without olfactory bulb"		"Pdgfrb-GFP;NG2dsRed"		"Brain single cell 2685"	
"SRR5532115"	"Mus musculus"	"http://purl.obolibrary.org/obo/NCBITaxon_10090"	"C57BL/6"	"http://www.ebi.ac.uk/efo/EFO_0004472"	"12 to 15 week"		"adult"	"http://www.ebi.ac.uk/efo/EFO_0001272"	"brain without olfactory bulb"		"Pdgfrb-GFP;NG2dsRed"		"Brain single cell 2686"	
"SRR5532116"	"Mus musculus"	"http://purl.obolibrary.org/obo/NCBITaxon_10090"	"C57BL/6"	"http://www.ebi.ac.uk/efo/EFO_0004472"	"12 to 15 week"		"adult"	"http://www.ebi.ac.uk/efo/EFO_0001272"	"brain without olfactory bulb"		"Pdgfrb-GFP;NG2dsRed"		"Brain single cell 2687"	
"SRR5532117"	"Mus musculus"	"http://purl.obolibrary.org/obo/NCBITaxon_10090"	"C57BL/6"	"http://www.ebi.ac.uk/efo/EFO_0004472"	"12 to 15 week"		"adult"	"http://www.ebi.ac.uk/efo/EFO_0001272"	"brain without olfactory bulb"		"Pdgfrb-GFP;NG2dsRed"		"Brain single cell 2688"	
"SRR5532118"	"Mus musculus"	"http://purl.obolibrary.org/obo/NCBITaxon_10090"	"C57BL/6"	"http://www.ebi.ac.uk/efo/EFO_0004472"	"12 to 15 week"		"adult"	"http://www.ebi.ac.uk/efo/EFO_0001272"	"brain without olfactory bulb"		"Pdgfrb-GFP;NG2dsRed"		"Brain single cell 2689"	
"SRR5532119"	"Mus musculus"	"http://purl.obolibrary.org/obo/NCBITaxon_10090"	"C57BL/6"	"http://www.ebi.ac.uk/efo/EFO_0004472"	"12 to 15 week"		"adult"	"http://www.ebi.ac.uk/efo/EFO_0001272"	"brain without olfactory bulb"		"Pdgfrb-GFP;NG2dsRed"		"Brain single cell 2690"	
"SRR5532120"	"Mus musculus"	"http://purl.obolibrary.org/obo/NCBITaxon_10090"	"C57BL/6"	"http://www.ebi.ac.uk/efo/EFO_0004472"	"12 to 15 week"		"adult"	"http://www.ebi.ac.uk/efo/EFO_0001272"	"brain without olfactory bulb"		"Pdgfrb-GFP;NG2dsRed"		"Brain single cell 2691"	
"SRR5532121"	"Mus musculus"	"http://purl.obolibrary.org/obo/NCBITaxon_10090"	"C57BL/6"	"http://www.ebi.ac.uk/efo/EFO_0004472"	"12 to 15 week"		"adult"	"http://www.ebi.ac.uk/efo/EFO_0001272"	"brain without olfactory bulb"		"Pdgfrb-GFP;NG2dsRed"		"Brain single cell 2692"	
"SRR5532122"	"Mus musculus"	"http://purl.obolibrary.org/obo/NCBITaxon_10090"	"C57BL/6"	"http://www.ebi.ac.uk/efo/EFO_0004472"	"12 to 15 week"		"adult"	"http://www.ebi.ac.uk/efo/EFO_0001272"	"brain without olfactory bulb"		"Pdgfrb-GFP;NG2dsRed"		"Brain single cell 2693"	
"SRR5532123"	"Mus musculus"	"http://purl.obolibrary.org/obo/NCBITaxon_10090"	"C57BL/6"	"http://www.ebi.ac.uk/efo/EFO_0004472"	"12 to 15 week"		"adult"	"http://www.ebi.ac.uk/efo/EFO_0001272"	"brain without olfactory bulb"		"Pdgfrb-GFP;NG2dsRed"		"Brain single cell 2694"	
"SRR5532124"	"Mus musculus"	"http://purl.obolibrary.org/obo/NCBITaxon_10090"	"C57BL/6"	"http://www.ebi.ac.uk/efo/EFO_0004472"	"12 to 15 week"		"adult"	"http://www.ebi.ac.uk/efo/EFO_0001272"	"brain without olfactory bulb"		"Pdgfrb-GFP;NG2dsRed"		"Brain single cell 2695"	
"SRR5532125"	"Mus musculus"	"http://purl.obolibrary.org/obo/NCBITaxon_10090"	"C57BL/6"	"http://www.ebi.ac.uk/efo/EFO_0004472"	"12 to 15 week"		"adult"	"http://www.ebi.ac.uk/efo/EFO_0001272"	"brain without olfactory bulb"		"Pdgfrb-GFP;NG2dsRed"		"Brain single cell 2696"	
"SRR5532126"	"Mus musculus"	"http://purl.obolibrary.org/obo/NCBITaxon_10090"	"C57BL/6"	"http://www.ebi.ac.uk/efo/EFO_0004472"	"12 to 15 week"		"adult"	"http://www.ebi.ac.uk/efo/EFO_0001272"	"brain without olfactory bulb"		"Pdgfrb-GFP;NG2dsRed"		"Brain single cell 2697"	
"SRR5532127"	"Mus musculus"	"http://purl.obolibrary.org/obo/NCBITaxon_10090"	"C57BL/6"	"http://www.ebi.ac.uk/efo/EFO_0004472"	"12 to 15 week"		"adult"	"http://www.ebi.ac.uk/efo/EFO_0001272"	"brain without olfactory bulb"		"Pdgfrb-GFP;NG2dsRed"		"Brain single cell 2698"	
"SRR5532128"	"Mus musculus"	"http://purl.obolibrary.org/obo/NCBITaxon_10090"	"C57BL/6"	"http://www.ebi.ac.uk/efo/EFO_0004472"	"12 to 15 week"		"adult"	"http://www.ebi.ac.uk/efo/EFO_0001272"	"brain without olfactory bulb"		"Pdgfrb-GFP;NG2dsRed"		"Brain single cell 2699"	
"SRR5532129"	"Mus musculus"	"http://purl.obolibrary.org/obo/NCBITaxon_10090"	"C57BL/6"	"http://www.ebi.ac.uk/efo/EFO_0004472"	"12 to 15 week"		"adult"	"http://www.ebi.ac.uk/efo/EFO_0001272"	"brain without olfactory bulb"		"Pdgfrb-GFP;NG2dsRed"		"Brain single cell 2700"	
"SRR5532130"	"Mus musculus"	"http://purl.obolibrary.org/obo/NCBITaxon_10090"	"C57BL/6"	"http://www.ebi.ac.uk/efo/EFO_0004472"	"12 to 15 week"		"adult"	"http://www.ebi.ac.uk/efo/EFO_0001272"	"brain without olfactory bulb"		"Pdgfrb-GFP;NG2dsRed"		"Brain single cell 2701"	
"SRR5532131"	"Mus musculus"	"http://purl.obolibrary.org/obo/NCBITaxon_10090"	"C57BL/6"	"http://www.ebi.ac.uk/efo/EFO_0004472"	"12 to 15 week"		"adult"	"http://www.ebi.ac.uk/efo/EFO_0001272"	"brain without olfactory bulb"		"Pdgfrb-GFP;NG2dsRed"		"Brain single cell 2702"	
"SRR5532132"	"Mus musculus"	"http://purl.obolibrary.org/obo/NCBITaxon_10090"	"C57BL/6"	"http://www.ebi.ac.uk/efo/EFO_0004472"	"12 to 15 week"		"adult"	"http://www.ebi.ac.uk/efo/EFO_0001272"	"brain without olfactory bulb"		"Pdgfrb-GFP;NG2dsRed"		"Brain single cell 2703"	
"SRR5532133"	"Mus musculus"	"http://purl.obolibrary.org/obo/NCBITaxon_10090"	"C57BL/6"	"http://www.ebi.ac.uk/efo/EFO_0004472"	"12 to 15 week"		"adult"	"http://www.ebi.ac.uk/efo/EFO_0001272"	"brain without olfactory bulb"		"Pdgfrb-GFP;NG2dsRed"		"Brain single cell 2704"	
"SRR5532134"	"Mus musculus"	"http://purl.obolibrary.org/obo/NCBITaxon_10090"	"C57BL/6"	"http://www.ebi.ac.uk/efo/EFO_0004472"	"12 to 15 week"		"adult"	"http://www.ebi.ac.uk/efo/EFO_0001272"	"brain without olfactory bulb"		"Pdgfrb-GFP;NG2dsRed"		"Brain single cell 2705"	
"SRR5532135"	"Mus musculus"	"http://purl.obolibrary.org/obo/NCBITaxon_10090"	"C57BL/6"	"http://www.ebi.ac.uk/efo/EFO_0004472"	"12 to 15 week"		"adult"	"http://www.ebi.ac.uk/efo/EFO_0001272"	"brain without olfactory bulb"		"Pdgfrb-GFP;NG2dsRed"		"Brain single cell 2706"	
"SRR5532136"	"Mus musculus"	"http://purl.obolibrary.org/obo/NCBITaxon_10090"	"C57BL/6"	"http://www.ebi.ac.uk/efo/EFO_0004472"	"12 to 15 week"		"adult"	"http://www.ebi.ac.uk/efo/EFO_0001272"	"brain without olfactory bulb"		"Pdgfrb-GFP;NG2dsRed"		"Brain single cell 2707"	
"SRR5532137"	"Mus musculus"	"http://purl.obolibrary.org/obo/NCBITaxon_10090"	"C57BL/6"	"http://www.ebi.ac.uk/efo/EFO_0004472"	"12 to 15 week"		"adult"	"http://www.ebi.ac.uk/efo/EFO_0001272"	"brain without olfactory bulb"		"Pdgfrb-GFP;NG2dsRed"		"Brain single cell 2708"	
"SRR5532138"	"Mus musculus"	"http://purl.obolibrary.org/obo/NCBITaxon_10090"	"C57BL/6"	"http://www.ebi.ac.uk/efo/EFO_0004472"	"12 to 15 week"		"adult"	"http://www.ebi.ac.uk/efo/EFO_0001272"	"brain without olfactory bulb"		"Pdgfrb-GFP;NG2dsRed"		"Brain single cell 2709"	
"SRR5532139"	"Mus musculus"	"http://purl.obolibrary.org/obo/NCBITaxon_10090"	"C57BL/6"	"http://www.ebi.ac.uk/efo/EFO_0004472"	"12 to 15 week"		"adult"	"http://www.ebi.ac.uk/efo/EFO_0001272"	"brain without olfactory bulb"		"Pdgfrb-GFP;NG2dsRed"		"Brain single cell 2710"	
"SRR5532140"	"Mus musculus"	"http://purl.obolibrary.org/obo/NCBITaxon_10090"	"C57BL/6"	"http://www.ebi.ac.uk/efo/EFO_0004472"	"12 to 15 week"		"adult"	"http://www.ebi.ac.uk/efo/EFO_0001272"	"brain without olfactory bulb"		"Pdgfrb-GFP;NG2dsRed"		"Brain single cell 2711"	
"SRR5532141"	"Mus musculus"	"http://purl.obolibrary.org/obo/NCBITaxon_10090"	"C57BL/6"	"http://www.ebi.ac.uk/efo/EFO_0004472"	"12 to 15 week"		"adult"	"http://www.ebi.ac.uk/efo/EFO_0001272"	"brain without olfactory bulb"		"Pdgfrb-GFP;NG2dsRed"		"Brain single cell 2712"	
"SRR5532142"	"Mus musculus"	"http://purl.obolibrary.org/obo/NCBITaxon_10090"	"C57BL/6"	"http://www.ebi.ac.uk/efo/EFO_0004472"	"12 to 15 week"		"adult"	"http://www.ebi.ac.uk/efo/EFO_0001272"	"brain without olfactory bulb"		"Pdgfrb-GFP;NG2dsRed"		"Brain single cell 2713"	
"SRR5532143"	"Mus musculus"	"http://purl.obolibrary.org/obo/NCBITaxon_10090"	"C57BL/6"	"http://www.ebi.ac.uk/efo/EFO_0004472"	"12 to 15 week"		"adult"	"http://www.ebi.ac.uk/efo/EFO_0001272"	"brain without olfactory bulb"		"Pdgfrb-GFP;NG2dsRed"		"Brain single cell 2714"	
"SRR5532144"	"Mus musculus"	"http://purl.obolibrary.org/obo/NCBITaxon_10090"	"C57BL/6"	"http://www.ebi.ac.uk/efo/EFO_0004472"	"12 to 15 week"		"adult"	"http://www.ebi.ac.uk/efo/EFO_0001272"	"brain without olfactory bulb"		"Pdgfrb-GFP;NG2dsRed"		"Brain single cell 2715"	
"SRR5532145"	"Mus musculus"	"http://purl.obolibrary.org/obo/NCBITaxon_10090"	"C57BL/6"	"http://www.ebi.ac.uk/efo/EFO_0004472"	"12 to 15 week"		"adult"	"http://www.ebi.ac.uk/efo/EFO_0001272"	"brain without olfactory bulb"		"Pdgfrb-GFP;NG2dsRed"		"Brain single cell 2716"	
"SRR5532146"	"Mus musculus"	"http://purl.obolibrary.org/obo/NCBITaxon_10090"	"C57BL/6"	"http://www.ebi.ac.uk/efo/EFO_0004472"	"12 to 15 week"		"adult"	"http://www.ebi.ac.uk/efo/EFO_0001272"	"brain without olfactory bulb"		"Pdgfrb-GFP;NG2dsRed"		"Brain single cell 2717"	
"SRR5532147"	"Mus musculus"	"http://purl.obolibrary.org/obo/NCBITaxon_10090"	"C57BL/6"	"http://www.ebi.ac.uk/efo/EFO_0004472"	"12 to 15 week"		"adult"	"http://www.ebi.ac.uk/efo/EFO_0001272"	"brain without olfactory bulb"		"Pdgfrb-GFP;NG2dsRed"		"Brain single cell 2718"	
"SRR5532148"	"Mus musculus"	"http://purl.obolibrary.org/obo/NCBITaxon_10090"	"C57BL/6"	"http://www.ebi.ac.uk/efo/EFO_0004472"	"12 to 15 week"		"adult"	"http://www.ebi.ac.uk/efo/EFO_0001272"	"brain without olfactory bulb"		"Pdgfrb-GFP;NG2dsRed"		"Brain single cell 2719"	
"SRR5532149"	"Mus musculus"	"http://purl.obolibrary.org/obo/NCBITaxon_10090"	"C57BL/6"	"http://www.ebi.ac.uk/efo/EFO_0004472"	"12 to 15 week"		"adult"	"http://www.ebi.ac.uk/efo/EFO_0001272"	"brain without olfactory bulb"		"Pdgfrb-GFP;NG2dsRed"		"Brain single cell 2720"	
"SRR5532150"	"Mus musculus"	"http://purl.obolibrary.org/obo/NCBITaxon_10090"	"C57BL/6"	"http://www.ebi.ac.uk/efo/EFO_0004472"	"12 to 15 week"		"adult"	"http://www.ebi.ac.uk/efo/EFO_0001272"	"brain without olfactory bulb"		"Pdgfrb-GFP;NG2dsRed"		"Brain single cell 2721"	
"SRR5532151"	"Mus musculus"	"http://purl.obolibrary.org/obo/NCBITaxon_10090"	"C57BL/6"	"http://www.ebi.ac.uk/efo/EFO_0004472"	"12 to 15 week"		"adult"	"http://www.ebi.ac.uk/efo/EFO_0001272"	"brain without olfactory bulb"		"Pdgfrb-GFP;NG2dsRed"		"Brain single cell 2722"	
"SRR5532152"	"Mus musculus"	"http://purl.obolibrary.org/obo/NCBITaxon_10090"	"C57BL/6"	"http://www.ebi.ac.uk/efo/EFO_0004472"	"12 to 15 week"		"adult"	"http://www.ebi.ac.uk/efo/EFO_0001272"	"brain without olfactory bulb"		"Pdgfrb-GFP;NG2dsRed"		"Brain single cell 2723"	
"SRR5532153"	"Mus musculus"	"http://purl.obolibrary.org/obo/NCBITaxon_10090"	"C57BL/6"	"http://www.ebi.ac.uk/efo/EFO_0004472"	"12 to 15 week"		"adult"	"http://www.ebi.ac.uk/efo/EFO_0001272"	"brain without olfactory bulb"		"Pdgfrb-GFP;NG2dsRed"		"Brain single cell 2724"	
"SRR5532154"	"Mus musculus"	"http://purl.obolibrary.org/obo/NCBITaxon_10090"	"C57BL/6"	"http://www.ebi.ac.uk/efo/EFO_0004472"	"12 to 15 week"		"adult"	"http://www.ebi.ac.uk/efo/EFO_0001272"	"brain without olfactory bulb"		"Pdgfrb-GFP;NG2dsRed"		"Brain single cell 2725"	
"SRR5532155"	"Mus musculus"	"http://purl.obolibrary.org/obo/NCBITaxon_10090"	"C57BL/6"	"http://www.ebi.ac.uk/efo/EFO_0004472"	"12 to 15 week"		"adult"	"http://www.ebi.ac.uk/efo/EFO_0001272"	"brain without olfactory bulb"		"Pdgfrb-GFP;NG2dsRed"		"Brain single cell 2726"	
"SRR5532156"	"Mus musculus"	"http://purl.obolibrary.org/obo/NCBITaxon_10090"	"C57BL/6"	"http://www.ebi.ac.uk/efo/EFO_0004472"	"12 to 15 week"		"adult"	"http://www.ebi.ac.uk/efo/EFO_0001272"	"brain without olfactory bulb"		"Pdgfrb-GFP;NG2dsRed"		"Brain single cell 2727"	
"SRR5532157"	"Mus musculus"	"http://purl.obolibrary.org/obo/NCBITaxon_10090"	"C57BL/6"	"http://www.ebi.ac.uk/efo/EFO_0004472"	"12 to 15 week"		"adult"	"http://www.ebi.ac.uk/efo/EFO_0001272"	"brain without olfactory bulb"		"Pdgfrb-GFP;NG2dsRed"		"Brain single cell 2728"	
"SRR5532158"	"Mus musculus"	"http://purl.obolibrary.org/obo/NCBITaxon_10090"	"C57BL/6"	"http://www.ebi.ac.uk/efo/EFO_0004472"	"12 to 15 week"		"adult"	"http://www.ebi.ac.uk/efo/EFO_0001272"	"brain without olfactory bulb"		"Pdgfrb-GFP;NG2dsRed"		"Brain single cell 2729"	
"SRR5532159"	"Mus musculus"	"http://purl.obolibrary.org/obo/NCBITaxon_10090"	"C57BL/6"	"http://www.ebi.ac.uk/efo/EFO_0004472"	"12 to 15 week"		"adult"	"http://www.ebi.ac.uk/efo/EFO_0001272"	"brain without olfactory bulb"		"Pdgfrb-GFP;NG2dsRed"		"Brain single cell 2730"	
"SRR5532160"	"Mus musculus"	"http://purl.obolibrary.org/obo/NCBITaxon_10090"	"C57BL/6"	"http://www.ebi.ac.uk/efo/EFO_0004472"	"12 to 15 week"		"adult"	"http://www.ebi.ac.uk/efo/EFO_0001272"	"brain without olfactory bulb"		"Pdgfrb-GFP;NG2dsRed"		"Brain single cell 2731"	
"SRR5532161"	"Mus musculus"	"http://purl.obolibrary.org/obo/NCBITaxon_10090"	"C57BL/6"	"http://www.ebi.ac.uk/efo/EFO_0004472"	"12 to 15 week"		"adult"	"http://www.ebi.ac.uk/efo/EFO_0001272"	"brain without olfactory bulb"		"Pdgfrb-GFP;NG2dsRed"		"Brain single cell 2732"	
"SRR5532162"	"Mus musculus"	"http://purl.obolibrary.org/obo/NCBITaxon_10090"	"C57BL/6"	"http://www.ebi.ac.uk/efo/EFO_0004472"	"12 to 15 week"		"adult"	"http://www.ebi.ac.uk/efo/EFO_0001272"	"brain without olfactory bulb"		"Pdgfrb-GFP;NG2dsRed"		"Brain single cell 2733"	
"SRR5532163"	"Mus musculus"	"http://purl.obolibrary.org/obo/NCBITaxon_10090"	"C57BL/6"	"http://www.ebi.ac.uk/efo/EFO_0004472"	"12 to 15 week"		"adult"	"http://www.ebi.ac.uk/efo/EFO_0001272"	"brain without olfactory bulb"		"Pdgfrb-GFP;NG2dsRed"		"Brain single cell 2734"	
"SRR5532164"	"Mus musculus"	"http://purl.obolibrary.org/obo/NCBITaxon_10090"	"C57BL/6"	"http://www.ebi.ac.uk/efo/EFO_0004472"	"12 to 15 week"		"adult"	"http://www.ebi.ac.uk/efo/EFO_0001272"	"brain without olfactory bulb"		"Pdgfrb-GFP;NG2dsRed"		"Brain single cell 2735"	
"SRR5532165"	"Mus musculus"	"http://purl.obolibrary.org/obo/NCBITaxon_10090"	"C57BL/6"	"http://www.ebi.ac.uk/efo/EFO_0004472"	"12 to 15 week"		"adult"	"http://www.ebi.ac.uk/efo/EFO_0001272"	"brain without olfactory bulb"		"Pdgfrb-GFP;NG2dsRed"		"Brain single cell 2736"	
"SRR5532166"	"Mus musculus"	"http://purl.obolibrary.org/obo/NCBITaxon_10090"	"C57BL/6"	"http://www.ebi.ac.uk/efo/EFO_0004472"	"12 to 15 week"		"adult"	"http://www.ebi.ac.uk/efo/EFO_0001272"	"brain without olfactory bulb"		"Pdgfrb-GFP;NG2dsRed"		"Brain single cell 2737"	
"SRR5532167"	"Mus musculus"	"http://purl.obolibrary.org/obo/NCBITaxon_10090"	"C57BL/6"	"http://www.ebi.ac.uk/efo/EFO_0004472"	"12 to 15 week"		"adult"	"http://www.ebi.ac.uk/efo/EFO_0001272"	"brain without olfactory bulb"		"Pdgfrb-GFP;NG2dsRed"		"Brain single cell 2738"	
"SRR5532168"	"Mus musculus"	"http://purl.obolibrary.org/obo/NCBITaxon_10090"	"C57BL/6"	"http://www.ebi.ac.uk/efo/EFO_0004472"	"12 to 15 week"		"adult"	"http://www.ebi.ac.uk/efo/EFO_0001272"	"brain without olfactory bulb"		"Pdgfrb-GFP;NG2dsRed"		"Brain single cell 2739"	
"SRR5532169"	"Mus musculus"	"http://purl.obolibrary.org/obo/NCBITaxon_10090"	"C57BL/6"	"http://www.ebi.ac.uk/efo/EFO_0004472"	"12 to 15 week"		"adult"	"http://www.ebi.ac.uk/efo/EFO_0001272"	"brain without olfactory bulb"		"Pdgfrb-GFP;NG2dsRed"		"Brain single cell 2740"	
"SRR5532170"	"Mus musculus"	"http://purl.obolibrary.org/obo/NCBITaxon_10090"	"C57BL/6"	"http://www.ebi.ac.uk/efo/EFO_0004472"	"12 to 15 week"		"adult"	"http://www.ebi.ac.uk/efo/EFO_0001272"	"brain without olfactory bulb"		"Pdgfrb-GFP;NG2dsRed"		"Brain single cell 2741"	
"SRR5532171"	"Mus musculus"	"http://purl.obolibrary.org/obo/NCBITaxon_10090"	"C57BL/6"	"http://www.ebi.ac.uk/efo/EFO_0004472"	"12 to 15 week"		"adult"	"http://www.ebi.ac.uk/efo/EFO_0001272"	"brain without olfactory bulb"		"Pdgfrb-GFP;NG2dsRed"		"Brain single cell 2742"	
"SRR5532172"	"Mus musculus"	"http://purl.obolibrary.org/obo/NCBITaxon_10090"	"C57BL/6"	"http://www.ebi.ac.uk/efo/EFO_0004472"	"12 to 15 week"		"adult"	"http://www.ebi.ac.uk/efo/EFO_0001272"	"brain without olfactory bulb"		"Pdgfrb-GFP;NG2dsRed"		"Brain single cell 2743"	
"SRR5532173"	"Mus musculus"	"http://purl.obolibrary.org/obo/NCBITaxon_10090"	"C57BL/6"	"http://www.ebi.ac.uk/efo/EFO_0004472"	"12 to 15 week"		"adult"	"http://www.ebi.ac.uk/efo/EFO_0001272"	"brain without olfactory bulb"		"Pdgfrb-GFP;NG2dsRed"		"Brain single cell 2744"	
"SRR5532174"	"Mus musculus"	"http://purl.obolibrary.org/obo/NCBITaxon_10090"	"C57BL/6"	"http://www.ebi.ac.uk/efo/EFO_0004472"	"12 to 15 week"		"adult"	"http://www.ebi.ac.uk/efo/EFO_0001272"	"brain without olfactory bulb"		"Pdgfrb-GFP;NG2dsRed"		"Brain single cell 2745"	
"SRR5532175"	"Mus musculus"	"http://purl.obolibrary.org/obo/NCBITaxon_10090"	"C57BL/6"	"http://www.ebi.ac.uk/efo/EFO_0004472"	"12 to 15 week"		"adult"	"http://www.ebi.ac.uk/efo/EFO_0001272"	"brain without olfactory bulb"		"Pdgfrb-GFP;NG2dsRed"		"Brain single cell 2746"	
"SRR5532176"	"Mus musculus"	"http://purl.obolibrary.org/obo/NCBITaxon_10090"	"C57BL/6"	"http://www.ebi.ac.uk/efo/EFO_0004472"	"12 to 15 week"		"adult"	"http://www.ebi.ac.uk/efo/EFO_0001272"	"brain without olfactory bulb"		"Pdgfrb-GFP;NG2dsRed"		"Brain single cell 2747"	
"SRR5532177"	"Mus musculus"	"http://purl.obolibrary.org/obo/NCBITaxon_10090"	"C57BL/6"	"http://www.ebi.ac.uk/efo/EFO_0004472"	"12 to 15 week"		"adult"	"http://www.ebi.ac.uk/efo/EFO_0001272"	"brain without olfactory bulb"		"Pdgfrb-GFP;NG2dsRed"		"Brain single cell 2748"	
"SRR5532178"	"Mus musculus"	"http://purl.obolibrary.org/obo/NCBITaxon_10090"	"C57BL/6"	"http://www.ebi.ac.uk/efo/EFO_0004472"	"12 to 15 week"		"adult"	"http://www.ebi.ac.uk/efo/EFO_0001272"	"brain without olfactory bulb"		"Pdgfrb-GFP;NG2dsRed"		"Brain single cell 2749"	
"SRR5532179"	"Mus musculus"	"http://purl.obolibrary.org/obo/NCBITaxon_10090"	"C57BL/6"	"http://www.ebi.ac.uk/efo/EFO_0004472"	"12 to 15 week"		"adult"	"http://www.ebi.ac.uk/efo/EFO_0001272"	"brain without olfactory bulb"		"Pdgfrb-GFP;NG2dsRed"		"Brain single cell 2750"	
"SRR5532180"	"Mus musculus"	"http://purl.obolibrary.org/obo/NCBITaxon_10090"	"C57BL/6"	"http://www.ebi.ac.uk/efo/EFO_0004472"	"12 to 15 week"		"adult"	"http://www.ebi.ac.uk/efo/EFO_0001272"	"brain without olfactory bulb"		"Pdgfrb-GFP;NG2dsRed"		"Brain single cell 2751"	
"SRR5532181"	"Mus musculus"	"http://purl.obolibrary.org/obo/NCBITaxon_10090"	"C57BL/6"	"http://www.ebi.ac.uk/efo/EFO_0004472"	"12 to 15 week"		"adult"	"http://www.ebi.ac.uk/efo/EFO_0001272"	"brain without olfactory bulb"		"Pdgfrb-GFP;NG2dsRed"		"Brain single cell 2752"	
"SRR5532182"	"Mus musculus"	"http://purl.obolibrary.org/obo/NCBITaxon_10090"	"C57BL/6"	"http://www.ebi.ac.uk/efo/EFO_0004472"	"12 to 15 week"		"adult"	"http://www.ebi.ac.uk/efo/EFO_0001272"	"brain without olfactory bulb"		"Pdgfrb-GFP;NG2dsRed"		"Brain single cell 2753"	
"SRR5532183"	"Mus musculus"	"http://purl.obolibrary.org/obo/NCBITaxon_10090"	"C57BL/6"	"http://www.ebi.ac.uk/efo/EFO_0004472"	"12 to 15 week"		"adult"	"http://www.ebi.ac.uk/efo/EFO_0001272"	"brain without olfactory bulb"		"Pdgfrb-GFP;NG2dsRed"		"Brain single cell 2754"	
"SRR5532184"	"Mus musculus"	"http://purl.obolibrary.org/obo/NCBITaxon_10090"	"C57BL/6"	"http://www.ebi.ac.uk/efo/EFO_0004472"	"12 to 15 week"		"adult"	"http://www.ebi.ac.uk/efo/EFO_0001272"	"brain without olfactory bulb"		"Pdgfrb-GFP;NG2dsRed"		"Brain single cell 2755"	
"SRR5532185"	"Mus musculus"	"http://purl.obolibrary.org/obo/NCBITaxon_10090"	"C57BL/6"	"http://www.ebi.ac.uk/efo/EFO_0004472"	"12 to 15 week"		"adult"	"http://www.ebi.ac.uk/efo/EFO_0001272"	"brain without olfactory bulb"		"Pdgfrb-GFP;NG2dsRed"		"Brain single cell 2756"	
"SRR5532186"	"Mus musculus"	"http://purl.obolibrary.org/obo/NCBITaxon_10090"	"C57BL/6"	"http://www.ebi.ac.uk/efo/EFO_0004472"	"12 to 15 week"		"adult"	"http://www.ebi.ac.uk/efo/EFO_0001272"	"brain without olfactory bulb"		"Pdgfrb-GFP;NG2dsRed"		"Brain single cell 2757"	
"SRR5532187"	"Mus musculus"	"http://purl.obolibrary.org/obo/NCBITaxon_10090"	"C57BL/6"	"http://www.ebi.ac.uk/efo/EFO_0004472"	"12 to 15 week"		"adult"	"http://www.ebi.ac.uk/efo/EFO_0001272"	"brain without olfactory bulb"		"Pdgfrb-GFP;NG2dsRed"		"Brain single cell 2758"	
"SRR5532188"	"Mus musculus"	"http://purl.obolibrary.org/obo/NCBITaxon_10090"	"C57BL/6"	"http://www.ebi.ac.uk/efo/EFO_0004472"	"12 to 15 week"		"adult"	"http://www.ebi.ac.uk/efo/EFO_0001272"	"brain without olfactory bulb"		"Pdgfrb-GFP;NG2dsRed"		"Brain single cell 2759"	
"SRR5532189"	"Mus musculus"	"http://purl.obolibrary.org/obo/NCBITaxon_10090"	"C57BL/6"	"http://www.ebi.ac.uk/efo/EFO_0004472"	"12 to 15 week"		"adult"	"http://www.ebi.ac.uk/efo/EFO_0001272"	"brain without olfactory bulb"		"Pdgfrb-GFP;NG2dsRed"		"Brain single cell 2760"	
"SRR5532190"	"Mus musculus"	"http://purl.obolibrary.org/obo/NCBITaxon_10090"	"C57BL/6"	"http://www.ebi.ac.uk/efo/EFO_0004472"	"12 to 15 week"		"adult"	"http://www.ebi.ac.uk/efo/EFO_0001272"	"brain without olfactory bulb"		"Pdgfrb-GFP;NG2dsRed"		"Brain single cell 2761"	
"SRR5532191"	"Mus musculus"	"http://purl.obolibrary.org/obo/NCBITaxon_10090"	"C57BL/6"	"http://www.ebi.ac.uk/efo/EFO_0004472"	"12 to 15 week"		"adult"	"http://www.ebi.ac.uk/efo/EFO_0001272"	"brain without olfactory bulb"		"Pdgfrb-GFP;NG2dsRed"		"Brain single cell 2762"	
"SRR5532192"	"Mus musculus"	"http://purl.obolibrary.org/obo/NCBITaxon_10090"	"C57BL/6"	"http://www.ebi.ac.uk/efo/EFO_0004472"	"12 to 15 week"		"adult"	"http://www.ebi.ac.uk/efo/EFO_0001272"	"brain without olfactory bulb"		"Pdgfrb-GFP;NG2dsRed"		"Brain single cell 2763"	
"SRR5532193"	"Mus musculus"	"http://purl.obolibrary.org/obo/NCBITaxon_10090"	"C57BL/6"	"http://www.ebi.ac.uk/efo/EFO_0004472"	"12 to 15 week"		"adult"	"http://www.ebi.ac.uk/efo/EFO_0001272"	"brain without olfactory bulb"		"Pdgfrb-GFP;NG2dsRed"		"Brain single cell 2764"	
"SRR5532194"	"Mus musculus"	"http://purl.obolibrary.org/obo/NCBITaxon_10090"	"C57BL/6"	"http://www.ebi.ac.uk/efo/EFO_0004472"	"12 to 15 week"		"adult"	"http://www.ebi.ac.uk/efo/EFO_0001272"	"brain without olfactory bulb"		"Pdgfrb-GFP;NG2dsRed"		"Brain single cell 2765"	
"SRR5532195"	"Mus musculus"	"http://purl.obolibrary.org/obo/NCBITaxon_10090"	"C57BL/6"	"http://www.ebi.ac.uk/efo/EFO_0004472"	"12 to 15 week"		"adult"	"http://www.ebi.ac.uk/efo/EFO_0001272"	"brain without olfactory bulb"		"Pdgfrb-GFP;NG2dsRed"		"Brain single cell 2766"	
"SRR5532196"	"Mus musculus"	"http://purl.obolibrary.org/obo/NCBITaxon_10090"	"C57BL/6"	"http://www.ebi.ac.uk/efo/EFO_0004472"	"12 to 15 week"		"adult"	"http://www.ebi.ac.uk/efo/EFO_0001272"	"brain without olfactory bulb"		"Pdgfrb-GFP;NG2dsRed"		"Brain single cell 2767"	
"SRR5532197"	"Mus musculus"	"http://purl.obolibrary.org/obo/NCBITaxon_10090"	"C57BL/6"	"http://www.ebi.ac.uk/efo/EFO_0004472"	"12 to 15 week"		"adult"	"http://www.ebi.ac.uk/efo/EFO_0001272"	"brain without olfactory bulb"		"Pdgfrb-GFP;NG2dsRed"		"Brain single cell 2768"	
"SRR5532198"	"Mus musculus"	"http://purl.obolibrary.org/obo/NCBITaxon_10090"	"C57BL/6"	"http://www.ebi.ac.uk/efo/EFO_0004472"	"12 to 15 week"		"adult"	"http://www.ebi.ac.uk/efo/EFO_0001272"	"brain without olfactory bulb"		"Pdgfrb-GFP;NG2dsRed"		"Brain single cell 2769"	
"SRR5532199"	"Mus musculus"	"http://purl.obolibrary.org/obo/NCBITaxon_10090"	"C57BL/6"	"http://www.ebi.ac.uk/efo/EFO_0004472"	"12 to 15 week"		"adult"	"http://www.ebi.ac.uk/efo/EFO_0001272"	"brain without olfactory bulb"		"Pdgfrb-GFP;NG2dsRed"		"Brain single cell 2770"	
"SRR5532200"	"Mus musculus"	"http://purl.obolibrary.org/obo/NCBITaxon_10090"	"C57BL/6"	"http://www.ebi.ac.uk/efo/EFO_0004472"	"12 to 15 week"		"adult"	"http://www.ebi.ac.uk/efo/EFO_0001272"	"brain without olfactory bulb"		"Pdgfrb-GFP;NG2dsRed"		"Brain single cell 2771"	
"SRR5532201"	"Mus musculus"	"http://purl.obolibrary.org/obo/NCBITaxon_10090"	"C57BL/6"	"http://www.ebi.ac.uk/efo/EFO_0004472"	"12 to 15 week"		"adult"	"http://www.ebi.ac.uk/efo/EFO_0001272"	"brain without olfactory bulb"		"Pdgfrb-GFP;NG2dsRed"		"Brain single cell 2772"	
"SRR5532202"	"Mus musculus"	"http://purl.obolibrary.org/obo/NCBITaxon_10090"	"C57BL/6"	"http://www.ebi.ac.uk/efo/EFO_0004472"	"12 to 15 week"		"adult"	"http://www.ebi.ac.uk/efo/EFO_0001272"	"brain without olfactory bulb"		"Pdgfrb-GFP;NG2dsRed"		"Brain single cell 2773"	
"SRR5532203"	"Mus musculus"	"http://purl.obolibrary.org/obo/NCBITaxon_10090"	"C57BL/6"	"http://www.ebi.ac.uk/efo/EFO_0004472"	"12 to 15 week"		"adult"	"http://www.ebi.ac.uk/efo/EFO_0001272"	"brain without olfactory bulb"		"Pdgfrb-GFP;NG2dsRed"		"Brain single cell 2774"	
"SRR5532204"	"Mus musculus"	"http://purl.obolibrary.org/obo/NCBITaxon_10090"	"C57BL/6"	"http://www.ebi.ac.uk/efo/EFO_0004472"	"12 to 15 week"		"adult"	"http://www.ebi.ac.uk/efo/EFO_0001272"	"brain without olfactory bulb"		"Pdgfrb-GFP;NG2dsRed"		"Brain single cell 2775"	
"SRR5532205"	"Mus musculus"	"http://purl.obolibrary.org/obo/NCBITaxon_10090"	"C57BL/6"	"http://www.ebi.ac.uk/efo/EFO_0004472"	"12 to 15 week"		"adult"	"http://www.ebi.ac.uk/efo/EFO_0001272"	"brain without olfactory bulb"		"Pdgfrb-GFP;NG2dsRed"		"Brain single cell 2776"	
"SRR5532206"	"Mus musculus"	"http://purl.obolibrary.org/obo/NCBITaxon_10090"	"C57BL/6"	"http://www.ebi.ac.uk/efo/EFO_0004472"	"12 to 15 week"		"adult"	"http://www.ebi.ac.uk/efo/EFO_0001272"	"brain without olfactory bulb"		"Pdgfrb-GFP;NG2dsRed"		"Brain single cell 2777"	
"SRR5532207"	"Mus musculus"	"http://purl.obolibrary.org/obo/NCBITaxon_10090"	"C57BL/6"	"http://www.ebi.ac.uk/efo/EFO_0004472"	"12 to 15 week"		"adult"	"http://www.ebi.ac.uk/efo/EFO_0001272"	"brain without olfactory bulb"		"Pdgfrb-GFP;NG2dsRed"		"Brain single cell 2778"	
"SRR5532208"	"Mus musculus"	"http://purl.obolibrary.org/obo/NCBITaxon_10090"	"C57BL/6"	"http://www.ebi.ac.uk/efo/EFO_0004472"	"12 to 15 week"		"adult"	"http://www.ebi.ac.uk/efo/EFO_0001272"	"brain without olfactory bulb"		"Pdgfrb-GFP;NG2dsRed"		"Brain single cell 2779"	
"SRR5532209"	"Mus musculus"	"http://purl.obolibrary.org/obo/NCBITaxon_10090"	"C57BL/6"	"http://www.ebi.ac.uk/efo/EFO_0004472"	"12 to 15 week"		"adult"	"http://www.ebi.ac.uk/efo/EFO_0001272"	"brain without olfactory bulb"		"Pdgfrb-GFP;NG2dsRed"		"Brain single cell 2780"	
"SRR5532210"	"Mus musculus"	"http://purl.obolibrary.org/obo/NCBITaxon_10090"	"C57BL/6"	"http://www.ebi.ac.uk/efo/EFO_0004472"	"12 to 15 week"		"adult"	"http://www.ebi.ac.uk/efo/EFO_0001272"	"brain without olfactory bulb"		"Pdgfrb-GFP;NG2dsRed"		"Brain single cell 2781"	
"SRR5532211"	"Mus musculus"	"http://purl.obolibrary.org/obo/NCBITaxon_10090"	"C57BL/6"	"http://www.ebi.ac.uk/efo/EFO_0004472"	"12 to 15 week"		"adult"	"http://www.ebi.ac.uk/efo/EFO_0001272"	"brain without olfactory bulb"		"Pdgfrb-GFP;NG2dsRed"		"Brain single cell 2782"	
"SRR5532212"	"Mus musculus"	"http://purl.obolibrary.org/obo/NCBITaxon_10090"	"C57BL/6"	"http://www.ebi.ac.uk/efo/EFO_0004472"	"12 to 15 week"		"adult"	"http://www.ebi.ac.uk/efo/EFO_0001272"	"brain without olfactory bulb"		"Pdgfrb-GFP;NG2dsRed"		"Brain single cell 2783"	
"SRR5532213"	"Mus musculus"	"http://purl.obolibrary.org/obo/NCBITaxon_10090"	"C57BL/6"	"http://www.ebi.ac.uk/efo/EFO_0004472"	"12 to 15 week"		"adult"	"http://www.ebi.ac.uk/efo/EFO_0001272"	"brain without olfactory bulb"		"Pdgfrb-GFP;NG2dsRed"		"Brain single cell 2784"	
"SRR5532214"	"Mus musculus"	"http://purl.obolibrary.org/obo/NCBITaxon_10090"	"C57BL/6"	"http://www.ebi.ac.uk/efo/EFO_0004472"	"12 to 15 week"		"adult"	"http://www.ebi.ac.uk/efo/EFO_0001272"	"brain without olfactory bulb"		"Pdgfrb-GFP;NG2dsRed"		"Brain single cell 2785"	
"SRR5532215"	"Mus musculus"	"http://purl.obolibrary.org/obo/NCBITaxon_10090"	"C57BL/6"	"http://www.ebi.ac.uk/efo/EFO_0004472"	"12 to 15 week"		"adult"	"http://www.ebi.ac.uk/efo/EFO_0001272"	"brain without olfactory bulb"		"Pdgfrb-GFP;NG2dsRed"		"Brain single cell 2786"	
"SRR5532216"	"Mus musculus"	"http://purl.obolibrary.org/obo/NCBITaxon_10090"	"C57BL/6"	"http://www.ebi.ac.uk/efo/EFO_0004472"	"12 to 15 week"		"adult"	"http://www.ebi.ac.uk/efo/EFO_0001272"	"brain without olfactory bulb"		"Pdgfrb-GFP;NG2dsRed"		"Brain single cell 2787"	
"SRR5532217"	"Mus musculus"	"http://purl.obolibrary.org/obo/NCBITaxon_10090"	"C57BL/6"	"http://www.ebi.ac.uk/efo/EFO_0004472"	"12 to 15 week"		"adult"	"http://www.ebi.ac.uk/efo/EFO_0001272"	"brain without olfactory bulb"		"Pdgfrb-GFP;NG2dsRed"		"Brain single cell 2788"	
"SRR5532218"	"Mus musculus"	"http://purl.obolibrary.org/obo/NCBITaxon_10090"	"C57BL/6"	"http://www.ebi.ac.uk/efo/EFO_0004472"	"12 to 15 week"		"adult"	"http://www.ebi.ac.uk/efo/EFO_0001272"	"brain without olfactory bulb"		"Pdgfrb-GFP;NG2dsRed"		"Brain single cell 2789"	
"SRR5532219"	"Mus musculus"	"http://purl.obolibrary.org/obo/NCBITaxon_10090"	"C57BL/6"	"http://www.ebi.ac.uk/efo/EFO_0004472"	"12 to 15 week"		"adult"	"http://www.ebi.ac.uk/efo/EFO_0001272"	"brain without olfactory bulb"		"Pdgfrb-GFP;NG2dsRed"		"Brain single cell 2790"	
"SRR5532220"	"Mus musculus"	"http://purl.obolibrary.org/obo/NCBITaxon_10090"	"C57BL/6"	"http://www.ebi.ac.uk/efo/EFO_0004472"	"12 to 15 week"		"adult"	"http://www.ebi.ac.uk/efo/EFO_0001272"	"brain without olfactory bulb"		"Pdgfrb-GFP;NG2dsRed"		"Brain single cell 2791"	
"SRR5532221"	"Mus musculus"	"http://purl.obolibrary.org/obo/NCBITaxon_10090"	"C57BL/6"	"http://www.ebi.ac.uk/efo/EFO_0004472"	"12 to 15 week"		"adult"	"http://www.ebi.ac.uk/efo/EFO_0001272"	"brain without olfactory bulb"		"Pdgfrb-GFP;NG2dsRed"		"Brain single cell 2792"	
"SRR5532222"	"Mus musculus"	"http://purl.obolibrary.org/obo/NCBITaxon_10090"	"C57BL/6"	"http://www.ebi.ac.uk/efo/EFO_0004472"	"12 to 15 week"		"adult"	"http://www.ebi.ac.uk/efo/EFO_0001272"	"brain without olfactory bulb"		"Pdgfrb-GFP;NG2dsRed"		"Brain single cell 2793"	
"SRR5532223"	"Mus musculus"	"http://purl.obolibrary.org/obo/NCBITaxon_10090"	"C57BL/6"	"http://www.ebi.ac.uk/efo/EFO_0004472"	"12 to 15 week"		"adult"	"http://www.ebi.ac.uk/efo/EFO_0001272"	"brain without olfactory bulb"		"Pdgfrb-GFP;NG2dsRed"		"Brain single cell 2794"	
"SRR5532224"	"Mus musculus"	"http://purl.obolibrary.org/obo/NCBITaxon_10090"	"C57BL/6"	"http://www.ebi.ac.uk/efo/EFO_0004472"	"12 to 15 week"		"adult"	"http://www.ebi.ac.uk/efo/EFO_0001272"	"brain without olfactory bulb"		"Pdgfrb-GFP;NG2dsRed"		"Brain single cell 2795"	
"SRR5532225"	"Mus musculus"	"http://purl.obolibrary.org/obo/NCBITaxon_10090"	"C57BL/6"	"http://www.ebi.ac.uk/efo/EFO_0004472"	"12 to 15 week"		"adult"	"http://www.ebi.ac.uk/efo/EFO_0001272"	"brain without olfactory bulb"		"Pdgfrb-GFP;NG2dsRed"		"Brain single cell 2796"	
"SRR5532226"	"Mus musculus"	"http://purl.obolibrary.org/obo/NCBITaxon_10090"	"C57BL/6"	"http://www.ebi.ac.uk/efo/EFO_0004472"	"12 to 15 week"		"adult"	"http://www.ebi.ac.uk/efo/EFO_0001272"	"brain without olfactory bulb"		"Pdgfrb-GFP;NG2dsRed"		"Brain single cell 2797"	
"SRR5532227"	"Mus musculus"	"http://purl.obolibrary.org/obo/NCBITaxon_10090"	"C57BL/6"	"http://www.ebi.ac.uk/efo/EFO_0004472"	"12 to 15 week"		"adult"	"http://www.ebi.ac.uk/efo/EFO_0001272"	"brain without olfactory bulb"		"Pdgfrb-GFP;NG2dsRed"		"Brain single cell 2798"	
"SRR5532228"	"Mus musculus"	"http://purl.obolibrary.org/obo/NCBITaxon_10090"	"C57BL/6"	"http://www.ebi.ac.uk/efo/EFO_0004472"	"12 to 15 week"		"adult"	"http://www.ebi.ac.uk/efo/EFO_0001272"	"brain without olfactory bulb"		"Pdgfrb-GFP;NG2dsRed"		"Brain single cell 2799"	
"SRR5532229"	"Mus musculus"	"http://purl.obolibrary.org/obo/NCBITaxon_10090"	"C57BL/6"	"http://www.ebi.ac.uk/efo/EFO_0004472"	"12 to 15 week"		"adult"	"http://www.ebi.ac.uk/efo/EFO_0001272"	"brain without olfactory bulb"		"Pdgfrb-GFP;NG2dsRed"		"Brain single cell 2800"	
"SRR5532230"	"Mus musculus"	"http://purl.obolibrary.org/obo/NCBITaxon_10090"	"C57BL/6"	"http://www.ebi.ac.uk/efo/EFO_0004472"	"12 to 15 week"		"adult"	"http://www.ebi.ac.uk/efo/EFO_0001272"	"brain without olfactory bulb"		"Pdgfrb-GFP;NG2dsRed"		"Brain single cell 2801"	
"SRR5532231"	"Mus musculus"	"http://purl.obolibrary.org/obo/NCBITaxon_10090"	"C57BL/6"	"http://www.ebi.ac.uk/efo/EFO_0004472"	"12 to 15 week"		"adult"	"http://www.ebi.ac.uk/efo/EFO_0001272"	"brain without olfactory bulb"		"Pdgfrb-GFP;NG2dsRed"		"Brain single cell 2802"	
"SRR5532232"	"Mus musculus"	"http://purl.obolibrary.org/obo/NCBITaxon_10090"	"C57BL/6"	"http://www.ebi.ac.uk/efo/EFO_0004472"	"12 to 15 week"		"adult"	"http://www.ebi.ac.uk/efo/EFO_0001272"	"brain without olfactory bulb"		"Pdgfrb-GFP;NG2dsRed"		"Brain single cell 2803"	
"SRR5532233"	"Mus musculus"	"http://purl.obolibrary.org/obo/NCBITaxon_10090"	"C57BL/6"	"http://www.ebi.ac.uk/efo/EFO_0004472"	"12 to 15 week"		"adult"	"http://www.ebi.ac.uk/efo/EFO_0001272"	"brain without olfactory bulb"		"Pdgfrb-GFP;NG2dsRed"		"Brain single cell 2804"	
"SRR5532234"	"Mus musculus"	"http://purl.obolibrary.org/obo/NCBITaxon_10090"	"C57BL/6"	"http://www.ebi.ac.uk/efo/EFO_0004472"	"12 to 15 week"		"adult"	"http://www.ebi.ac.uk/efo/EFO_0001272"	"brain without olfactory bulb"		"Pdgfrb-GFP;NG2dsRed"		"Brain single cell 2805"	
"SRR5532235"	"Mus musculus"	"http://purl.obolibrary.org/obo/NCBITaxon_10090"	"C57BL/6"	"http://www.ebi.ac.uk/efo/EFO_0004472"	"12 to 15 week"		"adult"	"http://www.ebi.ac.uk/efo/EFO_0001272"	"brain without olfactory bulb"		"Pdgfrb-GFP;NG2dsRed"		"Brain single cell 2806"	
"SRR5532236"	"Mus musculus"	"http://purl.obolibrary.org/obo/NCBITaxon_10090"	"C57BL/6"	"http://www.ebi.ac.uk/efo/EFO_0004472"	"12 to 15 week"		"adult"	"http://www.ebi.ac.uk/efo/EFO_0001272"	"brain without olfactory bulb"		"Pdgfrb-GFP;NG2dsRed"		"Brain single cell 2807"	
"SRR5532237"	"Mus musculus"	"http://purl.obolibrary.org/obo/NCBITaxon_10090"	"C57BL/6"	"http://www.ebi.ac.uk/efo/EFO_0004472"	"12 to 15 week"		"adult"	"http://www.ebi.ac.uk/efo/EFO_0001272"	"brain without olfactory bulb"		"Pdgfrb-GFP;NG2dsRed"		"Brain single cell 2808"	
"SRR5532238"	"Mus musculus"	"http://purl.obolibrary.org/obo/NCBITaxon_10090"	"C57BL/6"	"http://www.ebi.ac.uk/efo/EFO_0004472"	"12 to 15 week"		"adult"	"http://www.ebi.ac.uk/efo/EFO_0001272"	"brain without olfactory bulb"		"Pdgfrb-GFP;NG2dsRed"		"Brain single cell 2809"	
"SRR5532239"	"Mus musculus"	"http://purl.obolibrary.org/obo/NCBITaxon_10090"	"C57BL/6"	"http://www.ebi.ac.uk/efo/EFO_0004472"	"12 to 15 week"		"adult"	"http://www.ebi.ac.uk/efo/EFO_0001272"	"brain without olfactory bulb"		"Pdgfrb-GFP;NG2dsRed"		"Brain single cell 2810"	
"SRR5532240"	"Mus musculus"	"http://purl.obolibrary.org/obo/NCBITaxon_10090"	"C57BL/6"	"http://www.ebi.ac.uk/efo/EFO_0004472"	"12 to 15 week"		"adult"	"http://www.ebi.ac.uk/efo/EFO_0001272"	"brain without olfactory bulb"		"Pdgfrb-GFP;NG2dsRed"		"Brain single cell 2811"	
"SRR5532241"	"Mus musculus"	"http://purl.obolibrary.org/obo/NCBITaxon_10090"	"C57BL/6"	"http://www.ebi.ac.uk/efo/EFO_0004472"	"12 to 15 week"		"adult"	"http://www.ebi.ac.uk/efo/EFO_0001272"	"brain without olfactory bulb"		"Pdgfrb-GFP;NG2dsRed"		"Brain single cell 2812"	
"SRR5532242"	"Mus musculus"	"http://purl.obolibrary.org/obo/NCBITaxon_10090"	"C57BL/6"	"http://www.ebi.ac.uk/efo/EFO_0004472"	"12 to 15 week"		"adult"	"http://www.ebi.ac.uk/efo/EFO_0001272"	"brain without olfactory bulb"		"Pdgfrb-GFP;NG2dsRed"		"Brain single cell 2813"	
"SRR5532243"	"Mus musculus"	"http://purl.obolibrary.org/obo/NCBITaxon_10090"	"C57BL/6"	"http://www.ebi.ac.uk/efo/EFO_0004472"	"12 to 15 week"		"adult"	"http://www.ebi.ac.uk/efo/EFO_0001272"	"brain without olfactory bulb"		"Pdgfrb-GFP;NG2dsRed"		"Brain single cell 2814"	
"SRR5532244"	"Mus musculus"	"http://purl.obolibrary.org/obo/NCBITaxon_10090"	"C57BL/6"	"http://www.ebi.ac.uk/efo/EFO_0004472"	"12 to 15 week"		"adult"	"http://www.ebi.ac.uk/efo/EFO_0001272"	"brain without olfactory bulb"		"Pdgfrb-GFP;NG2dsRed"		"Brain single cell 2815"	
"SRR5532245"	"Mus musculus"	"http://purl.obolibrary.org/obo/NCBITaxon_10090"	"C57BL/6"	"http://www.ebi.ac.uk/efo/EFO_0004472"	"12 to 15 week"		"adult"	"http://www.ebi.ac.uk/efo/EFO_0001272"	"brain without olfactory bulb"		"Pdgfrb-GFP;NG2dsRed"		"Brain single cell 2816"	
"SRR5532246"	"Mus musculus"	"http://purl.obolibrary.org/obo/NCBITaxon_10090"	"C57BL/6"	"http://www.ebi.ac.uk/efo/EFO_0004472"	"12 to 15 week"		"adult"	"http://www.ebi.ac.uk/efo/EFO_0001272"	"brain without olfactory bulb"		"Pdgfrb-GFP;NG2dsRed"		"Brain single cell 2817"	
"SRR5532247"	"Mus musculus"	"http://purl.obolibrary.org/obo/NCBITaxon_10090"	"C57BL/6"	"http://www.ebi.ac.uk/efo/EFO_0004472"	"12 to 15 week"		"adult"	"http://www.ebi.ac.uk/efo/EFO_0001272"	"brain without olfactory bulb"		"Pdgfrb-GFP;NG2dsRed"		"Brain single cell 2818"	
"SRR5532248"	"Mus musculus"	"http://purl.obolibrary.org/obo/NCBITaxon_10090"	"C57BL/6"	"http://www.ebi.ac.uk/efo/EFO_0004472"	"12 to 15 week"		"adult"	"http://www.ebi.ac.uk/efo/EFO_0001272"	"brain without olfactory bulb"		"Pdgfrb-GFP;NG2dsRed"		"Brain single cell 2819"	
"SRR5532249"	"Mus musculus"	"http://purl.obolibrary.org/obo/NCBITaxon_10090"	"C57BL/6"	"http://www.ebi.ac.uk/efo/EFO_0004472"	"12 to 15 week"		"adult"	"http://www.ebi.ac.uk/efo/EFO_0001272"	"brain without olfactory bulb"		"Pdgfrb-GFP;NG2dsRed"		"Brain single cell 2820"	
"SRR5532250"	"Mus musculus"	"http://purl.obolibrary.org/obo/NCBITaxon_10090"	"C57BL/6"	"http://www.ebi.ac.uk/efo/EFO_0004472"	"12 to 15 week"		"adult"	"http://www.ebi.ac.uk/efo/EFO_0001272"	"brain without olfactory bulb"		"Pdgfrb-GFP;NG2dsRed"		"Brain single cell 2821"	
"SRR5532251"	"Mus musculus"	"http://purl.obolibrary.org/obo/NCBITaxon_10090"	"C57BL/6"	"http://www.ebi.ac.uk/efo/EFO_0004472"	"12 to 15 week"		"adult"	"http://www.ebi.ac.uk/efo/EFO_0001272"	"brain without olfactory bulb"		"Pdgfrb-GFP;NG2dsRed"		"Brain single cell 2822"	
"SRR5532252"	"Mus musculus"	"http://purl.obolibrary.org/obo/NCBITaxon_10090"	"C57BL/6"	"http://www.ebi.ac.uk/efo/EFO_0004472"	"12 to 15 week"		"adult"	"http://www.ebi.ac.uk/efo/EFO_0001272"	"brain without olfactory bulb"		"Pdgfrb-GFP;NG2dsRed"		"Brain single cell 2823"	
"SRR5532253"	"Mus musculus"	"http://purl.obolibrary.org/obo/NCBITaxon_10090"	"C57BL/6"	"http://www.ebi.ac.uk/efo/EFO_0004472"	"12 to 15 week"		"adult"	"http://www.ebi.ac.uk/efo/EFO_0001272"	"brain without olfactory bulb"		"Pdgfrb-GFP;NG2dsRed"		"Brain single cell 2824"	
"SRR5532254"	"Mus musculus"	"http://purl.obolibrary.org/obo/NCBITaxon_10090"	"C57BL/6"	"http://www.ebi.ac.uk/efo/EFO_0004472"	"12 to 15 week"		"adult"	"http://www.ebi.ac.uk/efo/EFO_0001272"	"brain without olfactory bulb"		"Pdgfrb-GFP;NG2dsRed"		"Brain single cell 2825"	
"SRR5532255"	"Mus musculus"	"http://purl.obolibrary.org/obo/NCBITaxon_10090"	"C57BL/6"	"http://www.ebi.ac.uk/efo/EFO_0004472"	"12 to 15 week"		"adult"	"http://www.ebi.ac.uk/efo/EFO_0001272"	"brain without olfactory bulb"		"Pdgfrb-GFP;NG2dsRed"		"Brain single cell 2826"	
"SRR5532256"	"Mus musculus"	"http://purl.obolibrary.org/obo/NCBITaxon_10090"	"C57BL/6"	"http://www.ebi.ac.uk/efo/EFO_0004472"	"12 to 15 week"		"adult"	"http://www.ebi.ac.uk/efo/EFO_0001272"	"brain without olfactory bulb"		"Pdgfrb-GFP;NG2dsRed"		"Brain single cell 2827"	
"SRR5532257"	"Mus musculus"	"http://purl.obolibrary.org/obo/NCBITaxon_10090"	"C57BL/6"	"http://www.ebi.ac.uk/efo/EFO_0004472"	"12 to 15 week"		"adult"	"http://www.ebi.ac.uk/efo/EFO_0001272"	"brain without olfactory bulb"		"Pdgfrb-GFP;NG2dsRed"		"Brain single cell 2828"	
"SRR5532258"	"Mus musculus"	"http://purl.obolibrary.org/obo/NCBITaxon_10090"	"C57BL/6"	"http://www.ebi.ac.uk/efo/EFO_0004472"	"12 to 15 week"		"adult"	"http://www.ebi.ac.uk/efo/EFO_0001272"	"brain without olfactory bulb"		"Pdgfrb-GFP;NG2dsRed"		"Brain single cell 2829"	
"SRR5532259"	"Mus musculus"	"http://purl.obolibrary.org/obo/NCBITaxon_10090"	"C57BL/6"	"http://www.ebi.ac.uk/efo/EFO_0004472"	"12 to 15 week"		"adult"	"http://www.ebi.ac.uk/efo/EFO_0001272"	"brain without olfactory bulb"		"Pdgfrb-GFP;NG2dsRed"		"Brain single cell 2830"	
"SRR5532260"	"Mus musculus"	"http://purl.obolibrary.org/obo/NCBITaxon_10090"	"C57BL/6"	"http://www.ebi.ac.uk/efo/EFO_0004472"	"12 to 15 week"		"adult"	"http://www.ebi.ac.uk/efo/EFO_0001272"	"brain without olfactory bulb"		"Pdgfrb-GFP;NG2dsRed"		"Brain single cell 2831"	
"SRR5532261"	"Mus musculus"	"http://purl.obolibrary.org/obo/NCBITaxon_10090"	"C57BL/6"	"http://www.ebi.ac.uk/efo/EFO_0004472"	"12 to 15 week"		"adult"	"http://www.ebi.ac.uk/efo/EFO_0001272"	"brain without olfactory bulb"		"Pdgfrb-GFP;NG2dsRed"		"Brain single cell 2832"	
"SRR5532262"	"Mus musculus"	"http://purl.obolibrary.org/obo/NCBITaxon_10090"	"C57BL/6"	"http://www.ebi.ac.uk/efo/EFO_0004472"	"12 to 15 week"		"adult"	"http://www.ebi.ac.uk/efo/EFO_0001272"	"brain without olfactory bulb"		"Pdgfrb-GFP;NG2dsRed"		"Brain single cell 2833"	
"SRR5532263"	"Mus musculus"	"http://purl.obolibrary.org/obo/NCBITaxon_10090"	"C57BL/6"	"http://www.ebi.ac.uk/efo/EFO_0004472"	"12 to 15 week"		"adult"	"http://www.ebi.ac.uk/efo/EFO_0001272"	"brain without olfactory bulb"		"Pdgfrb-GFP;NG2dsRed"		"Brain single cell 2834"	
"SRR5532264"	"Mus musculus"	"http://purl.obolibrary.org/obo/NCBITaxon_10090"	"C57BL/6"	"http://www.ebi.ac.uk/efo/EFO_0004472"	"12 to 15 week"		"adult"	"http://www.ebi.ac.uk/efo/EFO_0001272"	"brain without olfactory bulb"		"Pdgfrb-GFP;NG2dsRed"		"Brain single cell 2835"	
"SRR5532265"	"Mus musculus"	"http://purl.obolibrary.org/obo/NCBITaxon_10090"	"C57BL/6"	"http://www.ebi.ac.uk/efo/EFO_0004472"	"12 to 15 week"		"adult"	"http://www.ebi.ac.uk/efo/EFO_0001272"	"brain without olfactory bulb"		"Pdgfrb-GFP;NG2dsRed"		"Brain single cell 2836"	
"SRR5532266"	"Mus musculus"	"http://purl.obolibrary.org/obo/NCBITaxon_10090"	"C57BL/6"	"http://www.ebi.ac.uk/efo/EFO_0004472"	"12 to 15 week"		"adult"	"http://www.ebi.ac.uk/efo/EFO_0001272"	"brain without olfactory bulb"		"Pdgfrb-GFP;NG2dsRed"		"Brain single cell 2837"	
"SRR5532267"	"Mus musculus"	"http://purl.obolibrary.org/obo/NCBITaxon_10090"	"C57BL/6"	"http://www.ebi.ac.uk/efo/EFO_0004472"	"12 to 15 week"		"adult"	"http://www.ebi.ac.uk/efo/EFO_0001272"	"brain without olfactory bulb"		"Pdgfrb-GFP;NG2dsRed"		"Brain single cell 2838"	
"SRR5532268"	"Mus musculus"	"http://purl.obolibrary.org/obo/NCBITaxon_10090"	"C57BL/6"	"http://www.ebi.ac.uk/efo/EFO_0004472"	"12 to 15 week"		"adult"	"http://www.ebi.ac.uk/efo/EFO_0001272"	"brain without olfactory bulb"		"Pdgfrb-GFP;NG2dsRed"		"Brain single cell 2839"	
"SRR5532269"	"Mus musculus"	"http://purl.obolibrary.org/obo/NCBITaxon_10090"	"C57BL/6"	"http://www.ebi.ac.uk/efo/EFO_0004472"	"12 to 15 week"		"adult"	"http://www.ebi.ac.uk/efo/EFO_0001272"	"brain without olfactory bulb"		"Pdgfrb-GFP;NG2dsRed"		"Brain single cell 2840"	
"SRR5532270"	"Mus musculus"	"http://purl.obolibrary.org/obo/NCBITaxon_10090"	"C57BL/6"	"http://www.ebi.ac.uk/efo/EFO_0004472"	"12 to 15 week"		"adult"	"http://www.ebi.ac.uk/efo/EFO_0001272"	"brain without olfactory bulb"		"Pdgfrb-GFP;NG2dsRed"		"Brain single cell 2841"	
"SRR5532271"	"Mus musculus"	"http://purl.obolibrary.org/obo/NCBITaxon_10090"	"C57BL/6"	"http://www.ebi.ac.uk/efo/EFO_0004472"	"12 to 15 week"		"adult"	"http://www.ebi.ac.uk/efo/EFO_0001272"	"brain without olfactory bulb"		"Pdgfrb-GFP;NG2dsRed"		"Brain single cell 2842"	
"SRR5532272"	"Mus musculus"	"http://purl.obolibrary.org/obo/NCBITaxon_10090"	"C57BL/6"	"http://www.ebi.ac.uk/efo/EFO_0004472"	"12 to 15 week"		"adult"	"http://www.ebi.ac.uk/efo/EFO_0001272"	"brain without olfactory bulb"		"Pdgfrb-GFP;NG2dsRed"		"Brain single cell 2843"	
"SRR5532273"	"Mus musculus"	"http://purl.obolibrary.org/obo/NCBITaxon_10090"	"C57BL/6"	"http://www.ebi.ac.uk/efo/EFO_0004472"	"12 to 15 week"		"adult"	"http://www.ebi.ac.uk/efo/EFO_0001272"	"brain without olfactory bulb"		"Pdgfrb-GFP;NG2dsRed"		"Brain single cell 2844"	
"SRR5532274"	"Mus musculus"	"http://purl.obolibrary.org/obo/NCBITaxon_10090"	"C57BL/6"	"http://www.ebi.ac.uk/efo/EFO_0004472"	"12 to 15 week"		"adult"	"http://www.ebi.ac.uk/efo/EFO_0001272"	"brain without olfactory bulb"		"Pdgfrb-GFP;NG2dsRed"		"Brain single cell 2845"	
"SRR5532275"	"Mus musculus"	"http://purl.obolibrary.org/obo/NCBITaxon_10090"	"C57BL/6"	"http://www.ebi.ac.uk/efo/EFO_0004472"	"12 to 15 week"		"adult"	"http://www.ebi.ac.uk/efo/EFO_0001272"	"brain without olfactory bulb"		"Pdgfrb-GFP;NG2dsRed"		"Brain single cell 2846"	
"SRR5532276"	"Mus musculus"	"http://purl.obolibrary.org/obo/NCBITaxon_10090"	"C57BL/6"	"http://www.ebi.ac.uk/efo/EFO_0004472"	"12 to 15 week"		"adult"	"http://www.ebi.ac.uk/efo/EFO_0001272"	"brain without olfactory bulb"		"Pdgfrb-GFP;NG2dsRed"		"Brain single cell 2847"	
"SRR5532277"	"Mus musculus"	"http://purl.obolibrary.org/obo/NCBITaxon_10090"	"C57BL/6"	"http://www.ebi.ac.uk/efo/EFO_0004472"	"12 to 15 week"		"adult"	"http://www.ebi.ac.uk/efo/EFO_0001272"	"brain without olfactory bulb"		"Pdgfrb-GFP;NG2dsRed"		"Brain single cell 2848"	
"SRR5532278"	"Mus musculus"	"http://purl.obolibrary.org/obo/NCBITaxon_10090"	"C57BL/6"	"http://www.ebi.ac.uk/efo/EFO_0004472"	"12 to 15 week"		"adult"	"http://www.ebi.ac.uk/efo/EFO_0001272"	"brain without olfactory bulb"		"Pdgfrb-GFP;NG2dsRed"		"Brain single cell 2849"	
"SRR5532279"	"Mus musculus"	"http://purl.obolibrary.org/obo/NCBITaxon_10090"	"C57BL/6"	"http://www.ebi.ac.uk/efo/EFO_0004472"	"12 to 15 week"		"adult"	"http://www.ebi.ac.uk/efo/EFO_0001272"	"brain without olfactory bulb"		"Pdgfrb-GFP;NG2dsRed"		"Brain single cell 2850"	
"SRR5532280"	"Mus musculus"	"http://purl.obolibrary.org/obo/NCBITaxon_10090"	"C57BL/6"	"http://www.ebi.ac.uk/efo/EFO_0004472"	"12 to 15 week"		"adult"	"http://www.ebi.ac.uk/efo/EFO_0001272"	"brain without olfactory bulb"		"Pdgfrb-GFP;NG2dsRed"		"Brain single cell 2851"	
"SRR5532281"	"Mus musculus"	"http://purl.obolibrary.org/obo/NCBITaxon_10090"	"C57BL/6"	"http://www.ebi.ac.uk/efo/EFO_0004472"	"12 to 15 week"		"adult"	"http://www.ebi.ac.uk/efo/EFO_0001272"	"brain without olfactory bulb"		"Pdgfrb-GFP;NG2dsRed"		"Brain single cell 2852"	
"SRR5532282"	"Mus musculus"	"http://purl.obolibrary.org/obo/NCBITaxon_10090"	"C57BL/6"	"http://www.ebi.ac.uk/efo/EFO_0004472"	"12 to 15 week"		"adult"	"http://www.ebi.ac.uk/efo/EFO_0001272"	"brain without olfactory bulb"		"Pdgfrb-GFP;NG2dsRed"		"Brain single cell 2853"	
"SRR5532283"	"Mus musculus"	"http://purl.obolibrary.org/obo/NCBITaxon_10090"	"C57BL/6"	"http://www.ebi.ac.uk/efo/EFO_0004472"	"12 to 15 week"		"adult"	"http://www.ebi.ac.uk/efo/EFO_0001272"	"brain without olfactory bulb"		"Pdgfrb-GFP;NG2dsRed"		"Brain single cell 2854"	
"SRR5532284"	"Mus musculus"	"http://purl.obolibrary.org/obo/NCBITaxon_10090"	"C57BL/6"	"http://www.ebi.ac.uk/efo/EFO_0004472"	"12 to 15 week"		"adult"	"http://www.ebi.ac.uk/efo/EFO_0001272"	"brain without olfactory bulb"		"Pdgfrb-GFP;NG2dsRed"		"Brain single cell 2855"	
"SRR5532285"	"Mus musculus"	"http://purl.obolibrary.org/obo/NCBITaxon_10090"	"C57BL/6"	"http://www.ebi.ac.uk/efo/EFO_0004472"	"12 to 15 week"		"adult"	"http://www.ebi.ac.uk/efo/EFO_0001272"	"brain without olfactory bulb"		"Pdgfrb-GFP;NG2dsRed"		"Brain single cell 2856"	
"SRR5532286"	"Mus musculus"	"http://purl.obolibrary.org/obo/NCBITaxon_10090"	"C57BL/6"	"http://www.ebi.ac.uk/efo/EFO_0004472"	"12 to 15 week"		"adult"	"http://www.ebi.ac.uk/efo/EFO_0001272"	"brain without olfactory bulb"		"Pdgfrb-GFP;NG2dsRed"		"Brain single cell 2857"	
"SRR5532287"	"Mus musculus"	"http://purl.obolibrary.org/obo/NCBITaxon_10090"	"C57BL/6"	"http://www.ebi.ac.uk/efo/EFO_0004472"	"12 to 15 week"		"adult"	"http://www.ebi.ac.uk/efo/EFO_0001272"	"brain without olfactory bulb"		"Pdgfrb-GFP;NG2dsRed"		"Brain single cell 2858"	
"SRR5532288"	"Mus musculus"	"http://purl.obolibrary.org/obo/NCBITaxon_10090"	"C57BL/6"	"http://www.ebi.ac.uk/efo/EFO_0004472"	"12 to 15 week"		"adult"	"http://www.ebi.ac.uk/efo/EFO_0001272"	"brain without olfactory bulb"		"Pdgfrb-GFP;NG2dsRed"		"Brain single cell 2859"	
"SRR5532289"	"Mus musculus"	"http://purl.obolibrary.org/obo/NCBITaxon_10090"	"C57BL/6"	"http://www.ebi.ac.uk/efo/EFO_0004472"	"12 to 15 week"		"adult"	"http://www.ebi.ac.uk/efo/EFO_0001272"	"brain without olfactory bulb"		"Pdgfrb-GFP;NG2dsRed"		"Brain single cell 2860"	
"SRR5532290"	"Mus musculus"	"http://purl.obolibrary.org/obo/NCBITaxon_10090"	"C57BL/6"	"http://www.ebi.ac.uk/efo/EFO_0004472"	"12 to 15 week"		"adult"	"http://www.ebi.ac.uk/efo/EFO_0001272"	"brain without olfactory bulb"		"Pdgfrb-GFP;NG2dsRed"		"Brain single cell 2861"	
"SRR5532291"	"Mus musculus"	"http://purl.obolibrary.org/obo/NCBITaxon_10090"	"C57BL/6"	"http://www.ebi.ac.uk/efo/EFO_0004472"	"12 to 15 week"		"adult"	"http://www.ebi.ac.uk/efo/EFO_0001272"	"brain without olfactory bulb"		"Pdgfrb-GFP;NG2dsRed"		"Brain single cell 2862"	
"SRR5532292"	"Mus musculus"	"http://purl.obolibrary.org/obo/NCBITaxon_10090"	"C57BL/6"	"http://www.ebi.ac.uk/efo/EFO_0004472"	"12 to 15 week"		"adult"	"http://www.ebi.ac.uk/efo/EFO_0001272"	"brain without olfactory bulb"		"Pdgfrb-GFP;NG2dsRed"		"Brain single cell 2863"	
"SRR5532293"	"Mus musculus"	"http://purl.obolibrary.org/obo/NCBITaxon_10090"	"C57BL/6"	"http://www.ebi.ac.uk/efo/EFO_0004472"	"12 to 15 week"		"adult"	"http://www.ebi.ac.uk/efo/EFO_0001272"	"brain without olfactory bulb"		"Pdgfrb-GFP;NG2dsRed"		"Brain single cell 2864"	
"SRR5532294"	"Mus musculus"	"http://purl.obolibrary.org/obo/NCBITaxon_10090"	"C57BL/6"	"http://www.ebi.ac.uk/efo/EFO_0004472"	"12 to 15 week"		"adult"	"http://www.ebi.ac.uk/efo/EFO_0001272"	"brain without olfactory bulb"		"Pdgfrb-GFP;NG2dsRed"		"Brain single cell 2865"	
"SRR5532295"	"Mus musculus"	"http://purl.obolibrary.org/obo/NCBITaxon_10090"	"C57BL/6"	"http://www.ebi.ac.uk/efo/EFO_0004472"	"12 to 15 week"		"adult"	"http://www.ebi.ac.uk/efo/EFO_0001272"	"brain without olfactory bulb"		"Pdgfrb-GFP;NG2dsRed"		"Brain single cell 2866"	
"SRR5532296"	"Mus musculus"	"http://purl.obolibrary.org/obo/NCBITaxon_10090"	"C57BL/6"	"http://www.ebi.ac.uk/efo/EFO_0004472"	"12 to 15 week"		"adult"	"http://www.ebi.ac.uk/efo/EFO_0001272"	"brain without olfactory bulb"		"Pdgfrb-GFP;NG2dsRed"		"Brain single cell 2867"	
"SRR5532297"	"Mus musculus"	"http://purl.obolibrary.org/obo/NCBITaxon_10090"	"C57BL/6"	"http://www.ebi.ac.uk/efo/EFO_0004472"	"12 to 15 week"		"adult"	"http://www.ebi.ac.uk/efo/EFO_0001272"	"brain without olfactory bulb"		"Pdgfrb-GFP;NG2dsRed"		"Brain single cell 2868"	
"SRR5532298"	"Mus musculus"	"http://purl.obolibrary.org/obo/NCBITaxon_10090"	"C57BL/6"	"http://www.ebi.ac.uk/efo/EFO_0004472"	"12 to 15 week"		"adult"	"http://www.ebi.ac.uk/efo/EFO_0001272"	"brain without olfactory bulb"		"Pdgfrb-GFP;NG2dsRed"		"Brain single cell 2869"	
"SRR5532299"	"Mus musculus"	"http://purl.obolibrary.org/obo/NCBITaxon_10090"	"C57BL/6"	"http://www.ebi.ac.uk/efo/EFO_0004472"	"12 to 15 week"		"adult"	"http://www.ebi.ac.uk/efo/EFO_0001272"	"brain without olfactory bulb"		"Pdgfrb-GFP;NG2dsRed"		"Brain single cell 2870"	
"SRR5532300"	"Mus musculus"	"http://purl.obolibrary.org/obo/NCBITaxon_10090"	"C57BL/6"	"http://www.ebi.ac.uk/efo/EFO_0004472"	"12 to 15 week"		"adult"	"http://www.ebi.ac.uk/efo/EFO_0001272"	"brain without olfactory bulb"		"Pdgfrb-GFP;NG2dsRed"		"Brain single cell 2871"	
"SRR5532301"	"Mus musculus"	"http://purl.obolibrary.org/obo/NCBITaxon_10090"	"C57BL/6"	"http://www.ebi.ac.uk/efo/EFO_0004472"	"12 to 15 week"		"adult"	"http://www.ebi.ac.uk/efo/EFO_0001272"	"brain without olfactory bulb"		"Pdgfrb-GFP;NG2dsRed"		"Brain single cell 2872"	
"SRR5532302"	"Mus musculus"	"http://purl.obolibrary.org/obo/NCBITaxon_10090"	"C57BL/6"	"http://www.ebi.ac.uk/efo/EFO_0004472"	"12 to 15 week"		"adult"	"http://www.ebi.ac.uk/efo/EFO_0001272"	"brain without olfactory bulb"		"Pdgfrb-GFP;NG2dsRed"		"Brain single cell 2873"	
"SRR5532303"	"Mus musculus"	"http://purl.obolibrary.org/obo/NCBITaxon_10090"	"C57BL/6"	"http://www.ebi.ac.uk/efo/EFO_0004472"	"12 to 15 week"		"adult"	"http://www.ebi.ac.uk/efo/EFO_0001272"	"brain without olfactory bulb"		"Pdgfrb-GFP;NG2dsRed"		"Brain single cell 2874"	
"SRR5532304"	"Mus musculus"	"http://purl.obolibrary.org/obo/NCBITaxon_10090"	"C57BL/6"	"http://www.ebi.ac.uk/efo/EFO_0004472"	"12 to 15 week"		"adult"	"http://www.ebi.ac.uk/efo/EFO_0001272"	"brain without olfactory bulb"		"Pdgfrb-GFP;NG2dsRed"		"Brain single cell 2875"	
"SRR5532305"	"Mus musculus"	"http://purl.obolibrary.org/obo/NCBITaxon_10090"	"C57BL/6"	"http://www.ebi.ac.uk/efo/EFO_0004472"	"12 to 15 week"		"adult"	"http://www.ebi.ac.uk/efo/EFO_0001272"	"brain without olfactory bulb"		"Pdgfrb-GFP;NG2dsRed"		"Brain single cell 2876"	
"SRR5532306"	"Mus musculus"	"http://purl.obolibrary.org/obo/NCBITaxon_10090"	"C57BL/6"	"http://www.ebi.ac.uk/efo/EFO_0004472"	"12 to 15 week"		"adult"	"http://www.ebi.ac.uk/efo/EFO_0001272"	"brain without olfactory bulb"		"Pdgfrb-GFP;NG2dsRed"		"Brain single cell 2877"	
"SRR5532307"	"Mus musculus"	"http://purl.obolibrary.org/obo/NCBITaxon_10090"	"C57BL/6"	"http://www.ebi.ac.uk/efo/EFO_0004472"	"12 to 15 week"		"adult"	"http://www.ebi.ac.uk/efo/EFO_0001272"	"brain without olfactory bulb"		"Pdgfrb-GFP;NG2dsRed"		"Brain single cell 2878"	
"SRR5532308"	"Mus musculus"	"http://purl.obolibrary.org/obo/NCBITaxon_10090"	"C57BL/6"	"http://www.ebi.ac.uk/efo/EFO_0004472"	"12 to 15 week"		"adult"	"http://www.ebi.ac.uk/efo/EFO_0001272"	"brain without olfactory bulb"		"Pdgfrb-GFP;NG2dsRed"		"Brain single cell 2879"	
"SRR5532309"	"Mus musculus"	"http://purl.obolibrary.org/obo/NCBITaxon_10090"	"C57BL/6"	"http://www.ebi.ac.uk/efo/EFO_0004472"	"12 to 15 week"		"adult"	"http://www.ebi.ac.uk/efo/EFO_0001272"	"brain without olfactory bulb"		"Pdgfrb-GFP;NG2dsRed"		"Brain single cell 2880"	
"SRR5532310"	"Mus musculus"	"http://purl.obolibrary.org/obo/NCBITaxon_10090"	"C57BL/6"	"http://www.ebi.ac.uk/efo/EFO_0004472"	"12 to 15 week"		"adult"	"http://www.ebi.ac.uk/efo/EFO_0001272"	"brain without olfactory bulb"		"Pdgfrb-GFP;NG2dsRed"		"Brain single cell 2881"	
"SRR5532311"	"Mus musculus"	"http://purl.obolibrary.org/obo/NCBITaxon_10090"	"C57BL/6"	"http://www.ebi.ac.uk/efo/EFO_0004472"	"12 to 15 week"		"adult"	"http://www.ebi.ac.uk/efo/EFO_0001272"	"brain without olfactory bulb"		"Pdgfrb-GFP;NG2dsRed"		"Brain single cell 2882"	
"SRR5532312"	"Mus musculus"	"http://purl.obolibrary.org/obo/NCBITaxon_10090"	"C57BL/6"	"http://www.ebi.ac.uk/efo/EFO_0004472"	"12 to 15 week"		"adult"	"http://www.ebi.ac.uk/efo/EFO_0001272"	"brain without olfactory bulb"		"Pdgfrb-GFP;NG2dsRed"		"Brain single cell 2883"	
"SRR5532313"	"Mus musculus"	"http://purl.obolibrary.org/obo/NCBITaxon_10090"	"C57BL/6"	"http://www.ebi.ac.uk/efo/EFO_0004472"	"12 to 15 week"		"adult"	"http://www.ebi.ac.uk/efo/EFO_0001272"	"brain without olfactory bulb"		"Pdgfrb-GFP;NG2dsRed"		"Brain single cell 2884"	
"SRR5532314"	"Mus musculus"	"http://purl.obolibrary.org/obo/NCBITaxon_10090"	"C57BL/6"	"http://www.ebi.ac.uk/efo/EFO_0004472"	"12 to 15 week"		"adult"	"http://www.ebi.ac.uk/efo/EFO_0001272"	"brain without olfactory bulb"		"Pdgfrb-GFP;NG2dsRed"		"Brain single cell 2885"	
"SRR5532315"	"Mus musculus"	"http://purl.obolibrary.org/obo/NCBITaxon_10090"	"C57BL/6"	"http://www.ebi.ac.uk/efo/EFO_0004472"	"12 to 15 week"		"adult"	"http://www.ebi.ac.uk/efo/EFO_0001272"	"brain without olfactory bulb"		"Pdgfrb-GFP;NG2dsRed"		"Brain single cell 2886"	
"SRR5532316"	"Mus musculus"	"http://purl.obolibrary.org/obo/NCBITaxon_10090"	"C57BL/6"	"http://www.ebi.ac.uk/efo/EFO_0004472"	"12 to 15 week"		"adult"	"http://www.ebi.ac.uk/efo/EFO_0001272"	"brain without olfactory bulb"		"Pdgfrb-GFP;NG2dsRed"		"Brain single cell 2887"	
"SRR5532317"	"Mus musculus"	"http://purl.obolibrary.org/obo/NCBITaxon_10090"	"C57BL/6"	"http://www.ebi.ac.uk/efo/EFO_0004472"	"12 to 15 week"		"adult"	"http://www.ebi.ac.uk/efo/EFO_0001272"	"brain without olfactory bulb"		"Pdgfrb-GFP;NG2dsRed"		"Brain single cell 2888"	
"SRR5532318"	"Mus musculus"	"http://purl.obolibrary.org/obo/NCBITaxon_10090"	"C57BL/6"	"http://www.ebi.ac.uk/efo/EFO_0004472"	"12 to 15 week"		"adult"	"http://www.ebi.ac.uk/efo/EFO_0001272"	"brain without olfactory bulb"		"Pdgfrb-GFP;NG2dsRed"		"Brain single cell 2889"	
"SRR5532319"	"Mus musculus"	"http://purl.obolibrary.org/obo/NCBITaxon_10090"	"C57BL/6"	"http://www.ebi.ac.uk/efo/EFO_0004472"	"12 to 15 week"		"adult"	"http://www.ebi.ac.uk/efo/EFO_0001272"	"brain without olfactory bulb"		"Pdgfrb-GFP;NG2dsRed"		"Brain single cell 2890"	
"SRR5532320"	"Mus musculus"	"http://purl.obolibrary.org/obo/NCBITaxon_10090"	"C57BL/6"	"http://www.ebi.ac.uk/efo/EFO_0004472"	"12 to 15 week"		"adult"	"http://www.ebi.ac.uk/efo/EFO_0001272"	"brain without olfactory bulb"		"Pdgfrb-GFP;NG2dsRed"		"Brain single cell 2891"	
"SRR5532321"	"Mus musculus"	"http://purl.obolibrary.org/obo/NCBITaxon_10090"	"C57BL/6"	"http://www.ebi.ac.uk/efo/EFO_0004472"	"12 to 15 week"		"adult"	"http://www.ebi.ac.uk/efo/EFO_0001272"	"brain without olfactory bulb"		"Pdgfrb-GFP;NG2dsRed"		"Brain single cell 2892"	
"SRR5532322"	"Mus musculus"	"http://purl.obolibrary.org/obo/NCBITaxon_10090"	"C57BL/6"	"http://www.ebi.ac.uk/efo/EFO_0004472"	"12 to 15 week"		"adult"	"http://www.ebi.ac.uk/efo/EFO_0001272"	"brain without olfactory bulb"		"Pdgfrb-GFP;NG2dsRed"		"Brain single cell 2893"	
"SRR5532323"	"Mus musculus"	"http://purl.obolibrary.org/obo/NCBITaxon_10090"	"C57BL/6"	"http://www.ebi.ac.uk/efo/EFO_0004472"	"12 to 15 week"		"adult"	"http://www.ebi.ac.uk/efo/EFO_0001272"	"brain without olfactory bulb"		"Pdgfrb-GFP;NG2dsRed"		"Brain single cell 2894"	
"SRR5532324"	"Mus musculus"	"http://purl.obolibrary.org/obo/NCBITaxon_10090"	"C57BL/6"	"http://www.ebi.ac.uk/efo/EFO_0004472"	"12 to 15 week"		"adult"	"http://www.ebi.ac.uk/efo/EFO_0001272"	"brain without olfactory bulb"		"Pdgfrb-GFP;NG2dsRed"		"Brain single cell 2895"	
"SRR5532325"	"Mus musculus"	"http://purl.obolibrary.org/obo/NCBITaxon_10090"	"C57BL/6"	"http://www.ebi.ac.uk/efo/EFO_0004472"	"12 to 15 week"		"adult"	"http://www.ebi.ac.uk/efo/EFO_0001272"	"brain without olfactory bulb"		"Pdgfrb-GFP;NG2dsRed"		"Brain single cell 2896"	
"SRR5532326"	"Mus musculus"	"http://purl.obolibrary.org/obo/NCBITaxon_10090"	"C57BL/6"	"http://www.ebi.ac.uk/efo/EFO_0004472"	"12 to 15 week"		"adult"	"http://www.ebi.ac.uk/efo/EFO_0001272"	"brain without olfactory bulb"		"Pdgfrb-GFP;NG2dsRed"		"Brain single cell 2897"	
"SRR5532327"	"Mus musculus"	"http://purl.obolibrary.org/obo/NCBITaxon_10090"	"C57BL/6"	"http://www.ebi.ac.uk/efo/EFO_0004472"	"12 to 15 week"		"adult"	"http://www.ebi.ac.uk/efo/EFO_0001272"	"brain without olfactory bulb"		"Pdgfrb-GFP;NG2dsRed"		"Brain single cell 2898"	
"SRR5532328"	"Mus musculus"	"http://purl.obolibrary.org/obo/NCBITaxon_10090"	"C57BL/6"	"http://www.ebi.ac.uk/efo/EFO_0004472"	"12 to 15 week"		"adult"	"http://www.ebi.ac.uk/efo/EFO_0001272"	"brain without olfactory bulb"		"Pdgfrb-GFP;NG2dsRed"		"Brain single cell 2899"	
"SRR5532329"	"Mus musculus"	"http://purl.obolibrary.org/obo/NCBITaxon_10090"	"C57BL/6"	"http://www.ebi.ac.uk/efo/EFO_0004472"	"12 to 15 week"		"adult"	"http://www.ebi.ac.uk/efo/EFO_0001272"	"brain without olfactory bulb"		"Pdgfrb-GFP;NG2dsRed"		"Brain single cell 2900"	
"SRR5532330"	"Mus musculus"	"http://purl.obolibrary.org/obo/NCBITaxon_10090"	"C57BL/6"	"http://www.ebi.ac.uk/efo/EFO_0004472"	"12 to 15 week"		"adult"	"http://www.ebi.ac.uk/efo/EFO_0001272"	"brain without olfactory bulb"		"Pdgfrb-GFP;NG2dsRed"		"Brain single cell 2901"	
"SRR5532331"	"Mus musculus"	"http://purl.obolibrary.org/obo/NCBITaxon_10090"	"C57BL/6"	"http://www.ebi.ac.uk/efo/EFO_0004472"	"12 to 15 week"		"adult"	"http://www.ebi.ac.uk/efo/EFO_0001272"	"brain without olfactory bulb"		"Pdgfrb-GFP;NG2dsRed"		"Brain single cell 2902"	
"SRR5532332"	"Mus musculus"	"http://purl.obolibrary.org/obo/NCBITaxon_10090"	"C57BL/6"	"http://www.ebi.ac.uk/efo/EFO_0004472"	"12 to 15 week"		"adult"	"http://www.ebi.ac.uk/efo/EFO_0001272"	"brain without olfactory bulb"		"Pdgfrb-GFP;NG2dsRed"		"Brain single cell 2903"	
"SRR5532333"	"Mus musculus"	"http://purl.obolibrary.org/obo/NCBITaxon_10090"	"C57BL/6"	"http://www.ebi.ac.uk/efo/EFO_0004472"	"12 to 15 week"		"adult"	"http://www.ebi.ac.uk/efo/EFO_0001272"	"brain without olfactory bulb"		"Pdgfrb-GFP;NG2dsRed"		"Brain single cell 2904"	
"SRR5532334"	"Mus musculus"	"http://purl.obolibrary.org/obo/NCBITaxon_10090"	"C57BL/6"	"http://www.ebi.ac.uk/efo/EFO_0004472"	"12 to 15 week"		"adult"	"http://www.ebi.ac.uk/efo/EFO_0001272"	"brain without olfactory bulb"		"Pdgfrb-GFP;NG2dsRed"		"Brain single cell 2905"	
"SRR5532335"	"Mus musculus"	"http://purl.obolibrary.org/obo/NCBITaxon_10090"	"C57BL/6"	"http://www.ebi.ac.uk/efo/EFO_0004472"	"12 to 15 week"		"adult"	"http://www.ebi.ac.uk/efo/EFO_0001272"	"brain without olfactory bulb"		"Pdgfrb-GFP;NG2dsRed"		"Brain single cell 2906"	
"SRR5532336"	"Mus musculus"	"http://purl.obolibrary.org/obo/NCBITaxon_10090"	"C57BL/6"	"http://www.ebi.ac.uk/efo/EFO_0004472"	"12 to 15 week"		"adult"	"http://www.ebi.ac.uk/efo/EFO_0001272"	"brain without olfactory bulb"		"Pdgfrb-GFP;NG2dsRed"		"Brain single cell 2907"	
"SRR5532337"	"Mus musculus"	"http://purl.obolibrary.org/obo/NCBITaxon_10090"	"C57BL/6"	"http://www.ebi.ac.uk/efo/EFO_0004472"	"12 to 15 week"		"adult"	"http://www.ebi.ac.uk/efo/EFO_0001272"	"brain without olfactory bulb"		"Pdgfrb-GFP;NG2dsRed"		"Brain single cell 2908"	
"SRR5532338"	"Mus musculus"	"http://purl.obolibrary.org/obo/NCBITaxon_10090"	"C57BL/6"	"http://www.ebi.ac.uk/efo/EFO_0004472"	"12 to 15 week"		"adult"	"http://www.ebi.ac.uk/efo/EFO_0001272"	"brain without olfactory bulb"		"Pdgfrb-GFP;NG2dsRed"		"Brain single cell 2909"	
"SRR5532339"	"Mus musculus"	"http://purl.obolibrary.org/obo/NCBITaxon_10090"	"C57BL/6"	"http://www.ebi.ac.uk/efo/EFO_0004472"	"12 to 15 week"		"adult"	"http://www.ebi.ac.uk/efo/EFO_0001272"	"brain without olfactory bulb"		"Pdgfrb-GFP;NG2dsRed"		"Brain single cell 2910"	
"SRR5532340"	"Mus musculus"	"http://purl.obolibrary.org/obo/NCBITaxon_10090"	"C57BL/6"	"http://www.ebi.ac.uk/efo/EFO_0004472"	"12 to 15 week"		"adult"	"http://www.ebi.ac.uk/efo/EFO_0001272"	"brain without olfactory bulb"		"Pdgfrb-GFP;NG2dsRed"		"Brain single cell 2911"	
"SRR5532341"	"Mus musculus"	"http://purl.obolibrary.org/obo/NCBITaxon_10090"	"C57BL/6"	"http://www.ebi.ac.uk/efo/EFO_0004472"	"12 to 15 week"		"adult"	"http://www.ebi.ac.uk/efo/EFO_0001272"	"brain without olfactory bulb"		"Pdgfrb-GFP;NG2dsRed"		"Brain single cell 2912"	
"SRR5532342"	"Mus musculus"	"http://purl.obolibrary.org/obo/NCBITaxon_10090"	"C57BL/6"	"http://www.ebi.ac.uk/efo/EFO_0004472"	"12 to 15 week"		"adult"	"http://www.ebi.ac.uk/efo/EFO_0001272"	"brain without olfactory bulb"		"Pdgfrb-GFP;NG2dsRed"		"Brain single cell 2913"	
"SRR5532343"	"Mus musculus"	"http://purl.obolibrary.org/obo/NCBITaxon_10090"	"C57BL/6"	"http://www.ebi.ac.uk/efo/EFO_0004472"	"12 to 15 week"		"adult"	"http://www.ebi.ac.uk/efo/EFO_0001272"	"brain without olfactory bulb"		"Pdgfrb-GFP;NG2dsRed"		"Brain single cell 2914"	
"SRR5532344"	"Mus musculus"	"http://purl.obolibrary.org/obo/NCBITaxon_10090"	"C57BL/6"	"http://www.ebi.ac.uk/efo/EFO_0004472"	"12 to 15 week"		"adult"	"http://www.ebi.ac.uk/efo/EFO_0001272"	"brain without olfactory bulb"		"Pdgfrb-GFP;NG2dsRed"		"Brain single cell 2915"	
"SRR5532345"	"Mus musculus"	"http://purl.obolibrary.org/obo/NCBITaxon_10090"	"C57BL/6"	"http://www.ebi.ac.uk/efo/EFO_0004472"	"12 to 15 week"		"adult"	"http://www.ebi.ac.uk/efo/EFO_0001272"	"brain without olfactory bulb"		"Pdgfrb-GFP;NG2dsRed"		"Brain single cell 2916"	
"SRR5532346"	"Mus musculus"	"http://purl.obolibrary.org/obo/NCBITaxon_10090"	"C57BL/6"	"http://www.ebi.ac.uk/efo/EFO_0004472"	"12 to 15 week"		"adult"	"http://www.ebi.ac.uk/efo/EFO_0001272"	"brain without olfactory bulb"		"Pdgfrb-GFP;NG2dsRed"		"Brain single cell 2917"	
"SRR5532347"	"Mus musculus"	"http://purl.obolibrary.org/obo/NCBITaxon_10090"	"C57BL/6"	"http://www.ebi.ac.uk/efo/EFO_0004472"	"12 to 15 week"		"adult"	"http://www.ebi.ac.uk/efo/EFO_0001272"	"brain without olfactory bulb"		"Pdgfrb-GFP;NG2dsRed"		"Brain single cell 2918"	
"SRR5532348"	"Mus musculus"	"http://purl.obolibrary.org/obo/NCBITaxon_10090"	"C57BL/6"	"http://www.ebi.ac.uk/efo/EFO_0004472"	"12 to 15 week"		"adult"	"http://www.ebi.ac.uk/efo/EFO_0001272"	"brain without olfactory bulb"		"Pdgfrb-GFP;NG2dsRed"		"Brain single cell 2919"	
"SRR5532349"	"Mus musculus"	"http://purl.obolibrary.org/obo/NCBITaxon_10090"	"C57BL/6"	"http://www.ebi.ac.uk/efo/EFO_0004472"	"12 to 15 week"		"adult"	"http://www.ebi.ac.uk/efo/EFO_0001272"	"brain without olfactory bulb"		"Pdgfrb-GFP;NG2dsRed"		"Brain single cell 2920"	
"SRR5532350"	"Mus musculus"	"http://purl.obolibrary.org/obo/NCBITaxon_10090"	"C57BL/6"	"http://www.ebi.ac.uk/efo/EFO_0004472"	"12 to 15 week"		"adult"	"http://www.ebi.ac.uk/efo/EFO_0001272"	"brain without olfactory bulb"		"Pdgfrb-GFP;NG2dsRed"		"Brain single cell 2921"	
"SRR5532351"	"Mus musculus"	"http://purl.obolibrary.org/obo/NCBITaxon_10090"	"C57BL/6"	"http://www.ebi.ac.uk/efo/EFO_0004472"	"12 to 15 week"		"adult"	"http://www.ebi.ac.uk/efo/EFO_0001272"	"brain without olfactory bulb"		"Pdgfrb-GFP;NG2dsRed"		"Brain single cell 2922"	
"SRR5532352"	"Mus musculus"	"http://purl.obolibrary.org/obo/NCBITaxon_10090"	"C57BL/6"	"http://www.ebi.ac.uk/efo/EFO_0004472"	"12 to 15 week"		"adult"	"http://www.ebi.ac.uk/efo/EFO_0001272"	"brain without olfactory bulb"		"Pdgfrb-GFP;NG2dsRed"		"Brain single cell 2923"	
"SRR5532353"	"Mus musculus"	"http://purl.obolibrary.org/obo/NCBITaxon_10090"	"C57BL/6"	"http://www.ebi.ac.uk/efo/EFO_0004472"	"12 to 15 week"		"adult"	"http://www.ebi.ac.uk/efo/EFO_0001272"	"brain without olfactory bulb"		"Pdgfrb-GFP;NG2dsRed"		"Brain single cell 2924"	
"SRR5532354"	"Mus musculus"	"http://purl.obolibrary.org/obo/NCBITaxon_10090"	"C57BL/6"	"http://www.ebi.ac.uk/efo/EFO_0004472"	"12 to 15 week"		"adult"	"http://www.ebi.ac.uk/efo/EFO_0001272"	"brain without olfactory bulb"		"Pdgfrb-GFP;NG2dsRed"		"Brain single cell 2925"	
"SRR5532355"	"Mus musculus"	"http://purl.obolibrary.org/obo/NCBITaxon_10090"	"C57BL/6"	"http://www.ebi.ac.uk/efo/EFO_0004472"	"12 to 15 week"		"adult"	"http://www.ebi.ac.uk/efo/EFO_0001272"	"brain without olfactory bulb"		"Pdgfrb-GFP;NG2dsRed"		"Brain single cell 2926"	
"SRR5532356"	"Mus musculus"	"http://purl.obolibrary.org/obo/NCBITaxon_10090"	"C57BL/6"	"http://www.ebi.ac.uk/efo/EFO_0004472"	"12 to 15 week"		"adult"	"http://www.ebi.ac.uk/efo/EFO_0001272"	"brain without olfactory bulb"		"Pdgfrb-GFP;NG2dsRed"		"Brain single cell 2927"	
"SRR5532357"	"Mus musculus"	"http://purl.obolibrary.org/obo/NCBITaxon_10090"	"C57BL/6"	"http://www.ebi.ac.uk/efo/EFO_0004472"	"12 to 15 week"		"adult"	"http://www.ebi.ac.uk/efo/EFO_0001272"	"brain without olfactory bulb"		"Pdgfrb-GFP;NG2dsRed"		"Brain single cell 2928"	
"SRR5532358"	"Mus musculus"	"http://purl.obolibrary.org/obo/NCBITaxon_10090"	"C57BL/6"	"http://www.ebi.ac.uk/efo/EFO_0004472"	"12 to 15 week"		"adult"	"http://www.ebi.ac.uk/efo/EFO_0001272"	"brain without olfactory bulb"		"Pdgfrb-GFP;NG2dsRed"		"Brain single cell 2929"	
"SRR5532359"	"Mus musculus"	"http://purl.obolibrary.org/obo/NCBITaxon_10090"	"C57BL/6"	"http://www.ebi.ac.uk/efo/EFO_0004472"	"12 to 15 week"		"adult"	"http://www.ebi.ac.uk/efo/EFO_0001272"	"brain without olfactory bulb"		"Pdgfra-H2BGFP"		"Brain single cell 2930"	
"SRR5532360"	"Mus musculus"	"http://purl.obolibrary.org/obo/NCBITaxon_10090"	"C57BL/6"	"http://www.ebi.ac.uk/efo/EFO_0004472"	"12 to 15 week"		"adult"	"http://www.ebi.ac.uk/efo/EFO_0001272"	"brain without olfactory bulb"		"Pdgfra-H2BGFP"		"Brain single cell 2931"	
"SRR5532361"	"Mus musculus"	"http://purl.obolibrary.org/obo/NCBITaxon_10090"	"C57BL/6"	"http://www.ebi.ac.uk/efo/EFO_0004472"	"12 to 15 week"		"adult"	"http://www.ebi.ac.uk/efo/EFO_0001272"	"brain without olfactory bulb"		"Pdgfra-H2BGFP"		"Brain single cell 2932"	
"SRR5532362"	"Mus musculus"	"http://purl.obolibrary.org/obo/NCBITaxon_10090"	"C57BL/6"	"http://www.ebi.ac.uk/efo/EFO_0004472"	"12 to 15 week"		"adult"	"http://www.ebi.ac.uk/efo/EFO_0001272"	"brain without olfactory bulb"		"Pdgfra-H2BGFP"		"Brain single cell 2933"	
"SRR5532363"	"Mus musculus"	"http://purl.obolibrary.org/obo/NCBITaxon_10090"	"C57BL/6"	"http://www.ebi.ac.uk/efo/EFO_0004472"	"12 to 15 week"		"adult"	"http://www.ebi.ac.uk/efo/EFO_0001272"	"brain without olfactory bulb"		"Pdgfra-H2BGFP"		"Brain single cell 2934"	
"SRR5532364"	"Mus musculus"	"http://purl.obolibrary.org/obo/NCBITaxon_10090"	"C57BL/6"	"http://www.ebi.ac.uk/efo/EFO_0004472"	"12 to 15 week"		"adult"	"http://www.ebi.ac.uk/efo/EFO_0001272"	"brain without olfactory bulb"		"Pdgfra-H2BGFP"		"Brain single cell 2935"	
"SRR5532365"	"Mus musculus"	"http://purl.obolibrary.org/obo/NCBITaxon_10090"	"C57BL/6"	"http://www.ebi.ac.uk/efo/EFO_0004472"	"12 to 15 week"		"adult"	"http://www.ebi.ac.uk/efo/EFO_0001272"	"brain without olfactory bulb"		"Pdgfra-H2BGFP"		"Brain single cell 2936"	
"SRR5532366"	"Mus musculus"	"http://purl.obolibrary.org/obo/NCBITaxon_10090"	"C57BL/6"	"http://www.ebi.ac.uk/efo/EFO_0004472"	"12 to 15 week"		"adult"	"http://www.ebi.ac.uk/efo/EFO_0001272"	"brain without olfactory bulb"		"Pdgfra-H2BGFP"		"Brain single cell 2937"	
"SRR5532367"	"Mus musculus"	"http://purl.obolibrary.org/obo/NCBITaxon_10090"	"C57BL/6"	"http://www.ebi.ac.uk/efo/EFO_0004472"	"12 to 15 week"		"adult"	"http://www.ebi.ac.uk/efo/EFO_0001272"	"brain without olfactory bulb"		"Pdgfra-H2BGFP"		"Brain single cell 2938"	
"SRR5532368"	"Mus musculus"	"http://purl.obolibrary.org/obo/NCBITaxon_10090"	"C57BL/6"	"http://www.ebi.ac.uk/efo/EFO_0004472"	"12 to 15 week"		"adult"	"http://www.ebi.ac.uk/efo/EFO_0001272"	"brain without olfactory bulb"		"Pdgfra-H2BGFP"		"Brain single cell 2939"	
"SRR5532369"	"Mus musculus"	"http://purl.obolibrary.org/obo/NCBITaxon_10090"	"C57BL/6"	"http://www.ebi.ac.uk/efo/EFO_0004472"	"12 to 15 week"		"adult"	"http://www.ebi.ac.uk/efo/EFO_0001272"	"brain without olfactory bulb"		"Pdgfra-H2BGFP"		"Brain single cell 2940"	
"SRR5532370"	"Mus musculus"	"http://purl.obolibrary.org/obo/NCBITaxon_10090"	"C57BL/6"	"http://www.ebi.ac.uk/efo/EFO_0004472"	"12 to 15 week"		"adult"	"http://www.ebi.ac.uk/efo/EFO_0001272"	"brain without olfactory bulb"		"Pdgfra-H2BGFP"		"Brain single cell 2941"	
"SRR5532371"	"Mus musculus"	"http://purl.obolibrary.org/obo/NCBITaxon_10090"	"C57BL/6"	"http://www.ebi.ac.uk/efo/EFO_0004472"	"12 to 15 week"		"adult"	"http://www.ebi.ac.uk/efo/EFO_0001272"	"brain without olfactory bulb"		"Pdgfra-H2BGFP"		"Brain single cell 2942"	
"SRR5532372"	"Mus musculus"	"http://purl.obolibrary.org/obo/NCBITaxon_10090"	"C57BL/6"	"http://www.ebi.ac.uk/efo/EFO_0004472"	"12 to 15 week"		"adult"	"http://www.ebi.ac.uk/efo/EFO_0001272"	"brain without olfactory bulb"		"Pdgfra-H2BGFP"		"Brain single cell 2943"	
"SRR5532373"	"Mus musculus"	"http://purl.obolibrary.org/obo/NCBITaxon_10090"	"C57BL/6"	"http://www.ebi.ac.uk/efo/EFO_0004472"	"12 to 15 week"		"adult"	"http://www.ebi.ac.uk/efo/EFO_0001272"	"brain without olfactory bulb"		"Pdgfra-H2BGFP"		"Brain single cell 2944"	
"SRR5532374"	"Mus musculus"	"http://purl.obolibrary.org/obo/NCBITaxon_10090"	"C57BL/6"	"http://www.ebi.ac.uk/efo/EFO_0004472"	"12 to 15 week"		"adult"	"http://www.ebi.ac.uk/efo/EFO_0001272"	"brain without olfactory bulb"		"Pdgfra-H2BGFP"		"Brain single cell 2945"	
"SRR5532375"	"Mus musculus"	"http://purl.obolibrary.org/obo/NCBITaxon_10090"	"C57BL/6"	"http://www.ebi.ac.uk/efo/EFO_0004472"	"12 to 15 week"		"adult"	"http://www.ebi.ac.uk/efo/EFO_0001272"	"brain without olfactory bulb"		"Pdgfra-H2BGFP"		"Brain single cell 2946"	
"SRR5532376"	"Mus musculus"	"http://purl.obolibrary.org/obo/NCBITaxon_10090"	"C57BL/6"	"http://www.ebi.ac.uk/efo/EFO_0004472"	"12 to 15 week"		"adult"	"http://www.ebi.ac.uk/efo/EFO_0001272"	"brain without olfactory bulb"		"Pdgfra-H2BGFP"		"Brain single cell 2947"	
"SRR5532377"	"Mus musculus"	"http://purl.obolibrary.org/obo/NCBITaxon_10090"	"C57BL/6"	"http://www.ebi.ac.uk/efo/EFO_0004472"	"12 to 15 week"		"adult"	"http://www.ebi.ac.uk/efo/EFO_0001272"	"brain without olfactory bulb"		"Pdgfra-H2BGFP"		"Brain single cell 2948"	
"SRR5532378"	"Mus musculus"	"http://purl.obolibrary.org/obo/NCBITaxon_10090"	"C57BL/6"	"http://www.ebi.ac.uk/efo/EFO_0004472"	"12 to 15 week"		"adult"	"http://www.ebi.ac.uk/efo/EFO_0001272"	"brain without olfactory bulb"		"Pdgfra-H2BGFP"		"Brain single cell 2949"	
"SRR5532379"	"Mus musculus"	"http://purl.obolibrary.org/obo/NCBITaxon_10090"	"C57BL/6"	"http://www.ebi.ac.uk/efo/EFO_0004472"	"12 to 15 week"		"adult"	"http://www.ebi.ac.uk/efo/EFO_0001272"	"brain without olfactory bulb"		"Pdgfra-H2BGFP"		"Brain single cell 2950"	
"SRR5532380"	"Mus musculus"	"http://purl.obolibrary.org/obo/NCBITaxon_10090"	"C57BL/6"	"http://www.ebi.ac.uk/efo/EFO_0004472"	"12 to 15 week"		"adult"	"http://www.ebi.ac.uk/efo/EFO_0001272"	"brain without olfactory bulb"		"Pdgfra-H2BGFP"		"Brain single cell 2951"	
"SRR5532381"	"Mus musculus"	"http://purl.obolibrary.org/obo/NCBITaxon_10090"	"C57BL/6"	"http://www.ebi.ac.uk/efo/EFO_0004472"	"12 to 15 week"		"adult"	"http://www.ebi.ac.uk/efo/EFO_0001272"	"brain without olfactory bulb"		"Pdgfra-H2BGFP"		"Brain single cell 2952"	
"SRR5532382"	"Mus musculus"	"http://purl.obolibrary.org/obo/NCBITaxon_10090"	"C57BL/6"	"http://www.ebi.ac.uk/efo/EFO_0004472"	"12 to 15 week"		"adult"	"http://www.ebi.ac.uk/efo/EFO_0001272"	"brain without olfactory bulb"		"Pdgfra-H2BGFP"		"Brain single cell 2953"	
"SRR5532383"	"Mus musculus"	"http://purl.obolibrary.org/obo/NCBITaxon_10090"	"C57BL/6"	"http://www.ebi.ac.uk/efo/EFO_0004472"	"12 to 15 week"		"adult"	"http://www.ebi.ac.uk/efo/EFO_0001272"	"brain without olfactory bulb"		"Pdgfra-H2BGFP"		"Brain single cell 2954"	
"SRR5532384"	"Mus musculus"	"http://purl.obolibrary.org/obo/NCBITaxon_10090"	"C57BL/6"	"http://www.ebi.ac.uk/efo/EFO_0004472"	"12 to 15 week"		"adult"	"http://www.ebi.ac.uk/efo/EFO_0001272"	"brain without olfactory bulb"		"Pdgfra-H2BGFP"		"Brain single cell 2955"	
"SRR5532385"	"Mus musculus"	"http://purl.obolibrary.org/obo/NCBITaxon_10090"	"C57BL/6"	"http://www.ebi.ac.uk/efo/EFO_0004472"	"12 to 15 week"		"adult"	"http://www.ebi.ac.uk/efo/EFO_0001272"	"brain without olfactory bulb"		"Pdgfra-H2BGFP"		"Brain single cell 2956"	
"SRR5532386"	"Mus musculus"	"http://purl.obolibrary.org/obo/NCBITaxon_10090"	"C57BL/6"	"http://www.ebi.ac.uk/efo/EFO_0004472"	"12 to 15 week"		"adult"	"http://www.ebi.ac.uk/efo/EFO_0001272"	"brain without olfactory bulb"		"Pdgfra-H2BGFP"		"Brain single cell 2957"	
"SRR5532387"	"Mus musculus"	"http://purl.obolibrary.org/obo/NCBITaxon_10090"	"C57BL/6"	"http://www.ebi.ac.uk/efo/EFO_0004472"	"12 to 15 week"		"adult"	"http://www.ebi.ac.uk/efo/EFO_0001272"	"brain without olfactory bulb"		"Pdgfra-H2BGFP"		"Brain single cell 2958"	
"SRR5532388"	"Mus musculus"	"http://purl.obolibrary.org/obo/NCBITaxon_10090"	"C57BL/6"	"http://www.ebi.ac.uk/efo/EFO_0004472"	"12 to 15 week"		"adult"	"http://www.ebi.ac.uk/efo/EFO_0001272"	"brain without olfactory bulb"		"Pdgfra-H2BGFP"		"Brain single cell 2959"	
"SRR5532389"	"Mus musculus"	"http://purl.obolibrary.org/obo/NCBITaxon_10090"	"C57BL/6"	"http://www.ebi.ac.uk/efo/EFO_0004472"	"12 to 15 week"		"adult"	"http://www.ebi.ac.uk/efo/EFO_0001272"	"brain without olfactory bulb"		"Pdgfra-H2BGFP"		"Brain single cell 2960"	
"SRR5532390"	"Mus musculus"	"http://purl.obolibrary.org/obo/NCBITaxon_10090"	"C57BL/6"	"http://www.ebi.ac.uk/efo/EFO_0004472"	"12 to 15 week"		"adult"	"http://www.ebi.ac.uk/efo/EFO_0001272"	"brain without olfactory bulb"		"Pdgfra-H2BGFP"		"Brain single cell 2961"	
"SRR5532391"	"Mus musculus"	"http://purl.obolibrary.org/obo/NCBITaxon_10090"	"C57BL/6"	"http://www.ebi.ac.uk/efo/EFO_0004472"	"12 to 15 week"		"adult"	"http://www.ebi.ac.uk/efo/EFO_0001272"	"brain without olfactory bulb"		"Pdgfra-H2BGFP"		"Brain single cell 2962"	
"SRR5532392"	"Mus musculus"	"http://purl.obolibrary.org/obo/NCBITaxon_10090"	"C57BL/6"	"http://www.ebi.ac.uk/efo/EFO_0004472"	"12 to 15 week"		"adult"	"http://www.ebi.ac.uk/efo/EFO_0001272"	"brain without olfactory bulb"		"Pdgfra-H2BGFP"		"Brain single cell 2963"	
"SRR5532393"	"Mus musculus"	"http://purl.obolibrary.org/obo/NCBITaxon_10090"	"C57BL/6"	"http://www.ebi.ac.uk/efo/EFO_0004472"	"12 to 15 week"		"adult"	"http://www.ebi.ac.uk/efo/EFO_0001272"	"brain without olfactory bulb"		"Pdgfra-H2BGFP"		"Brain single cell 2964"	
"SRR5532394"	"Mus musculus"	"http://purl.obolibrary.org/obo/NCBITaxon_10090"	"C57BL/6"	"http://www.ebi.ac.uk/efo/EFO_0004472"	"12 to 15 week"		"adult"	"http://www.ebi.ac.uk/efo/EFO_0001272"	"brain without olfactory bulb"		"Pdgfra-H2BGFP"		"Brain single cell 2965"	
"SRR5532395"	"Mus musculus"	"http://purl.obolibrary.org/obo/NCBITaxon_10090"	"C57BL/6"	"http://www.ebi.ac.uk/efo/EFO_0004472"	"12 to 15 week"		"adult"	"http://www.ebi.ac.uk/efo/EFO_0001272"	"brain without olfactory bulb"		"Pdgfra-H2BGFP"		"Brain single cell 2966"	
"SRR5532396"	"Mus musculus"	"http://purl.obolibrary.org/obo/NCBITaxon_10090"	"C57BL/6"	"http://www.ebi.ac.uk/efo/EFO_0004472"	"12 to 15 week"		"adult"	"http://www.ebi.ac.uk/efo/EFO_0001272"	"brain without olfactory bulb"		"Pdgfra-H2BGFP"		"Brain single cell 2967"	
"SRR5532397"	"Mus musculus"	"http://purl.obolibrary.org/obo/NCBITaxon_10090"	"C57BL/6"	"http://www.ebi.ac.uk/efo/EFO_0004472"	"12 to 15 week"		"adult"	"http://www.ebi.ac.uk/efo/EFO_0001272"	"brain without olfactory bulb"		"Pdgfra-H2BGFP"		"Brain single cell 2968"	
"SRR5532398"	"Mus musculus"	"http://purl.obolibrary.org/obo/NCBITaxon_10090"	"C57BL/6"	"http://www.ebi.ac.uk/efo/EFO_0004472"	"12 to 15 week"		"adult"	"http://www.ebi.ac.uk/efo/EFO_0001272"	"brain without olfactory bulb"		"Pdgfra-H2BGFP"		"Brain single cell 2969"	
"SRR5532399"	"Mus musculus"	"http://purl.obolibrary.org/obo/NCBITaxon_10090"	"C57BL/6"	"http://www.ebi.ac.uk/efo/EFO_0004472"	"12 to 15 week"		"adult"	"http://www.ebi.ac.uk/efo/EFO_0001272"	"brain without olfactory bulb"		"Pdgfra-H2BGFP"		"Brain single cell 2970"	
"SRR5532400"	"Mus musculus"	"http://purl.obolibrary.org/obo/NCBITaxon_10090"	"C57BL/6"	"http://www.ebi.ac.uk/efo/EFO_0004472"	"12 to 15 week"		"adult"	"http://www.ebi.ac.uk/efo/EFO_0001272"	"brain without olfactory bulb"		"Pdgfra-H2BGFP"		"Brain single cell 2971"	
"SRR5532401"	"Mus musculus"	"http://purl.obolibrary.org/obo/NCBITaxon_10090"	"C57BL/6"	"http://www.ebi.ac.uk/efo/EFO_0004472"	"12 to 15 week"		"adult"	"http://www.ebi.ac.uk/efo/EFO_0001272"	"brain without olfactory bulb"		"Pdgfra-H2BGFP"		"Brain single cell 2972"	
"SRR5532402"	"Mus musculus"	"http://purl.obolibrary.org/obo/NCBITaxon_10090"	"C57BL/6"	"http://www.ebi.ac.uk/efo/EFO_0004472"	"12 to 15 week"		"adult"	"http://www.ebi.ac.uk/efo/EFO_0001272"	"brain without olfactory bulb"		"Pdgfra-H2BGFP"		"Brain single cell 2973"	
"SRR5532403"	"Mus musculus"	"http://purl.obolibrary.org/obo/NCBITaxon_10090"	"C57BL/6"	"http://www.ebi.ac.uk/efo/EFO_0004472"	"12 to 15 week"		"adult"	"http://www.ebi.ac.uk/efo/EFO_0001272"	"brain without olfactory bulb"		"Pdgfra-H2BGFP"		"Brain single cell 2974"	
"SRR5532404"	"Mus musculus"	"http://purl.obolibrary.org/obo/NCBITaxon_10090"	"C57BL/6"	"http://www.ebi.ac.uk/efo/EFO_0004472"	"12 to 15 week"		"adult"	"http://www.ebi.ac.uk/efo/EFO_0001272"	"brain without olfactory bulb"		"Pdgfra-H2BGFP"		"Brain single cell 2975"	
"SRR5532405"	"Mus musculus"	"http://purl.obolibrary.org/obo/NCBITaxon_10090"	"C57BL/6"	"http://www.ebi.ac.uk/efo/EFO_0004472"	"12 to 15 week"		"adult"	"http://www.ebi.ac.uk/efo/EFO_0001272"	"brain without olfactory bulb"		"Pdgfra-H2BGFP"		"Brain single cell 2976"	
"SRR5532406"	"Mus musculus"	"http://purl.obolibrary.org/obo/NCBITaxon_10090"	"C57BL/6"	"http://www.ebi.ac.uk/efo/EFO_0004472"	"12 to 15 week"		"adult"	"http://www.ebi.ac.uk/efo/EFO_0001272"	"brain without olfactory bulb"		"Pdgfra-H2BGFP"		"Brain single cell 2977"	
"SRR5532407"	"Mus musculus"	"http://purl.obolibrary.org/obo/NCBITaxon_10090"	"C57BL/6"	"http://www.ebi.ac.uk/efo/EFO_0004472"	"12 to 15 week"		"adult"	"http://www.ebi.ac.uk/efo/EFO_0001272"	"brain without olfactory bulb"		"Pdgfra-H2BGFP"		"Brain single cell 2978"	
"SRR5532408"	"Mus musculus"	"http://purl.obolibrary.org/obo/NCBITaxon_10090"	"C57BL/6"	"http://www.ebi.ac.uk/efo/EFO_0004472"	"12 to 15 week"		"adult"	"http://www.ebi.ac.uk/efo/EFO_0001272"	"brain without olfactory bulb"		"Pdgfra-H2BGFP"		"Brain single cell 2979"	
"SRR5532409"	"Mus musculus"	"http://purl.obolibrary.org/obo/NCBITaxon_10090"	"C57BL/6"	"http://www.ebi.ac.uk/efo/EFO_0004472"	"12 to 15 week"		"adult"	"http://www.ebi.ac.uk/efo/EFO_0001272"	"brain without olfactory bulb"		"Pdgfra-H2BGFP"		"Brain single cell 2980"	
"SRR5532410"	"Mus musculus"	"http://purl.obolibrary.org/obo/NCBITaxon_10090"	"C57BL/6"	"http://www.ebi.ac.uk/efo/EFO_0004472"	"12 to 15 week"		"adult"	"http://www.ebi.ac.uk/efo/EFO_0001272"	"brain without olfactory bulb"		"Pdgfra-H2BGFP"		"Brain single cell 2981"	
"SRR5532411"	"Mus musculus"	"http://purl.obolibrary.org/obo/NCBITaxon_10090"	"C57BL/6"	"http://www.ebi.ac.uk/efo/EFO_0004472"	"12 to 15 week"		"adult"	"http://www.ebi.ac.uk/efo/EFO_0001272"	"brain without olfactory bulb"		"Pdgfra-H2BGFP"		"Brain single cell 2982"	
"SRR5532412"	"Mus musculus"	"http://purl.obolibrary.org/obo/NCBITaxon_10090"	"C57BL/6"	"http://www.ebi.ac.uk/efo/EFO_0004472"	"12 to 15 week"		"adult"	"http://www.ebi.ac.uk/efo/EFO_0001272"	"brain without olfactory bulb"		"Pdgfra-H2BGFP"		"Brain single cell 2983"	
"SRR5532413"	"Mus musculus"	"http://purl.obolibrary.org/obo/NCBITaxon_10090"	"C57BL/6"	"http://www.ebi.ac.uk/efo/EFO_0004472"	"12 to 15 week"		"adult"	"http://www.ebi.ac.uk/efo/EFO_0001272"	"brain without olfactory bulb"		"Pdgfra-H2BGFP"		"Brain single cell 2984"	
"SRR5532414"	"Mus musculus"	"http://purl.obolibrary.org/obo/NCBITaxon_10090"	"C57BL/6"	"http://www.ebi.ac.uk/efo/EFO_0004472"	"12 to 15 week"		"adult"	"http://www.ebi.ac.uk/efo/EFO_0001272"	"brain without olfactory bulb"		"Pdgfra-H2BGFP"		"Brain single cell 2985"	
"SRR5532415"	"Mus musculus"	"http://purl.obolibrary.org/obo/NCBITaxon_10090"	"C57BL/6"	"http://www.ebi.ac.uk/efo/EFO_0004472"	"12 to 15 week"		"adult"	"http://www.ebi.ac.uk/efo/EFO_0001272"	"brain without olfactory bulb"		"Pdgfra-H2BGFP"		"Brain single cell 2986"	
"SRR5532416"	"Mus musculus"	"http://purl.obolibrary.org/obo/NCBITaxon_10090"	"C57BL/6"	"http://www.ebi.ac.uk/efo/EFO_0004472"	"12 to 15 week"		"adult"	"http://www.ebi.ac.uk/efo/EFO_0001272"	"brain without olfactory bulb"		"Pdgfra-H2BGFP"		"Brain single cell 2987"	
"SRR5532417"	"Mus musculus"	"http://purl.obolibrary.org/obo/NCBITaxon_10090"	"C57BL/6"	"http://www.ebi.ac.uk/efo/EFO_0004472"	"12 to 15 week"		"adult"	"http://www.ebi.ac.uk/efo/EFO_0001272"	"brain without olfactory bulb"		"Pdgfra-H2BGFP"		"Brain single cell 2988"	
"SRR5532418"	"Mus musculus"	"http://purl.obolibrary.org/obo/NCBITaxon_10090"	"C57BL/6"	"http://www.ebi.ac.uk/efo/EFO_0004472"	"12 to 15 week"		"adult"	"http://www.ebi.ac.uk/efo/EFO_0001272"	"brain without olfactory bulb"		"Pdgfra-H2BGFP"		"Brain single cell 2989"	
"SRR5532419"	"Mus musculus"	"http://purl.obolibrary.org/obo/NCBITaxon_10090"	"C57BL/6"	"http://www.ebi.ac.uk/efo/EFO_0004472"	"12 to 15 week"		"adult"	"http://www.ebi.ac.uk/efo/EFO_0001272"	"brain without olfactory bulb"		"Pdgfra-H2BGFP"		"Brain single cell 2990"	
"SRR5532420"	"Mus musculus"	"http://purl.obolibrary.org/obo/NCBITaxon_10090"	"C57BL/6"	"http://www.ebi.ac.uk/efo/EFO_0004472"	"12 to 15 week"		"adult"	"http://www.ebi.ac.uk/efo/EFO_0001272"	"brain without olfactory bulb"		"Pdgfra-H2BGFP"		"Brain single cell 2991"	
"SRR5532421"	"Mus musculus"	"http://purl.obolibrary.org/obo/NCBITaxon_10090"	"C57BL/6"	"http://www.ebi.ac.uk/efo/EFO_0004472"	"12 to 15 week"		"adult"	"http://www.ebi.ac.uk/efo/EFO_0001272"	"brain without olfactory bulb"		"Pdgfra-H2BGFP"		"Brain single cell 2992"	
"SRR5532422"	"Mus musculus"	"http://purl.obolibrary.org/obo/NCBITaxon_10090"	"C57BL/6"	"http://www.ebi.ac.uk/efo/EFO_0004472"	"12 to 15 week"		"adult"	"http://www.ebi.ac.uk/efo/EFO_0001272"	"brain without olfactory bulb"		"Pdgfra-H2BGFP"		"Brain single cell 2993"	
"SRR5532423"	"Mus musculus"	"http://purl.obolibrary.org/obo/NCBITaxon_10090"	"C57BL/6"	"http://www.ebi.ac.uk/efo/EFO_0004472"	"12 to 15 week"		"adult"	"http://www.ebi.ac.uk/efo/EFO_0001272"	"brain without olfactory bulb"		"Pdgfra-H2BGFP"		"Brain single cell 2994"	
"SRR5532424"	"Mus musculus"	"http://purl.obolibrary.org/obo/NCBITaxon_10090"	"C57BL/6"	"http://www.ebi.ac.uk/efo/EFO_0004472"	"12 to 15 week"		"adult"	"http://www.ebi.ac.uk/efo/EFO_0001272"	"brain without olfactory bulb"		"Pdgfra-H2BGFP"		"Brain single cell 2995"	
"SRR5532425"	"Mus musculus"	"http://purl.obolibrary.org/obo/NCBITaxon_10090"	"C57BL/6"	"http://www.ebi.ac.uk/efo/EFO_0004472"	"12 to 15 week"		"adult"	"http://www.ebi.ac.uk/efo/EFO_0001272"	"brain without olfactory bulb"		"Pdgfra-H2BGFP"		"Brain single cell 2996"	
"SRR5532426"	"Mus musculus"	"http://purl.obolibrary.org/obo/NCBITaxon_10090"	"C57BL/6"	"http://www.ebi.ac.uk/efo/EFO_0004472"	"12 to 15 week"		"adult"	"http://www.ebi.ac.uk/efo/EFO_0001272"	"brain without olfactory bulb"		"Pdgfra-H2BGFP"		"Brain single cell 2997"	
"SRR5532427"	"Mus musculus"	"http://purl.obolibrary.org/obo/NCBITaxon_10090"	"C57BL/6"	"http://www.ebi.ac.uk/efo/EFO_0004472"	"12 to 15 week"		"adult"	"http://www.ebi.ac.uk/efo/EFO_0001272"	"brain without olfactory bulb"		"Pdgfra-H2BGFP"		"Brain single cell 2998"	
"SRR5532428"	"Mus musculus"	"http://purl.obolibrary.org/obo/NCBITaxon_10090"	"C57BL/6"	"http://www.ebi.ac.uk/efo/EFO_0004472"	"12 to 15 week"		"adult"	"http://www.ebi.ac.uk/efo/EFO_0001272"	"brain without olfactory bulb"		"Pdgfra-H2BGFP"		"Brain single cell 2999"	
"SRR5532429"	"Mus musculus"	"http://purl.obolibrary.org/obo/NCBITaxon_10090"	"C57BL/6"	"http://www.ebi.ac.uk/efo/EFO_0004472"	"12 to 15 week"		"adult"	"http://www.ebi.ac.uk/efo/EFO_0001272"	"brain without olfactory bulb"		"Pdgfra-H2BGFP"		"Brain single cell 3000"	
"SRR5532430"	"Mus musculus"	"http://purl.obolibrary.org/obo/NCBITaxon_10090"	"C57BL/6"	"http://www.ebi.ac.uk/efo/EFO_0004472"	"12 to 15 week"		"adult"	"http://www.ebi.ac.uk/efo/EFO_0001272"	"brain without olfactory bulb"		"Pdgfra-H2BGFP"		"Brain single cell 3001"	
"SRR5532431"	"Mus musculus"	"http://purl.obolibrary.org/obo/NCBITaxon_10090"	"C57BL/6"	"http://www.ebi.ac.uk/efo/EFO_0004472"	"12 to 15 week"		"adult"	"http://www.ebi.ac.uk/efo/EFO_0001272"	"brain without olfactory bulb"		"Pdgfra-H2BGFP"		"Brain single cell 3002"	
"SRR5532432"	"Mus musculus"	"http://purl.obolibrary.org/obo/NCBITaxon_10090"	"C57BL/6"	"http://www.ebi.ac.uk/efo/EFO_0004472"	"12 to 15 week"		"adult"	"http://www.ebi.ac.uk/efo/EFO_0001272"	"brain without olfactory bulb"		"Pdgfra-H2BGFP"		"Brain single cell 3003"	
"SRR5532433"	"Mus musculus"	"http://purl.obolibrary.org/obo/NCBITaxon_10090"	"C57BL/6"	"http://www.ebi.ac.uk/efo/EFO_0004472"	"12 to 15 week"		"adult"	"http://www.ebi.ac.uk/efo/EFO_0001272"	"brain without olfactory bulb"		"Pdgfra-H2BGFP"		"Brain single cell 3004"	
"SRR5532434"	"Mus musculus"	"http://purl.obolibrary.org/obo/NCBITaxon_10090"	"C57BL/6"	"http://www.ebi.ac.uk/efo/EFO_0004472"	"12 to 15 week"		"adult"	"http://www.ebi.ac.uk/efo/EFO_0001272"	"brain without olfactory bulb"		"Pdgfra-H2BGFP"		"Brain single cell 3005"	
"SRR5532435"	"Mus musculus"	"http://purl.obolibrary.org/obo/NCBITaxon_10090"	"C57BL/6"	"http://www.ebi.ac.uk/efo/EFO_0004472"	"12 to 15 week"		"adult"	"http://www.ebi.ac.uk/efo/EFO_0001272"	"brain without olfactory bulb"		"Pdgfra-H2BGFP"		"Brain single cell 3006"	
"SRR5532436"	"Mus musculus"	"http://purl.obolibrary.org/obo/NCBITaxon_10090"	"C57BL/6"	"http://www.ebi.ac.uk/efo/EFO_0004472"	"12 to 15 week"		"adult"	"http://www.ebi.ac.uk/efo/EFO_0001272"	"brain without olfactory bulb"		"Pdgfra-H2BGFP"		"Brain single cell 3007"	
"SRR5532437"	"Mus musculus"	"http://purl.obolibrary.org/obo/NCBITaxon_10090"	"C57BL/6"	"http://www.ebi.ac.uk/efo/EFO_0004472"	"12 to 15 week"		"adult"	"http://www.ebi.ac.uk/efo/EFO_0001272"	"brain without olfactory bulb"		"Pdgfra-H2BGFP"		"Brain single cell 3008"	
"SRR5532438"	"Mus musculus"	"http://purl.obolibrary.org/obo/NCBITaxon_10090"	"C57BL/6"	"http://www.ebi.ac.uk/efo/EFO_0004472"	"12 to 15 week"		"adult"	"http://www.ebi.ac.uk/efo/EFO_0001272"	"brain without olfactory bulb"		"Pdgfra-H2BGFP"		"Brain single cell 3009"	
"SRR5532439"	"Mus musculus"	"http://purl.obolibrary.org/obo/NCBITaxon_10090"	"C57BL/6"	"http://www.ebi.ac.uk/efo/EFO_0004472"	"12 to 15 week"		"adult"	"http://www.ebi.ac.uk/efo/EFO_0001272"	"brain without olfactory bulb"		"Pdgfra-H2BGFP"		"Brain single cell 3010"	
"SRR5532440"	"Mus musculus"	"http://purl.obolibrary.org/obo/NCBITaxon_10090"	"C57BL/6"	"http://www.ebi.ac.uk/efo/EFO_0004472"	"12 to 15 week"		"adult"	"http://www.ebi.ac.uk/efo/EFO_0001272"	"brain without olfactory bulb"		"Pdgfra-H2BGFP"		"Brain single cell 3011"	
"SRR5532441"	"Mus musculus"	"http://purl.obolibrary.org/obo/NCBITaxon_10090"	"C57BL/6"	"http://www.ebi.ac.uk/efo/EFO_0004472"	"12 to 15 week"		"adult"	"http://www.ebi.ac.uk/efo/EFO_0001272"	"brain without olfactory bulb"		"Pdgfra-H2BGFP"		"Brain single cell 3012"	
"SRR5532442"	"Mus musculus"	"http://purl.obolibrary.org/obo/NCBITaxon_10090"	"C57BL/6"	"http://www.ebi.ac.uk/efo/EFO_0004472"	"12 to 15 week"		"adult"	"http://www.ebi.ac.uk/efo/EFO_0001272"	"brain without olfactory bulb"		"Pdgfra-H2BGFP"		"Brain single cell 3013"	
"SRR5532443"	"Mus musculus"	"http://purl.obolibrary.org/obo/NCBITaxon_10090"	"C57BL/6"	"http://www.ebi.ac.uk/efo/EFO_0004472"	"12 to 15 week"		"adult"	"http://www.ebi.ac.uk/efo/EFO_0001272"	"brain without olfactory bulb"		"Pdgfra-H2BGFP"		"Brain single cell 3014"	
"SRR5532444"	"Mus musculus"	"http://purl.obolibrary.org/obo/NCBITaxon_10090"	"C57BL/6"	"http://www.ebi.ac.uk/efo/EFO_0004472"	"12 to 15 week"		"adult"	"http://www.ebi.ac.uk/efo/EFO_0001272"	"brain without olfactory bulb"		"Pdgfra-H2BGFP"		"Brain single cell 3015"	
"SRR5532445"	"Mus musculus"	"http://purl.obolibrary.org/obo/NCBITaxon_10090"	"C57BL/6"	"http://www.ebi.ac.uk/efo/EFO_0004472"	"12 to 15 week"		"adult"	"http://www.ebi.ac.uk/efo/EFO_0001272"	"brain without olfactory bulb"		"Pdgfra-H2BGFP"		"Brain single cell 3016"	
"SRR5532446"	"Mus musculus"	"http://purl.obolibrary.org/obo/NCBITaxon_10090"	"C57BL/6"	"http://www.ebi.ac.uk/efo/EFO_0004472"	"12 to 15 week"		"adult"	"http://www.ebi.ac.uk/efo/EFO_0001272"	"brain without olfactory bulb"		"Pdgfra-H2BGFP"		"Brain single cell 3017"	
"SRR5532447"	"Mus musculus"	"http://purl.obolibrary.org/obo/NCBITaxon_10090"	"C57BL/6"	"http://www.ebi.ac.uk/efo/EFO_0004472"	"12 to 15 week"		"adult"	"http://www.ebi.ac.uk/efo/EFO_0001272"	"brain without olfactory bulb"		"Pdgfra-H2BGFP"		"Brain single cell 3018"	
"SRR5532448"	"Mus musculus"	"http://purl.obolibrary.org/obo/NCBITaxon_10090"	"C57BL/6"	"http://www.ebi.ac.uk/efo/EFO_0004472"	"12 to 15 week"		"adult"	"http://www.ebi.ac.uk/efo/EFO_0001272"	"brain without olfactory bulb"		"Pdgfra-H2BGFP"		"Brain single cell 3019"	
"SRR5532449"	"Mus musculus"	"http://purl.obolibrary.org/obo/NCBITaxon_10090"	"C57BL/6"	"http://www.ebi.ac.uk/efo/EFO_0004472"	"12 to 15 week"		"adult"	"http://www.ebi.ac.uk/efo/EFO_0001272"	"brain without olfactory bulb"		"Pdgfra-H2BGFP"		"Brain single cell 3020"	
"SRR5532450"	"Mus musculus"	"http://purl.obolibrary.org/obo/NCBITaxon_10090"	"C57BL/6"	"http://www.ebi.ac.uk/efo/EFO_0004472"	"12 to 15 week"		"adult"	"http://www.ebi.ac.uk/efo/EFO_0001272"	"brain without olfactory bulb"		"Pdgfra-H2BGFP"		"Brain single cell 3021"	
"SRR5532451"	"Mus musculus"	"http://purl.obolibrary.org/obo/NCBITaxon_10090"	"C57BL/6"	"http://www.ebi.ac.uk/efo/EFO_0004472"	"12 to 15 week"		"adult"	"http://www.ebi.ac.uk/efo/EFO_0001272"	"brain without olfactory bulb"		"Pdgfra-H2BGFP"		"Brain single cell 3022"	
"SRR5532452"	"Mus musculus"	"http://purl.obolibrary.org/obo/NCBITaxon_10090"	"C57BL/6"	"http://www.ebi.ac.uk/efo/EFO_0004472"	"12 to 15 week"		"adult"	"http://www.ebi.ac.uk/efo/EFO_0001272"	"brain without olfactory bulb"		"Pdgfra-H2BGFP"		"Brain single cell 3023"	
"SRR5532453"	"Mus musculus"	"http://purl.obolibrary.org/obo/NCBITaxon_10090"	"C57BL/6"	"http://www.ebi.ac.uk/efo/EFO_0004472"	"12 to 15 week"		"adult"	"http://www.ebi.ac.uk/efo/EFO_0001272"	"brain without olfactory bulb"		"Pdgfra-H2BGFP"		"Brain single cell 3024"	
"SRR5532454"	"Mus musculus"	"http://purl.obolibrary.org/obo/NCBITaxon_10090"	"C57BL/6"	"http://www.ebi.ac.uk/efo/EFO_0004472"	"12 to 15 week"		"adult"	"http://www.ebi.ac.uk/efo/EFO_0001272"	"brain without olfactory bulb"		"Pdgfra-H2BGFP"		"Brain single cell 3025"	
"SRR5532455"	"Mus musculus"	"http://purl.obolibrary.org/obo/NCBITaxon_10090"	"C57BL/6"	"http://www.ebi.ac.uk/efo/EFO_0004472"	"12 to 15 week"		"adult"	"http://www.ebi.ac.uk/efo/EFO_0001272"	"brain without olfactory bulb"		"Pdgfra-H2BGFP"		"Brain single cell 3026"	
"SRR5532456"	"Mus musculus"	"http://purl.obolibrary.org/obo/NCBITaxon_10090"	"C57BL/6"	"http://www.ebi.ac.uk/efo/EFO_0004472"	"12 to 15 week"		"adult"	"http://www.ebi.ac.uk/efo/EFO_0001272"	"brain without olfactory bulb"		"Pdgfra-H2BGFP"		"Brain single cell 3027"	
"SRR5532457"	"Mus musculus"	"http://purl.obolibrary.org/obo/NCBITaxon_10090"	"C57BL/6"	"http://www.ebi.ac.uk/efo/EFO_0004472"	"12 to 15 week"		"adult"	"http://www.ebi.ac.uk/efo/EFO_0001272"	"brain without olfactory bulb"		"Pdgfra-H2BGFP"		"Brain single cell 3028"	
"SRR5532458"	"Mus musculus"	"http://purl.obolibrary.org/obo/NCBITaxon_10090"	"C57BL/6"	"http://www.ebi.ac.uk/efo/EFO_0004472"	"12 to 15 week"		"adult"	"http://www.ebi.ac.uk/efo/EFO_0001272"	"brain without olfactory bulb"		"Pdgfra-H2BGFP"		"Brain single cell 3029"	
"SRR5532459"	"Mus musculus"	"http://purl.obolibrary.org/obo/NCBITaxon_10090"	"C57BL/6"	"http://www.ebi.ac.uk/efo/EFO_0004472"	"12 to 15 week"		"adult"	"http://www.ebi.ac.uk/efo/EFO_0001272"	"brain without olfactory bulb"		"Pdgfra-H2BGFP"		"Brain single cell 3030"	
"SRR5532460"	"Mus musculus"	"http://purl.obolibrary.org/obo/NCBITaxon_10090"	"C57BL/6"	"http://www.ebi.ac.uk/efo/EFO_0004472"	"12 to 15 week"		"adult"	"http://www.ebi.ac.uk/efo/EFO_0001272"	"brain without olfactory bulb"		"Pdgfra-H2BGFP"		"Brain single cell 3031"	
"SRR5532461"	"Mus musculus"	"http://purl.obolibrary.org/obo/NCBITaxon_10090"	"C57BL/6"	"http://www.ebi.ac.uk/efo/EFO_0004472"	"12 to 15 week"		"adult"	"http://www.ebi.ac.uk/efo/EFO_0001272"	"brain without olfactory bulb"		"Pdgfra-H2BGFP"		"Brain single cell 3032"	
"SRR5532462"	"Mus musculus"	"http://purl.obolibrary.org/obo/NCBITaxon_10090"	"C57BL/6"	"http://www.ebi.ac.uk/efo/EFO_0004472"	"12 to 15 week"		"adult"	"http://www.ebi.ac.uk/efo/EFO_0001272"	"brain without olfactory bulb"		"Pdgfra-H2BGFP"		"Brain single cell 3033"	
"SRR5532463"	"Mus musculus"	"http://purl.obolibrary.org/obo/NCBITaxon_10090"	"C57BL/6"	"http://www.ebi.ac.uk/efo/EFO_0004472"	"12 to 15 week"		"adult"	"http://www.ebi.ac.uk/efo/EFO_0001272"	"brain without olfactory bulb"		"Pdgfra-H2BGFP"		"Brain single cell 3034"	
"SRR5532464"	"Mus musculus"	"http://purl.obolibrary.org/obo/NCBITaxon_10090"	"C57BL/6"	"http://www.ebi.ac.uk/efo/EFO_0004472"	"12 to 15 week"		"adult"	"http://www.ebi.ac.uk/efo/EFO_0001272"	"brain without olfactory bulb"		"Pdgfra-H2BGFP"		"Brain single cell 3035"	
"SRR5532465"	"Mus musculus"	"http://purl.obolibrary.org/obo/NCBITaxon_10090"	"C57BL/6"	"http://www.ebi.ac.uk/efo/EFO_0004472"	"12 to 15 week"		"adult"	"http://www.ebi.ac.uk/efo/EFO_0001272"	"brain without olfactory bulb"		"Pdgfra-H2BGFP"		"Brain single cell 3036"	
"SRR5532466"	"Mus musculus"	"http://purl.obolibrary.org/obo/NCBITaxon_10090"	"C57BL/6"	"http://www.ebi.ac.uk/efo/EFO_0004472"	"12 to 15 week"		"adult"	"http://www.ebi.ac.uk/efo/EFO_0001272"	"brain without olfactory bulb"		"Pdgfra-H2BGFP"		"Brain single cell 3037"	
"SRR5532467"	"Mus musculus"	"http://purl.obolibrary.org/obo/NCBITaxon_10090"	"C57BL/6"	"http://www.ebi.ac.uk/efo/EFO_0004472"	"12 to 15 week"		"adult"	"http://www.ebi.ac.uk/efo/EFO_0001272"	"brain without olfactory bulb"		"Pdgfra-H2BGFP"		"Brain single cell 3038"	
"SRR5532468"	"Mus musculus"	"http://purl.obolibrary.org/obo/NCBITaxon_10090"	"C57BL/6"	"http://www.ebi.ac.uk/efo/EFO_0004472"	"12 to 15 week"		"adult"	"http://www.ebi.ac.uk/efo/EFO_0001272"	"brain without olfactory bulb"		"Pdgfra-H2BGFP"		"Brain single cell 3039"	
"SRR5532469"	"Mus musculus"	"http://purl.obolibrary.org/obo/NCBITaxon_10090"	"C57BL/6"	"http://www.ebi.ac.uk/efo/EFO_0004472"	"12 to 15 week"		"adult"	"http://www.ebi.ac.uk/efo/EFO_0001272"	"brain without olfactory bulb"		"Pdgfra-H2BGFP"		"Brain single cell 3040"	
"SRR5532470"	"Mus musculus"	"http://purl.obolibrary.org/obo/NCBITaxon_10090"	"C57BL/6"	"http://www.ebi.ac.uk/efo/EFO_0004472"	"12 to 15 week"		"adult"	"http://www.ebi.ac.uk/efo/EFO_0001272"	"brain without olfactory bulb"		"Pdgfra-H2BGFP"		"Brain single cell 3041"	
"SRR5532471"	"Mus musculus"	"http://purl.obolibrary.org/obo/NCBITaxon_10090"	"C57BL/6"	"http://www.ebi.ac.uk/efo/EFO_0004472"	"12 to 15 week"		"adult"	"http://www.ebi.ac.uk/efo/EFO_0001272"	"brain without olfactory bulb"		"Pdgfra-H2BGFP"		"Brain single cell 3042"	
"SRR5532472"	"Mus musculus"	"http://purl.obolibrary.org/obo/NCBITaxon_10090"	"C57BL/6"	"http://www.ebi.ac.uk/efo/EFO_0004472"	"12 to 15 week"		"adult"	"http://www.ebi.ac.uk/efo/EFO_0001272"	"brain without olfactory bulb"		"Pdgfra-H2BGFP"		"Brain single cell 3043"	
"SRR5532473"	"Mus musculus"	"http://purl.obolibrary.org/obo/NCBITaxon_10090"	"C57BL/6"	"http://www.ebi.ac.uk/efo/EFO_0004472"	"12 to 15 week"		"adult"	"http://www.ebi.ac.uk/efo/EFO_0001272"	"brain without olfactory bulb"		"Pdgfra-H2BGFP"		"Brain single cell 3044"	
"SRR5532474"	"Mus musculus"	"http://purl.obolibrary.org/obo/NCBITaxon_10090"	"C57BL/6"	"http://www.ebi.ac.uk/efo/EFO_0004472"	"12 to 15 week"		"adult"	"http://www.ebi.ac.uk/efo/EFO_0001272"	"brain without olfactory bulb"		"Pdgfra-H2BGFP"		"Brain single cell 3045"	
"SRR5532475"	"Mus musculus"	"http://purl.obolibrary.org/obo/NCBITaxon_10090"	"C57BL/6"	"http://www.ebi.ac.uk/efo/EFO_0004472"	"12 to 15 week"		"adult"	"http://www.ebi.ac.uk/efo/EFO_0001272"	"brain without olfactory bulb"		"Pdgfra-H2BGFP"		"Brain single cell 3046"	
"SRR5532476"	"Mus musculus"	"http://purl.obolibrary.org/obo/NCBITaxon_10090"	"C57BL/6"	"http://www.ebi.ac.uk/efo/EFO_0004472"	"12 to 15 week"		"adult"	"http://www.ebi.ac.uk/efo/EFO_0001272"	"brain without olfactory bulb"		"Pdgfra-H2BGFP"		"Brain single cell 3047"	
"SRR5532477"	"Mus musculus"	"http://purl.obolibrary.org/obo/NCBITaxon_10090"	"C57BL/6"	"http://www.ebi.ac.uk/efo/EFO_0004472"	"12 to 15 week"		"adult"	"http://www.ebi.ac.uk/efo/EFO_0001272"	"brain without olfactory bulb"		"Pdgfra-H2BGFP"		"Brain single cell 3048"	
"SRR5532478"	"Mus musculus"	"http://purl.obolibrary.org/obo/NCBITaxon_10090"	"C57BL/6"	"http://www.ebi.ac.uk/efo/EFO_0004472"	"12 to 15 week"		"adult"	"http://www.ebi.ac.uk/efo/EFO_0001272"	"brain without olfactory bulb"		"Pdgfra-H2BGFP"		"Brain single cell 3049"	
"SRR5532479"	"Mus musculus"	"http://purl.obolibrary.org/obo/NCBITaxon_10090"	"C57BL/6"	"http://www.ebi.ac.uk/efo/EFO_0004472"	"12 to 15 week"		"adult"	"http://www.ebi.ac.uk/efo/EFO_0001272"	"brain without olfactory bulb"		"Pdgfra-H2BGFP"		"Brain single cell 3050"	
"SRR5532480"	"Mus musculus"	"http://purl.obolibrary.org/obo/NCBITaxon_10090"	"C57BL/6"	"http://www.ebi.ac.uk/efo/EFO_0004472"	"12 to 15 week"		"adult"	"http://www.ebi.ac.uk/efo/EFO_0001272"	"brain without olfactory bulb"		"Pdgfra-H2BGFP"		"Brain single cell 3051"	
"SRR5532481"	"Mus musculus"	"http://purl.obolibrary.org/obo/NCBITaxon_10090"	"C57BL/6"	"http://www.ebi.ac.uk/efo/EFO_0004472"	"12 to 15 week"		"adult"	"http://www.ebi.ac.uk/efo/EFO_0001272"	"brain without olfactory bulb"		"Pdgfra-H2BGFP"		"Brain single cell 3052"	
"SRR5532482"	"Mus musculus"	"http://purl.obolibrary.org/obo/NCBITaxon_10090"	"C57BL/6"	"http://www.ebi.ac.uk/efo/EFO_0004472"	"12 to 15 week"		"adult"	"http://www.ebi.ac.uk/efo/EFO_0001272"	"brain without olfactory bulb"		"Pdgfra-H2BGFP"		"Brain single cell 3053"	
"SRR5532483"	"Mus musculus"	"http://purl.obolibrary.org/obo/NCBITaxon_10090"	"C57BL/6"	"http://www.ebi.ac.uk/efo/EFO_0004472"	"12 to 15 week"		"adult"	"http://www.ebi.ac.uk/efo/EFO_0001272"	"brain without olfactory bulb"		"Pdgfra-H2BGFP"		"Brain single cell 3054"	
"SRR5532484"	"Mus musculus"	"http://purl.obolibrary.org/obo/NCBITaxon_10090"	"C57BL/6"	"http://www.ebi.ac.uk/efo/EFO_0004472"	"12 to 15 week"		"adult"	"http://www.ebi.ac.uk/efo/EFO_0001272"	"brain without olfactory bulb"		"Pdgfra-H2BGFP"		"Brain single cell 3055"	
"SRR5532485"	"Mus musculus"	"http://purl.obolibrary.org/obo/NCBITaxon_10090"	"C57BL/6"	"http://www.ebi.ac.uk/efo/EFO_0004472"	"12 to 15 week"		"adult"	"http://www.ebi.ac.uk/efo/EFO_0001272"	"brain without olfactory bulb"		"Pdgfra-H2BGFP"		"Brain single cell 3056"	
"SRR5532486"	"Mus musculus"	"http://purl.obolibrary.org/obo/NCBITaxon_10090"	"C57BL/6"	"http://www.ebi.ac.uk/efo/EFO_0004472"	"12 to 15 week"		"adult"	"http://www.ebi.ac.uk/efo/EFO_0001272"	"brain without olfactory bulb"		"Pdgfra-H2BGFP"		"Brain single cell 3057"	
"SRR5532487"	"Mus musculus"	"http://purl.obolibrary.org/obo/NCBITaxon_10090"	"C57BL/6"	"http://www.ebi.ac.uk/efo/EFO_0004472"	"12 to 15 week"		"adult"	"http://www.ebi.ac.uk/efo/EFO_0001272"	"brain without olfactory bulb"		"Pdgfra-H2BGFP"		"Brain single cell 3058"	
"SRR5532488"	"Mus musculus"	"http://purl.obolibrary.org/obo/NCBITaxon_10090"	"C57BL/6"	"http://www.ebi.ac.uk/efo/EFO_0004472"	"12 to 15 week"		"adult"	"http://www.ebi.ac.uk/efo/EFO_0001272"	"brain without olfactory bulb"		"Pdgfra-H2BGFP"		"Brain single cell 3059"	
"SRR5532489"	"Mus musculus"	"http://purl.obolibrary.org/obo/NCBITaxon_10090"	"C57BL/6"	"http://www.ebi.ac.uk/efo/EFO_0004472"	"12 to 15 week"		"adult"	"http://www.ebi.ac.uk/efo/EFO_0001272"	"brain without olfactory bulb"		"Pdgfra-H2BGFP"		"Brain single cell 3060"	
"SRR5532490"	"Mus musculus"	"http://purl.obolibrary.org/obo/NCBITaxon_10090"	"C57BL/6"	"http://www.ebi.ac.uk/efo/EFO_0004472"	"12 to 15 week"		"adult"	"http://www.ebi.ac.uk/efo/EFO_0001272"	"brain without olfactory bulb"		"Pdgfra-H2BGFP"		"Brain single cell 3061"	
"SRR5532491"	"Mus musculus"	"http://purl.obolibrary.org/obo/NCBITaxon_10090"	"C57BL/6"	"http://www.ebi.ac.uk/efo/EFO_0004472"	"12 to 15 week"		"adult"	"http://www.ebi.ac.uk/efo/EFO_0001272"	"brain without olfactory bulb"		"Pdgfra-H2BGFP"		"Brain single cell 3062"	
"SRR5532492"	"Mus musculus"	"http://purl.obolibrary.org/obo/NCBITaxon_10090"	"C57BL/6"	"http://www.ebi.ac.uk/efo/EFO_0004472"	"12 to 15 week"		"adult"	"http://www.ebi.ac.uk/efo/EFO_0001272"	"brain without olfactory bulb"		"Pdgfra-H2BGFP"		"Brain single cell 3063"	
"SRR5532493"	"Mus musculus"	"http://purl.obolibrary.org/obo/NCBITaxon_10090"	"C57BL/6"	"http://www.ebi.ac.uk/efo/EFO_0004472"	"12 to 15 week"		"adult"	"http://www.ebi.ac.uk/efo/EFO_0001272"	"brain without olfactory bulb"		"Pdgfra-H2BGFP"		"Brain single cell 3064"	
"SRR5532494"	"Mus musculus"	"http://purl.obolibrary.org/obo/NCBITaxon_10090"	"C57BL/6"	"http://www.ebi.ac.uk/efo/EFO_0004472"	"12 to 15 week"		"adult"	"http://www.ebi.ac.uk/efo/EFO_0001272"	"brain without olfactory bulb"		"Pdgfra-H2BGFP"		"Brain single cell 3065"	
"SRR5532495"	"Mus musculus"	"http://purl.obolibrary.org/obo/NCBITaxon_10090"	"C57BL/6"	"http://www.ebi.ac.uk/efo/EFO_0004472"	"12 to 15 week"		"adult"	"http://www.ebi.ac.uk/efo/EFO_0001272"	"brain without olfactory bulb"		"Pdgfra-H2BGFP"		"Brain single cell 3066"	
"SRR5532496"	"Mus musculus"	"http://purl.obolibrary.org/obo/NCBITaxon_10090"	"C57BL/6"	"http://www.ebi.ac.uk/efo/EFO_0004472"	"12 to 15 week"		"adult"	"http://www.ebi.ac.uk/efo/EFO_0001272"	"brain without olfactory bulb"		"Pdgfra-H2BGFP"		"Brain single cell 3067"	
"SRR5532497"	"Mus musculus"	"http://purl.obolibrary.org/obo/NCBITaxon_10090"	"C57BL/6"	"http://www.ebi.ac.uk/efo/EFO_0004472"	"12 to 15 week"		"adult"	"http://www.ebi.ac.uk/efo/EFO_0001272"	"brain without olfactory bulb"		"Pdgfra-H2BGFP"		"Brain single cell 3068"	
"SRR5532498"	"Mus musculus"	"http://purl.obolibrary.org/obo/NCBITaxon_10090"	"C57BL/6"	"http://www.ebi.ac.uk/efo/EFO_0004472"	"12 to 15 week"		"adult"	"http://www.ebi.ac.uk/efo/EFO_0001272"	"brain without olfactory bulb"		"Pdgfra-H2BGFP"		"Brain single cell 3069"	
"SRR5532499"	"Mus musculus"	"http://purl.obolibrary.org/obo/NCBITaxon_10090"	"C57BL/6"	"http://www.ebi.ac.uk/efo/EFO_0004472"	"12 to 15 week"		"adult"	"http://www.ebi.ac.uk/efo/EFO_0001272"	"brain without olfactory bulb"		"Pdgfra-H2BGFP"		"Brain single cell 3070"	
"SRR5532500"	"Mus musculus"	"http://purl.obolibrary.org/obo/NCBITaxon_10090"	"C57BL/6"	"http://www.ebi.ac.uk/efo/EFO_0004472"	"12 to 15 week"		"adult"	"http://www.ebi.ac.uk/efo/EFO_0001272"	"brain without olfactory bulb"		"Pdgfra-H2BGFP"		"Brain single cell 3071"	
"SRR5532501"	"Mus musculus"	"http://purl.obolibrary.org/obo/NCBITaxon_10090"	"C57BL/6"	"http://www.ebi.ac.uk/efo/EFO_0004472"	"12 to 15 week"		"adult"	"http://www.ebi.ac.uk/efo/EFO_0001272"	"brain without olfactory bulb"		"Pdgfra-H2BGFP"		"Brain single cell 3072"	
"SRR5532502"	"Mus musculus"	"http://purl.obolibrary.org/obo/NCBITaxon_10090"	"C57BL/6"	"http://www.ebi.ac.uk/efo/EFO_0004472"	"12 to 15 week"		"adult"	"http://www.ebi.ac.uk/efo/EFO_0001272"	"brain without olfactory bulb"		"Pdgfra-H2BGFP"		"Brain single cell 3073"	
"SRR5532503"	"Mus musculus"	"http://purl.obolibrary.org/obo/NCBITaxon_10090"	"C57BL/6"	"http://www.ebi.ac.uk/efo/EFO_0004472"	"12 to 15 week"		"adult"	"http://www.ebi.ac.uk/efo/EFO_0001272"	"brain without olfactory bulb"		"Pdgfra-H2BGFP"		"Brain single cell 3074"	
"SRR5532504"	"Mus musculus"	"http://purl.obolibrary.org/obo/NCBITaxon_10090"	"C57BL/6"	"http://www.ebi.ac.uk/efo/EFO_0004472"	"12 to 15 week"		"adult"	"http://www.ebi.ac.uk/efo/EFO_0001272"	"brain without olfactory bulb"		"Pdgfra-H2BGFP"		"Brain single cell 3075"	
"SRR5532505"	"Mus musculus"	"http://purl.obolibrary.org/obo/NCBITaxon_10090"	"C57BL/6"	"http://www.ebi.ac.uk/efo/EFO_0004472"	"12 to 15 week"		"adult"	"http://www.ebi.ac.uk/efo/EFO_0001272"	"brain without olfactory bulb"		"Pdgfra-H2BGFP"		"Brain single cell 3076"	
"SRR5532506"	"Mus musculus"	"http://purl.obolibrary.org/obo/NCBITaxon_10090"	"C57BL/6"	"http://www.ebi.ac.uk/efo/EFO_0004472"	"12 to 15 week"		"adult"	"http://www.ebi.ac.uk/efo/EFO_0001272"	"brain without olfactory bulb"		"Pdgfra-H2BGFP"		"Brain single cell 3077"	
"SRR5532507"	"Mus musculus"	"http://purl.obolibrary.org/obo/NCBITaxon_10090"	"C57BL/6"	"http://www.ebi.ac.uk/efo/EFO_0004472"	"12 to 15 week"		"adult"	"http://www.ebi.ac.uk/efo/EFO_0001272"	"brain without olfactory bulb"		"Pdgfra-H2BGFP"		"Brain single cell 3078"	
"SRR5532508"	"Mus musculus"	"http://purl.obolibrary.org/obo/NCBITaxon_10090"	"C57BL/6"	"http://www.ebi.ac.uk/efo/EFO_0004472"	"12 to 15 week"		"adult"	"http://www.ebi.ac.uk/efo/EFO_0001272"	"brain without olfactory bulb"		"Pdgfra-H2BGFP"		"Brain single cell 3079"	
"SRR5532509"	"Mus musculus"	"http://purl.obolibrary.org/obo/NCBITaxon_10090"	"C57BL/6"	"http://www.ebi.ac.uk/efo/EFO_0004472"	"12 to 15 week"		"adult"	"http://www.ebi.ac.uk/efo/EFO_0001272"	"brain without olfactory bulb"		"Pdgfra-H2BGFP"		"Brain single cell 3080"	
"SRR5532510"	"Mus musculus"	"http://purl.obolibrary.org/obo/NCBITaxon_10090"	"C57BL/6"	"http://www.ebi.ac.uk/efo/EFO_0004472"	"12 to 15 week"		"adult"	"http://www.ebi.ac.uk/efo/EFO_0001272"	"brain without olfactory bulb"		"Pdgfra-H2BGFP"		"Brain single cell 3081"	
"SRR5532511"	"Mus musculus"	"http://purl.obolibrary.org/obo/NCBITaxon_10090"	"C57BL/6"	"http://www.ebi.ac.uk/efo/EFO_0004472"	"12 to 15 week"		"adult"	"http://www.ebi.ac.uk/efo/EFO_0001272"	"brain without olfactory bulb"		"Pdgfra-H2BGFP"		"Brain single cell 3082"	
"SRR5532512"	"Mus musculus"	"http://purl.obolibrary.org/obo/NCBITaxon_10090"	"C57BL/6"	"http://www.ebi.ac.uk/efo/EFO_0004472"	"12 to 15 week"		"adult"	"http://www.ebi.ac.uk/efo/EFO_0001272"	"brain without olfactory bulb"		"Pdgfra-H2BGFP"		"Brain single cell 3083"	
"SRR5532513"	"Mus musculus"	"http://purl.obolibrary.org/obo/NCBITaxon_10090"	"C57BL/6"	"http://www.ebi.ac.uk/efo/EFO_0004472"	"12 to 15 week"		"adult"	"http://www.ebi.ac.uk/efo/EFO_0001272"	"brain without olfactory bulb"		"Pdgfra-H2BGFP"		"Brain single cell 3084"	
"SRR5532514"	"Mus musculus"	"http://purl.obolibrary.org/obo/NCBITaxon_10090"	"C57BL/6"	"http://www.ebi.ac.uk/efo/EFO_0004472"	"12 to 15 week"		"adult"	"http://www.ebi.ac.uk/efo/EFO_0001272"	"brain without olfactory bulb"		"Pdgfra-H2BGFP"		"Brain single cell 3085"	
"SRR5532515"	"Mus musculus"	"http://purl.obolibrary.org/obo/NCBITaxon_10090"	"C57BL/6"	"http://www.ebi.ac.uk/efo/EFO_0004472"	"12 to 15 week"		"adult"	"http://www.ebi.ac.uk/efo/EFO_0001272"	"brain without olfactory bulb"		"Pdgfra-H2BGFP"		"Brain single cell 3086"	
"SRR5532516"	"Mus musculus"	"http://purl.obolibrary.org/obo/NCBITaxon_10090"	"C57BL/6"	"http://www.ebi.ac.uk/efo/EFO_0004472"	"12 to 15 week"		"adult"	"http://www.ebi.ac.uk/efo/EFO_0001272"	"brain without olfactory bulb"		"Pdgfra-H2BGFP"		"Brain single cell 3087"	
"SRR5532517"	"Mus musculus"	"http://purl.obolibrary.org/obo/NCBITaxon_10090"	"C57BL/6"	"http://www.ebi.ac.uk/efo/EFO_0004472"	"12 to 15 week"		"adult"	"http://www.ebi.ac.uk/efo/EFO_0001272"	"brain without olfactory bulb"		"Pdgfra-H2BGFP"		"Brain single cell 3088"	
"SRR5532518"	"Mus musculus"	"http://purl.obolibrary.org/obo/NCBITaxon_10090"	"C57BL/6"	"http://www.ebi.ac.uk/efo/EFO_0004472"	"12 to 15 week"		"adult"	"http://www.ebi.ac.uk/efo/EFO_0001272"	"brain without olfactory bulb"		"Pdgfra-H2BGFP"		"Brain single cell 3089"	
"SRR5532519"	"Mus musculus"	"http://purl.obolibrary.org/obo/NCBITaxon_10090"	"C57BL/6"	"http://www.ebi.ac.uk/efo/EFO_0004472"	"12 to 15 week"		"adult"	"http://www.ebi.ac.uk/efo/EFO_0001272"	"brain without olfactory bulb"		"Pdgfra-H2BGFP"		"Brain single cell 3090"	
"SRR5532520"	"Mus musculus"	"http://purl.obolibrary.org/obo/NCBITaxon_10090"	"C57BL/6"	"http://www.ebi.ac.uk/efo/EFO_0004472"	"12 to 15 week"		"adult"	"http://www.ebi.ac.uk/efo/EFO_0001272"	"brain without olfactory bulb"		"Pdgfra-H2BGFP"		"Brain single cell 3091"	
"SRR5532521"	"Mus musculus"	"http://purl.obolibrary.org/obo/NCBITaxon_10090"	"C57BL/6"	"http://www.ebi.ac.uk/efo/EFO_0004472"	"12 to 15 week"		"adult"	"http://www.ebi.ac.uk/efo/EFO_0001272"	"brain without olfactory bulb"		"Pdgfra-H2BGFP"		"Brain single cell 3092"	
"SRR5532522"	"Mus musculus"	"http://purl.obolibrary.org/obo/NCBITaxon_10090"	"C57BL/6"	"http://www.ebi.ac.uk/efo/EFO_0004472"	"12 to 15 week"		"adult"	"http://www.ebi.ac.uk/efo/EFO_0001272"	"brain without olfactory bulb"		"Pdgfra-H2BGFP"		"Brain single cell 3093"	
"SRR5532523"	"Mus musculus"	"http://purl.obolibrary.org/obo/NCBITaxon_10090"	"C57BL/6"	"http://www.ebi.ac.uk/efo/EFO_0004472"	"12 to 15 week"		"adult"	"http://www.ebi.ac.uk/efo/EFO_0001272"	"brain without olfactory bulb"		"Pdgfra-H2BGFP"		"Brain single cell 3094"	
"SRR5532524"	"Mus musculus"	"http://purl.obolibrary.org/obo/NCBITaxon_10090"	"C57BL/6"	"http://www.ebi.ac.uk/efo/EFO_0004472"	"12 to 15 week"		"adult"	"http://www.ebi.ac.uk/efo/EFO_0001272"	"brain without olfactory bulb"		"Pdgfra-H2BGFP"		"Brain single cell 3095"	
"SRR5532525"	"Mus musculus"	"http://purl.obolibrary.org/obo/NCBITaxon_10090"	"C57BL/6"	"http://www.ebi.ac.uk/efo/EFO_0004472"	"12 to 15 week"		"adult"	"http://www.ebi.ac.uk/efo/EFO_0001272"	"brain without olfactory bulb"		"Pdgfra-H2BGFP"		"Brain single cell 3096"	
"SRR5532526"	"Mus musculus"	"http://purl.obolibrary.org/obo/NCBITaxon_10090"	"C57BL/6"	"http://www.ebi.ac.uk/efo/EFO_0004472"	"12 to 15 week"		"adult"	"http://www.ebi.ac.uk/efo/EFO_0001272"	"brain without olfactory bulb"		"Pdgfra-H2BGFP"		"Brain single cell 3097"	
"SRR5532527"	"Mus musculus"	"http://purl.obolibrary.org/obo/NCBITaxon_10090"	"C57BL/6"	"http://www.ebi.ac.uk/efo/EFO_0004472"	"12 to 15 week"		"adult"	"http://www.ebi.ac.uk/efo/EFO_0001272"	"brain without olfactory bulb"		"Pdgfra-H2BGFP"		"Brain single cell 3098"	
"SRR5532528"	"Mus musculus"	"http://purl.obolibrary.org/obo/NCBITaxon_10090"	"C57BL/6"	"http://www.ebi.ac.uk/efo/EFO_0004472"	"12 to 15 week"		"adult"	"http://www.ebi.ac.uk/efo/EFO_0001272"	"brain without olfactory bulb"		"Pdgfra-H2BGFP"		"Brain single cell 3099"	
"SRR5532529"	"Mus musculus"	"http://purl.obolibrary.org/obo/NCBITaxon_10090"	"C57BL/6"	"http://www.ebi.ac.uk/efo/EFO_0004472"	"12 to 15 week"		"adult"	"http://www.ebi.ac.uk/efo/EFO_0001272"	"brain without olfactory bulb"		"Pdgfra-H2BGFP"		"Brain single cell 3100"	
"SRR5532530"	"Mus musculus"	"http://purl.obolibrary.org/obo/NCBITaxon_10090"	"C57BL/6"	"http://www.ebi.ac.uk/efo/EFO_0004472"	"12 to 15 week"		"adult"	"http://www.ebi.ac.uk/efo/EFO_0001272"	"brain without olfactory bulb"		"Pdgfra-H2BGFP"		"Brain single cell 3101"	
"SRR5532531"	"Mus musculus"	"http://purl.obolibrary.org/obo/NCBITaxon_10090"	"C57BL/6"	"http://www.ebi.ac.uk/efo/EFO_0004472"	"12 to 15 week"		"adult"	"http://www.ebi.ac.uk/efo/EFO_0001272"	"brain without olfactory bulb"		"Pdgfra-H2BGFP"		"Brain single cell 3102"	
"SRR5532532"	"Mus musculus"	"http://purl.obolibrary.org/obo/NCBITaxon_10090"	"C57BL/6"	"http://www.ebi.ac.uk/efo/EFO_0004472"	"12 to 15 week"		"adult"	"http://www.ebi.ac.uk/efo/EFO_0001272"	"brain without olfactory bulb"		"Pdgfra-H2BGFP"		"Brain single cell 3103"	
"SRR5532533"	"Mus musculus"	"http://purl.obolibrary.org/obo/NCBITaxon_10090"	"C57BL/6"	"http://www.ebi.ac.uk/efo/EFO_0004472"	"12 to 15 week"		"adult"	"http://www.ebi.ac.uk/efo/EFO_0001272"	"brain without olfactory bulb"		"Pdgfra-H2BGFP"		"Brain single cell 3104"	
"SRR5532534"	"Mus musculus"	"http://purl.obolibrary.org/obo/NCBITaxon_10090"	"C57BL/6"	"http://www.ebi.ac.uk/efo/EFO_0004472"	"12 to 15 week"		"adult"	"http://www.ebi.ac.uk/efo/EFO_0001272"	"brain without olfactory bulb"		"Pdgfra-H2BGFP"		"Brain single cell 3105"	
"SRR5532535"	"Mus musculus"	"http://purl.obolibrary.org/obo/NCBITaxon_10090"	"C57BL/6"	"http://www.ebi.ac.uk/efo/EFO_0004472"	"12 to 15 week"		"adult"	"http://www.ebi.ac.uk/efo/EFO_0001272"	"brain without olfactory bulb"		"Pdgfra-H2BGFP"		"Brain single cell 3106"	
"SRR5532536"	"Mus musculus"	"http://purl.obolibrary.org/obo/NCBITaxon_10090"	"C57BL/6"	"http://www.ebi.ac.uk/efo/EFO_0004472"	"12 to 15 week"		"adult"	"http://www.ebi.ac.uk/efo/EFO_0001272"	"brain without olfactory bulb"		"Pdgfra-H2BGFP"		"Brain single cell 3107"	
"SRR5532537"	"Mus musculus"	"http://purl.obolibrary.org/obo/NCBITaxon_10090"	"C57BL/6"	"http://www.ebi.ac.uk/efo/EFO_0004472"	"12 to 15 week"		"adult"	"http://www.ebi.ac.uk/efo/EFO_0001272"	"brain without olfactory bulb"		"Pdgfra-H2BGFP"		"Brain single cell 3108"	
"SRR5532538"	"Mus musculus"	"http://purl.obolibrary.org/obo/NCBITaxon_10090"	"C57BL/6"	"http://www.ebi.ac.uk/efo/EFO_0004472"	"12 to 15 week"		"adult"	"http://www.ebi.ac.uk/efo/EFO_0001272"	"brain without olfactory bulb"		"Pdgfra-H2BGFP"		"Brain single cell 3109"	
"SRR5532539"	"Mus musculus"	"http://purl.obolibrary.org/obo/NCBITaxon_10090"	"C57BL/6"	"http://www.ebi.ac.uk/efo/EFO_0004472"	"12 to 15 week"		"adult"	"http://www.ebi.ac.uk/efo/EFO_0001272"	"brain without olfactory bulb"		"Pdgfra-H2BGFP"		"Brain single cell 3110"	
"SRR5532540"	"Mus musculus"	"http://purl.obolibrary.org/obo/NCBITaxon_10090"	"C57BL/6"	"http://www.ebi.ac.uk/efo/EFO_0004472"	"12 to 15 week"		"adult"	"http://www.ebi.ac.uk/efo/EFO_0001272"	"brain without olfactory bulb"		"Pdgfra-H2BGFP"		"Brain single cell 3111"	
"SRR5532541"	"Mus musculus"	"http://purl.obolibrary.org/obo/NCBITaxon_10090"	"C57BL/6"	"http://www.ebi.ac.uk/efo/EFO_0004472"	"12 to 15 week"		"adult"	"http://www.ebi.ac.uk/efo/EFO_0001272"	"brain without olfactory bulb"		"Pdgfra-H2BGFP"		"Brain single cell 3112"	
"SRR5532542"	"Mus musculus"	"http://purl.obolibrary.org/obo/NCBITaxon_10090"	"C57BL/6"	"http://www.ebi.ac.uk/efo/EFO_0004472"	"12 to 15 week"		"adult"	"http://www.ebi.ac.uk/efo/EFO_0001272"	"brain without olfactory bulb"		"Pdgfra-H2BGFP"		"Brain single cell 3113"	
"SRR5532543"	"Mus musculus"	"http://purl.obolibrary.org/obo/NCBITaxon_10090"	"C57BL/6"	"http://www.ebi.ac.uk/efo/EFO_0004472"	"12 to 15 week"		"adult"	"http://www.ebi.ac.uk/efo/EFO_0001272"	"brain without olfactory bulb"		"Pdgfra-H2BGFP"		"Brain single cell 3114"	
"SRR5532544"	"Mus musculus"	"http://purl.obolibrary.org/obo/NCBITaxon_10090"	"C57BL/6"	"http://www.ebi.ac.uk/efo/EFO_0004472"	"12 to 15 week"		"adult"	"http://www.ebi.ac.uk/efo/EFO_0001272"	"brain without olfactory bulb"		"Pdgfra-H2BGFP"		"Brain single cell 3115"	
"SRR5532545"	"Mus musculus"	"http://purl.obolibrary.org/obo/NCBITaxon_10090"	"C57BL/6"	"http://www.ebi.ac.uk/efo/EFO_0004472"	"12 to 15 week"		"adult"	"http://www.ebi.ac.uk/efo/EFO_0001272"	"brain without olfactory bulb"		"Pdgfra-H2BGFP"		"Brain single cell 3116"	
"SRR5532546"	"Mus musculus"	"http://purl.obolibrary.org/obo/NCBITaxon_10090"	"C57BL/6"	"http://www.ebi.ac.uk/efo/EFO_0004472"	"12 to 15 week"		"adult"	"http://www.ebi.ac.uk/efo/EFO_0001272"	"brain without olfactory bulb"		"Pdgfra-H2BGFP"		"Brain single cell 3117"	
"SRR5532547"	"Mus musculus"	"http://purl.obolibrary.org/obo/NCBITaxon_10090"	"C57BL/6"	"http://www.ebi.ac.uk/efo/EFO_0004472"	"12 to 15 week"		"adult"	"http://www.ebi.ac.uk/efo/EFO_0001272"	"brain without olfactory bulb"		"Pdgfra-H2BGFP"		"Brain single cell 3118"	
"SRR5532548"	"Mus musculus"	"http://purl.obolibrary.org/obo/NCBITaxon_10090"	"C57BL/6"	"http://www.ebi.ac.uk/efo/EFO_0004472"	"12 to 15 week"		"adult"	"http://www.ebi.ac.uk/efo/EFO_0001272"	"brain without olfactory bulb"		"Pdgfra-H2BGFP"		"Brain single cell 3119"	
"SRR5532549"	"Mus musculus"	"http://purl.obolibrary.org/obo/NCBITaxon_10090"	"C57BL/6"	"http://www.ebi.ac.uk/efo/EFO_0004472"	"12 to 15 week"		"adult"	"http://www.ebi.ac.uk/efo/EFO_0001272"	"brain without olfactory bulb"		"Pdgfra-H2BGFP"		"Brain single cell 3120"	
"SRR5532550"	"Mus musculus"	"http://purl.obolibrary.org/obo/NCBITaxon_10090"	"C57BL/6"	"http://www.ebi.ac.uk/efo/EFO_0004472"	"12 to 15 week"		"adult"	"http://www.ebi.ac.uk/efo/EFO_0001272"	"brain without olfactory bulb"		"Pdgfra-H2BGFP"		"Brain single cell 3121"	
"SRR5532551"	"Mus musculus"	"http://purl.obolibrary.org/obo/NCBITaxon_10090"	"C57BL/6"	"http://www.ebi.ac.uk/efo/EFO_0004472"	"12 to 15 week"		"adult"	"http://www.ebi.ac.uk/efo/EFO_0001272"	"brain without olfactory bulb"		"Pdgfra-H2BGFP"		"Brain single cell 3122"	
"SRR5532552"	"Mus musculus"	"http://purl.obolibrary.org/obo/NCBITaxon_10090"	"C57BL/6"	"http://www.ebi.ac.uk/efo/EFO_0004472"	"12 to 15 week"		"adult"	"http://www.ebi.ac.uk/efo/EFO_0001272"	"brain without olfactory bulb"		"Pdgfra-H2BGFP"		"Brain single cell 3123"	
"SRR5532553"	"Mus musculus"	"http://purl.obolibrary.org/obo/NCBITaxon_10090"	"C57BL/6"	"http://www.ebi.ac.uk/efo/EFO_0004472"	"12 to 15 week"		"adult"	"http://www.ebi.ac.uk/efo/EFO_0001272"	"brain without olfactory bulb"		"Pdgfra-H2BGFP"		"Brain single cell 3124"	
"SRR5532554"	"Mus musculus"	"http://purl.obolibrary.org/obo/NCBITaxon_10090"	"C57BL/6"	"http://www.ebi.ac.uk/efo/EFO_0004472"	"12 to 15 week"		"adult"	"http://www.ebi.ac.uk/efo/EFO_0001272"	"brain without olfactory bulb"		"Pdgfra-H2BGFP"		"Brain single cell 3125"	
"SRR5532555"	"Mus musculus"	"http://purl.obolibrary.org/obo/NCBITaxon_10090"	"C57BL/6"	"http://www.ebi.ac.uk/efo/EFO_0004472"	"12 to 15 week"		"adult"	"http://www.ebi.ac.uk/efo/EFO_0001272"	"brain without olfactory bulb"		"Pdgfra-H2BGFP"		"Brain single cell 3126"	
"SRR5532556"	"Mus musculus"	"http://purl.obolibrary.org/obo/NCBITaxon_10090"	"C57BL/6"	"http://www.ebi.ac.uk/efo/EFO_0004472"	"12 to 15 week"		"adult"	"http://www.ebi.ac.uk/efo/EFO_0001272"	"brain without olfactory bulb"		"Pdgfra-H2BGFP"		"Brain single cell 3127"	
"SRR5532557"	"Mus musculus"	"http://purl.obolibrary.org/obo/NCBITaxon_10090"	"C57BL/6"	"http://www.ebi.ac.uk/efo/EFO_0004472"	"12 to 15 week"		"adult"	"http://www.ebi.ac.uk/efo/EFO_0001272"	"brain without olfactory bulb"		"Pdgfra-H2BGFP"		"Brain single cell 3128"	
"SRR5532558"	"Mus musculus"	"http://purl.obolibrary.org/obo/NCBITaxon_10090"	"C57BL/6"	"http://www.ebi.ac.uk/efo/EFO_0004472"	"12 to 15 week"		"adult"	"http://www.ebi.ac.uk/efo/EFO_0001272"	"brain without olfactory bulb"		"Pdgfra-H2BGFP"		"Brain single cell 3129"	
"SRR5532559"	"Mus musculus"	"http://purl.obolibrary.org/obo/NCBITaxon_10090"	"C57BL/6"	"http://www.ebi.ac.uk/efo/EFO_0004472"	"12 to 15 week"		"adult"	"http://www.ebi.ac.uk/efo/EFO_0001272"	"brain without olfactory bulb"		"Pdgfra-H2BGFP"		"Brain single cell 3130"	
"SRR5532560"	"Mus musculus"	"http://purl.obolibrary.org/obo/NCBITaxon_10090"	"C57BL/6"	"http://www.ebi.ac.uk/efo/EFO_0004472"	"12 to 15 week"		"adult"	"http://www.ebi.ac.uk/efo/EFO_0001272"	"brain without olfactory bulb"		"Pdgfra-H2BGFP"		"Brain single cell 3131"	
"SRR5532561"	"Mus musculus"	"http://purl.obolibrary.org/obo/NCBITaxon_10090"	"C57BL/6"	"http://www.ebi.ac.uk/efo/EFO_0004472"	"12 to 15 week"		"adult"	"http://www.ebi.ac.uk/efo/EFO_0001272"	"brain without olfactory bulb"		"Pdgfra-H2BGFP"		"Brain single cell 3132"	
"SRR5532562"	"Mus musculus"	"http://purl.obolibrary.org/obo/NCBITaxon_10090"	"C57BL/6"	"http://www.ebi.ac.uk/efo/EFO_0004472"	"12 to 15 week"		"adult"	"http://www.ebi.ac.uk/efo/EFO_0001272"	"brain without olfactory bulb"		"Pdgfra-H2BGFP"		"Brain single cell 3133"	
"SRR5532563"	"Mus musculus"	"http://purl.obolibrary.org/obo/NCBITaxon_10090"	"C57BL/6"	"http://www.ebi.ac.uk/efo/EFO_0004472"	"12 to 15 week"		"adult"	"http://www.ebi.ac.uk/efo/EFO_0001272"	"brain without olfactory bulb"		"Pdgfra-H2BGFP"		"Brain single cell 3134"	
"SRR5532564"	"Mus musculus"	"http://purl.obolibrary.org/obo/NCBITaxon_10090"	"C57BL/6"	"http://www.ebi.ac.uk/efo/EFO_0004472"	"12 to 15 week"		"adult"	"http://www.ebi.ac.uk/efo/EFO_0001272"	"brain without olfactory bulb"		"Pdgfra-H2BGFP"		"Brain single cell 3135"	
"SRR5532565"	"Mus musculus"	"http://purl.obolibrary.org/obo/NCBITaxon_10090"	"C57BL/6"	"http://www.ebi.ac.uk/efo/EFO_0004472"	"12 to 15 week"		"adult"	"http://www.ebi.ac.uk/efo/EFO_0001272"	"brain without olfactory bulb"		"Pdgfra-H2BGFP"		"Brain single cell 3136"	
"SRR5532566"	"Mus musculus"	"http://purl.obolibrary.org/obo/NCBITaxon_10090"	"C57BL/6"	"http://www.ebi.ac.uk/efo/EFO_0004472"	"12 to 15 week"		"adult"	"http://www.ebi.ac.uk/efo/EFO_0001272"	"brain without olfactory bulb"		"Pdgfra-H2BGFP"		"Brain single cell 3137"	
"SRR5532567"	"Mus musculus"	"http://purl.obolibrary.org/obo/NCBITaxon_10090"	"C57BL/6"	"http://www.ebi.ac.uk/efo/EFO_0004472"	"12 to 15 week"		"adult"	"http://www.ebi.ac.uk/efo/EFO_0001272"	"brain without olfactory bulb"		"Pdgfra-H2BGFP"		"Brain single cell 3138"	
"SRR5532568"	"Mus musculus"	"http://purl.obolibrary.org/obo/NCBITaxon_10090"	"C57BL/6"	"http://www.ebi.ac.uk/efo/EFO_0004472"	"12 to 15 week"		"adult"	"http://www.ebi.ac.uk/efo/EFO_0001272"	"brain without olfactory bulb"		"Pdgfra-H2BGFP"		"Brain single cell 3139"	
"SRR5532569"	"Mus musculus"	"http://purl.obolibrary.org/obo/NCBITaxon_10090"	"C57BL/6"	"http://www.ebi.ac.uk/efo/EFO_0004472"	"12 to 15 week"		"adult"	"http://www.ebi.ac.uk/efo/EFO_0001272"	"brain without olfactory bulb"		"Pdgfra-H2BGFP"		"Brain single cell 3140"	
"SRR5532570"	"Mus musculus"	"http://purl.obolibrary.org/obo/NCBITaxon_10090"	"C57BL/6"	"http://www.ebi.ac.uk/efo/EFO_0004472"	"12 to 15 week"		"adult"	"http://www.ebi.ac.uk/efo/EFO_0001272"	"brain without olfactory bulb"		"Pdgfra-H2BGFP"		"Brain single cell 3141"	
"SRR5532571"	"Mus musculus"	"http://purl.obolibrary.org/obo/NCBITaxon_10090"	"C57BL/6"	"http://www.ebi.ac.uk/efo/EFO_0004472"	"12 to 15 week"		"adult"	"http://www.ebi.ac.uk/efo/EFO_0001272"	"brain without olfactory bulb"		"Pdgfra-H2BGFP"		"Brain single cell 3142"	
"SRR5532572"	"Mus musculus"	"http://purl.obolibrary.org/obo/NCBITaxon_10090"	"C57BL/6"	"http://www.ebi.ac.uk/efo/EFO_0004472"	"12 to 15 week"		"adult"	"http://www.ebi.ac.uk/efo/EFO_0001272"	"brain without olfactory bulb"		"Pdgfra-H2BGFP"		"Brain single cell 3143"	
"SRR5532573"	"Mus musculus"	"http://purl.obolibrary.org/obo/NCBITaxon_10090"	"C57BL/6"	"http://www.ebi.ac.uk/efo/EFO_0004472"	"12 to 15 week"		"adult"	"http://www.ebi.ac.uk/efo/EFO_0001272"	"brain without olfactory bulb"		"Pdgfra-H2BGFP"		"Brain single cell 3144"	
"SRR5532574"	"Mus musculus"	"http://purl.obolibrary.org/obo/NCBITaxon_10090"	"C57BL/6"	"http://www.ebi.ac.uk/efo/EFO_0004472"	"12 to 15 week"		"adult"	"http://www.ebi.ac.uk/efo/EFO_0001272"	"brain without olfactory bulb"		"Pdgfra-H2BGFP"		"Brain single cell 3145"	
"SRR5532575"	"Mus musculus"	"http://purl.obolibrary.org/obo/NCBITaxon_10090"	"C57BL/6"	"http://www.ebi.ac.uk/efo/EFO_0004472"	"12 to 15 week"		"adult"	"http://www.ebi.ac.uk/efo/EFO_0001272"	"brain without olfactory bulb"		"Pdgfra-H2BGFP"		"Brain single cell 3146"	
"SRR5532576"	"Mus musculus"	"http://purl.obolibrary.org/obo/NCBITaxon_10090"	"C57BL/6"	"http://www.ebi.ac.uk/efo/EFO_0004472"	"12 to 15 week"		"adult"	"http://www.ebi.ac.uk/efo/EFO_0001272"	"brain without olfactory bulb"		"Pdgfra-H2BGFP"		"Brain single cell 3147"	
"SRR5532577"	"Mus musculus"	"http://purl.obolibrary.org/obo/NCBITaxon_10090"	"C57BL/6"	"http://www.ebi.ac.uk/efo/EFO_0004472"	"12 to 15 week"		"adult"	"http://www.ebi.ac.uk/efo/EFO_0001272"	"brain without olfactory bulb"		"Pdgfra-H2BGFP"		"Brain single cell 3148"	
"SRR5532578"	"Mus musculus"	"http://purl.obolibrary.org/obo/NCBITaxon_10090"	"C57BL/6"	"http://www.ebi.ac.uk/efo/EFO_0004472"	"12 to 15 week"		"adult"	"http://www.ebi.ac.uk/efo/EFO_0001272"	"brain without olfactory bulb"		"Pdgfra-H2BGFP"		"Brain single cell 3149"	
"SRR5532579"	"Mus musculus"	"http://purl.obolibrary.org/obo/NCBITaxon_10090"	"C57BL/6"	"http://www.ebi.ac.uk/efo/EFO_0004472"	"12 to 15 week"		"adult"	"http://www.ebi.ac.uk/efo/EFO_0001272"	"brain without olfactory bulb"		"Pdgfra-H2BGFP"		"Brain single cell 3150"	
"SRR5532580"	"Mus musculus"	"http://purl.obolibrary.org/obo/NCBITaxon_10090"	"C57BL/6"	"http://www.ebi.ac.uk/efo/EFO_0004472"	"12 to 15 week"		"adult"	"http://www.ebi.ac.uk/efo/EFO_0001272"	"brain without olfactory bulb"		"Pdgfra-H2BGFP"		"Brain single cell 3151"	
"SRR5532581"	"Mus musculus"	"http://purl.obolibrary.org/obo/NCBITaxon_10090"	"C57BL/6"	"http://www.ebi.ac.uk/efo/EFO_0004472"	"12 to 15 week"		"adult"	"http://www.ebi.ac.uk/efo/EFO_0001272"	"brain without olfactory bulb"		"Pdgfra-H2BGFP"		"Brain single cell 3152"	
"SRR5532582"	"Mus musculus"	"http://purl.obolibrary.org/obo/NCBITaxon_10090"	"C57BL/6"	"http://www.ebi.ac.uk/efo/EFO_0004472"	"12 to 15 week"		"adult"	"http://www.ebi.ac.uk/efo/EFO_0001272"	"brain without olfactory bulb"		"Pdgfra-H2BGFP"		"Brain single cell 3153"	
"SRR5532583"	"Mus musculus"	"http://purl.obolibrary.org/obo/NCBITaxon_10090"	"C57BL/6"	"http://www.ebi.ac.uk/efo/EFO_0004472"	"12 to 15 week"		"adult"	"http://www.ebi.ac.uk/efo/EFO_0001272"	"brain without olfactory bulb"		"Pdgfra-H2BGFP"		"Brain single cell 3154"	
"SRR5532584"	"Mus musculus"	"http://purl.obolibrary.org/obo/NCBITaxon_10090"	"C57BL/6"	"http://www.ebi.ac.uk/efo/EFO_0004472"	"12 to 15 week"		"adult"	"http://www.ebi.ac.uk/efo/EFO_0001272"	"brain without olfactory bulb"		"Pdgfra-H2BGFP"		"Brain single cell 3155"	
"SRR5532585"	"Mus musculus"	"http://purl.obolibrary.org/obo/NCBITaxon_10090"	"C57BL/6"	"http://www.ebi.ac.uk/efo/EFO_0004472"	"12 to 15 week"		"adult"	"http://www.ebi.ac.uk/efo/EFO_0001272"	"brain without olfactory bulb"		"Pdgfra-H2BGFP"		"Brain single cell 3156"	
"SRR5532586"	"Mus musculus"	"http://purl.obolibrary.org/obo/NCBITaxon_10090"	"C57BL/6"	"http://www.ebi.ac.uk/efo/EFO_0004472"	"12 to 15 week"		"adult"	"http://www.ebi.ac.uk/efo/EFO_0001272"	"brain without olfactory bulb"		"Pdgfra-H2BGFP"		"Brain single cell 3157"	
"SRR5532587"	"Mus musculus"	"http://purl.obolibrary.org/obo/NCBITaxon_10090"	"C57BL/6"	"http://www.ebi.ac.uk/efo/EFO_0004472"	"12 to 15 week"		"adult"	"http://www.ebi.ac.uk/efo/EFO_0001272"	"brain without olfactory bulb"		"Pdgfra-H2BGFP"		"Brain single cell 3158"	
"SRR5532588"	"Mus musculus"	"http://purl.obolibrary.org/obo/NCBITaxon_10090"	"C57BL/6"	"http://www.ebi.ac.uk/efo/EFO_0004472"	"12 to 15 week"		"adult"	"http://www.ebi.ac.uk/efo/EFO_0001272"	"brain without olfactory bulb"		"Pdgfra-H2BGFP"		"Brain single cell 3159"	
"SRR5532589"	"Mus musculus"	"http://purl.obolibrary.org/obo/NCBITaxon_10090"	"C57BL/6"	"http://www.ebi.ac.uk/efo/EFO_0004472"	"12 to 15 week"		"adult"	"http://www.ebi.ac.uk/efo/EFO_0001272"	"brain without olfactory bulb"		"Pdgfra-H2BGFP"		"Brain single cell 3160"	
"SRR5532590"	"Mus musculus"	"http://purl.obolibrary.org/obo/NCBITaxon_10090"	"C57BL/6"	"http://www.ebi.ac.uk/efo/EFO_0004472"	"12 to 15 week"		"adult"	"http://www.ebi.ac.uk/efo/EFO_0001272"	"brain without olfactory bulb"		"Pdgfra-H2BGFP"		"Brain single cell 3161"	
"SRR5532591"	"Mus musculus"	"http://purl.obolibrary.org/obo/NCBITaxon_10090"	"C57BL/6"	"http://www.ebi.ac.uk/efo/EFO_0004472"	"12 to 15 week"		"adult"	"http://www.ebi.ac.uk/efo/EFO_0001272"	"brain without olfactory bulb"		"Pdgfra-H2BGFP"		"Brain single cell 3162"	
"SRR5532592"	"Mus musculus"	"http://purl.obolibrary.org/obo/NCBITaxon_10090"	"C57BL/6"	"http://www.ebi.ac.uk/efo/EFO_0004472"	"12 to 15 week"		"adult"	"http://www.ebi.ac.uk/efo/EFO_0001272"	"brain without olfactory bulb"		"Pdgfra-H2BGFP"		"Brain single cell 3163"	
"SRR5532593"	"Mus musculus"	"http://purl.obolibrary.org/obo/NCBITaxon_10090"	"C57BL/6"	"http://www.ebi.ac.uk/efo/EFO_0004472"	"12 to 15 week"		"adult"	"http://www.ebi.ac.uk/efo/EFO_0001272"	"brain without olfactory bulb"		"Pdgfra-H2BGFP"		"Brain single cell 3164"	
"SRR5532594"	"Mus musculus"	"http://purl.obolibrary.org/obo/NCBITaxon_10090"	"C57BL/6"	"http://www.ebi.ac.uk/efo/EFO_0004472"	"12 to 15 week"		"adult"	"http://www.ebi.ac.uk/efo/EFO_0001272"	"brain without olfactory bulb"		"Pdgfra-H2BGFP"		"Brain single cell 3165"	
"SRR5532595"	"Mus musculus"	"http://purl.obolibrary.org/obo/NCBITaxon_10090"	"C57BL/6"	"http://www.ebi.ac.uk/efo/EFO_0004472"	"12 to 15 week"		"adult"	"http://www.ebi.ac.uk/efo/EFO_0001272"	"brain without olfactory bulb"		"Pdgfra-H2BGFP"		"Brain single cell 3166"	
"SRR5532596"	"Mus musculus"	"http://purl.obolibrary.org/obo/NCBITaxon_10090"	"C57BL/6"	"http://www.ebi.ac.uk/efo/EFO_0004472"	"12 to 15 week"		"adult"	"http://www.ebi.ac.uk/efo/EFO_0001272"	"brain without olfactory bulb"		"Pdgfra-H2BGFP"		"Brain single cell 3167"	
"SRR5532597"	"Mus musculus"	"http://purl.obolibrary.org/obo/NCBITaxon_10090"	"C57BL/6"	"http://www.ebi.ac.uk/efo/EFO_0004472"	"12 to 15 week"		"adult"	"http://www.ebi.ac.uk/efo/EFO_0001272"	"brain without olfactory bulb"		"Pdgfra-H2BGFP"		"Brain single cell 3168"	
"SRR5532598"	"Mus musculus"	"http://purl.obolibrary.org/obo/NCBITaxon_10090"	"C57BL/6"	"http://www.ebi.ac.uk/efo/EFO_0004472"	"12 to 15 week"		"adult"	"http://www.ebi.ac.uk/efo/EFO_0001272"	"brain without olfactory bulb"		"Pdgfra-H2BGFP"		"Brain single cell 3169"	
"SRR5532599"	"Mus musculus"	"http://purl.obolibrary.org/obo/NCBITaxon_10090"	"C57BL/6"	"http://www.ebi.ac.uk/efo/EFO_0004472"	"12 to 15 week"		"adult"	"http://www.ebi.ac.uk/efo/EFO_0001272"	"brain without olfactory bulb"		"Pdgfra-H2BGFP"		"Brain single cell 3170"	
"SRR5532600"	"Mus musculus"	"http://purl.obolibrary.org/obo/NCBITaxon_10090"	"C57BL/6"	"http://www.ebi.ac.uk/efo/EFO_0004472"	"12 to 15 week"		"adult"	"http://www.ebi.ac.uk/efo/EFO_0001272"	"brain without olfactory bulb"		"Pdgfra-H2BGFP"		"Brain single cell 3171"	
"SRR5532601"	"Mus musculus"	"http://purl.obolibrary.org/obo/NCBITaxon_10090"	"C57BL/6"	"http://www.ebi.ac.uk/efo/EFO_0004472"	"12 to 15 week"		"adult"	"http://www.ebi.ac.uk/efo/EFO_0001272"	"brain without olfactory bulb"		"Pdgfra-H2BGFP"		"Brain single cell 3172"	
"SRR5532602"	"Mus musculus"	"http://purl.obolibrary.org/obo/NCBITaxon_10090"	"C57BL/6"	"http://www.ebi.ac.uk/efo/EFO_0004472"	"12 to 15 week"		"adult"	"http://www.ebi.ac.uk/efo/EFO_0001272"	"brain without olfactory bulb"		"Pdgfra-H2BGFP"		"Brain single cell 3173"	
"SRR5532603"	"Mus musculus"	"http://purl.obolibrary.org/obo/NCBITaxon_10090"	"C57BL/6"	"http://www.ebi.ac.uk/efo/EFO_0004472"	"12 to 15 week"		"adult"	"http://www.ebi.ac.uk/efo/EFO_0001272"	"brain without olfactory bulb"		"Pdgfra-H2BGFP"		"Brain single cell 3174"	
"SRR5532604"	"Mus musculus"	"http://purl.obolibrary.org/obo/NCBITaxon_10090"	"C57BL/6"	"http://www.ebi.ac.uk/efo/EFO_0004472"	"12 to 15 week"		"adult"	"http://www.ebi.ac.uk/efo/EFO_0001272"	"brain without olfactory bulb"		"Pdgfra-H2BGFP"		"Brain single cell 3175"	
"SRR5532605"	"Mus musculus"	"http://purl.obolibrary.org/obo/NCBITaxon_10090"	"C57BL/6"	"http://www.ebi.ac.uk/efo/EFO_0004472"	"12 to 15 week"		"adult"	"http://www.ebi.ac.uk/efo/EFO_0001272"	"brain without olfactory bulb"		"Pdgfra-H2BGFP"		"Brain single cell 3176"	
"SRR5532606"	"Mus musculus"	"http://purl.obolibrary.org/obo/NCBITaxon_10090"	"C57BL/6"	"http://www.ebi.ac.uk/efo/EFO_0004472"	"12 to 15 week"		"adult"	"http://www.ebi.ac.uk/efo/EFO_0001272"	"brain without olfactory bulb"		"Pdgfra-H2BGFP"		"Brain single cell 3177"	
"SRR5532607"	"Mus musculus"	"http://purl.obolibrary.org/obo/NCBITaxon_10090"	"C57BL/6"	"http://www.ebi.ac.uk/efo/EFO_0004472"	"12 to 15 week"		"adult"	"http://www.ebi.ac.uk/efo/EFO_0001272"	"brain without olfactory bulb"		"Pdgfra-H2BGFP"		"Brain single cell 3178"	
"SRR5532608"	"Mus musculus"	"http://purl.obolibrary.org/obo/NCBITaxon_10090"	"C57BL/6"	"http://www.ebi.ac.uk/efo/EFO_0004472"	"12 to 15 week"		"adult"	"http://www.ebi.ac.uk/efo/EFO_0001272"	"brain without olfactory bulb"		"Pdgfra-H2BGFP"		"Brain single cell 3179"	
"SRR5532609"	"Mus musculus"	"http://purl.obolibrary.org/obo/NCBITaxon_10090"	"C57BL/6"	"http://www.ebi.ac.uk/efo/EFO_0004472"	"12 to 15 week"		"adult"	"http://www.ebi.ac.uk/efo/EFO_0001272"	"brain without olfactory bulb"		"Pdgfra-H2BGFP"		"Brain single cell 3180"	
"SRR5532610"	"Mus musculus"	"http://purl.obolibrary.org/obo/NCBITaxon_10090"	"C57BL/6"	"http://www.ebi.ac.uk/efo/EFO_0004472"	"12 to 15 week"		"adult"	"http://www.ebi.ac.uk/efo/EFO_0001272"	"brain without olfactory bulb"		"Pdgfra-H2BGFP"		"Brain single cell 3181"	
"SRR5532611"	"Mus musculus"	"http://purl.obolibrary.org/obo/NCBITaxon_10090"	"C57BL/6"	"http://www.ebi.ac.uk/efo/EFO_0004472"	"12 to 15 week"		"adult"	"http://www.ebi.ac.uk/efo/EFO_0001272"	"brain without olfactory bulb"		"Pdgfra-H2BGFP"		"Brain single cell 3182"	
"SRR5532612"	"Mus musculus"	"http://purl.obolibrary.org/obo/NCBITaxon_10090"	"C57BL/6"	"http://www.ebi.ac.uk/efo/EFO_0004472"	"12 to 15 week"		"adult"	"http://www.ebi.ac.uk/efo/EFO_0001272"	"brain without olfactory bulb"		"Pdgfra-H2BGFP"		"Brain single cell 3183"	
"SRR5532613"	"Mus musculus"	"http://purl.obolibrary.org/obo/NCBITaxon_10090"	"C57BL/6"	"http://www.ebi.ac.uk/efo/EFO_0004472"	"12 to 15 week"		"adult"	"http://www.ebi.ac.uk/efo/EFO_0001272"	"brain without olfactory bulb"		"Pdgfra-H2BGFP"		"Brain single cell 3184"	
"SRR5532614"	"Mus musculus"	"http://purl.obolibrary.org/obo/NCBITaxon_10090"	"C57BL/6"	"http://www.ebi.ac.uk/efo/EFO_0004472"	"12 to 15 week"		"adult"	"http://www.ebi.ac.uk/efo/EFO_0001272"	"brain without olfactory bulb"		"Pdgfra-H2BGFP"		"Brain single cell 3185"	
"SRR5532615"	"Mus musculus"	"http://purl.obolibrary.org/obo/NCBITaxon_10090"	"C57BL/6"	"http://www.ebi.ac.uk/efo/EFO_0004472"	"12 to 15 week"		"adult"	"http://www.ebi.ac.uk/efo/EFO_0001272"	"brain without olfactory bulb"		"Pdgfra-H2BGFP"		"Brain single cell 3186"	
